{
"type": "FeatureCollection",
"name": "bus_occupancy_remainder_20260915_1825",
"crs": { "type": "name", "properties": { "name": "urn:ogc:def:crs:OGC:1.3:CRS84" } },
"features": [
{ "type": "Feature", "properties": { "vehicle_id": "A2316", "latitude": 42.651962280273438, "longitude": 23.348453521728516, "raw_occupancy": 2, "timestamp": "2026-09-15 18:05:30" }, "geometry": { "type": "Point", "coordinates": [ 23.348453521728516, 42.651962280273438 ] } },
{ "type": "Feature", "properties": { "vehicle_id": "A1409", "latitude": 42.691753387451172, "longitude": 23.30958366394043, "raw_occupancy": 1, "timestamp": "2026-09-15 18:05:30" }, "geometry": { "type": "Point", "coordinates": [ 23.30958366394043, 42.691753387451172 ] } },
{ "type": "Feature", "properties": { "vehicle_id": "A2831", "latitude": 42.661407470703125, "longitude": 23.243806838989258, "raw_occupancy": 2, "timestamp": "2026-09-15 18:05:30" }, "geometry": { "type": "Point", "coordinates": [ 23.243806838989258, 42.661407470703125 ] } },
{ "type": "Feature", "properties": { "vehicle_id": "A3115", "latitude": 42.704448699951172, "longitude": 23.330461502075195, "raw_occupancy": 1, "timestamp": "2026-09-15 18:05:30" }, "geometry": { "type": "Point", "coordinates": [ 23.330461502075195, 42.704448699951172 ] } },
{ "type": "Feature", "properties": { "vehicle_id": "A7093", "latitude": 42.74224853515625, "longitude": 23.277782440185547, "raw_occupancy": 3, "timestamp": "2026-09-15 18:05:30" }, "geometry": { "type": "Point", "coordinates": [ 23.277782440185547, 42.74224853515625 ] } },
{ "type": "Feature", "properties": { "vehicle_id": "A2002", "latitude": 42.652442932128906, "longitude": 23.347431182861328, "raw_occupancy": 3, "timestamp": "2026-09-15 18:05:30" }, "geometry": { "type": "Point", "coordinates": [ 23.347431182861328, 42.652442932128906 ] } },
{ "type": "Feature", "properties": { "vehicle_id": "A2052", "latitude": 42.650188446044922, "longitude": 23.393667221069336, "raw_occupancy": 3, "timestamp": "2026-09-15 18:05:30" }, "geometry": { "type": "Point", "coordinates": [ 23.393667221069336, 42.650188446044922 ] } },
{ "type": "Feature", "properties": { "vehicle_id": "A2012", "latitude": 42.656574249267578, "longitude": 23.327667236328125, "raw_occupancy": 0, "timestamp": "2026-09-15 18:05:30" }, "geometry": { "type": "Point", "coordinates": [ 23.327667236328125, 42.656574249267578 ] } },
{ "type": "Feature", "properties": { "vehicle_id": "A3144", "latitude": 42.656234741210938, "longitude": 23.384178161621094, "raw_occupancy": 2, "timestamp": "2026-09-15 18:05:30" }, "geometry": { "type": "Point", "coordinates": [ 23.384178161621094, 42.656234741210938 ] } },
{ "type": "Feature", "properties": { "vehicle_id": "A3149", "latitude": 42.666049957275391, "longitude": 23.285646438598633, "raw_occupancy": 1, "timestamp": "2026-09-15 18:05:30" }, "geometry": { "type": "Point", "coordinates": [ 23.285646438598633, 42.666049957275391 ] } },
{ "type": "Feature", "properties": { "vehicle_id": "A7157", "latitude": 42.780345916748047, "longitude": 23.510326385498047, "raw_occupancy": 1, "timestamp": "2026-09-15 18:05:30" }, "geometry": { "type": "Point", "coordinates": [ 23.510326385498047, 42.780345916748047 ] } },
{ "type": "Feature", "properties": { "vehicle_id": "A1215", "latitude": 42.666385650634766, "longitude": 23.28468132019043, "raw_occupancy": 1, "timestamp": "2026-09-15 18:05:30" }, "geometry": { "type": "Point", "coordinates": [ 23.28468132019043, 42.666385650634766 ] } },
{ "type": "Feature", "properties": { "vehicle_id": "A2514", "latitude": 42.693954467773438, "longitude": 23.347957611083984, "raw_occupancy": 3, "timestamp": "2026-09-15 18:05:30" }, "geometry": { "type": "Point", "coordinates": [ 23.347957611083984, 42.693954467773438 ] } },
{ "type": "Feature", "properties": { "vehicle_id": "A1839", "latitude": 42.696617126464844, "longitude": 23.286754608154297, "raw_occupancy": 2, "timestamp": "2026-09-15 18:05:30" }, "geometry": { "type": "Point", "coordinates": [ 23.286754608154297, 42.696617126464844 ] } },
{ "type": "Feature", "properties": { "vehicle_id": "A7173", "latitude": 42.734989166259766, "longitude": 23.310300827026367, "raw_occupancy": 1, "timestamp": "2026-09-15 18:05:30" }, "geometry": { "type": "Point", "coordinates": [ 23.310300827026367, 42.734989166259766 ] } },
{ "type": "Feature", "properties": { "vehicle_id": "A2033", "latitude": 42.671070098876953, "longitude": 23.334455490112305, "raw_occupancy": 3, "timestamp": "2026-09-15 18:05:30" }, "geometry": { "type": "Point", "coordinates": [ 23.334455490112305, 42.671070098876953 ] } },
{ "type": "Feature", "properties": { "vehicle_id": "A3663", "latitude": 42.645370483398438, "longitude": 23.404882431030273, "raw_occupancy": 1, "timestamp": "2026-09-15 18:05:30" }, "geometry": { "type": "Point", "coordinates": [ 23.404882431030273, 42.645370483398438 ] } },
{ "type": "Feature", "properties": { "vehicle_id": "A1179", "latitude": 42.674503326416016, "longitude": 23.290910720825195, "raw_occupancy": 2, "timestamp": "2026-09-15 18:05:30" }, "geometry": { "type": "Point", "coordinates": [ 23.290910720825195, 42.674503326416016 ] } },
{ "type": "Feature", "properties": { "vehicle_id": "A1833", "latitude": 42.737026214599609, "longitude": 23.295650482177734, "raw_occupancy": 1, "timestamp": "2026-09-15 18:05:30" }, "geometry": { "type": "Point", "coordinates": [ 23.295650482177734, 42.737026214599609 ] } },
{ "type": "Feature", "properties": { "vehicle_id": "A2518", "latitude": 42.676429748535156, "longitude": 23.37053108215332, "raw_occupancy": 2, "timestamp": "2026-09-15 18:05:30" }, "geometry": { "type": "Point", "coordinates": [ 23.37053108215332, 42.676429748535156 ] } },
{ "type": "Feature", "properties": { "vehicle_id": "A2077", "latitude": 42.821834564208984, "longitude": 23.353931427001953, "raw_occupancy": 1, "timestamp": "2026-09-15 18:05:30" }, "geometry": { "type": "Point", "coordinates": [ 23.353931427001953, 42.821834564208984 ] } },
{ "type": "Feature", "properties": { "vehicle_id": "A2300", "latitude": 42.712142944335938, "longitude": 23.317279815673828, "raw_occupancy": 1, "timestamp": "2026-09-15 18:05:30" }, "geometry": { "type": "Point", "coordinates": [ 23.317279815673828, 42.712142944335938 ] } },
{ "type": "Feature", "properties": { "vehicle_id": "A3129", "latitude": 42.708641052246094, "longitude": 23.322727203369141, "raw_occupancy": 0, "timestamp": "2026-09-15 18:05:30" }, "geometry": { "type": "Point", "coordinates": [ 23.322727203369141, 42.708641052246094 ] } },
{ "type": "Feature", "properties": { "vehicle_id": "A1405", "latitude": 42.643882751464844, "longitude": 23.279569625854492, "raw_occupancy": 1, "timestamp": "2026-09-15 18:05:30" }, "geometry": { "type": "Point", "coordinates": [ 23.279569625854492, 42.643882751464844 ] } },
{ "type": "Feature", "properties": { "vehicle_id": "A2067", "latitude": 42.729862213134766, "longitude": 23.313055038452148, "raw_occupancy": 2, "timestamp": "2026-09-15 18:05:30" }, "geometry": { "type": "Point", "coordinates": [ 23.313055038452148, 42.729862213134766 ] } },
{ "type": "Feature", "properties": { "vehicle_id": "A3152", "latitude": 42.671745300292969, "longitude": 23.394084930419922, "raw_occupancy": 1, "timestamp": "2026-09-15 18:05:30" }, "geometry": { "type": "Point", "coordinates": [ 23.394084930419922, 42.671745300292969 ] } },
{ "type": "Feature", "properties": { "vehicle_id": "A1156", "latitude": 42.733600616455078, "longitude": 23.308498382568359, "raw_occupancy": 0, "timestamp": "2026-09-15 18:05:30" }, "geometry": { "type": "Point", "coordinates": [ 23.308498382568359, 42.733600616455078 ] } },
{ "type": "Feature", "properties": { "vehicle_id": "A1015", "latitude": 42.656993865966797, "longitude": 23.314678192138672, "raw_occupancy": 4, "timestamp": "2026-09-15 18:05:30" }, "geometry": { "type": "Point", "coordinates": [ 23.314678192138672, 42.656993865966797 ] } },
{ "type": "Feature", "properties": { "vehicle_id": "A1031", "latitude": 42.677886962890625, "longitude": 23.282140731811523, "raw_occupancy": 1, "timestamp": "2026-09-15 18:05:30" }, "geometry": { "type": "Point", "coordinates": [ 23.282140731811523, 42.677886962890625 ] } },
{ "type": "Feature", "properties": { "vehicle_id": "A3615", "latitude": 42.642875671386719, "longitude": 23.373725891113281, "raw_occupancy": 2, "timestamp": "2026-09-15 18:05:30" }, "geometry": { "type": "Point", "coordinates": [ 23.373725891113281, 42.642875671386719 ] } },
{ "type": "Feature", "properties": { "vehicle_id": "A1604", "latitude": 42.691791534423828, "longitude": 23.36920166015625, "raw_occupancy": 2, "timestamp": "2026-09-15 18:05:30" }, "geometry": { "type": "Point", "coordinates": [ 23.36920166015625, 42.691791534423828 ] } },
{ "type": "Feature", "properties": { "vehicle_id": "A1618", "latitude": 42.697761535644531, "longitude": 23.346973419189453, "raw_occupancy": 3, "timestamp": "2026-09-15 18:05:30" }, "geometry": { "type": "Point", "coordinates": [ 23.346973419189453, 42.697761535644531 ] } },
{ "type": "Feature", "properties": { "vehicle_id": "A1413", "latitude": 42.668445587158203, "longitude": 23.266551971435547, "raw_occupancy": 2, "timestamp": "2026-09-15 18:05:30" }, "geometry": { "type": "Point", "coordinates": [ 23.266551971435547, 42.668445587158203 ] } },
{ "type": "Feature", "properties": { "vehicle_id": "A7187", "latitude": 42.713665008544922, "longitude": 23.345575332641602, "raw_occupancy": 0, "timestamp": "2026-09-15 18:05:30" }, "geometry": { "type": "Point", "coordinates": [ 23.345575332641602, 42.713665008544922 ] } },
{ "type": "Feature", "properties": { "vehicle_id": "A7169", "latitude": 42.763473510742188, "longitude": 23.489742279052734, "raw_occupancy": 1, "timestamp": "2026-09-15 18:05:30" }, "geometry": { "type": "Point", "coordinates": [ 23.489742279052734, 42.763473510742188 ] } },
{ "type": "Feature", "properties": { "vehicle_id": "A2728", "latitude": 42.728168487548828, "longitude": 23.323862075805664, "raw_occupancy": 0, "timestamp": "2026-09-15 18:05:30" }, "geometry": { "type": "Point", "coordinates": [ 23.323862075805664, 42.728168487548828 ] } },
{ "type": "Feature", "properties": { "vehicle_id": "A1837", "latitude": 42.737140655517578, "longitude": 23.268844604492188, "raw_occupancy": 1, "timestamp": "2026-09-15 18:05:30" }, "geometry": { "type": "Point", "coordinates": [ 23.268844604492188, 42.737140655517578 ] } },
{ "type": "Feature", "properties": { "vehicle_id": "A1829", "latitude": 42.712833404541016, "longitude": 23.247703552246094, "raw_occupancy": 2, "timestamp": "2026-09-15 18:05:30" }, "geometry": { "type": "Point", "coordinates": [ 23.247703552246094, 42.712833404541016 ] } },
{ "type": "Feature", "properties": { "vehicle_id": "A1313", "latitude": 42.675796508789062, "longitude": 23.27955436706543, "raw_occupancy": 1, "timestamp": "2026-09-15 18:05:30" }, "geometry": { "type": "Point", "coordinates": [ 23.27955436706543, 42.675796508789062 ] } },
{ "type": "Feature", "properties": { "vehicle_id": "A1183", "latitude": 42.655502319335938, "longitude": 23.336301803588867, "raw_occupancy": 2, "timestamp": "2026-09-15 18:05:30" }, "geometry": { "type": "Point", "coordinates": [ 23.336301803588867, 42.655502319335938 ] } },
{ "type": "Feature", "properties": { "vehicle_id": "A3632", "latitude": 42.671539306640625, "longitude": 23.394990921020508, "raw_occupancy": 2, "timestamp": "2026-09-15 18:05:30" }, "geometry": { "type": "Point", "coordinates": [ 23.394990921020508, 42.671539306640625 ] } },
{ "type": "Feature", "properties": { "vehicle_id": "A1853", "latitude": 42.716434478759766, "longitude": 23.168712615966797, "raw_occupancy": 1, "timestamp": "2026-09-15 18:05:30" }, "geometry": { "type": "Point", "coordinates": [ 23.168712615966797, 42.716434478759766 ] } },
{ "type": "Feature", "properties": { "vehicle_id": "A1220", "latitude": 42.696273803710938, "longitude": 23.280542373657227, "raw_occupancy": 1, "timestamp": "2026-09-15 18:05:30" }, "geometry": { "type": "Point", "coordinates": [ 23.280542373657227, 42.696273803710938 ] } },
{ "type": "Feature", "properties": { "vehicle_id": "A1616", "latitude": 42.688396453857422, "longitude": 23.276260375976562, "raw_occupancy": 3, "timestamp": "2026-09-15 18:05:30" }, "geometry": { "type": "Point", "coordinates": [ 23.276260375976562, 42.688396453857422 ] } },
{ "type": "Feature", "properties": { "vehicle_id": "A3654", "latitude": 42.669071197509766, "longitude": 23.352596282958984, "raw_occupancy": 1, "timestamp": "2026-09-15 18:05:30" }, "geometry": { "type": "Point", "coordinates": [ 23.352596282958984, 42.669071197509766 ] } },
{ "type": "Feature", "properties": { "vehicle_id": "A3614", "latitude": 42.635112762451172, "longitude": 23.408540725708008, "raw_occupancy": 1, "timestamp": "2026-09-15 18:05:30" }, "geometry": { "type": "Point", "coordinates": [ 23.408540725708008, 42.635112762451172 ] } },
{ "type": "Feature", "properties": { "vehicle_id": "A1172", "latitude": 42.645298004150391, "longitude": 23.34520149230957, "raw_occupancy": 0, "timestamp": "2026-09-15 18:05:30" }, "geometry": { "type": "Point", "coordinates": [ 23.34520149230957, 42.645298004150391 ] } },
{ "type": "Feature", "properties": { "vehicle_id": "A3700", "latitude": 42.633544921875, "longitude": 23.409378051757812, "raw_occupancy": 1, "timestamp": "2026-09-15 18:05:30" }, "geometry": { "type": "Point", "coordinates": [ 23.409378051757812, 42.633544921875 ] } },
{ "type": "Feature", "properties": { "vehicle_id": "A7083", "latitude": 42.709911346435547, "longitude": 23.390727996826172, "raw_occupancy": 1, "timestamp": "2026-09-15 18:05:30" }, "geometry": { "type": "Point", "coordinates": [ 23.390727996826172, 42.709911346435547 ] } },
{ "type": "Feature", "properties": { "vehicle_id": "A3132", "latitude": 42.659954071044922, "longitude": 23.380807876586914, "raw_occupancy": 3, "timestamp": "2026-09-15 18:05:30" }, "geometry": { "type": "Point", "coordinates": [ 23.380807876586914, 42.659954071044922 ] } },
{ "type": "Feature", "properties": { "vehicle_id": "A3662", "latitude": 42.644523620605469, "longitude": 23.333766937255859, "raw_occupancy": 2, "timestamp": "2026-09-15 18:05:30" }, "geometry": { "type": "Point", "coordinates": [ 23.333766937255859, 42.644523620605469 ] } },
{ "type": "Feature", "properties": { "vehicle_id": "A2605", "latitude": 42.706336975097656, "longitude": 23.371580123901367, "raw_occupancy": 0, "timestamp": "2026-09-15 18:05:30" }, "geometry": { "type": "Point", "coordinates": [ 23.371580123901367, 42.706336975097656 ] } },
{ "type": "Feature", "properties": { "vehicle_id": "A7141", "latitude": 42.779720306396484, "longitude": 23.372451782226562, "raw_occupancy": 1, "timestamp": "2026-09-15 18:05:30" }, "geometry": { "type": "Point", "coordinates": [ 23.372451782226562, 42.779720306396484 ] } },
{ "type": "Feature", "properties": { "vehicle_id": "A1036", "latitude": 42.65673828125, "longitude": 23.312660217285156, "raw_occupancy": 2, "timestamp": "2026-09-15 18:05:30" }, "geometry": { "type": "Point", "coordinates": [ 23.312660217285156, 42.65673828125 ] } },
{ "type": "Feature", "properties": { "vehicle_id": "A1612", "latitude": 42.681663513183594, "longitude": 23.311773300170898, "raw_occupancy": 3, "timestamp": "2026-09-15 18:05:30" }, "geometry": { "type": "Point", "coordinates": [ 23.311773300170898, 42.681663513183594 ] } },
{ "type": "Feature", "properties": { "vehicle_id": "A2153", "latitude": 42.700115203857422, "longitude": 23.34532356262207, "raw_occupancy": 1, "timestamp": "2026-09-15 18:05:30" }, "geometry": { "type": "Point", "coordinates": [ 23.34532356262207, 42.700115203857422 ] } },
{ "type": "Feature", "properties": { "vehicle_id": "A2814", "latitude": 42.621311187744141, "longitude": 23.404253005981445, "raw_occupancy": 0, "timestamp": "2026-09-15 18:05:30" }, "geometry": { "type": "Point", "coordinates": [ 23.404253005981445, 42.621311187744141 ] } },
{ "type": "Feature", "properties": { "vehicle_id": "A3142", "latitude": 42.649787902832031, "longitude": 23.367218017578125, "raw_occupancy": 2, "timestamp": "2026-09-15 18:05:30" }, "geometry": { "type": "Point", "coordinates": [ 23.367218017578125, 42.649787902832031 ] } },
{ "type": "Feature", "properties": { "vehicle_id": "A3158", "latitude": 42.640380859375, "longitude": 23.414445877075195, "raw_occupancy": 0, "timestamp": "2026-09-15 18:05:30" }, "geometry": { "type": "Point", "coordinates": [ 23.414445877075195, 42.640380859375 ] } },
{ "type": "Feature", "properties": { "vehicle_id": "A7061", "latitude": 42.757804870605469, "longitude": 23.3214111328125, "raw_occupancy": 5, "timestamp": "2026-09-15 18:05:30" }, "geometry": { "type": "Point", "coordinates": [ 23.3214111328125, 42.757804870605469 ] } },
{ "type": "Feature", "properties": { "vehicle_id": "A2016", "latitude": 42.674766540527344, "longitude": 23.333877563476562, "raw_occupancy": 0, "timestamp": "2026-09-15 18:05:30" }, "geometry": { "type": "Point", "coordinates": [ 23.333877563476562, 42.674766540527344 ] } },
{ "type": "Feature", "properties": { "vehicle_id": "A2046", "latitude": 42.718891143798828, "longitude": 23.279611587524414, "raw_occupancy": 1, "timestamp": "2026-09-15 18:05:30" }, "geometry": { "type": "Point", "coordinates": [ 23.279611587524414, 42.718891143798828 ] } },
{ "type": "Feature", "properties": { "vehicle_id": "A3156", "latitude": 42.686412811279297, "longitude": 23.330039978027344, "raw_occupancy": 3, "timestamp": "2026-09-15 18:05:30" }, "geometry": { "type": "Point", "coordinates": [ 23.330039978027344, 42.686412811279297 ] } },
{ "type": "Feature", "properties": { "vehicle_id": "A1181", "latitude": 42.658988952636719, "longitude": 23.306268692016602, "raw_occupancy": 0, "timestamp": "2026-09-15 18:05:30" }, "geometry": { "type": "Point", "coordinates": [ 23.306268692016602, 42.658988952636719 ] } },
{ "type": "Feature", "properties": { "vehicle_id": "A2823", "latitude": 42.671703338623047, "longitude": 23.272083282470703, "raw_occupancy": 2, "timestamp": "2026-09-15 18:05:30" }, "geometry": { "type": "Point", "coordinates": [ 23.272083282470703, 42.671703338623047 ] } },
{ "type": "Feature", "properties": { "vehicle_id": "A3401", "latitude": 42.618778228759766, "longitude": 23.335844039916992, "raw_occupancy": 3, "timestamp": "2026-09-15 18:05:30" }, "geometry": { "type": "Point", "coordinates": [ 23.335844039916992, 42.618778228759766 ] } },
{ "type": "Feature", "properties": { "vehicle_id": "A1318", "latitude": 42.680763244628906, "longitude": 23.307487487792969, "raw_occupancy": 1, "timestamp": "2026-09-15 18:05:30" }, "geometry": { "type": "Point", "coordinates": [ 23.307487487792969, 42.680763244628906 ] } },
{ "type": "Feature", "properties": { "vehicle_id": "A3402", "latitude": 42.676429748535156, "longitude": 23.343050003051758, "raw_occupancy": 1, "timestamp": "2026-09-15 18:05:30" }, "geometry": { "type": "Point", "coordinates": [ 23.343050003051758, 42.676429748535156 ] } },
{ "type": "Feature", "properties": { "vehicle_id": "A7053", "latitude": 42.701526641845703, "longitude": 23.360012054443359, "raw_occupancy": 3, "timestamp": "2026-09-15 18:05:30" }, "geometry": { "type": "Point", "coordinates": [ 23.360012054443359, 42.701526641845703 ] } },
{ "type": "Feature", "properties": { "vehicle_id": "A7139", "latitude": 42.730724334716797, "longitude": 23.592239379882812, "raw_occupancy": 1, "timestamp": "2026-09-15 18:05:30" }, "geometry": { "type": "Point", "coordinates": [ 23.592239379882812, 42.730724334716797 ] } },
{ "type": "Feature", "properties": { "vehicle_id": "A1180", "latitude": 42.660823822021484, "longitude": 23.346837997436523, "raw_occupancy": 3, "timestamp": "2026-09-15 18:05:30" }, "geometry": { "type": "Point", "coordinates": [ 23.346837997436523, 42.660823822021484 ] } },
{ "type": "Feature", "properties": { "vehicle_id": "A2010", "latitude": 42.705097198486328, "longitude": 23.333436965942383, "raw_occupancy": 2, "timestamp": "2026-09-15 18:05:30" }, "geometry": { "type": "Point", "coordinates": [ 23.333436965942383, 42.705097198486328 ] } },
{ "type": "Feature", "properties": { "vehicle_id": "A3616", "latitude": 42.626564025878906, "longitude": 23.381616592407227, "raw_occupancy": 0, "timestamp": "2026-09-15 18:05:30" }, "geometry": { "type": "Point", "coordinates": [ 23.381616592407227, 42.626564025878906 ] } },
{ "type": "Feature", "properties": { "vehicle_id": "A3133", "latitude": 42.630020141601562, "longitude": 23.374267578125, "raw_occupancy": 0, "timestamp": "2026-09-15 18:05:30" }, "geometry": { "type": "Point", "coordinates": [ 23.374267578125, 42.630020141601562 ] } },
{ "type": "Feature", "properties": { "vehicle_id": "A2070", "latitude": 42.670818328857422, "longitude": 23.369773864746094, "raw_occupancy": 0, "timestamp": "2026-09-15 18:05:30" }, "geometry": { "type": "Point", "coordinates": [ 23.369773864746094, 42.670818328857422 ] } },
{ "type": "Feature", "properties": { "vehicle_id": "A1420", "latitude": 42.645362854003906, "longitude": 23.271135330200195, "raw_occupancy": 3, "timestamp": "2026-09-15 18:05:30" }, "geometry": { "type": "Point", "coordinates": [ 23.271135330200195, 42.645362854003906 ] } },
{ "type": "Feature", "properties": { "vehicle_id": "A2079", "latitude": 42.620223999023438, "longitude": 23.328163146972656, "raw_occupancy": 2, "timestamp": "2026-09-15 18:05:30" }, "geometry": { "type": "Point", "coordinates": [ 23.328163146972656, 42.620223999023438 ] } },
{ "type": "Feature", "properties": { "vehicle_id": "A1153", "latitude": 42.658962249755859, "longitude": 23.315580368041992, "raw_occupancy": 2, "timestamp": "2026-09-15 18:05:30" }, "geometry": { "type": "Point", "coordinates": [ 23.315580368041992, 42.658962249755859 ] } },
{ "type": "Feature", "properties": { "vehicle_id": "A7175", "latitude": 42.705028533935547, "longitude": 23.330926895141602, "raw_occupancy": 0, "timestamp": "2026-09-15 18:05:30" }, "geometry": { "type": "Point", "coordinates": [ 23.330926895141602, 42.705028533935547 ] } },
{ "type": "Feature", "properties": { "vehicle_id": "A2308", "latitude": 42.667137145996094, "longitude": 23.365188598632812, "raw_occupancy": 3, "timestamp": "2026-09-15 18:05:30" }, "geometry": { "type": "Point", "coordinates": [ 23.365188598632812, 42.667137145996094 ] } },
{ "type": "Feature", "properties": { "vehicle_id": "A3102", "latitude": 42.661159515380859, "longitude": 23.351448059082031, "raw_occupancy": 3, "timestamp": "2026-09-15 18:05:30" }, "geometry": { "type": "Point", "coordinates": [ 23.351448059082031, 42.661159515380859 ] } },
{ "type": "Feature", "properties": { "vehicle_id": "A3606", "latitude": 42.635364532470703, "longitude": 23.380350112915039, "raw_occupancy": 2, "timestamp": "2026-09-15 18:05:30" }, "geometry": { "type": "Point", "coordinates": [ 23.380350112915039, 42.635364532470703 ] } },
{ "type": "Feature", "properties": { "vehicle_id": "A7063", "latitude": 42.710372924804688, "longitude": 23.186750411987305, "raw_occupancy": 0, "timestamp": "2026-09-15 18:05:30" }, "geometry": { "type": "Point", "coordinates": [ 23.186750411987305, 42.710372924804688 ] } },
{ "type": "Feature", "properties": { "vehicle_id": "A2516", "latitude": 42.652690887451172, "longitude": 23.315948486328125, "raw_occupancy": 3, "timestamp": "2026-09-15 18:05:30" }, "geometry": { "type": "Point", "coordinates": [ 23.315948486328125, 42.652690887451172 ] } },
{ "type": "Feature", "properties": { "vehicle_id": "A3019", "latitude": 42.680328369140625, "longitude": 23.373453140258789, "raw_occupancy": 1, "timestamp": "2026-09-15 18:05:30" }, "geometry": { "type": "Point", "coordinates": [ 23.373453140258789, 42.680328369140625 ] } },
{ "type": "Feature", "properties": { "vehicle_id": "A2807", "latitude": 42.708465576171875, "longitude": 23.318130493164062, "raw_occupancy": 1, "timestamp": "2026-09-15 18:05:30" }, "geometry": { "type": "Point", "coordinates": [ 23.318130493164062, 42.708465576171875 ] } },
{ "type": "Feature", "properties": { "vehicle_id": "A2029", "latitude": 42.678295135498047, "longitude": 23.323446273803711, "raw_occupancy": 3, "timestamp": "2026-09-15 18:05:30" }, "geometry": { "type": "Point", "coordinates": [ 23.323446273803711, 42.678295135498047 ] } },
{ "type": "Feature", "properties": { "vehicle_id": "A1619", "latitude": 42.704788208007812, "longitude": 23.333192825317383, "raw_occupancy": 1, "timestamp": "2026-09-15 18:05:30" }, "geometry": { "type": "Point", "coordinates": [ 23.333192825317383, 42.704788208007812 ] } },
{ "type": "Feature", "properties": { "vehicle_id": "A2506", "latitude": 42.688156127929688, "longitude": 23.334175109863281, "raw_occupancy": 3, "timestamp": "2026-09-15 18:05:30" }, "geometry": { "type": "Point", "coordinates": [ 23.334175109863281, 42.688156127929688 ] } },
{ "type": "Feature", "properties": { "vehicle_id": "A7185", "latitude": 42.704341888427734, "longitude": 23.386484146118164, "raw_occupancy": 0, "timestamp": "2026-09-15 18:05:30" }, "geometry": { "type": "Point", "coordinates": [ 23.386484146118164, 42.704341888427734 ] } },
{ "type": "Feature", "properties": { "vehicle_id": "A1613", "latitude": 42.741374969482422, "longitude": 23.235752105712891, "raw_occupancy": 2, "timestamp": "2026-09-15 18:05:30" }, "geometry": { "type": "Point", "coordinates": [ 23.235752105712891, 42.741374969482422 ] } },
{ "type": "Feature", "properties": { "vehicle_id": "A3319", "latitude": 42.690162658691406, "longitude": 23.354122161865234, "raw_occupancy": 0, "timestamp": "2026-09-15 18:05:30" }, "geometry": { "type": "Point", "coordinates": [ 23.354122161865234, 42.690162658691406 ] } },
{ "type": "Feature", "properties": { "vehicle_id": "A1034", "latitude": 42.661895751953125, "longitude": 23.265342712402344, "raw_occupancy": 1, "timestamp": "2026-09-15 18:05:30" }, "geometry": { "type": "Point", "coordinates": [ 23.265342712402344, 42.661895751953125 ] } },
{ "type": "Feature", "properties": { "vehicle_id": "A2073", "latitude": 42.640373229980469, "longitude": 23.404430389404297, "raw_occupancy": 5, "timestamp": "2026-09-15 18:05:30" }, "geometry": { "type": "Point", "coordinates": [ 23.404430389404297, 42.640373229980469 ] } },
{ "type": "Feature", "properties": { "vehicle_id": "A2044", "latitude": 42.707096099853516, "longitude": 23.380168914794922, "raw_occupancy": 1, "timestamp": "2026-09-15 18:05:30" }, "geometry": { "type": "Point", "coordinates": [ 23.380168914794922, 42.707096099853516 ] } },
{ "type": "Feature", "properties": { "vehicle_id": "A1176", "latitude": 42.709629058837891, "longitude": 23.318387985229492, "raw_occupancy": 0, "timestamp": "2026-09-15 18:05:30" }, "geometry": { "type": "Point", "coordinates": [ 23.318387985229492, 42.709629058837891 ] } },
{ "type": "Feature", "properties": { "vehicle_id": "A2817", "latitude": 42.741752624511719, "longitude": 23.328981399536133, "raw_occupancy": 1, "timestamp": "2026-09-15 18:05:30" }, "geometry": { "type": "Point", "coordinates": [ 23.328981399536133, 42.741752624511719 ] } },
{ "type": "Feature", "properties": { "vehicle_id": "A1823", "latitude": 42.719707489013672, "longitude": 23.254829406738281, "raw_occupancy": 0, "timestamp": "2026-09-15 18:05:30" }, "geometry": { "type": "Point", "coordinates": [ 23.254829406738281, 42.719707489013672 ] } },
{ "type": "Feature", "properties": { "vehicle_id": "A1311", "latitude": 42.588779449462891, "longitude": 23.302793502807617, "raw_occupancy": 0, "timestamp": "2026-09-15 18:05:30" }, "geometry": { "type": "Point", "coordinates": [ 23.302793502807617, 42.588779449462891 ] } },
{ "type": "Feature", "properties": { "vehicle_id": "A1617", "latitude": 42.694057464599609, "longitude": 23.294168472290039, "raw_occupancy": 2, "timestamp": "2026-09-15 18:05:30" }, "geometry": { "type": "Point", "coordinates": [ 23.294168472290039, 42.694057464599609 ] } },
{ "type": "Feature", "properties": { "vehicle_id": "A1835", "latitude": 42.730884552001953, "longitude": 23.254734039306641, "raw_occupancy": 3, "timestamp": "2026-09-15 18:05:30" }, "geometry": { "type": "Point", "coordinates": [ 23.254734039306641, 42.730884552001953 ] } },
{ "type": "Feature", "properties": { "vehicle_id": "A3014", "latitude": 42.693946838378906, "longitude": 23.34675407409668, "raw_occupancy": 2, "timestamp": "2026-09-15 18:05:30" }, "geometry": { "type": "Point", "coordinates": [ 23.34675407409668, 42.693946838378906 ] } },
{ "type": "Feature", "properties": { "vehicle_id": "A2020", "latitude": 42.653770446777344, "longitude": 23.343564987182617, "raw_occupancy": 0, "timestamp": "2026-09-15 18:05:30" }, "geometry": { "type": "Point", "coordinates": [ 23.343564987182617, 42.653770446777344 ] } },
{ "type": "Feature", "properties": { "vehicle_id": "A1406", "latitude": 42.646621704101562, "longitude": 23.314531326293945, "raw_occupancy": 5, "timestamp": "2026-09-15 18:05:30" }, "geometry": { "type": "Point", "coordinates": [ 23.314531326293945, 42.646621704101562 ] } },
{ "type": "Feature", "properties": { "vehicle_id": "A2501", "latitude": 42.706523895263672, "longitude": 23.323556900024414, "raw_occupancy": 2, "timestamp": "2026-09-15 18:05:30" }, "geometry": { "type": "Point", "coordinates": [ 23.323556900024414, 42.706523895263672 ] } },
{ "type": "Feature", "properties": { "vehicle_id": "A3154", "latitude": 42.672657012939453, "longitude": 23.362890243530273, "raw_occupancy": 2, "timestamp": "2026-09-15 18:05:30" }, "geometry": { "type": "Point", "coordinates": [ 23.362890243530273, 42.672657012939453 ] } },
{ "type": "Feature", "properties": { "vehicle_id": "A2006", "latitude": 42.705421447753906, "longitude": 23.313554763793945, "raw_occupancy": 1, "timestamp": "2026-09-15 18:05:30" }, "geometry": { "type": "Point", "coordinates": [ 23.313554763793945, 42.705421447753906 ] } },
{ "type": "Feature", "properties": { "vehicle_id": "A3120", "latitude": 42.683456420898438, "longitude": 23.347412109375, "raw_occupancy": 3, "timestamp": "2026-09-15 18:05:30" }, "geometry": { "type": "Point", "coordinates": [ 23.347412109375, 42.683456420898438 ] } },
{ "type": "Feature", "properties": { "vehicle_id": "A3131", "latitude": 42.665878295898438, "longitude": 23.301986694335938, "raw_occupancy": 2, "timestamp": "2026-09-15 18:05:30" }, "geometry": { "type": "Point", "coordinates": [ 23.301986694335938, 42.665878295898438 ] } },
{ "type": "Feature", "properties": { "vehicle_id": "A1030", "latitude": 42.658920288085938, "longitude": 23.299503326416016, "raw_occupancy": 0, "timestamp": "2026-09-15 18:05:30" }, "geometry": { "type": "Point", "coordinates": [ 23.299503326416016, 42.658920288085938 ] } },
{ "type": "Feature", "properties": { "vehicle_id": "A1170", "latitude": 42.694965362548828, "longitude": 23.284107208251953, "raw_occupancy": 1, "timestamp": "2026-09-15 18:05:30" }, "geometry": { "type": "Point", "coordinates": [ 23.284107208251953, 42.694965362548828 ] } },
{ "type": "Feature", "properties": { "vehicle_id": "A2165", "latitude": 42.722843170166016, "longitude": 23.306573867797852, "raw_occupancy": 1, "timestamp": "2026-09-15 18:05:30" }, "geometry": { "type": "Point", "coordinates": [ 23.306573867797852, 42.722843170166016 ] } },
{ "type": "Feature", "properties": { "vehicle_id": "A3150", "latitude": 42.664237976074219, "longitude": 23.290102005004883, "raw_occupancy": 2, "timestamp": "2026-09-15 18:05:30" }, "geometry": { "type": "Point", "coordinates": [ 23.290102005004883, 42.664237976074219 ] } },
{ "type": "Feature", "properties": { "vehicle_id": "A2086", "latitude": 42.705585479736328, "longitude": 23.349555969238281, "raw_occupancy": 1, "timestamp": "2026-09-15 18:05:30" }, "geometry": { "type": "Point", "coordinates": [ 23.349555969238281, 42.705585479736328 ] } },
{ "type": "Feature", "properties": { "vehicle_id": "A2065", "latitude": 42.732887268066406, "longitude": 23.343523025512695, "raw_occupancy": 1, "timestamp": "2026-09-15 18:05:30" }, "geometry": { "type": "Point", "coordinates": [ 23.343523025512695, 42.732887268066406 ] } },
{ "type": "Feature", "properties": { "vehicle_id": "A3600", "latitude": 42.664546966552734, "longitude": 23.460790634155273, "raw_occupancy": 1, "timestamp": "2026-09-15 18:05:30" }, "geometry": { "type": "Point", "coordinates": [ 23.460790634155273, 42.664546966552734 ] } },
{ "type": "Feature", "properties": { "vehicle_id": "A1871", "latitude": 42.649406433105469, "longitude": 23.213836669921875, "raw_occupancy": 0, "timestamp": "2026-09-15 18:05:30" }, "geometry": { "type": "Point", "coordinates": [ 23.213836669921875, 42.649406433105469 ] } },
{ "type": "Feature", "properties": { "vehicle_id": "A7191", "latitude": 42.767593383789062, "longitude": 23.402763366699219, "raw_occupancy": 2, "timestamp": "2026-09-15 18:05:30" }, "geometry": { "type": "Point", "coordinates": [ 23.402763366699219, 42.767593383789062 ] } },
{ "type": "Feature", "properties": { "vehicle_id": "A7165", "latitude": 42.709983825683594, "longitude": 23.390235900878906, "raw_occupancy": 1, "timestamp": "2026-09-15 18:05:30" }, "geometry": { "type": "Point", "coordinates": [ 23.390235900878906, 42.709983825683594 ] } },
{ "type": "Feature", "properties": { "vehicle_id": "A1037", "latitude": 42.645702362060547, "longitude": 23.33363151550293, "raw_occupancy": 5, "timestamp": "2026-09-15 18:05:30" }, "geometry": { "type": "Point", "coordinates": [ 23.33363151550293, 42.645702362060547 ] } },
{ "type": "Feature", "properties": { "vehicle_id": "A1845", "latitude": 42.685806274414062, "longitude": 23.138635635375977, "raw_occupancy": 1, "timestamp": "2026-09-15 18:05:30" }, "geometry": { "type": "Point", "coordinates": [ 23.138635635375977, 42.685806274414062 ] } },
{ "type": "Feature", "properties": { "vehicle_id": "A7103", "latitude": 42.714214324951172, "longitude": 23.358432769775391, "raw_occupancy": 0, "timestamp": "2026-09-15 18:05:30" }, "geometry": { "type": "Point", "coordinates": [ 23.358432769775391, 42.714214324951172 ] } },
{ "type": "Feature", "properties": { "vehicle_id": "A7161", "latitude": 42.819068908691406, "longitude": 23.355813980102539, "raw_occupancy": 1, "timestamp": "2026-09-15 18:05:30" }, "geometry": { "type": "Point", "coordinates": [ 23.355813980102539, 42.819068908691406 ] } },
{ "type": "Feature", "properties": { "vehicle_id": "A3136", "latitude": 42.707111358642578, "longitude": 23.323162078857422, "raw_occupancy": 1, "timestamp": "2026-09-15 18:05:30" }, "geometry": { "type": "Point", "coordinates": [ 23.323162078857422, 42.707111358642578 ] } },
{ "type": "Feature", "properties": { "vehicle_id": "A1010", "latitude": 42.641025543212891, "longitude": 23.344242095947266, "raw_occupancy": 2, "timestamp": "2026-09-15 18:05:30" }, "geometry": { "type": "Point", "coordinates": [ 23.344242095947266, 42.641025543212891 ] } },
{ "type": "Feature", "properties": { "vehicle_id": "A1157", "latitude": 42.71282958984375, "longitude": 23.2882080078125, "raw_occupancy": 3, "timestamp": "2026-09-15 18:05:30" }, "geometry": { "type": "Point", "coordinates": [ 23.2882080078125, 42.71282958984375 ] } },
{ "type": "Feature", "properties": { "vehicle_id": "A2317", "latitude": 42.657073974609375, "longitude": 23.359222412109375, "raw_occupancy": 2, "timestamp": "2026-09-15 18:05:30" }, "geometry": { "type": "Point", "coordinates": [ 23.359222412109375, 42.657073974609375 ] } },
{ "type": "Feature", "properties": { "vehicle_id": "A3110", "latitude": 42.690216064453125, "longitude": 23.337312698364258, "raw_occupancy": 4, "timestamp": "2026-09-15 18:05:30" }, "geometry": { "type": "Point", "coordinates": [ 23.337312698364258, 42.690216064453125 ] } },
{ "type": "Feature", "properties": { "vehicle_id": "A1206", "latitude": 42.627738952636719, "longitude": 23.346721649169922, "raw_occupancy": 1, "timestamp": "2026-09-15 18:05:30" }, "geometry": { "type": "Point", "coordinates": [ 23.346721649169922, 42.627738952636719 ] } },
{ "type": "Feature", "properties": { "vehicle_id": "A3140", "latitude": 42.660915374755859, "longitude": 23.351306915283203, "raw_occupancy": 2, "timestamp": "2026-09-15 18:05:30" }, "geometry": { "type": "Point", "coordinates": [ 23.351306915283203, 42.660915374755859 ] } },
{ "type": "Feature", "properties": { "vehicle_id": "A1187", "latitude": 42.711017608642578, "longitude": 23.29150390625, "raw_occupancy": 3, "timestamp": "2026-09-15 18:05:30" }, "geometry": { "type": "Point", "coordinates": [ 23.29150390625, 42.711017608642578 ] } },
{ "type": "Feature", "properties": { "vehicle_id": "A2313", "latitude": 42.663524627685547, "longitude": 23.357831954956055, "raw_occupancy": 1, "timestamp": "2026-09-15 18:05:30" }, "geometry": { "type": "Point", "coordinates": [ 23.357831954956055, 42.663524627685547 ] } },
{ "type": "Feature", "properties": { "vehicle_id": "A7087", "latitude": 42.825447082519531, "longitude": 23.284502029418945, "raw_occupancy": 1, "timestamp": "2026-09-15 18:05:30" }, "geometry": { "type": "Point", "coordinates": [ 23.284502029418945, 42.825447082519531 ] } },
{ "type": "Feature", "properties": { "vehicle_id": "A1319", "latitude": 42.60186767578125, "longitude": 23.173318862915039, "raw_occupancy": 1, "timestamp": "2026-09-15 18:05:30" }, "geometry": { "type": "Point", "coordinates": [ 23.173318862915039, 42.60186767578125 ] } },
{ "type": "Feature", "properties": { "vehicle_id": "A3108", "latitude": 42.651298522949219, "longitude": 23.357076644897461, "raw_occupancy": 2, "timestamp": "2026-09-15 18:05:30" }, "geometry": { "type": "Point", "coordinates": [ 23.357076644897461, 42.651298522949219 ] } },
{ "type": "Feature", "properties": { "vehicle_id": "A7101", "latitude": 42.728984832763672, "longitude": 23.258159637451172, "raw_occupancy": 2, "timestamp": "2026-09-15 18:05:30" }, "geometry": { "type": "Point", "coordinates": [ 23.258159637451172, 42.728984832763672 ] } },
{ "type": "Feature", "properties": { "vehicle_id": "A1214", "latitude": 42.624141693115234, "longitude": 23.357686996459961, "raw_occupancy": 2, "timestamp": "2026-09-15 18:05:30" }, "geometry": { "type": "Point", "coordinates": [ 23.357686996459961, 42.624141693115234 ] } },
{ "type": "Feature", "properties": { "vehicle_id": "A1182", "latitude": 42.733570098876953, "longitude": 23.314048767089844, "raw_occupancy": 1, "timestamp": "2026-09-15 18:05:30" }, "geometry": { "type": "Point", "coordinates": [ 23.314048767089844, 42.733570098876953 ] } },
{ "type": "Feature", "properties": { "vehicle_id": "A2000", "latitude": 42.707099914550781, "longitude": 23.363445281982422, "raw_occupancy": 2, "timestamp": "2026-09-15 18:05:30" }, "geometry": { "type": "Point", "coordinates": [ 23.363445281982422, 42.707099914550781 ] } },
{ "type": "Feature", "properties": { "vehicle_id": "A1407", "latitude": 42.714382171630859, "longitude": 23.308551788330078, "raw_occupancy": 3, "timestamp": "2026-09-15 18:05:30" }, "geometry": { "type": "Point", "coordinates": [ 23.308551788330078, 42.714382171630859 ] } },
{ "type": "Feature", "properties": { "vehicle_id": "A3104", "latitude": 42.690273284912109, "longitude": 23.336383819580078, "raw_occupancy": 3, "timestamp": "2026-09-15 18:05:30" }, "geometry": { "type": "Point", "coordinates": [ 23.336383819580078, 42.690273284912109 ] } },
{ "type": "Feature", "properties": { "vehicle_id": "A3135", "latitude": 42.661167144775391, "longitude": 23.320159912109375, "raw_occupancy": 1, "timestamp": "2026-09-15 18:05:30" }, "geometry": { "type": "Point", "coordinates": [ 23.320159912109375, 42.661167144775391 ] } },
{ "type": "Feature", "properties": { "vehicle_id": "A1174", "latitude": 42.633052825927734, "longitude": 23.333986282348633, "raw_occupancy": 1, "timestamp": "2026-09-15 18:05:30" }, "geometry": { "type": "Point", "coordinates": [ 23.333986282348633, 42.633052825927734 ] } },
{ "type": "Feature", "properties": { "vehicle_id": "A3665", "latitude": 42.671531677246094, "longitude": 23.36448860168457, "raw_occupancy": 4, "timestamp": "2026-09-15 18:05:30" }, "geometry": { "type": "Point", "coordinates": [ 23.36448860168457, 42.671531677246094 ] } },
{ "type": "Feature", "properties": { "vehicle_id": "A3138", "latitude": 42.646156311035156, "longitude": 23.377275466918945, "raw_occupancy": 3, "timestamp": "2026-09-15 18:05:30" }, "geometry": { "type": "Point", "coordinates": [ 23.377275466918945, 42.646156311035156 ] } },
{ "type": "Feature", "properties": { "vehicle_id": "A7045", "latitude": 42.725936889648438, "longitude": 23.30308723449707, "raw_occupancy": 3, "timestamp": "2026-09-15 18:05:30" }, "geometry": { "type": "Point", "coordinates": [ 23.30308723449707, 42.725936889648438 ] } },
{ "type": "Feature", "properties": { "vehicle_id": "A1232", "latitude": 42.761150360107422, "longitude": 23.265533447265625, "raw_occupancy": 1, "timestamp": "2026-09-15 18:05:30" }, "geometry": { "type": "Point", "coordinates": [ 23.265533447265625, 42.761150360107422 ] } },
{ "type": "Feature", "properties": { "vehicle_id": "A1402", "latitude": 42.724250793457031, "longitude": 23.281352996826172, "raw_occupancy": 3, "timestamp": "2026-09-15 18:05:30" }, "geometry": { "type": "Point", "coordinates": [ 23.281352996826172, 42.724250793457031 ] } },
{ "type": "Feature", "properties": { "vehicle_id": "A2076", "latitude": 42.596702575683594, "longitude": 23.409027099609375, "raw_occupancy": 2, "timestamp": "2026-09-15 18:05:30" }, "geometry": { "type": "Point", "coordinates": [ 23.409027099609375, 42.596702575683594 ] } },
{ "type": "Feature", "properties": { "vehicle_id": "A1807", "latitude": 42.706153869628906, "longitude": 23.284784317016602, "raw_occupancy": 2, "timestamp": "2026-09-15 18:05:30" }, "geometry": { "type": "Point", "coordinates": [ 23.284784317016602, 42.706153869628906 ] } },
{ "type": "Feature", "properties": { "vehicle_id": "A2014", "latitude": 42.707920074462891, "longitude": 23.364055633544922, "raw_occupancy": 2, "timestamp": "2026-09-15 18:05:30" }, "geometry": { "type": "Point", "coordinates": [ 23.364055633544922, 42.707920074462891 ] } },
{ "type": "Feature", "properties": { "vehicle_id": "A2040", "latitude": 42.713134765625, "longitude": 23.380277633666992, "raw_occupancy": 1, "timestamp": "2026-09-15 18:05:30" }, "geometry": { "type": "Point", "coordinates": [ 23.380277633666992, 42.713134765625 ] } },
{ "type": "Feature", "properties": { "vehicle_id": "A1607", "latitude": 42.698883056640625, "longitude": 23.347330093383789, "raw_occupancy": 3, "timestamp": "2026-09-15 18:05:30" }, "geometry": { "type": "Point", "coordinates": [ 23.347330093383789, 42.698883056640625 ] } },
{ "type": "Feature", "properties": { "vehicle_id": "A3145", "latitude": 42.672294616699219, "longitude": 23.293991088867188, "raw_occupancy": 2, "timestamp": "2026-09-15 18:05:30" }, "geometry": { "type": "Point", "coordinates": [ 23.293991088867188, 42.672294616699219 ] } },
{ "type": "Feature", "properties": { "vehicle_id": "A1609", "latitude": 42.689907073974609, "longitude": 23.250936508178711, "raw_occupancy": 1, "timestamp": "2026-09-15 18:05:30" }, "geometry": { "type": "Point", "coordinates": [ 23.250936508178711, 42.689907073974609 ] } },
{ "type": "Feature", "properties": { "vehicle_id": "A1150", "latitude": 42.70025634765625, "longitude": 23.297248840332031, "raw_occupancy": 2, "timestamp": "2026-09-15 18:05:30" }, "geometry": { "type": "Point", "coordinates": [ 23.297248840332031, 42.70025634765625 ] } },
{ "type": "Feature", "properties": { "vehicle_id": "A1186", "latitude": 42.676166534423828, "longitude": 23.333995819091797, "raw_occupancy": 3, "timestamp": "2026-09-15 18:05:30" }, "geometry": { "type": "Point", "coordinates": [ 23.333995819091797, 42.676166534423828 ] } },
{ "type": "Feature", "properties": { "vehicle_id": "A7095", "latitude": 42.754810333251953, "longitude": 23.558561325073242, "raw_occupancy": 1, "timestamp": "2026-09-15 18:05:30" }, "geometry": { "type": "Point", "coordinates": [ 23.558561325073242, 42.754810333251953 ] } },
{ "type": "Feature", "properties": { "vehicle_id": "A7127", "latitude": 42.709705352783203, "longitude": 23.464004516601562, "raw_occupancy": 2, "timestamp": "2026-09-15 18:05:30" }, "geometry": { "type": "Point", "coordinates": [ 23.464004516601562, 42.709705352783203 ] } },
{ "type": "Feature", "properties": { "vehicle_id": "A2752", "latitude": 42.653556823730469, "longitude": 23.347249984741211, "raw_occupancy": 1, "timestamp": "2026-09-15 18:05:30" }, "geometry": { "type": "Point", "coordinates": [ 23.347249984741211, 42.653556823730469 ] } },
{ "type": "Feature", "properties": { "vehicle_id": "A7193", "latitude": 42.714778900146484, "longitude": 23.341640472412109, "raw_occupancy": 0, "timestamp": "2026-09-15 18:05:30" }, "geometry": { "type": "Point", "coordinates": [ 23.341640472412109, 42.714778900146484 ] } },
{ "type": "Feature", "properties": { "vehicle_id": "A3408", "latitude": 42.6722412109375, "longitude": 23.394567489624023, "raw_occupancy": 1, "timestamp": "2026-09-15 18:05:30" }, "geometry": { "type": "Point", "coordinates": [ 23.394567489624023, 42.6722412109375 ] } },
{ "type": "Feature", "properties": { "vehicle_id": "A3301", "latitude": 42.659877777099609, "longitude": 23.347579956054688, "raw_occupancy": 2, "timestamp": "2026-09-15 18:05:30" }, "geometry": { "type": "Point", "coordinates": [ 23.347579956054688, 42.659877777099609 ] } },
{ "type": "Feature", "properties": { "vehicle_id": "A2056", "latitude": 42.744602203369141, "longitude": 23.347877502441406, "raw_occupancy": 2, "timestamp": "2026-09-15 18:05:30" }, "geometry": { "type": "Point", "coordinates": [ 23.347877502441406, 42.744602203369141 ] } },
{ "type": "Feature", "properties": { "vehicle_id": "A3109", "latitude": 42.686595916748047, "longitude": 23.342966079711914, "raw_occupancy": 3, "timestamp": "2026-09-15 18:05:30" }, "geometry": { "type": "Point", "coordinates": [ 23.342966079711914, 42.686595916748047 ] } },
{ "type": "Feature", "properties": { "vehicle_id": "A2504", "latitude": 42.726757049560547, "longitude": 23.252790451049805, "raw_occupancy": 2, "timestamp": "2026-09-15 18:05:30" }, "geometry": { "type": "Point", "coordinates": [ 23.252790451049805, 42.726757049560547 ] } },
{ "type": "Feature", "properties": { "vehicle_id": "A2059", "latitude": 42.691436767578125, "longitude": 23.382064819335938, "raw_occupancy": 2, "timestamp": "2026-09-15 18:05:30" }, "geometry": { "type": "Point", "coordinates": [ 23.382064819335938, 42.691436767578125 ] } },
{ "type": "Feature", "properties": { "vehicle_id": "A3617", "latitude": 42.679744720458984, "longitude": 23.304439544677734, "raw_occupancy": 1, "timestamp": "2026-09-15 18:05:30" }, "geometry": { "type": "Point", "coordinates": [ 23.304439544677734, 42.679744720458984 ] } },
{ "type": "Feature", "properties": { "vehicle_id": "A7079", "latitude": 42.704593658447266, "longitude": 23.331144332885742, "raw_occupancy": 2, "timestamp": "2026-09-15 18:05:30" }, "geometry": { "type": "Point", "coordinates": [ 23.331144332885742, 42.704593658447266 ] } },
{ "type": "Feature", "properties": { "vehicle_id": "A3134", "latitude": 42.674282073974609, "longitude": 23.345832824707031, "raw_occupancy": 3, "timestamp": "2026-09-15 18:05:30" }, "geometry": { "type": "Point", "coordinates": [ 23.345832824707031, 42.674282073974609 ] } },
{ "type": "Feature", "properties": { "vehicle_id": "A2038", "latitude": 42.691043853759766, "longitude": 23.336685180664062, "raw_occupancy": 1, "timestamp": "2026-09-15 18:05:30" }, "geometry": { "type": "Point", "coordinates": [ 23.336685180664062, 42.691043853759766 ] } },
{ "type": "Feature", "properties": { "vehicle_id": "A7109", "latitude": 42.738468170166016, "longitude": 23.503583908081055, "raw_occupancy": 1, "timestamp": "2026-09-15 18:05:30" }, "geometry": { "type": "Point", "coordinates": [ 23.503583908081055, 42.738468170166016 ] } },
{ "type": "Feature", "properties": { "vehicle_id": "A3651", "latitude": 42.641422271728516, "longitude": 23.372673034667969, "raw_occupancy": 1, "timestamp": "2026-09-15 18:05:30" }, "geometry": { "type": "Point", "coordinates": [ 23.372673034667969, 42.641422271728516 ] } },
{ "type": "Feature", "properties": { "vehicle_id": "A1620", "latitude": 42.646041870117188, "longitude": 23.37578010559082, "raw_occupancy": 1, "timestamp": "2026-09-15 18:05:30" }, "geometry": { "type": "Point", "coordinates": [ 23.37578010559082, 42.646041870117188 ] } },
{ "type": "Feature", "properties": { "vehicle_id": "A2302", "latitude": 42.664714813232422, "longitude": 23.361063003540039, "raw_occupancy": 2, "timestamp": "2026-09-15 18:05:30" }, "geometry": { "type": "Point", "coordinates": [ 23.361063003540039, 42.664714813232422 ] } },
{ "type": "Feature", "properties": { "vehicle_id": "A7091", "latitude": 42.781147003173828, "longitude": 23.517986297607422, "raw_occupancy": 1, "timestamp": "2026-09-15 18:05:30" }, "geometry": { "type": "Point", "coordinates": [ 23.517986297607422, 42.781147003173828 ] } },
{ "type": "Feature", "properties": { "vehicle_id": "A1855", "latitude": 42.667709350585938, "longitude": 23.265415191650391, "raw_occupancy": 1, "timestamp": "2026-09-15 18:05:30" }, "geometry": { "type": "Point", "coordinates": [ 23.265415191650391, 42.667709350585938 ] } },
{ "type": "Feature", "properties": { "vehicle_id": "A1809", "latitude": 42.632465362548828, "longitude": 23.334554672241211, "raw_occupancy": 0, "timestamp": "2026-09-15 18:05:30" }, "geometry": { "type": "Point", "coordinates": [ 23.334554672241211, 42.632465362548828 ] } },
{ "type": "Feature", "properties": { "vehicle_id": "A1213", "latitude": 42.712055206298828, "longitude": 23.158836364746094, "raw_occupancy": 3, "timestamp": "2026-09-15 18:05:30" }, "geometry": { "type": "Point", "coordinates": [ 23.158836364746094, 42.712055206298828 ] } },
{ "type": "Feature", "properties": { "vehicle_id": "A2314", "latitude": 42.683803558349609, "longitude": 23.322351455688477, "raw_occupancy": 3, "timestamp": "2026-09-15 18:05:30" }, "geometry": { "type": "Point", "coordinates": [ 23.322351455688477, 42.683803558349609 ] } },
{ "type": "Feature", "properties": { "vehicle_id": "A2083", "latitude": 42.715877532958984, "longitude": 23.322944641113281, "raw_occupancy": 1, "timestamp": "2026-09-15 18:05:30" }, "geometry": { "type": "Point", "coordinates": [ 23.322944641113281, 42.715877532958984 ] } },
{ "type": "Feature", "properties": { "vehicle_id": "A2517", "latitude": 42.659019470214844, "longitude": 23.327634811401367, "raw_occupancy": 0, "timestamp": "2026-09-15 18:05:30" }, "geometry": { "type": "Point", "coordinates": [ 23.327634811401367, 42.659019470214844 ] } },
{ "type": "Feature", "properties": { "vehicle_id": "A2081", "latitude": 42.557533264160156, "longitude": 23.451162338256836, "raw_occupancy": 0, "timestamp": "2026-09-15 18:05:30" }, "geometry": { "type": "Point", "coordinates": [ 23.451162338256836, 42.557533264160156 ] } },
{ "type": "Feature", "properties": { "vehicle_id": "A7051", "latitude": 42.706600189208984, "longitude": 23.469367980957031, "raw_occupancy": 3, "timestamp": "2026-09-15 18:05:30" }, "geometry": { "type": "Point", "coordinates": [ 23.469367980957031, 42.706600189208984 ] } },
{ "type": "Feature", "properties": { "vehicle_id": "A1803", "latitude": 42.649818420410156, "longitude": 23.214937210083008, "raw_occupancy": 2, "timestamp": "2026-09-15 18:05:30" }, "geometry": { "type": "Point", "coordinates": [ 23.214937210083008, 42.649818420410156 ] } },
{ "type": "Feature", "properties": { "vehicle_id": "A7081", "latitude": 42.779827117919922, "longitude": 23.37287712097168, "raw_occupancy": 1, "timestamp": "2026-09-15 18:05:30" }, "geometry": { "type": "Point", "coordinates": [ 23.37287712097168, 42.779827117919922 ] } },
{ "type": "Feature", "properties": { "vehicle_id": "A2027", "latitude": 42.679145812988281, "longitude": 23.34370231628418, "raw_occupancy": 1, "timestamp": "2026-09-15 18:05:30" }, "geometry": { "type": "Point", "coordinates": [ 23.34370231628418, 42.679145812988281 ] } },
{ "type": "Feature", "properties": { "vehicle_id": "A1166", "latitude": 42.676433563232422, "longitude": 23.288068771362305, "raw_occupancy": 2, "timestamp": "2026-09-15 18:05:30" }, "geometry": { "type": "Point", "coordinates": [ 23.288068771362305, 42.676433563232422 ] } },
{ "type": "Feature", "properties": { "vehicle_id": "A3116", "latitude": 42.669277191162109, "longitude": 23.352533340454102, "raw_occupancy": 1, "timestamp": "2026-09-15 18:05:30" }, "geometry": { "type": "Point", "coordinates": [ 23.352533340454102, 42.669277191162109 ] } },
{ "type": "Feature", "properties": { "vehicle_id": "A1222", "latitude": 42.685188293457031, "longitude": 23.119369506835938, "raw_occupancy": 1, "timestamp": "2026-09-15 18:05:30" }, "geometry": { "type": "Point", "coordinates": [ 23.119369506835938, 42.685188293457031 ] } },
{ "type": "Feature", "properties": { "vehicle_id": "A3125", "latitude": 42.625423431396484, "longitude": 23.373615264892578, "raw_occupancy": 1, "timestamp": "2026-09-15 18:05:30" }, "geometry": { "type": "Point", "coordinates": [ 23.373615264892578, 42.625423431396484 ] } },
{ "type": "Feature", "properties": { "vehicle_id": "A1223", "latitude": 42.639400482177734, "longitude": 23.3184814453125, "raw_occupancy": 0, "timestamp": "2026-09-15 18:05:30" }, "geometry": { "type": "Point", "coordinates": [ 23.3184814453125, 42.639400482177734 ] } },
{ "type": "Feature", "properties": { "vehicle_id": "A1805", "latitude": 42.660423278808594, "longitude": 23.264307022094727, "raw_occupancy": 3, "timestamp": "2026-09-15 18:05:30" }, "geometry": { "type": "Point", "coordinates": [ 23.264307022094727, 42.660423278808594 ] } },
{ "type": "Feature", "properties": { "vehicle_id": "A7121", "latitude": 42.709529876708984, "longitude": 23.335386276245117, "raw_occupancy": 3, "timestamp": "2026-09-15 18:05:30" }, "geometry": { "type": "Point", "coordinates": [ 23.335386276245117, 42.709529876708984 ] } },
{ "type": "Feature", "properties": { "vehicle_id": "A2315", "latitude": 42.657398223876953, "longitude": 23.359031677246094, "raw_occupancy": 3, "timestamp": "2026-09-15 18:05:30" }, "geometry": { "type": "Point", "coordinates": [ 23.359031677246094, 42.657398223876953 ] } },
{ "type": "Feature", "properties": { "vehicle_id": "A7159", "latitude": 42.829292297363281, "longitude": 23.340044021606445, "raw_occupancy": 1, "timestamp": "2026-09-15 18:05:30" }, "geometry": { "type": "Point", "coordinates": [ 23.340044021606445, 42.829292297363281 ] } },
{ "type": "Feature", "properties": { "vehicle_id": "A1025", "latitude": 42.66119384765625, "longitude": 23.265195846557617, "raw_occupancy": 3, "timestamp": "2026-09-15 18:05:30" }, "geometry": { "type": "Point", "coordinates": [ 23.265195846557617, 42.66119384765625 ] } },
{ "type": "Feature", "properties": { "vehicle_id": "A2515", "latitude": 42.678287506103516, "longitude": 23.360626220703125, "raw_occupancy": 0, "timestamp": "2026-09-15 18:05:30" }, "geometry": { "type": "Point", "coordinates": [ 23.360626220703125, 42.678287506103516 ] } },
{ "type": "Feature", "properties": { "vehicle_id": "A3601", "latitude": 42.663360595703125, "longitude": 23.415826797485352, "raw_occupancy": 1, "timestamp": "2026-09-15 18:05:30" }, "geometry": { "type": "Point", "coordinates": [ 23.415826797485352, 42.663360595703125 ] } },
{ "type": "Feature", "properties": { "vehicle_id": "A7135", "latitude": 42.794975280761719, "longitude": 23.268054962158203, "raw_occupancy": 1, "timestamp": "2026-09-15 18:05:30" }, "geometry": { "type": "Point", "coordinates": [ 23.268054962158203, 42.794975280761719 ] } },
{ "type": "Feature", "properties": { "vehicle_id": "A1819", "latitude": 42.737266540527344, "longitude": 23.272518157958984, "raw_occupancy": 1, "timestamp": "2026-09-15 18:05:30" }, "geometry": { "type": "Point", "coordinates": [ 23.272518157958984, 42.737266540527344 ] } },
{ "type": "Feature", "properties": { "vehicle_id": "A1230", "latitude": 42.718616485595703, "longitude": 23.253602981567383, "raw_occupancy": 4, "timestamp": "2026-09-15 18:05:30" }, "geometry": { "type": "Point", "coordinates": [ 23.253602981567383, 42.718616485595703 ] } },
{ "type": "Feature", "properties": { "vehicle_id": "A7113", "latitude": 42.714134216308594, "longitude": 23.358152389526367, "raw_occupancy": 1, "timestamp": "2026-09-15 18:05:30" }, "geometry": { "type": "Point", "coordinates": [ 23.358152389526367, 42.714134216308594 ] } },
{ "type": "Feature", "properties": { "vehicle_id": "A3137", "latitude": 42.657459259033203, "longitude": 23.385660171508789, "raw_occupancy": 2, "timestamp": "2026-09-15 18:05:30" }, "geometry": { "type": "Point", "coordinates": [ 23.385660171508789, 42.657459259033203 ] } },
{ "type": "Feature", "properties": { "vehicle_id": "A2720", "latitude": 42.793498992919922, "longitude": 23.392194747924805, "raw_occupancy": 1, "timestamp": "2026-09-15 18:05:30" }, "geometry": { "type": "Point", "coordinates": [ 23.392194747924805, 42.793498992919922 ] } },
{ "type": "Feature", "properties": { "vehicle_id": "A2500", "latitude": 42.683723449707031, "longitude": 23.322023391723633, "raw_occupancy": 2, "timestamp": "2026-09-15 18:05:30" }, "geometry": { "type": "Point", "coordinates": [ 23.322023391723633, 42.683723449707031 ] } },
{ "type": "Feature", "properties": { "vehicle_id": "A7043", "latitude": 42.826316833496094, "longitude": 23.353876113891602, "raw_occupancy": 1, "timestamp": "2026-09-15 18:05:30" }, "geometry": { "type": "Point", "coordinates": [ 23.353876113891602, 42.826316833496094 ] } },
{ "type": "Feature", "properties": { "vehicle_id": "A1404", "latitude": 42.66015625, "longitude": 23.31806755065918, "raw_occupancy": 1, "timestamp": "2026-09-15 18:05:30" }, "geometry": { "type": "Point", "coordinates": [ 23.31806755065918, 42.66015625 ] } },
{ "type": "Feature", "properties": { "vehicle_id": "A1211", "latitude": 42.695499420166016, "longitude": 23.244058609008789, "raw_occupancy": 1, "timestamp": "2026-09-15 18:05:30" }, "geometry": { "type": "Point", "coordinates": [ 23.244058609008789, 42.695499420166016 ] } },
{ "type": "Feature", "properties": { "vehicle_id": "A2054", "latitude": 42.690773010253906, "longitude": 23.358848571777344, "raw_occupancy": 2, "timestamp": "2026-09-15 18:05:30" }, "geometry": { "type": "Point", "coordinates": [ 23.358848571777344, 42.690773010253906 ] } },
{ "type": "Feature", "properties": { "vehicle_id": "A1229", "latitude": 42.714694976806641, "longitude": 23.172195434570312, "raw_occupancy": 1, "timestamp": "2026-09-15 18:05:30" }, "geometry": { "type": "Point", "coordinates": [ 23.172195434570312, 42.714694976806641 ] } },
{ "type": "Feature", "properties": { "vehicle_id": "A2306", "latitude": 42.677009582519531, "longitude": 23.356443405151367, "raw_occupancy": 1, "timestamp": "2026-09-15 18:05:30" }, "geometry": { "type": "Point", "coordinates": [ 23.356443405151367, 42.677009582519531 ] } },
{ "type": "Feature", "properties": { "vehicle_id": "A3146", "latitude": 42.657501220703125, "longitude": 23.394741058349609, "raw_occupancy": 2, "timestamp": "2026-09-15 18:05:30" }, "geometry": { "type": "Point", "coordinates": [ 23.394741058349609, 42.657501220703125 ] } },
{ "type": "Feature", "properties": { "vehicle_id": "A3657", "latitude": 42.673576354980469, "longitude": 23.381496429443359, "raw_occupancy": 2, "timestamp": "2026-09-15 18:05:30" }, "geometry": { "type": "Point", "coordinates": [ 23.381496429443359, 42.673576354980469 ] } },
{ "type": "Feature", "properties": { "vehicle_id": "A7155", "latitude": 42.720252990722656, "longitude": 23.445392608642578, "raw_occupancy": 3, "timestamp": "2026-09-15 18:05:30" }, "geometry": { "type": "Point", "coordinates": [ 23.445392608642578, 42.720252990722656 ] } },
{ "type": "Feature", "properties": { "vehicle_id": "A2072", "latitude": 42.699546813964844, "longitude": 23.342752456665039, "raw_occupancy": 1, "timestamp": "2026-09-15 18:05:30" }, "geometry": { "type": "Point", "coordinates": [ 23.342752456665039, 42.699546813964844 ] } },
{ "type": "Feature", "properties": { "vehicle_id": "A3139", "latitude": 42.666801452636719, "longitude": 23.283472061157227, "raw_occupancy": 2, "timestamp": "2026-09-15 18:05:30" }, "geometry": { "type": "Point", "coordinates": [ 23.283472061157227, 42.666801452636719 ] } },
{ "type": "Feature", "properties": { "vehicle_id": "A1606", "latitude": 42.729480743408203, "longitude": 23.247650146484375, "raw_occupancy": 0, "timestamp": "2026-09-15 18:05:30" }, "geometry": { "type": "Point", "coordinates": [ 23.247650146484375, 42.729480743408203 ] } },
{ "type": "Feature", "properties": { "vehicle_id": "A1849", "latitude": 42.732746124267578, "longitude": 23.288520812988281, "raw_occupancy": 2, "timestamp": "2026-09-15 18:05:30" }, "geometry": { "type": "Point", "coordinates": [ 23.288520812988281, 42.732746124267578 ] } },
{ "type": "Feature", "properties": { "vehicle_id": "A2733", "latitude": 42.755973815917969, "longitude": 23.318944931030273, "raw_occupancy": 1, "timestamp": "2026-09-15 18:05:30" }, "geometry": { "type": "Point", "coordinates": [ 23.318944931030273, 42.755973815917969 ] } },
{ "type": "Feature", "properties": { "vehicle_id": "A7129", "latitude": 42.747695922851562, "longitude": 23.556760787963867, "raw_occupancy": 2, "timestamp": "2026-09-15 18:05:30" }, "geometry": { "type": "Point", "coordinates": [ 23.556760787963867, 42.747695922851562 ] } },
{ "type": "Feature", "properties": { "vehicle_id": "A7153", "latitude": 42.725593566894531, "longitude": 23.261056900024414, "raw_occupancy": 0, "timestamp": "2026-09-15 18:05:30" }, "geometry": { "type": "Point", "coordinates": [ 23.261056900024414, 42.725593566894531 ] } },
{ "type": "Feature", "properties": { "vehicle_id": "A3628", "latitude": 42.685375213623047, "longitude": 23.328989028930664, "raw_occupancy": 2, "timestamp": "2026-09-15 18:05:30" }, "geometry": { "type": "Point", "coordinates": [ 23.328989028930664, 42.685375213623047 ] } },
{ "type": "Feature", "properties": { "vehicle_id": "A2058", "latitude": 42.695838928222656, "longitude": 23.28459358215332, "raw_occupancy": 1, "timestamp": "2026-09-15 18:05:30" }, "geometry": { "type": "Point", "coordinates": [ 23.28459358215332, 42.695838928222656 ] } },
{ "type": "Feature", "properties": { "vehicle_id": "A1127", "latitude": 42.776138305664062, "longitude": 23.1802978515625, "raw_occupancy": 1, "timestamp": "2026-09-15 18:05:30" }, "geometry": { "type": "Point", "coordinates": [ 23.1802978515625, 42.776138305664062 ] } },
{ "type": "Feature", "properties": { "vehicle_id": "A7137", "latitude": 42.768775939941406, "longitude": 23.405853271484375, "raw_occupancy": 1, "timestamp": "2026-09-15 18:05:30" }, "geometry": { "type": "Point", "coordinates": [ 23.405853271484375, 42.768775939941406 ] } },
{ "type": "Feature", "properties": { "vehicle_id": "A7085", "latitude": 42.70513916015625, "longitude": 23.489486694335938, "raw_occupancy": 1, "timestamp": "2026-09-15 18:05:30" }, "geometry": { "type": "Point", "coordinates": [ 23.489486694335938, 42.70513916015625 ] } },
{ "type": "Feature", "properties": { "vehicle_id": "A1231", "latitude": 42.712745666503906, "longitude": 23.299301147460938, "raw_occupancy": 2, "timestamp": "2026-09-15 18:05:30" }, "geometry": { "type": "Point", "coordinates": [ 23.299301147460938, 42.712745666503906 ] } },
{ "type": "Feature", "properties": { "vehicle_id": "A1305", "latitude": 42.659603118896484, "longitude": 23.24351692199707, "raw_occupancy": 1, "timestamp": "2026-09-15 18:05:30" }, "geometry": { "type": "Point", "coordinates": [ 23.24351692199707, 42.659603118896484 ] } },
{ "type": "Feature", "properties": { "vehicle_id": "A1426", "latitude": 42.640102386474609, "longitude": 23.316661834716797, "raw_occupancy": 3, "timestamp": "2026-09-15 18:05:30" }, "geometry": { "type": "Point", "coordinates": [ 23.316661834716797, 42.640102386474609 ] } },
{ "type": "Feature", "properties": { "vehicle_id": "A2001", "latitude": 42.700790405273438, "longitude": 23.351406097412109, "raw_occupancy": 3, "timestamp": "2026-09-15 18:05:30" }, "geometry": { "type": "Point", "coordinates": [ 23.351406097412109, 42.700790405273438 ] } },
{ "type": "Feature", "properties": { "vehicle_id": "A2026", "latitude": 42.704303741455078, "longitude": 23.386388778686523, "raw_occupancy": 1, "timestamp": "2026-09-15 18:05:30" }, "geometry": { "type": "Point", "coordinates": [ 23.386388778686523, 42.704303741455078 ] } },
{ "type": "Feature", "properties": { "vehicle_id": "A2309", "latitude": 42.691951751708984, "longitude": 23.342342376708984, "raw_occupancy": 1, "timestamp": "2026-09-15 18:05:30" }, "geometry": { "type": "Point", "coordinates": [ 23.342342376708984, 42.691951751708984 ] } },
{ "type": "Feature", "properties": { "vehicle_id": "A1821", "latitude": 42.710540771484375, "longitude": 23.230400085449219, "raw_occupancy": 3, "timestamp": "2026-09-15 18:05:30" }, "geometry": { "type": "Point", "coordinates": [ 23.230400085449219, 42.710540771484375 ] } },
{ "type": "Feature", "properties": { "vehicle_id": "A1212", "latitude": 42.6661376953125, "longitude": 23.288415908813477, "raw_occupancy": 1, "timestamp": "2026-09-15 18:05:30" }, "geometry": { "type": "Point", "coordinates": [ 23.288415908813477, 42.6661376953125 ] } },
{ "type": "Feature", "properties": { "vehicle_id": "A2003", "latitude": 42.714752197265625, "longitude": 23.244207382202148, "raw_occupancy": 2, "timestamp": "2026-09-15 18:05:30" }, "geometry": { "type": "Point", "coordinates": [ 23.244207382202148, 42.714752197265625 ] } },
{ "type": "Feature", "properties": { "vehicle_id": "A2815", "latitude": 42.739978790283203, "longitude": 23.331342697143555, "raw_occupancy": 0, "timestamp": "2026-09-15 18:05:30" }, "geometry": { "type": "Point", "coordinates": [ 23.331342697143555, 42.739978790283203 ] } },
{ "type": "Feature", "properties": { "vehicle_id": "A2047", "latitude": 42.734588623046875, "longitude": 23.291677474975586, "raw_occupancy": 2, "timestamp": "2026-09-15 18:05:30" }, "geometry": { "type": "Point", "coordinates": [ 23.291677474975586, 42.734588623046875 ] } },
{ "type": "Feature", "properties": { "vehicle_id": "A2036", "latitude": 42.6536865234375, "longitude": 23.345399856567383, "raw_occupancy": 1, "timestamp": "2026-09-15 18:05:30" }, "geometry": { "type": "Point", "coordinates": [ 23.345399856567383, 42.6536865234375 ] } },
{ "type": "Feature", "properties": { "vehicle_id": "A2024", "latitude": 42.650634765625, "longitude": 23.342128753662109, "raw_occupancy": 2, "timestamp": "2026-09-15 18:05:30" }, "geometry": { "type": "Point", "coordinates": [ 23.342128753662109, 42.650634765625 ] } },
{ "type": "Feature", "properties": { "vehicle_id": "A3018", "latitude": 42.694133758544922, "longitude": 23.366315841674805, "raw_occupancy": 3, "timestamp": "2026-09-15 18:05:30" }, "geometry": { "type": "Point", "coordinates": [ 23.366315841674805, 42.694133758544922 ] } },
{ "type": "Feature", "properties": { "vehicle_id": "A3634", "latitude": 42.668510437011719, "longitude": 23.425012588500977, "raw_occupancy": 0, "timestamp": "2026-09-15 18:05:30" }, "geometry": { "type": "Point", "coordinates": [ 23.425012588500977, 42.668510437011719 ] } },
{ "type": "Feature", "properties": { "vehicle_id": "A1012", "latitude": 42.643108367919922, "longitude": 23.345046997070312, "raw_occupancy": 3, "timestamp": "2026-09-15 18:05:30" }, "geometry": { "type": "Point", "coordinates": [ 23.345046997070312, 42.643108367919922 ] } },
{ "type": "Feature", "properties": { "vehicle_id": "A2025", "latitude": 42.661300659179688, "longitude": 23.346471786499023, "raw_occupancy": 2, "timestamp": "2026-09-15 18:05:30" }, "geometry": { "type": "Point", "coordinates": [ 23.346471786499023, 42.661300659179688 ] } },
{ "type": "Feature", "properties": { "vehicle_id": "A1175", "latitude": 42.7313232421875, "longitude": 23.283388137817383, "raw_occupancy": 2, "timestamp": "2026-09-15 18:05:30" }, "geometry": { "type": "Point", "coordinates": [ 23.283388137817383, 42.7313232421875 ] } },
{ "type": "Feature", "properties": { "vehicle_id": "A2140", "latitude": 42.711498260498047, "longitude": 23.332700729370117, "raw_occupancy": 1, "timestamp": "2026-09-15 18:05:30" }, "geometry": { "type": "Point", "coordinates": [ 23.332700729370117, 42.711498260498047 ] } },
{ "type": "Feature", "properties": { "vehicle_id": "A1408", "latitude": 42.650287628173828, "longitude": 23.31568717956543, "raw_occupancy": 2, "timestamp": "2026-09-15 18:05:30" }, "geometry": { "type": "Point", "coordinates": [ 23.31568717956543, 42.650287628173828 ] } },
{ "type": "Feature", "properties": { "vehicle_id": "A1117", "latitude": 42.749046325683594, "longitude": 23.227439880371094, "raw_occupancy": 3, "timestamp": "2026-09-15 18:05:30" }, "geometry": { "type": "Point", "coordinates": [ 23.227439880371094, 42.749046325683594 ] } },
{ "type": "Feature", "properties": { "vehicle_id": "A7145", "latitude": 42.699851989746094, "longitude": 23.369590759277344, "raw_occupancy": 3, "timestamp": "2026-09-15 18:05:30" }, "geometry": { "type": "Point", "coordinates": [ 23.369590759277344, 42.699851989746094 ] } },
{ "type": "Feature", "properties": { "vehicle_id": "A1421", "latitude": 42.654293060302734, "longitude": 23.283149719238281, "raw_occupancy": 2, "timestamp": "2026-09-15 18:05:30" }, "geometry": { "type": "Point", "coordinates": [ 23.283149719238281, 42.654293060302734 ] } },
{ "type": "Feature", "properties": { "vehicle_id": "A2060", "latitude": 42.647502899169922, "longitude": 23.39544677734375, "raw_occupancy": 3, "timestamp": "2026-09-15 18:05:30" }, "geometry": { "type": "Point", "coordinates": [ 23.39544677734375, 42.647502899169922 ] } },
{ "type": "Feature", "properties": { "vehicle_id": "A1841", "latitude": 42.692020416259766, "longitude": 23.230270385742188, "raw_occupancy": 3, "timestamp": "2026-09-15 18:05:30" }, "geometry": { "type": "Point", "coordinates": [ 23.230270385742188, 42.692020416259766 ] } },
{ "type": "Feature", "properties": { "vehicle_id": "A7123", "latitude": 42.709255218505859, "longitude": 23.395240783691406, "raw_occupancy": 2, "timestamp": "2026-09-15 18:05:30" }, "geometry": { "type": "Point", "coordinates": [ 23.395240783691406, 42.709255218505859 ] } },
{ "type": "Feature", "properties": { "vehicle_id": "A1160", "latitude": 42.654666900634766, "longitude": 23.336101531982422, "raw_occupancy": 1, "timestamp": "2026-09-15 18:05:30" }, "geometry": { "type": "Point", "coordinates": [ 23.336101531982422, 42.654666900634766 ] } },
{ "type": "Feature", "properties": { "vehicle_id": "A3626", "latitude": 42.649845123291016, "longitude": 23.359371185302734, "raw_occupancy": 3, "timestamp": "2026-09-15 18:05:30" }, "geometry": { "type": "Point", "coordinates": [ 23.359371185302734, 42.649845123291016 ] } },
{ "type": "Feature", "properties": { "vehicle_id": "A2037", "latitude": 42.646141052246094, "longitude": 23.342084884643555, "raw_occupancy": 1, "timestamp": "2026-09-15 18:05:30" }, "geometry": { "type": "Point", "coordinates": [ 23.342084884643555, 42.646141052246094 ] } },
{ "type": "Feature", "properties": { "vehicle_id": "A2722", "latitude": 42.783557891845703, "longitude": 23.394575119018555, "raw_occupancy": 1, "timestamp": "2026-09-15 18:05:30" }, "geometry": { "type": "Point", "coordinates": [ 23.394575119018555, 42.783557891845703 ] } },
{ "type": "Feature", "properties": { "vehicle_id": "A2053", "latitude": 42.554679870605469, "longitude": 23.425870895385742, "raw_occupancy": 1, "timestamp": "2026-09-15 18:05:30" }, "geometry": { "type": "Point", "coordinates": [ 23.425870895385742, 42.554679870605469 ] } },
{ "type": "Feature", "properties": { "vehicle_id": "A3605", "latitude": 42.628231048583984, "longitude": 23.513240814208984, "raw_occupancy": 0, "timestamp": "2026-09-15 18:05:30" }, "geometry": { "type": "Point", "coordinates": [ 23.513240814208984, 42.628231048583984 ] } },
{ "type": "Feature", "properties": { "vehicle_id": "A3312", "latitude": 42.702243804931641, "longitude": 23.338773727416992, "raw_occupancy": 2, "timestamp": "2026-09-15 18:05:30" }, "geometry": { "type": "Point", "coordinates": [ 23.338773727416992, 42.702243804931641 ] } },
{ "type": "Feature", "properties": { "vehicle_id": "A3143", "latitude": 42.672653198242188, "longitude": 23.293577194213867, "raw_occupancy": 2, "timestamp": "2026-09-15 18:05:30" }, "geometry": { "type": "Point", "coordinates": [ 23.293577194213867, 42.672653198242188 ] } },
{ "type": "Feature", "properties": { "vehicle_id": "A2510", "latitude": 42.649848937988281, "longitude": 23.315578460693359, "raw_occupancy": 1, "timestamp": "2026-09-15 18:05:30" }, "geometry": { "type": "Point", "coordinates": [ 23.315578460693359, 42.649848937988281 ] } },
{ "type": "Feature", "properties": { "vehicle_id": "A3666", "latitude": 42.686115264892578, "longitude": 23.401405334472656, "raw_occupancy": 1, "timestamp": "2026-09-15 18:05:30" }, "geometry": { "type": "Point", "coordinates": [ 23.401405334472656, 42.686115264892578 ] } },
{ "type": "Feature", "properties": { "vehicle_id": "A2032", "latitude": 42.654380798339844, "longitude": 23.347551345825195, "raw_occupancy": 1, "timestamp": "2026-09-15 18:05:30" }, "geometry": { "type": "Point", "coordinates": [ 23.347551345825195, 42.654380798339844 ] } },
{ "type": "Feature", "properties": { "vehicle_id": "A2811", "latitude": 42.674758911132812, "longitude": 23.237770080566406, "raw_occupancy": 1, "timestamp": "2026-09-15 18:05:30" }, "geometry": { "type": "Point", "coordinates": [ 23.237770080566406, 42.674758911132812 ] } },
{ "type": "Feature", "properties": { "vehicle_id": "A2305", "latitude": 42.709922790527344, "longitude": 23.358840942382812, "raw_occupancy": 1, "timestamp": "2026-09-15 18:05:30" }, "geometry": { "type": "Point", "coordinates": [ 23.358840942382812, 42.709922790527344 ] } },
{ "type": "Feature", "properties": { "vehicle_id": "A7171", "latitude": 42.730392456054688, "longitude": 23.24815559387207, "raw_occupancy": 1, "timestamp": "2026-09-15 18:05:30" }, "geometry": { "type": "Point", "coordinates": [ 23.24815559387207, 42.730392456054688 ] } },
{ "type": "Feature", "properties": { "vehicle_id": "A7041", "latitude": 42.726436614990234, "longitude": 23.261392593383789, "raw_occupancy": 1, "timestamp": "2026-09-15 18:05:30" }, "geometry": { "type": "Point", "coordinates": [ 23.261392593383789, 42.726436614990234 ] } },
{ "type": "Feature", "properties": { "vehicle_id": "A3126", "latitude": 42.714889526367188, "longitude": 23.311861038208008, "raw_occupancy": 2, "timestamp": "2026-09-15 18:05:30" }, "geometry": { "type": "Point", "coordinates": [ 23.311861038208008, 42.714889526367188 ] } },
{ "type": "Feature", "properties": { "vehicle_id": "A2727", "latitude": 42.742137908935547, "longitude": 23.277915954589844, "raw_occupancy": 1, "timestamp": "2026-09-15 18:05:30" }, "geometry": { "type": "Point", "coordinates": [ 23.277915954589844, 42.742137908935547 ] } },
{ "type": "Feature", "properties": { "vehicle_id": "A3100", "latitude": 42.638618469238281, "longitude": 23.396141052246094, "raw_occupancy": 0, "timestamp": "2026-09-15 18:05:30" }, "geometry": { "type": "Point", "coordinates": [ 23.396141052246094, 42.638618469238281 ] } },
{ "type": "Feature", "properties": { "vehicle_id": "A3117", "latitude": 42.650020599365234, "longitude": 23.378047943115234, "raw_occupancy": 3, "timestamp": "2026-09-15 18:05:30" }, "geometry": { "type": "Point", "coordinates": [ 23.378047943115234, 42.650020599365234 ] } },
{ "type": "Feature", "properties": { "vehicle_id": "A2816", "latitude": 42.712684631347656, "longitude": 23.315132141113281, "raw_occupancy": 1, "timestamp": "2026-09-15 18:05:30" }, "geometry": { "type": "Point", "coordinates": [ 23.315132141113281, 42.712684631347656 ] } },
{ "type": "Feature", "properties": { "vehicle_id": "A3664", "latitude": 42.665782928466797, "longitude": 23.400125503540039, "raw_occupancy": 2, "timestamp": "2026-09-15 18:05:30" }, "geometry": { "type": "Point", "coordinates": [ 23.400125503540039, 42.665782928466797 ] } },
{ "type": "Feature", "properties": { "vehicle_id": "A1825", "latitude": 42.695888519287109, "longitude": 23.188243865966797, "raw_occupancy": 0, "timestamp": "2026-09-15 18:05:30" }, "geometry": { "type": "Point", "coordinates": [ 23.188243865966797, 42.695888519287109 ] } },
{ "type": "Feature", "properties": { "vehicle_id": "A1315", "latitude": 42.656349182128906, "longitude": 23.315973281860352, "raw_occupancy": 2, "timestamp": "2026-09-15 18:05:30" }, "geometry": { "type": "Point", "coordinates": [ 23.315973281860352, 42.656349182128906 ] } },
{ "type": "Feature", "properties": { "vehicle_id": "A2045", "latitude": 42.711399078369141, "longitude": 23.271892547607422, "raw_occupancy": 1, "timestamp": "2026-09-15 18:05:30" }, "geometry": { "type": "Point", "coordinates": [ 23.271892547607422, 42.711399078369141 ] } },
{ "type": "Feature", "properties": { "vehicle_id": "A2069", "latitude": 42.601802825927734, "longitude": 23.480194091796875, "raw_occupancy": 1, "timestamp": "2026-09-15 18:05:30" }, "geometry": { "type": "Point", "coordinates": [ 23.480194091796875, 42.601802825927734 ] } },
{ "type": "Feature", "properties": { "vehicle_id": "A2064", "latitude": 42.820648193359375, "longitude": 23.37016487121582, "raw_occupancy": 0, "timestamp": "2026-09-15 18:05:30" }, "geometry": { "type": "Point", "coordinates": [ 23.37016487121582, 42.820648193359375 ] } },
{ "type": "Feature", "properties": { "vehicle_id": "A2043", "latitude": 42.706928253173828, "longitude": 23.338750839233398, "raw_occupancy": 1, "timestamp": "2026-09-15 18:05:30" }, "geometry": { "type": "Point", "coordinates": [ 23.338750839233398, 42.706928253173828 ] } },
{ "type": "Feature", "properties": { "vehicle_id": "A3671", "latitude": 42.646457672119141, "longitude": 23.354347229003906, "raw_occupancy": 3, "timestamp": "2026-09-15 18:05:30" }, "geometry": { "type": "Point", "coordinates": [ 23.354347229003906, 42.646457672119141 ] } },
{ "type": "Feature", "properties": { "vehicle_id": "A2090", "latitude": 42.639724731445312, "longitude": 23.409284591674805, "raw_occupancy": 3, "timestamp": "2026-09-15 18:05:30" }, "geometry": { "type": "Point", "coordinates": [ 23.409284591674805, 42.639724731445312 ] } },
{ "type": "Feature", "properties": { "vehicle_id": "A2023", "latitude": 42.697944641113281, "longitude": 23.351959228515625, "raw_occupancy": 1, "timestamp": "2026-09-15 18:05:30" }, "geometry": { "type": "Point", "coordinates": [ 23.351959228515625, 42.697944641113281 ] } },
{ "type": "Feature", "properties": { "vehicle_id": "A1163", "latitude": 42.637184143066406, "longitude": 23.372577667236328, "raw_occupancy": 1, "timestamp": "2026-09-15 18:05:30" }, "geometry": { "type": "Point", "coordinates": [ 23.372577667236328, 42.637184143066406 ] } },
{ "type": "Feature", "properties": { "vehicle_id": "A1410", "latitude": 42.661056518554688, "longitude": 23.286125183105469, "raw_occupancy": 3, "timestamp": "2026-09-15 18:05:30" }, "geometry": { "type": "Point", "coordinates": [ 23.286125183105469, 42.661056518554688 ] } },
{ "type": "Feature", "properties": { "vehicle_id": "A2078", "latitude": 42.63299560546875, "longitude": 23.409170150756836, "raw_occupancy": 1, "timestamp": "2026-09-15 18:05:30" }, "geometry": { "type": "Point", "coordinates": [ 23.409170150756836, 42.63299560546875 ] } },
{ "type": "Feature", "properties": { "vehicle_id": "A3119", "latitude": 42.659858703613281, "longitude": 23.348262786865234, "raw_occupancy": 5, "timestamp": "2026-09-15 18:05:30" }, "geometry": { "type": "Point", "coordinates": [ 23.348262786865234, 42.659858703613281 ] } },
{ "type": "Feature", "properties": { "vehicle_id": "A2030", "latitude": 42.664524078369141, "longitude": 23.317548751831055, "raw_occupancy": 1, "timestamp": "2026-09-15 18:05:30" }, "geometry": { "type": "Point", "coordinates": [ 23.317548751831055, 42.664524078369141 ] } },
{ "type": "Feature", "properties": { "vehicle_id": "A1125", "latitude": 42.726600646972656, "longitude": 23.26170539855957, "raw_occupancy": 1, "timestamp": "2026-09-15 18:05:30" }, "geometry": { "type": "Point", "coordinates": [ 23.26170539855957, 42.726600646972656 ] } },
{ "type": "Feature", "properties": { "vehicle_id": "A1169", "latitude": 42.692943572998047, "longitude": 23.281389236450195, "raw_occupancy": 2, "timestamp": "2026-09-15 18:05:30" }, "geometry": { "type": "Point", "coordinates": [ 23.281389236450195, 42.692943572998047 ] } },
{ "type": "Feature", "properties": { "vehicle_id": "A2087", "latitude": 42.807266235351562, "longitude": 23.348630905151367, "raw_occupancy": 1, "timestamp": "2026-09-15 18:05:30" }, "geometry": { "type": "Point", "coordinates": [ 23.348630905151367, 42.807266235351562 ] } },
{ "type": "Feature", "properties": { "vehicle_id": "A1126", "latitude": 42.645584106445312, "longitude": 23.367803573608398, "raw_occupancy": 0, "timestamp": "2026-09-15 18:05:30" }, "geometry": { "type": "Point", "coordinates": [ 23.367803573608398, 42.645584106445312 ] } },
{ "type": "Feature", "properties": { "vehicle_id": "A7059", "latitude": 42.707294464111328, "longitude": 23.408376693725586, "raw_occupancy": 1, "timestamp": "2026-09-15 18:05:30" }, "geometry": { "type": "Point", "coordinates": [ 23.408376693725586, 42.707294464111328 ] } },
{ "type": "Feature", "properties": { "vehicle_id": "A2041", "latitude": 42.718185424804688, "longitude": 23.238426208496094, "raw_occupancy": 0, "timestamp": "2026-09-15 18:05:30" }, "geometry": { "type": "Point", "coordinates": [ 23.238426208496094, 42.718185424804688 ] } },
{ "type": "Feature", "properties": { "vehicle_id": "A3157", "latitude": 42.692371368408203, "longitude": 23.354997634887695, "raw_occupancy": 2, "timestamp": "2026-09-15 18:05:30" }, "geometry": { "type": "Point", "coordinates": [ 23.354997634887695, 42.692371368408203 ] } },
{ "type": "Feature", "properties": { "vehicle_id": "A3015", "latitude": 42.696575164794922, "longitude": 23.347261428833008, "raw_occupancy": 1, "timestamp": "2026-09-15 18:05:30" }, "geometry": { "type": "Point", "coordinates": [ 23.347261428833008, 42.696575164794922 ] } },
{ "type": "Feature", "properties": { "vehicle_id": "A7143", "latitude": 42.713127136230469, "longitude": 23.34442138671875, "raw_occupancy": 1, "timestamp": "2026-09-15 18:05:30" }, "geometry": { "type": "Point", "coordinates": [ 23.34442138671875, 42.713127136230469 ] } },
{ "type": "Feature", "properties": { "vehicle_id": "A1188", "latitude": 42.678676605224609, "longitude": 23.302841186523438, "raw_occupancy": 3, "timestamp": "2026-09-15 18:05:30" }, "geometry": { "type": "Point", "coordinates": [ 23.302841186523438, 42.678676605224609 ] } },
{ "type": "Feature", "properties": { "vehicle_id": "A3159", "latitude": 42.681407928466797, "longitude": 23.313205718994141, "raw_occupancy": 2, "timestamp": "2026-09-15 18:05:30" }, "geometry": { "type": "Point", "coordinates": [ 23.313205718994141, 42.681407928466797 ] } },
{ "type": "Feature", "properties": { "vehicle_id": "A2035", "latitude": 42.678134918212891, "longitude": 23.327348709106445, "raw_occupancy": 2, "timestamp": "2026-09-15 18:05:30" }, "geometry": { "type": "Point", "coordinates": [ 23.327348709106445, 42.678134918212891 ] } },
{ "type": "Feature", "properties": { "vehicle_id": "A7147", "latitude": 42.742183685302734, "longitude": 23.27924919128418, "raw_occupancy": 1, "timestamp": "2026-09-15 18:05:30" }, "geometry": { "type": "Point", "coordinates": [ 23.27924919128418, 42.742183685302734 ] } },
{ "type": "Feature", "properties": { "vehicle_id": "A2804", "latitude": 42.692607879638672, "longitude": 23.360185623168945, "raw_occupancy": 2, "timestamp": "2026-09-15 18:05:30" }, "geometry": { "type": "Point", "coordinates": [ 23.360185623168945, 42.692607879638672 ] } },
{ "type": "Feature", "properties": { "vehicle_id": "A2301", "latitude": 42.694229125976562, "longitude": 23.334747314453125, "raw_occupancy": 2, "timestamp": "2026-09-15 18:05:30" }, "geometry": { "type": "Point", "coordinates": [ 23.334747314453125, 42.694229125976562 ] } },
{ "type": "Feature", "properties": { "vehicle_id": "A2018", "latitude": 42.653694152832031, "longitude": 23.347454071044922, "raw_occupancy": 3, "timestamp": "2026-09-15 18:05:30" }, "geometry": { "type": "Point", "coordinates": [ 23.347454071044922, 42.653694152832031 ] } },
{ "type": "Feature", "properties": { "vehicle_id": "A7071", "latitude": 42.789699554443359, "longitude": 23.272527694702148, "raw_occupancy": 1, "timestamp": "2026-09-15 18:05:30" }, "geometry": { "type": "Point", "coordinates": [ 23.272527694702148, 42.789699554443359 ] } },
{ "type": "Feature", "properties": { "vehicle_id": "A1308", "latitude": 42.660842895507812, "longitude": 23.243284225463867, "raw_occupancy": 0, "timestamp": "2026-09-15 18:05:30" }, "geometry": { "type": "Point", "coordinates": [ 23.243284225463867, 42.660842895507812 ] } },
{ "type": "Feature", "properties": { "vehicle_id": "A7119", "latitude": 42.729598999023438, "longitude": 23.313009262084961, "raw_occupancy": 5, "timestamp": "2026-09-15 18:05:30" }, "geometry": { "type": "Point", "coordinates": [ 23.313009262084961, 42.729598999023438 ] } },
{ "type": "Feature", "properties": { "vehicle_id": "A1603", "latitude": 42.641807556152344, "longitude": 23.311647415161133, "raw_occupancy": 1, "timestamp": "2026-09-15 18:05:30" }, "geometry": { "type": "Point", "coordinates": [ 23.311647415161133, 42.641807556152344 ] } },
{ "type": "Feature", "properties": { "vehicle_id": "A3012", "latitude": 42.693504333496094, "longitude": 23.3516845703125, "raw_occupancy": 2, "timestamp": "2026-09-15 18:05:30" }, "geometry": { "type": "Point", "coordinates": [ 23.3516845703125, 42.693504333496094 ] } },
{ "type": "Feature", "properties": { "vehicle_id": "A2807", "latitude": 42.710788726806641, "longitude": 23.318626403808594, "raw_occupancy": 1, "timestamp": "2026-09-15 18:05:30" }, "geometry": { "type": "Point", "coordinates": [ 23.318626403808594, 42.710788726806641 ] } },
{ "type": "Feature", "properties": { "vehicle_id": "A1614", "latitude": 42.710243225097656, "longitude": 23.230386734008789, "raw_occupancy": 1, "timestamp": "2026-09-15 18:05:30" }, "geometry": { "type": "Point", "coordinates": [ 23.230386734008789, 42.710243225097656 ] } },
{ "type": "Feature", "properties": { "vehicle_id": "A2055", "latitude": 42.719131469726562, "longitude": 23.276172637939453, "raw_occupancy": 1, "timestamp": "2026-09-15 18:05:30" }, "geometry": { "type": "Point", "coordinates": [ 23.276172637939453, 42.719131469726562 ] } },
{ "type": "Feature", "properties": { "vehicle_id": "A3656", "latitude": 42.642402648925781, "longitude": 23.407215118408203, "raw_occupancy": 1, "timestamp": "2026-09-15 18:05:30" }, "geometry": { "type": "Point", "coordinates": [ 23.407215118408203, 42.642402648925781 ] } },
{ "type": "Feature", "properties": { "vehicle_id": "A3670", "latitude": 42.683238983154297, "longitude": 23.348052978515625, "raw_occupancy": 3, "timestamp": "2026-09-15 18:05:30" }, "geometry": { "type": "Point", "coordinates": [ 23.348052978515625, 42.683238983154297 ] } },
{ "type": "Feature", "properties": { "vehicle_id": "A7115", "latitude": 42.793743133544922, "longitude": 23.337188720703125, "raw_occupancy": 2, "timestamp": "2026-09-15 18:05:30" }, "geometry": { "type": "Point", "coordinates": [ 23.337188720703125, 42.793743133544922 ] } },
{ "type": "Feature", "properties": { "vehicle_id": "A3633", "latitude": 42.596759796142578, "longitude": 23.40886116027832, "raw_occupancy": 1, "timestamp": "2026-09-15 18:05:30" }, "geometry": { "type": "Point", "coordinates": [ 23.40886116027832, 42.596759796142578 ] } },
{ "type": "Feature", "properties": { "vehicle_id": "A2085", "latitude": 42.601287841796875, "longitude": 23.351118087768555, "raw_occupancy": 1, "timestamp": "2026-09-15 18:05:30" }, "geometry": { "type": "Point", "coordinates": [ 23.351118087768555, 42.601287841796875 ] } },
{ "type": "Feature", "properties": { "vehicle_id": "A1205", "latitude": 42.673076629638672, "longitude": 23.321557998657227, "raw_occupancy": 1, "timestamp": "2026-09-15 18:05:30" }, "geometry": { "type": "Point", "coordinates": [ 23.321557998657227, 42.673076629638672 ] } },
{ "type": "Feature", "properties": { "vehicle_id": "A1610", "latitude": 42.624282836914062, "longitude": 23.371137619018555, "raw_occupancy": 3, "timestamp": "2026-09-15 18:05:30" }, "geometry": { "type": "Point", "coordinates": [ 23.371137619018555, 42.624282836914062 ] } },
{ "type": "Feature", "properties": { "vehicle_id": "A1301", "latitude": 42.599845886230469, "longitude": 23.171184539794922, "raw_occupancy": 1, "timestamp": "2026-09-15 18:05:30" }, "geometry": { "type": "Point", "coordinates": [ 23.171184539794922, 42.599845886230469 ] } },
{ "type": "Feature", "properties": { "vehicle_id": "A1216", "latitude": 42.764270782470703, "longitude": 23.243850708007812, "raw_occupancy": 0, "timestamp": "2026-09-15 18:05:30" }, "geometry": { "type": "Point", "coordinates": [ 23.243850708007812, 42.764270782470703 ] } },
{ "type": "Feature", "properties": { "vehicle_id": "A2050", "latitude": 42.711589813232422, "longitude": 23.290367126464844, "raw_occupancy": 1, "timestamp": "2026-09-15 18:05:30" }, "geometry": { "type": "Point", "coordinates": [ 23.290367126464844, 42.711589813232422 ] } },
{ "type": "Feature", "properties": { "vehicle_id": "A2042", "latitude": 42.671619415283203, "longitude": 23.336990356445312, "raw_occupancy": 1, "timestamp": "2026-09-15 18:05:30" }, "geometry": { "type": "Point", "coordinates": [ 23.336990356445312, 42.671619415283203 ] } },
{ "type": "Feature", "properties": { "vehicle_id": "A3147", "latitude": 42.685497283935547, "longitude": 23.329313278198242, "raw_occupancy": 3, "timestamp": "2026-09-15 18:05:30" }, "geometry": { "type": "Point", "coordinates": [ 23.329313278198242, 42.685497283935547 ] } },
{ "type": "Feature", "properties": { "vehicle_id": "A7065", "latitude": 42.733261108398438, "longitude": 23.299678802490234, "raw_occupancy": 3, "timestamp": "2026-09-15 18:05:30" }, "geometry": { "type": "Point", "coordinates": [ 23.299678802490234, 42.733261108398438 ] } },
{ "type": "Feature", "properties": { "vehicle_id": "A3655", "latitude": 42.659736633300781, "longitude": 23.347984313964844, "raw_occupancy": 4, "timestamp": "2026-09-15 18:05:30" }, "geometry": { "type": "Point", "coordinates": [ 23.347984313964844, 42.659736633300781 ] } },
{ "type": "Feature", "properties": { "vehicle_id": "A1857", "latitude": 42.682361602783203, "longitude": 23.255559921264648, "raw_occupancy": 2, "timestamp": "2026-09-15 18:05:30" }, "geometry": { "type": "Point", "coordinates": [ 23.255559921264648, 42.682361602783203 ] } },
{ "type": "Feature", "properties": { "vehicle_id": "A3410", "latitude": 42.682437896728516, "longitude": 23.301742553710938, "raw_occupancy": 2, "timestamp": "2026-09-15 18:05:30" }, "geometry": { "type": "Point", "coordinates": [ 23.301742553710938, 42.682437896728516 ] } },
{ "type": "Feature", "properties": { "vehicle_id": "A3141", "latitude": 42.655086517333984, "longitude": 23.399679183959961, "raw_occupancy": 3, "timestamp": "2026-09-15 18:05:30" }, "geometry": { "type": "Point", "coordinates": [ 23.399679183959961, 42.655086517333984 ] } },
{ "type": "Feature", "properties": { "vehicle_id": "A2307", "latitude": 42.650466918945312, "longitude": 23.342079162597656, "raw_occupancy": 1, "timestamp": "2026-09-15 18:05:30" }, "geometry": { "type": "Point", "coordinates": [ 23.342079162597656, 42.650466918945312 ] } },
{ "type": "Feature", "properties": { "vehicle_id": "A7189", "latitude": 42.723709106445312, "longitude": 23.343538284301758, "raw_occupancy": 5, "timestamp": "2026-09-15 18:05:30" }, "geometry": { "type": "Point", "coordinates": [ 23.343538284301758, 42.723709106445312 ] } },
{ "type": "Feature", "properties": { "vehicle_id": "A3620", "latitude": 42.651947021484375, "longitude": 23.374547958374023, "raw_occupancy": 1, "timestamp": "2026-09-15 18:05:30" }, "geometry": { "type": "Point", "coordinates": [ 23.374547958374023, 42.651947021484375 ] } },
{ "type": "Feature", "properties": { "vehicle_id": "A2034", "latitude": 42.707084655761719, "longitude": 23.381027221679688, "raw_occupancy": 2, "timestamp": "2026-09-15 18:05:30" }, "geometry": { "type": "Point", "coordinates": [ 23.381027221679688, 42.707084655761719 ] } },
{ "type": "Feature", "properties": { "vehicle_id": "A2051", "latitude": 42.692790985107422, "longitude": 23.345355987548828, "raw_occupancy": 3, "timestamp": "2026-09-15 18:05:30" }, "geometry": { "type": "Point", "coordinates": [ 23.345355987548828, 42.692790985107422 ] } },
{ "type": "Feature", "properties": { "vehicle_id": "A3013", "latitude": 42.686515808105469, "longitude": 23.330341339111328, "raw_occupancy": 2, "timestamp": "2026-09-15 18:05:30" }, "geometry": { "type": "Point", "coordinates": [ 23.330341339111328, 42.686515808105469 ] } },
{ "type": "Feature", "properties": { "vehicle_id": "A7055", "latitude": 42.703891754150391, "longitude": 23.386764526367188, "raw_occupancy": 0, "timestamp": "2026-09-15 18:05:30" }, "geometry": { "type": "Point", "coordinates": [ 23.386764526367188, 42.703891754150391 ] } },
{ "type": "Feature", "properties": { "vehicle_id": "A1165", "latitude": 42.672458648681641, "longitude": 23.293865203857422, "raw_occupancy": 3, "timestamp": "2026-09-15 18:05:30" }, "geometry": { "type": "Point", "coordinates": [ 23.293865203857422, 42.672458648681641 ] } },
{ "type": "Feature", "properties": { "vehicle_id": "A2318", "latitude": 42.643836975097656, "longitude": 23.345067977905273, "raw_occupancy": 0, "timestamp": "2026-09-15 18:05:30" }, "geometry": { "type": "Point", "coordinates": [ 23.345067977905273, 42.643836975097656 ] } },
{ "type": "Feature", "properties": { "vehicle_id": "A7073", "latitude": 42.764751434326172, "longitude": 23.568489074707031, "raw_occupancy": 1, "timestamp": "2026-09-15 18:05:30" }, "geometry": { "type": "Point", "coordinates": [ 23.568489074707031, 42.764751434326172 ] } },
{ "type": "Feature", "properties": { "vehicle_id": "A7069", "latitude": 42.838455200195312, "longitude": 23.280492782592773, "raw_occupancy": 1, "timestamp": "2026-09-15 18:05:30" }, "geometry": { "type": "Point", "coordinates": [ 23.280492782592773, 42.838455200195312 ] } },
{ "type": "Feature", "properties": { "vehicle_id": "A1152", "latitude": 42.678302764892578, "longitude": 23.322507858276367, "raw_occupancy": 2, "timestamp": "2026-09-15 18:05:30" }, "geometry": { "type": "Point", "coordinates": [ 23.322507858276367, 42.678302764892578 ] } },
{ "type": "Feature", "properties": { "vehicle_id": "A1184", "latitude": 42.674175262451172, "longitude": 23.291294097900391, "raw_occupancy": 2, "timestamp": "2026-09-15 18:05:30" }, "geometry": { "type": "Point", "coordinates": [ 23.291294097900391, 42.674175262451172 ] } },
{ "type": "Feature", "properties": { "vehicle_id": "A1154", "latitude": 42.68585205078125, "longitude": 23.27448844909668, "raw_occupancy": 2, "timestamp": "2026-09-15 18:05:30" }, "geometry": { "type": "Point", "coordinates": [ 23.27448844909668, 42.68585205078125 ] } },
{ "type": "Feature", "properties": { "vehicle_id": "A1155", "latitude": 42.662647247314453, "longitude": 23.376485824584961, "raw_occupancy": 3, "timestamp": "2026-09-15 18:05:30" }, "geometry": { "type": "Point", "coordinates": [ 23.376485824584961, 42.662647247314453 ] } },
{ "type": "Feature", "properties": { "vehicle_id": "A1608", "latitude": 42.660568237304688, "longitude": 23.285888671875, "raw_occupancy": 2, "timestamp": "2026-09-15 18:05:30" }, "geometry": { "type": "Point", "coordinates": [ 23.285888671875, 42.660568237304688 ] } },
{ "type": "Feature", "properties": { "vehicle_id": "A3016", "latitude": 42.679340362548828, "longitude": 23.378700256347656, "raw_occupancy": 1, "timestamp": "2026-09-15 18:05:30" }, "geometry": { "type": "Point", "coordinates": [ 23.378700256347656, 42.679340362548828 ] } },
{ "type": "Feature", "properties": { "vehicle_id": "A3608", "latitude": 42.6298828125, "longitude": 23.373279571533203, "raw_occupancy": 1, "timestamp": "2026-09-15 18:05:30" }, "geometry": { "type": "Point", "coordinates": [ 23.373279571533203, 42.6298828125 ] } },
{ "type": "Feature", "properties": { "vehicle_id": "A3111", "latitude": 42.660377502441406, "longitude": 23.347284317016602, "raw_occupancy": 2, "timestamp": "2026-09-15 18:05:30" }, "geometry": { "type": "Point", "coordinates": [ 23.347284317016602, 42.660377502441406 ] } },
{ "type": "Feature", "properties": { "vehicle_id": "A1425", "latitude": 42.716747283935547, "longitude": 23.251800537109375, "raw_occupancy": 3, "timestamp": "2026-09-15 18:05:30" }, "geometry": { "type": "Point", "coordinates": [ 23.251800537109375, 42.716747283935547 ] } },
{ "type": "Feature", "properties": { "vehicle_id": "A2075", "latitude": 42.617031097412109, "longitude": 23.457263946533203, "raw_occupancy": 1, "timestamp": "2026-09-15 18:05:30" }, "geometry": { "type": "Point", "coordinates": [ 23.457263946533203, 42.617031097412109 ] } },
{ "type": "Feature", "properties": { "vehicle_id": "A2509", "latitude": 42.684661865234375, "longitude": 23.301862716674805, "raw_occupancy": 3, "timestamp": "2026-09-15 18:05:30" }, "geometry": { "type": "Point", "coordinates": [ 23.301862716674805, 42.684661865234375 ] } },
{ "type": "Feature", "properties": { "vehicle_id": "A3409", "latitude": 42.671073913574219, "longitude": 23.393613815307617, "raw_occupancy": 3, "timestamp": "2026-09-15 18:05:30" }, "geometry": { "type": "Point", "coordinates": [ 23.393613815307617, 42.671073913574219 ] } },
{ "type": "Feature", "properties": { "vehicle_id": "A7055", "latitude": 42.704036712646484, "longitude": 23.386447906494141, "raw_occupancy": 0, "timestamp": "2026-09-15 18:05:30" }, "geometry": { "type": "Point", "coordinates": [ 23.386447906494141, 42.704036712646484 ] } },
{ "type": "Feature", "properties": { "vehicle_id": "A2017", "latitude": 42.725090026855469, "longitude": 23.292320251464844, "raw_occupancy": 1, "timestamp": "2026-09-15 18:05:30" }, "geometry": { "type": "Point", "coordinates": [ 23.292320251464844, 42.725090026855469 ] } },
{ "type": "Feature", "properties": { "vehicle_id": "A2088", "latitude": 42.712303161621094, "longitude": 23.41093635559082, "raw_occupancy": 0, "timestamp": "2026-09-15 18:05:30" }, "geometry": { "type": "Point", "coordinates": [ 23.41093635559082, 42.712303161621094 ] } },
{ "type": "Feature", "properties": { "vehicle_id": "A2303", "latitude": 42.715160369873047, "longitude": 23.283676147460938, "raw_occupancy": 2, "timestamp": "2026-09-15 18:05:30" }, "geometry": { "type": "Point", "coordinates": [ 23.283676147460938, 42.715160369873047 ] } },
{ "type": "Feature", "properties": { "vehicle_id": "A3650", "latitude": 42.560417175292969, "longitude": 23.366079330444336, "raw_occupancy": 1, "timestamp": "2026-09-15 18:05:30" }, "geometry": { "type": "Point", "coordinates": [ 23.366079330444336, 42.560417175292969 ] } },
{ "type": "Feature", "properties": { "vehicle_id": "A1189", "latitude": 42.689697265625, "longitude": 23.259859085083008, "raw_occupancy": 1, "timestamp": "2026-09-15 18:05:30" }, "geometry": { "type": "Point", "coordinates": [ 23.259859085083008, 42.689697265625 ] } },
{ "type": "Feature", "properties": { "vehicle_id": "A2028", "latitude": 42.705112457275391, "longitude": 23.32459831237793, "raw_occupancy": 1, "timestamp": "2026-09-15 18:05:30" }, "geometry": { "type": "Point", "coordinates": [ 23.32459831237793, 42.705112457275391 ] } },
{ "type": "Feature", "properties": { "vehicle_id": "A2319", "latitude": 42.652938842773438, "longitude": 23.342580795288086, "raw_occupancy": 3, "timestamp": "2026-09-15 18:05:30" }, "geometry": { "type": "Point", "coordinates": [ 23.342580795288086, 42.652938842773438 ] } },
{ "type": "Feature", "properties": { "vehicle_id": "A2507", "latitude": 42.686084747314453, "longitude": 23.307582855224609, "raw_occupancy": 3, "timestamp": "2026-09-15 18:05:30" }, "geometry": { "type": "Point", "coordinates": [ 23.307582855224609, 42.686084747314453 ] } },
{ "type": "Feature", "properties": { "vehicle_id": "A3610", "latitude": 42.593399047851562, "longitude": 23.366786956787109, "raw_occupancy": 1, "timestamp": "2026-09-15 18:05:30" }, "geometry": { "type": "Point", "coordinates": [ 23.366786956787109, 42.593399047851562 ] } },
{ "type": "Feature", "properties": { "vehicle_id": "A1869", "latitude": 42.714580535888672, "longitude": 23.141016006469727, "raw_occupancy": 1, "timestamp": "2026-09-15 18:05:30" }, "geometry": { "type": "Point", "coordinates": [ 23.141016006469727, 42.714580535888672 ] } },
{ "type": "Feature", "properties": { "vehicle_id": "A1861", "latitude": 42.714832305908203, "longitude": 23.172693252563477, "raw_occupancy": 2, "timestamp": "2026-09-15 18:05:30" }, "geometry": { "type": "Point", "coordinates": [ 23.172693252563477, 42.714832305908203 ] } },
{ "type": "Feature", "properties": { "vehicle_id": "A2825", "latitude": 42.722198486328125, "longitude": 23.270540237426758, "raw_occupancy": 2, "timestamp": "2026-09-15 18:05:30" }, "geometry": { "type": "Point", "coordinates": [ 23.270540237426758, 42.722198486328125 ] } },
{ "type": "Feature", "properties": { "vehicle_id": "A3153", "latitude": 42.705673217773438, "longitude": 23.3182373046875, "raw_occupancy": 1, "timestamp": "2026-09-15 18:05:30" }, "geometry": { "type": "Point", "coordinates": [ 23.3182373046875, 42.705673217773438 ] } },
{ "type": "Feature", "properties": { "vehicle_id": "A3124", "latitude": 42.659904479980469, "longitude": 23.381011962890625, "raw_occupancy": 2, "timestamp": "2026-09-15 18:05:30" }, "geometry": { "type": "Point", "coordinates": [ 23.381011962890625, 42.659904479980469 ] } },
{ "type": "Feature", "properties": { "vehicle_id": "A1310", "latitude": 42.726509094238281, "longitude": 23.105001449584961, "raw_occupancy": 0, "timestamp": "2026-09-15 18:05:30" }, "geometry": { "type": "Point", "coordinates": [ 23.105001449584961, 42.726509094238281 ] } },
{ "type": "Feature", "properties": { "vehicle_id": "A3114", "latitude": 42.688266754150391, "longitude": 23.374975204467773, "raw_occupancy": 3, "timestamp": "2026-09-15 18:05:30" }, "geometry": { "type": "Point", "coordinates": [ 23.374975204467773, 42.688266754150391 ] } },
{ "type": "Feature", "properties": { "vehicle_id": "A7099", "latitude": 42.746685028076172, "longitude": 23.318187713623047, "raw_occupancy": 1, "timestamp": "2026-09-15 18:05:30" }, "geometry": { "type": "Point", "coordinates": [ 23.318187713623047, 42.746685028076172 ] } },
{ "type": "Feature", "properties": { "vehicle_id": "A1831", "latitude": 42.644092559814453, "longitude": 23.374393463134766, "raw_occupancy": 1, "timestamp": "2026-09-15 18:05:30" }, "geometry": { "type": "Point", "coordinates": [ 23.374393463134766, 42.644092559814453 ] } },
{ "type": "Feature", "properties": { "vehicle_id": "A7117", "latitude": 42.715053558349609, "longitude": 23.31120491027832, "raw_occupancy": 2, "timestamp": "2026-09-15 18:05:30" }, "geometry": { "type": "Point", "coordinates": [ 23.31120491027832, 42.715053558349609 ] } },
{ "type": "Feature", "properties": { "vehicle_id": "A2310", "latitude": 42.653587341308594, "longitude": 23.347143173217773, "raw_occupancy": 2, "timestamp": "2026-09-15 18:05:30" }, "geometry": { "type": "Point", "coordinates": [ 23.347143173217773, 42.653587341308594 ] } },
{ "type": "Feature", "properties": { "vehicle_id": "A2311", "latitude": 42.646701812744141, "longitude": 23.346015930175781, "raw_occupancy": 0, "timestamp": "2026-09-15 18:05:30" }, "geometry": { "type": "Point", "coordinates": [ 23.346015930175781, 42.646701812744141 ] } },
{ "type": "Feature", "properties": { "vehicle_id": "A3659", "latitude": 42.660701751708984, "longitude": 23.389812469482422, "raw_occupancy": 3, "timestamp": "2026-09-15 18:05:30" }, "geometry": { "type": "Point", "coordinates": [ 23.389812469482422, 42.660701751708984 ] } },
{ "type": "Feature", "properties": { "vehicle_id": "A3661", "latitude": 42.552558898925781, "longitude": 23.365419387817383, "raw_occupancy": 3, "timestamp": "2026-09-15 18:05:30" }, "geometry": { "type": "Point", "coordinates": [ 23.365419387817383, 42.552558898925781 ] } },
{ "type": "Feature", "properties": { "vehicle_id": "A2819", "latitude": 42.731464385986328, "longitude": 23.2537841796875, "raw_occupancy": 1, "timestamp": "2026-09-15 18:05:30" }, "geometry": { "type": "Point", "coordinates": [ 23.2537841796875, 42.731464385986328 ] } },
{ "type": "Feature", "properties": { "vehicle_id": "A3627", "latitude": 42.668041229248047, "longitude": 23.369054794311523, "raw_occupancy": 3, "timestamp": "2026-09-15 18:05:30" }, "geometry": { "type": "Point", "coordinates": [ 23.369054794311523, 42.668041229248047 ] } },
{ "type": "Feature", "properties": { "vehicle_id": "A2066", "latitude": 42.704925537109375, "longitude": 23.317647933959961, "raw_occupancy": 0, "timestamp": "2026-09-15 18:05:30" }, "geometry": { "type": "Point", "coordinates": [ 23.317647933959961, 42.704925537109375 ] } },
{ "type": "Feature", "properties": { "vehicle_id": "A3611", "latitude": 42.670757293701172, "longitude": 23.42723274230957, "raw_occupancy": 1, "timestamp": "2026-09-15 18:05:30" }, "geometry": { "type": "Point", "coordinates": [ 23.42723274230957, 42.670757293701172 ] } },
{ "type": "Feature", "properties": { "vehicle_id": "A3637", "latitude": 42.634689331054688, "longitude": 23.353927612304688, "raw_occupancy": 4, "timestamp": "2026-09-15 18:05:30" }, "geometry": { "type": "Point", "coordinates": [ 23.353927612304688, 42.634689331054688 ] } },
{ "type": "Feature", "properties": { "vehicle_id": "A2304", "latitude": 42.669837951660156, "longitude": 23.367265701293945, "raw_occupancy": 2, "timestamp": "2026-09-15 18:05:30" }, "geometry": { "type": "Point", "coordinates": [ 23.367265701293945, 42.669837951660156 ] } },
{ "type": "Feature", "properties": { "vehicle_id": "A3621", "latitude": 42.676956176757812, "longitude": 23.39764404296875, "raw_occupancy": 3, "timestamp": "2026-09-15 18:05:30" }, "geometry": { "type": "Point", "coordinates": [ 23.39764404296875, 42.676956176757812 ] } },
{ "type": "Feature", "properties": { "vehicle_id": "A3625", "latitude": 42.661041259765625, "longitude": 23.464750289916992, "raw_occupancy": 1, "timestamp": "2026-09-15 18:05:30" }, "geometry": { "type": "Point", "coordinates": [ 23.464750289916992, 42.661041259765625 ] } },
{ "type": "Feature", "properties": { "vehicle_id": "A2057", "latitude": 42.673843383789062, "longitude": 23.361234664916992, "raw_occupancy": 3, "timestamp": "2026-09-15 18:05:30" }, "geometry": { "type": "Point", "coordinates": [ 23.361234664916992, 42.673843383789062 ] } },
{ "type": "Feature", "properties": { "vehicle_id": "A3121", "latitude": 42.649127960205078, "longitude": 23.377687454223633, "raw_occupancy": 1, "timestamp": "2026-09-15 18:05:30" }, "geometry": { "type": "Point", "coordinates": [ 23.377687454223633, 42.649127960205078 ] } },
{ "type": "Feature", "properties": { "vehicle_id": "A7111", "latitude": 42.748756408691406, "longitude": 23.278228759765625, "raw_occupancy": 4, "timestamp": "2026-09-15 18:05:30" }, "geometry": { "type": "Point", "coordinates": [ 23.278228759765625, 42.748756408691406 ] } },
{ "type": "Feature", "properties": { "vehicle_id": "A1605", "latitude": 42.700839996337891, "longitude": 23.297399520874023, "raw_occupancy": 3, "timestamp": "2026-09-15 18:05:30" }, "geometry": { "type": "Point", "coordinates": [ 23.297399520874023, 42.700839996337891 ] } },
{ "type": "Feature", "properties": { "vehicle_id": "A1226", "latitude": 42.688167572021484, "longitude": 23.231422424316406, "raw_occupancy": 1, "timestamp": "2026-09-15 18:05:30" }, "geometry": { "type": "Point", "coordinates": [ 23.231422424316406, 42.688167572021484 ] } },
{ "type": "Feature", "properties": { "vehicle_id": "A2048", "latitude": 42.671001434326172, "longitude": 23.370027542114258, "raw_occupancy": 0, "timestamp": "2026-09-15 18:05:30" }, "geometry": { "type": "Point", "coordinates": [ 23.370027542114258, 42.671001434326172 ] } },
{ "type": "Feature", "properties": { "vehicle_id": "A7097", "latitude": 42.717933654785156, "longitude": 23.338960647583008, "raw_occupancy": 2, "timestamp": "2026-09-15 18:05:30" }, "geometry": { "type": "Point", "coordinates": [ 23.338960647583008, 42.717933654785156 ] } },
{ "type": "Feature", "properties": { "vehicle_id": "A3127", "latitude": 42.670692443847656, "longitude": 23.365871429443359, "raw_occupancy": 2, "timestamp": "2026-09-15 18:05:30" }, "geometry": { "type": "Point", "coordinates": [ 23.365871429443359, 42.670692443847656 ] } },
{ "type": "Feature", "properties": { "vehicle_id": "A1208", "latitude": 42.627479553222656, "longitude": 23.373468399047852, "raw_occupancy": 5, "timestamp": "2026-09-15 18:05:30" }, "geometry": { "type": "Point", "coordinates": [ 23.373468399047852, 42.627479553222656 ] } },
{ "type": "Feature", "properties": { "vehicle_id": "A3623", "latitude": 42.710319519042969, "longitude": 23.384536743164062, "raw_occupancy": 1, "timestamp": "2026-09-15 18:05:30" }, "geometry": { "type": "Point", "coordinates": [ 23.384536743164062, 42.710319519042969 ] } },
{ "type": "Feature", "properties": { "vehicle_id": "A2822", "latitude": 42.711326599121094, "longitude": 23.370288848876953, "raw_occupancy": 0, "timestamp": "2026-09-15 18:05:30" }, "geometry": { "type": "Point", "coordinates": [ 23.370288848876953, 42.711326599121094 ] } },
{ "type": "Feature", "properties": { "vehicle_id": "A1209", "latitude": 42.681343078613281, "longitude": 23.289453506469727, "raw_occupancy": 1, "timestamp": "2026-09-15 18:05:30" }, "geometry": { "type": "Point", "coordinates": [ 23.289453506469727, 42.681343078613281 ] } },
{ "type": "Feature", "properties": { "vehicle_id": "A3112", "latitude": 42.630645751953125, "longitude": 23.375028610229492, "raw_occupancy": 2, "timestamp": "2026-09-15 18:05:30" }, "geometry": { "type": "Point", "coordinates": [ 23.375028610229492, 42.630645751953125 ] } },
{ "type": "Feature", "properties": { "vehicle_id": "A1168", "latitude": 42.651191711425781, "longitude": 23.406147003173828, "raw_occupancy": 1, "timestamp": "2026-09-15 18:05:30" }, "geometry": { "type": "Point", "coordinates": [ 23.406147003173828, 42.651191711425781 ] } },
{ "type": "Feature", "properties": { "vehicle_id": "A3403", "latitude": 42.665744781494141, "longitude": 23.391403198242188, "raw_occupancy": 2, "timestamp": "2026-09-15 18:05:30" }, "geometry": { "type": "Point", "coordinates": [ 23.391403198242188, 42.665744781494141 ] } },
{ "type": "Feature", "properties": { "vehicle_id": "A3400", "latitude": 42.690570831298828, "longitude": 23.332048416137695, "raw_occupancy": 1, "timestamp": "2026-09-15 18:05:30" }, "geometry": { "type": "Point", "coordinates": [ 23.332048416137695, 42.690570831298828 ] } },
{ "type": "Feature", "properties": { "vehicle_id": "A3603", "latitude": 42.664100646972656, "longitude": 23.46202278137207, "raw_occupancy": 1, "timestamp": "2026-09-15 18:05:30" }, "geometry": { "type": "Point", "coordinates": [ 23.46202278137207, 42.664100646972656 ] } },
{ "type": "Feature", "properties": { "vehicle_id": "A1851", "latitude": 42.675827026367188, "longitude": 23.229740142822266, "raw_occupancy": 1, "timestamp": "2026-09-15 18:05:30" }, "geometry": { "type": "Point", "coordinates": [ 23.229740142822266, 42.675827026367188 ] } },
{ "type": "Feature", "properties": { "vehicle_id": "A7133", "latitude": 42.729927062988281, "longitude": 23.312931060791016, "raw_occupancy": 2, "timestamp": "2026-09-15 18:05:30" }, "geometry": { "type": "Point", "coordinates": [ 23.312931060791016, 42.729927062988281 ] } },
{ "type": "Feature", "properties": { "vehicle_id": "A3106", "latitude": 42.704750061035156, "longitude": 23.323558807373047, "raw_occupancy": 1, "timestamp": "2026-09-15 18:05:30" }, "geometry": { "type": "Point", "coordinates": [ 23.323558807373047, 42.704750061035156 ] } },
{ "type": "Feature", "properties": { "vehicle_id": "A2009", "latitude": 42.674461364746094, "longitude": 23.33427619934082, "raw_occupancy": 3, "timestamp": "2026-09-15 18:05:30" }, "geometry": { "type": "Point", "coordinates": [ 23.33427619934082, 42.674461364746094 ] } },
{ "type": "Feature", "properties": { "vehicle_id": "A3017", "latitude": 42.696979522705078, "longitude": 23.357143402099609, "raw_occupancy": 0, "timestamp": "2026-09-15 18:05:30" }, "geometry": { "type": "Point", "coordinates": [ 23.357143402099609, 42.696979522705078 ] } },
{ "type": "Feature", "properties": { "vehicle_id": "A2005", "latitude": 42.663665771484375, "longitude": 23.317268371582031, "raw_occupancy": 2, "timestamp": "2026-09-15 18:05:30" }, "geometry": { "type": "Point", "coordinates": [ 23.317268371582031, 42.663665771484375 ] } },
{ "type": "Feature", "properties": { "vehicle_id": "A7089", "latitude": 42.824291229248047, "longitude": 23.284496307373047, "raw_occupancy": 0, "timestamp": "2026-09-15 18:15:30" }, "geometry": { "type": "Point", "coordinates": [ 23.284496307373047, 42.824291229248047 ] } },
{ "type": "Feature", "properties": { "vehicle_id": "A7165", "latitude": 42.704925537109375, "longitude": 23.386045455932617, "raw_occupancy": 1, "timestamp": "2026-09-15 18:15:30" }, "geometry": { "type": "Point", "coordinates": [ 23.386045455932617, 42.704925537109375 ] } },
{ "type": "Feature", "properties": { "vehicle_id": "A1166", "latitude": 42.66357421875, "longitude": 23.302797317504883, "raw_occupancy": 1, "timestamp": "2026-09-15 18:15:30" }, "geometry": { "type": "Point", "coordinates": [ 23.302797317504883, 42.66357421875 ] } },
{ "type": "Feature", "properties": { "vehicle_id": "A3628", "latitude": 42.675235748291016, "longitude": 23.35888671875, "raw_occupancy": 4, "timestamp": "2026-09-15 18:15:30" }, "geometry": { "type": "Point", "coordinates": [ 23.35888671875, 42.675235748291016 ] } },
{ "type": "Feature", "properties": { "vehicle_id": "A3108", "latitude": 42.641429901123047, "longitude": 23.372665405273438, "raw_occupancy": 2, "timestamp": "2026-09-15 18:15:30" }, "geometry": { "type": "Point", "coordinates": [ 23.372665405273438, 42.641429901123047 ] } },
{ "type": "Feature", "properties": { "vehicle_id": "A7117", "latitude": 42.732585906982422, "longitude": 23.296886444091797, "raw_occupancy": 2, "timestamp": "2026-09-15 18:15:30" }, "geometry": { "type": "Point", "coordinates": [ 23.296886444091797, 42.732585906982422 ] } },
{ "type": "Feature", "properties": { "vehicle_id": "A2033", "latitude": 42.691551208496094, "longitude": 23.351388931274414, "raw_occupancy": 3, "timestamp": "2026-09-15 18:15:30" }, "geometry": { "type": "Point", "coordinates": [ 23.351388931274414, 42.691551208496094 ] } },
{ "type": "Feature", "properties": { "vehicle_id": "A2058", "latitude": 42.683708190917969, "longitude": 23.314184188842773, "raw_occupancy": 2, "timestamp": "2026-09-15 18:15:30" }, "geometry": { "type": "Point", "coordinates": [ 23.314184188842773, 42.683708190917969 ] } },
{ "type": "Feature", "properties": { "vehicle_id": "A1831", "latitude": 42.624225616455078, "longitude": 23.371145248413086, "raw_occupancy": 3, "timestamp": "2026-09-15 18:15:30" }, "geometry": { "type": "Point", "coordinates": [ 23.371145248413086, 42.624225616455078 ] } },
{ "type": "Feature", "properties": { "vehicle_id": "A1187", "latitude": 42.69451904296875, "longitude": 23.295022964477539, "raw_occupancy": 3, "timestamp": "2026-09-15 18:15:30" }, "geometry": { "type": "Point", "coordinates": [ 23.295022964477539, 42.69451904296875 ] } },
{ "type": "Feature", "properties": { "vehicle_id": "A3669", "latitude": 42.66412353515625, "longitude": 23.3985595703125, "raw_occupancy": 1, "timestamp": "2026-09-15 18:15:30" }, "geometry": { "type": "Point", "coordinates": [ 23.3985595703125, 42.66412353515625 ] } },
{ "type": "Feature", "properties": { "vehicle_id": "A2504", "latitude": 42.716144561767578, "longitude": 23.237533569335938, "raw_occupancy": 2, "timestamp": "2026-09-15 18:15:30" }, "geometry": { "type": "Point", "coordinates": [ 23.237533569335938, 42.716144561767578 ] } },
{ "type": "Feature", "properties": { "vehicle_id": "A1805", "latitude": 42.673591613769531, "longitude": 23.25023078918457, "raw_occupancy": 3, "timestamp": "2026-09-15 18:15:30" }, "geometry": { "type": "Point", "coordinates": [ 23.25023078918457, 42.673591613769531 ] } },
{ "type": "Feature", "properties": { "vehicle_id": "A3100", "latitude": 42.640827178955078, "longitude": 23.381557464599609, "raw_occupancy": 1, "timestamp": "2026-09-15 18:15:30" }, "geometry": { "type": "Point", "coordinates": [ 23.381557464599609, 42.640827178955078 ] } },
{ "type": "Feature", "properties": { "vehicle_id": "A1861", "latitude": 42.708084106445312, "longitude": 23.129777908325195, "raw_occupancy": 1, "timestamp": "2026-09-15 18:15:30" }, "geometry": { "type": "Point", "coordinates": [ 23.129777908325195, 42.708084106445312 ] } },
{ "type": "Feature", "properties": { "vehicle_id": "A3149", "latitude": 42.663948059082031, "longitude": 23.290630340576172, "raw_occupancy": 1, "timestamp": "2026-09-15 18:15:30" }, "geometry": { "type": "Point", "coordinates": [ 23.290630340576172, 42.663948059082031 ] } },
{ "type": "Feature", "properties": { "vehicle_id": "A1406", "latitude": 42.630207061767578, "longitude": 23.313619613647461, "raw_occupancy": 3, "timestamp": "2026-09-15 18:15:30" }, "geometry": { "type": "Point", "coordinates": [ 23.313619613647461, 42.630207061767578 ] } },
{ "type": "Feature", "properties": { "vehicle_id": "A7193", "latitude": 42.739665985107422, "longitude": 23.343875885009766, "raw_occupancy": 0, "timestamp": "2026-09-15 18:15:30" }, "geometry": { "type": "Point", "coordinates": [ 23.343875885009766, 42.739665985107422 ] } },
{ "type": "Feature", "properties": { "vehicle_id": "A1168", "latitude": 42.659942626953125, "longitude": 23.380832672119141, "raw_occupancy": 3, "timestamp": "2026-09-15 18:15:30" }, "geometry": { "type": "Point", "coordinates": [ 23.380832672119141, 42.659942626953125 ] } },
{ "type": "Feature", "properties": { "vehicle_id": "A2030", "latitude": 42.68475341796875, "longitude": 23.349372863769531, "raw_occupancy": 2, "timestamp": "2026-09-15 18:15:30" }, "geometry": { "type": "Point", "coordinates": [ 23.349372863769531, 42.68475341796875 ] } },
{ "type": "Feature", "properties": { "vehicle_id": "A3110", "latitude": 42.6563720703125, "longitude": 23.382856369018555, "raw_occupancy": 3, "timestamp": "2026-09-15 18:15:30" }, "geometry": { "type": "Point", "coordinates": [ 23.382856369018555, 42.6563720703125 ] } },
{ "type": "Feature", "properties": { "vehicle_id": "A3613", "latitude": 42.670986175537109, "longitude": 23.427448272705078, "raw_occupancy": 0, "timestamp": "2026-09-15 18:15:30" }, "geometry": { "type": "Point", "coordinates": [ 23.427448272705078, 42.670986175537109 ] } },
{ "type": "Feature", "properties": { "vehicle_id": "A1313", "latitude": 42.6578369140625, "longitude": 23.272294998168945, "raw_occupancy": 1, "timestamp": "2026-09-15 18:15:30" }, "geometry": { "type": "Point", "coordinates": [ 23.272294998168945, 42.6578369140625 ] } },
{ "type": "Feature", "properties": { "vehicle_id": "A3129", "latitude": 42.700225830078125, "longitude": 23.343269348144531, "raw_occupancy": 1, "timestamp": "2026-09-15 18:15:30" }, "geometry": { "type": "Point", "coordinates": [ 23.343269348144531, 42.700225830078125 ] } },
{ "type": "Feature", "properties": { "vehicle_id": "A1174", "latitude": 42.652168273925781, "longitude": 23.287141799926758, "raw_occupancy": 1, "timestamp": "2026-09-15 18:15:30" }, "geometry": { "type": "Point", "coordinates": [ 23.287141799926758, 42.652168273925781 ] } },
{ "type": "Feature", "properties": { "vehicle_id": "A2310", "latitude": 42.658786773681641, "longitude": 23.35906982421875, "raw_occupancy": 3, "timestamp": "2026-09-15 18:15:30" }, "geometry": { "type": "Point", "coordinates": [ 23.35906982421875, 42.658786773681641 ] } },
{ "type": "Feature", "properties": { "vehicle_id": "A1034", "latitude": 42.646472930908203, "longitude": 23.2664794921875, "raw_occupancy": 0, "timestamp": "2026-09-15 18:15:30" }, "geometry": { "type": "Point", "coordinates": [ 23.2664794921875, 42.646472930908203 ] } },
{ "type": "Feature", "properties": { "vehicle_id": "A2313", "latitude": 42.652427673339844, "longitude": 23.347404479980469, "raw_occupancy": 3, "timestamp": "2026-09-15 18:15:30" }, "geometry": { "type": "Point", "coordinates": [ 23.347404479980469, 42.652427673339844 ] } },
{ "type": "Feature", "properties": { "vehicle_id": "A7119", "latitude": 42.748737335205078, "longitude": 23.319908142089844, "raw_occupancy": 5, "timestamp": "2026-09-15 18:15:30" }, "geometry": { "type": "Point", "coordinates": [ 23.319908142089844, 42.748737335205078 ] } },
{ "type": "Feature", "properties": { "vehicle_id": "A2051", "latitude": 42.690334320068359, "longitude": 23.358699798583984, "raw_occupancy": 2, "timestamp": "2026-09-15 18:15:30" }, "geometry": { "type": "Point", "coordinates": [ 23.358699798583984, 42.690334320068359 ] } },
{ "type": "Feature", "properties": { "vehicle_id": "A3652", "latitude": 42.493396759033203, "longitude": 23.377828598022461, "raw_occupancy": 0, "timestamp": "2026-09-15 18:15:30" }, "geometry": { "type": "Point", "coordinates": [ 23.377828598022461, 42.493396759033203 ] } },
{ "type": "Feature", "properties": { "vehicle_id": "A1037", "latitude": 42.641609191894531, "longitude": 23.344526290893555, "raw_occupancy": 1, "timestamp": "2026-09-15 18:15:30" }, "geometry": { "type": "Point", "coordinates": [ 23.344526290893555, 42.641609191894531 ] } },
{ "type": "Feature", "properties": { "vehicle_id": "A3608", "latitude": 42.610298156738281, "longitude": 23.3656005859375, "raw_occupancy": 3, "timestamp": "2026-09-15 18:15:30" }, "geometry": { "type": "Point", "coordinates": [ 23.3656005859375, 42.610298156738281 ] } },
{ "type": "Feature", "properties": { "vehicle_id": "A2319", "latitude": 42.647178649902344, "longitude": 23.34550666809082, "raw_occupancy": 0, "timestamp": "2026-09-15 18:15:30" }, "geometry": { "type": "Point", "coordinates": [ 23.34550666809082, 42.647178649902344 ] } },
{ "type": "Feature", "properties": { "vehicle_id": "A1220", "latitude": 42.705612182617188, "longitude": 23.284997940063477, "raw_occupancy": 1, "timestamp": "2026-09-15 18:15:30" }, "geometry": { "type": "Point", "coordinates": [ 23.284997940063477, 42.705612182617188 ] } },
{ "type": "Feature", "properties": { "vehicle_id": "A1857", "latitude": 42.675426483154297, "longitude": 23.252851486206055, "raw_occupancy": 2, "timestamp": "2026-09-15 18:15:30" }, "geometry": { "type": "Point", "coordinates": [ 23.252851486206055, 42.675426483154297 ] } },
{ "type": "Feature", "properties": { "vehicle_id": "A1409", "latitude": 42.684749603271484, "longitude": 23.302196502685547, "raw_occupancy": 1, "timestamp": "2026-09-15 18:15:30" }, "geometry": { "type": "Point", "coordinates": [ 23.302196502685547, 42.684749603271484 ] } },
{ "type": "Feature", "properties": { "vehicle_id": "A7061", "latitude": 42.789398193359375, "longitude": 23.329109191894531, "raw_occupancy": 3, "timestamp": "2026-09-15 18:15:30" }, "geometry": { "type": "Point", "coordinates": [ 23.329109191894531, 42.789398193359375 ] } },
{ "type": "Feature", "properties": { "vehicle_id": "A2819", "latitude": 42.723804473876953, "longitude": 23.26739501953125, "raw_occupancy": 3, "timestamp": "2026-09-15 18:15:30" }, "geometry": { "type": "Point", "coordinates": [ 23.26739501953125, 42.723804473876953 ] } },
{ "type": "Feature", "properties": { "vehicle_id": "A2304", "latitude": 42.694229125976562, "longitude": 23.335721969604492, "raw_occupancy": 1, "timestamp": "2026-09-15 18:15:30" }, "geometry": { "type": "Point", "coordinates": [ 23.335721969604492, 42.694229125976562 ] } },
{ "type": "Feature", "properties": { "vehicle_id": "A7067", "latitude": 42.706672668457031, "longitude": 23.35801887512207, "raw_occupancy": 1, "timestamp": "2026-09-15 18:15:30" }, "geometry": { "type": "Point", "coordinates": [ 23.35801887512207, 42.706672668457031 ] } },
{ "type": "Feature", "properties": { "vehicle_id": "A1616", "latitude": 42.689388275146484, "longitude": 23.246515274047852, "raw_occupancy": 1, "timestamp": "2026-09-15 18:15:30" }, "geometry": { "type": "Point", "coordinates": [ 23.246515274047852, 42.689388275146484 ] } },
{ "type": "Feature", "properties": { "vehicle_id": "A7083", "latitude": 42.704208374023438, "longitude": 23.386409759521484, "raw_occupancy": 0, "timestamp": "2026-09-15 18:15:30" }, "geometry": { "type": "Point", "coordinates": [ 23.386409759521484, 42.704208374023438 ] } },
{ "type": "Feature", "properties": { "vehicle_id": "A2028", "latitude": 42.704544067382812, "longitude": 23.324825286865234, "raw_occupancy": 1, "timestamp": "2026-09-15 18:15:30" }, "geometry": { "type": "Point", "coordinates": [ 23.324825286865234, 42.704544067382812 ] } },
{ "type": "Feature", "properties": { "vehicle_id": "A1186", "latitude": 42.6748046875, "longitude": 23.308841705322266, "raw_occupancy": 3, "timestamp": "2026-09-15 18:15:30" }, "geometry": { "type": "Point", "coordinates": [ 23.308841705322266, 42.6748046875 ] } },
{ "type": "Feature", "properties": { "vehicle_id": "A2064", "latitude": 42.801681518554688, "longitude": 23.342247009277344, "raw_occupancy": 0, "timestamp": "2026-09-15 18:15:30" }, "geometry": { "type": "Point", "coordinates": [ 23.342247009277344, 42.801681518554688 ] } },
{ "type": "Feature", "properties": { "vehicle_id": "A2506", "latitude": 42.693145751953125, "longitude": 23.354839324951172, "raw_occupancy": 3, "timestamp": "2026-09-15 18:15:30" }, "geometry": { "type": "Point", "coordinates": [ 23.354839324951172, 42.693145751953125 ] } },
{ "type": "Feature", "properties": { "vehicle_id": "A2038", "latitude": 42.68206787109375, "longitude": 23.320785522460938, "raw_occupancy": 2, "timestamp": "2026-09-15 18:15:30" }, "geometry": { "type": "Point", "coordinates": [ 23.320785522460938, 42.68206787109375 ] } },
{ "type": "Feature", "properties": { "vehicle_id": "A2029", "latitude": 42.692359924316406, "longitude": 23.335170745849609, "raw_occupancy": 2, "timestamp": "2026-09-15 18:15:30" }, "geometry": { "type": "Point", "coordinates": [ 23.335170745849609, 42.692359924316406 ] } },
{ "type": "Feature", "properties": { "vehicle_id": "A1012", "latitude": 42.645061492919922, "longitude": 23.333719253540039, "raw_occupancy": 5, "timestamp": "2026-09-15 18:15:30" }, "geometry": { "type": "Point", "coordinates": [ 23.333719253540039, 42.645061492919922 ] } },
{ "type": "Feature", "properties": { "vehicle_id": "A2807", "latitude": 42.712657928466797, "longitude": 23.303220748901367, "raw_occupancy": 2, "timestamp": "2026-09-15 18:15:30" }, "geometry": { "type": "Point", "coordinates": [ 23.303220748901367, 42.712657928466797 ] } },
{ "type": "Feature", "properties": { "vehicle_id": "A1607", "latitude": 42.705734252929688, "longitude": 23.317161560058594, "raw_occupancy": 3, "timestamp": "2026-09-15 18:15:30" }, "geometry": { "type": "Point", "coordinates": [ 23.317161560058594, 42.705734252929688 ] } },
{ "type": "Feature", "properties": { "vehicle_id": "A3156", "latitude": 42.676559448242188, "longitude": 23.297163009643555, "raw_occupancy": 3, "timestamp": "2026-09-15 18:15:30" }, "geometry": { "type": "Point", "coordinates": [ 23.297163009643555, 42.676559448242188 ] } },
{ "type": "Feature", "properties": { "vehicle_id": "A2026", "latitude": 42.711833953857422, "longitude": 23.408058166503906, "raw_occupancy": 1, "timestamp": "2026-09-15 18:15:30" }, "geometry": { "type": "Point", "coordinates": [ 23.408058166503906, 42.711833953857422 ] } },
{ "type": "Feature", "properties": { "vehicle_id": "A3114", "latitude": 42.668617248535156, "longitude": 23.384515762329102, "raw_occupancy": 2, "timestamp": "2026-09-15 18:15:30" }, "geometry": { "type": "Point", "coordinates": [ 23.384515762329102, 42.668617248535156 ] } },
{ "type": "Feature", "properties": { "vehicle_id": "A3134", "latitude": 42.695926666259766, "longitude": 23.355361938476562, "raw_occupancy": 3, "timestamp": "2026-09-15 18:15:30" }, "geometry": { "type": "Point", "coordinates": [ 23.355361938476562, 42.695926666259766 ] } },
{ "type": "Feature", "properties": { "vehicle_id": "A3109", "latitude": 42.653591156005859, "longitude": 23.380315780639648, "raw_occupancy": 5, "timestamp": "2026-09-15 18:15:30" }, "geometry": { "type": "Point", "coordinates": [ 23.380315780639648, 42.653591156005859 ] } },
{ "type": "Feature", "properties": { "vehicle_id": "A1823", "latitude": 42.717029571533203, "longitude": 23.279558181762695, "raw_occupancy": 2, "timestamp": "2026-09-15 18:15:30" }, "geometry": { "type": "Point", "coordinates": [ 23.279558181762695, 42.717029571533203 ] } },
{ "type": "Feature", "properties": { "vehicle_id": "A7087", "latitude": 42.787197113037109, "longitude": 23.27320671081543, "raw_occupancy": 1, "timestamp": "2026-09-15 18:15:30" }, "geometry": { "type": "Point", "coordinates": [ 23.27320671081543, 42.787197113037109 ] } },
{ "type": "Feature", "properties": { "vehicle_id": "A3606", "latitude": 42.651580810546875, "longitude": 23.375494003295898, "raw_occupancy": 0, "timestamp": "2026-09-15 18:15:30" }, "geometry": { "type": "Point", "coordinates": [ 23.375494003295898, 42.651580810546875 ] } },
{ "type": "Feature", "properties": { "vehicle_id": "A3151", "latitude": 42.655017852783203, "longitude": 23.414478302001953, "raw_occupancy": 1, "timestamp": "2026-09-15 18:15:30" }, "geometry": { "type": "Point", "coordinates": [ 23.414478302001953, 42.655017852783203 ] } },
{ "type": "Feature", "properties": { "vehicle_id": "A3112", "latitude": 42.640995025634766, "longitude": 23.37310791015625, "raw_occupancy": 3, "timestamp": "2026-09-15 18:15:30" }, "geometry": { "type": "Point", "coordinates": [ 23.37310791015625, 42.640995025634766 ] } },
{ "type": "Feature", "properties": { "vehicle_id": "A1175", "latitude": 42.711086273193359, "longitude": 23.29133415222168, "raw_occupancy": 2, "timestamp": "2026-09-15 18:15:30" }, "geometry": { "type": "Point", "coordinates": [ 23.29133415222168, 42.711086273193359 ] } },
{ "type": "Feature", "properties": { "vehicle_id": "A1853", "latitude": 42.734916687011719, "longitude": 23.247560501098633, "raw_occupancy": 2, "timestamp": "2026-09-15 18:15:30" }, "geometry": { "type": "Point", "coordinates": [ 23.247560501098633, 42.734916687011719 ] } },
{ "type": "Feature", "properties": { "vehicle_id": "A1821", "latitude": 42.716567993164062, "longitude": 23.249828338623047, "raw_occupancy": 2, "timestamp": "2026-09-15 18:15:30" }, "geometry": { "type": "Point", "coordinates": [ 23.249828338623047, 42.716567993164062 ] } },
{ "type": "Feature", "properties": { "vehicle_id": "A2518", "latitude": 42.677936553955078, "longitude": 23.370084762573242, "raw_occupancy": 0, "timestamp": "2026-09-15 18:15:30" }, "geometry": { "type": "Point", "coordinates": [ 23.370084762573242, 42.677936553955078 ] } },
{ "type": "Feature", "properties": { "vehicle_id": "A3145", "latitude": 42.683639526367188, "longitude": 23.323728561401367, "raw_occupancy": 3, "timestamp": "2026-09-15 18:15:30" }, "geometry": { "type": "Point", "coordinates": [ 23.323728561401367, 42.683639526367188 ] } },
{ "type": "Feature", "properties": { "vehicle_id": "A7171", "latitude": 42.727420806884766, "longitude": 23.262720108032227, "raw_occupancy": 1, "timestamp": "2026-09-15 18:15:30" }, "geometry": { "type": "Point", "coordinates": [ 23.262720108032227, 42.727420806884766 ] } },
{ "type": "Feature", "properties": { "vehicle_id": "A7173", "latitude": 42.724739074707031, "longitude": 23.304397583007812, "raw_occupancy": 1, "timestamp": "2026-09-15 18:15:30" }, "geometry": { "type": "Point", "coordinates": [ 23.304397583007812, 42.724739074707031 ] } },
{ "type": "Feature", "properties": { "vehicle_id": "A7115", "latitude": 42.755611419677734, "longitude": 23.31889533996582, "raw_occupancy": 1, "timestamp": "2026-09-15 18:15:30" }, "geometry": { "type": "Point", "coordinates": [ 23.31889533996582, 42.755611419677734 ] } },
{ "type": "Feature", "properties": { "vehicle_id": "A3650", "latitude": 42.601688385009766, "longitude": 23.368734359741211, "raw_occupancy": 1, "timestamp": "2026-09-15 18:15:30" }, "geometry": { "type": "Point", "coordinates": [ 23.368734359741211, 42.601688385009766 ] } },
{ "type": "Feature", "properties": { "vehicle_id": "A1410", "latitude": 42.678905487060547, "longitude": 23.300655364990234, "raw_occupancy": 1, "timestamp": "2026-09-15 18:15:30" }, "geometry": { "type": "Point", "coordinates": [ 23.300655364990234, 42.678905487060547 ] } },
{ "type": "Feature", "properties": { "vehicle_id": "A2300", "latitude": 42.705799102783203, "longitude": 23.334440231323242, "raw_occupancy": 2, "timestamp": "2026-09-15 18:15:30" }, "geometry": { "type": "Point", "coordinates": [ 23.334440231323242, 42.705799102783203 ] } },
{ "type": "Feature", "properties": { "vehicle_id": "A3601", "latitude": 42.661521911621094, "longitude": 23.419929504394531, "raw_occupancy": 1, "timestamp": "2026-09-15 18:15:30" }, "geometry": { "type": "Point", "coordinates": [ 23.419929504394531, 42.661521911621094 ] } },
{ "type": "Feature", "properties": { "vehicle_id": "A1603", "latitude": 42.623874664306641, "longitude": 23.360597610473633, "raw_occupancy": 1, "timestamp": "2026-09-15 18:15:30" }, "geometry": { "type": "Point", "coordinates": [ 23.360597610473633, 42.623874664306641 ] } },
{ "type": "Feature", "properties": { "vehicle_id": "A3143", "latitude": 42.666801452636719, "longitude": 23.283512115478516, "raw_occupancy": 2, "timestamp": "2026-09-15 18:15:30" }, "geometry": { "type": "Point", "coordinates": [ 23.283512115478516, 42.666801452636719 ] } },
{ "type": "Feature", "properties": { "vehicle_id": "A7181", "latitude": 42.733440399169922, "longitude": 23.313934326171875, "raw_occupancy": 2, "timestamp": "2026-09-15 18:15:30" }, "geometry": { "type": "Point", "coordinates": [ 23.313934326171875, 42.733440399169922 ] } },
{ "type": "Feature", "properties": { "vehicle_id": "A3121", "latitude": 42.669437408447266, "longitude": 23.368820190429688, "raw_occupancy": 3, "timestamp": "2026-09-15 18:15:30" }, "geometry": { "type": "Point", "coordinates": [ 23.368820190429688, 42.669437408447266 ] } },
{ "type": "Feature", "properties": { "vehicle_id": "A7169", "latitude": 42.743572235107422, "longitude": 23.505928039550781, "raw_occupancy": 0, "timestamp": "2026-09-15 18:15:30" }, "geometry": { "type": "Point", "coordinates": [ 23.505928039550781, 42.743572235107422 ] } },
{ "type": "Feature", "properties": { "vehicle_id": "A2304", "latitude": 42.694278717041016, "longitude": 23.334722518920898, "raw_occupancy": 1, "timestamp": "2026-09-15 18:15:30" }, "geometry": { "type": "Point", "coordinates": [ 23.334722518920898, 42.694278717041016 ] } },
{ "type": "Feature", "properties": { "vehicle_id": "A2070", "latitude": 42.646709442138672, "longitude": 23.396673202514648, "raw_occupancy": 3, "timestamp": "2026-09-15 18:15:30" }, "geometry": { "type": "Point", "coordinates": [ 23.396673202514648, 42.646709442138672 ] } },
{ "type": "Feature", "properties": { "vehicle_id": "A1179", "latitude": 42.685897827148438, "longitude": 23.274517059326172, "raw_occupancy": 2, "timestamp": "2026-09-15 18:15:30" }, "geometry": { "type": "Point", "coordinates": [ 23.274517059326172, 42.685897827148438 ] } },
{ "type": "Feature", "properties": { "vehicle_id": "A2314", "latitude": 42.676078796386719, "longitude": 23.333732604980469, "raw_occupancy": 3, "timestamp": "2026-09-15 18:15:30" }, "geometry": { "type": "Point", "coordinates": [ 23.333732604980469, 42.676078796386719 ] } },
{ "type": "Feature", "properties": { "vehicle_id": "A3402", "latitude": 42.661014556884766, "longitude": 23.351261138916016, "raw_occupancy": 3, "timestamp": "2026-09-15 18:15:30" }, "geometry": { "type": "Point", "coordinates": [ 23.351261138916016, 42.661014556884766 ] } },
{ "type": "Feature", "properties": { "vehicle_id": "A7059", "latitude": 42.704586029052734, "longitude": 23.386257171630859, "raw_occupancy": 0, "timestamp": "2026-09-15 18:15:30" }, "geometry": { "type": "Point", "coordinates": [ 23.386257171630859, 42.704586029052734 ] } },
{ "type": "Feature", "properties": { "vehicle_id": "A7157", "latitude": 42.769737243652344, "longitude": 23.53972053527832, "raw_occupancy": 1, "timestamp": "2026-09-15 18:15:30" }, "geometry": { "type": "Point", "coordinates": [ 23.53972053527832, 42.769737243652344 ] } },
{ "type": "Feature", "properties": { "vehicle_id": "A2090", "latitude": 42.617061614990234, "longitude": 23.4571533203125, "raw_occupancy": 2, "timestamp": "2026-09-15 18:15:30" }, "geometry": { "type": "Point", "coordinates": [ 23.4571533203125, 42.617061614990234 ] } },
{ "type": "Feature", "properties": { "vehicle_id": "A3102", "latitude": 42.649654388427734, "longitude": 23.357240676879883, "raw_occupancy": 2, "timestamp": "2026-09-15 18:15:30" }, "geometry": { "type": "Point", "coordinates": [ 23.357240676879883, 42.649654388427734 ] } },
{ "type": "Feature", "properties": { "vehicle_id": "A2054", "latitude": 42.676280975341797, "longitude": 23.359514236450195, "raw_occupancy": 3, "timestamp": "2026-09-15 18:15:30" }, "geometry": { "type": "Point", "coordinates": [ 23.359514236450195, 42.676280975341797 ] } },
{ "type": "Feature", "properties": { "vehicle_id": "A1031", "latitude": 42.666751861572266, "longitude": 23.266092300415039, "raw_occupancy": 2, "timestamp": "2026-09-15 18:15:30" }, "geometry": { "type": "Point", "coordinates": [ 23.266092300415039, 42.666751861572266 ] } },
{ "type": "Feature", "properties": { "vehicle_id": "A1408", "latitude": 42.658161163330078, "longitude": 23.328460693359375, "raw_occupancy": 0, "timestamp": "2026-09-15 18:15:30" }, "geometry": { "type": "Point", "coordinates": [ 23.328460693359375, 42.658161163330078 ] } },
{ "type": "Feature", "properties": { "vehicle_id": "A2085", "latitude": 42.627590179443359, "longitude": 23.317041397094727, "raw_occupancy": 3, "timestamp": "2026-09-15 18:15:30" }, "geometry": { "type": "Point", "coordinates": [ 23.317041397094727, 42.627590179443359 ] } },
{ "type": "Feature", "properties": { "vehicle_id": "A3012", "latitude": 42.690555572509766, "longitude": 23.331977844238281, "raw_occupancy": 1, "timestamp": "2026-09-15 18:15:30" }, "geometry": { "type": "Point", "coordinates": [ 23.331977844238281, 42.690555572509766 ] } },
{ "type": "Feature", "properties": { "vehicle_id": "A2810", "latitude": 42.726394653320312, "longitude": 23.253206253051758, "raw_occupancy": 1, "timestamp": "2026-09-15 18:15:30" }, "geometry": { "type": "Point", "coordinates": [ 23.253206253051758, 42.726394653320312 ] } },
{ "type": "Feature", "properties": { "vehicle_id": "A1211", "latitude": 42.701522827148438, "longitude": 23.279476165771484, "raw_occupancy": 1, "timestamp": "2026-09-15 18:15:30" }, "geometry": { "type": "Point", "coordinates": [ 23.279476165771484, 42.701522827148438 ] } },
{ "type": "Feature", "properties": { "vehicle_id": "A2728", "latitude": 42.713085174560547, "longitude": 23.329584121704102, "raw_occupancy": 1, "timestamp": "2026-09-15 18:15:30" }, "geometry": { "type": "Point", "coordinates": [ 23.329584121704102, 42.713085174560547 ] } },
{ "type": "Feature", "properties": { "vehicle_id": "A1152", "latitude": 42.666618347167969, "longitude": 23.338569641113281, "raw_occupancy": 5, "timestamp": "2026-09-15 18:15:30" }, "geometry": { "type": "Point", "coordinates": [ 23.338569641113281, 42.666618347167969 ] } },
{ "type": "Feature", "properties": { "vehicle_id": "A2083", "latitude": 42.706050872802734, "longitude": 23.312650680541992, "raw_occupancy": 2, "timestamp": "2026-09-15 18:15:30" }, "geometry": { "type": "Point", "coordinates": [ 23.312650680541992, 42.706050872802734 ] } },
{ "type": "Feature", "properties": { "vehicle_id": "A7085", "latitude": 42.705043792724609, "longitude": 23.491451263427734, "raw_occupancy": 0, "timestamp": "2026-09-15 18:15:30" }, "geometry": { "type": "Point", "coordinates": [ 23.491451263427734, 42.705043792724609 ] } },
{ "type": "Feature", "properties": { "vehicle_id": "A2050", "latitude": 42.705081939697266, "longitude": 23.318595886230469, "raw_occupancy": 2, "timestamp": "2026-09-15 18:15:30" }, "geometry": { "type": "Point", "coordinates": [ 23.318595886230469, 42.705081939697266 ] } },
{ "type": "Feature", "properties": { "vehicle_id": "A1156", "latitude": 42.732185363769531, "longitude": 23.284420013427734, "raw_occupancy": 1, "timestamp": "2026-09-15 18:15:30" }, "geometry": { "type": "Point", "coordinates": [ 23.284420013427734, 42.732185363769531 ] } },
{ "type": "Feature", "properties": { "vehicle_id": "A1164", "latitude": 42.730976104736328, "longitude": 23.316553115844727, "raw_occupancy": 1, "timestamp": "2026-09-15 18:15:30" }, "geometry": { "type": "Point", "coordinates": [ 23.316553115844727, 42.730976104736328 ] } },
{ "type": "Feature", "properties": { "vehicle_id": "A1617", "latitude": 42.705825805664062, "longitude": 23.305011749267578, "raw_occupancy": 2, "timestamp": "2026-09-15 18:15:30" }, "geometry": { "type": "Point", "coordinates": [ 23.305011749267578, 42.705825805664062 ] } },
{ "type": "Feature", "properties": { "vehicle_id": "A7065", "latitude": 42.735733032226562, "longitude": 23.310430526733398, "raw_occupancy": 1, "timestamp": "2026-09-15 18:15:30" }, "geometry": { "type": "Point", "coordinates": [ 23.310430526733398, 42.735733032226562 ] } },
{ "type": "Feature", "properties": { "vehicle_id": "A2020", "latitude": 42.64697265625, "longitude": 23.345785140991211, "raw_occupancy": 0, "timestamp": "2026-09-15 18:15:30" }, "geometry": { "type": "Point", "coordinates": [ 23.345785140991211, 42.64697265625 ] } },
{ "type": "Feature", "properties": { "vehicle_id": "A3152", "latitude": 42.652854919433594, "longitude": 23.379867553710938, "raw_occupancy": 2, "timestamp": "2026-09-15 18:15:30" }, "geometry": { "type": "Point", "coordinates": [ 23.379867553710938, 42.652854919433594 ] } },
{ "type": "Feature", "properties": { "vehicle_id": "A2079", "latitude": 42.596099853515625, "longitude": 23.357076644897461, "raw_occupancy": 2, "timestamp": "2026-09-15 18:15:30" }, "geometry": { "type": "Point", "coordinates": [ 23.357076644897461, 42.596099853515625 ] } },
{ "type": "Feature", "properties": { "vehicle_id": "A2045", "latitude": 42.707347869873047, "longitude": 23.298749923706055, "raw_occupancy": 1, "timestamp": "2026-09-15 18:15:30" }, "geometry": { "type": "Point", "coordinates": [ 23.298749923706055, 42.707347869873047 ] } },
{ "type": "Feature", "properties": { "vehicle_id": "A7103", "latitude": 42.705371856689453, "longitude": 23.332731246948242, "raw_occupancy": 1, "timestamp": "2026-09-15 18:15:30" }, "geometry": { "type": "Point", "coordinates": [ 23.332731246948242, 42.705371856689453 ] } },
{ "type": "Feature", "properties": { "vehicle_id": "A2039", "latitude": 42.736114501953125, "longitude": 23.304389953613281, "raw_occupancy": 1, "timestamp": "2026-09-15 18:15:30" }, "geometry": { "type": "Point", "coordinates": [ 23.304389953613281, 42.736114501953125 ] } },
{ "type": "Feature", "properties": { "vehicle_id": "A1837", "latitude": 42.746932983398438, "longitude": 23.268472671508789, "raw_occupancy": 2, "timestamp": "2026-09-15 18:15:30" }, "geometry": { "type": "Point", "coordinates": [ 23.268472671508789, 42.746932983398438 ] } },
{ "type": "Feature", "properties": { "vehicle_id": "A1222", "latitude": 42.708847045898438, "longitude": 23.132383346557617, "raw_occupancy": 1, "timestamp": "2026-09-15 18:15:30" }, "geometry": { "type": "Point", "coordinates": [ 23.132383346557617, 42.708847045898438 ] } },
{ "type": "Feature", "properties": { "vehicle_id": "A7045", "latitude": 42.705837249755859, "longitude": 23.311878204345703, "raw_occupancy": 2, "timestamp": "2026-09-15 18:15:30" }, "geometry": { "type": "Point", "coordinates": [ 23.311878204345703, 42.705837249755859 ] } },
{ "type": "Feature", "properties": { "vehicle_id": "A7121", "latitude": 42.722866058349609, "longitude": 23.368259429931641, "raw_occupancy": 3, "timestamp": "2026-09-15 18:15:30" }, "geometry": { "type": "Point", "coordinates": [ 23.368259429931641, 42.722866058349609 ] } },
{ "type": "Feature", "properties": { "vehicle_id": "A1232", "latitude": 42.759185791015625, "longitude": 23.244243621826172, "raw_occupancy": 0, "timestamp": "2026-09-15 18:15:30" }, "geometry": { "type": "Point", "coordinates": [ 23.244243621826172, 42.759185791015625 ] } },
{ "type": "Feature", "properties": { "vehicle_id": "A2515", "latitude": 42.693809509277344, "longitude": 23.35999870300293, "raw_occupancy": 1, "timestamp": "2026-09-15 18:15:30" }, "geometry": { "type": "Point", "coordinates": [ 23.35999870300293, 42.693809509277344 ] } },
{ "type": "Feature", "properties": { "vehicle_id": "A2065", "latitude": 42.71514892578125, "longitude": 23.342161178588867, "raw_occupancy": 1, "timestamp": "2026-09-15 18:15:30" }, "geometry": { "type": "Point", "coordinates": [ 23.342161178588867, 42.71514892578125 ] } },
{ "type": "Feature", "properties": { "vehicle_id": "A3141", "latitude": 42.640083312988281, "longitude": 23.416183471679688, "raw_occupancy": 0, "timestamp": "2026-09-15 18:15:30" }, "geometry": { "type": "Point", "coordinates": [ 23.416183471679688, 42.640083312988281 ] } },
{ "type": "Feature", "properties": { "vehicle_id": "A2516", "latitude": 42.639293670654297, "longitude": 23.311752319335938, "raw_occupancy": 2, "timestamp": "2026-09-15 18:15:30" }, "geometry": { "type": "Point", "coordinates": [ 23.311752319335938, 42.639293670654297 ] } },
{ "type": "Feature", "properties": { "vehicle_id": "A1405", "latitude": 42.648662567138672, "longitude": 23.270486831665039, "raw_occupancy": 2, "timestamp": "2026-09-15 18:15:30" }, "geometry": { "type": "Point", "coordinates": [ 23.270486831665039, 42.648662567138672 ] } },
{ "type": "Feature", "properties": { "vehicle_id": "A2006", "latitude": 42.705371856689453, "longitude": 23.322229385375977, "raw_occupancy": 1, "timestamp": "2026-09-15 18:15:30" }, "geometry": { "type": "Point", "coordinates": [ 23.322229385375977, 42.705371856689453 ] } },
{ "type": "Feature", "properties": { "vehicle_id": "A3700", "latitude": 42.622627258300781, "longitude": 23.404769897460938, "raw_occupancy": 0, "timestamp": "2026-09-15 18:15:30" }, "geometry": { "type": "Point", "coordinates": [ 23.404769897460938, 42.622627258300781 ] } },
{ "type": "Feature", "properties": { "vehicle_id": "A1209", "latitude": 42.66571044921875, "longitude": 23.26109504699707, "raw_occupancy": 1, "timestamp": "2026-09-15 18:15:30" }, "geometry": { "type": "Point", "coordinates": [ 23.26109504699707, 42.66571044921875 ] } },
{ "type": "Feature", "properties": { "vehicle_id": "A2804", "latitude": 42.693870544433594, "longitude": 23.346174240112305, "raw_occupancy": 3, "timestamp": "2026-09-15 18:15:30" }, "geometry": { "type": "Point", "coordinates": [ 23.346174240112305, 42.693870544433594 ] } },
{ "type": "Feature", "properties": { "vehicle_id": "A2822", "latitude": 42.704132080078125, "longitude": 23.352531433105469, "raw_occupancy": 0, "timestamp": "2026-09-15 18:15:30" }, "geometry": { "type": "Point", "coordinates": [ 23.352531433105469, 42.704132080078125 ] } },
{ "type": "Feature", "properties": { "vehicle_id": "A2002", "latitude": 42.643909454345703, "longitude": 23.341928482055664, "raw_occupancy": 1, "timestamp": "2026-09-15 18:15:30" }, "geometry": { "type": "Point", "coordinates": [ 23.341928482055664, 42.643909454345703 ] } },
{ "type": "Feature", "properties": { "vehicle_id": "A1833", "latitude": 42.72021484375, "longitude": 23.285348892211914, "raw_occupancy": 1, "timestamp": "2026-09-15 18:15:30" }, "geometry": { "type": "Point", "coordinates": [ 23.285348892211914, 42.72021484375 ] } },
{ "type": "Feature", "properties": { "vehicle_id": "A3400", "latitude": 42.671592712402344, "longitude": 23.364051818847656, "raw_occupancy": 4, "timestamp": "2026-09-15 18:15:30" }, "geometry": { "type": "Point", "coordinates": [ 23.364051818847656, 42.671592712402344 ] } },
{ "type": "Feature", "properties": { "vehicle_id": "A2815", "latitude": 42.725112915039062, "longitude": 23.317346572875977, "raw_occupancy": 1, "timestamp": "2026-09-15 18:15:30" }, "geometry": { "type": "Point", "coordinates": [ 23.317346572875977, 42.725112915039062 ] } },
{ "type": "Feature", "properties": { "vehicle_id": "A7137", "latitude": 42.726654052734375, "longitude": 23.376243591308594, "raw_occupancy": 1, "timestamp": "2026-09-15 18:15:30" }, "geometry": { "type": "Point", "coordinates": [ 23.376243591308594, 42.726654052734375 ] } },
{ "type": "Feature", "properties": { "vehicle_id": "A2001", "latitude": 42.706851959228516, "longitude": 23.374773025512695, "raw_occupancy": 1, "timestamp": "2026-09-15 18:15:30" }, "geometry": { "type": "Point", "coordinates": [ 23.374773025512695, 42.706851959228516 ] } },
{ "type": "Feature", "properties": { "vehicle_id": "A2015", "latitude": 42.716487884521484, "longitude": 23.237588882446289, "raw_occupancy": 0, "timestamp": "2026-09-15 18:15:30" }, "geometry": { "type": "Point", "coordinates": [ 23.237588882446289, 42.716487884521484 ] } },
{ "type": "Feature", "properties": { "vehicle_id": "A2302", "latitude": 42.690353393554688, "longitude": 23.337873458862305, "raw_occupancy": 1, "timestamp": "2026-09-15 18:15:30" }, "geometry": { "type": "Point", "coordinates": [ 23.337873458862305, 42.690353393554688 ] } },
{ "type": "Feature", "properties": { "vehicle_id": "A3301", "latitude": 42.651412963867188, "longitude": 23.359003067016602, "raw_occupancy": 2, "timestamp": "2026-09-15 18:15:30" }, "geometry": { "type": "Point", "coordinates": [ 23.359003067016602, 42.651412963867188 ] } },
{ "type": "Feature", "properties": { "vehicle_id": "A2018", "latitude": 42.644805908203125, "longitude": 23.345251083374023, "raw_occupancy": 0, "timestamp": "2026-09-15 18:15:30" }, "geometry": { "type": "Point", "coordinates": [ 23.345251083374023, 42.644805908203125 ] } },
{ "type": "Feature", "properties": { "vehicle_id": "A2509", "latitude": 42.695808410644531, "longitude": 23.287141799926758, "raw_occupancy": 2, "timestamp": "2026-09-15 18:15:30" }, "geometry": { "type": "Point", "coordinates": [ 23.287141799926758, 42.695808410644531 ] } },
{ "type": "Feature", "properties": { "vehicle_id": "A7055", "latitude": 42.71051025390625, "longitude": 23.385456085205078, "raw_occupancy": 1, "timestamp": "2026-09-15 18:15:30" }, "geometry": { "type": "Point", "coordinates": [ 23.385456085205078, 42.71051025390625 ] } },
{ "type": "Feature", "properties": { "vehicle_id": "A7159", "latitude": 42.803260803222656, "longitude": 23.344305038452148, "raw_occupancy": 1, "timestamp": "2026-09-15 18:15:30" }, "geometry": { "type": "Point", "coordinates": [ 23.344305038452148, 42.803260803222656 ] } },
{ "type": "Feature", "properties": { "vehicle_id": "A7081", "latitude": 42.770076751708984, "longitude": 23.360015869140625, "raw_occupancy": 0, "timestamp": "2026-09-15 18:15:30" }, "geometry": { "type": "Point", "coordinates": [ 23.360015869140625, 42.770076751708984 ] } },
{ "type": "Feature", "properties": { "vehicle_id": "A1015", "latitude": 42.656658172607422, "longitude": 23.297870635986328, "raw_occupancy": 0, "timestamp": "2026-09-15 18:15:30" }, "geometry": { "type": "Point", "coordinates": [ 23.297870635986328, 42.656658172607422 ] } },
{ "type": "Feature", "properties": { "vehicle_id": "A1219", "latitude": 42.718936920166016, "longitude": 23.256496429443359, "raw_occupancy": 3, "timestamp": "2026-09-15 18:15:30" }, "geometry": { "type": "Point", "coordinates": [ 23.256496429443359, 42.718936920166016 ] } },
{ "type": "Feature", "properties": { "vehicle_id": "A1180", "latitude": 42.652427673339844, "longitude": 23.335868835449219, "raw_occupancy": 2, "timestamp": "2026-09-15 18:15:30" }, "geometry": { "type": "Point", "coordinates": [ 23.335868835449219, 42.652427673339844 ] } },
{ "type": "Feature", "properties": { "vehicle_id": "A2309", "latitude": 42.66754150390625, "longitude": 23.365806579589844, "raw_occupancy": 2, "timestamp": "2026-09-15 18:15:30" }, "geometry": { "type": "Point", "coordinates": [ 23.365806579589844, 42.66754150390625 ] } },
{ "type": "Feature", "properties": { "vehicle_id": "A3410", "latitude": 42.686664581298828, "longitude": 23.309501647949219, "raw_occupancy": 1, "timestamp": "2026-09-15 18:15:30" }, "geometry": { "type": "Point", "coordinates": [ 23.309501647949219, 42.686664581298828 ] } },
{ "type": "Feature", "properties": { "vehicle_id": "A7185", "latitude": 42.707897186279297, "longitude": 23.413957595825195, "raw_occupancy": 1, "timestamp": "2026-09-15 18:15:30" }, "geometry": { "type": "Point", "coordinates": [ 23.413957595825195, 42.707897186279297 ] } },
{ "type": "Feature", "properties": { "vehicle_id": "A1606", "latitude": 42.720470428466797, "longitude": 23.255456924438477, "raw_occupancy": 2, "timestamp": "2026-09-15 18:15:30" }, "geometry": { "type": "Point", "coordinates": [ 23.255456924438477, 42.720470428466797 ] } },
{ "type": "Feature", "properties": { "vehicle_id": "A2315", "latitude": 42.653102874755859, "longitude": 23.347484588623047, "raw_occupancy": 2, "timestamp": "2026-09-15 18:15:30" }, "geometry": { "type": "Point", "coordinates": [ 23.347484588623047, 42.653102874755859 ] } },
{ "type": "Feature", "properties": { "vehicle_id": "A1226", "latitude": 42.707695007324219, "longitude": 23.230411529541016, "raw_occupancy": 2, "timestamp": "2026-09-15 18:15:30" }, "geometry": { "type": "Point", "coordinates": [ 23.230411529541016, 42.707695007324219 ] } },
{ "type": "Feature", "properties": { "vehicle_id": "A2067", "latitude": 42.751056671142578, "longitude": 23.318639755249023, "raw_occupancy": 3, "timestamp": "2026-09-15 18:15:30" }, "geometry": { "type": "Point", "coordinates": [ 23.318639755249023, 42.751056671142578 ] } },
{ "type": "Feature", "properties": { "vehicle_id": "A3661", "latitude": 42.522663116455078, "longitude": 23.362253189086914, "raw_occupancy": 0, "timestamp": "2026-09-15 18:15:30" }, "geometry": { "type": "Point", "coordinates": [ 23.362253189086914, 42.522663116455078 ] } },
{ "type": "Feature", "properties": { "vehicle_id": "A3157", "latitude": 42.675872802734375, "longitude": 23.343748092651367, "raw_occupancy": 3, "timestamp": "2026-09-15 18:15:30" }, "geometry": { "type": "Point", "coordinates": [ 23.343748092651367, 42.675872802734375 ] } },
{ "type": "Feature", "properties": { "vehicle_id": "A7145", "latitude": 42.707798004150391, "longitude": 23.413610458374023, "raw_occupancy": 4, "timestamp": "2026-09-15 18:15:30" }, "geometry": { "type": "Point", "coordinates": [ 23.413610458374023, 42.707798004150391 ] } },
{ "type": "Feature", "properties": { "vehicle_id": "A1620", "latitude": 42.651268005371094, "longitude": 23.367719650268555, "raw_occupancy": 1, "timestamp": "2026-09-15 18:15:30" }, "geometry": { "type": "Point", "coordinates": [ 23.367719650268555, 42.651268005371094 ] } },
{ "type": "Feature", "properties": { "vehicle_id": "A7099", "latitude": 42.722286224365234, "longitude": 23.311161041259766, "raw_occupancy": 1, "timestamp": "2026-09-15 18:15:30" }, "geometry": { "type": "Point", "coordinates": [ 23.311161041259766, 42.722286224365234 ] } },
{ "type": "Feature", "properties": { "vehicle_id": "A2055", "latitude": 42.729488372802734, "longitude": 23.24761962890625, "raw_occupancy": 1, "timestamp": "2026-09-15 18:15:30" }, "geometry": { "type": "Point", "coordinates": [ 23.24761962890625, 42.729488372802734 ] } },
{ "type": "Feature", "properties": { "vehicle_id": "A3104", "latitude": 42.680335998535156, "longitude": 23.30535888671875, "raw_occupancy": 3, "timestamp": "2026-09-15 18:15:30" }, "geometry": { "type": "Point", "coordinates": [ 23.30535888671875, 42.680335998535156 ] } },
{ "type": "Feature", "properties": { "vehicle_id": "A3605", "latitude": 42.604930877685547, "longitude": 23.495412826538086, "raw_occupancy": 1, "timestamp": "2026-09-15 18:15:30" }, "geometry": { "type": "Point", "coordinates": [ 23.495412826538086, 42.604930877685547 ] } },
{ "type": "Feature", "properties": { "vehicle_id": "A2037", "latitude": 42.659278869628906, "longitude": 23.34808349609375, "raw_occupancy": 2, "timestamp": "2026-09-15 18:15:30" }, "geometry": { "type": "Point", "coordinates": [ 23.34808349609375, 42.659278869628906 ] } },
{ "type": "Feature", "properties": { "vehicle_id": "A3623", "latitude": 42.713397979736328, "longitude": 23.41484260559082, "raw_occupancy": 1, "timestamp": "2026-09-15 18:15:30" }, "geometry": { "type": "Point", "coordinates": [ 23.41484260559082, 42.713397979736328 ] } },
{ "type": "Feature", "properties": { "vehicle_id": "A7189", "latitude": 42.764667510986328, "longitude": 23.355936050415039, "raw_occupancy": 2, "timestamp": "2026-09-15 18:15:30" }, "geometry": { "type": "Point", "coordinates": [ 23.355936050415039, 42.764667510986328 ] } },
{ "type": "Feature", "properties": { "vehicle_id": "A7079", "latitude": 42.715129852294922, "longitude": 23.360397338867188, "raw_occupancy": 0, "timestamp": "2026-09-15 18:15:30" }, "geometry": { "type": "Point", "coordinates": [ 23.360397338867188, 42.715129852294922 ] } },
{ "type": "Feature", "properties": { "vehicle_id": "A2605", "latitude": 42.700321197509766, "longitude": 23.352054595947266, "raw_occupancy": 1, "timestamp": "2026-09-15 18:15:30" }, "geometry": { "type": "Point", "coordinates": [ 23.352054595947266, 42.700321197509766 ] } },
{ "type": "Feature", "properties": { "vehicle_id": "A1215", "latitude": 42.647869110107422, "longitude": 23.297006607055664, "raw_occupancy": 1, "timestamp": "2026-09-15 18:15:30" }, "geometry": { "type": "Point", "coordinates": [ 23.297006607055664, 42.647869110107422 ] } },
{ "type": "Feature", "properties": { "vehicle_id": "A1851", "latitude": 42.668468475341797, "longitude": 23.255544662475586, "raw_occupancy": 2, "timestamp": "2026-09-15 18:15:30" }, "geometry": { "type": "Point", "coordinates": [ 23.255544662475586, 42.668468475341797 ] } },
{ "type": "Feature", "properties": { "vehicle_id": "A3409", "latitude": 42.671772003173828, "longitude": 23.364175796508789, "raw_occupancy": 3, "timestamp": "2026-09-15 18:15:30" }, "geometry": { "type": "Point", "coordinates": [ 23.364175796508789, 42.671772003173828 ] } },
{ "type": "Feature", "properties": { "vehicle_id": "A3655", "latitude": 42.652660369873047, "longitude": 23.335895538330078, "raw_occupancy": 5, "timestamp": "2026-09-15 18:15:30" }, "geometry": { "type": "Point", "coordinates": [ 23.335895538330078, 42.652660369873047 ] } },
{ "type": "Feature", "properties": { "vehicle_id": "A3132", "latitude": 42.692916870117188, "longitude": 23.345455169677734, "raw_occupancy": 2, "timestamp": "2026-09-15 18:15:30" }, "geometry": { "type": "Point", "coordinates": [ 23.345455169677734, 42.692916870117188 ] } },
{ "type": "Feature", "properties": { "vehicle_id": "A1216", "latitude": 42.754520416259766, "longitude": 23.27232551574707, "raw_occupancy": 1, "timestamp": "2026-09-15 18:15:30" }, "geometry": { "type": "Point", "coordinates": [ 23.27232551574707, 42.754520416259766 ] } },
{ "type": "Feature", "properties": { "vehicle_id": "A3634", "latitude": 42.671779632568359, "longitude": 23.394386291503906, "raw_occupancy": 2, "timestamp": "2026-09-15 18:15:30" }, "geometry": { "type": "Point", "coordinates": [ 23.394386291503906, 42.671779632568359 ] } },
{ "type": "Feature", "properties": { "vehicle_id": "A3632", "latitude": 42.659942626953125, "longitude": 23.40336799621582, "raw_occupancy": 1, "timestamp": "2026-09-15 18:15:30" }, "geometry": { "type": "Point", "coordinates": [ 23.40336799621582, 42.659942626953125 ] } },
{ "type": "Feature", "properties": { "vehicle_id": "A2078", "latitude": 42.654899597167969, "longitude": 23.387832641601562, "raw_occupancy": 2, "timestamp": "2026-09-15 18:15:30" }, "geometry": { "type": "Point", "coordinates": [ 23.387832641601562, 42.654899597167969 ] } },
{ "type": "Feature", "properties": { "vehicle_id": "A2316", "latitude": 42.644607543945312, "longitude": 23.341960906982422, "raw_occupancy": 1, "timestamp": "2026-09-15 18:15:30" }, "geometry": { "type": "Point", "coordinates": [ 23.341960906982422, 42.644607543945312 ] } },
{ "type": "Feature", "properties": { "vehicle_id": "A3142", "latitude": 42.662628173828125, "longitude": 23.355436325073242, "raw_occupancy": 2, "timestamp": "2026-09-15 18:15:30" }, "geometry": { "type": "Point", "coordinates": [ 23.355436325073242, 42.662628173828125 ] } },
{ "type": "Feature", "properties": { "vehicle_id": "A2081", "latitude": 42.587852478027344, "longitude": 23.419967651367188, "raw_occupancy": 1, "timestamp": "2026-09-15 18:15:30" }, "geometry": { "type": "Point", "coordinates": [ 23.419967651367188, 42.587852478027344 ] } },
{ "type": "Feature", "properties": { "vehicle_id": "A3013", "latitude": 42.682334899902344, "longitude": 23.301809310913086, "raw_occupancy": 1, "timestamp": "2026-09-15 18:15:30" }, "geometry": { "type": "Point", "coordinates": [ 23.301809310913086, 42.682334899902344 ] } },
{ "type": "Feature", "properties": { "vehicle_id": "A2318", "latitude": 42.65350341796875, "longitude": 23.34742546081543, "raw_occupancy": 1, "timestamp": "2026-09-15 18:15:30" }, "geometry": { "type": "Point", "coordinates": [ 23.34742546081543, 42.65350341796875 ] } },
{ "type": "Feature", "properties": { "vehicle_id": "A1404", "latitude": 42.644172668457031, "longitude": 23.313694000244141, "raw_occupancy": 2, "timestamp": "2026-09-15 18:15:30" }, "geometry": { "type": "Point", "coordinates": [ 23.313694000244141, 42.644172668457031 ] } },
{ "type": "Feature", "properties": { "vehicle_id": "A3659", "latitude": 42.659915924072266, "longitude": 23.395004272460938, "raw_occupancy": 1, "timestamp": "2026-09-15 18:15:30" }, "geometry": { "type": "Point", "coordinates": [ 23.395004272460938, 42.659915924072266 ] } },
{ "type": "Feature", "properties": { "vehicle_id": "A1217", "latitude": 42.737155914306641, "longitude": 23.243587493896484, "raw_occupancy": 4, "timestamp": "2026-09-15 18:15:30" }, "geometry": { "type": "Point", "coordinates": [ 23.243587493896484, 42.737155914306641 ] } },
{ "type": "Feature", "properties": { "vehicle_id": "A2010", "latitude": 42.707172393798828, "longitude": 23.299528121948242, "raw_occupancy": 4, "timestamp": "2026-09-15 18:15:30" }, "geometry": { "type": "Point", "coordinates": [ 23.299528121948242, 42.707172393798828 ] } },
{ "type": "Feature", "properties": { "vehicle_id": "A2059", "latitude": 42.700603485107422, "longitude": 23.3719482421875, "raw_occupancy": 1, "timestamp": "2026-09-15 18:15:30" }, "geometry": { "type": "Point", "coordinates": [ 23.3719482421875, 42.700603485107422 ] } },
{ "type": "Feature", "properties": { "vehicle_id": "A2519", "latitude": 42.69573974609375, "longitude": 23.28492546081543, "raw_occupancy": 1, "timestamp": "2026-09-15 18:15:30" }, "geometry": { "type": "Point", "coordinates": [ 23.28492546081543, 42.69573974609375 ] } },
{ "type": "Feature", "properties": { "vehicle_id": "A1314", "latitude": 42.627449035644531, "longitude": 23.230838775634766, "raw_occupancy": 1, "timestamp": "2026-09-15 18:15:30" }, "geometry": { "type": "Point", "coordinates": [ 23.230838775634766, 42.627449035644531 ] } },
{ "type": "Feature", "properties": { "vehicle_id": "A1036", "latitude": 42.651134490966797, "longitude": 23.332479476928711, "raw_occupancy": 2, "timestamp": "2026-09-15 18:15:30" }, "geometry": { "type": "Point", "coordinates": [ 23.332479476928711, 42.651134490966797 ] } },
{ "type": "Feature", "properties": { "vehicle_id": "A2056", "latitude": 42.781513214111328, "longitude": 23.382087707519531, "raw_occupancy": 1, "timestamp": "2026-09-15 18:15:30" }, "geometry": { "type": "Point", "coordinates": [ 23.382087707519531, 42.781513214111328 ] } },
{ "type": "Feature", "properties": { "vehicle_id": "A3126", "latitude": 42.714527130126953, "longitude": 23.310749053955078, "raw_occupancy": 1, "timestamp": "2026-09-15 18:15:30" }, "geometry": { "type": "Point", "coordinates": [ 23.310749053955078, 42.714527130126953 ] } },
{ "type": "Feature", "properties": { "vehicle_id": "A2040", "latitude": 42.704647064208984, "longitude": 23.367307662963867, "raw_occupancy": 1, "timestamp": "2026-09-15 18:15:30" }, "geometry": { "type": "Point", "coordinates": [ 23.367307662963867, 42.704647064208984 ] } },
{ "type": "Feature", "properties": { "vehicle_id": "A2825", "latitude": 42.732276916503906, "longitude": 23.249473571777344, "raw_occupancy": 1, "timestamp": "2026-09-15 18:15:30" }, "geometry": { "type": "Point", "coordinates": [ 23.249473571777344, 42.732276916503906 ] } },
{ "type": "Feature", "properties": { "vehicle_id": "A1305", "latitude": 42.651512145996094, "longitude": 23.220499038696289, "raw_occupancy": 3, "timestamp": "2026-09-15 18:15:30" }, "geometry": { "type": "Point", "coordinates": [ 23.220499038696289, 42.651512145996094 ] } },
{ "type": "Feature", "properties": { "vehicle_id": "A7161", "latitude": 42.842575073242188, "longitude": 23.322582244873047, "raw_occupancy": 1, "timestamp": "2026-09-15 18:15:30" }, "geometry": { "type": "Point", "coordinates": [ 23.322582244873047, 42.842575073242188 ] } },
{ "type": "Feature", "properties": { "vehicle_id": "A2500", "latitude": 42.684925079345703, "longitude": 23.302858352661133, "raw_occupancy": 2, "timestamp": "2026-09-15 18:15:30" }, "geometry": { "type": "Point", "coordinates": [ 23.302858352661133, 42.684925079345703 ] } },
{ "type": "Feature", "properties": { "vehicle_id": "A1229", "latitude": 42.718296051025391, "longitude": 23.231418609619141, "raw_occupancy": 1, "timestamp": "2026-09-15 18:15:30" }, "geometry": { "type": "Point", "coordinates": [ 23.231418609619141, 42.718296051025391 ] } },
{ "type": "Feature", "properties": { "vehicle_id": "A3614", "latitude": 42.640975952148438, "longitude": 23.381690979003906, "raw_occupancy": 2, "timestamp": "2026-09-15 18:15:30" }, "geometry": { "type": "Point", "coordinates": [ 23.381690979003906, 42.640975952148438 ] } },
{ "type": "Feature", "properties": { "vehicle_id": "A1610", "latitude": 42.633861541748047, "longitude": 23.332008361816406, "raw_occupancy": 3, "timestamp": "2026-09-15 18:15:30" }, "geometry": { "type": "Point", "coordinates": [ 23.332008361816406, 42.633861541748047 ] } },
{ "type": "Feature", "properties": { "vehicle_id": "A3663", "latitude": 42.663959503173828, "longitude": 23.390613555908203, "raw_occupancy": 1, "timestamp": "2026-09-15 18:15:30" }, "geometry": { "type": "Point", "coordinates": [ 23.390613555908203, 42.663959503173828 ] } },
{ "type": "Feature", "properties": { "vehicle_id": "A1160", "latitude": 42.642986297607422, "longitude": 23.341819763183594, "raw_occupancy": 1, "timestamp": "2026-09-15 18:15:30" }, "geometry": { "type": "Point", "coordinates": [ 23.341819763183594, 42.642986297607422 ] } },
{ "type": "Feature", "properties": { "vehicle_id": "A1605", "latitude": 42.688018798828125, "longitude": 23.276025772094727, "raw_occupancy": 2, "timestamp": "2026-09-15 18:15:30" }, "geometry": { "type": "Point", "coordinates": [ 23.276025772094727, 42.688018798828125 ] } },
{ "type": "Feature", "properties": { "vehicle_id": "A1803", "latitude": 42.620384216308594, "longitude": 23.188987731933594, "raw_occupancy": 1, "timestamp": "2026-09-15 18:15:30" }, "geometry": { "type": "Point", "coordinates": [ 23.188987731933594, 42.620384216308594 ] } },
{ "type": "Feature", "properties": { "vehicle_id": "A3119", "latitude": 42.653053283691406, "longitude": 23.335918426513672, "raw_occupancy": 3, "timestamp": "2026-09-15 18:15:30" }, "geometry": { "type": "Point", "coordinates": [ 23.335918426513672, 42.653053283691406 ] } },
{ "type": "Feature", "properties": { "vehicle_id": "A1183", "latitude": 42.670486450195312, "longitude": 23.337858200073242, "raw_occupancy": 2, "timestamp": "2026-09-15 18:15:30" }, "geometry": { "type": "Point", "coordinates": [ 23.337858200073242, 42.670486450195312 ] } },
{ "type": "Feature", "properties": { "vehicle_id": "A3153", "latitude": 42.700553894042969, "longitude": 23.342441558837891, "raw_occupancy": 1, "timestamp": "2026-09-15 18:15:30" }, "geometry": { "type": "Point", "coordinates": [ 23.342441558837891, 42.700553894042969 ] } },
{ "type": "Feature", "properties": { "vehicle_id": "A3127", "latitude": 42.693714141845703, "longitude": 23.355405807495117, "raw_occupancy": 2, "timestamp": "2026-09-15 18:15:30" }, "geometry": { "type": "Point", "coordinates": [ 23.355405807495117, 42.693714141845703 ] } },
{ "type": "Feature", "properties": { "vehicle_id": "A7095", "latitude": 42.721401214599609, "longitude": 23.537881851196289, "raw_occupancy": 1, "timestamp": "2026-09-15 18:15:30" }, "geometry": { "type": "Point", "coordinates": [ 23.537881851196289, 42.721401214599609 ] } },
{ "type": "Feature", "properties": { "vehicle_id": "A1841", "latitude": 42.676998138427734, "longitude": 23.249471664428711, "raw_occupancy": 3, "timestamp": "2026-09-15 18:15:30" }, "geometry": { "type": "Point", "coordinates": [ 23.249471664428711, 42.676998138427734 ] } },
{ "type": "Feature", "properties": { "vehicle_id": "A1030", "latitude": 42.653964996337891, "longitude": 23.331235885620117, "raw_occupancy": 3, "timestamp": "2026-09-15 18:15:30" }, "geometry": { "type": "Point", "coordinates": [ 23.331235885620117, 42.653964996337891 ] } },
{ "type": "Feature", "properties": { "vehicle_id": "A3403", "latitude": 42.654689788818359, "longitude": 23.414392471313477, "raw_occupancy": 1, "timestamp": "2026-09-15 18:15:30" }, "geometry": { "type": "Point", "coordinates": [ 23.414392471313477, 42.654689788818359 ] } },
{ "type": "Feature", "properties": { "vehicle_id": "A2000", "latitude": 42.713306427001953, "longitude": 23.384372711181641, "raw_occupancy": 2, "timestamp": "2026-09-15 18:15:30" }, "geometry": { "type": "Point", "coordinates": [ 23.384372711181641, 42.713306427001953 ] } },
{ "type": "Feature", "properties": { "vehicle_id": "A2041", "latitude": 42.710273742675781, "longitude": 23.268047332763672, "raw_occupancy": 1, "timestamp": "2026-09-15 18:15:30" }, "geometry": { "type": "Point", "coordinates": [ 23.268047332763672, 42.710273742675781 ] } },
{ "type": "Feature", "properties": { "vehicle_id": "A1425", "latitude": 42.714096069335938, "longitude": 23.229873657226562, "raw_occupancy": 2, "timestamp": "2026-09-15 18:15:30" }, "geometry": { "type": "Point", "coordinates": [ 23.229873657226562, 42.714096069335938 ] } },
{ "type": "Feature", "properties": { "vehicle_id": "A7101", "latitude": 42.725711822509766, "longitude": 23.244285583496094, "raw_occupancy": 1, "timestamp": "2026-09-15 18:15:30" }, "geometry": { "type": "Point", "coordinates": [ 23.244285583496094, 42.725711822509766 ] } },
{ "type": "Feature", "properties": { "vehicle_id": "A2301", "latitude": 42.686286926269531, "longitude": 23.343345642089844, "raw_occupancy": 2, "timestamp": "2026-09-15 18:15:30" }, "geometry": { "type": "Point", "coordinates": [ 23.343345642089844, 42.686286926269531 ] } },
{ "type": "Feature", "properties": { "vehicle_id": "A3135", "latitude": 42.669643402099609, "longitude": 23.332700729370117, "raw_occupancy": 4, "timestamp": "2026-09-15 18:15:30" }, "geometry": { "type": "Point", "coordinates": [ 23.332700729370117, 42.669643402099609 ] } },
{ "type": "Feature", "properties": { "vehicle_id": "A3122", "latitude": 42.657096862792969, "longitude": 23.336509704589844, "raw_occupancy": 2, "timestamp": "2026-09-15 18:15:30" }, "geometry": { "type": "Point", "coordinates": [ 23.336509704589844, 42.657096862792969 ] } },
{ "type": "Feature", "properties": { "vehicle_id": "A1165", "latitude": 42.679466247558594, "longitude": 23.283775329589844, "raw_occupancy": 5, "timestamp": "2026-09-15 18:15:30" }, "geometry": { "type": "Point", "coordinates": [ 23.283775329589844, 42.679466247558594 ] } },
{ "type": "Feature", "properties": { "vehicle_id": "A7071", "latitude": 42.745811462402344, "longitude": 23.281473159790039, "raw_occupancy": 1, "timestamp": "2026-09-15 18:15:30" }, "geometry": { "type": "Point", "coordinates": [ 23.281473159790039, 42.745811462402344 ] } },
{ "type": "Feature", "properties": { "vehicle_id": "A1619", "latitude": 42.694149017333984, "longitude": 23.366302490234375, "raw_occupancy": 1, "timestamp": "2026-09-15 18:15:30" }, "geometry": { "type": "Point", "coordinates": [ 23.366302490234375, 42.694149017333984 ] } },
{ "type": "Feature", "properties": { "vehicle_id": "A1426", "latitude": 42.655231475830078, "longitude": 23.279165267944336, "raw_occupancy": 4, "timestamp": "2026-09-15 18:15:30" }, "geometry": { "type": "Point", "coordinates": [ 23.279165267944336, 42.655231475830078 ] } },
{ "type": "Feature", "properties": { "vehicle_id": "A2505", "latitude": 42.676616668701172, "longitude": 23.359828948974609, "raw_occupancy": 1, "timestamp": "2026-09-15 18:15:30" }, "geometry": { "type": "Point", "coordinates": [ 23.359828948974609, 42.676616668701172 ] } },
{ "type": "Feature", "properties": { "vehicle_id": "A3012", "latitude": 42.689971923828125, "longitude": 23.331655502319336, "raw_occupancy": 1, "timestamp": "2026-09-15 18:15:30" }, "geometry": { "type": "Point", "coordinates": [ 23.331655502319336, 42.689971923828125 ] } },
{ "type": "Feature", "properties": { "vehicle_id": "A3015", "latitude": 42.705879211425781, "longitude": 23.317848205566406, "raw_occupancy": 1, "timestamp": "2026-09-15 18:15:30" }, "geometry": { "type": "Point", "coordinates": [ 23.317848205566406, 42.705879211425781 ] } },
{ "type": "Feature", "properties": { "vehicle_id": "A3611", "latitude": 42.673709869384766, "longitude": 23.465742111206055, "raw_occupancy": 0, "timestamp": "2026-09-15 18:15:30" }, "geometry": { "type": "Point", "coordinates": [ 23.465742111206055, 42.673709869384766 ] } },
{ "type": "Feature", "properties": { "vehicle_id": "A1184", "latitude": 42.674777984619141, "longitude": 23.30621337890625, "raw_occupancy": 3, "timestamp": "2026-09-15 18:15:30" }, "geometry": { "type": "Point", "coordinates": [ 23.30621337890625, 42.674777984619141 ] } },
{ "type": "Feature", "properties": { "vehicle_id": "A1407", "latitude": 42.712238311767578, "longitude": 23.290742874145508, "raw_occupancy": 3, "timestamp": "2026-09-15 18:15:30" }, "geometry": { "type": "Point", "coordinates": [ 23.290742874145508, 42.712238311767578 ] } },
{ "type": "Feature", "properties": { "vehicle_id": "A3154", "latitude": 42.687374114990234, "longitude": 23.331884384155273, "raw_occupancy": 3, "timestamp": "2026-09-15 18:15:30" }, "geometry": { "type": "Point", "coordinates": [ 23.331884384155273, 42.687374114990234 ] } },
{ "type": "Feature", "properties": { "vehicle_id": "A1026", "latitude": 42.627658843994141, "longitude": 23.372917175292969, "raw_occupancy": 0, "timestamp": "2026-09-15 18:15:30" }, "geometry": { "type": "Point", "coordinates": [ 23.372917175292969, 42.627658843994141 ] } },
{ "type": "Feature", "properties": { "vehicle_id": "A3158", "latitude": 42.658782958984375, "longitude": 23.392917633056641, "raw_occupancy": 1, "timestamp": "2026-09-15 18:15:30" }, "geometry": { "type": "Point", "coordinates": [ 23.392917633056641, 42.658782958984375 ] } },
{ "type": "Feature", "properties": { "vehicle_id": "A2722", "latitude": 42.764625549316406, "longitude": 23.415472030639648, "raw_occupancy": 0, "timestamp": "2026-09-15 18:15:30" }, "geometry": { "type": "Point", "coordinates": [ 23.415472030639648, 42.764625549316406 ] } },
{ "type": "Feature", "properties": { "vehicle_id": "A1855", "latitude": 42.686771392822266, "longitude": 23.299985885620117, "raw_occupancy": 0, "timestamp": "2026-09-15 18:15:30" }, "geometry": { "type": "Point", "coordinates": [ 23.299985885620117, 42.686771392822266 ] } },
{ "type": "Feature", "properties": { "vehicle_id": "A1604", "latitude": 42.701183319091797, "longitude": 23.341445922851562, "raw_occupancy": 2, "timestamp": "2026-09-15 18:15:30" }, "geometry": { "type": "Point", "coordinates": [ 23.341445922851562, 42.701183319091797 ] } },
{ "type": "Feature", "properties": { "vehicle_id": "A1614", "latitude": 42.719589233398438, "longitude": 23.244350433349609, "raw_occupancy": 1, "timestamp": "2026-09-15 18:15:30" }, "geometry": { "type": "Point", "coordinates": [ 23.244350433349609, 42.719589233398438 ] } },
{ "type": "Feature", "properties": { "vehicle_id": "A1127", "latitude": 42.755443572998047, "longitude": 23.210983276367188, "raw_occupancy": 1, "timestamp": "2026-09-15 18:15:30" }, "geometry": { "type": "Point", "coordinates": [ 23.210983276367188, 42.755443572998047 ] } },
{ "type": "Feature", "properties": { "vehicle_id": "A7073", "latitude": 42.762001037597656, "longitude": 23.56330680847168, "raw_occupancy": 0, "timestamp": "2026-09-15 18:15:30" }, "geometry": { "type": "Point", "coordinates": [ 23.56330680847168, 42.762001037597656 ] } },
{ "type": "Feature", "properties": { "vehicle_id": "A2305", "latitude": 42.706649780273438, "longitude": 23.347150802612305, "raw_occupancy": 2, "timestamp": "2026-09-15 18:15:30" }, "geometry": { "type": "Point", "coordinates": [ 23.347150802612305, 42.706649780273438 ] } },
{ "type": "Feature", "properties": { "vehicle_id": "A3627", "latitude": 42.672527313232422, "longitude": 23.394674301147461, "raw_occupancy": 1, "timestamp": "2026-09-15 18:15:30" }, "geometry": { "type": "Point", "coordinates": [ 23.394674301147461, 42.672527313232422 ] } },
{ "type": "Feature", "properties": { "vehicle_id": "A1169", "latitude": 42.704769134521484, "longitude": 23.298559188842773, "raw_occupancy": 2, "timestamp": "2026-09-15 18:15:30" }, "geometry": { "type": "Point", "coordinates": [ 23.298559188842773, 42.704769134521484 ] } },
{ "type": "Feature", "properties": { "vehicle_id": "A3312", "latitude": 42.710830688476562, "longitude": 23.320087432861328, "raw_occupancy": 1, "timestamp": "2026-09-15 18:15:30" }, "geometry": { "type": "Point", "coordinates": [ 23.320087432861328, 42.710830688476562 ] } },
{ "type": "Feature", "properties": { "vehicle_id": "A7053", "latitude": 42.714298248291016, "longitude": 23.358819961547852, "raw_occupancy": 0, "timestamp": "2026-09-15 18:15:30" }, "geometry": { "type": "Point", "coordinates": [ 23.358819961547852, 42.714298248291016 ] } },
{ "type": "Feature", "properties": { "vehicle_id": "A2036", "latitude": 42.668907165527344, "longitude": 23.337757110595703, "raw_occupancy": 1, "timestamp": "2026-09-15 18:15:30" }, "geometry": { "type": "Point", "coordinates": [ 23.337757110595703, 42.668907165527344 ] } },
{ "type": "Feature", "properties": { "vehicle_id": "A3136", "latitude": 42.694568634033203, "longitude": 23.346319198608398, "raw_occupancy": 2, "timestamp": "2026-09-15 18:15:30" }, "geometry": { "type": "Point", "coordinates": [ 23.346319198608398, 42.694568634033203 ] } },
{ "type": "Feature", "properties": { "vehicle_id": "A2032", "latitude": 42.643299102783203, "longitude": 23.341886520385742, "raw_occupancy": 0, "timestamp": "2026-09-15 18:15:30" }, "geometry": { "type": "Point", "coordinates": [ 23.341886520385742, 42.643299102783203 ] } },
{ "type": "Feature", "properties": { "vehicle_id": "A7133", "latitude": 42.725269317626953, "longitude": 23.312032699584961, "raw_occupancy": 3, "timestamp": "2026-09-15 18:15:30" }, "geometry": { "type": "Point", "coordinates": [ 23.312032699584961, 42.725269317626953 ] } },
{ "type": "Feature", "properties": { "vehicle_id": "A1311", "latitude": 42.611000061035156, "longitude": 23.296710968017578, "raw_occupancy": 0, "timestamp": "2026-09-15 18:15:30" }, "geometry": { "type": "Point", "coordinates": [ 23.296710968017578, 42.611000061035156 ] } },
{ "type": "Feature", "properties": { "vehicle_id": "A3111", "latitude": 42.666862487792969, "longitude": 23.323518753051758, "raw_occupancy": 1, "timestamp": "2026-09-15 18:15:30" }, "geometry": { "type": "Point", "coordinates": [ 23.323518753051758, 42.666862487792969 ] } },
{ "type": "Feature", "properties": { "vehicle_id": "A2025", "latitude": 42.67822265625, "longitude": 23.326126098632812, "raw_occupancy": 2, "timestamp": "2026-09-15 18:15:30" }, "geometry": { "type": "Point", "coordinates": [ 23.326126098632812, 42.67822265625 ] } },
{ "type": "Feature", "properties": { "vehicle_id": "A1402", "latitude": 42.721572875976562, "longitude": 23.271535873413086, "raw_occupancy": 2, "timestamp": "2026-09-15 18:15:30" }, "geometry": { "type": "Point", "coordinates": [ 23.271535873413086, 42.721572875976562 ] } },
{ "type": "Feature", "properties": { "vehicle_id": "A2510", "latitude": 42.657924652099609, "longitude": 23.328073501586914, "raw_occupancy": 0, "timestamp": "2026-09-15 18:15:30" }, "geometry": { "type": "Point", "coordinates": [ 23.328073501586914, 42.657924652099609 ] } },
{ "type": "Feature", "properties": { "vehicle_id": "A2035", "latitude": 42.690891265869141, "longitude": 23.332386016845703, "raw_occupancy": 1, "timestamp": "2026-09-15 18:15:30" }, "geometry": { "type": "Point", "coordinates": [ 23.332386016845703, 42.690891265869141 ] } },
{ "type": "Feature", "properties": { "vehicle_id": "A3615", "latitude": 42.638828277587891, "longitude": 23.39775276184082, "raw_occupancy": 1, "timestamp": "2026-09-15 18:15:30" }, "geometry": { "type": "Point", "coordinates": [ 23.39775276184082, 42.638828277587891 ] } },
{ "type": "Feature", "properties": { "vehicle_id": "A1613", "latitude": 42.728694915771484, "longitude": 23.258378982543945, "raw_occupancy": 1, "timestamp": "2026-09-15 18:15:30" }, "geometry": { "type": "Point", "coordinates": [ 23.258378982543945, 42.728694915771484 ] } },
{ "type": "Feature", "properties": { "vehicle_id": "A3621", "latitude": 42.675514221191406, "longitude": 23.433595657348633, "raw_occupancy": 2, "timestamp": "2026-09-15 18:15:30" }, "geometry": { "type": "Point", "coordinates": [ 23.433595657348633, 42.675514221191406 ] } },
{ "type": "Feature", "properties": { "vehicle_id": "A7143", "latitude": 42.705207824707031, "longitude": 23.332178115844727, "raw_occupancy": 1, "timestamp": "2026-09-15 18:15:30" }, "geometry": { "type": "Point", "coordinates": [ 23.332178115844727, 42.705207824707031 ] } },
{ "type": "Feature", "properties": { "vehicle_id": "A3138", "latitude": 42.628749847412109, "longitude": 23.375015258789062, "raw_occupancy": 1, "timestamp": "2026-09-15 18:15:30" }, "geometry": { "type": "Point", "coordinates": [ 23.375015258789062, 42.628749847412109 ] } },
{ "type": "Feature", "properties": { "vehicle_id": "A2020", "latitude": 42.646621704101562, "longitude": 23.346235275268555, "raw_occupancy": 0, "timestamp": "2026-09-15 18:15:30" }, "geometry": { "type": "Point", "coordinates": [ 23.346235275268555, 42.646621704101562 ] } },
{ "type": "Feature", "properties": { "vehicle_id": "A7155", "latitude": 42.738632202148438, "longitude": 23.5068359375, "raw_occupancy": 3, "timestamp": "2026-09-15 18:15:30" }, "geometry": { "type": "Point", "coordinates": [ 23.5068359375, 42.738632202148438 ] } },
{ "type": "Feature", "properties": { "vehicle_id": "A3662", "latitude": 42.662700653076172, "longitude": 23.356178283691406, "raw_occupancy": 4, "timestamp": "2026-09-15 18:15:30" }, "geometry": { "type": "Point", "coordinates": [ 23.356178283691406, 42.662700653076172 ] } },
{ "type": "Feature", "properties": { "vehicle_id": "A1010", "latitude": 42.643421173095703, "longitude": 23.345060348510742, "raw_occupancy": 1, "timestamp": "2026-09-15 18:15:30" }, "geometry": { "type": "Point", "coordinates": [ 23.345060348510742, 42.643421173095703 ] } },
{ "type": "Feature", "properties": { "vehicle_id": "A2076", "latitude": 42.577873229980469, "longitude": 23.414815902709961, "raw_occupancy": 1, "timestamp": "2026-09-15 18:15:30" }, "geometry": { "type": "Point", "coordinates": [ 23.414815902709961, 42.577873229980469 ] } },
{ "type": "Feature", "properties": { "vehicle_id": "A1150", "latitude": 42.715057373046875, "longitude": 23.283891677856445, "raw_occupancy": 2, "timestamp": "2026-09-15 18:15:30" }, "geometry": { "type": "Point", "coordinates": [ 23.283891677856445, 42.715057373046875 ] } },
{ "type": "Feature", "properties": { "vehicle_id": "A2312", "latitude": 42.642978668212891, "longitude": 23.344985961914062, "raw_occupancy": 1, "timestamp": "2026-09-15 18:15:30" }, "geometry": { "type": "Point", "coordinates": [ 23.344985961914062, 42.642978668212891 ] } },
{ "type": "Feature", "properties": { "vehicle_id": "A2072", "latitude": 42.708320617675781, "longitude": 23.334325790405273, "raw_occupancy": 0, "timestamp": "2026-09-15 18:15:30" }, "geometry": { "type": "Point", "coordinates": [ 23.334325790405273, 42.708320617675781 ] } },
{ "type": "Feature", "properties": { "vehicle_id": "A7091", "latitude": 42.785648345947266, "longitude": 23.500522613525391, "raw_occupancy": 1, "timestamp": "2026-09-15 18:15:30" }, "geometry": { "type": "Point", "coordinates": [ 23.500522613525391, 42.785648345947266 ] } },
{ "type": "Feature", "properties": { "vehicle_id": "A7097", "latitude": 42.705066680908203, "longitude": 23.325412750244141, "raw_occupancy": 1, "timestamp": "2026-09-15 18:15:30" }, "geometry": { "type": "Point", "coordinates": [ 23.325412750244141, 42.705066680908203 ] } },
{ "type": "Feature", "properties": { "vehicle_id": "A3107", "latitude": 42.677207946777344, "longitude": 23.303293228149414, "raw_occupancy": 1, "timestamp": "2026-09-15 18:15:30" }, "geometry": { "type": "Point", "coordinates": [ 23.303293228149414, 42.677207946777344 ] } },
{ "type": "Feature", "properties": { "vehicle_id": "A2507", "latitude": 42.685722351074219, "longitude": 23.330028533935547, "raw_occupancy": 3, "timestamp": "2026-09-15 18:15:30" }, "geometry": { "type": "Point", "coordinates": [ 23.330028533935547, 42.685722351074219 ] } },
{ "type": "Feature", "properties": { "vehicle_id": "A2012", "latitude": 42.660526275634766, "longitude": 23.316795349121094, "raw_occupancy": 2, "timestamp": "2026-09-15 18:15:30" }, "geometry": { "type": "Point", "coordinates": [ 23.316795349121094, 42.660526275634766 ] } },
{ "type": "Feature", "properties": { "vehicle_id": "A3671", "latitude": 42.662857055664062, "longitude": 23.358123779296875, "raw_occupancy": 2, "timestamp": "2026-09-15 18:15:30" }, "geometry": { "type": "Point", "coordinates": [ 23.358123779296875, 42.662857055664062 ] } },
{ "type": "Feature", "properties": { "vehicle_id": "A2165", "latitude": 42.732089996337891, "longitude": 23.296052932739258, "raw_occupancy": 1, "timestamp": "2026-09-15 18:15:30" }, "geometry": { "type": "Point", "coordinates": [ 23.296052932739258, 42.732089996337891 ] } },
{ "type": "Feature", "properties": { "vehicle_id": "A3401", "latitude": 42.6292724609375, "longitude": 23.333398818969727, "raw_occupancy": 1, "timestamp": "2026-09-15 18:15:30" }, "geometry": { "type": "Point", "coordinates": [ 23.333398818969727, 42.6292724609375 ] } },
{ "type": "Feature", "properties": { "vehicle_id": "A3620", "latitude": 42.631412506103516, "longitude": 23.380407333374023, "raw_occupancy": 1, "timestamp": "2026-09-15 18:15:30" }, "geometry": { "type": "Point", "coordinates": [ 23.380407333374023, 42.631412506103516 ] } },
{ "type": "Feature", "properties": { "vehicle_id": "A3665", "latitude": 42.687023162841797, "longitude": 23.331317901611328, "raw_occupancy": 4, "timestamp": "2026-09-15 18:15:30" }, "geometry": { "type": "Point", "coordinates": [ 23.331317901611328, 42.687023162841797 ] } },
{ "type": "Feature", "properties": { "vehicle_id": "A1223", "latitude": 42.649467468261719, "longitude": 23.315519332885742, "raw_occupancy": 2, "timestamp": "2026-09-15 18:15:30" }, "geometry": { "type": "Point", "coordinates": [ 23.315519332885742, 42.649467468261719 ] } },
{ "type": "Feature", "properties": { "vehicle_id": "A1214", "latitude": 42.637802124023438, "longitude": 23.373088836669922, "raw_occupancy": 1, "timestamp": "2026-09-15 18:15:30" }, "geometry": { "type": "Point", "coordinates": [ 23.373088836669922, 42.637802124023438 ] } },
{ "type": "Feature", "properties": { "vehicle_id": "A3144", "latitude": 42.64385986328125, "longitude": 23.412208557128906, "raw_occupancy": 1, "timestamp": "2026-09-15 18:15:30" }, "geometry": { "type": "Point", "coordinates": [ 23.412208557128906, 42.64385986328125 ] } },
{ "type": "Feature", "properties": { "vehicle_id": "A2720", "latitude": 42.820220947265625, "longitude": 23.360750198364258, "raw_occupancy": 1, "timestamp": "2026-09-15 18:15:30" }, "geometry": { "type": "Point", "coordinates": [ 23.360750198364258, 42.820220947265625 ] } },
{ "type": "Feature", "properties": { "vehicle_id": "A1807", "latitude": 42.696269989013672, "longitude": 23.262353897094727, "raw_occupancy": 2, "timestamp": "2026-09-15 18:15:30" }, "geometry": { "type": "Point", "coordinates": [ 23.262353897094727, 42.696269989013672 ] } },
{ "type": "Feature", "properties": { "vehicle_id": "A2514", "latitude": 42.684871673583984, "longitude": 23.325286865234375, "raw_occupancy": 2, "timestamp": "2026-09-15 18:15:30" }, "geometry": { "type": "Point", "coordinates": [ 23.325286865234375, 42.684871673583984 ] } },
{ "type": "Feature", "properties": { "vehicle_id": "A2075", "latitude": 42.638568878173828, "longitude": 23.412555694580078, "raw_occupancy": 1, "timestamp": "2026-09-15 18:15:30" }, "geometry": { "type": "Point", "coordinates": [ 23.412555694580078, 42.638568878173828 ] } },
{ "type": "Feature", "properties": { "vehicle_id": "A2048", "latitude": 42.653575897216797, "longitude": 23.388832092285156, "raw_occupancy": 3, "timestamp": "2026-09-15 18:15:30" }, "geometry": { "type": "Point", "coordinates": [ 23.388832092285156, 42.653575897216797 ] } },
{ "type": "Feature", "properties": { "vehicle_id": "A2016", "latitude": 42.660499572753906, "longitude": 23.347064971923828, "raw_occupancy": 0, "timestamp": "2026-09-15 18:15:30" }, "geometry": { "type": "Point", "coordinates": [ 23.347064971923828, 42.660499572753906 ] } },
{ "type": "Feature", "properties": { "vehicle_id": "A2733", "latitude": 42.731166839599609, "longitude": 23.313638687133789, "raw_occupancy": 1, "timestamp": "2026-09-15 18:15:30" }, "geometry": { "type": "Point", "coordinates": [ 23.313638687133789, 42.731166839599609 ] } },
{ "type": "Feature", "properties": { "vehicle_id": "A1206", "latitude": 42.664737701416016, "longitude": 23.275056838989258, "raw_occupancy": 2, "timestamp": "2026-09-15 18:15:30" }, "geometry": { "type": "Point", "coordinates": [ 23.275056838989258, 42.664737701416016 ] } },
{ "type": "Feature", "properties": { "vehicle_id": "A1608", "latitude": 42.675930023193359, "longitude": 23.297256469726562, "raw_occupancy": 5, "timestamp": "2026-09-15 18:15:30" }, "geometry": { "type": "Point", "coordinates": [ 23.297256469726562, 42.675930023193359 ] } },
{ "type": "Feature", "properties": { "vehicle_id": "A1117", "latitude": 42.771625518798828, "longitude": 23.187673568725586, "raw_occupancy": 0, "timestamp": "2026-09-15 18:15:30" }, "geometry": { "type": "Point", "coordinates": [ 23.187673568725586, 42.771625518798828 ] } },
{ "type": "Feature", "properties": { "vehicle_id": "A3610", "latitude": 42.615833282470703, "longitude": 23.363456726074219, "raw_occupancy": 1, "timestamp": "2026-09-15 18:15:30" }, "geometry": { "type": "Point", "coordinates": [ 23.363456726074219, 42.615833282470703 ] } },
{ "type": "Feature", "properties": { "vehicle_id": "A7147", "latitude": 42.726470947265625, "longitude": 23.261739730834961, "raw_occupancy": 1, "timestamp": "2026-09-15 18:15:30" }, "geometry": { "type": "Point", "coordinates": [ 23.261739730834961, 42.726470947265625 ] } },
{ "type": "Feature", "properties": { "vehicle_id": "A2060", "latitude": 42.635059356689453, "longitude": 23.408538818359375, "raw_occupancy": 3, "timestamp": "2026-09-15 18:15:30" }, "geometry": { "type": "Point", "coordinates": [ 23.408538818359375, 42.635059356689453 ] } },
{ "type": "Feature", "properties": { "vehicle_id": "A1612", "latitude": 42.665512084960938, "longitude": 23.287899017333984, "raw_occupancy": 2, "timestamp": "2026-09-15 18:15:30" }, "geometry": { "type": "Point", "coordinates": [ 23.287899017333984, 42.665512084960938 ] } },
{ "type": "Feature", "properties": { "vehicle_id": "A1126", "latitude": 42.641544342041016, "longitude": 23.371936798095703, "raw_occupancy": 1, "timestamp": "2026-09-15 18:15:30" }, "geometry": { "type": "Point", "coordinates": [ 23.371936798095703, 42.641544342041016 ] } },
{ "type": "Feature", "properties": { "vehicle_id": "A2073", "latitude": 42.623863220214844, "longitude": 23.405609130859375, "raw_occupancy": 2, "timestamp": "2026-09-15 18:15:30" }, "geometry": { "type": "Point", "coordinates": [ 23.405609130859375, 42.623863220214844 ] } },
{ "type": "Feature", "properties": { "vehicle_id": "A3150", "latitude": 42.669124603271484, "longitude": 23.280109405517578, "raw_occupancy": 2, "timestamp": "2026-09-15 18:15:30" }, "geometry": { "type": "Point", "coordinates": [ 23.280109405517578, 42.669124603271484 ] } },
{ "type": "Feature", "properties": { "vehicle_id": "A2009", "latitude": 42.660182952880859, "longitude": 23.347299575805664, "raw_occupancy": 3, "timestamp": "2026-09-15 18:15:30" }, "geometry": { "type": "Point", "coordinates": [ 23.347299575805664, 42.660182952880859 ] } },
{ "type": "Feature", "properties": { "vehicle_id": "A1308", "latitude": 42.676418304443359, "longitude": 23.253339767456055, "raw_occupancy": 1, "timestamp": "2026-09-15 18:15:30" }, "geometry": { "type": "Point", "coordinates": [ 23.253339767456055, 42.676418304443359 ] } },
{ "type": "Feature", "properties": { "vehicle_id": "A2501", "latitude": 42.732261657714844, "longitude": 23.312480926513672, "raw_occupancy": 2, "timestamp": "2026-09-15 18:15:30" }, "geometry": { "type": "Point", "coordinates": [ 23.312480926513672, 42.732261657714844 ] } },
{ "type": "Feature", "properties": { "vehicle_id": "A3120", "latitude": 42.655704498291016, "longitude": 23.38194465637207, "raw_occupancy": 3, "timestamp": "2026-09-15 18:15:30" }, "geometry": { "type": "Point", "coordinates": [ 23.38194465637207, 42.655704498291016 ] } },
{ "type": "Feature", "properties": { "vehicle_id": "A2047", "latitude": 42.748268127441406, "longitude": 23.277399063110352, "raw_occupancy": 2, "timestamp": "2026-09-15 18:15:30" }, "geometry": { "type": "Point", "coordinates": [ 23.277399063110352, 42.748268127441406 ] } },
{ "type": "Feature", "properties": { "vehicle_id": "A2317", "latitude": 42.671920776367188, "longitude": 23.363975524902344, "raw_occupancy": 2, "timestamp": "2026-09-15 18:15:30" }, "geometry": { "type": "Point", "coordinates": [ 23.363975524902344, 42.671920776367188 ] } },
{ "type": "Feature", "properties": { "vehicle_id": "A1162", "latitude": 42.661167144775391, "longitude": 23.320135116577148, "raw_occupancy": 1, "timestamp": "2026-09-15 18:15:30" }, "geometry": { "type": "Point", "coordinates": [ 23.320135116577148, 42.661167144775391 ] } },
{ "type": "Feature", "properties": { "vehicle_id": "A2087", "latitude": 42.813678741455078, "longitude": 23.375585556030273, "raw_occupancy": 0, "timestamp": "2026-09-15 18:15:30" }, "geometry": { "type": "Point", "coordinates": [ 23.375585556030273, 42.813678741455078 ] } },
{ "type": "Feature", "properties": { "vehicle_id": "A3016", "latitude": 42.679294586181641, "longitude": 23.361572265625, "raw_occupancy": 2, "timestamp": "2026-09-15 18:15:30" }, "geometry": { "type": "Point", "coordinates": [ 23.361572265625, 42.679294586181641 ] } },
{ "type": "Feature", "properties": { "vehicle_id": "A1213", "latitude": 42.720470428466797, "longitude": 23.130592346191406, "raw_occupancy": 1, "timestamp": "2026-09-15 18:15:30" }, "geometry": { "type": "Point", "coordinates": [ 23.130592346191406, 42.720470428466797 ] } },
{ "type": "Feature", "properties": { "vehicle_id": "A1189", "latitude": 42.678882598876953, "longitude": 23.284429550170898, "raw_occupancy": 1, "timestamp": "2026-09-15 18:15:30" }, "geometry": { "type": "Point", "coordinates": [ 23.284429550170898, 42.678882598876953 ] } },
{ "type": "Feature", "properties": { "vehicle_id": "A7149", "latitude": 42.794040679931641, "longitude": 23.446697235107422, "raw_occupancy": 0, "timestamp": "2026-09-15 18:15:30" }, "geometry": { "type": "Point", "coordinates": [ 23.446697235107422, 42.794040679931641 ] } },
{ "type": "Feature", "properties": { "vehicle_id": "A3622", "latitude": 42.665908813476562, "longitude": 23.462230682373047, "raw_occupancy": 1, "timestamp": "2026-09-15 18:15:30" }, "geometry": { "type": "Point", "coordinates": [ 23.462230682373047, 42.665908813476562 ] } },
{ "type": "Feature", "properties": { "vehicle_id": "A1208", "latitude": 42.633777618408203, "longitude": 23.372980117797852, "raw_occupancy": 1, "timestamp": "2026-09-15 18:15:30" }, "geometry": { "type": "Point", "coordinates": [ 23.372980117797852, 42.633777618408203 ] } },
{ "type": "Feature", "properties": { "vehicle_id": "A7153", "latitude": 42.743011474609375, "longitude": 23.284200668334961, "raw_occupancy": 3, "timestamp": "2026-09-15 18:15:30" }, "geometry": { "type": "Point", "coordinates": [ 23.284200668334961, 42.743011474609375 ] } },
{ "type": "Feature", "properties": { "vehicle_id": "A3603", "latitude": 42.702484130859375, "longitude": 23.439004898071289, "raw_occupancy": 2, "timestamp": "2026-09-15 18:15:30" }, "geometry": { "type": "Point", "coordinates": [ 23.439004898071289, 42.702484130859375 ] } },
{ "type": "Feature", "properties": { "vehicle_id": "A1185", "latitude": 42.690227508544922, "longitude": 23.253259658813477, "raw_occupancy": 0, "timestamp": "2026-09-15 18:15:30" }, "geometry": { "type": "Point", "coordinates": [ 23.253259658813477, 42.690227508544922 ] } },
{ "type": "Feature", "properties": { "vehicle_id": "A3159", "latitude": 42.685882568359375, "longitude": 23.343965530395508, "raw_occupancy": 3, "timestamp": "2026-09-15 18:15:30" }, "geometry": { "type": "Point", "coordinates": [ 23.343965530395508, 42.685882568359375 ] } },
{ "type": "Feature", "properties": { "vehicle_id": "A2053", "latitude": 42.538494110107422, "longitude": 23.499897003173828, "raw_occupancy": 1, "timestamp": "2026-09-15 18:15:30" }, "geometry": { "type": "Point", "coordinates": [ 23.499897003173828, 42.538494110107422 ] } },
{ "type": "Feature", "properties": { "vehicle_id": "A1315", "latitude": 42.660099029541016, "longitude": 23.318071365356445, "raw_occupancy": 0, "timestamp": "2026-09-15 18:15:30" }, "geometry": { "type": "Point", "coordinates": [ 23.318071365356445, 42.660099029541016 ] } },
{ "type": "Feature", "properties": { "vehicle_id": "A1172", "latitude": 42.653636932373047, "longitude": 23.336116790771484, "raw_occupancy": 2, "timestamp": "2026-09-15 18:15:30" }, "geometry": { "type": "Point", "coordinates": [ 23.336116790771484, 42.653636932373047 ] } },
{ "type": "Feature", "properties": { "vehicle_id": "A3101", "latitude": 42.626716613769531, "longitude": 23.381069183349609, "raw_occupancy": 0, "timestamp": "2026-09-15 18:15:30" }, "geometry": { "type": "Point", "coordinates": [ 23.381069183349609, 42.626716613769531 ] } },
{ "type": "Feature", "properties": { "vehicle_id": "A1601", "latitude": 42.684234619140625, "longitude": 23.241247177124023, "raw_occupancy": 0, "timestamp": "2026-09-15 18:15:30" }, "geometry": { "type": "Point", "coordinates": [ 23.241247177124023, 42.684234619140625 ] } },
{ "type": "Feature", "properties": { "vehicle_id": "A1176", "latitude": 42.69903564453125, "longitude": 23.315799713134766, "raw_occupancy": 0, "timestamp": "2026-09-15 18:15:30" }, "geometry": { "type": "Point", "coordinates": [ 23.315799713134766, 42.69903564453125 ] } },
{ "type": "Feature", "properties": { "vehicle_id": "A3616", "latitude": 42.642864227294922, "longitude": 23.380205154418945, "raw_occupancy": 4, "timestamp": "2026-09-15 18:15:30" }, "geometry": { "type": "Point", "coordinates": [ 23.380205154418945, 42.642864227294922 ] } },
{ "type": "Feature", "properties": { "vehicle_id": "A3666", "latitude": 42.671062469482422, "longitude": 23.393610000610352, "raw_occupancy": 4, "timestamp": "2026-09-15 18:15:30" }, "geometry": { "type": "Point", "coordinates": [ 23.393610000610352, 42.671062469482422 ] } },
{ "type": "Feature", "properties": { "vehicle_id": "A7175", "latitude": 42.712921142578125, "longitude": 23.315288543701172, "raw_occupancy": 2, "timestamp": "2026-09-15 18:15:30" }, "geometry": { "type": "Point", "coordinates": [ 23.315288543701172, 42.712921142578125 ] } },
{ "type": "Feature", "properties": { "vehicle_id": "A2077", "latitude": 42.803916931152344, "longitude": 23.378973007202148, "raw_occupancy": 0, "timestamp": "2026-09-15 18:15:30" }, "geometry": { "type": "Point", "coordinates": [ 23.378973007202148, 42.803916931152344 ] } },
{ "type": "Feature", "properties": { "vehicle_id": "A3147", "latitude": 42.675155639648438, "longitude": 23.359090805053711, "raw_occupancy": 3, "timestamp": "2026-09-15 18:15:30" }, "geometry": { "type": "Point", "coordinates": [ 23.359090805053711, 42.675155639648438 ] } },
{ "type": "Feature", "properties": { "vehicle_id": "A1153", "latitude": 42.672603607177734, "longitude": 23.293703079223633, "raw_occupancy": 2, "timestamp": "2026-09-15 18:15:30" }, "geometry": { "type": "Point", "coordinates": [ 23.293703079223633, 42.672603607177734 ] } },
{ "type": "Feature", "properties": { "vehicle_id": "A1125", "latitude": 42.75067138671875, "longitude": 23.219230651855469, "raw_occupancy": 1, "timestamp": "2026-09-15 18:15:30" }, "geometry": { "type": "Point", "coordinates": [ 23.219230651855469, 42.75067138671875 ] } },
{ "type": "Feature", "properties": { "vehicle_id": "A2066", "latitude": 42.713127136230469, "longitude": 23.315984725952148, "raw_occupancy": 0, "timestamp": "2026-09-15 18:15:30" }, "geometry": { "type": "Point", "coordinates": [ 23.315984725952148, 42.713127136230469 ] } },
{ "type": "Feature", "properties": { "vehicle_id": "A2042", "latitude": 42.682159423828125, "longitude": 23.32115364074707, "raw_occupancy": 1, "timestamp": "2026-09-15 18:15:30" }, "geometry": { "type": "Point", "coordinates": [ 23.32115364074707, 42.682159423828125 ] } },
{ "type": "Feature", "properties": { "vehicle_id": "A1155", "latitude": 42.648262023925781, "longitude": 23.410219192504883, "raw_occupancy": 1, "timestamp": "2026-09-15 18:15:30" }, "geometry": { "type": "Point", "coordinates": [ 23.410219192504883, 42.648262023925781 ] } },
{ "type": "Feature", "properties": { "vehicle_id": "A1154", "latitude": 42.688922882080078, "longitude": 23.242757797241211, "raw_occupancy": 1, "timestamp": "2026-09-15 18:15:30" }, "geometry": { "type": "Point", "coordinates": [ 23.242757797241211, 42.688922882080078 ] } },
{ "type": "Feature", "properties": { "vehicle_id": "A3408", "latitude": 42.686859130859375, "longitude": 23.412542343139648, "raw_occupancy": 1, "timestamp": "2026-09-15 18:15:30" }, "geometry": { "type": "Point", "coordinates": [ 23.412542343139648, 42.686859130859375 ] } },
{ "type": "Feature", "properties": { "vehicle_id": "A1413", "latitude": 42.672897338867188, "longitude": 23.249696731567383, "raw_occupancy": 3, "timestamp": "2026-09-15 18:15:30" }, "geometry": { "type": "Point", "coordinates": [ 23.249696731567383, 42.672897338867188 ] } },
{ "type": "Feature", "properties": { "vehicle_id": "A1618", "latitude": 42.686428070068359, "longitude": 23.371566772460938, "raw_occupancy": 2, "timestamp": "2026-09-15 18:15:30" }, "geometry": { "type": "Point", "coordinates": [ 23.371566772460938, 42.686428070068359 ] } },
{ "type": "Feature", "properties": { "vehicle_id": "A2814", "latitude": 42.611686706542969, "longitude": 23.389970779418945, "raw_occupancy": 0, "timestamp": "2026-09-15 18:15:30" }, "geometry": { "type": "Point", "coordinates": [ 23.389970779418945, 42.611686706542969 ] } },
{ "type": "Feature", "properties": { "vehicle_id": "A7063", "latitude": 42.71484375, "longitude": 23.205289840698242, "raw_occupancy": 0, "timestamp": "2026-09-15 18:15:30" }, "geometry": { "type": "Point", "coordinates": [ 23.205289840698242, 42.71484375 ] } },
{ "type": "Feature", "properties": { "vehicle_id": "A2017", "latitude": 42.706493377685547, "longitude": 23.317754745483398, "raw_occupancy": 1, "timestamp": "2026-09-15 18:15:30" }, "geometry": { "type": "Point", "coordinates": [ 23.317754745483398, 42.706493377685547 ] } },
{ "type": "Feature", "properties": { "vehicle_id": "A1157", "latitude": 42.727035522460938, "longitude": 23.28974723815918, "raw_occupancy": 2, "timestamp": "2026-09-15 18:15:30" }, "geometry": { "type": "Point", "coordinates": [ 23.28974723815918, 42.727035522460938 ] } },
{ "type": "Feature", "properties": { "vehicle_id": "A1421", "latitude": 42.643886566162109, "longitude": 23.279541015625, "raw_occupancy": 1, "timestamp": "2026-09-15 18:15:30" }, "geometry": { "type": "Point", "coordinates": [ 23.279541015625, 42.643886566162109 ] } },
{ "type": "Feature", "properties": { "vehicle_id": "A1025", "latitude": 42.645938873291016, "longitude": 23.265491485595703, "raw_occupancy": 1, "timestamp": "2026-09-15 18:15:30" }, "geometry": { "type": "Point", "coordinates": [ 23.265491485595703, 42.645938873291016 ] } },
{ "type": "Feature", "properties": { "vehicle_id": "A3014", "latitude": 42.683544158935547, "longitude": 23.353918075561523, "raw_occupancy": 2, "timestamp": "2026-09-15 18:15:30" }, "geometry": { "type": "Point", "coordinates": [ 23.353918075561523, 42.683544158935547 ] } },
{ "type": "Feature", "properties": { "vehicle_id": "A3654", "latitude": 42.673885345458984, "longitude": 23.334911346435547, "raw_occupancy": 2, "timestamp": "2026-09-15 18:15:30" }, "geometry": { "type": "Point", "coordinates": [ 23.334911346435547, 42.673885345458984 ] } },
{ "type": "Feature", "properties": { "vehicle_id": "A7191", "latitude": 42.766605377197266, "longitude": 23.435317993164062, "raw_occupancy": 0, "timestamp": "2026-09-15 18:15:30" }, "geometry": { "type": "Point", "coordinates": [ 23.435317993164062, 42.766605377197266 ] } },
{ "type": "Feature", "properties": { "vehicle_id": "A3106", "latitude": 42.691009521484375, "longitude": 23.354167938232422, "raw_occupancy": 2, "timestamp": "2026-09-15 18:15:30" }, "geometry": { "type": "Point", "coordinates": [ 23.354167938232422, 42.691009521484375 ] } },
{ "type": "Feature", "properties": { "vehicle_id": "A3117", "latitude": 42.630226135253906, "longitude": 23.375141143798828, "raw_occupancy": 2, "timestamp": "2026-09-15 18:15:30" }, "geometry": { "type": "Point", "coordinates": [ 23.375141143798828, 42.630226135253906 ] } },
{ "type": "Feature", "properties": { "vehicle_id": "A2303", "latitude": 42.709613800048828, "longitude": 23.26043701171875, "raw_occupancy": 3, "timestamp": "2026-09-15 18:15:30" }, "geometry": { "type": "Point", "coordinates": [ 23.26043701171875, 42.709613800048828 ] } },
{ "type": "Feature", "properties": { "vehicle_id": "A2052", "latitude": 42.674510955810547, "longitude": 23.375589370727539, "raw_occupancy": 1, "timestamp": "2026-09-15 18:15:30" }, "geometry": { "type": "Point", "coordinates": [ 23.375589370727539, 42.674510955810547 ] } },
{ "type": "Feature", "properties": { "vehicle_id": "A2027", "latitude": 42.659564971923828, "longitude": 23.316509246826172, "raw_occupancy": 1, "timestamp": "2026-09-15 18:15:30" }, "geometry": { "type": "Point", "coordinates": [ 23.316509246826172, 42.659564971923828 ] } },
{ "type": "Feature", "properties": { "vehicle_id": "A2034", "latitude": 42.712112426757812, "longitude": 23.379888534545898, "raw_occupancy": 0, "timestamp": "2026-09-15 18:15:30" }, "geometry": { "type": "Point", "coordinates": [ 23.379888534545898, 42.712112426757812 ] } },
{ "type": "Feature", "properties": { "vehicle_id": "A1609", "latitude": 42.688526153564453, "longitude": 23.276487350463867, "raw_occupancy": 2, "timestamp": "2026-09-15 18:15:30" }, "geometry": { "type": "Point", "coordinates": [ 23.276487350463867, 42.688526153564453 ] } },
{ "type": "Feature", "properties": { "vehicle_id": "A2816", "latitude": 42.738071441650391, "longitude": 23.326272964477539, "raw_occupancy": 0, "timestamp": "2026-09-15 18:15:30" }, "geometry": { "type": "Point", "coordinates": [ 23.326272964477539, 42.738071441650391 ] } },
{ "type": "Feature", "properties": { "vehicle_id": "A3651", "latitude": 42.634742736816406, "longitude": 23.404848098754883, "raw_occupancy": 2, "timestamp": "2026-09-15 18:15:30" }, "geometry": { "type": "Point", "coordinates": [ 23.404848098754883, 42.634742736816406 ] } },
{ "type": "Feature", "properties": { "vehicle_id": "A3625", "latitude": 42.671588897705078, "longitude": 23.42803955078125, "raw_occupancy": 1, "timestamp": "2026-09-15 18:15:30" }, "geometry": { "type": "Point", "coordinates": [ 23.42803955078125, 42.671588897705078 ] } },
{ "type": "Feature", "properties": { "vehicle_id": "A7123", "latitude": 42.720771789550781, "longitude": 23.446285247802734, "raw_occupancy": 2, "timestamp": "2026-09-15 18:15:30" }, "geometry": { "type": "Point", "coordinates": [ 23.446285247802734, 42.720771789550781 ] } },
{ "type": "Feature", "properties": { "vehicle_id": "A2069", "latitude": 42.601665496826172, "longitude": 23.486055374145508, "raw_occupancy": 0, "timestamp": "2026-09-15 18:15:30" }, "geometry": { "type": "Point", "coordinates": [ 23.486055374145508, 42.601665496826172 ] } },
{ "type": "Feature", "properties": { "vehicle_id": "A1420", "latitude": 42.633182525634766, "longitude": 23.304758071899414, "raw_occupancy": 3, "timestamp": "2026-09-15 18:15:30" }, "geometry": { "type": "Point", "coordinates": [ 23.304758071899414, 42.633182525634766 ] } },
{ "type": "Feature", "properties": { "vehicle_id": "A2831", "latitude": 42.671504974365234, "longitude": 23.272083282470703, "raw_occupancy": 1, "timestamp": "2026-09-15 18:15:30" }, "geometry": { "type": "Point", "coordinates": [ 23.272083282470703, 42.671504974365234 ] } },
{ "type": "Feature", "properties": { "vehicle_id": "A1205", "latitude": 42.657886505126953, "longitude": 23.316045761108398, "raw_occupancy": 2, "timestamp": "2026-09-15 18:15:30" }, "geometry": { "type": "Point", "coordinates": [ 23.316045761108398, 42.657886505126953 ] } },
{ "type": "Feature", "properties": { "vehicle_id": "A1809", "latitude": 42.622974395751953, "longitude": 23.374462127685547, "raw_occupancy": 3, "timestamp": "2026-09-15 18:15:30" }, "geometry": { "type": "Point", "coordinates": [ 23.374462127685547, 42.622974395751953 ] } },
{ "type": "Feature", "properties": { "vehicle_id": "A2046", "latitude": 42.716056823730469, "longitude": 23.297082901000977, "raw_occupancy": 1, "timestamp": "2026-09-15 18:15:30" }, "geometry": { "type": "Point", "coordinates": [ 23.297082901000977, 42.716056823730469 ] } },
{ "type": "Feature", "properties": { "vehicle_id": "A3137", "latitude": 42.643215179443359, "longitude": 23.412284851074219, "raw_occupancy": 1, "timestamp": "2026-09-15 18:15:30" }, "geometry": { "type": "Point", "coordinates": [ 23.412284851074219, 42.643215179443359 ] } },
{ "type": "Feature", "properties": { "vehicle_id": "A2005", "latitude": 42.656570434570312, "longitude": 23.327621459960938, "raw_occupancy": 0, "timestamp": "2026-09-15 18:15:30" }, "geometry": { "type": "Point", "coordinates": [ 23.327621459960938, 42.656570434570312 ] } },
{ "type": "Feature", "properties": { "vehicle_id": "A7125", "latitude": 42.786968231201172, "longitude": 23.400747299194336, "raw_occupancy": 0, "timestamp": "2026-09-15 18:15:30" }, "geometry": { "type": "Point", "coordinates": [ 23.400747299194336, 42.786968231201172 ] } },
{ "type": "Feature", "properties": { "vehicle_id": "A1301", "latitude": 42.623729705810547, "longitude": 23.192028045654297, "raw_occupancy": 1, "timestamp": "2026-09-15 18:15:30" }, "geometry": { "type": "Point", "coordinates": [ 23.192028045654297, 42.623729705810547 ] } },
{ "type": "Feature", "properties": { "vehicle_id": "A7051", "latitude": 42.719486236572266, "longitude": 23.535043716430664, "raw_occupancy": 3, "timestamp": "2026-09-15 18:15:30" }, "geometry": { "type": "Point", "coordinates": [ 23.535043716430664, 42.719486236572266 ] } },
{ "type": "Feature", "properties": { "vehicle_id": "A3637", "latitude": 42.605625152587891, "longitude": 23.368013381958008, "raw_occupancy": 3, "timestamp": "2026-09-15 18:15:30" }, "geometry": { "type": "Point", "coordinates": [ 23.368013381958008, 42.605625152587891 ] } },
{ "type": "Feature", "properties": { "vehicle_id": "A3124", "latitude": 42.690296173095703, "longitude": 23.336452484130859, "raw_occupancy": 3, "timestamp": "2026-09-15 18:15:30" }, "geometry": { "type": "Point", "coordinates": [ 23.336452484130859, 42.690296173095703 ] } },
{ "type": "Feature", "properties": { "vehicle_id": "A7075", "latitude": 42.706016540527344, "longitude": 23.332616806030273, "raw_occupancy": 3, "timestamp": "2026-09-15 18:15:30" }, "geometry": { "type": "Point", "coordinates": [ 23.332616806030273, 42.706016540527344 ] } },
{ "type": "Feature", "properties": { "vehicle_id": "A3657", "latitude": 42.695240020751953, "longitude": 23.364408493041992, "raw_occupancy": 2, "timestamp": "2026-09-15 18:15:30" }, "geometry": { "type": "Point", "coordinates": [ 23.364408493041992, 42.695240020751953 ] } },
{ "type": "Feature", "properties": { "vehicle_id": "A7141", "latitude": 42.795394897460938, "longitude": 23.415578842163086, "raw_occupancy": 1, "timestamp": "2026-09-15 18:15:30" }, "geometry": { "type": "Point", "coordinates": [ 23.415578842163086, 42.795394897460938 ] } },
{ "type": "Feature", "properties": { "vehicle_id": "A7093", "latitude": 42.737785339355469, "longitude": 23.263059616088867, "raw_occupancy": 1, "timestamp": "2026-09-15 18:15:30" }, "geometry": { "type": "Point", "coordinates": [ 23.263059616088867, 42.737785339355469 ] } },
{ "type": "Feature", "properties": { "vehicle_id": "A1230", "latitude": 42.718368530273438, "longitude": 23.226593017578125, "raw_occupancy": 2, "timestamp": "2026-09-15 18:15:30" }, "geometry": { "type": "Point", "coordinates": [ 23.226593017578125, 42.718368530273438 ] } },
{ "type": "Feature", "properties": { "vehicle_id": "A2727", "latitude": 42.743331909179688, "longitude": 23.284221649169922, "raw_occupancy": 1, "timestamp": "2026-09-15 18:15:30" }, "geometry": { "type": "Point", "coordinates": [ 23.284221649169922, 42.743331909179688 ] } },
{ "type": "Feature", "properties": { "vehicle_id": "A3125", "latitude": 42.629634857177734, "longitude": 23.373271942138672, "raw_occupancy": 2, "timestamp": "2026-09-15 18:15:30" }, "geometry": { "type": "Point", "coordinates": [ 23.373271942138672, 42.629634857177734 ] } },
{ "type": "Feature", "properties": { "vehicle_id": "A3146", "latitude": 42.672054290771484, "longitude": 23.363811492919922, "raw_occupancy": 5, "timestamp": "2026-09-15 18:15:30" }, "geometry": { "type": "Point", "coordinates": [ 23.363811492919922, 42.672054290771484 ] } },
{ "type": "Feature", "properties": { "vehicle_id": "A2088", "latitude": 42.709762573242188, "longitude": 23.384340286254883, "raw_occupancy": 1, "timestamp": "2026-09-15 18:15:30" }, "geometry": { "type": "Point", "coordinates": [ 23.384340286254883, 42.709762573242188 ] } },
{ "type": "Feature", "properties": { "vehicle_id": "A7111", "latitude": 42.796253204345703, "longitude": 23.274372100830078, "raw_occupancy": 1, "timestamp": "2026-09-15 18:15:30" }, "geometry": { "type": "Point", "coordinates": [ 23.274372100830078, 42.796253204345703 ] } },
{ "type": "Feature", "properties": { "vehicle_id": "A7139", "latitude": 42.724018096923828, "longitude": 23.548988342285156, "raw_occupancy": 1, "timestamp": "2026-09-15 18:15:30" }, "geometry": { "type": "Point", "coordinates": [ 23.548988342285156, 42.724018096923828 ] } },
{ "type": "Feature", "properties": { "vehicle_id": "A2311", "latitude": 42.642948150634766, "longitude": 23.342737197875977, "raw_occupancy": 1, "timestamp": "2026-09-15 18:15:30" }, "geometry": { "type": "Point", "coordinates": [ 23.342737197875977, 42.642948150634766 ] } },
{ "type": "Feature", "properties": { "vehicle_id": "A3140", "latitude": 42.676651000976562, "longitude": 23.342926025390625, "raw_occupancy": 3, "timestamp": "2026-09-15 18:15:30" }, "geometry": { "type": "Point", "coordinates": [ 23.342926025390625, 42.676651000976562 ] } },
{ "type": "Feature", "properties": { "vehicle_id": "A1170", "latitude": 42.675827026367188, "longitude": 23.288911819458008, "raw_occupancy": 1, "timestamp": "2026-09-15 18:15:30" }, "geometry": { "type": "Point", "coordinates": [ 23.288911819458008, 42.675827026367188 ] } },
{ "type": "Feature", "properties": { "vehicle_id": "A2057", "latitude": 42.689731597900391, "longitude": 23.332147598266602, "raw_occupancy": 1, "timestamp": "2026-09-15 18:15:30" }, "geometry": { "type": "Point", "coordinates": [ 23.332147598266602, 42.689731597900391 ] } },
{ "type": "Feature", "properties": { "vehicle_id": "A1163", "latitude": 42.649517059326172, "longitude": 23.377819061279297, "raw_occupancy": 0, "timestamp": "2026-09-15 18:15:30" }, "geometry": { "type": "Point", "coordinates": [ 23.377819061279297, 42.649517059326172 ] } },
{ "type": "Feature", "properties": { "vehicle_id": "A3128", "latitude": 42.6639404296875, "longitude": 23.356714248657227, "raw_occupancy": 1, "timestamp": "2026-09-15 18:15:30" }, "geometry": { "type": "Point", "coordinates": [ 23.356714248657227, 42.6639404296875 ] } },
{ "type": "Feature", "properties": { "vehicle_id": "A1829", "latitude": 42.719429016113281, "longitude": 23.263341903686523, "raw_occupancy": 1, "timestamp": "2026-09-15 18:15:30" }, "geometry": { "type": "Point", "coordinates": [ 23.263341903686523, 42.719429016113281 ] } },
{ "type": "Feature", "properties": { "vehicle_id": "A2023", "latitude": 42.676551818847656, "longitude": 23.340618133544922, "raw_occupancy": 1, "timestamp": "2026-09-15 18:15:30" }, "geometry": { "type": "Point", "coordinates": [ 23.340618133544922, 42.676551818847656 ] } },
{ "type": "Feature", "properties": { "vehicle_id": "A1310", "latitude": 42.711479187011719, "longitude": 23.144454956054688, "raw_occupancy": 0, "timestamp": "2026-09-15 18:15:30" }, "geometry": { "type": "Point", "coordinates": [ 23.144454956054688, 42.711479187011719 ] } },
{ "type": "Feature", "properties": { "vehicle_id": "A3626", "latitude": 42.657859802246094, "longitude": 23.348941802978516, "raw_occupancy": 3, "timestamp": "2026-09-15 18:15:30" }, "geometry": { "type": "Point", "coordinates": [ 23.348941802978516, 42.657859802246094 ] } },
{ "type": "Feature", "properties": { "vehicle_id": "A3664", "latitude": 42.659843444824219, "longitude": 23.381025314331055, "raw_occupancy": 2, "timestamp": "2026-09-15 18:15:30" }, "geometry": { "type": "Point", "coordinates": [ 23.381025314331055, 42.659843444824219 ] } },
{ "type": "Feature", "properties": { "vehicle_id": "A7163", "latitude": 42.773487091064453, "longitude": 23.495376586914062, "raw_occupancy": 2, "timestamp": "2026-09-15 18:15:30" }, "geometry": { "type": "Point", "coordinates": [ 23.495376586914062, 42.773487091064453 ] } },
{ "type": "Feature", "properties": { "vehicle_id": "A1212", "latitude": 42.648929595947266, "longitude": 23.26220703125, "raw_occupancy": 0, "timestamp": "2026-09-15 18:15:30" }, "geometry": { "type": "Point", "coordinates": [ 23.26220703125, 42.648929595947266 ] } },
{ "type": "Feature", "properties": { "vehicle_id": "A1035", "latitude": 42.668167114257812, "longitude": 23.241472244262695, "raw_occupancy": 2, "timestamp": "2026-09-15 18:15:30" }, "geometry": { "type": "Point", "coordinates": [ 23.241472244262695, 42.668167114257812 ] } },
{ "type": "Feature", "properties": { "vehicle_id": "A2153", "latitude": 42.699546813964844, "longitude": 23.367893218994141, "raw_occupancy": 3, "timestamp": "2026-09-15 18:15:30" }, "geometry": { "type": "Point", "coordinates": [ 23.367893218994141, 42.699546813964844 ] } },
{ "type": "Feature", "properties": { "vehicle_id": "A3617", "latitude": 42.689556121826172, "longitude": 23.338653564453125, "raw_occupancy": 1, "timestamp": "2026-09-15 18:15:30" }, "geometry": { "type": "Point", "coordinates": [ 23.338653564453125, 42.689556121826172 ] } },
{ "type": "Feature", "properties": { "vehicle_id": "A3017", "latitude": 42.689247131347656, "longitude": 23.335744857788086, "raw_occupancy": 0, "timestamp": "2026-09-15 18:15:30" }, "geometry": { "type": "Point", "coordinates": [ 23.335744857788086, 42.689247131347656 ] } },
{ "type": "Feature", "properties": { "vehicle_id": "A2823", "latitude": 42.669216156005859, "longitude": 23.255243301391602, "raw_occupancy": 2, "timestamp": "2026-09-15 18:15:30" }, "geometry": { "type": "Point", "coordinates": [ 23.255243301391602, 42.669216156005859 ] } },
{ "type": "Feature", "properties": { "vehicle_id": "A7109", "latitude": 42.722789764404297, "longitude": 23.449172973632812, "raw_occupancy": 2, "timestamp": "2026-09-15 18:15:30" }, "geometry": { "type": "Point", "coordinates": [ 23.449172973632812, 42.722789764404297 ] } },
{ "type": "Feature", "properties": { "vehicle_id": "A3115", "latitude": 42.696598052978516, "longitude": 23.359228134155273, "raw_occupancy": 2, "timestamp": "2026-09-15 18:15:30" }, "geometry": { "type": "Point", "coordinates": [ 23.359228134155273, 42.696598052978516 ] } },
{ "type": "Feature", "properties": { "vehicle_id": "A1849", "latitude": 42.732395172119141, "longitude": 23.312173843383789, "raw_occupancy": 1, "timestamp": "2026-09-15 18:15:30" }, "geometry": { "type": "Point", "coordinates": [ 23.312173843383789, 42.732395172119141 ] } },
{ "type": "Feature", "properties": { "vehicle_id": "A1835", "latitude": 42.725799560546875, "longitude": 23.260988235473633, "raw_occupancy": 3, "timestamp": "2026-09-15 18:15:30" }, "geometry": { "type": "Point", "coordinates": [ 23.260988235473633, 42.725799560546875 ] } },
{ "type": "Feature", "properties": { "vehicle_id": "A2307", "latitude": 42.654914855957031, "longitude": 23.359445571899414, "raw_occupancy": 2, "timestamp": "2026-09-15 18:15:30" }, "geometry": { "type": "Point", "coordinates": [ 23.359445571899414, 42.654914855957031 ] } },
{ "type": "Feature", "properties": { "vehicle_id": "A2308", "latitude": 42.651412963867188, "longitude": 23.357213973999023, "raw_occupancy": 1, "timestamp": "2026-09-15 18:15:30" }, "geometry": { "type": "Point", "coordinates": [ 23.357213973999023, 42.651412963867188 ] } },
{ "type": "Feature", "properties": { "vehicle_id": "A1231", "latitude": 42.707080841064453, "longitude": 23.317905426025391, "raw_occupancy": 1, "timestamp": "2026-09-15 18:15:30" }, "geometry": { "type": "Point", "coordinates": [ 23.317905426025391, 42.707080841064453 ] } },
{ "type": "Feature", "properties": { "vehicle_id": "A1188", "latitude": 42.678432464599609, "longitude": 23.285440444946289, "raw_occupancy": 2, "timestamp": "2026-09-15 18:15:30" }, "geometry": { "type": "Point", "coordinates": [ 23.285440444946289, 42.678432464599609 ] } },
{ "type": "Feature", "properties": { "vehicle_id": "A7127", "latitude": 42.707431793212891, "longitude": 23.409103393554688, "raw_occupancy": 2, "timestamp": "2026-09-15 18:15:30" }, "geometry": { "type": "Point", "coordinates": [ 23.409103393554688, 42.707431793212891 ] } },
{ "type": "Feature", "properties": { "vehicle_id": "A2140", "latitude": 42.73040771484375, "longitude": 23.325428009033203, "raw_occupancy": 0, "timestamp": "2026-09-15 18:15:30" }, "geometry": { "type": "Point", "coordinates": [ 23.325428009033203, 42.73040771484375 ] } },
{ "type": "Feature", "properties": { "vehicle_id": "A2517", "latitude": 42.659511566162109, "longitude": 23.316770553588867, "raw_occupancy": 1, "timestamp": "2026-09-15 18:15:30" }, "geometry": { "type": "Point", "coordinates": [ 23.316770553588867, 42.659511566162109 ] } },
{ "type": "Feature", "properties": { "vehicle_id": "A2752", "latitude": 42.653640747070312, "longitude": 23.35966682434082, "raw_occupancy": 1, "timestamp": "2026-09-15 18:15:30" }, "geometry": { "type": "Point", "coordinates": [ 23.35966682434082, 42.653640747070312 ] } },
{ "type": "Feature", "properties": { "vehicle_id": "A2043", "latitude": 42.711311340332031, "longitude": 23.320075988769531, "raw_occupancy": 1, "timestamp": "2026-09-15 18:15:30" }, "geometry": { "type": "Point", "coordinates": [ 23.320075988769531, 42.711311340332031 ] } },
{ "type": "Feature", "properties": { "vehicle_id": "A2306", "latitude": 42.664215087890625, "longitude": 23.359462738037109, "raw_occupancy": 3, "timestamp": "2026-09-15 18:15:30" }, "geometry": { "type": "Point", "coordinates": [ 23.359462738037109, 42.664215087890625 ] } },
{ "type": "Feature", "properties": { "vehicle_id": "A2014", "latitude": 42.699077606201172, "longitude": 23.338371276855469, "raw_occupancy": 1, "timestamp": "2026-09-15 18:15:30" }, "geometry": { "type": "Point", "coordinates": [ 23.338371276855469, 42.699077606201172 ] } },
{ "type": "Feature", "properties": { "vehicle_id": "A7135", "latitude": 42.795757293701172, "longitude": 23.267574310302734, "raw_occupancy": 1, "timestamp": "2026-09-15 18:25:31" }, "geometry": { "type": "Point", "coordinates": [ 23.267574310302734, 42.795757293701172 ] } },
{ "type": "Feature", "properties": { "vehicle_id": "A3410", "latitude": 42.679561614990234, "longitude": 23.303886413574219, "raw_occupancy": 1, "timestamp": "2026-09-15 18:25:31" }, "geometry": { "type": "Point", "coordinates": [ 23.303886413574219, 42.679561614990234 ] } },
{ "type": "Feature", "properties": { "vehicle_id": "A2140", "latitude": 42.727863311767578, "longitude": 23.322929382324219, "raw_occupancy": 0, "timestamp": "2026-09-15 18:25:31" }, "geometry": { "type": "Point", "coordinates": [ 23.322929382324219, 42.727863311767578 ] } },
{ "type": "Feature", "properties": { "vehicle_id": "A3621", "latitude": 42.656364440917969, "longitude": 23.465373992919922, "raw_occupancy": 1, "timestamp": "2026-09-15 18:25:31" }, "geometry": { "type": "Point", "coordinates": [ 23.465373992919922, 42.656364440917969 ] } },
{ "type": "Feature", "properties": { "vehicle_id": "A1125", "latitude": 42.775112152099609, "longitude": 23.18182373046875, "raw_occupancy": 0, "timestamp": "2026-09-15 18:25:31" }, "geometry": { "type": "Point", "coordinates": [ 23.18182373046875, 42.775112152099609 ] } },
{ "type": "Feature", "properties": { "vehicle_id": "A1861", "latitude": 42.687610626220703, "longitude": 23.119138717651367, "raw_occupancy": 1, "timestamp": "2026-09-15 18:25:31" }, "geometry": { "type": "Point", "coordinates": [ 23.119138717651367, 42.687610626220703 ] } },
{ "type": "Feature", "properties": { "vehicle_id": "A1839", "latitude": 42.697181701660156, "longitude": 23.277233123779297, "raw_occupancy": 0, "timestamp": "2026-09-15 18:25:31" }, "geometry": { "type": "Point", "coordinates": [ 23.277233123779297, 42.697181701660156 ] } },
{ "type": "Feature", "properties": { "vehicle_id": "A2039", "latitude": 42.712657928466797, "longitude": 23.316213607788086, "raw_occupancy": 1, "timestamp": "2026-09-15 18:25:31" }, "geometry": { "type": "Point", "coordinates": [ 23.316213607788086, 42.712657928466797 ] } },
{ "type": "Feature", "properties": { "vehicle_id": "A3134", "latitude": 42.705123901367188, "longitude": 23.32496452331543, "raw_occupancy": 2, "timestamp": "2026-09-15 18:25:31" }, "geometry": { "type": "Point", "coordinates": [ 23.32496452331543, 42.705123901367188 ] } },
{ "type": "Feature", "properties": { "vehicle_id": "A7173", "latitude": 42.705425262451172, "longitude": 23.313484191894531, "raw_occupancy": 0, "timestamp": "2026-09-15 18:25:31" }, "geometry": { "type": "Point", "coordinates": [ 23.313484191894531, 42.705425262451172 ] } },
{ "type": "Feature", "properties": { "vehicle_id": "A1821", "latitude": 42.727985382080078, "longitude": 23.250383377075195, "raw_occupancy": 2, "timestamp": "2026-09-15 18:25:31" }, "geometry": { "type": "Point", "coordinates": [ 23.250383377075195, 42.727985382080078 ] } },
{ "type": "Feature", "properties": { "vehicle_id": "A1809", "latitude": 42.644771575927734, "longitude": 23.375011444091797, "raw_occupancy": 4, "timestamp": "2026-09-15 18:25:31" }, "geometry": { "type": "Point", "coordinates": [ 23.375011444091797, 42.644771575927734 ] } },
{ "type": "Feature", "properties": { "vehicle_id": "A2042", "latitude": 42.689048767089844, "longitude": 23.334537506103516, "raw_occupancy": 1, "timestamp": "2026-09-15 18:25:31" }, "geometry": { "type": "Point", "coordinates": [ 23.334537506103516, 42.689048767089844 ] } },
{ "type": "Feature", "properties": { "vehicle_id": "A1404", "latitude": 42.634471893310547, "longitude": 23.303852081298828, "raw_occupancy": 2, "timestamp": "2026-09-15 18:25:31" }, "geometry": { "type": "Point", "coordinates": [ 23.303852081298828, 42.634471893310547 ] } },
{ "type": "Feature", "properties": { "vehicle_id": "A1154", "latitude": 42.688873291015625, "longitude": 23.242815017700195, "raw_occupancy": 1, "timestamp": "2026-09-15 18:25:31" }, "geometry": { "type": "Point", "coordinates": [ 23.242815017700195, 42.688873291015625 ] } },
{ "type": "Feature", "properties": { "vehicle_id": "A2506", "latitude": 42.689857482910156, "longitude": 23.363985061645508, "raw_occupancy": 2, "timestamp": "2026-09-15 18:25:31" }, "geometry": { "type": "Point", "coordinates": [ 23.363985061645508, 42.689857482910156 ] } },
{ "type": "Feature", "properties": { "vehicle_id": "A3664", "latitude": 42.690315246582031, "longitude": 23.337821960449219, "raw_occupancy": 2, "timestamp": "2026-09-15 18:25:31" }, "geometry": { "type": "Point", "coordinates": [ 23.337821960449219, 42.690315246582031 ] } },
{ "type": "Feature", "properties": { "vehicle_id": "A3014", "latitude": 42.680084228515625, "longitude": 23.376409530639648, "raw_occupancy": 1, "timestamp": "2026-09-15 18:25:31" }, "geometry": { "type": "Point", "coordinates": [ 23.376409530639648, 42.680084228515625 ] } },
{ "type": "Feature", "properties": { "vehicle_id": "A3104", "latitude": 42.666126251220703, "longitude": 23.299942016601562, "raw_occupancy": 2, "timestamp": "2026-09-15 18:25:31" }, "geometry": { "type": "Point", "coordinates": [ 23.299942016601562, 42.666126251220703 ] } },
{ "type": "Feature", "properties": { "vehicle_id": "A1420", "latitude": 42.645275115966797, "longitude": 23.314275741577148, "raw_occupancy": 1, "timestamp": "2026-09-15 18:25:31" }, "geometry": { "type": "Point", "coordinates": [ 23.314275741577148, 42.645275115966797 ] } },
{ "type": "Feature", "properties": { "vehicle_id": "A2300", "latitude": 42.708000183105469, "longitude": 23.357303619384766, "raw_occupancy": 1, "timestamp": "2026-09-15 18:25:31" }, "geometry": { "type": "Point", "coordinates": [ 23.357303619384766, 42.708000183105469 ] } },
{ "type": "Feature", "properties": { "vehicle_id": "A3651", "latitude": 42.623832702636719, "longitude": 23.4056396484375, "raw_occupancy": 1, "timestamp": "2026-09-15 18:25:31" }, "geometry": { "type": "Point", "coordinates": [ 23.4056396484375, 42.623832702636719 ] } },
{ "type": "Feature", "properties": { "vehicle_id": "A1604", "latitude": 42.706192016601562, "longitude": 23.310161590576172, "raw_occupancy": 2, "timestamp": "2026-09-15 18:25:31" }, "geometry": { "type": "Point", "coordinates": [ 23.310161590576172, 42.706192016601562 ] } },
{ "type": "Feature", "properties": { "vehicle_id": "A1851", "latitude": 42.678394317626953, "longitude": 23.2843017578125, "raw_occupancy": 1, "timestamp": "2026-09-15 18:25:31" }, "geometry": { "type": "Point", "coordinates": [ 23.2843017578125, 42.678394317626953 ] } },
{ "type": "Feature", "properties": { "vehicle_id": "A2066", "latitude": 42.70037841796875, "longitude": 23.316061019897461, "raw_occupancy": 1, "timestamp": "2026-09-15 18:25:31" }, "geometry": { "type": "Point", "coordinates": [ 23.316061019897461, 42.70037841796875 ] } },
{ "type": "Feature", "properties": { "vehicle_id": "A2016", "latitude": 42.648860931396484, "longitude": 23.341676712036133, "raw_occupancy": 0, "timestamp": "2026-09-15 18:25:31" }, "geometry": { "type": "Point", "coordinates": [ 23.341676712036133, 42.648860931396484 ] } },
{ "type": "Feature", "properties": { "vehicle_id": "A1168", "latitude": 42.690269470214844, "longitude": 23.336416244506836, "raw_occupancy": 3, "timestamp": "2026-09-15 18:25:31" }, "geometry": { "type": "Point", "coordinates": [ 23.336416244506836, 42.690269470214844 ] } },
{ "type": "Feature", "properties": { "vehicle_id": "A2030", "latitude": 42.697021484375, "longitude": 23.351934432983398, "raw_occupancy": 1, "timestamp": "2026-09-15 18:25:31" }, "geometry": { "type": "Point", "coordinates": [ 23.351934432983398, 42.697021484375 ] } },
{ "type": "Feature", "properties": { "vehicle_id": "A1216", "latitude": 42.742225646972656, "longitude": 23.277629852294922, "raw_occupancy": 1, "timestamp": "2026-09-15 18:25:31" }, "geometry": { "type": "Point", "coordinates": [ 23.277629852294922, 42.742225646972656 ] } },
{ "type": "Feature", "properties": { "vehicle_id": "A3616", "latitude": 42.659999847412109, "longitude": 23.380825042724609, "raw_occupancy": 5, "timestamp": "2026-09-15 18:25:31" }, "geometry": { "type": "Point", "coordinates": [ 23.380825042724609, 42.659999847412109 ] } },
{ "type": "Feature", "properties": { "vehicle_id": "A2012", "latitude": 42.672988891601562, "longitude": 23.3369140625, "raw_occupancy": 2, "timestamp": "2026-09-15 18:25:31" }, "geometry": { "type": "Point", "coordinates": [ 23.3369140625, 42.672988891601562 ] } },
{ "type": "Feature", "properties": { "vehicle_id": "A2515", "latitude": 42.693138122558594, "longitude": 23.345081329345703, "raw_occupancy": 3, "timestamp": "2026-09-15 18:25:31" }, "geometry": { "type": "Point", "coordinates": [ 23.345081329345703, 42.693138122558594 ] } },
{ "type": "Feature", "properties": { "vehicle_id": "A3628", "latitude": 42.668251037597656, "longitude": 23.392431259155273, "raw_occupancy": 2, "timestamp": "2026-09-15 18:25:31" }, "geometry": { "type": "Point", "coordinates": [ 23.392431259155273, 42.668251037597656 ] } },
{ "type": "Feature", "properties": { "vehicle_id": "A3661", "latitude": 42.482929229736328, "longitude": 23.389255523681641, "raw_occupancy": 0, "timestamp": "2026-09-15 18:25:31" }, "geometry": { "type": "Point", "coordinates": [ 23.389255523681641, 42.482929229736328 ] } },
{ "type": "Feature", "properties": { "vehicle_id": "A3129", "latitude": 42.683876037597656, "longitude": 23.346765518188477, "raw_occupancy": 2, "timestamp": "2026-09-15 18:25:31" }, "geometry": { "type": "Point", "coordinates": [ 23.346765518188477, 42.683876037597656 ] } },
{ "type": "Feature", "properties": { "vehicle_id": "A7103", "latitude": 42.712177276611328, "longitude": 23.314947128295898, "raw_occupancy": 2, "timestamp": "2026-09-15 18:25:31" }, "geometry": { "type": "Point", "coordinates": [ 23.314947128295898, 42.712177276611328 ] } },
{ "type": "Feature", "properties": { "vehicle_id": "A2050", "latitude": 42.715976715087891, "longitude": 23.32325553894043, "raw_occupancy": 1, "timestamp": "2026-09-15 18:25:31" }, "geometry": { "type": "Point", "coordinates": [ 23.32325553894043, 42.715976715087891 ] } },
{ "type": "Feature", "properties": { "vehicle_id": "A2307", "latitude": 42.671409606933594, "longitude": 23.364603042602539, "raw_occupancy": 1, "timestamp": "2026-09-15 18:25:31" }, "geometry": { "type": "Point", "coordinates": [ 23.364603042602539, 42.671409606933594 ] } },
{ "type": "Feature", "properties": { "vehicle_id": "A1150", "latitude": 42.730232238769531, "longitude": 23.293817520141602, "raw_occupancy": 1, "timestamp": "2026-09-15 18:25:31" }, "geometry": { "type": "Point", "coordinates": [ 23.293817520141602, 42.730232238769531 ] } },
{ "type": "Feature", "properties": { "vehicle_id": "A3652", "latitude": 42.522594451904297, "longitude": 23.362026214599609, "raw_occupancy": 0, "timestamp": "2026-09-15 18:25:31" }, "geometry": { "type": "Point", "coordinates": [ 23.362026214599609, 42.522594451904297 ] } },
{ "type": "Feature", "properties": { "vehicle_id": "A1230", "latitude": 42.713142395019531, "longitude": 23.166788101196289, "raw_occupancy": 1, "timestamp": "2026-09-15 18:25:31" }, "geometry": { "type": "Point", "coordinates": [ 23.166788101196289, 42.713142395019531 ] } },
{ "type": "Feature", "properties": { "vehicle_id": "A3125", "latitude": 42.644954681396484, "longitude": 23.36737060546875, "raw_occupancy": 3, "timestamp": "2026-09-15 18:25:31" }, "geometry": { "type": "Point", "coordinates": [ 23.36737060546875, 42.644954681396484 ] } },
{ "type": "Feature", "properties": { "vehicle_id": "A1117", "latitude": 42.752384185791016, "longitude": 23.21617317199707, "raw_occupancy": 1, "timestamp": "2026-09-15 18:25:31" }, "geometry": { "type": "Point", "coordinates": [ 23.21617317199707, 42.752384185791016 ] } },
{ "type": "Feature", "properties": { "vehicle_id": "A2086", "latitude": 42.706695556640625, "longitude": 23.347667694091797, "raw_occupancy": 1, "timestamp": "2026-09-15 18:25:31" }, "geometry": { "type": "Point", "coordinates": [ 23.347667694091797, 42.706695556640625 ] } },
{ "type": "Feature", "properties": { "vehicle_id": "A1425", "latitude": 42.683837890625, "longitude": 23.23919677734375, "raw_occupancy": 2, "timestamp": "2026-09-15 18:25:31" }, "geometry": { "type": "Point", "coordinates": [ 23.23919677734375, 42.683837890625 ] } },
{ "type": "Feature", "properties": { "vehicle_id": "A1855", "latitude": 42.68524169921875, "longitude": 23.304193496704102, "raw_occupancy": 1, "timestamp": "2026-09-15 18:25:31" }, "geometry": { "type": "Point", "coordinates": [ 23.304193496704102, 42.68524169921875 ] } },
{ "type": "Feature", "properties": { "vehicle_id": "A7093", "latitude": 42.742904663085938, "longitude": 23.274578094482422, "raw_occupancy": 2, "timestamp": "2026-09-15 18:25:31" }, "geometry": { "type": "Point", "coordinates": [ 23.274578094482422, 42.742904663085938 ] } },
{ "type": "Feature", "properties": { "vehicle_id": "A3665", "latitude": 42.682861328125, "longitude": 23.30162239074707, "raw_occupancy": 2, "timestamp": "2026-09-15 18:25:31" }, "geometry": { "type": "Point", "coordinates": [ 23.30162239074707, 42.682861328125 ] } },
{ "type": "Feature", "properties": { "vehicle_id": "A7075", "latitude": 42.725856781005859, "longitude": 23.344570159912109, "raw_occupancy": 3, "timestamp": "2026-09-15 18:25:31" }, "geometry": { "type": "Point", "coordinates": [ 23.344570159912109, 42.725856781005859 ] } },
{ "type": "Feature", "properties": { "vehicle_id": "A2073", "latitude": 42.602874755859375, "longitude": 23.402551651000977, "raw_occupancy": 2, "timestamp": "2026-09-15 18:25:31" }, "geometry": { "type": "Point", "coordinates": [ 23.402551651000977, 42.602874755859375 ] } },
{ "type": "Feature", "properties": { "vehicle_id": "A2033", "latitude": 42.7020263671875, "longitude": 23.355251312255859, "raw_occupancy": 4, "timestamp": "2026-09-15 18:25:31" }, "geometry": { "type": "Point", "coordinates": [ 23.355251312255859, 42.7020263671875 ] } },
{ "type": "Feature", "properties": { "vehicle_id": "A3409", "latitude": 42.689708709716797, "longitude": 23.332082748413086, "raw_occupancy": 2, "timestamp": "2026-09-15 18:25:31" }, "geometry": { "type": "Point", "coordinates": [ 23.332082748413086, 42.689708709716797 ] } },
{ "type": "Feature", "properties": { "vehicle_id": "A7115", "latitude": 42.731185913085938, "longitude": 23.313655853271484, "raw_occupancy": 2, "timestamp": "2026-09-15 18:25:31" }, "geometry": { "type": "Point", "coordinates": [ 23.313655853271484, 42.731185913085938 ] } },
{ "type": "Feature", "properties": { "vehicle_id": "A2023", "latitude": 42.659553527832031, "longitude": 23.31654167175293, "raw_occupancy": 0, "timestamp": "2026-09-15 18:25:31" }, "geometry": { "type": "Point", "coordinates": [ 23.31654167175293, 42.659553527832031 ] } },
{ "type": "Feature", "properties": { "vehicle_id": "A2310", "latitude": 42.676902770996094, "longitude": 23.356918334960938, "raw_occupancy": 2, "timestamp": "2026-09-15 18:25:31" }, "geometry": { "type": "Point", "coordinates": [ 23.356918334960938, 42.676902770996094 ] } },
{ "type": "Feature", "properties": { "vehicle_id": "A2029", "latitude": 42.682220458984375, "longitude": 23.320703506469727, "raw_occupancy": 3, "timestamp": "2026-09-15 18:25:31" }, "geometry": { "type": "Point", "coordinates": [ 23.320703506469727, 42.682220458984375 ] } },
{ "type": "Feature", "properties": { "vehicle_id": "A1803", "latitude": 42.649276733398438, "longitude": 23.213336944580078, "raw_occupancy": 0, "timestamp": "2026-09-15 18:25:31" }, "geometry": { "type": "Point", "coordinates": [ 23.213336944580078, 42.649276733398438 ] } },
{ "type": "Feature", "properties": { "vehicle_id": "A3153", "latitude": 42.69207763671875, "longitude": 23.369516372680664, "raw_occupancy": 2, "timestamp": "2026-09-15 18:25:31" }, "geometry": { "type": "Point", "coordinates": [ 23.369516372680664, 42.69207763671875 ] } },
{ "type": "Feature", "properties": { "vehicle_id": "A2504", "latitude": 42.717708587646484, "longitude": 23.238094329833984, "raw_occupancy": 0, "timestamp": "2026-09-15 18:25:31" }, "geometry": { "type": "Point", "coordinates": [ 23.238094329833984, 42.717708587646484 ] } },
{ "type": "Feature", "properties": { "vehicle_id": "A7101", "latitude": 42.717483520507812, "longitude": 23.21717643737793, "raw_occupancy": 1, "timestamp": "2026-09-15 18:25:31" }, "geometry": { "type": "Point", "coordinates": [ 23.21717643737793, 42.717483520507812 ] } },
{ "type": "Feature", "properties": { "vehicle_id": "A7185", "latitude": 42.736454010009766, "longitude": 23.482261657714844, "raw_occupancy": 1, "timestamp": "2026-09-15 18:25:31" }, "geometry": { "type": "Point", "coordinates": [ 23.482261657714844, 42.736454010009766 ] } },
{ "type": "Feature", "properties": { "vehicle_id": "A2605", "latitude": 42.678123474121094, "longitude": 23.342506408691406, "raw_occupancy": 1, "timestamp": "2026-09-15 18:25:31" }, "geometry": { "type": "Point", "coordinates": [ 23.342506408691406, 42.678123474121094 ] } },
{ "type": "Feature", "properties": { "vehicle_id": "A2807", "latitude": 42.719467163085938, "longitude": 23.279743194580078, "raw_occupancy": 2, "timestamp": "2026-09-15 18:25:31" }, "geometry": { "type": "Point", "coordinates": [ 23.279743194580078, 42.719467163085938 ] } },
{ "type": "Feature", "properties": { "vehicle_id": "A7171", "latitude": 42.738094329833984, "longitude": 23.264219284057617, "raw_occupancy": 0, "timestamp": "2026-09-15 18:25:31" }, "geometry": { "type": "Point", "coordinates": [ 23.264219284057617, 42.738094329833984 ] } },
{ "type": "Feature", "properties": { "vehicle_id": "A7193", "latitude": 42.725631713867188, "longitude": 23.344436645507812, "raw_occupancy": 1, "timestamp": "2026-09-15 18:25:31" }, "geometry": { "type": "Point", "coordinates": [ 23.344436645507812, 42.725631713867188 ] } },
{ "type": "Feature", "properties": { "vehicle_id": "A2075", "latitude": 42.665790557861328, "longitude": 23.373126983642578, "raw_occupancy": 1, "timestamp": "2026-09-15 18:25:31" }, "geometry": { "type": "Point", "coordinates": [ 23.373126983642578, 42.665790557861328 ] } },
{ "type": "Feature", "properties": { "vehicle_id": "A3312", "latitude": 42.701446533203125, "longitude": 23.340312957763672, "raw_occupancy": 1, "timestamp": "2026-09-15 18:25:31" }, "geometry": { "type": "Point", "coordinates": [ 23.340312957763672, 42.701446533203125 ] } },
{ "type": "Feature", "properties": { "vehicle_id": "A2074", "latitude": 42.586616516113281, "longitude": 23.420751571655273, "raw_occupancy": 0, "timestamp": "2026-09-15 18:25:31" }, "geometry": { "type": "Point", "coordinates": [ 23.420751571655273, 42.586616516113281 ] } },
{ "type": "Feature", "properties": { "vehicle_id": "A7139", "latitude": 42.738418579101562, "longitude": 23.516258239746094, "raw_occupancy": 1, "timestamp": "2026-09-15 18:25:31" }, "geometry": { "type": "Point", "coordinates": [ 23.516258239746094, 42.738418579101562 ] } },
{ "type": "Feature", "properties": { "vehicle_id": "A7065", "latitude": 42.724872589111328, "longitude": 23.304233551025391, "raw_occupancy": 3, "timestamp": "2026-09-15 18:25:31" }, "geometry": { "type": "Point", "coordinates": [ 23.304233551025391, 42.724872589111328 ] } },
{ "type": "Feature", "properties": { "vehicle_id": "A3401", "latitude": 42.641284942626953, "longitude": 23.334701538085938, "raw_occupancy": 2, "timestamp": "2026-09-15 18:25:31" }, "geometry": { "type": "Point", "coordinates": [ 23.334701538085938, 42.641284942626953 ] } },
{ "type": "Feature", "properties": { "vehicle_id": "A2518", "latitude": 42.660823822021484, "longitude": 23.379135131835938, "raw_occupancy": 1, "timestamp": "2026-09-15 18:25:31" }, "geometry": { "type": "Point", "coordinates": [ 23.379135131835938, 42.660823822021484 ] } },
{ "type": "Feature", "properties": { "vehicle_id": "A7091", "latitude": 42.753620147705078, "longitude": 23.493997573852539, "raw_occupancy": 1, "timestamp": "2026-09-15 18:25:31" }, "geometry": { "type": "Point", "coordinates": [ 23.493997573852539, 42.753620147705078 ] } },
{ "type": "Feature", "properties": { "vehicle_id": "A7061", "latitude": 42.820663452148438, "longitude": 23.354475021362305, "raw_occupancy": 2, "timestamp": "2026-09-15 18:25:31" }, "geometry": { "type": "Point", "coordinates": [ 23.354475021362305, 42.820663452148438 ] } },
{ "type": "Feature", "properties": { "vehicle_id": "A7063", "latitude": 42.720405578613281, "longitude": 23.240230560302734, "raw_occupancy": 2, "timestamp": "2026-09-15 18:25:31" }, "geometry": { "type": "Point", "coordinates": [ 23.240230560302734, 42.720405578613281 ] } },
{ "type": "Feature", "properties": { "vehicle_id": "A3149", "latitude": 42.671146392822266, "longitude": 23.282829284667969, "raw_occupancy": 1, "timestamp": "2026-09-15 18:25:31" }, "geometry": { "type": "Point", "coordinates": [ 23.282829284667969, 42.671146392822266 ] } },
{ "type": "Feature", "properties": { "vehicle_id": "A3625", "latitude": 42.671329498291016, "longitude": 23.395896911621094, "raw_occupancy": 1, "timestamp": "2026-09-15 18:25:31" }, "geometry": { "type": "Point", "coordinates": [ 23.395896911621094, 42.671329498291016 ] } },
{ "type": "Feature", "properties": { "vehicle_id": "A3139", "latitude": 42.665912628173828, "longitude": 23.286205291748047, "raw_occupancy": 0, "timestamp": "2026-09-15 18:25:31" }, "geometry": { "type": "Point", "coordinates": [ 23.286205291748047, 42.665912628173828 ] } },
{ "type": "Feature", "properties": { "vehicle_id": "A1215", "latitude": 42.623008728027344, "longitude": 23.373378753662109, "raw_occupancy": 1, "timestamp": "2026-09-15 18:25:31" }, "geometry": { "type": "Point", "coordinates": [ 23.373378753662109, 42.623008728027344 ] } },
{ "type": "Feature", "properties": { "vehicle_id": "A2308", "latitude": 42.64288330078125, "longitude": 23.343339920043945, "raw_occupancy": 0, "timestamp": "2026-09-15 18:25:31" }, "geometry": { "type": "Point", "coordinates": [ 23.343339920043945, 42.64288330078125 ] } },
{ "type": "Feature", "properties": { "vehicle_id": "A1185", "latitude": 42.683368682861328, "longitude": 23.277616500854492, "raw_occupancy": 1, "timestamp": "2026-09-15 18:25:31" }, "geometry": { "type": "Point", "coordinates": [ 23.277616500854492, 42.683368682861328 ] } },
{ "type": "Feature", "properties": { "vehicle_id": "A3114", "latitude": 42.651451110839844, "longitude": 23.405422210693359, "raw_occupancy": 2, "timestamp": "2026-09-15 18:25:31" }, "geometry": { "type": "Point", "coordinates": [ 23.405422210693359, 42.651451110839844 ] } },
{ "type": "Feature", "properties": { "vehicle_id": "A3112", "latitude": 42.657238006591797, "longitude": 23.386404037475586, "raw_occupancy": 3, "timestamp": "2026-09-15 18:25:31" }, "geometry": { "type": "Point", "coordinates": [ 23.386404037475586, 42.657238006591797 ] } },
{ "type": "Feature", "properties": { "vehicle_id": "A7041", "latitude": 42.726394653320312, "longitude": 23.261653900146484, "raw_occupancy": 2, "timestamp": "2026-09-15 18:25:31" }, "geometry": { "type": "Point", "coordinates": [ 23.261653900146484, 42.726394653320312 ] } },
{ "type": "Feature", "properties": { "vehicle_id": "A3151", "latitude": 42.671688079833984, "longitude": 23.394046783447266, "raw_occupancy": 1, "timestamp": "2026-09-15 18:25:31" }, "geometry": { "type": "Point", "coordinates": [ 23.394046783447266, 42.671688079833984 ] } },
{ "type": "Feature", "properties": { "vehicle_id": "A1184", "latitude": 42.674774169921875, "longitude": 23.33384895324707, "raw_occupancy": 4, "timestamp": "2026-09-15 18:25:31" }, "geometry": { "type": "Point", "coordinates": [ 23.33384895324707, 42.674774169921875 ] } },
{ "type": "Feature", "properties": { "vehicle_id": "A3623", "latitude": 42.693656921386719, "longitude": 23.446491241455078, "raw_occupancy": 2, "timestamp": "2026-09-15 18:25:31" }, "geometry": { "type": "Point", "coordinates": [ 23.446491241455078, 42.693656921386719 ] } },
{ "type": "Feature", "properties": { "vehicle_id": "A1012", "latitude": 42.655799865722656, "longitude": 23.328182220458984, "raw_occupancy": 3, "timestamp": "2026-09-15 18:25:31" }, "geometry": { "type": "Point", "coordinates": [ 23.328182220458984, 42.655799865722656 ] } },
{ "type": "Feature", "properties": { "vehicle_id": "A2034", "latitude": 42.704391479492188, "longitude": 23.366916656494141, "raw_occupancy": 2, "timestamp": "2026-09-15 18:25:31" }, "geometry": { "type": "Point", "coordinates": [ 23.366916656494141, 42.704391479492188 ] } },
{ "type": "Feature", "properties": { "vehicle_id": "A3140", "latitude": 42.699657440185547, "longitude": 23.345970153808594, "raw_occupancy": 2, "timestamp": "2026-09-15 18:25:31" }, "geometry": { "type": "Point", "coordinates": [ 23.345970153808594, 42.699657440185547 ] } },
{ "type": "Feature", "properties": { "vehicle_id": "A2032", "latitude": 42.643489837646484, "longitude": 23.345052719116211, "raw_occupancy": 0, "timestamp": "2026-09-15 18:25:31" }, "geometry": { "type": "Point", "coordinates": [ 23.345052719116211, 42.643489837646484 ] } },
{ "type": "Feature", "properties": { "vehicle_id": "A1126", "latitude": 42.624645233154297, "longitude": 23.357110977172852, "raw_occupancy": 3, "timestamp": "2026-09-15 18:25:31" }, "geometry": { "type": "Point", "coordinates": [ 23.357110977172852, 42.624645233154297 ] } },
{ "type": "Feature", "properties": { "vehicle_id": "A1609", "latitude": 42.701496124267578, "longitude": 23.297554016113281, "raw_occupancy": 2, "timestamp": "2026-09-15 18:25:31" }, "geometry": { "type": "Point", "coordinates": [ 23.297554016113281, 42.701496124267578 ] } },
{ "type": "Feature", "properties": { "vehicle_id": "A1807", "latitude": 42.696212768554688, "longitude": 23.22686767578125, "raw_occupancy": 1, "timestamp": "2026-09-15 18:25:31" }, "geometry": { "type": "Point", "coordinates": [ 23.22686767578125, 42.696212768554688 ] } },
{ "type": "Feature", "properties": { "vehicle_id": "A7119", "latitude": 42.771701812744141, "longitude": 23.315872192382812, "raw_occupancy": 0, "timestamp": "2026-09-15 18:25:31" }, "geometry": { "type": "Point", "coordinates": [ 23.315872192382812, 42.771701812744141 ] } },
{ "type": "Feature", "properties": { "vehicle_id": "A3613", "latitude": 42.670967102050781, "longitude": 23.408956527709961, "raw_occupancy": 0, "timestamp": "2026-09-15 18:25:31" }, "geometry": { "type": "Point", "coordinates": [ 23.408956527709961, 42.670967102050781 ] } },
{ "type": "Feature", "properties": { "vehicle_id": "A2082", "latitude": 42.579887390136719, "longitude": 23.359767913818359, "raw_occupancy": 1, "timestamp": "2026-09-15 18:25:31" }, "geometry": { "type": "Point", "coordinates": [ 23.359767913818359, 42.579887390136719 ] } },
{ "type": "Feature", "properties": { "vehicle_id": "A1426", "latitude": 42.664901733398438, "longitude": 23.26024055480957, "raw_occupancy": 3, "timestamp": "2026-09-15 18:25:31" }, "geometry": { "type": "Point", "coordinates": [ 23.26024055480957, 42.664901733398438 ] } },
{ "type": "Feature", "properties": { "vehicle_id": "A1823", "latitude": 42.732612609863281, "longitude": 23.288267135620117, "raw_occupancy": 1, "timestamp": "2026-09-15 18:25:31" }, "geometry": { "type": "Point", "coordinates": [ 23.288267135620117, 42.732612609863281 ] } },
{ "type": "Feature", "properties": { "vehicle_id": "A3100", "latitude": 42.657554626464844, "longitude": 23.385944366455078, "raw_occupancy": 1, "timestamp": "2026-09-15 18:25:31" }, "geometry": { "type": "Point", "coordinates": [ 23.385944366455078, 42.657554626464844 ] } },
{ "type": "Feature", "properties": { "vehicle_id": "A3115", "latitude": 42.676937103271484, "longitude": 23.379495620727539, "raw_occupancy": 1, "timestamp": "2026-09-15 18:25:31" }, "geometry": { "type": "Point", "coordinates": [ 23.379495620727539, 42.676937103271484 ] } },
{ "type": "Feature", "properties": { "vehicle_id": "A2514", "latitude": 42.6856689453125, "longitude": 23.30572509765625, "raw_occupancy": 2, "timestamp": "2026-09-15 18:25:31" }, "geometry": { "type": "Point", "coordinates": [ 23.30572509765625, 42.6856689453125 ] } },
{ "type": "Feature", "properties": { "vehicle_id": "A3669", "latitude": 42.661045074462891, "longitude": 23.389188766479492, "raw_occupancy": 2, "timestamp": "2026-09-15 18:25:31" }, "geometry": { "type": "Point", "coordinates": [ 23.389188766479492, 42.661045074462891 ] } },
{ "type": "Feature", "properties": { "vehicle_id": "A1175", "latitude": 42.695392608642578, "longitude": 23.289724349975586, "raw_occupancy": 3, "timestamp": "2026-09-15 18:25:31" }, "geometry": { "type": "Point", "coordinates": [ 23.289724349975586, 42.695392608642578 ] } },
{ "type": "Feature", "properties": { "vehicle_id": "A1408", "latitude": 42.653511047363281, "longitude": 23.315807342529297, "raw_occupancy": 2, "timestamp": "2026-09-15 18:25:31" }, "geometry": { "type": "Point", "coordinates": [ 23.315807342529297, 42.653511047363281 ] } },
{ "type": "Feature", "properties": { "vehicle_id": "A1833", "latitude": 42.726581573486328, "longitude": 23.26231575012207, "raw_occupancy": 1, "timestamp": "2026-09-15 18:25:31" }, "geometry": { "type": "Point", "coordinates": [ 23.26231575012207, 42.726581573486328 ] } },
{ "type": "Feature", "properties": { "vehicle_id": "A1421", "latitude": 42.634281158447266, "longitude": 23.310440063476562, "raw_occupancy": 1, "timestamp": "2026-09-15 18:25:31" }, "geometry": { "type": "Point", "coordinates": [ 23.310440063476562, 42.634281158447266 ] } },
{ "type": "Feature", "properties": { "vehicle_id": "A1036", "latitude": 42.637172698974609, "longitude": 23.338092803955078, "raw_occupancy": 2, "timestamp": "2026-09-15 18:25:31" }, "geometry": { "type": "Point", "coordinates": [ 23.338092803955078, 42.637172698974609 ] } },
{ "type": "Feature", "properties": { "vehicle_id": "A2305", "latitude": 42.706485748291016, "longitude": 23.323526382446289, "raw_occupancy": 2, "timestamp": "2026-09-15 18:25:31" }, "geometry": { "type": "Point", "coordinates": [ 23.323526382446289, 42.706485748291016 ] } },
{ "type": "Feature", "properties": { "vehicle_id": "A3605", "latitude": 42.622913360595703, "longitude": 23.441398620605469, "raw_occupancy": 0, "timestamp": "2026-09-15 18:25:31" }, "geometry": { "type": "Point", "coordinates": [ 23.441398620605469, 42.622913360595703 ] } },
{ "type": "Feature", "properties": { "vehicle_id": "A1845", "latitude": 42.685646057128906, "longitude": 23.138944625854492, "raw_occupancy": 0, "timestamp": "2026-09-15 18:25:31" }, "geometry": { "type": "Point", "coordinates": [ 23.138944625854492, 42.685646057128906 ] } },
{ "type": "Feature", "properties": { "vehicle_id": "A7045", "latitude": 42.711219787597656, "longitude": 23.353534698486328, "raw_occupancy": 1, "timestamp": "2026-09-15 18:25:31" }, "geometry": { "type": "Point", "coordinates": [ 23.353534698486328, 42.711219787597656 ] } },
{ "type": "Feature", "properties": { "vehicle_id": "A3159", "latitude": 42.6552734375, "longitude": 23.381484985351562, "raw_occupancy": 3, "timestamp": "2026-09-15 18:25:31" }, "geometry": { "type": "Point", "coordinates": [ 23.381484985351562, 42.6552734375 ] } },
{ "type": "Feature", "properties": { "vehicle_id": "A1156", "latitude": 42.710468292236328, "longitude": 23.292587280273438, "raw_occupancy": 1, "timestamp": "2026-09-15 18:25:31" }, "geometry": { "type": "Point", "coordinates": [ 23.292587280273438, 42.710468292236328 ] } },
{ "type": "Feature", "properties": { "vehicle_id": "A2061", "latitude": 42.728610992431641, "longitude": 23.258594512939453, "raw_occupancy": 1, "timestamp": "2026-09-15 18:25:31" }, "geometry": { "type": "Point", "coordinates": [ 23.258594512939453, 42.728610992431641 ] } },
{ "type": "Feature", "properties": { "vehicle_id": "A3152", "latitude": 42.64996337890625, "longitude": 23.362220764160156, "raw_occupancy": 2, "timestamp": "2026-09-15 18:25:31" }, "geometry": { "type": "Point", "coordinates": [ 23.362220764160156, 42.64996337890625 ] } },
{ "type": "Feature", "properties": { "vehicle_id": "A1212", "latitude": 42.639873504638672, "longitude": 23.295150756835938, "raw_occupancy": 0, "timestamp": "2026-09-15 18:25:31" }, "geometry": { "type": "Point", "coordinates": [ 23.295150756835938, 42.639873504638672 ] } },
{ "type": "Feature", "properties": { "vehicle_id": "A3101", "latitude": 42.641613006591797, "longitude": 23.381200790405273, "raw_occupancy": 2, "timestamp": "2026-09-15 18:25:31" }, "geometry": { "type": "Point", "coordinates": [ 23.381200790405273, 42.641613006591797 ] } },
{ "type": "Feature", "properties": { "vehicle_id": "A1172", "latitude": 42.671321868896484, "longitude": 23.337295532226562, "raw_occupancy": 2, "timestamp": "2026-09-15 18:25:31" }, "geometry": { "type": "Point", "coordinates": [ 23.337295532226562, 42.671321868896484 ] } },
{ "type": "Feature", "properties": { "vehicle_id": "A2040", "latitude": 42.69757080078125, "longitude": 23.351863861083984, "raw_occupancy": 1, "timestamp": "2026-09-15 18:25:31" }, "geometry": { "type": "Point", "coordinates": [ 23.351863861083984, 42.69757080078125 ] } },
{ "type": "Feature", "properties": { "vehicle_id": "A2058", "latitude": 42.689422607421875, "longitude": 23.336071014404297, "raw_occupancy": 2, "timestamp": "2026-09-15 18:25:31" }, "geometry": { "type": "Point", "coordinates": [ 23.336071014404297, 42.689422607421875 ] } },
{ "type": "Feature", "properties": { "vehicle_id": "A1169", "latitude": 42.731632232666016, "longitude": 23.286031723022461, "raw_occupancy": 1, "timestamp": "2026-09-15 18:25:31" }, "geometry": { "type": "Point", "coordinates": [ 23.286031723022461, 42.731632232666016 ] } },
{ "type": "Feature", "properties": { "vehicle_id": "A1605", "latitude": 42.689857482910156, "longitude": 23.250082015991211, "raw_occupancy": 1, "timestamp": "2026-09-15 18:25:31" }, "geometry": { "type": "Point", "coordinates": [ 23.250082015991211, 42.689857482910156 ] } },
{ "type": "Feature", "properties": { "vehicle_id": "A3637", "latitude": 42.570812225341797, "longitude": 23.359306335449219, "raw_occupancy": 2, "timestamp": "2026-09-15 18:25:31" }, "geometry": { "type": "Point", "coordinates": [ 23.359306335449219, 42.570812225341797 ] } },
{ "type": "Feature", "properties": { "vehicle_id": "A2076", "latitude": 42.5982666015625, "longitude": 23.405815124511719, "raw_occupancy": 1, "timestamp": "2026-09-15 18:25:31" }, "geometry": { "type": "Point", "coordinates": [ 23.405815124511719, 42.5982666015625 ] } },
{ "type": "Feature", "properties": { "vehicle_id": "A2053", "latitude": 42.540248870849609, "longitude": 23.498941421508789, "raw_occupancy": 0, "timestamp": "2026-09-15 18:25:31" }, "geometry": { "type": "Point", "coordinates": [ 23.498941421508789, 42.540248870849609 ] } },
{ "type": "Feature", "properties": { "vehicle_id": "A7159", "latitude": 42.771366119384766, "longitude": 23.315710067749023, "raw_occupancy": 2, "timestamp": "2026-09-15 18:25:31" }, "geometry": { "type": "Point", "coordinates": [ 23.315710067749023, 42.771366119384766 ] } },
{ "type": "Feature", "properties": { "vehicle_id": "A2051", "latitude": 42.678543090820312, "longitude": 23.360651016235352, "raw_occupancy": 2, "timestamp": "2026-09-15 18:25:31" }, "geometry": { "type": "Point", "coordinates": [ 23.360651016235352, 42.678543090820312 ] } },
{ "type": "Feature", "properties": { "vehicle_id": "A2811", "latitude": 42.674537658691406, "longitude": 23.224031448364258, "raw_occupancy": 0, "timestamp": "2026-09-15 18:25:31" }, "geometry": { "type": "Point", "coordinates": [ 23.224031448364258, 42.674537658691406 ] } },
{ "type": "Feature", "properties": { "vehicle_id": "A1825", "latitude": 42.691688537597656, "longitude": 23.181926727294922, "raw_occupancy": 0, "timestamp": "2026-09-15 18:25:31" }, "geometry": { "type": "Point", "coordinates": [ 23.181926727294922, 42.691688537597656 ] } },
{ "type": "Feature", "properties": { "vehicle_id": "A2025", "latitude": 42.692348480224609, "longitude": 23.335119247436523, "raw_occupancy": 1, "timestamp": "2026-09-15 18:25:31" }, "geometry": { "type": "Point", "coordinates": [ 23.335119247436523, 42.692348480224609 ] } },
{ "type": "Feature", "properties": { "vehicle_id": "A1153", "latitude": 42.678607940673828, "longitude": 23.285186767578125, "raw_occupancy": 3, "timestamp": "2026-09-15 18:25:31" }, "geometry": { "type": "Point", "coordinates": [ 23.285186767578125, 42.678607940673828 ] } },
{ "type": "Feature", "properties": { "vehicle_id": "A2036", "latitude": 42.682136535644531, "longitude": 23.321157455444336, "raw_occupancy": 1, "timestamp": "2026-09-15 18:25:31" }, "geometry": { "type": "Point", "coordinates": [ 23.321157455444336, 42.682136535644531 ] } },
{ "type": "Feature", "properties": { "vehicle_id": "A2314", "latitude": 42.658432006835938, "longitude": 23.348485946655273, "raw_occupancy": 3, "timestamp": "2026-09-15 18:25:31" }, "geometry": { "type": "Point", "coordinates": [ 23.348485946655273, 42.658432006835938 ] } },
{ "type": "Feature", "properties": { "vehicle_id": "A1402", "latitude": 42.724647521972656, "longitude": 23.245624542236328, "raw_occupancy": 3, "timestamp": "2026-09-15 18:25:31" }, "geometry": { "type": "Point", "coordinates": [ 23.245624542236328, 42.724647521972656 ] } },
{ "type": "Feature", "properties": { "vehicle_id": "A3600", "latitude": 42.661891937255859, "longitude": 23.46464729309082, "raw_occupancy": 0, "timestamp": "2026-09-15 18:25:31" }, "geometry": { "type": "Point", "coordinates": [ 23.46464729309082, 42.661891937255859 ] } },
{ "type": "Feature", "properties": { "vehicle_id": "A1162", "latitude": 42.669681549072266, "longitude": 23.297260284423828, "raw_occupancy": 3, "timestamp": "2026-09-15 18:25:31" }, "geometry": { "type": "Point", "coordinates": [ 23.297260284423828, 42.669681549072266 ] } },
{ "type": "Feature", "properties": { "vehicle_id": "A7113", "latitude": 42.706863403320312, "longitude": 23.337945938110352, "raw_occupancy": 1, "timestamp": "2026-09-15 18:25:31" }, "geometry": { "type": "Point", "coordinates": [ 23.337945938110352, 42.706863403320312 ] } },
{ "type": "Feature", "properties": { "vehicle_id": "A3603", "latitude": 42.707679748535156, "longitude": 23.452316284179688, "raw_occupancy": 1, "timestamp": "2026-09-15 18:25:31" }, "geometry": { "type": "Point", "coordinates": [ 23.452316284179688, 42.707679748535156 ] } },
{ "type": "Feature", "properties": { "vehicle_id": "A2041", "latitude": 42.707275390625, "longitude": 23.298892974853516, "raw_occupancy": 1, "timestamp": "2026-09-15 18:25:31" }, "geometry": { "type": "Point", "coordinates": [ 23.298892974853516, 42.707275390625 ] } },
{ "type": "Feature", "properties": { "vehicle_id": "A2045", "latitude": 42.704246520996094, "longitude": 23.328765869140625, "raw_occupancy": 1, "timestamp": "2026-09-15 18:25:31" }, "geometry": { "type": "Point", "coordinates": [ 23.328765869140625, 42.704246520996094 ] } },
{ "type": "Feature", "properties": { "vehicle_id": "A2059", "latitude": 42.700435638427734, "longitude": 23.345388412475586, "raw_occupancy": 1, "timestamp": "2026-09-15 18:25:31" }, "geometry": { "type": "Point", "coordinates": [ 23.345388412475586, 42.700435638427734 ] } },
{ "type": "Feature", "properties": { "vehicle_id": "A2083", "latitude": 42.722023010253906, "longitude": 23.270824432373047, "raw_occupancy": 1, "timestamp": "2026-09-15 18:25:31" }, "geometry": { "type": "Point", "coordinates": [ 23.270824432373047, 42.722023010253906 ] } },
{ "type": "Feature", "properties": { "vehicle_id": "A1617", "latitude": 42.696842193603516, "longitude": 23.346899032592773, "raw_occupancy": 2, "timestamp": "2026-09-15 18:25:31" }, "geometry": { "type": "Point", "coordinates": [ 23.346899032592773, 42.696842193603516 ] } },
{ "type": "Feature", "properties": { "vehicle_id": "A3121", "latitude": 42.693939208984375, "longitude": 23.355369567871094, "raw_occupancy": 1, "timestamp": "2026-09-15 18:25:31" }, "geometry": { "type": "Point", "coordinates": [ 23.355369567871094, 42.693939208984375 ] } },
{ "type": "Feature", "properties": { "vehicle_id": "A2006", "latitude": 42.714954376220703, "longitude": 23.284109115600586, "raw_occupancy": 2, "timestamp": "2026-09-15 18:25:31" }, "geometry": { "type": "Point", "coordinates": [ 23.284109115600586, 42.714954376220703 ] } },
{ "type": "Feature", "properties": { "vehicle_id": "A1021", "latitude": 42.669052124023438, "longitude": 23.244110107421875, "raw_occupancy": 1, "timestamp": "2026-09-15 18:25:31" }, "geometry": { "type": "Point", "coordinates": [ 23.244110107421875, 42.669052124023438 ] } },
{ "type": "Feature", "properties": { "vehicle_id": "A3017", "latitude": 42.696491241455078, "longitude": 23.350229263305664, "raw_occupancy": 1, "timestamp": "2026-09-15 18:25:31" }, "geometry": { "type": "Point", "coordinates": [ 23.350229263305664, 42.696491241455078 ] } },
{ "type": "Feature", "properties": { "vehicle_id": "A2072", "latitude": 42.727802276611328, "longitude": 23.32301139831543, "raw_occupancy": 0, "timestamp": "2026-09-15 18:25:31" }, "geometry": { "type": "Point", "coordinates": [ 23.32301139831543, 42.727802276611328 ] } },
{ "type": "Feature", "properties": { "vehicle_id": "A3700", "latitude": 42.615447998046875, "longitude": 23.416023254394531, "raw_occupancy": 1, "timestamp": "2026-09-15 18:25:31" }, "geometry": { "type": "Point", "coordinates": [ 23.416023254394531, 42.615447998046875 ] } },
{ "type": "Feature", "properties": { "vehicle_id": "A3013", "latitude": 42.684452056884766, "longitude": 23.301036834716797, "raw_occupancy": 2, "timestamp": "2026-09-15 18:25:31" }, "geometry": { "type": "Point", "coordinates": [ 23.301036834716797, 42.684452056884766 ] } },
{ "type": "Feature", "properties": { "vehicle_id": "A1217", "latitude": 42.717075347900391, "longitude": 23.170297622680664, "raw_occupancy": 3, "timestamp": "2026-09-15 18:25:31" }, "geometry": { "type": "Point", "coordinates": [ 23.170297622680664, 42.717075347900391 ] } },
{ "type": "Feature", "properties": { "vehicle_id": "A7155", "latitude": 42.735988616943359, "longitude": 23.4891357421875, "raw_occupancy": 1, "timestamp": "2026-09-15 18:25:31" }, "geometry": { "type": "Point", "coordinates": [ 23.4891357421875, 42.735988616943359 ] } },
{ "type": "Feature", "properties": { "vehicle_id": "A1405", "latitude": 42.662906646728516, "longitude": 23.286619186401367, "raw_occupancy": 3, "timestamp": "2026-09-15 18:25:31" }, "geometry": { "type": "Point", "coordinates": [ 23.286619186401367, 42.662906646728516 ] } },
{ "type": "Feature", "properties": { "vehicle_id": "A1186", "latitude": 42.673622131347656, "longitude": 23.292135238647461, "raw_occupancy": 2, "timestamp": "2026-09-15 18:25:31" }, "geometry": { "type": "Point", "coordinates": [ 23.292135238647461, 42.673622131347656 ] } },
{ "type": "Feature", "properties": { "vehicle_id": "A1805", "latitude": 42.691867828369141, "longitude": 23.230291366577148, "raw_occupancy": 4, "timestamp": "2026-09-15 18:25:31" }, "geometry": { "type": "Point", "coordinates": [ 23.230291366577148, 42.691867828369141 ] } },
{ "type": "Feature", "properties": { "vehicle_id": "A7133", "latitude": 42.750762939453125, "longitude": 23.320400238037109, "raw_occupancy": 3, "timestamp": "2026-09-15 18:25:31" }, "geometry": { "type": "Point", "coordinates": [ 23.320400238037109, 42.750762939453125 ] } },
{ "type": "Feature", "properties": { "vehicle_id": "A3111", "latitude": 42.657974243164062, "longitude": 23.328437805175781, "raw_occupancy": 1, "timestamp": "2026-09-15 18:25:31" }, "geometry": { "type": "Point", "coordinates": [ 23.328437805175781, 42.657974243164062 ] } },
{ "type": "Feature", "properties": { "vehicle_id": "A2014", "latitude": 42.704841613769531, "longitude": 23.329351425170898, "raw_occupancy": 1, "timestamp": "2026-09-15 18:25:31" }, "geometry": { "type": "Point", "coordinates": [ 23.329351425170898, 42.704841613769531 ] } },
{ "type": "Feature", "properties": { "vehicle_id": "A1310", "latitude": 42.7203369140625, "longitude": 23.184446334838867, "raw_occupancy": 1, "timestamp": "2026-09-15 18:25:31" }, "geometry": { "type": "Point", "coordinates": [ 23.184446334838867, 42.7203369140625 ] } },
{ "type": "Feature", "properties": { "vehicle_id": "A3657", "latitude": 42.705413818359375, "longitude": 23.332942962646484, "raw_occupancy": 2, "timestamp": "2026-09-15 18:25:31" }, "geometry": { "type": "Point", "coordinates": [ 23.332942962646484, 42.705413818359375 ] } },
{ "type": "Feature", "properties": { "vehicle_id": "A1026", "latitude": 42.619182586669922, "longitude": 23.439197540283203, "raw_occupancy": 0, "timestamp": "2026-09-15 18:25:31" }, "geometry": { "type": "Point", "coordinates": [ 23.439197540283203, 42.619182586669922 ] } },
{ "type": "Feature", "properties": { "vehicle_id": "A1187", "latitude": 42.684764862060547, "longitude": 23.275381088256836, "raw_occupancy": 3, "timestamp": "2026-09-15 18:25:31" }, "geometry": { "type": "Point", "coordinates": [ 23.275381088256836, 42.684764862060547 ] } },
{ "type": "Feature", "properties": { "vehicle_id": "A1031", "latitude": 42.648189544677734, "longitude": 23.264459609985352, "raw_occupancy": 1, "timestamp": "2026-09-15 18:25:31" }, "geometry": { "type": "Point", "coordinates": [ 23.264459609985352, 42.648189544677734 ] } },
{ "type": "Feature", "properties": { "vehicle_id": "A2056", "latitude": 42.805873870849609, "longitude": 23.378017425537109, "raw_occupancy": 1, "timestamp": "2026-09-15 18:25:31" }, "geometry": { "type": "Point", "coordinates": [ 23.378017425537109, 42.805873870849609 ] } },
{ "type": "Feature", "properties": { "vehicle_id": "A2304", "latitude": 42.675518035888672, "longitude": 23.358558654785156, "raw_occupancy": 2, "timestamp": "2026-09-15 18:25:31" }, "geometry": { "type": "Point", "coordinates": [ 23.358558654785156, 42.675518035888672 ] } },
{ "type": "Feature", "properties": { "vehicle_id": "A3670", "latitude": 42.682071685791016, "longitude": 23.349309921264648, "raw_occupancy": 3, "timestamp": "2026-09-15 18:25:31" }, "geometry": { "type": "Point", "coordinates": [ 23.349309921264648, 42.682071685791016 ] } },
{ "type": "Feature", "properties": { "vehicle_id": "A3127", "latitude": 42.704837799072266, "longitude": 23.32806396484375, "raw_occupancy": 2, "timestamp": "2026-09-15 18:25:31" }, "geometry": { "type": "Point", "coordinates": [ 23.32806396484375, 42.704837799072266 ] } },
{ "type": "Feature", "properties": { "vehicle_id": "A3606", "latitude": 42.645797729492188, "longitude": 23.367542266845703, "raw_occupancy": 1, "timestamp": "2026-09-15 18:25:31" }, "geometry": { "type": "Point", "coordinates": [ 23.367542266845703, 42.645797729492188 ] } },
{ "type": "Feature", "properties": { "vehicle_id": "A7055", "latitude": 42.714973449707031, "longitude": 23.436838150024414, "raw_occupancy": 3, "timestamp": "2026-09-15 18:25:31" }, "geometry": { "type": "Point", "coordinates": [ 23.436838150024414, 42.714973449707031 ] } },
{ "type": "Feature", "properties": { "vehicle_id": "A1211", "latitude": 42.712631225585938, "longitude": 23.292461395263672, "raw_occupancy": 1, "timestamp": "2026-09-15 18:25:31" }, "geometry": { "type": "Point", "coordinates": [ 23.292461395263672, 42.712631225585938 ] } },
{ "type": "Feature", "properties": { "vehicle_id": "A1223", "latitude": 42.665096282958984, "longitude": 23.317607879638672, "raw_occupancy": 2, "timestamp": "2026-09-15 18:25:31" }, "geometry": { "type": "Point", "coordinates": [ 23.317607879638672, 42.665096282958984 ] } },
{ "type": "Feature", "properties": { "vehicle_id": "A2026", "latitude": 42.712249755859375, "longitude": 23.410707473754883, "raw_occupancy": 0, "timestamp": "2026-09-15 18:25:31" }, "geometry": { "type": "Point", "coordinates": [ 23.410707473754883, 42.712249755859375 ] } },
{ "type": "Feature", "properties": { "vehicle_id": "A1205", "latitude": 42.640972137451172, "longitude": 23.313468933105469, "raw_occupancy": 2, "timestamp": "2026-09-15 18:25:31" }, "geometry": { "type": "Point", "coordinates": [ 23.313468933105469, 42.640972137451172 ] } },
{ "type": "Feature", "properties": { "vehicle_id": "A3662", "latitude": 42.674072265625, "longitude": 23.337606430053711, "raw_occupancy": 1, "timestamp": "2026-09-15 18:25:31" }, "geometry": { "type": "Point", "coordinates": [ 23.337606430053711, 42.674072265625 ] } },
{ "type": "Feature", "properties": { "vehicle_id": "A7125", "latitude": 42.773513793945312, "longitude": 23.362977981567383, "raw_occupancy": 1, "timestamp": "2026-09-15 18:25:31" }, "geometry": { "type": "Point", "coordinates": [ 23.362977981567383, 42.773513793945312 ] } },
{ "type": "Feature", "properties": { "vehicle_id": "A1219", "latitude": 42.720096588134766, "longitude": 23.243576049804688, "raw_occupancy": 3, "timestamp": "2026-09-15 18:25:31" }, "geometry": { "type": "Point", "coordinates": [ 23.243576049804688, 42.720096588134766 ] } },
{ "type": "Feature", "properties": { "vehicle_id": "A1614", "latitude": 42.725513458251953, "longitude": 23.254947662353516, "raw_occupancy": 1, "timestamp": "2026-09-15 18:25:31" }, "geometry": { "type": "Point", "coordinates": [ 23.254947662353516, 42.725513458251953 ] } },
{ "type": "Feature", "properties": { "vehicle_id": "A2085", "latitude": 42.654811859130859, "longitude": 23.315841674804688, "raw_occupancy": 4, "timestamp": "2026-09-15 18:25:31" }, "geometry": { "type": "Point", "coordinates": [ 23.315841674804688, 42.654811859130859 ] } },
{ "type": "Feature", "properties": { "vehicle_id": "A7111", "latitude": 42.837234497070312, "longitude": 23.281459808349609, "raw_occupancy": 1, "timestamp": "2026-09-15 18:25:31" }, "geometry": { "type": "Point", "coordinates": [ 23.281459808349609, 42.837234497070312 ] } },
{ "type": "Feature", "properties": { "vehicle_id": "A3633", "latitude": 42.60162353515625, "longitude": 23.403234481811523, "raw_occupancy": 0, "timestamp": "2026-09-15 18:25:31" }, "geometry": { "type": "Point", "coordinates": [ 23.403234481811523, 42.60162353515625 ] } },
{ "type": "Feature", "properties": { "vehicle_id": "A3663", "latitude": 42.683586120605469, "longitude": 23.37628173828125, "raw_occupancy": 3, "timestamp": "2026-09-15 18:25:31" }, "geometry": { "type": "Point", "coordinates": [ 23.37628173828125, 42.683586120605469 ] } },
{ "type": "Feature", "properties": { "vehicle_id": "A7123", "latitude": 42.74493408203125, "longitude": 23.506608963012695, "raw_occupancy": 1, "timestamp": "2026-09-15 18:25:31" }, "geometry": { "type": "Point", "coordinates": [ 23.506608963012695, 42.74493408203125 ] } },
{ "type": "Feature", "properties": { "vehicle_id": "A2317", "latitude": 42.694362640380859, "longitude": 23.335422515869141, "raw_occupancy": 0, "timestamp": "2026-09-15 18:25:31" }, "geometry": { "type": "Point", "coordinates": [ 23.335422515869141, 42.694362640380859 ] } },
{ "type": "Feature", "properties": { "vehicle_id": "A2319", "latitude": 42.655193328857422, "longitude": 23.359384536743164, "raw_occupancy": 1, "timestamp": "2026-09-15 18:25:31" }, "geometry": { "type": "Point", "coordinates": [ 23.359384536743164, 42.655193328857422 ] } },
{ "type": "Feature", "properties": { "vehicle_id": "A7189", "latitude": 42.785263061523438, "longitude": 23.396772384643555, "raw_occupancy": 0, "timestamp": "2026-09-15 18:25:31" }, "geometry": { "type": "Point", "coordinates": [ 23.396772384643555, 42.785263061523438 ] } },
{ "type": "Feature", "properties": { "vehicle_id": "A2005", "latitude": 42.661228179931641, "longitude": 23.316888809204102, "raw_occupancy": 1, "timestamp": "2026-09-15 18:25:31" }, "geometry": { "type": "Point", "coordinates": [ 23.316888809204102, 42.661228179931641 ] } },
{ "type": "Feature", "properties": { "vehicle_id": "A1831", "latitude": 42.634403228759766, "longitude": 23.330699920654297, "raw_occupancy": 2, "timestamp": "2026-09-15 18:25:31" }, "geometry": { "type": "Point", "coordinates": [ 23.330699920654297, 42.634403228759766 ] } },
{ "type": "Feature", "properties": { "vehicle_id": "A7109", "latitude": 42.710048675537109, "longitude": 23.389642715454102, "raw_occupancy": 2, "timestamp": "2026-09-15 18:25:31" }, "geometry": { "type": "Point", "coordinates": [ 23.389642715454102, 42.710048675537109 ] } },
{ "type": "Feature", "properties": { "vehicle_id": "A2064", "latitude": 42.790397644042969, "longitude": 23.303447723388672, "raw_occupancy": 0, "timestamp": "2026-09-15 18:25:31" }, "geometry": { "type": "Point", "coordinates": [ 23.303447723388672, 42.790397644042969 ] } },
{ "type": "Feature", "properties": { "vehicle_id": "A1010", "latitude": 42.640735626220703, "longitude": 23.334632873535156, "raw_occupancy": 1, "timestamp": "2026-09-15 18:25:31" }, "geometry": { "type": "Point", "coordinates": [ 23.334632873535156, 42.640735626220703 ] } },
{ "type": "Feature", "properties": { "vehicle_id": "A2057", "latitude": 42.676891326904297, "longitude": 23.356597900390625, "raw_occupancy": 1, "timestamp": "2026-09-15 18:25:31" }, "geometry": { "type": "Point", "coordinates": [ 23.356597900390625, 42.676891326904297 ] } },
{ "type": "Feature", "properties": { "vehicle_id": "A2069", "latitude": 42.633445739746094, "longitude": 23.448305130004883, "raw_occupancy": 1, "timestamp": "2026-09-15 18:25:31" }, "geometry": { "type": "Point", "coordinates": [ 23.448305130004883, 42.633445739746094 ] } },
{ "type": "Feature", "properties": { "vehicle_id": "A3407", "latitude": 42.663444519042969, "longitude": 23.41639518737793, "raw_occupancy": 0, "timestamp": "2026-09-15 18:25:31" }, "geometry": { "type": "Point", "coordinates": [ 23.41639518737793, 42.663444519042969 ] } },
{ "type": "Feature", "properties": { "vehicle_id": "A1853", "latitude": 42.725345611572266, "longitude": 23.260871887207031, "raw_occupancy": 2, "timestamp": "2026-09-15 18:25:31" }, "geometry": { "type": "Point", "coordinates": [ 23.260871887207031, 42.725345611572266 ] } },
{ "type": "Feature", "properties": { "vehicle_id": "A2509", "latitude": 42.70159912109375, "longitude": 23.276151657104492, "raw_occupancy": 0, "timestamp": "2026-09-15 18:25:31" }, "geometry": { "type": "Point", "coordinates": [ 23.276151657104492, 42.70159912109375 ] } },
{ "type": "Feature", "properties": { "vehicle_id": "A1035", "latitude": 42.679721832275391, "longitude": 23.229084014892578, "raw_occupancy": 2, "timestamp": "2026-09-15 18:25:31" }, "geometry": { "type": "Point", "coordinates": [ 23.229084014892578, 42.679721832275391 ] } },
{ "type": "Feature", "properties": { "vehicle_id": "A2502", "latitude": 42.621913909912109, "longitude": 23.323860168457031, "raw_occupancy": 1, "timestamp": "2026-09-15 18:25:31" }, "geometry": { "type": "Point", "coordinates": [ 23.323860168457031, 42.621913909912109 ] } },
{ "type": "Feature", "properties": { "vehicle_id": "A2312", "latitude": 42.653568267822266, "longitude": 23.347383499145508, "raw_occupancy": 1, "timestamp": "2026-09-15 18:25:31" }, "geometry": { "type": "Point", "coordinates": [ 23.347383499145508, 42.653568267822266 ] } },
{ "type": "Feature", "properties": { "vehicle_id": "A3650", "latitude": 42.631412506103516, "longitude": 23.355308532714844, "raw_occupancy": 2, "timestamp": "2026-09-15 18:25:31" }, "geometry": { "type": "Point", "coordinates": [ 23.355308532714844, 42.631412506103516 ] } },
{ "type": "Feature", "properties": { "vehicle_id": "A2010", "latitude": 42.711299896240234, "longitude": 23.271152496337891, "raw_occupancy": 3, "timestamp": "2026-09-15 18:25:31" }, "geometry": { "type": "Point", "coordinates": [ 23.271152496337891, 42.711299896240234 ] } },
{ "type": "Feature", "properties": { "vehicle_id": "A7127", "latitude": 42.699054718017578, "longitude": 23.36140251159668, "raw_occupancy": 1, "timestamp": "2026-09-15 18:25:31" }, "geometry": { "type": "Point", "coordinates": [ 23.36140251159668, 42.699054718017578 ] } },
{ "type": "Feature", "properties": { "vehicle_id": "A2727", "latitude": 42.725002288818359, "longitude": 23.29224967956543, "raw_occupancy": 1, "timestamp": "2026-09-15 18:25:31" }, "geometry": { "type": "Point", "coordinates": [ 23.29224967956543, 42.725002288818359 ] } },
{ "type": "Feature", "properties": { "vehicle_id": "A1413", "latitude": 42.676059722900391, "longitude": 23.231882095336914, "raw_occupancy": 1, "timestamp": "2026-09-15 18:25:31" }, "geometry": { "type": "Point", "coordinates": [ 23.231882095336914, 42.676059722900391 ] } },
{ "type": "Feature", "properties": { "vehicle_id": "A2804", "latitude": 42.684444427490234, "longitude": 23.324016571044922, "raw_occupancy": 3, "timestamp": "2026-09-15 18:25:31" }, "geometry": { "type": "Point", "coordinates": [ 23.324016571044922, 42.684444427490234 ] } },
{ "type": "Feature", "properties": { "vehicle_id": "A7071", "latitude": 42.73516845703125, "longitude": 23.270626068115234, "raw_occupancy": 2, "timestamp": "2026-09-15 18:25:31" }, "geometry": { "type": "Point", "coordinates": [ 23.270626068115234, 42.73516845703125 ] } },
{ "type": "Feature", "properties": { "vehicle_id": "A1015", "latitude": 42.656547546386719, "longitude": 23.32206916809082, "raw_occupancy": 3, "timestamp": "2026-09-15 18:25:31" }, "geometry": { "type": "Point", "coordinates": [ 23.32206916809082, 42.656547546386719 ] } },
{ "type": "Feature", "properties": { "vehicle_id": "A3119", "latitude": 42.643047332763672, "longitude": 23.340709686279297, "raw_occupancy": 3, "timestamp": "2026-09-15 18:25:31" }, "geometry": { "type": "Point", "coordinates": [ 23.340709686279297, 42.643047332763672 ] } },
{ "type": "Feature", "properties": { "vehicle_id": "A1837", "latitude": 42.775279998779297, "longitude": 23.251310348510742, "raw_occupancy": 2, "timestamp": "2026-09-15 18:25:31" }, "geometry": { "type": "Point", "coordinates": [ 23.251310348510742, 42.775279998779297 ] } },
{ "type": "Feature", "properties": { "vehicle_id": "A3145", "latitude": 42.675136566162109, "longitude": 23.359050750732422, "raw_occupancy": 3, "timestamp": "2026-09-15 18:25:31" }, "geometry": { "type": "Point", "coordinates": [ 23.359050750732422, 42.675136566162109 ] } },
{ "type": "Feature", "properties": { "vehicle_id": "A2081", "latitude": 42.624828338623047, "longitude": 23.40620231628418, "raw_occupancy": 3, "timestamp": "2026-09-15 18:25:31" }, "geometry": { "type": "Point", "coordinates": [ 23.40620231628418, 42.624828338623047 ] } },
{ "type": "Feature", "properties": { "vehicle_id": "A1849", "latitude": 42.731853485107422, "longitude": 23.313327789306641, "raw_occupancy": 1, "timestamp": "2026-09-15 18:25:31" }, "geometry": { "type": "Point", "coordinates": [ 23.313327789306641, 42.731853485107422 ] } },
{ "type": "Feature", "properties": { "vehicle_id": "A1231", "latitude": 42.713787078857422, "longitude": 23.29859733581543, "raw_occupancy": 2, "timestamp": "2026-09-15 18:25:31" }, "geometry": { "type": "Point", "coordinates": [ 23.29859733581543, 42.713787078857422 ] } },
{ "type": "Feature", "properties": { "vehicle_id": "A3301", "latitude": 42.649787902832031, "longitude": 23.378116607666016, "raw_occupancy": 2, "timestamp": "2026-09-15 18:25:31" }, "geometry": { "type": "Point", "coordinates": [ 23.378116607666016, 42.649787902832031 ] } },
{ "type": "Feature", "properties": { "vehicle_id": "A1819", "latitude": 42.737117767333984, "longitude": 23.268302917480469, "raw_occupancy": 1, "timestamp": "2026-09-15 18:25:31" }, "geometry": { "type": "Point", "coordinates": [ 23.268302917480469, 42.737117767333984 ] } },
{ "type": "Feature", "properties": { "vehicle_id": "A3015", "latitude": 42.704349517822266, "longitude": 23.329111099243164, "raw_occupancy": 1, "timestamp": "2026-09-15 18:25:31" }, "geometry": { "type": "Point", "coordinates": [ 23.329111099243164, 42.704349517822266 ] } },
{ "type": "Feature", "properties": { "vehicle_id": "A3622", "latitude": 42.665866851806641, "longitude": 23.422637939453125, "raw_occupancy": 1, "timestamp": "2026-09-15 18:25:31" }, "geometry": { "type": "Point", "coordinates": [ 23.422637939453125, 42.665866851806641 ] } },
{ "type": "Feature", "properties": { "vehicle_id": "A2720", "latitude": 42.812553405761719, "longitude": 23.324056625366211, "raw_occupancy": 1, "timestamp": "2026-09-15 18:25:31" }, "geometry": { "type": "Point", "coordinates": [ 23.324056625366211, 42.812553405761719 ] } },
{ "type": "Feature", "properties": { "vehicle_id": "A3156", "latitude": 42.673492431640625, "longitude": 23.285964965820312, "raw_occupancy": 2, "timestamp": "2026-09-15 18:25:31" }, "geometry": { "type": "Point", "coordinates": [ 23.285964965820312, 42.673492431640625 ] } },
{ "type": "Feature", "properties": { "vehicle_id": "A1607", "latitude": 42.696247100830078, "longitude": 23.295995712280273, "raw_occupancy": 3, "timestamp": "2026-09-15 18:25:31" }, "geometry": { "type": "Point", "coordinates": [ 23.295995712280273, 42.696247100830078 ] } },
{ "type": "Feature", "properties": { "vehicle_id": "A1301", "latitude": 42.652305603027344, "longitude": 23.223361968994141, "raw_occupancy": 1, "timestamp": "2026-09-15 18:25:31" }, "geometry": { "type": "Point", "coordinates": [ 23.223361968994141, 42.652305603027344 ] } },
{ "type": "Feature", "properties": { "vehicle_id": "A3016", "latitude": 42.693519592285156, "longitude": 23.351705551147461, "raw_occupancy": 2, "timestamp": "2026-09-15 18:25:31" }, "geometry": { "type": "Point", "coordinates": [ 23.351705551147461, 42.693519592285156 ] } },
{ "type": "Feature", "properties": { "vehicle_id": "A1152", "latitude": 42.656772613525391, "longitude": 23.336343765258789, "raw_occupancy": 2, "timestamp": "2026-09-15 18:25:31" }, "geometry": { "type": "Point", "coordinates": [ 23.336343765258789, 42.656772613525391 ] } },
{ "type": "Feature", "properties": { "vehicle_id": "A2020", "latitude": 42.660396575927734, "longitude": 23.347269058227539, "raw_occupancy": 0, "timestamp": "2026-09-15 18:25:31" }, "geometry": { "type": "Point", "coordinates": [ 23.347269058227539, 42.660396575927734 ] } },
{ "type": "Feature", "properties": { "vehicle_id": "A3614", "latitude": 42.651012420654297, "longitude": 23.367948532104492, "raw_occupancy": 0, "timestamp": "2026-09-15 18:25:31" }, "geometry": { "type": "Point", "coordinates": [ 23.367948532104492, 42.651012420654297 ] } },
{ "type": "Feature", "properties": { "vehicle_id": "A7163", "latitude": 42.780178070068359, "longitude": 23.513744354248047, "raw_occupancy": 1, "timestamp": "2026-09-15 18:25:31" }, "geometry": { "type": "Point", "coordinates": [ 23.513744354248047, 42.780178070068359 ] } },
{ "type": "Feature", "properties": { "vehicle_id": "A7165", "latitude": 42.712032318115234, "longitude": 23.409612655639648, "raw_occupancy": 1, "timestamp": "2026-09-15 18:25:31" }, "geometry": { "type": "Point", "coordinates": [ 23.409612655639648, 42.712032318115234 ] } },
{ "type": "Feature", "properties": { "vehicle_id": "A2060", "latitude": 42.623165130615234, "longitude": 23.405101776123047, "raw_occupancy": 1, "timestamp": "2026-09-15 18:25:31" }, "geometry": { "type": "Point", "coordinates": [ 23.405101776123047, 42.623165130615234 ] } },
{ "type": "Feature", "properties": { "vehicle_id": "A3106", "latitude": 42.670795440673828, "longitude": 23.35162353515625, "raw_occupancy": 2, "timestamp": "2026-09-15 18:25:31" }, "geometry": { "type": "Point", "coordinates": [ 23.35162353515625, 42.670795440673828 ] } },
{ "type": "Feature", "properties": { "vehicle_id": "A1127", "latitude": 42.733554840087891, "longitude": 23.250160217285156, "raw_occupancy": 1, "timestamp": "2026-09-15 18:25:31" }, "geometry": { "type": "Point", "coordinates": [ 23.250160217285156, 42.733554840087891 ] } },
{ "type": "Feature", "properties": { "vehicle_id": "A7121", "latitude": 42.768203735351562, "longitude": 23.403484344482422, "raw_occupancy": 2, "timestamp": "2026-09-15 18:25:31" }, "geometry": { "type": "Point", "coordinates": [ 23.403484344482422, 42.768203735351562 ] } },
{ "type": "Feature", "properties": { "vehicle_id": "A2822", "latitude": 42.724697113037109, "longitude": 23.323469161987305, "raw_occupancy": 0, "timestamp": "2026-09-15 18:25:31" }, "geometry": { "type": "Point", "coordinates": [ 23.323469161987305, 42.724697113037109 ] } },
{ "type": "Feature", "properties": { "vehicle_id": "A3142", "latitude": 42.669513702392578, "longitude": 23.331907272338867, "raw_occupancy": 1, "timestamp": "2026-09-15 18:25:31" }, "geometry": { "type": "Point", "coordinates": [ 23.331907272338867, 42.669513702392578 ] } },
{ "type": "Feature", "properties": { "vehicle_id": "A1025", "latitude": 42.659873962402344, "longitude": 23.264904022216797, "raw_occupancy": 3, "timestamp": "2026-09-15 18:25:31" }, "geometry": { "type": "Point", "coordinates": [ 23.264904022216797, 42.659873962402344 ] } },
{ "type": "Feature", "properties": { "vehicle_id": "A3601", "latitude": 42.676063537597656, "longitude": 23.39710807800293, "raw_occupancy": 1, "timestamp": "2026-09-15 18:25:31" }, "geometry": { "type": "Point", "coordinates": [ 23.39710807800293, 42.676063537597656 ] } },
{ "type": "Feature", "properties": { "vehicle_id": "A1613", "latitude": 42.730663299560547, "longitude": 23.255180358886719, "raw_occupancy": 2, "timestamp": "2026-09-15 18:25:31" }, "geometry": { "type": "Point", "coordinates": [ 23.255180358886719, 42.730663299560547 ] } },
{ "type": "Feature", "properties": { "vehicle_id": "A1170", "latitude": 42.659564971923828, "longitude": 23.305831909179688, "raw_occupancy": 1, "timestamp": "2026-09-15 18:25:31" }, "geometry": { "type": "Point", "coordinates": [ 23.305831909179688, 42.659564971923828 ] } },
{ "type": "Feature", "properties": { "vehicle_id": "A2044", "latitude": 42.713138580322266, "longitude": 23.380338668823242, "raw_occupancy": 0, "timestamp": "2026-09-15 18:25:31" }, "geometry": { "type": "Point", "coordinates": [ 23.380338668823242, 42.713138580322266 ] } },
{ "type": "Feature", "properties": { "vehicle_id": "A2017", "latitude": 42.705791473388672, "longitude": 23.346614837646484, "raw_occupancy": 1, "timestamp": "2026-09-15 18:25:31" }, "geometry": { "type": "Point", "coordinates": [ 23.346614837646484, 42.705791473388672 ] } },
{ "type": "Feature", "properties": { "vehicle_id": "A3132", "latitude": 42.705516815185547, "longitude": 23.319774627685547, "raw_occupancy": 1, "timestamp": "2026-09-15 18:25:31" }, "geometry": { "type": "Point", "coordinates": [ 23.319774627685547, 42.705516815185547 ] } },
{ "type": "Feature", "properties": { "vehicle_id": "A2067", "latitude": 42.775276184082031, "longitude": 23.315526962280273, "raw_occupancy": 2, "timestamp": "2026-09-15 18:25:31" }, "geometry": { "type": "Point", "coordinates": [ 23.315526962280273, 42.775276184082031 ] } },
{ "type": "Feature", "properties": { "vehicle_id": "A7169", "latitude": 42.718326568603516, "longitude": 23.442007064819336, "raw_occupancy": 0, "timestamp": "2026-09-15 18:25:31" }, "geometry": { "type": "Point", "coordinates": [ 23.442007064819336, 42.718326568603516 ] } },
{ "type": "Feature", "properties": { "vehicle_id": "A1313", "latitude": 42.649452209472656, "longitude": 23.263521194458008, "raw_occupancy": 1, "timestamp": "2026-09-15 18:25:31" }, "geometry": { "type": "Point", "coordinates": [ 23.263521194458008, 42.649452209472656 ] } },
{ "type": "Feature", "properties": { "vehicle_id": "A1406", "latitude": 42.643325805664062, "longitude": 23.28118896484375, "raw_occupancy": 2, "timestamp": "2026-09-15 18:25:31" }, "geometry": { "type": "Point", "coordinates": [ 23.28118896484375, 42.643325805664062 ] } },
{ "type": "Feature", "properties": { "vehicle_id": "A3131", "latitude": 42.665321350097656, "longitude": 23.30272102355957, "raw_occupancy": 1, "timestamp": "2026-09-15 18:25:31" }, "geometry": { "type": "Point", "coordinates": [ 23.30272102355957, 42.665321350097656 ] } },
{ "type": "Feature", "properties": { "vehicle_id": "A2302", "latitude": 42.690864562988281, "longitude": 23.337869644165039, "raw_occupancy": 1, "timestamp": "2026-09-15 18:25:31" }, "geometry": { "type": "Point", "coordinates": [ 23.337869644165039, 42.690864562988281 ] } },
{ "type": "Feature", "properties": { "vehicle_id": "A7089", "latitude": 42.799476623535156, "longitude": 23.340782165527344, "raw_occupancy": 0, "timestamp": "2026-09-15 18:25:31" }, "geometry": { "type": "Point", "coordinates": [ 23.340782165527344, 42.799476623535156 ] } },
{ "type": "Feature", "properties": { "vehicle_id": "A1409", "latitude": 42.672248840332031, "longitude": 23.273324966430664, "raw_occupancy": 2, "timestamp": "2026-09-15 18:25:31" }, "geometry": { "type": "Point", "coordinates": [ 23.273324966430664, 42.672248840332031 ] } },
{ "type": "Feature", "properties": { "vehicle_id": "A7043", "latitude": 42.821941375732422, "longitude": 23.353885650634766, "raw_occupancy": 1, "timestamp": "2026-09-15 18:25:31" }, "geometry": { "type": "Point", "coordinates": [ 23.353885650634766, 42.821941375732422 ] } },
{ "type": "Feature", "properties": { "vehicle_id": "A2500", "latitude": 42.695289611816406, "longitude": 23.289815902709961, "raw_occupancy": 2, "timestamp": "2026-09-15 18:25:31" }, "geometry": { "type": "Point", "coordinates": [ 23.289815902709961, 42.695289611816406 ] } },
{ "type": "Feature", "properties": { "vehicle_id": "A1857", "latitude": 42.659160614013672, "longitude": 23.242275238037109, "raw_occupancy": 1, "timestamp": "2026-09-15 18:25:31" }, "geometry": { "type": "Point", "coordinates": [ 23.242275238037109, 42.659160614013672 ] } },
{ "type": "Feature", "properties": { "vehicle_id": "A3110", "latitude": 42.643726348876953, "longitude": 23.374177932739258, "raw_occupancy": 3, "timestamp": "2026-09-15 18:25:31" }, "geometry": { "type": "Point", "coordinates": [ 23.374177932739258, 42.643726348876953 ] } },
{ "type": "Feature", "properties": { "vehicle_id": "A1315", "latitude": 42.642524719238281, "longitude": 23.312643051147461, "raw_occupancy": 0, "timestamp": "2026-09-15 18:25:31" }, "geometry": { "type": "Point", "coordinates": [ 23.312643051147461, 42.642524719238281 ] } },
{ "type": "Feature", "properties": { "vehicle_id": "A1603", "latitude": 42.635356903076172, "longitude": 23.372459411621094, "raw_occupancy": 1, "timestamp": "2026-09-15 18:25:31" }, "geometry": { "type": "Point", "coordinates": [ 23.372459411621094, 42.635356903076172 ] } },
{ "type": "Feature", "properties": { "vehicle_id": "A1030", "latitude": 42.638374328613281, "longitude": 23.334299087524414, "raw_occupancy": 1, "timestamp": "2026-09-15 18:25:31" }, "geometry": { "type": "Point", "coordinates": [ 23.334299087524414, 42.638374328613281 ] } },
{ "type": "Feature", "properties": { "vehicle_id": "A2510", "latitude": 42.660396575927734, "longitude": 23.320652008056641, "raw_occupancy": 0, "timestamp": "2026-09-15 18:25:31" }, "geometry": { "type": "Point", "coordinates": [ 23.320652008056641, 42.660396575927734 ] } },
{ "type": "Feature", "properties": { "vehicle_id": "A3019", "latitude": 42.680355072021484, "longitude": 23.374250411987305, "raw_occupancy": 1, "timestamp": "2026-09-15 18:25:31" }, "geometry": { "type": "Point", "coordinates": [ 23.374250411987305, 42.680355072021484 ] } },
{ "type": "Feature", "properties": { "vehicle_id": "A1174", "latitude": 42.66473388671875, "longitude": 23.26048469543457, "raw_occupancy": 1, "timestamp": "2026-09-15 18:25:31" }, "geometry": { "type": "Point", "coordinates": [ 23.26048469543457, 42.66473388671875 ] } },
{ "type": "Feature", "properties": { "vehicle_id": "A2035", "latitude": 42.682029724121094, "longitude": 23.32081413269043, "raw_occupancy": 1, "timestamp": "2026-09-15 18:25:31" }, "geometry": { "type": "Point", "coordinates": [ 23.32081413269043, 42.682029724121094 ] } },
{ "type": "Feature", "properties": { "vehicle_id": "A7149", "latitude": 42.757953643798828, "longitude": 23.425745010375977, "raw_occupancy": 0, "timestamp": "2026-09-15 18:25:31" }, "geometry": { "type": "Point", "coordinates": [ 23.425745010375977, 42.757953643798828 ] } },
{ "type": "Feature", "properties": { "vehicle_id": "A3615", "latitude": 42.638763427734375, "longitude": 23.393917083740234, "raw_occupancy": 0, "timestamp": "2026-09-15 18:25:31" }, "geometry": { "type": "Point", "coordinates": [ 23.393917083740234, 42.638763427734375 ] } },
{ "type": "Feature", "properties": { "vehicle_id": "A3154", "latitude": 42.679660797119141, "longitude": 23.303256988525391, "raw_occupancy": 5, "timestamp": "2026-09-15 18:25:31" }, "geometry": { "type": "Point", "coordinates": [ 23.303256988525391, 42.679660797119141 ] } },
{ "type": "Feature", "properties": { "vehicle_id": "A1165", "latitude": 42.695537567138672, "longitude": 23.28791618347168, "raw_occupancy": 3, "timestamp": "2026-09-15 18:25:31" }, "geometry": { "type": "Point", "coordinates": [ 23.28791618347168, 42.695537567138672 ] } },
{ "type": "Feature", "properties": { "vehicle_id": "A2313", "latitude": 42.644481658935547, "longitude": 23.341985702514648, "raw_occupancy": 1, "timestamp": "2026-09-15 18:25:31" }, "geometry": { "type": "Point", "coordinates": [ 23.341985702514648, 42.644481658935547 ] } },
{ "type": "Feature", "properties": { "vehicle_id": "A2048", "latitude": 42.638816833496094, "longitude": 23.405977249145508, "raw_occupancy": 3, "timestamp": "2026-09-15 18:25:31" }, "geometry": { "type": "Point", "coordinates": [ 23.405977249145508, 42.638816833496094 ] } },
{ "type": "Feature", "properties": { "vehicle_id": "A1424", "latitude": 42.723690032958984, "longitude": 23.247308731079102, "raw_occupancy": 0, "timestamp": "2026-09-15 18:25:31" }, "geometry": { "type": "Point", "coordinates": [ 23.247308731079102, 42.723690032958984 ] } },
{ "type": "Feature", "properties": { "vehicle_id": "A1601", "latitude": 42.682952880859375, "longitude": 23.27064323425293, "raw_occupancy": 1, "timestamp": "2026-09-15 18:25:31" }, "geometry": { "type": "Point", "coordinates": [ 23.27064323425293, 42.682952880859375 ] } },
{ "type": "Feature", "properties": { "vehicle_id": "A3141", "latitude": 42.659744262695312, "longitude": 23.392349243164062, "raw_occupancy": 2, "timestamp": "2026-09-15 18:25:31" }, "geometry": { "type": "Point", "coordinates": [ 23.392349243164062, 42.659744262695312 ] } },
{ "type": "Feature", "properties": { "vehicle_id": "A1180", "latitude": 42.643009185791016, "longitude": 23.341066360473633, "raw_occupancy": 1, "timestamp": "2026-09-15 18:25:31" }, "geometry": { "type": "Point", "coordinates": [ 23.341066360473633, 42.643009185791016 ] } },
{ "type": "Feature", "properties": { "vehicle_id": "A3655", "latitude": 42.632034301757812, "longitude": 23.333545684814453, "raw_occupancy": 3, "timestamp": "2026-09-15 18:25:31" }, "geometry": { "type": "Point", "coordinates": [ 23.333545684814453, 42.632034301757812 ] } },
{ "type": "Feature", "properties": { "vehicle_id": "A1829", "latitude": 42.722747802734375, "longitude": 23.261587142944336, "raw_occupancy": 0, "timestamp": "2026-09-15 18:25:31" }, "geometry": { "type": "Point", "coordinates": [ 23.261587142944336, 42.722747802734375 ] } },
{ "type": "Feature", "properties": { "vehicle_id": "A1606", "latitude": 42.72222900390625, "longitude": 23.241724014282227, "raw_occupancy": 2, "timestamp": "2026-09-15 18:25:31" }, "geometry": { "type": "Point", "coordinates": [ 23.241724014282227, 42.72222900390625 ] } },
{ "type": "Feature", "properties": { "vehicle_id": "A3109", "latitude": 42.640220642089844, "longitude": 23.381547927856445, "raw_occupancy": 4, "timestamp": "2026-09-15 18:25:31" }, "geometry": { "type": "Point", "coordinates": [ 23.381547927856445, 42.640220642089844 ] } },
{ "type": "Feature", "properties": { "vehicle_id": "A1209", "latitude": 42.676090240478516, "longitude": 23.240671157836914, "raw_occupancy": 1, "timestamp": "2026-09-15 18:25:31" }, "geometry": { "type": "Point", "coordinates": [ 23.240671157836914, 42.676090240478516 ] } },
{ "type": "Feature", "properties": { "vehicle_id": "A2153", "latitude": 42.689296722412109, "longitude": 23.383146286010742, "raw_occupancy": 1, "timestamp": "2026-09-15 18:25:31" }, "geometry": { "type": "Point", "coordinates": [ 23.383146286010742, 42.689296722412109 ] } },
{ "type": "Feature", "properties": { "vehicle_id": "A2002", "latitude": 42.643840789794922, "longitude": 23.345020294189453, "raw_occupancy": 0, "timestamp": "2026-09-15 18:25:31" }, "geometry": { "type": "Point", "coordinates": [ 23.345020294189453, 42.643840789794922 ] } },
{ "type": "Feature", "properties": { "vehicle_id": "A2519", "latitude": 42.686843872070312, "longitude": 23.310165405273438, "raw_occupancy": 1, "timestamp": "2026-09-15 18:25:31" }, "geometry": { "type": "Point", "coordinates": [ 23.310165405273438, 42.686843872070312 ] } },
{ "type": "Feature", "properties": { "vehicle_id": "A7147", "latitude": 42.75079345703125, "longitude": 23.276027679443359, "raw_occupancy": 3, "timestamp": "2026-09-15 18:25:31" }, "geometry": { "type": "Point", "coordinates": [ 23.276027679443359, 42.75079345703125 ] } },
{ "type": "Feature", "properties": { "vehicle_id": "A2814", "latitude": 42.623825073242188, "longitude": 23.376970291137695, "raw_occupancy": 1, "timestamp": "2026-09-15 18:25:31" }, "geometry": { "type": "Point", "coordinates": [ 23.376970291137695, 42.623825073242188 ] } },
{ "type": "Feature", "properties": { "vehicle_id": "A2088", "latitude": 42.704792022705078, "longitude": 23.357059478759766, "raw_occupancy": 2, "timestamp": "2026-09-15 18:25:31" }, "geometry": { "type": "Point", "coordinates": [ 23.357059478759766, 42.704792022705078 ] } },
{ "type": "Feature", "properties": { "vehicle_id": "A1222", "latitude": 42.716518402099609, "longitude": 23.179195404052734, "raw_occupancy": 1, "timestamp": "2026-09-15 18:25:31" }, "geometry": { "type": "Point", "coordinates": [ 23.179195404052734, 42.716518402099609 ] } },
{ "type": "Feature", "properties": { "vehicle_id": "A3402", "latitude": 42.646842956542969, "longitude": 23.334964752197266, "raw_occupancy": 2, "timestamp": "2026-09-15 18:25:31" }, "geometry": { "type": "Point", "coordinates": [ 23.334964752197266, 42.646842956542969 ] } },
{ "type": "Feature", "properties": { "vehicle_id": "A1179", "latitude": 42.688266754150391, "longitude": 23.241003036499023, "raw_occupancy": 0, "timestamp": "2026-09-15 18:25:31" }, "geometry": { "type": "Point", "coordinates": [ 23.241003036499023, 42.688266754150391 ] } },
{ "type": "Feature", "properties": { "vehicle_id": "A3147", "latitude": 42.655078887939453, "longitude": 23.399631500244141, "raw_occupancy": 5, "timestamp": "2026-09-15 18:25:31" }, "geometry": { "type": "Point", "coordinates": [ 23.399631500244141, 42.655078887939453 ] } },
{ "type": "Feature", "properties": { "vehicle_id": "A2316", "latitude": 42.644214630126953, "longitude": 23.345073699951172, "raw_occupancy": 0, "timestamp": "2026-09-15 18:25:31" }, "geometry": { "type": "Point", "coordinates": [ 23.345073699951172, 42.644214630126953 ] } },
{ "type": "Feature", "properties": { "vehicle_id": "A2303", "latitude": 42.718582153320312, "longitude": 23.239421844482422, "raw_occupancy": 1, "timestamp": "2026-09-15 18:25:31" }, "geometry": { "type": "Point", "coordinates": [ 23.239421844482422, 42.718582153320312 ] } },
{ "type": "Feature", "properties": { "vehicle_id": "A1220", "latitude": 42.714775085449219, "longitude": 23.306430816650391, "raw_occupancy": 1, "timestamp": "2026-09-15 18:25:31" }, "geometry": { "type": "Point", "coordinates": [ 23.306430816650391, 42.714775085449219 ] } },
{ "type": "Feature", "properties": { "vehicle_id": "A3157", "latitude": 42.664176940917969, "longitude": 23.356410980224609, "raw_occupancy": 3, "timestamp": "2026-09-15 18:25:31" }, "geometry": { "type": "Point", "coordinates": [ 23.356410980224609, 42.664176940917969 ] } },
{ "type": "Feature", "properties": { "vehicle_id": "A2318", "latitude": 42.661163330078125, "longitude": 23.358999252319336, "raw_occupancy": 2, "timestamp": "2026-09-15 18:25:31" }, "geometry": { "type": "Point", "coordinates": [ 23.358999252319336, 42.661163330078125 ] } },
{ "type": "Feature", "properties": { "vehicle_id": "A3120", "latitude": 42.642173767089844, "longitude": 23.373306274414062, "raw_occupancy": 2, "timestamp": "2026-09-15 18:25:31" }, "geometry": { "type": "Point", "coordinates": [ 23.373306274414062, 42.642173767089844 ] } },
{ "type": "Feature", "properties": { "vehicle_id": "A1157", "latitude": 42.731929779052734, "longitude": 23.313140869140625, "raw_occupancy": 0, "timestamp": "2026-09-15 18:25:31" }, "geometry": { "type": "Point", "coordinates": [ 23.313140869140625, 42.731929779052734 ] } },
{ "type": "Feature", "properties": { "vehicle_id": "A7099", "latitude": 42.727848052978516, "longitude": 23.312589645385742, "raw_occupancy": 2, "timestamp": "2026-09-15 18:25:31" }, "geometry": { "type": "Point", "coordinates": [ 23.312589645385742, 42.727848052978516 ] } },
{ "type": "Feature", "properties": { "vehicle_id": "A2038", "latitude": 42.673751831054688, "longitude": 23.33488655090332, "raw_occupancy": 4, "timestamp": "2026-09-15 18:25:31" }, "geometry": { "type": "Point", "coordinates": [ 23.33488655090332, 42.673751831054688 ] } },
{ "type": "Feature", "properties": { "vehicle_id": "A1159", "latitude": 42.643306732177734, "longitude": 23.345052719116211, "raw_occupancy": 1, "timestamp": "2026-09-15 18:25:31" }, "geometry": { "type": "Point", "coordinates": [ 23.345052719116211, 42.643306732177734 ] } },
{ "type": "Feature", "properties": { "vehicle_id": "A3146", "latitude": 42.684829711914062, "longitude": 23.325305938720703, "raw_occupancy": 3, "timestamp": "2026-09-15 18:25:31" }, "geometry": { "type": "Point", "coordinates": [ 23.325305938720703, 42.684829711914062 ] } },
{ "type": "Feature", "properties": { "vehicle_id": "A7051", "latitude": 42.753059387207031, "longitude": 23.558040618896484, "raw_occupancy": 2, "timestamp": "2026-09-15 18:25:31" }, "geometry": { "type": "Point", "coordinates": [ 23.558040618896484, 42.753059387207031 ] } },
{ "type": "Feature", "properties": { "vehicle_id": "A3626", "latitude": 42.669567108154297, "longitude": 23.352386474609375, "raw_occupancy": 3, "timestamp": "2026-09-15 18:25:31" }, "geometry": { "type": "Point", "coordinates": [ 23.352386474609375, 42.669567108154297 ] } },
{ "type": "Feature", "properties": { "vehicle_id": "A2009", "latitude": 42.646575927734375, "longitude": 23.342107772827148, "raw_occupancy": 2, "timestamp": "2026-09-15 18:25:31" }, "geometry": { "type": "Point", "coordinates": [ 23.342107772827148, 42.646575927734375 ] } },
{ "type": "Feature", "properties": { "vehicle_id": "A7117", "latitude": 42.739845275878906, "longitude": 23.306396484375, "raw_occupancy": 1, "timestamp": "2026-09-15 18:25:31" }, "geometry": { "type": "Point", "coordinates": [ 23.306396484375, 42.739845275878906 ] } },
{ "type": "Feature", "properties": { "vehicle_id": "A2728", "latitude": 42.701694488525391, "longitude": 23.349750518798828, "raw_occupancy": 1, "timestamp": "2026-09-15 18:25:31" }, "geometry": { "type": "Point", "coordinates": [ 23.349750518798828, 42.701694488525391 ] } },
{ "type": "Feature", "properties": { "vehicle_id": "A2722", "latitude": 42.785758972167969, "longitude": 23.44488525390625, "raw_occupancy": 0, "timestamp": "2026-09-15 18:25:31" }, "geometry": { "type": "Point", "coordinates": [ 23.44488525390625, 42.785758972167969 ] } },
{ "type": "Feature", "properties": { "vehicle_id": "A2823", "latitude": 42.668132781982422, "longitude": 23.241132736206055, "raw_occupancy": 1, "timestamp": "2026-09-15 18:25:31" }, "geometry": { "type": "Point", "coordinates": [ 23.241132736206055, 42.668132781982422 ] } },
{ "type": "Feature", "properties": { "vehicle_id": "A3150", "latitude": 42.678031921386719, "longitude": 23.298700332641602, "raw_occupancy": 2, "timestamp": "2026-09-15 18:25:31" }, "geometry": { "type": "Point", "coordinates": [ 23.298700332641602, 42.678031921386719 ] } },
{ "type": "Feature", "properties": { "vehicle_id": "A7073", "latitude": 42.780029296875, "longitude": 23.518259048461914, "raw_occupancy": 0, "timestamp": "2026-09-15 18:25:31" }, "geometry": { "type": "Point", "coordinates": [ 23.518259048461914, 42.780029296875 ] } },
{ "type": "Feature", "properties": { "vehicle_id": "A3126", "latitude": 42.704418182373047, "longitude": 23.329723358154297, "raw_occupancy": 2, "timestamp": "2026-09-15 18:25:31" }, "geometry": { "type": "Point", "coordinates": [ 23.329723358154297, 42.704418182373047 ] } },
{ "type": "Feature", "properties": { "vehicle_id": "A1610", "latitude": 42.648712158203125, "longitude": 23.295679092407227, "raw_occupancy": 2, "timestamp": "2026-09-15 18:25:31" }, "geometry": { "type": "Point", "coordinates": [ 23.295679092407227, 42.648712158203125 ] } },
{ "type": "Feature", "properties": { "vehicle_id": "A1608", "latitude": 42.688243865966797, "longitude": 23.334268569946289, "raw_occupancy": 4, "timestamp": "2026-09-15 18:25:31" }, "geometry": { "type": "Point", "coordinates": [ 23.334268569946289, 42.688243865966797 ] } },
{ "type": "Feature", "properties": { "vehicle_id": "A2024", "latitude": 42.647605895996094, "longitude": 23.341705322265625, "raw_occupancy": 2, "timestamp": "2026-09-15 18:25:31" }, "geometry": { "type": "Point", "coordinates": [ 23.341705322265625, 42.647605895996094 ] } },
{ "type": "Feature", "properties": { "vehicle_id": "A3108", "latitude": 42.623676300048828, "longitude": 23.379600524902344, "raw_occupancy": 0, "timestamp": "2026-09-15 18:25:31" }, "geometry": { "type": "Point", "coordinates": [ 23.379600524902344, 42.623676300048828 ] } },
{ "type": "Feature", "properties": { "vehicle_id": "A2311", "latitude": 42.652721405029297, "longitude": 23.347385406494141, "raw_occupancy": 3, "timestamp": "2026-09-15 18:25:31" }, "geometry": { "type": "Point", "coordinates": [ 23.347385406494141, 42.652721405029297 ] } },
{ "type": "Feature", "properties": { "vehicle_id": "A7069", "latitude": 42.823711395263672, "longitude": 23.284236907958984, "raw_occupancy": 0, "timestamp": "2026-09-15 18:25:31" }, "geometry": { "type": "Point", "coordinates": [ 23.284236907958984, 42.823711395263672 ] } },
{ "type": "Feature", "properties": { "vehicle_id": "A1229", "latitude": 42.718112945556641, "longitude": 23.253381729125977, "raw_occupancy": 1, "timestamp": "2026-09-15 18:25:31" }, "geometry": { "type": "Point", "coordinates": [ 23.253381729125977, 42.718112945556641 ] } },
{ "type": "Feature", "properties": { "vehicle_id": "A3617", "latitude": 42.661212921142578, "longitude": 23.390453338623047, "raw_occupancy": 1, "timestamp": "2026-09-15 18:25:31" }, "geometry": { "type": "Point", "coordinates": [ 23.390453338623047, 42.661212921142578 ] } },
{ "type": "Feature", "properties": { "vehicle_id": "A2047", "latitude": 42.738086700439453, "longitude": 23.271080017089844, "raw_occupancy": 1, "timestamp": "2026-09-15 18:25:31" }, "geometry": { "type": "Point", "coordinates": [ 23.271080017089844, 42.738086700439453 ] } },
{ "type": "Feature", "properties": { "vehicle_id": "A7095", "latitude": 42.706371307373047, "longitude": 23.472482681274414, "raw_occupancy": 1, "timestamp": "2026-09-15 18:25:31" }, "geometry": { "type": "Point", "coordinates": [ 23.472482681274414, 42.706371307373047 ] } },
{ "type": "Feature", "properties": { "vehicle_id": "A2054", "latitude": 42.677143096923828, "longitude": 23.360086441040039, "raw_occupancy": 2, "timestamp": "2026-09-15 18:25:31" }, "geometry": { "type": "Point", "coordinates": [ 23.360086441040039, 42.677143096923828 ] } },
{ "type": "Feature", "properties": { "vehicle_id": "A1232", "latitude": 42.771320343017578, "longitude": 23.241575241088867, "raw_occupancy": 0, "timestamp": "2026-09-15 18:25:31" }, "geometry": { "type": "Point", "coordinates": [ 23.241575241088867, 42.771320343017578 ] } },
{ "type": "Feature", "properties": { "vehicle_id": "A3666", "latitude": 42.675544738769531, "longitude": 23.358852386474609, "raw_occupancy": 4, "timestamp": "2026-09-15 18:25:31" }, "geometry": { "type": "Point", "coordinates": [ 23.358852386474609, 42.675544738769531 ] } },
{ "type": "Feature", "properties": { "vehicle_id": "A2046", "latitude": 42.712306976318359, "longitude": 23.316972732543945, "raw_occupancy": 1, "timestamp": "2026-09-15 18:25:31" }, "geometry": { "type": "Point", "coordinates": [ 23.316972732543945, 42.712306976318359 ] } },
{ "type": "Feature", "properties": { "vehicle_id": "A3107", "latitude": 42.683372497558594, "longitude": 23.322963714599609, "raw_occupancy": 3, "timestamp": "2026-09-15 18:25:31" }, "geometry": { "type": "Point", "coordinates": [ 23.322963714599609, 42.683372497558594 ] } },
{ "type": "Feature", "properties": { "vehicle_id": "A1188", "latitude": 42.687808990478516, "longitude": 23.263923645019531, "raw_occupancy": 1, "timestamp": "2026-09-15 18:25:31" }, "geometry": { "type": "Point", "coordinates": [ 23.263923645019531, 42.687808990478516 ] } },
{ "type": "Feature", "properties": { "vehicle_id": "A2733", "latitude": 42.724945068359375, "longitude": 23.292470932006836, "raw_occupancy": 3, "timestamp": "2026-09-15 18:25:31" }, "geometry": { "type": "Point", "coordinates": [ 23.292470932006836, 42.724945068359375 ] } },
{ "type": "Feature", "properties": { "vehicle_id": "A3400", "latitude": 42.672245025634766, "longitude": 23.394565582275391, "raw_occupancy": 1, "timestamp": "2026-09-15 18:25:31" }, "geometry": { "type": "Point", "coordinates": [ 23.394565582275391, 42.672245025634766 ] } },
{ "type": "Feature", "properties": { "vehicle_id": "A1311", "latitude": 42.621219635009766, "longitude": 23.307661056518555, "raw_occupancy": 1, "timestamp": "2026-09-15 18:25:31" }, "geometry": { "type": "Point", "coordinates": [ 23.307661056518555, 42.621219635009766 ] } },
{ "type": "Feature", "properties": { "vehicle_id": "A3135", "latitude": 42.659946441650391, "longitude": 23.348913192749023, "raw_occupancy": 5, "timestamp": "2026-09-15 18:25:31" }, "geometry": { "type": "Point", "coordinates": [ 23.348913192749023, 42.659946441650391 ] } },
{ "type": "Feature", "properties": { "vehicle_id": "A3133", "latitude": 42.632198333740234, "longitude": 23.375078201293945, "raw_occupancy": 1, "timestamp": "2026-09-15 18:25:31" }, "geometry": { "type": "Point", "coordinates": [ 23.375078201293945, 42.632198333740234 ] } },
{ "type": "Feature", "properties": { "vehicle_id": "A1319", "latitude": 42.601676940917969, "longitude": 23.173040390014648, "raw_occupancy": 0, "timestamp": "2026-09-15 18:25:31" }, "geometry": { "type": "Point", "coordinates": [ 23.173040390014648, 42.601676940917969 ] } },
{ "type": "Feature", "properties": { "vehicle_id": "A1189", "latitude": 42.676937103271484, "longitude": 23.297872543334961, "raw_occupancy": 2, "timestamp": "2026-09-15 18:25:31" }, "geometry": { "type": "Point", "coordinates": [ 23.297872543334961, 42.676937103271484 ] } },
{ "type": "Feature", "properties": { "vehicle_id": "A2309", "latitude": 42.662307739257812, "longitude": 23.358474731445312, "raw_occupancy": 3, "timestamp": "2026-09-15 18:25:31" }, "geometry": { "type": "Point", "coordinates": [ 23.358474731445312, 42.662307739257812 ] } },
{ "type": "Feature", "properties": { "vehicle_id": "A2507", "latitude": 42.692779541015625, "longitude": 23.345333099365234, "raw_occupancy": 3, "timestamp": "2026-09-15 18:25:31" }, "geometry": { "type": "Point", "coordinates": [ 23.345333099365234, 42.692779541015625 ] } },
{ "type": "Feature", "properties": { "vehicle_id": "A2823", "latitude": 42.668361663818359, "longitude": 23.241842269897461, "raw_occupancy": 1, "timestamp": "2026-09-15 18:25:31" }, "geometry": { "type": "Point", "coordinates": [ 23.241842269897461, 42.668361663818359 ] } },
{ "type": "Feature", "properties": { "vehicle_id": "A2077", "latitude": 42.779594421386719, "longitude": 23.371723175048828, "raw_occupancy": 0, "timestamp": "2026-09-15 18:25:31" }, "geometry": { "type": "Point", "coordinates": [ 23.371723175048828, 42.779594421386719 ] } },
{ "type": "Feature", "properties": { "vehicle_id": "A1618", "latitude": 42.686767578125, "longitude": 23.371522903442383, "raw_occupancy": 2, "timestamp": "2026-09-15 18:25:31" }, "geometry": { "type": "Point", "coordinates": [ 23.371522903442383, 42.686767578125 ] } },
{ "type": "Feature", "properties": { "vehicle_id": "A2516", "latitude": 42.614845275878906, "longitude": 23.338712692260742, "raw_occupancy": 1, "timestamp": "2026-09-15 18:25:31" }, "geometry": { "type": "Point", "coordinates": [ 23.338712692260742, 42.614845275878906 ] } },
{ "type": "Feature", "properties": { "vehicle_id": "A2043", "latitude": 42.72357177734375, "longitude": 23.302431106567383, "raw_occupancy": 1, "timestamp": "2026-09-15 18:25:31" }, "geometry": { "type": "Point", "coordinates": [ 23.302431106567383, 42.72357177734375 ] } },
{ "type": "Feature", "properties": { "vehicle_id": "A2815", "latitude": 42.710800170898438, "longitude": 23.349723815917969, "raw_occupancy": 1, "timestamp": "2026-09-15 18:25:31" }, "geometry": { "type": "Point", "coordinates": [ 23.349723815917969, 42.710800170898438 ] } },
{ "type": "Feature", "properties": { "vehicle_id": "A7137", "latitude": 42.715843200683594, "longitude": 23.340047836303711, "raw_occupancy": 1, "timestamp": "2026-09-15 18:25:31" }, "geometry": { "type": "Point", "coordinates": [ 23.340047836303711, 42.715843200683594 ] } },
{ "type": "Feature", "properties": { "vehicle_id": "A1166", "latitude": 42.659271240234375, "longitude": 23.325925827026367, "raw_occupancy": 0, "timestamp": "2026-09-15 18:25:31" }, "geometry": { "type": "Point", "coordinates": [ 23.325925827026367, 42.659271240234375 ] } },
{ "type": "Feature", "properties": { "vehicle_id": "A3671", "latitude": 42.652912139892578, "longitude": 23.347396850585938, "raw_occupancy": 2, "timestamp": "2026-09-15 18:25:31" }, "geometry": { "type": "Point", "coordinates": [ 23.347396850585938, 42.652912139892578 ] } },
{ "type": "Feature", "properties": { "vehicle_id": "A2079", "latitude": 42.556156158447266, "longitude": 23.36528205871582, "raw_occupancy": 0, "timestamp": "2026-09-15 18:25:31" }, "geometry": { "type": "Point", "coordinates": [ 23.36528205871582, 42.556156158447266 ] } },
{ "type": "Feature", "properties": { "vehicle_id": "A7175", "latitude": 42.726455688476562, "longitude": 23.302753448486328, "raw_occupancy": 2, "timestamp": "2026-09-15 18:25:31" }, "geometry": { "type": "Point", "coordinates": [ 23.302753448486328, 42.726455688476562 ] } },
{ "type": "Feature", "properties": { "vehicle_id": "A2819", "latitude": 42.706214904785156, "longitude": 23.30169677734375, "raw_occupancy": 3, "timestamp": "2026-09-15 18:25:31" }, "geometry": { "type": "Point", "coordinates": [ 23.30169677734375, 42.706214904785156 ] } },
{ "type": "Feature", "properties": { "vehicle_id": "A2315", "latitude": 42.643386840820312, "longitude": 23.341863632202148, "raw_occupancy": 0, "timestamp": "2026-09-15 18:25:31" }, "geometry": { "type": "Point", "coordinates": [ 23.341863632202148, 42.643386840820312 ] } },
{ "type": "Feature", "properties": { "vehicle_id": "A2070", "latitude": 42.622463226318359, "longitude": 23.4505615234375, "raw_occupancy": 1, "timestamp": "2026-09-15 18:25:31" }, "geometry": { "type": "Point", "coordinates": [ 23.4505615234375, 42.622463226318359 ] } },
{ "type": "Feature", "properties": { "vehicle_id": "A2301", "latitude": 42.6658935546875, "longitude": 23.363256454467773, "raw_occupancy": 3, "timestamp": "2026-09-15 18:25:31" }, "geometry": { "type": "Point", "coordinates": [ 23.363256454467773, 42.6658935546875 ] } },
{ "type": "Feature", "properties": { "vehicle_id": "A1407", "latitude": 42.695903778076172, "longitude": 23.286167144775391, "raw_occupancy": 2, "timestamp": "2026-09-15 18:25:31" }, "geometry": { "type": "Point", "coordinates": [ 23.286167144775391, 42.695903778076172 ] } },
{ "type": "Feature", "properties": { "vehicle_id": "A2028", "latitude": 42.704151153564453, "longitude": 23.356487274169922, "raw_occupancy": 2, "timestamp": "2026-09-15 18:25:31" }, "geometry": { "type": "Point", "coordinates": [ 23.356487274169922, 42.704151153564453 ] } },
{ "type": "Feature", "properties": { "vehicle_id": "A7067", "latitude": 42.699100494384766, "longitude": 23.365266799926758, "raw_occupancy": 3, "timestamp": "2026-09-15 18:25:31" }, "geometry": { "type": "Point", "coordinates": [ 23.365266799926758, 42.699100494384766 ] } },
{ "type": "Feature", "properties": { "vehicle_id": "A3102", "latitude": 42.638004302978516, "longitude": 23.374917984008789, "raw_occupancy": 1, "timestamp": "2026-09-15 18:25:31" }, "geometry": { "type": "Point", "coordinates": [ 23.374917984008789, 42.638004302978516 ] } },
{ "type": "Feature", "properties": { "vehicle_id": "A3408", "latitude": 42.679557800292969, "longitude": 23.400089263916016, "raw_occupancy": 2, "timestamp": "2026-09-15 18:25:31" }, "geometry": { "type": "Point", "coordinates": [ 23.400089263916016, 42.679557800292969 ] } },
{ "type": "Feature", "properties": { "vehicle_id": "A7143", "latitude": 42.710361480712891, "longitude": 23.336063385009766, "raw_occupancy": 2, "timestamp": "2026-09-15 18:25:31" }, "geometry": { "type": "Point", "coordinates": [ 23.336063385009766, 42.710361480712891 ] } },
{ "type": "Feature", "properties": { "vehicle_id": "A3627", "latitude": 42.687931060791016, "longitude": 23.413333892822266, "raw_occupancy": 0, "timestamp": "2026-09-15 18:25:31" }, "geometry": { "type": "Point", "coordinates": [ 23.413333892822266, 42.687931060791016 ] } },
{ "type": "Feature", "properties": { "vehicle_id": "A3610", "latitude": 42.629600524902344, "longitude": 23.373285293579102, "raw_occupancy": 2, "timestamp": "2026-09-15 18:25:31" }, "geometry": { "type": "Point", "coordinates": [ 23.373285293579102, 42.629600524902344 ] } },
{ "type": "Feature", "properties": { "vehicle_id": "A2752", "latitude": 42.653640747070312, "longitude": 23.346389770507812, "raw_occupancy": 1, "timestamp": "2026-09-15 18:25:31" }, "geometry": { "type": "Point", "coordinates": [ 23.346389770507812, 42.653640747070312 ] } },
{ "type": "Feature", "properties": { "vehicle_id": "A2165", "latitude": 42.7388916015625, "longitude": 23.294591903686523, "raw_occupancy": 0, "timestamp": "2026-09-15 18:25:31" }, "geometry": { "type": "Point", "coordinates": [ 23.294591903686523, 42.7388916015625 ] } },
{ "type": "Feature", "properties": { "vehicle_id": "A7087", "latitude": 42.742923736572266, "longitude": 23.282325744628906, "raw_occupancy": 1, "timestamp": "2026-09-15 18:25:31" }, "geometry": { "type": "Point", "coordinates": [ 23.282325744628906, 42.742923736572266 ] } },
{ "type": "Feature", "properties": { "vehicle_id": "A2153", "latitude": 42.689449310302734, "longitude": 23.382589340209961, "raw_occupancy": 1, "timestamp": "2026-09-15 18:25:31" }, "geometry": { "type": "Point", "coordinates": [ 23.382589340209961, 42.689449310302734 ] } },
{ "type": "Feature", "properties": { "vehicle_id": "A1226", "latitude": 42.717193603515625, "longitude": 23.248773574829102, "raw_occupancy": 1, "timestamp": "2026-09-15 18:25:31" }, "geometry": { "type": "Point", "coordinates": [ 23.248773574829102, 42.717193603515625 ] } },
{ "type": "Feature", "properties": { "vehicle_id": "A2078", "latitude": 42.677761077880859, "longitude": 23.370477676391602, "raw_occupancy": 1, "timestamp": "2026-09-15 18:25:31" }, "geometry": { "type": "Point", "coordinates": [ 23.370477676391602, 42.677761077880859 ] } },
{ "type": "Feature", "properties": { "vehicle_id": "A2037", "latitude": 42.678195953369141, "longitude": 23.326694488525391, "raw_occupancy": 1, "timestamp": "2026-09-15 18:25:31" }, "geometry": { "type": "Point", "coordinates": [ 23.326694488525391, 42.678195953369141 ] } },
{ "type": "Feature", "properties": { "vehicle_id": "A3608", "latitude": 42.586246490478516, "longitude": 23.360532760620117, "raw_occupancy": 1, "timestamp": "2026-09-15 18:25:31" }, "geometry": { "type": "Point", "coordinates": [ 23.360532760620117, 42.586246490478516 ] } },
{ "type": "Feature", "properties": { "vehicle_id": "A3124", "latitude": 42.680423736572266, "longitude": 23.305583953857422, "raw_occupancy": 2, "timestamp": "2026-09-15 18:25:31" }, "geometry": { "type": "Point", "coordinates": [ 23.305583953857422, 42.680423736572266 ] } },
{ "type": "Feature", "properties": { "vehicle_id": "A1208", "latitude": 42.637840270996094, "longitude": 23.322055816650391, "raw_occupancy": 3, "timestamp": "2026-09-15 18:25:31" }, "geometry": { "type": "Point", "coordinates": [ 23.322055816650391, 42.637840270996094 ] } },
{ "type": "Feature", "properties": { "vehicle_id": "A2087", "latitude": 42.807559967041016, "longitude": 23.376857757568359, "raw_occupancy": 0, "timestamp": "2026-09-15 18:25:31" }, "geometry": { "type": "Point", "coordinates": [ 23.376857757568359, 42.807559967041016 ] } },
{ "type": "Feature", "properties": { "vehicle_id": "A7085", "latitude": 42.709098815917969, "longitude": 23.431278228759766, "raw_occupancy": 1, "timestamp": "2026-09-15 18:25:31" }, "geometry": { "type": "Point", "coordinates": [ 23.431278228759766, 42.709098815917969 ] } },
{ "type": "Feature", "properties": { "vehicle_id": "A2831", "latitude": 42.669532775878906, "longitude": 23.256118774414062, "raw_occupancy": 2, "timestamp": "2026-09-15 18:25:31" }, "geometry": { "type": "Point", "coordinates": [ 23.256118774414062, 42.669532775878906 ] } },
{ "type": "Feature", "properties": { "vehicle_id": "A3137", "latitude": 42.640342712402344, "longitude": 23.413145065307617, "raw_occupancy": 0, "timestamp": "2026-09-15 18:25:31" }, "geometry": { "type": "Point", "coordinates": [ 23.413145065307617, 42.640342712402344 ] } },
{ "type": "Feature", "properties": { "vehicle_id": "A3634", "latitude": 42.674598693847656, "longitude": 23.431411743164062, "raw_occupancy": 2, "timestamp": "2026-09-15 18:25:31" }, "geometry": { "type": "Point", "coordinates": [ 23.431411743164062, 42.674598693847656 ] } },
{ "type": "Feature", "properties": { "vehicle_id": "A3138", "latitude": 42.626533508300781, "longitude": 23.384119033813477, "raw_occupancy": 0, "timestamp": "2026-09-15 18:25:31" }, "geometry": { "type": "Point", "coordinates": [ 23.384119033813477, 42.626533508300781 ] } },
{ "type": "Feature", "properties": { "vehicle_id": "A1410", "latitude": 42.678932189941406, "longitude": 23.299835205078125, "raw_occupancy": 3, "timestamp": "2026-09-15 18:25:31" }, "geometry": { "type": "Point", "coordinates": [ 23.299835205078125, 42.678932189941406 ] } },
{ "type": "Feature", "properties": { "vehicle_id": "A1206", "latitude": 42.665748596191406, "longitude": 23.28660774230957, "raw_occupancy": 1, "timestamp": "2026-09-15 18:25:31" }, "geometry": { "type": "Point", "coordinates": [ 23.28660774230957, 42.665748596191406 ] } },
{ "type": "Feature", "properties": { "vehicle_id": "A7059", "latitude": 42.710006713867188, "longitude": 23.388618469238281, "raw_occupancy": 1, "timestamp": "2026-09-15 18:25:31" }, "geometry": { "type": "Point", "coordinates": [ 23.388618469238281, 42.710006713867188 ] } },
{ "type": "Feature", "properties": { "vehicle_id": "A3012", "latitude": 42.693984985351562, "longitude": 23.347526550292969, "raw_occupancy": 3, "timestamp": "2026-09-15 18:25:31" }, "geometry": { "type": "Point", "coordinates": [ 23.347526550292969, 42.693984985351562 ] } },
{ "type": "Feature", "properties": { "vehicle_id": "A3136", "latitude": 42.671985626220703, "longitude": 23.363531112670898, "raw_occupancy": 3, "timestamp": "2026-09-15 18:25:31" }, "geometry": { "type": "Point", "coordinates": [ 23.363531112670898, 42.671985626220703 ] } },
{ "type": "Feature", "properties": { "vehicle_id": "A7151", "latitude": 42.712516784667969, "longitude": 23.337615966796875, "raw_occupancy": 0, "timestamp": "2026-09-15 18:25:31" }, "geometry": { "type": "Point", "coordinates": [ 23.337615966796875, 42.712516784667969 ] } },
{ "type": "Feature", "properties": { "vehicle_id": "A3122", "latitude": 42.669208526611328, "longitude": 23.352590560913086, "raw_occupancy": 0, "timestamp": "2026-09-15 18:25:31" }, "geometry": { "type": "Point", "coordinates": [ 23.352590560913086, 42.669208526611328 ] } },
{ "type": "Feature", "properties": { "vehicle_id": "A1164", "latitude": 42.732490539550781, "longitude": 23.296588897705078, "raw_occupancy": 2, "timestamp": "2026-09-15 18:25:31" }, "geometry": { "type": "Point", "coordinates": [ 23.296588897705078, 42.732490539550781 ] } },
{ "type": "Feature", "properties": { "vehicle_id": "A7187", "latitude": 42.730495452880859, "longitude": 23.384439468383789, "raw_occupancy": 1, "timestamp": "2026-09-15 18:25:31" }, "geometry": { "type": "Point", "coordinates": [ 23.384439468383789, 42.730495452880859 ] } },
{ "type": "Feature", "properties": { "vehicle_id": "A3143", "latitude": 42.661582946777344, "longitude": 23.294961929321289, "raw_occupancy": 1, "timestamp": "2026-09-15 18:25:31" }, "geometry": { "type": "Point", "coordinates": [ 23.294961929321289, 42.661582946777344 ] } },
{ "type": "Feature", "properties": { "vehicle_id": "A2517", "latitude": 42.642993927001953, "longitude": 23.312868118286133, "raw_occupancy": 3, "timestamp": "2026-09-15 18:25:31" }, "geometry": { "type": "Point", "coordinates": [ 23.312868118286133, 42.642993927001953 ] } },
{ "type": "Feature", "properties": { "vehicle_id": "A7153", "latitude": 42.789920806884766, "longitude": 23.272441864013672, "raw_occupancy": 3, "timestamp": "2026-09-15 18:25:31" }, "geometry": { "type": "Point", "coordinates": [ 23.272441864013672, 42.789920806884766 ] } },
{ "type": "Feature", "properties": { "vehicle_id": "A2015", "latitude": 42.709922790527344, "longitude": 23.264808654785156, "raw_occupancy": 1, "timestamp": "2026-09-15 18:25:31" }, "geometry": { "type": "Point", "coordinates": [ 23.264808654785156, 42.709922790527344 ] } },
{ "type": "Feature", "properties": { "vehicle_id": "A1305", "latitude": 42.621589660644531, "longitude": 23.189455032348633, "raw_occupancy": 1, "timestamp": "2026-09-15 18:25:31" }, "geometry": { "type": "Point", "coordinates": [ 23.189455032348633, 42.621589660644531 ] } },
{ "type": "Feature", "properties": { "vehicle_id": "A3158", "latitude": 42.679153442382812, "longitude": 23.353767395019531, "raw_occupancy": 2, "timestamp": "2026-09-15 18:25:31" }, "geometry": { "type": "Point", "coordinates": [ 23.353767395019531, 42.679153442382812 ] } },
{ "type": "Feature", "properties": { "vehicle_id": "A3620", "latitude": 42.620357513427734, "longitude": 23.369277954101562, "raw_occupancy": 2, "timestamp": "2026-09-15 18:25:31" }, "geometry": { "type": "Point", "coordinates": [ 23.369277954101562, 42.620357513427734 ] } },
{ "type": "Feature", "properties": { "vehicle_id": "A1034", "latitude": 42.647994995117188, "longitude": 23.264841079711914, "raw_occupancy": 0, "timestamp": "2026-09-15 18:25:31" }, "geometry": { "type": "Point", "coordinates": [ 23.264841079711914, 42.647994995117188 ] } },
{ "type": "Feature", "properties": { "vehicle_id": "A7129", "latitude": 42.754901885986328, "longitude": 23.558689117431641, "raw_occupancy": 1, "timestamp": "2026-09-15 18:25:31" }, "geometry": { "type": "Point", "coordinates": [ 23.558689117431641, 42.754901885986328 ] } },
{ "type": "Feature", "properties": { "vehicle_id": "A2306", "latitude": 42.651950836181641, "longitude": 23.348873138427734, "raw_occupancy": 4, "timestamp": "2026-09-15 18:25:31" }, "geometry": { "type": "Point", "coordinates": [ 23.348873138427734, 42.651950836181641 ] } },
{ "type": "Feature", "properties": { "vehicle_id": "A1037", "latitude": 42.643367767333984, "longitude": 23.345050811767578, "raw_occupancy": 3, "timestamp": "2026-09-15 18:25:31" }, "geometry": { "type": "Point", "coordinates": [ 23.345050811767578, 42.643367767333984 ] } },
{ "type": "Feature", "properties": { "vehicle_id": "A7181", "latitude": 42.758613586425781, "longitude": 23.321380615234375, "raw_occupancy": 1, "timestamp": "2026-09-15 18:25:31" }, "geometry": { "type": "Point", "coordinates": [ 23.321380615234375, 42.758613586425781 ] } },
{ "type": "Feature", "properties": { "vehicle_id": "A3128", "latitude": 42.657527923583984, "longitude": 23.3369140625, "raw_occupancy": 3, "timestamp": "2026-09-15 18:25:31" }, "geometry": { "type": "Point", "coordinates": [ 23.3369140625, 42.657527923583984 ] } },
{ "type": "Feature", "properties": { "vehicle_id": "A1181", "latitude": 42.6605224609375, "longitude": 23.320222854614258, "raw_occupancy": 0, "timestamp": "2026-09-15 18:25:31" }, "geometry": { "type": "Point", "coordinates": [ 23.320222854614258, 42.6605224609375 ] } },
{ "type": "Feature", "properties": { "vehicle_id": "A2000", "latitude": 42.711174011230469, "longitude": 23.402595520019531, "raw_occupancy": 0, "timestamp": "2026-09-15 18:25:31" }, "geometry": { "type": "Point", "coordinates": [ 23.402595520019531, 42.711174011230469 ] } },
{ "type": "Feature", "properties": { "vehicle_id": "A2505", "latitude": 42.692619323730469, "longitude": 23.360143661499023, "raw_occupancy": 3, "timestamp": "2026-09-15 18:25:31" }, "geometry": { "type": "Point", "coordinates": [ 23.360143661499023, 42.692619323730469 ] } },
{ "type": "Feature", "properties": { "vehicle_id": "A1182", "latitude": 42.731002807617188, "longitude": 23.315362930297852, "raw_occupancy": 0, "timestamp": "2026-09-15 18:25:31" }, "geometry": { "type": "Point", "coordinates": [ 23.315362930297852, 42.731002807617188 ] } },
{ "type": "Feature", "properties": { "vehicle_id": "A3656", "latitude": 42.65081787109375, "longitude": 23.405630111694336, "raw_occupancy": 1, "timestamp": "2026-09-15 18:25:31" }, "geometry": { "type": "Point", "coordinates": [ 23.405630111694336, 42.65081787109375 ] } },
{ "type": "Feature", "properties": { "vehicle_id": "A2810", "latitude": 42.718326568603516, "longitude": 23.277448654174805, "raw_occupancy": 1, "timestamp": "2026-09-15 18:25:31" }, "geometry": { "type": "Point", "coordinates": [ 23.277448654174805, 42.718326568603516 ] } },
{ "type": "Feature", "properties": { "vehicle_id": "A7145", "latitude": 42.706710815429688, "longitude": 23.469657897949219, "raw_occupancy": 3, "timestamp": "2026-09-15 18:25:31" }, "geometry": { "type": "Point", "coordinates": [ 23.469657897949219, 42.706710815429688 ] } },
{ "type": "Feature", "properties": { "vehicle_id": "A2090", "latitude": 42.603302001953125, "longitude": 23.494834899902344, "raw_occupancy": 1, "timestamp": "2026-09-15 18:25:31" }, "geometry": { "type": "Point", "coordinates": [ 23.494834899902344, 42.603302001953125 ] } },
{ "type": "Feature", "properties": { "vehicle_id": "A1835", "latitude": 42.724758148193359, "longitude": 23.209665298461914, "raw_occupancy": 3, "timestamp": "2026-09-15 18:25:31" }, "geometry": { "type": "Point", "coordinates": [ 23.209665298461914, 42.724758148193359 ] } },
{ "type": "Feature", "properties": { "vehicle_id": "A3654", "latitude": 42.665634155273438, "longitude": 23.354804992675781, "raw_occupancy": 3, "timestamp": "2026-09-15 18:25:31" }, "geometry": { "type": "Point", "coordinates": [ 23.354804992675781, 42.665634155273438 ] } },
{ "type": "Feature", "properties": { "vehicle_id": "A1620", "latitude": 42.648502349853516, "longitude": 23.377050399780273, "raw_occupancy": 1, "timestamp": "2026-09-15 18:25:31" }, "geometry": { "type": "Point", "coordinates": [ 23.377050399780273, 42.648502349853516 ] } },
{ "type": "Feature", "properties": { "vehicle_id": "A2018", "latitude": 42.642959594726562, "longitude": 23.345056533813477, "raw_occupancy": 0, "timestamp": "2026-09-15 18:25:31" }, "geometry": { "type": "Point", "coordinates": [ 23.345056533813477, 42.642959594726562 ] } },
{ "type": "Feature", "properties": { "vehicle_id": "A1183", "latitude": 42.675117492675781, "longitude": 23.314361572265625, "raw_occupancy": 4, "timestamp": "2026-09-15 18:25:31" }, "geometry": { "type": "Point", "coordinates": [ 23.314361572265625, 42.675117492675781 ] } }
]
}
