{
"type": "FeatureCollection",
"name": "bus_occupancy_remainder_20260915_1625",
"crs": { "type": "name", "properties": { "name": "urn:ogc:def:crs:OGC:1.3:CRS84" } },
"features": [
{ "type": "Feature", "properties": { "vehicle_id": "A3158", "latitude": 42.661689758300781, "longitude": 23.39137077331543, "raw_occupancy": 2, "timestamp": "2026-09-15 16:05:24" }, "geometry": { "type": "Point", "coordinates": [ 23.39137077331543, 42.661689758300781 ] } },
{ "type": "Feature", "properties": { "vehicle_id": "A7053", "latitude": 42.714752197265625, "longitude": 23.358842849731445, "raw_occupancy": 0, "timestamp": "2026-09-15 16:05:24" }, "geometry": { "type": "Point", "coordinates": [ 23.358842849731445, 42.714752197265625 ] } },
{ "type": "Feature", "properties": { "vehicle_id": "A1809", "latitude": 42.670803070068359, "longitude": 23.252975463867188, "raw_occupancy": 0, "timestamp": "2026-09-15 16:05:24" }, "geometry": { "type": "Point", "coordinates": [ 23.252975463867188, 42.670803070068359 ] } },
{ "type": "Feature", "properties": { "vehicle_id": "A1315", "latitude": 42.659694671630859, "longitude": 23.316986083984375, "raw_occupancy": 1, "timestamp": "2026-09-15 16:05:24" }, "geometry": { "type": "Point", "coordinates": [ 23.316986083984375, 42.659694671630859 ] } },
{ "type": "Feature", "properties": { "vehicle_id": "A1604", "latitude": 42.705703735351562, "longitude": 23.318069458007812, "raw_occupancy": 1, "timestamp": "2026-09-15 16:05:24" }, "geometry": { "type": "Point", "coordinates": [ 23.318069458007812, 42.705703735351562 ] } },
{ "type": "Feature", "properties": { "vehicle_id": "A2064", "latitude": 42.742900848388672, "longitude": 23.273105621337891, "raw_occupancy": 1, "timestamp": "2026-09-15 16:05:24" }, "geometry": { "type": "Point", "coordinates": [ 23.273105621337891, 42.742900848388672 ] } },
{ "type": "Feature", "properties": { "vehicle_id": "A3122", "latitude": 42.655838012695312, "longitude": 23.336353302001953, "raw_occupancy": 1, "timestamp": "2026-09-15 16:05:24" }, "geometry": { "type": "Point", "coordinates": [ 23.336353302001953, 42.655838012695312 ] } },
{ "type": "Feature", "properties": { "vehicle_id": "A7111", "latitude": 42.758857727050781, "longitude": 23.275379180908203, "raw_occupancy": 1, "timestamp": "2026-09-15 16:05:24" }, "geometry": { "type": "Point", "coordinates": [ 23.275379180908203, 42.758857727050781 ] } },
{ "type": "Feature", "properties": { "vehicle_id": "A3115", "latitude": 42.710689544677734, "longitude": 23.318986892700195, "raw_occupancy": 0, "timestamp": "2026-09-15 16:05:24" }, "geometry": { "type": "Point", "coordinates": [ 23.318986892700195, 42.710689544677734 ] } },
{ "type": "Feature", "properties": { "vehicle_id": "A7145", "latitude": 42.706703186035156, "longitude": 23.469522476196289, "raw_occupancy": 2, "timestamp": "2026-09-15 16:05:24" }, "geometry": { "type": "Point", "coordinates": [ 23.469522476196289, 42.706703186035156 ] } },
{ "type": "Feature", "properties": { "vehicle_id": "A7117", "latitude": 42.711334228515625, "longitude": 23.354267120361328, "raw_occupancy": 1, "timestamp": "2026-09-15 16:05:24" }, "geometry": { "type": "Point", "coordinates": [ 23.354267120361328, 42.711334228515625 ] } },
{ "type": "Feature", "properties": { "vehicle_id": "A3655", "latitude": 42.673946380615234, "longitude": 23.337425231933594, "raw_occupancy": 0, "timestamp": "2026-09-15 16:05:24" }, "geometry": { "type": "Point", "coordinates": [ 23.337425231933594, 42.673946380615234 ] } },
{ "type": "Feature", "properties": { "vehicle_id": "A3103", "latitude": 42.631351470947266, "longitude": 23.373115539550781, "raw_occupancy": 1, "timestamp": "2026-09-15 16:05:24" }, "geometry": { "type": "Point", "coordinates": [ 23.373115539550781, 42.631351470947266 ] } },
{ "type": "Feature", "properties": { "vehicle_id": "A3409", "latitude": 42.690563201904297, "longitude": 23.33203125, "raw_occupancy": 0, "timestamp": "2026-09-15 16:05:24" }, "geometry": { "type": "Point", "coordinates": [ 23.33203125, 42.690563201904297 ] } },
{ "type": "Feature", "properties": { "vehicle_id": "A1034", "latitude": 42.649539947509766, "longitude": 23.265787124633789, "raw_occupancy": 3, "timestamp": "2026-09-15 16:05:24" }, "geometry": { "type": "Point", "coordinates": [ 23.265787124633789, 42.649539947509766 ] } },
{ "type": "Feature", "properties": { "vehicle_id": "A1156", "latitude": 42.672161102294922, "longitude": 23.294111251831055, "raw_occupancy": 2, "timestamp": "2026-09-15 16:05:24" }, "geometry": { "type": "Point", "coordinates": [ 23.294111251831055, 42.672161102294922 ] } },
{ "type": "Feature", "properties": { "vehicle_id": "A2041", "latitude": 42.712963104248047, "longitude": 23.274509429931641, "raw_occupancy": 1, "timestamp": "2026-09-15 16:05:24" }, "geometry": { "type": "Point", "coordinates": [ 23.274509429931641, 42.712963104248047 ] } },
{ "type": "Feature", "properties": { "vehicle_id": "A7075", "latitude": 42.70513916015625, "longitude": 23.324771881103516, "raw_occupancy": 1, "timestamp": "2026-09-15 16:05:24" }, "geometry": { "type": "Point", "coordinates": [ 23.324771881103516, 42.70513916015625 ] } },
{ "type": "Feature", "properties": { "vehicle_id": "A7189", "latitude": 42.704582214355469, "longitude": 23.325117111206055, "raw_occupancy": 0, "timestamp": "2026-09-15 16:05:24" }, "geometry": { "type": "Point", "coordinates": [ 23.325117111206055, 42.704582214355469 ] } },
{ "type": "Feature", "properties": { "vehicle_id": "A3654", "latitude": 42.612350463867188, "longitude": 23.338729858398438, "raw_occupancy": 0, "timestamp": "2026-09-15 16:05:24" }, "geometry": { "type": "Point", "coordinates": [ 23.338729858398438, 42.612350463867188 ] } },
{ "type": "Feature", "properties": { "vehicle_id": "A3404", "latitude": 42.632167816162109, "longitude": 23.33366584777832, "raw_occupancy": 0, "timestamp": "2026-09-15 16:05:24" }, "geometry": { "type": "Point", "coordinates": [ 23.33366584777832, 42.632167816162109 ] } },
{ "type": "Feature", "properties": { "vehicle_id": "A1311", "latitude": 42.587841033935547, "longitude": 23.297279357910156, "raw_occupancy": 1, "timestamp": "2026-09-15 16:05:24" }, "geometry": { "type": "Point", "coordinates": [ 23.297279357910156, 42.587841033935547 ] } },
{ "type": "Feature", "properties": { "vehicle_id": "A1154", "latitude": 42.674896240234375, "longitude": 23.290342330932617, "raw_occupancy": 1, "timestamp": "2026-09-15 16:05:24" }, "geometry": { "type": "Point", "coordinates": [ 23.290342330932617, 42.674896240234375 ] } },
{ "type": "Feature", "properties": { "vehicle_id": "A3138", "latitude": 42.666790008544922, "longitude": 23.37078857421875, "raw_occupancy": 2, "timestamp": "2026-09-15 16:05:24" }, "geometry": { "type": "Point", "coordinates": [ 23.37078857421875, 42.666790008544922 ] } },
{ "type": "Feature", "properties": { "vehicle_id": "A2817", "latitude": 42.711418151855469, "longitude": 23.370351791381836, "raw_occupancy": 0, "timestamp": "2026-09-15 16:05:24" }, "geometry": { "type": "Point", "coordinates": [ 23.370351791381836, 42.711418151855469 ] } },
{ "type": "Feature", "properties": { "vehicle_id": "A1318", "latitude": 42.681407928466797, "longitude": 23.310579299926758, "raw_occupancy": 0, "timestamp": "2026-09-15 16:05:24" }, "geometry": { "type": "Point", "coordinates": [ 23.310579299926758, 42.681407928466797 ] } },
{ "type": "Feature", "properties": { "vehicle_id": "A3652", "latitude": 42.657138824462891, "longitude": 23.359254837036133, "raw_occupancy": 1, "timestamp": "2026-09-15 16:05:24" }, "geometry": { "type": "Point", "coordinates": [ 23.359254837036133, 42.657138824462891 ] } },
{ "type": "Feature", "properties": { "vehicle_id": "A2067", "latitude": 42.790470123291016, "longitude": 23.303388595581055, "raw_occupancy": 1, "timestamp": "2026-09-15 16:05:24" }, "geometry": { "type": "Point", "coordinates": [ 23.303388595581055, 42.790470123291016 ] } },
{ "type": "Feature", "properties": { "vehicle_id": "A2076", "latitude": 42.632846832275391, "longitude": 23.409027099609375, "raw_occupancy": 1, "timestamp": "2026-09-15 16:05:24" }, "geometry": { "type": "Point", "coordinates": [ 23.409027099609375, 42.632846832275391 ] } },
{ "type": "Feature", "properties": { "vehicle_id": "A1159", "latitude": 42.678443908691406, "longitude": 23.322269439697266, "raw_occupancy": 2, "timestamp": "2026-09-15 16:05:24" }, "geometry": { "type": "Point", "coordinates": [ 23.322269439697266, 42.678443908691406 ] } },
{ "type": "Feature", "properties": { "vehicle_id": "A2831", "latitude": 42.661216735839844, "longitude": 23.243661880493164, "raw_occupancy": 1, "timestamp": "2026-09-15 16:05:24" }, "geometry": { "type": "Point", "coordinates": [ 23.243661880493164, 42.661216735839844 ] } },
{ "type": "Feature", "properties": { "vehicle_id": "A7103", "latitude": 42.705619812011719, "longitude": 23.311800003051758, "raw_occupancy": 2, "timestamp": "2026-09-15 16:05:24" }, "geometry": { "type": "Point", "coordinates": [ 23.311800003051758, 42.705619812011719 ] } },
{ "type": "Feature", "properties": { "vehicle_id": "A3132", "latitude": 42.635871887207031, "longitude": 23.380369186401367, "raw_occupancy": 2, "timestamp": "2026-09-15 16:05:24" }, "geometry": { "type": "Point", "coordinates": [ 23.380369186401367, 42.635871887207031 ] } },
{ "type": "Feature", "properties": { "vehicle_id": "A3019", "latitude": 42.691009521484375, "longitude": 23.338115692138672, "raw_occupancy": 1, "timestamp": "2026-09-15 16:05:24" }, "geometry": { "type": "Point", "coordinates": [ 23.338115692138672, 42.691009521484375 ] } },
{ "type": "Feature", "properties": { "vehicle_id": "A1180", "latitude": 42.644695281982422, "longitude": 23.345180511474609, "raw_occupancy": 0, "timestamp": "2026-09-15 16:05:24" }, "geometry": { "type": "Point", "coordinates": [ 23.345180511474609, 42.644695281982422 ] } },
{ "type": "Feature", "properties": { "vehicle_id": "A2074", "latitude": 42.648216247558594, "longitude": 23.395893096923828, "raw_occupancy": 3, "timestamp": "2026-09-15 16:05:24" }, "geometry": { "type": "Point", "coordinates": [ 23.395893096923828, 42.648216247558594 ] } },
{ "type": "Feature", "properties": { "vehicle_id": "A2514", "latitude": 42.683418273925781, "longitude": 23.315073013305664, "raw_occupancy": 2, "timestamp": "2026-09-15 16:05:24" }, "geometry": { "type": "Point", "coordinates": [ 23.315073013305664, 42.683418273925781 ] } },
{ "type": "Feature", "properties": { "vehicle_id": "A3623", "latitude": 42.622024536132812, "longitude": 23.412508010864258, "raw_occupancy": 0, "timestamp": "2026-09-15 16:05:24" }, "geometry": { "type": "Point", "coordinates": [ 23.412508010864258, 42.622024536132812 ] } },
{ "type": "Feature", "properties": { "vehicle_id": "A3157", "latitude": 42.649631500244141, "longitude": 23.367576599121094, "raw_occupancy": 1, "timestamp": "2026-09-15 16:05:24" }, "geometry": { "type": "Point", "coordinates": [ 23.367576599121094, 42.649631500244141 ] } },
{ "type": "Feature", "properties": { "vehicle_id": "A2505", "latitude": 42.679191589355469, "longitude": 23.361072540283203, "raw_occupancy": 1, "timestamp": "2026-09-15 16:05:24" }, "geometry": { "type": "Point", "coordinates": [ 23.361072540283203, 42.679191589355469 ] } },
{ "type": "Feature", "properties": { "vehicle_id": "A1837", "latitude": 42.770923614501953, "longitude": 23.241506576538086, "raw_occupancy": 1, "timestamp": "2026-09-15 16:05:24" }, "geometry": { "type": "Point", "coordinates": [ 23.241506576538086, 42.770923614501953 ] } },
{ "type": "Feature", "properties": { "vehicle_id": "A2022", "latitude": 42.709403991699219, "longitude": 23.4002685546875, "raw_occupancy": 1, "timestamp": "2026-09-15 16:05:24" }, "geometry": { "type": "Point", "coordinates": [ 23.4002685546875, 42.709403991699219 ] } },
{ "type": "Feature", "properties": { "vehicle_id": "A2509", "latitude": 42.696464538574219, "longitude": 23.280420303344727, "raw_occupancy": 4, "timestamp": "2026-09-15 16:05:24" }, "geometry": { "type": "Point", "coordinates": [ 23.280420303344727, 42.696464538574219 ] } },
{ "type": "Feature", "properties": { "vehicle_id": "A1226", "latitude": 42.641780853271484, "longitude": 23.311695098876953, "raw_occupancy": 1, "timestamp": "2026-09-15 16:05:24" }, "geometry": { "type": "Point", "coordinates": [ 23.311695098876953, 42.641780853271484 ] } },
{ "type": "Feature", "properties": { "vehicle_id": "A2140", "latitude": 42.701301574707031, "longitude": 23.333978652954102, "raw_occupancy": 1, "timestamp": "2026-09-15 16:05:24" }, "geometry": { "type": "Point", "coordinates": [ 23.333978652954102, 42.701301574707031 ] } },
{ "type": "Feature", "properties": { "vehicle_id": "A1205", "latitude": 42.662948608398438, "longitude": 23.317241668701172, "raw_occupancy": 1, "timestamp": "2026-09-15 16:05:24" }, "geometry": { "type": "Point", "coordinates": [ 23.317241668701172, 42.662948608398438 ] } },
{ "type": "Feature", "properties": { "vehicle_id": "A1821", "latitude": 42.632492065429688, "longitude": 23.334468841552734, "raw_occupancy": 0, "timestamp": "2026-09-15 16:05:24" }, "geometry": { "type": "Point", "coordinates": [ 23.334468841552734, 42.632492065429688 ] } },
{ "type": "Feature", "properties": { "vehicle_id": "A1308", "latitude": 42.651081085205078, "longitude": 23.219205856323242, "raw_occupancy": 1, "timestamp": "2026-09-15 16:05:24" }, "geometry": { "type": "Point", "coordinates": [ 23.219205856323242, 42.651081085205078 ] } },
{ "type": "Feature", "properties": { "vehicle_id": "A7165", "latitude": 42.712638854980469, "longitude": 23.4053955078125, "raw_occupancy": 1, "timestamp": "2026-09-15 16:05:24" }, "geometry": { "type": "Point", "coordinates": [ 23.4053955078125, 42.712638854980469 ] } },
{ "type": "Feature", "properties": { "vehicle_id": "A7065", "latitude": 42.714069366455078, "longitude": 23.357677459716797, "raw_occupancy": 1, "timestamp": "2026-09-15 16:05:24" }, "geometry": { "type": "Point", "coordinates": [ 23.357677459716797, 42.714069366455078 ] } },
{ "type": "Feature", "properties": { "vehicle_id": "A3657", "latitude": 42.64111328125, "longitude": 23.412551879882812, "raw_occupancy": 0, "timestamp": "2026-09-15 16:05:24" }, "geometry": { "type": "Point", "coordinates": [ 23.412551879882812, 42.64111328125 ] } },
{ "type": "Feature", "properties": { "vehicle_id": "A3016", "latitude": 42.692657470703125, "longitude": 23.354928970336914, "raw_occupancy": 3, "timestamp": "2026-09-15 16:05:24" }, "geometry": { "type": "Point", "coordinates": [ 23.354928970336914, 42.692657470703125 ] } },
{ "type": "Feature", "properties": { "vehicle_id": "A3608", "latitude": 42.654491424560547, "longitude": 23.370920181274414, "raw_occupancy": 1, "timestamp": "2026-09-15 16:05:24" }, "geometry": { "type": "Point", "coordinates": [ 23.370920181274414, 42.654491424560547 ] } },
{ "type": "Feature", "properties": { "vehicle_id": "A3633", "latitude": 42.644153594970703, "longitude": 23.366703033447266, "raw_occupancy": 1, "timestamp": "2026-09-15 16:05:24" }, "geometry": { "type": "Point", "coordinates": [ 23.366703033447266, 42.644153594970703 ] } },
{ "type": "Feature", "properties": { "vehicle_id": "A1410", "latitude": 42.681613922119141, "longitude": 23.302009582519531, "raw_occupancy": 1, "timestamp": "2026-09-15 16:05:24" }, "geometry": { "type": "Point", "coordinates": [ 23.302009582519531, 42.681613922119141 ] } },
{ "type": "Feature", "properties": { "vehicle_id": "A2042", "latitude": 42.644779205322266, "longitude": 23.345188140869141, "raw_occupancy": 0, "timestamp": "2026-09-15 16:05:24" }, "geometry": { "type": "Point", "coordinates": [ 23.345188140869141, 42.644779205322266 ] } },
{ "type": "Feature", "properties": { "vehicle_id": "A3401", "latitude": 42.66583251953125, "longitude": 23.354591369628906, "raw_occupancy": 2, "timestamp": "2026-09-15 16:05:24" }, "geometry": { "type": "Point", "coordinates": [ 23.354591369628906, 42.66583251953125 ] } },
{ "type": "Feature", "properties": { "vehicle_id": "A3107", "latitude": 42.681365966796875, "longitude": 23.312835693359375, "raw_occupancy": 2, "timestamp": "2026-09-15 16:05:24" }, "geometry": { "type": "Point", "coordinates": [ 23.312835693359375, 42.681365966796875 ] } },
{ "type": "Feature", "properties": { "vehicle_id": "A2056", "latitude": 42.724281311035156, "longitude": 23.34373664855957, "raw_occupancy": 2, "timestamp": "2026-09-15 16:05:24" }, "geometry": { "type": "Point", "coordinates": [ 23.34373664855957, 42.724281311035156 ] } },
{ "type": "Feature", "properties": { "vehicle_id": "A2017", "latitude": 42.734630584716797, "longitude": 23.293771743774414, "raw_occupancy": 0, "timestamp": "2026-09-15 16:05:24" }, "geometry": { "type": "Point", "coordinates": [ 23.293771743774414, 42.734630584716797 ] } },
{ "type": "Feature", "properties": { "vehicle_id": "A3670", "latitude": 42.661308288574219, "longitude": 23.378494262695312, "raw_occupancy": 3, "timestamp": "2026-09-15 16:05:24" }, "geometry": { "type": "Point", "coordinates": [ 23.378494262695312, 42.661308288574219 ] } },
{ "type": "Feature", "properties": { "vehicle_id": "A7067", "latitude": 42.699802398681641, "longitude": 23.369155883789062, "raw_occupancy": 2, "timestamp": "2026-09-15 16:05:24" }, "geometry": { "type": "Point", "coordinates": [ 23.369155883789062, 42.699802398681641 ] } },
{ "type": "Feature", "properties": { "vehicle_id": "A1819", "latitude": 42.753890991210938, "longitude": 23.247793197631836, "raw_occupancy": 0, "timestamp": "2026-09-15 16:05:24" }, "geometry": { "type": "Point", "coordinates": [ 23.247793197631836, 42.753890991210938 ] } },
{ "type": "Feature", "properties": { "vehicle_id": "A1208", "latitude": 42.673786163330078, "longitude": 23.321842193603516, "raw_occupancy": 1, "timestamp": "2026-09-15 16:05:24" }, "geometry": { "type": "Point", "coordinates": [ 23.321842193603516, 42.673786163330078 ] } },
{ "type": "Feature", "properties": { "vehicle_id": "A2519", "latitude": 42.695751190185547, "longitude": 23.284933090209961, "raw_occupancy": 2, "timestamp": "2026-09-15 16:05:24" }, "geometry": { "type": "Point", "coordinates": [ 23.284933090209961, 42.695751190185547 ] } },
{ "type": "Feature", "properties": { "vehicle_id": "A2500", "latitude": 42.688098907470703, "longitude": 23.298934936523438, "raw_occupancy": 2, "timestamp": "2026-09-15 16:05:24" }, "geometry": { "type": "Point", "coordinates": [ 23.298934936523438, 42.688098907470703 ] } },
{ "type": "Feature", "properties": { "vehicle_id": "A2823", "latitude": 42.669055938720703, "longitude": 23.244054794311523, "raw_occupancy": 1, "timestamp": "2026-09-15 16:05:24" }, "geometry": { "type": "Point", "coordinates": [ 23.244054794311523, 42.669055938720703 ] } },
{ "type": "Feature", "properties": { "vehicle_id": "A1851", "latitude": 42.690341949462891, "longitude": 23.312728881835938, "raw_occupancy": 1, "timestamp": "2026-09-15 16:05:24" }, "geometry": { "type": "Point", "coordinates": [ 23.312728881835938, 42.690341949462891 ] } },
{ "type": "Feature", "properties": { "vehicle_id": "A2020", "latitude": 42.678920745849609, "longitude": 23.321596145629883, "raw_occupancy": 0, "timestamp": "2026-09-15 16:05:24" }, "geometry": { "type": "Point", "coordinates": [ 23.321596145629883, 42.678920745849609 ] } },
{ "type": "Feature", "properties": { "vehicle_id": "A3666", "latitude": 42.690250396728516, "longitude": 23.33635139465332, "raw_occupancy": 3, "timestamp": "2026-09-15 16:05:24" }, "geometry": { "type": "Point", "coordinates": [ 23.33635139465332, 42.690250396728516 ] } },
{ "type": "Feature", "properties": { "vehicle_id": "A3319", "latitude": 42.683422088623047, "longitude": 23.348274230957031, "raw_occupancy": 2, "timestamp": "2026-09-15 16:05:24" }, "geometry": { "type": "Point", "coordinates": [ 23.348274230957031, 42.683422088623047 ] } },
{ "type": "Feature", "properties": { "vehicle_id": "A7083", "latitude": 42.720001220703125, "longitude": 23.444997787475586, "raw_occupancy": 3, "timestamp": "2026-09-15 16:05:24" }, "geometry": { "type": "Point", "coordinates": [ 23.444997787475586, 42.720001220703125 ] } },
{ "type": "Feature", "properties": { "vehicle_id": "A3129", "latitude": 42.704734802246094, "longitude": 23.334131240844727, "raw_occupancy": 3, "timestamp": "2026-09-15 16:05:24" }, "geometry": { "type": "Point", "coordinates": [ 23.334131240844727, 42.704734802246094 ] } },
{ "type": "Feature", "properties": { "vehicle_id": "A2016", "latitude": 42.676662445068359, "longitude": 23.333568572998047, "raw_occupancy": 0, "timestamp": "2026-09-15 16:05:24" }, "geometry": { "type": "Point", "coordinates": [ 23.333568572998047, 42.676662445068359 ] } },
{ "type": "Feature", "properties": { "vehicle_id": "A7127", "latitude": 42.699806213378906, "longitude": 23.360410690307617, "raw_occupancy": 2, "timestamp": "2026-09-15 16:05:24" }, "geometry": { "type": "Point", "coordinates": [ 23.360410690307617, 42.699806213378906 ] } },
{ "type": "Feature", "properties": { "vehicle_id": "A1407", "latitude": 42.696632385253906, "longitude": 23.279205322265625, "raw_occupancy": 1, "timestamp": "2026-09-15 16:05:24" }, "geometry": { "type": "Point", "coordinates": [ 23.279205322265625, 42.696632385253906 ] } },
{ "type": "Feature", "properties": { "vehicle_id": "A2516", "latitude": 42.653141021728516, "longitude": 23.315999984741211, "raw_occupancy": 2, "timestamp": "2026-09-15 16:05:24" }, "geometry": { "type": "Point", "coordinates": [ 23.315999984741211, 42.653141021728516 ] } },
{ "type": "Feature", "properties": { "vehicle_id": "A3153", "latitude": 42.696903228759766, "longitude": 23.347185134887695, "raw_occupancy": 2, "timestamp": "2026-09-15 16:05:24" }, "geometry": { "type": "Point", "coordinates": [ 23.347185134887695, 42.696903228759766 ] } },
{ "type": "Feature", "properties": { "vehicle_id": "A1026", "latitude": 42.622344970703125, "longitude": 23.404689788818359, "raw_occupancy": 0, "timestamp": "2026-09-15 16:05:24" }, "geometry": { "type": "Point", "coordinates": [ 23.404689788818359, 42.622344970703125 ] } },
{ "type": "Feature", "properties": { "vehicle_id": "A3632", "latitude": 42.663516998291016, "longitude": 23.398046493530273, "raw_occupancy": 1, "timestamp": "2026-09-15 16:05:24" }, "geometry": { "type": "Point", "coordinates": [ 23.398046493530273, 42.663516998291016 ] } },
{ "type": "Feature", "properties": { "vehicle_id": "A1222", "latitude": 42.703704833984375, "longitude": 23.127418518066406, "raw_occupancy": 1, "timestamp": "2026-09-15 16:05:24" }, "geometry": { "type": "Point", "coordinates": [ 23.127418518066406, 42.703704833984375 ] } },
{ "type": "Feature", "properties": { "vehicle_id": "A2822", "latitude": 42.736885070800781, "longitude": 23.338945388793945, "raw_occupancy": 0, "timestamp": "2026-09-15 16:05:24" }, "geometry": { "type": "Point", "coordinates": [ 23.338945388793945, 42.736885070800781 ] } },
{ "type": "Feature", "properties": { "vehicle_id": "A1612", "latitude": 42.671333312988281, "longitude": 23.293497085571289, "raw_occupancy": 2, "timestamp": "2026-09-15 16:05:24" }, "geometry": { "type": "Point", "coordinates": [ 23.293497085571289, 42.671333312988281 ] } },
{ "type": "Feature", "properties": { "vehicle_id": "A3402", "latitude": 42.662677764892578, "longitude": 23.355993270874023, "raw_occupancy": 1, "timestamp": "2026-09-15 16:05:24" }, "geometry": { "type": "Point", "coordinates": [ 23.355993270874023, 42.662677764892578 ] } },
{ "type": "Feature", "properties": { "vehicle_id": "A2807", "latitude": 42.718173980712891, "longitude": 23.279350280761719, "raw_occupancy": 2, "timestamp": "2026-09-15 16:05:24" }, "geometry": { "type": "Point", "coordinates": [ 23.279350280761719, 42.718173980712891 ] } },
{ "type": "Feature", "properties": { "vehicle_id": "A1025", "latitude": 42.668231964111328, "longitude": 23.266191482543945, "raw_occupancy": 1, "timestamp": "2026-09-15 16:05:24" }, "geometry": { "type": "Point", "coordinates": [ 23.266191482543945, 42.668231964111328 ] } },
{ "type": "Feature", "properties": { "vehicle_id": "A3615", "latitude": 42.653900146484375, "longitude": 23.380550384521484, "raw_occupancy": 4, "timestamp": "2026-09-15 16:05:24" }, "geometry": { "type": "Point", "coordinates": [ 23.380550384521484, 42.653900146484375 ] } },
{ "type": "Feature", "properties": { "vehicle_id": "A2308", "latitude": 42.659881591796875, "longitude": 23.359043121337891, "raw_occupancy": 3, "timestamp": "2026-09-15 16:05:24" }, "geometry": { "type": "Point", "coordinates": [ 23.359043121337891, 42.659881591796875 ] } },
{ "type": "Feature", "properties": { "vehicle_id": "A2161", "latitude": 42.729156494140625, "longitude": 23.324529647827148, "raw_occupancy": 0, "timestamp": "2026-09-15 16:05:24" }, "geometry": { "type": "Point", "coordinates": [ 23.324529647827148, 42.729156494140625 ] } },
{ "type": "Feature", "properties": { "vehicle_id": "A2000", "latitude": 42.705661773681641, "longitude": 23.323585510253906, "raw_occupancy": 0, "timestamp": "2026-09-15 16:05:24" }, "geometry": { "type": "Point", "coordinates": [ 23.323585510253906, 42.705661773681641 ] } },
{ "type": "Feature", "properties": { "vehicle_id": "A3312", "latitude": 42.674362182617188, "longitude": 23.360515594482422, "raw_occupancy": 2, "timestamp": "2026-09-15 16:05:24" }, "geometry": { "type": "Point", "coordinates": [ 23.360515594482422, 42.674362182617188 ] } },
{ "type": "Feature", "properties": { "vehicle_id": "A1117", "latitude": 42.765659332275391, "longitude": 23.19642448425293, "raw_occupancy": 0, "timestamp": "2026-09-15 16:05:24" }, "geometry": { "type": "Point", "coordinates": [ 23.19642448425293, 42.765659332275391 ] } },
{ "type": "Feature", "properties": { "vehicle_id": "A2058", "latitude": 42.682018280029297, "longitude": 23.318492889404297, "raw_occupancy": 2, "timestamp": "2026-09-15 16:05:24" }, "geometry": { "type": "Point", "coordinates": [ 23.318492889404297, 42.682018280029297 ] } },
{ "type": "Feature", "properties": { "vehicle_id": "A3634", "latitude": 42.669692993164062, "longitude": 23.42620849609375, "raw_occupancy": 1, "timestamp": "2026-09-15 16:05:24" }, "geometry": { "type": "Point", "coordinates": [ 23.42620849609375, 42.669692993164062 ] } },
{ "type": "Feature", "properties": { "vehicle_id": "A1803", "latitude": 42.631084442138672, "longitude": 23.193899154663086, "raw_occupancy": 1, "timestamp": "2026-09-15 16:05:24" }, "geometry": { "type": "Point", "coordinates": [ 23.193899154663086, 42.631084442138672 ] } },
{ "type": "Feature", "properties": { "vehicle_id": "A3662", "latitude": 42.635429382324219, "longitude": 23.333902359008789, "raw_occupancy": 1, "timestamp": "2026-09-15 16:05:24" }, "geometry": { "type": "Point", "coordinates": [ 23.333902359008789, 42.635429382324219 ] } },
{ "type": "Feature", "properties": { "vehicle_id": "A2039", "latitude": 42.732608795166016, "longitude": 23.31187629699707, "raw_occupancy": 1, "timestamp": "2026-09-15 16:05:24" }, "geometry": { "type": "Point", "coordinates": [ 23.31187629699707, 42.732608795166016 ] } },
{ "type": "Feature", "properties": { "vehicle_id": "A3301", "latitude": 42.668281555175781, "longitude": 23.401918411254883, "raw_occupancy": 2, "timestamp": "2026-09-15 16:05:24" }, "geometry": { "type": "Point", "coordinates": [ 23.401918411254883, 42.668281555175781 ] } },
{ "type": "Feature", "properties": { "vehicle_id": "A3144", "latitude": 42.640342712402344, "longitude": 23.413030624389648, "raw_occupancy": 1, "timestamp": "2026-09-15 16:05:24" }, "geometry": { "type": "Point", "coordinates": [ 23.413030624389648, 42.640342712402344 ] } },
{ "type": "Feature", "properties": { "vehicle_id": "A2307", "latitude": 42.652027130126953, "longitude": 23.347677230834961, "raw_occupancy": 1, "timestamp": "2026-09-15 16:05:24" }, "geometry": { "type": "Point", "coordinates": [ 23.347677230834961, 42.652027130126953 ] } },
{ "type": "Feature", "properties": { "vehicle_id": "A1829", "latitude": 42.712985992431641, "longitude": 23.247409820556641, "raw_occupancy": 2, "timestamp": "2026-09-15 16:05:24" }, "geometry": { "type": "Point", "coordinates": [ 23.247409820556641, 42.712985992431641 ] } },
{ "type": "Feature", "properties": { "vehicle_id": "A1166", "latitude": 42.672500610351562, "longitude": 23.293840408325195, "raw_occupancy": 2, "timestamp": "2026-09-15 16:05:24" }, "geometry": { "type": "Point", "coordinates": [ 23.293840408325195, 42.672500610351562 ] } },
{ "type": "Feature", "properties": { "vehicle_id": "A1179", "latitude": 42.690494537353516, "longitude": 23.255430221557617, "raw_occupancy": 1, "timestamp": "2026-09-15 16:05:24" }, "geometry": { "type": "Point", "coordinates": [ 23.255430221557617, 42.690494537353516 ] } },
{ "type": "Feature", "properties": { "vehicle_id": "A7081", "latitude": 42.791919708251953, "longitude": 23.40825080871582, "raw_occupancy": 0, "timestamp": "2026-09-15 16:05:24" }, "geometry": { "type": "Point", "coordinates": [ 23.40825080871582, 42.791919708251953 ] } },
{ "type": "Feature", "properties": { "vehicle_id": "A2811", "latitude": 42.678237915039062, "longitude": 23.238138198852539, "raw_occupancy": 1, "timestamp": "2026-09-15 16:05:24" }, "geometry": { "type": "Point", "coordinates": [ 23.238138198852539, 42.678237915039062 ] } },
{ "type": "Feature", "properties": { "vehicle_id": "A2720", "latitude": 42.802833557128906, "longitude": 23.402750015258789, "raw_occupancy": 0, "timestamp": "2026-09-15 16:05:24" }, "geometry": { "type": "Point", "coordinates": [ 23.402750015258789, 42.802833557128906 ] } },
{ "type": "Feature", "properties": { "vehicle_id": "A2501", "latitude": 42.707366943359375, "longitude": 23.357860565185547, "raw_occupancy": 1, "timestamp": "2026-09-15 16:05:24" }, "geometry": { "type": "Point", "coordinates": [ 23.357860565185547, 42.707366943359375 ] } },
{ "type": "Feature", "properties": { "vehicle_id": "A1172", "latitude": 42.675418853759766, "longitude": 23.289669036865234, "raw_occupancy": 1, "timestamp": "2026-09-15 16:05:24" }, "geometry": { "type": "Point", "coordinates": [ 23.289669036865234, 42.675418853759766 ] } },
{ "type": "Feature", "properties": { "vehicle_id": "A1319", "latitude": 42.658584594726562, "longitude": 23.240409851074219, "raw_occupancy": 1, "timestamp": "2026-09-15 16:05:24" }, "geometry": { "type": "Point", "coordinates": [ 23.240409851074219, 42.658584594726562 ] } },
{ "type": "Feature", "properties": { "vehicle_id": "A7087", "latitude": 42.777172088623047, "longitude": 23.27421760559082, "raw_occupancy": 1, "timestamp": "2026-09-15 16:05:24" }, "geometry": { "type": "Point", "coordinates": [ 23.27421760559082, 42.777172088623047 ] } },
{ "type": "Feature", "properties": { "vehicle_id": "A2013", "latitude": 42.711963653564453, "longitude": 23.273134231567383, "raw_occupancy": 1, "timestamp": "2026-09-15 16:05:24" }, "geometry": { "type": "Point", "coordinates": [ 23.273134231567383, 42.711963653564453 ] } },
{ "type": "Feature", "properties": { "vehicle_id": "A3115", "latitude": 42.710811614990234, "longitude": 23.320335388183594, "raw_occupancy": 0, "timestamp": "2026-09-15 16:05:24" }, "geometry": { "type": "Point", "coordinates": [ 23.320335388183594, 42.710811614990234 ] } },
{ "type": "Feature", "properties": { "vehicle_id": "A2086", "latitude": 42.732501983642578, "longitude": 23.295944213867188, "raw_occupancy": 1, "timestamp": "2026-09-15 16:05:24" }, "geometry": { "type": "Point", "coordinates": [ 23.295944213867188, 42.732501983642578 ] } },
{ "type": "Feature", "properties": { "vehicle_id": "A2810", "latitude": 42.716178894042969, "longitude": 23.237443923950195, "raw_occupancy": 1, "timestamp": "2026-09-15 16:05:24" }, "geometry": { "type": "Point", "coordinates": [ 23.237443923950195, 42.716178894042969 ] } },
{ "type": "Feature", "properties": { "vehicle_id": "A1163", "latitude": 42.711551666259766, "longitude": 23.230705261230469, "raw_occupancy": 0, "timestamp": "2026-09-15 16:05:24" }, "geometry": { "type": "Point", "coordinates": [ 23.230705261230469, 42.711551666259766 ] } },
{ "type": "Feature", "properties": { "vehicle_id": "A2073", "latitude": 42.668384552001953, "longitude": 23.367206573486328, "raw_occupancy": 0, "timestamp": "2026-09-15 16:05:24" }, "geometry": { "type": "Point", "coordinates": [ 23.367206573486328, 42.668384552001953 ] } },
{ "type": "Feature", "properties": { "vehicle_id": "A3664", "latitude": 42.665447235107422, "longitude": 23.407369613647461, "raw_occupancy": 1, "timestamp": "2026-09-15 16:05:24" }, "geometry": { "type": "Point", "coordinates": [ 23.407369613647461, 42.665447235107422 ] } },
{ "type": "Feature", "properties": { "vehicle_id": "A1230", "latitude": 42.721672058105469, "longitude": 23.263650894165039, "raw_occupancy": 1, "timestamp": "2026-09-15 16:05:24" }, "geometry": { "type": "Point", "coordinates": [ 23.263650894165039, 42.721672058105469 ] } },
{ "type": "Feature", "properties": { "vehicle_id": "A2045", "latitude": 42.709049224853516, "longitude": 23.256515502929688, "raw_occupancy": 3, "timestamp": "2026-09-15 16:05:24" }, "geometry": { "type": "Point", "coordinates": [ 23.256515502929688, 42.709049224853516 ] } },
{ "type": "Feature", "properties": { "vehicle_id": "A1402", "latitude": 42.735935211181641, "longitude": 23.305063247680664, "raw_occupancy": 1, "timestamp": "2026-09-15 16:05:24" }, "geometry": { "type": "Point", "coordinates": [ 23.305063247680664, 42.735935211181641 ] } },
{ "type": "Feature", "properties": { "vehicle_id": "A3408", "latitude": 42.667476654052734, "longitude": 23.391885757446289, "raw_occupancy": 2, "timestamp": "2026-09-15 16:05:24" }, "geometry": { "type": "Point", "coordinates": [ 23.391885757446289, 42.667476654052734 ] } },
{ "type": "Feature", "properties": { "vehicle_id": "A1835", "latitude": 42.712409973144531, "longitude": 23.159648895263672, "raw_occupancy": 1, "timestamp": "2026-09-15 16:05:24" }, "geometry": { "type": "Point", "coordinates": [ 23.159648895263672, 42.712409973144531 ] } },
{ "type": "Feature", "properties": { "vehicle_id": "A3119", "latitude": 42.643028259277344, "longitude": 23.341327667236328, "raw_occupancy": 1, "timestamp": "2026-09-15 16:05:24" }, "geometry": { "type": "Point", "coordinates": [ 23.341327667236328, 42.643028259277344 ] } },
{ "type": "Feature", "properties": { "vehicle_id": "A2815", "latitude": 42.737194061279297, "longitude": 23.328361511230469, "raw_occupancy": 1, "timestamp": "2026-09-15 16:05:24" }, "geometry": { "type": "Point", "coordinates": [ 23.328361511230469, 42.737194061279297 ] } },
{ "type": "Feature", "properties": { "vehicle_id": "A2083", "latitude": 42.704734802246094, "longitude": 23.323150634765625, "raw_occupancy": 1, "timestamp": "2026-09-15 16:05:24" }, "geometry": { "type": "Point", "coordinates": [ 23.323150634765625, 42.704734802246094 ] } },
{ "type": "Feature", "properties": { "vehicle_id": "A3110", "latitude": 42.630111694335938, "longitude": 23.37468147277832, "raw_occupancy": 1, "timestamp": "2026-09-15 16:05:24" }, "geometry": { "type": "Point", "coordinates": [ 23.37468147277832, 42.630111694335938 ] } },
{ "type": "Feature", "properties": { "vehicle_id": "A1404", "latitude": 42.659511566162109, "longitude": 23.316776275634766, "raw_occupancy": 1, "timestamp": "2026-09-15 16:05:24" }, "geometry": { "type": "Point", "coordinates": [ 23.316776275634766, 42.659511566162109 ] } },
{ "type": "Feature", "properties": { "vehicle_id": "A2003", "latitude": 42.705879211425781, "longitude": 23.306352615356445, "raw_occupancy": 1, "timestamp": "2026-09-15 16:05:24" }, "geometry": { "type": "Point", "coordinates": [ 23.306352615356445, 42.705879211425781 ] } },
{ "type": "Feature", "properties": { "vehicle_id": "A1301", "latitude": 42.602108001708984, "longitude": 23.174177169799805, "raw_occupancy": 1, "timestamp": "2026-09-15 16:05:24" }, "geometry": { "type": "Point", "coordinates": [ 23.174177169799805, 42.602108001708984 ] } },
{ "type": "Feature", "properties": { "vehicle_id": "A3156", "latitude": 42.675968170166016, "longitude": 23.288763046264648, "raw_occupancy": 3, "timestamp": "2026-09-15 16:05:24" }, "geometry": { "type": "Point", "coordinates": [ 23.288763046264648, 42.675968170166016 ] } },
{ "type": "Feature", "properties": { "vehicle_id": "A7063", "latitude": 42.72772216796875, "longitude": 23.245841979980469, "raw_occupancy": 1, "timestamp": "2026-09-15 16:05:24" }, "geometry": { "type": "Point", "coordinates": [ 23.245841979980469, 42.72772216796875 ] } },
{ "type": "Feature", "properties": { "vehicle_id": "A3660", "latitude": 42.599575042724609, "longitude": 23.368492126464844, "raw_occupancy": 3, "timestamp": "2026-09-15 16:05:24" }, "geometry": { "type": "Point", "coordinates": [ 23.368492126464844, 42.599575042724609 ] } },
{ "type": "Feature", "properties": { "vehicle_id": "A1189", "latitude": 42.677154541015625, "longitude": 23.332002639770508, "raw_occupancy": 3, "timestamp": "2026-09-15 16:05:24" }, "geometry": { "type": "Point", "coordinates": [ 23.332002639770508, 42.677154541015625 ] } },
{ "type": "Feature", "properties": { "vehicle_id": "A3627", "latitude": 42.684360504150391, "longitude": 23.408548355102539, "raw_occupancy": 1, "timestamp": "2026-09-15 16:05:24" }, "geometry": { "type": "Point", "coordinates": [ 23.408548355102539, 42.684360504150391 ] } },
{ "type": "Feature", "properties": { "vehicle_id": "A2072", "latitude": 42.700973510742188, "longitude": 23.34636116027832, "raw_occupancy": 1, "timestamp": "2026-09-15 16:05:24" }, "geometry": { "type": "Point", "coordinates": [ 23.34636116027832, 42.700973510742188 ] } },
{ "type": "Feature", "properties": { "vehicle_id": "A2816", "latitude": 42.714241027832031, "longitude": 23.313360214233398, "raw_occupancy": 0, "timestamp": "2026-09-15 16:05:24" }, "geometry": { "type": "Point", "coordinates": [ 23.313360214233398, 42.714241027832031 ] } },
{ "type": "Feature", "properties": { "vehicle_id": "A1158", "latitude": 42.631023406982422, "longitude": 23.338882446289062, "raw_occupancy": 2, "timestamp": "2026-09-15 16:05:24" }, "geometry": { "type": "Point", "coordinates": [ 23.338882446289062, 42.631023406982422 ] } },
{ "type": "Feature", "properties": { "vehicle_id": "A1406", "latitude": 42.633403778076172, "longitude": 23.310989379882812, "raw_occupancy": 2, "timestamp": "2026-09-15 16:05:24" }, "geometry": { "type": "Point", "coordinates": [ 23.310989379882812, 42.633403778076172 ] } },
{ "type": "Feature", "properties": { "vehicle_id": "A2060", "latitude": 42.602504730224609, "longitude": 23.40272331237793, "raw_occupancy": 3, "timestamp": "2026-09-15 16:05:24" }, "geometry": { "type": "Point", "coordinates": [ 23.40272331237793, 42.602504730224609 ] } },
{ "type": "Feature", "properties": { "vehicle_id": "A2069", "latitude": 42.669666290283203, "longitude": 23.367555618286133, "raw_occupancy": 1, "timestamp": "2026-09-15 16:05:24" }, "geometry": { "type": "Point", "coordinates": [ 23.367555618286133, 42.669666290283203 ] } },
{ "type": "Feature", "properties": { "vehicle_id": "A1181", "latitude": 42.683139801025391, "longitude": 23.278139114379883, "raw_occupancy": 0, "timestamp": "2026-09-15 16:05:24" }, "geometry": { "type": "Point", "coordinates": [ 23.278139114379883, 42.683139801025391 ] } },
{ "type": "Feature", "properties": { "vehicle_id": "A3141", "latitude": 42.640384674072266, "longitude": 23.414739608764648, "raw_occupancy": 0, "timestamp": "2026-09-15 16:05:24" }, "geometry": { "type": "Point", "coordinates": [ 23.414739608764648, 42.640384674072266 ] } },
{ "type": "Feature", "properties": { "vehicle_id": "A1164", "latitude": 42.692184448242188, "longitude": 23.280143737792969, "raw_occupancy": 2, "timestamp": "2026-09-15 16:05:24" }, "geometry": { "type": "Point", "coordinates": [ 23.280143737792969, 42.692184448242188 ] } },
{ "type": "Feature", "properties": { "vehicle_id": "A7099", "latitude": 42.803081512451172, "longitude": 23.344018936157227, "raw_occupancy": 2, "timestamp": "2026-09-15 16:05:24" }, "geometry": { "type": "Point", "coordinates": [ 23.344018936157227, 42.803081512451172 ] } },
{ "type": "Feature", "properties": { "vehicle_id": "A2506", "latitude": 42.693214416503906, "longitude": 23.359718322753906, "raw_occupancy": 2, "timestamp": "2026-09-15 16:05:24" }, "geometry": { "type": "Point", "coordinates": [ 23.359718322753906, 42.693214416503906 ] } },
{ "type": "Feature", "properties": { "vehicle_id": "A3151", "latitude": 42.667560577392578, "longitude": 23.3919677734375, "raw_occupancy": 1, "timestamp": "2026-09-15 16:05:24" }, "geometry": { "type": "Point", "coordinates": [ 23.3919677734375, 42.667560577392578 ] } },
{ "type": "Feature", "properties": { "vehicle_id": "A3150", "latitude": 42.680656433105469, "longitude": 23.306949615478516, "raw_occupancy": 1, "timestamp": "2026-09-15 16:05:24" }, "geometry": { "type": "Point", "coordinates": [ 23.306949615478516, 42.680656433105469 ] } },
{ "type": "Feature", "properties": { "vehicle_id": "A3651", "latitude": 42.635250091552734, "longitude": 23.404031753540039, "raw_occupancy": 1, "timestamp": "2026-09-15 16:05:24" }, "geometry": { "type": "Point", "coordinates": [ 23.404031753540039, 42.635250091552734 ] } },
{ "type": "Feature", "properties": { "vehicle_id": "A3159", "latitude": 42.662361145019531, "longitude": 23.376947402954102, "raw_occupancy": 3, "timestamp": "2026-09-15 16:05:24" }, "geometry": { "type": "Point", "coordinates": [ 23.376947402954102, 42.662361145019531 ] } },
{ "type": "Feature", "properties": { "vehicle_id": "A3126", "latitude": 42.693000793457031, "longitude": 23.35502815246582, "raw_occupancy": 2, "timestamp": "2026-09-15 16:05:24" }, "geometry": { "type": "Point", "coordinates": [ 23.35502815246582, 42.693000793457031 ] } },
{ "type": "Feature", "properties": { "vehicle_id": "A3659", "latitude": 42.671413421630859, "longitude": 23.393936157226562, "raw_occupancy": 1, "timestamp": "2026-09-15 16:05:24" }, "geometry": { "type": "Point", "coordinates": [ 23.393936157226562, 42.671413421630859 ] } },
{ "type": "Feature", "properties": { "vehicle_id": "A1168", "latitude": 42.648365020751953, "longitude": 23.410223007202148, "raw_occupancy": 0, "timestamp": "2026-09-15 16:05:24" }, "geometry": { "type": "Point", "coordinates": [ 23.410223007202148, 42.648365020751953 ] } },
{ "type": "Feature", "properties": { "vehicle_id": "A7091", "latitude": 42.710384368896484, "longitude": 23.431884765625, "raw_occupancy": 1, "timestamp": "2026-09-15 16:05:24" }, "geometry": { "type": "Point", "coordinates": [ 23.431884765625, 42.710384368896484 ] } },
{ "type": "Feature", "properties": { "vehicle_id": "A3621", "latitude": 42.675228118896484, "longitude": 23.396760940551758, "raw_occupancy": 1, "timestamp": "2026-09-15 16:05:24" }, "geometry": { "type": "Point", "coordinates": [ 23.396760940551758, 42.675228118896484 ] } },
{ "type": "Feature", "properties": { "vehicle_id": "A1605", "latitude": 42.690483093261719, "longitude": 23.254722595214844, "raw_occupancy": 2, "timestamp": "2026-09-15 16:05:24" }, "geometry": { "type": "Point", "coordinates": [ 23.254722595214844, 42.690483093261719 ] } },
{ "type": "Feature", "properties": { "vehicle_id": "A2018", "latitude": 42.683486938476562, "longitude": 23.321321487426758, "raw_occupancy": 1, "timestamp": "2026-09-15 16:05:24" }, "geometry": { "type": "Point", "coordinates": [ 23.321321487426758, 42.683486938476562 ] } },
{ "type": "Feature", "properties": { "vehicle_id": "A7155", "latitude": 42.709369659423828, "longitude": 23.396001815795898, "raw_occupancy": 2, "timestamp": "2026-09-15 16:05:24" }, "geometry": { "type": "Point", "coordinates": [ 23.396001815795898, 42.709369659423828 ] } },
{ "type": "Feature", "properties": { "vehicle_id": "A3147", "latitude": 42.656501770019531, "longitude": 23.385160446166992, "raw_occupancy": 2, "timestamp": "2026-09-15 16:05:24" }, "geometry": { "type": "Point", "coordinates": [ 23.385160446166992, 42.656501770019531 ] } },
{ "type": "Feature", "properties": { "vehicle_id": "A2025", "latitude": 42.655735015869141, "longitude": 23.349399566650391, "raw_occupancy": 3, "timestamp": "2026-09-15 16:05:24" }, "geometry": { "type": "Point", "coordinates": [ 23.349399566650391, 42.655735015869141 ] } },
{ "type": "Feature", "properties": { "vehicle_id": "A1405", "latitude": 42.649421691894531, "longitude": 23.261331558227539, "raw_occupancy": 2, "timestamp": "2026-09-15 16:05:24" }, "geometry": { "type": "Point", "coordinates": [ 23.261331558227539, 42.649421691894531 ] } },
{ "type": "Feature", "properties": { "vehicle_id": "A3613", "latitude": 42.675796508789062, "longitude": 23.401739120483398, "raw_occupancy": 1, "timestamp": "2026-09-15 16:05:24" }, "geometry": { "type": "Point", "coordinates": [ 23.401739120483398, 42.675796508789062 ] } },
{ "type": "Feature", "properties": { "vehicle_id": "A2062", "latitude": 42.683418273925781, "longitude": 23.363140106201172, "raw_occupancy": 3, "timestamp": "2026-09-15 16:05:24" }, "geometry": { "type": "Point", "coordinates": [ 23.363140106201172, 42.683418273925781 ] } },
{ "type": "Feature", "properties": { "vehicle_id": "A7191", "latitude": 42.715301513671875, "longitude": 23.350095748901367, "raw_occupancy": 2, "timestamp": "2026-09-15 16:05:24" }, "geometry": { "type": "Point", "coordinates": [ 23.350095748901367, 42.715301513671875 ] } },
{ "type": "Feature", "properties": { "vehicle_id": "A2605", "latitude": 42.713104248046875, "longitude": 23.380125045776367, "raw_occupancy": 0, "timestamp": "2026-09-15 16:05:24" }, "geometry": { "type": "Point", "coordinates": [ 23.380125045776367, 42.713104248046875 ] } },
{ "type": "Feature", "properties": { "vehicle_id": "A2727", "latitude": 42.8211669921875, "longitude": 23.362777709960938, "raw_occupancy": 0, "timestamp": "2026-09-15 16:05:24" }, "geometry": { "type": "Point", "coordinates": [ 23.362777709960938, 42.8211669921875 ] } },
{ "type": "Feature", "properties": { "vehicle_id": "A7059", "latitude": 42.710113525390625, "longitude": 23.387836456298828, "raw_occupancy": 2, "timestamp": "2026-09-15 16:05:24" }, "geometry": { "type": "Point", "coordinates": [ 23.387836456298828, 42.710113525390625 ] } },
{ "type": "Feature", "properties": { "vehicle_id": "A1618", "latitude": 42.684291839599609, "longitude": 23.371959686279297, "raw_occupancy": 2, "timestamp": "2026-09-15 16:05:24" }, "geometry": { "type": "Point", "coordinates": [ 23.371959686279297, 42.684291839599609 ] } },
{ "type": "Feature", "properties": { "vehicle_id": "A3134", "latitude": 42.713321685791016, "longitude": 23.314912796020508, "raw_occupancy": 1, "timestamp": "2026-09-15 16:05:24" }, "geometry": { "type": "Point", "coordinates": [ 23.314912796020508, 42.713321685791016 ] } },
{ "type": "Feature", "properties": { "vehicle_id": "A2305", "latitude": 42.713153839111328, "longitude": 23.315332412719727, "raw_occupancy": 2, "timestamp": "2026-09-15 16:05:24" }, "geometry": { "type": "Point", "coordinates": [ 23.315332412719727, 42.713153839111328 ] } },
{ "type": "Feature", "properties": { "vehicle_id": "A1223", "latitude": 42.638393402099609, "longitude": 23.375007629394531, "raw_occupancy": 1, "timestamp": "2026-09-15 16:05:24" }, "geometry": { "type": "Point", "coordinates": [ 23.375007629394531, 42.638393402099609 ] } },
{ "type": "Feature", "properties": { "vehicle_id": "A1313", "latitude": 42.676223754882812, "longitude": 23.280342102050781, "raw_occupancy": 1, "timestamp": "2026-09-15 16:05:24" }, "geometry": { "type": "Point", "coordinates": [ 23.280342102050781, 42.676223754882812 ] } },
{ "type": "Feature", "properties": { "vehicle_id": "A7055", "latitude": 42.738670349121094, "longitude": 23.506669998168945, "raw_occupancy": 2, "timestamp": "2026-09-15 16:05:24" }, "geometry": { "type": "Point", "coordinates": [ 23.506669998168945, 42.738670349121094 ] } },
{ "type": "Feature", "properties": { "vehicle_id": "A1125", "latitude": 42.754695892333984, "longitude": 23.212276458740234, "raw_occupancy": 2, "timestamp": "2026-09-15 16:05:24" }, "geometry": { "type": "Point", "coordinates": [ 23.212276458740234, 42.754695892333984 ] } },
{ "type": "Feature", "properties": { "vehicle_id": "A2319", "latitude": 42.691047668457031, "longitude": 23.338544845581055, "raw_occupancy": 1, "timestamp": "2026-09-15 16:05:24" }, "geometry": { "type": "Point", "coordinates": [ 23.338544845581055, 42.691047668457031 ] } },
{ "type": "Feature", "properties": { "vehicle_id": "A2515", "latitude": 42.696712493896484, "longitude": 23.359903335571289, "raw_occupancy": 1, "timestamp": "2026-09-15 16:05:24" }, "geometry": { "type": "Point", "coordinates": [ 23.359903335571289, 42.696712493896484 ] } },
{ "type": "Feature", "properties": { "vehicle_id": "A2034", "latitude": 42.710334777832031, "longitude": 23.384416580200195, "raw_occupancy": 1, "timestamp": "2026-09-15 16:05:24" }, "geometry": { "type": "Point", "coordinates": [ 23.384416580200195, 42.710334777832031 ] } },
{ "type": "Feature", "properties": { "vehicle_id": "A3410", "latitude": 42.682708740234375, "longitude": 23.301664352416992, "raw_occupancy": 1, "timestamp": "2026-09-15 16:05:24" }, "geometry": { "type": "Point", "coordinates": [ 23.301664352416992, 42.682708740234375 ] } },
{ "type": "Feature", "properties": { "vehicle_id": "A7043", "latitude": 42.841678619384766, "longitude": 23.323305130004883, "raw_occupancy": 0, "timestamp": "2026-09-15 16:05:24" }, "geometry": { "type": "Point", "coordinates": [ 23.323305130004883, 42.841678619384766 ] } },
{ "type": "Feature", "properties": { "vehicle_id": "A3014", "latitude": 42.680351257324219, "longitude": 23.374786376953125, "raw_occupancy": 1, "timestamp": "2026-09-15 16:05:24" }, "geometry": { "type": "Point", "coordinates": [ 23.374786376953125, 42.680351257324219 ] } },
{ "type": "Feature", "properties": { "vehicle_id": "A1807", "latitude": 42.696880340576172, "longitude": 23.264875411987305, "raw_occupancy": 3, "timestamp": "2026-09-15 16:05:24" }, "geometry": { "type": "Point", "coordinates": [ 23.264875411987305, 42.696880340576172 ] } },
{ "type": "Feature", "properties": { "vehicle_id": "A1861", "latitude": 42.719806671142578, "longitude": 23.239665985107422, "raw_occupancy": 5, "timestamp": "2026-09-15 16:05:24" }, "geometry": { "type": "Point", "coordinates": [ 23.239665985107422, 42.719806671142578 ] } },
{ "type": "Feature", "properties": { "vehicle_id": "A7151", "latitude": 42.713897705078125, "longitude": 23.31303596496582, "raw_occupancy": 1, "timestamp": "2026-09-15 16:05:24" }, "geometry": { "type": "Point", "coordinates": [ 23.31303596496582, 42.713897705078125 ] } },
{ "type": "Feature", "properties": { "vehicle_id": "A2023", "latitude": 42.703086853027344, "longitude": 23.363990783691406, "raw_occupancy": 1, "timestamp": "2026-09-15 16:05:24" }, "geometry": { "type": "Point", "coordinates": [ 23.363990783691406, 42.703086853027344 ] } },
{ "type": "Feature", "properties": { "vehicle_id": "A2038", "latitude": 42.653591156005859, "longitude": 23.347164154052734, "raw_occupancy": 1, "timestamp": "2026-09-15 16:05:24" }, "geometry": { "type": "Point", "coordinates": [ 23.347164154052734, 42.653591156005859 ] } },
{ "type": "Feature", "properties": { "vehicle_id": "A2310", "latitude": 42.653713226318359, "longitude": 23.344871520996094, "raw_occupancy": 2, "timestamp": "2026-09-15 16:05:24" }, "geometry": { "type": "Point", "coordinates": [ 23.344871520996094, 42.653713226318359 ] } },
{ "type": "Feature", "properties": { "vehicle_id": "A7041", "latitude": 42.819236755371094, "longitude": 23.250528335571289, "raw_occupancy": 1, "timestamp": "2026-09-15 16:05:24" }, "geometry": { "type": "Point", "coordinates": [ 23.250528335571289, 42.819236755371094 ] } },
{ "type": "Feature", "properties": { "vehicle_id": "A1165", "latitude": 42.733589172363281, "longitude": 23.308887481689453, "raw_occupancy": 1, "timestamp": "2026-09-15 16:05:24" }, "geometry": { "type": "Point", "coordinates": [ 23.308887481689453, 42.733589172363281 ] } },
{ "type": "Feature", "properties": { "vehicle_id": "A1184", "latitude": 42.648319244384766, "longitude": 23.335384368896484, "raw_occupancy": 1, "timestamp": "2026-09-15 16:05:24" }, "geometry": { "type": "Point", "coordinates": [ 23.335384368896484, 42.648319244384766 ] } },
{ "type": "Feature", "properties": { "vehicle_id": "A2059", "latitude": 42.701862335205078, "longitude": 23.350393295288086, "raw_occupancy": 1, "timestamp": "2026-09-15 16:05:24" }, "geometry": { "type": "Point", "coordinates": [ 23.350393295288086, 42.701862335205078 ] } },
{ "type": "Feature", "properties": { "vehicle_id": "A3700", "latitude": 42.679496765136719, "longitude": 23.464834213256836, "raw_occupancy": 1, "timestamp": "2026-09-15 16:05:24" }, "geometry": { "type": "Point", "coordinates": [ 23.464834213256836, 42.679496765136719 ] } },
{ "type": "Feature", "properties": { "vehicle_id": "A2075", "latitude": 42.633392333984375, "longitude": 23.44481086730957, "raw_occupancy": 2, "timestamp": "2026-09-15 16:05:24" }, "geometry": { "type": "Point", "coordinates": [ 23.44481086730957, 42.633392333984375 ] } },
{ "type": "Feature", "properties": { "vehicle_id": "A1831", "latitude": 42.719402313232422, "longitude": 23.25465202331543, "raw_occupancy": 2, "timestamp": "2026-09-15 16:05:24" }, "geometry": { "type": "Point", "coordinates": [ 23.25465202331543, 42.719402313232422 ] } },
{ "type": "Feature", "properties": { "vehicle_id": "A7123", "latitude": 42.746555328369141, "longitude": 23.507577896118164, "raw_occupancy": 1, "timestamp": "2026-09-15 16:05:24" }, "geometry": { "type": "Point", "coordinates": [ 23.507577896118164, 42.746555328369141 ] } },
{ "type": "Feature", "properties": { "vehicle_id": "A3018", "latitude": 42.695945739746094, "longitude": 23.362167358398438, "raw_occupancy": 2, "timestamp": "2026-09-15 16:05:24" }, "geometry": { "type": "Point", "coordinates": [ 23.362167358398438, 42.695945739746094 ] } },
{ "type": "Feature", "properties": { "vehicle_id": "A2733", "latitude": 42.742221832275391, "longitude": 23.277750015258789, "raw_occupancy": 1, "timestamp": "2026-09-15 16:05:24" }, "geometry": { "type": "Point", "coordinates": [ 23.277750015258789, 42.742221832275391 ] } },
{ "type": "Feature", "properties": { "vehicle_id": "A3140", "latitude": 42.715950012207031, "longitude": 23.309907913208008, "raw_occupancy": 1, "timestamp": "2026-09-15 16:05:24" }, "geometry": { "type": "Point", "coordinates": [ 23.309907913208008, 42.715950012207031 ] } },
{ "type": "Feature", "properties": { "vehicle_id": "A2301", "latitude": 42.642917633056641, "longitude": 23.343587875366211, "raw_occupancy": 0, "timestamp": "2026-09-15 16:05:24" }, "geometry": { "type": "Point", "coordinates": [ 23.343587875366211, 42.642917633056641 ] } },
{ "type": "Feature", "properties": { "vehicle_id": "A2316", "latitude": 42.687168121337891, "longitude": 23.342435836791992, "raw_occupancy": 2, "timestamp": "2026-09-15 16:05:24" }, "geometry": { "type": "Point", "coordinates": [ 23.342435836791992, 42.687168121337891 ] } },
{ "type": "Feature", "properties": { "vehicle_id": "A1153", "latitude": 42.733486175537109, "longitude": 23.305492401123047, "raw_occupancy": 0, "timestamp": "2026-09-15 16:05:24" }, "geometry": { "type": "Point", "coordinates": [ 23.305492401123047, 42.733486175537109 ] } },
{ "type": "Feature", "properties": { "vehicle_id": "A7143", "latitude": 42.757938385009766, "longitude": 23.399404525756836, "raw_occupancy": 1, "timestamp": "2026-09-15 16:05:24" }, "geometry": { "type": "Point", "coordinates": [ 23.399404525756836, 42.757938385009766 ] } },
{ "type": "Feature", "properties": { "vehicle_id": "A2318", "latitude": 42.66082763671875, "longitude": 23.358863830566406, "raw_occupancy": 3, "timestamp": "2026-09-15 16:05:24" }, "geometry": { "type": "Point", "coordinates": [ 23.358863830566406, 42.66082763671875 ] } },
{ "type": "Feature", "properties": { "vehicle_id": "A2061", "latitude": 42.718090057373047, "longitude": 23.278076171875, "raw_occupancy": 2, "timestamp": "2026-09-15 16:05:24" }, "geometry": { "type": "Point", "coordinates": [ 23.278076171875, 42.718090057373047 ] } },
{ "type": "Feature", "properties": { "vehicle_id": "A1213", "latitude": 42.726303100585938, "longitude": 23.261491775512695, "raw_occupancy": 2, "timestamp": "2026-09-15 16:05:24" }, "geometry": { "type": "Point", "coordinates": [ 23.261491775512695, 42.726303100585938 ] } },
{ "type": "Feature", "properties": { "vehicle_id": "A3600", "latitude": 42.664760589599609, "longitude": 23.459783554077148, "raw_occupancy": 1, "timestamp": "2026-09-15 16:05:24" }, "geometry": { "type": "Point", "coordinates": [ 23.459783554077148, 42.664760589599609 ] } },
{ "type": "Feature", "properties": { "vehicle_id": "A3114", "latitude": 42.701656341552734, "longitude": 23.339792251586914, "raw_occupancy": 2, "timestamp": "2026-09-15 16:05:24" }, "geometry": { "type": "Point", "coordinates": [ 23.339792251586914, 42.701656341552734 ] } },
{ "type": "Feature", "properties": { "vehicle_id": "A1413", "latitude": 42.665340423583984, "longitude": 23.259714126586914, "raw_occupancy": 2, "timestamp": "2026-09-15 16:05:24" }, "geometry": { "type": "Point", "coordinates": [ 23.259714126586914, 42.665340423583984 ] } },
{ "type": "Feature", "properties": { "vehicle_id": "A2313", "latitude": 42.667938232421875, "longitude": 23.366561889648438, "raw_occupancy": 3, "timestamp": "2026-09-15 16:05:24" }, "geometry": { "type": "Point", "coordinates": [ 23.366561889648438, 42.667938232421875 ] } },
{ "type": "Feature", "properties": { "vehicle_id": "A2027", "latitude": 42.700874328613281, "longitude": 23.351177215576172, "raw_occupancy": 2, "timestamp": "2026-09-15 16:05:24" }, "geometry": { "type": "Point", "coordinates": [ 23.351177215576172, 42.700874328613281 ] } },
{ "type": "Feature", "properties": { "vehicle_id": "A1421", "latitude": 42.662784576416016, "longitude": 23.28619384765625, "raw_occupancy": 3, "timestamp": "2026-09-15 16:05:24" }, "geometry": { "type": "Point", "coordinates": [ 23.28619384765625, 42.662784576416016 ] } },
{ "type": "Feature", "properties": { "vehicle_id": "A1161", "latitude": 42.641181945800781, "longitude": 23.314067840576172, "raw_occupancy": 2, "timestamp": "2026-09-15 16:05:24" }, "geometry": { "type": "Point", "coordinates": [ 23.314067840576172, 42.641181945800781 ] } },
{ "type": "Feature", "properties": { "vehicle_id": "A1869", "latitude": 42.709911346435547, "longitude": 23.144929885864258, "raw_occupancy": 0, "timestamp": "2026-09-15 16:05:24" }, "geometry": { "type": "Point", "coordinates": [ 23.144929885864258, 42.709911346435547 ] } },
{ "type": "Feature", "properties": { "vehicle_id": "A7171", "latitude": 42.711616516113281, "longitude": 23.192024230957031, "raw_occupancy": 1, "timestamp": "2026-09-15 16:05:24" }, "geometry": { "type": "Point", "coordinates": [ 23.192024230957031, 42.711616516113281 ] } },
{ "type": "Feature", "properties": { "vehicle_id": "A1160", "latitude": 42.658504486083984, "longitude": 23.34393310546875, "raw_occupancy": 2, "timestamp": "2026-09-15 16:05:24" }, "geometry": { "type": "Point", "coordinates": [ 23.34393310546875, 42.658504486083984 ] } },
{ "type": "Feature", "properties": { "vehicle_id": "A1126", "latitude": 42.666046142578125, "longitude": 23.285659790039062, "raw_occupancy": 1, "timestamp": "2026-09-15 16:05:24" }, "geometry": { "type": "Point", "coordinates": [ 23.285659790039062, 42.666046142578125 ] } },
{ "type": "Feature", "properties": { "vehicle_id": "A2077", "latitude": 42.763412475585938, "longitude": 23.355600357055664, "raw_occupancy": 1, "timestamp": "2026-09-15 16:05:24" }, "geometry": { "type": "Point", "coordinates": [ 23.355600357055664, 42.763412475585938 ] } },
{ "type": "Feature", "properties": { "vehicle_id": "A2317", "latitude": 42.647994995117188, "longitude": 23.34156608581543, "raw_occupancy": 2, "timestamp": "2026-09-15 16:05:24" }, "geometry": { "type": "Point", "coordinates": [ 23.34156608581543, 42.647994995117188 ] } },
{ "type": "Feature", "properties": { "vehicle_id": "A1603", "latitude": 42.67529296875, "longitude": 23.249805450439453, "raw_occupancy": 2, "timestamp": "2026-09-15 16:05:24" }, "geometry": { "type": "Point", "coordinates": [ 23.249805450439453, 42.67529296875 ] } },
{ "type": "Feature", "properties": { "vehicle_id": "A1610", "latitude": 42.718135833740234, "longitude": 23.253353118896484, "raw_occupancy": 1, "timestamp": "2026-09-15 16:05:24" }, "geometry": { "type": "Point", "coordinates": [ 23.253353118896484, 42.718135833740234 ] } },
{ "type": "Feature", "properties": { "vehicle_id": "A7125", "latitude": 42.788928985595703, "longitude": 23.398303985595703, "raw_occupancy": 1, "timestamp": "2026-09-15 16:05:24" }, "geometry": { "type": "Point", "coordinates": [ 23.398303985595703, 42.788928985595703 ] } },
{ "type": "Feature", "properties": { "vehicle_id": "A7185", "latitude": 42.704334259033203, "longitude": 23.386455535888672, "raw_occupancy": 0, "timestamp": "2026-09-15 16:05:24" }, "geometry": { "type": "Point", "coordinates": [ 23.386455535888672, 42.704334259033203 ] } },
{ "type": "Feature", "properties": { "vehicle_id": "A7085", "latitude": 42.708816528320312, "longitude": 23.435598373413086, "raw_occupancy": 1, "timestamp": "2026-09-15 16:05:24" }, "geometry": { "type": "Point", "coordinates": [ 23.435598373413086, 42.708816528320312 ] } },
{ "type": "Feature", "properties": { "vehicle_id": "A2070", "latitude": 42.677772521972656, "longitude": 23.37022590637207, "raw_occupancy": 1, "timestamp": "2026-09-15 16:05:24" }, "geometry": { "type": "Point", "coordinates": [ 23.37022590637207, 42.677772521972656 ] } },
{ "type": "Feature", "properties": { "vehicle_id": "A1426", "latitude": 42.717693328857422, "longitude": 23.234079360961914, "raw_occupancy": 3, "timestamp": "2026-09-15 16:05:24" }, "geometry": { "type": "Point", "coordinates": [ 23.234079360961914, 42.717693328857422 ] } },
{ "type": "Feature", "properties": { "vehicle_id": "A3143", "latitude": 42.665382385253906, "longitude": 23.287618637084961, "raw_occupancy": 0, "timestamp": "2026-09-15 16:05:24" }, "geometry": { "type": "Point", "coordinates": [ 23.287618637084961, 42.665382385253906 ] } },
{ "type": "Feature", "properties": { "vehicle_id": "A7153", "latitude": 42.778682708740234, "longitude": 23.274099349975586, "raw_occupancy": 1, "timestamp": "2026-09-15 16:05:24" }, "geometry": { "type": "Point", "coordinates": [ 23.274099349975586, 42.778682708740234 ] } },
{ "type": "Feature", "properties": { "vehicle_id": "A3650", "latitude": 42.547946929931641, "longitude": 23.361198425292969, "raw_occupancy": 1, "timestamp": "2026-09-15 16:05:24" }, "geometry": { "type": "Point", "coordinates": [ 23.361198425292969, 42.547946929931641 ] } },
{ "type": "Feature", "properties": { "vehicle_id": "A1849", "latitude": 42.723312377929688, "longitude": 23.24803352355957, "raw_occupancy": 1, "timestamp": "2026-09-15 16:05:24" }, "geometry": { "type": "Point", "coordinates": [ 23.24803352355957, 42.723312377929688 ] } },
{ "type": "Feature", "properties": { "vehicle_id": "A2055", "latitude": 42.705986022949219, "longitude": 23.313591003417969, "raw_occupancy": 1, "timestamp": "2026-09-15 16:05:24" }, "geometry": { "type": "Point", "coordinates": [ 23.313591003417969, 42.705986022949219 ] } },
{ "type": "Feature", "properties": { "vehicle_id": "A3145", "latitude": 42.686656951904297, "longitude": 23.332004547119141, "raw_occupancy": 2, "timestamp": "2026-09-15 16:05:24" }, "geometry": { "type": "Point", "coordinates": [ 23.332004547119141, 42.686656951904297 ] } },
{ "type": "Feature", "properties": { "vehicle_id": "A2028", "latitude": 42.705020904541016, "longitude": 23.357669830322266, "raw_occupancy": 2, "timestamp": "2026-09-15 16:05:24" }, "geometry": { "type": "Point", "coordinates": [ 23.357669830322266, 42.705020904541016 ] } },
{ "type": "Feature", "properties": { "vehicle_id": "A1607", "latitude": 42.705112457275391, "longitude": 23.298591613769531, "raw_occupancy": 1, "timestamp": "2026-09-15 16:05:24" }, "geometry": { "type": "Point", "coordinates": [ 23.298591613769531, 42.705112457275391 ] } },
{ "type": "Feature", "properties": { "vehicle_id": "A2024", "latitude": 42.693477630615234, "longitude": 23.33978271484375, "raw_occupancy": 0, "timestamp": "2026-09-15 16:05:24" }, "geometry": { "type": "Point", "coordinates": [ 23.33978271484375, 42.693477630615234 ] } },
{ "type": "Feature", "properties": { "vehicle_id": "A1185", "latitude": 42.675605773925781, "longitude": 23.315410614013672, "raw_occupancy": 1, "timestamp": "2026-09-15 16:05:24" }, "geometry": { "type": "Point", "coordinates": [ 23.315410614013672, 42.675605773925781 ] } },
{ "type": "Feature", "properties": { "vehicle_id": "A1127", "latitude": 42.739162445068359, "longitude": 23.23985481262207, "raw_occupancy": 1, "timestamp": "2026-09-15 16:05:24" }, "geometry": { "type": "Point", "coordinates": [ 23.23985481262207, 42.739162445068359 ] } },
{ "type": "Feature", "properties": { "vehicle_id": "A3400", "latitude": 42.680900573730469, "longitude": 23.400697708129883, "raw_occupancy": 1, "timestamp": "2026-09-15 16:05:24" }, "geometry": { "type": "Point", "coordinates": [ 23.400697708129883, 42.680900573730469 ] } },
{ "type": "Feature", "properties": { "vehicle_id": "A3154", "latitude": 42.684455871582031, "longitude": 23.324113845825195, "raw_occupancy": 2, "timestamp": "2026-09-15 16:05:24" }, "geometry": { "type": "Point", "coordinates": [ 23.324113845825195, 42.684455871582031 ] } },
{ "type": "Feature", "properties": { "vehicle_id": "A1183", "latitude": 42.689720153808594, "longitude": 23.248937606811523, "raw_occupancy": 1, "timestamp": "2026-09-15 16:05:24" }, "geometry": { "type": "Point", "coordinates": [ 23.248937606811523, 42.689720153808594 ] } },
{ "type": "Feature", "properties": { "vehicle_id": "A1170", "latitude": 42.659687042236328, "longitude": 23.317071914672852, "raw_occupancy": 1, "timestamp": "2026-09-15 16:05:24" }, "geometry": { "type": "Point", "coordinates": [ 23.317071914672852, 42.659687042236328 ] } },
{ "type": "Feature", "properties": { "vehicle_id": "A2518", "latitude": 42.626079559326172, "longitude": 23.44633674621582, "raw_occupancy": 1, "timestamp": "2026-09-15 16:05:24" }, "geometry": { "type": "Point", "coordinates": [ 23.44633674621582, 42.626079559326172 ] } },
{ "type": "Feature", "properties": { "vehicle_id": "A1155", "latitude": 42.656841278076172, "longitude": 23.395963668823242, "raw_occupancy": 3, "timestamp": "2026-09-15 16:05:24" }, "geometry": { "type": "Point", "coordinates": [ 23.395963668823242, 42.656841278076172 ] } },
{ "type": "Feature", "properties": { "vehicle_id": "A7113", "latitude": 42.732139587402344, "longitude": 23.296348571777344, "raw_occupancy": 2, "timestamp": "2026-09-15 16:05:24" }, "geometry": { "type": "Point", "coordinates": [ 23.296348571777344, 42.732139587402344 ] } },
{ "type": "Feature", "properties": { "vehicle_id": "A2825", "latitude": 42.708595275878906, "longitude": 23.332124710083008, "raw_occupancy": 2, "timestamp": "2026-09-15 16:05:24" }, "geometry": { "type": "Point", "coordinates": [ 23.332124710083008, 42.708595275878906 ] } },
{ "type": "Feature", "properties": { "vehicle_id": "A2015", "latitude": 42.706020355224609, "longitude": 23.313074111938477, "raw_occupancy": 1, "timestamp": "2026-09-15 16:05:24" }, "geometry": { "type": "Point", "coordinates": [ 23.313074111938477, 42.706020355224609 ] } },
{ "type": "Feature", "properties": { "vehicle_id": "A3127", "latitude": 42.646671295166016, "longitude": 23.376167297363281, "raw_occupancy": 1, "timestamp": "2026-09-15 16:05:24" }, "geometry": { "type": "Point", "coordinates": [ 23.376167297363281, 42.646671295166016 ] } },
{ "type": "Feature", "properties": { "vehicle_id": "A7163", "latitude": 42.780284881591797, "longitude": 23.515167236328125, "raw_occupancy": 1, "timestamp": "2026-09-15 16:05:24" }, "geometry": { "type": "Point", "coordinates": [ 23.515167236328125, 42.780284881591797 ] } },
{ "type": "Feature", "properties": { "vehicle_id": "A2050", "latitude": 42.727016448974609, "longitude": 23.261476516723633, "raw_occupancy": 1, "timestamp": "2026-09-15 16:05:24" }, "geometry": { "type": "Point", "coordinates": [ 23.261476516723633, 42.727016448974609 ] } },
{ "type": "Feature", "properties": { "vehicle_id": "A3146", "latitude": 42.675518035888672, "longitude": 23.358814239501953, "raw_occupancy": 1, "timestamp": "2026-09-15 16:05:24" }, "geometry": { "type": "Point", "coordinates": [ 23.358814239501953, 42.675518035888672 ] } },
{ "type": "Feature", "properties": { "vehicle_id": "A3136", "latitude": 42.704845428466797, "longitude": 23.333955764770508, "raw_occupancy": 2, "timestamp": "2026-09-15 16:05:24" }, "geometry": { "type": "Point", "coordinates": [ 23.333955764770508, 42.704845428466797 ] } },
{ "type": "Feature", "properties": { "vehicle_id": "A3111", "latitude": 42.667854309082031, "longitude": 23.32722282409668, "raw_occupancy": 2, "timestamp": "2026-09-15 16:05:24" }, "geometry": { "type": "Point", "coordinates": [ 23.32722282409668, 42.667854309082031 ] } },
{ "type": "Feature", "properties": { "vehicle_id": "A3656", "latitude": 42.663326263427734, "longitude": 23.389499664306641, "raw_occupancy": 1, "timestamp": "2026-09-15 16:05:24" }, "geometry": { "type": "Point", "coordinates": [ 23.389499664306641, 42.663326263427734 ] } },
{ "type": "Feature", "properties": { "vehicle_id": "A2078", "latitude": 42.577381134033203, "longitude": 23.4146728515625, "raw_occupancy": 1, "timestamp": "2026-09-15 16:05:24" }, "geometry": { "type": "Point", "coordinates": [ 23.4146728515625, 42.577381134033203 ] } },
{ "type": "Feature", "properties": { "vehicle_id": "A3133", "latitude": 42.650161743164062, "longitude": 23.357833862304688, "raw_occupancy": 2, "timestamp": "2026-09-15 16:05:24" }, "geometry": { "type": "Point", "coordinates": [ 23.357833862304688, 42.650161743164062 ] } },
{ "type": "Feature", "properties": { "vehicle_id": "A3135", "latitude": 42.661762237548828, "longitude": 23.353477478027344, "raw_occupancy": 2, "timestamp": "2026-09-15 16:05:24" }, "geometry": { "type": "Point", "coordinates": [ 23.353477478027344, 42.661762237548828 ] } },
{ "type": "Feature", "properties": { "vehicle_id": "A7051", "latitude": 42.753086090087891, "longitude": 23.558038711547852, "raw_occupancy": 2, "timestamp": "2026-09-15 16:05:24" }, "geometry": { "type": "Point", "coordinates": [ 23.558038711547852, 42.753086090087891 ] } },
{ "type": "Feature", "properties": { "vehicle_id": "A2165", "latitude": 42.706314086914062, "longitude": 23.334836959838867, "raw_occupancy": 1, "timestamp": "2026-09-15 16:05:24" }, "geometry": { "type": "Point", "coordinates": [ 23.334836959838867, 42.706314086914062 ] } },
{ "type": "Feature", "properties": { "vehicle_id": "A2722", "latitude": 42.804969787597656, "longitude": 23.378536224365234, "raw_occupancy": 0, "timestamp": "2026-09-15 16:05:24" }, "geometry": { "type": "Point", "coordinates": [ 23.378536224365234, 42.804969787597656 ] } },
{ "type": "Feature", "properties": { "vehicle_id": "A3625", "latitude": 42.653961181640625, "longitude": 23.464727401733398, "raw_occupancy": 0, "timestamp": "2026-09-15 16:05:24" }, "geometry": { "type": "Point", "coordinates": [ 23.464727401733398, 42.653961181640625 ] } },
{ "type": "Feature", "properties": { "vehicle_id": "A1037", "latitude": 42.656337738037109, "longitude": 23.327978134155273, "raw_occupancy": 5, "timestamp": "2026-09-15 16:05:24" }, "geometry": { "type": "Point", "coordinates": [ 23.327978134155273, 42.656337738037109 ] } },
{ "type": "Feature", "properties": { "vehicle_id": "A2085", "latitude": 42.617244720458984, "longitude": 23.33629035949707, "raw_occupancy": 2, "timestamp": "2026-09-15 16:05:24" }, "geometry": { "type": "Point", "coordinates": [ 23.33629035949707, 42.617244720458984 ] } },
{ "type": "Feature", "properties": { "vehicle_id": "A2036", "latitude": 42.674724578857422, "longitude": 23.333858489990234, "raw_occupancy": 4, "timestamp": "2026-09-15 16:05:24" }, "geometry": { "type": "Point", "coordinates": [ 23.333858489990234, 42.674724578857422 ] } },
{ "type": "Feature", "properties": { "vehicle_id": "A1609", "latitude": 42.694324493408203, "longitude": 23.293205261230469, "raw_occupancy": 1, "timestamp": "2026-09-15 16:05:24" }, "geometry": { "type": "Point", "coordinates": [ 23.293205261230469, 42.694324493408203 ] } },
{ "type": "Feature", "properties": { "vehicle_id": "A1217", "latitude": 42.7269287109375, "longitude": 23.261592864990234, "raw_occupancy": 2, "timestamp": "2026-09-15 16:05:24" }, "geometry": { "type": "Point", "coordinates": [ 23.261592864990234, 42.7269287109375 ] } },
{ "type": "Feature", "properties": { "vehicle_id": "A1608", "latitude": 42.662887573242188, "longitude": 23.286611557006836, "raw_occupancy": 2, "timestamp": "2026-09-15 16:05:24" }, "geometry": { "type": "Point", "coordinates": [ 23.286611557006836, 42.662887573242188 ] } },
{ "type": "Feature", "properties": { "vehicle_id": "A2033", "latitude": 42.665134429931641, "longitude": 23.318456649780273, "raw_occupancy": 2, "timestamp": "2026-09-15 16:05:24" }, "geometry": { "type": "Point", "coordinates": [ 23.318456649780273, 42.665134429931641 ] } },
{ "type": "Feature", "properties": { "vehicle_id": "A1176", "latitude": 42.699481964111328, "longitude": 23.315813064575195, "raw_occupancy": 1, "timestamp": "2026-09-15 16:05:24" }, "geometry": { "type": "Point", "coordinates": [ 23.315813064575195, 42.699481964111328 ] } },
{ "type": "Feature", "properties": { "vehicle_id": "A3626", "latitude": 42.698818206787109, "longitude": 23.350570678710938, "raw_occupancy": 2, "timestamp": "2026-09-15 16:05:24" }, "geometry": { "type": "Point", "coordinates": [ 23.350570678710938, 42.698818206787109 ] } },
{ "type": "Feature", "properties": { "vehicle_id": "A1825", "latitude": 42.702384948730469, "longitude": 23.285810470581055, "raw_occupancy": 3, "timestamp": "2026-09-15 16:05:24" }, "geometry": { "type": "Point", "coordinates": [ 23.285810470581055, 42.702384948730469 ] } },
{ "type": "Feature", "properties": { "vehicle_id": "A7173", "latitude": 42.705417633056641, "longitude": 23.324241638183594, "raw_occupancy": 1, "timestamp": "2026-09-15 16:05:24" }, "geometry": { "type": "Point", "coordinates": [ 23.324241638183594, 42.705417633056641 ] } },
{ "type": "Feature", "properties": { "vehicle_id": "A2312", "latitude": 42.653774261474609, "longitude": 23.343547821044922, "raw_occupancy": 1, "timestamp": "2026-09-15 16:05:24" }, "geometry": { "type": "Point", "coordinates": [ 23.343547821044922, 42.653774261474609 ] } },
{ "type": "Feature", "properties": { "vehicle_id": "A3017", "latitude": 42.678115844726562, "longitude": 23.370323181152344, "raw_occupancy": 1, "timestamp": "2026-09-15 16:05:24" }, "geometry": { "type": "Point", "coordinates": [ 23.370323181152344, 42.678115844726562 ] } },
{ "type": "Feature", "properties": { "vehicle_id": "A3610", "latitude": 42.624099731445312, "longitude": 23.374832153320312, "raw_occupancy": 2, "timestamp": "2026-09-15 16:05:24" }, "geometry": { "type": "Point", "coordinates": [ 23.374832153320312, 42.624099731445312 ] } },
{ "type": "Feature", "properties": { "vehicle_id": "A2078", "latitude": 42.576915740966797, "longitude": 23.414365768432617, "raw_occupancy": 1, "timestamp": "2026-09-15 16:05:24" }, "geometry": { "type": "Point", "coordinates": [ 23.414365768432617, 42.576915740966797 ] } },
{ "type": "Feature", "properties": { "vehicle_id": "A7095", "latitude": 42.708961486816406, "longitude": 23.467397689819336, "raw_occupancy": 1, "timestamp": "2026-09-15 16:05:24" }, "geometry": { "type": "Point", "coordinates": [ 23.467397689819336, 42.708961486816406 ] } },
{ "type": "Feature", "properties": { "vehicle_id": "A7129", "latitude": 42.757026672363281, "longitude": 23.560039520263672, "raw_occupancy": 1, "timestamp": "2026-09-15 16:05:24" }, "geometry": { "type": "Point", "coordinates": [ 23.560039520263672, 42.757026672363281 ] } },
{ "type": "Feature", "properties": { "vehicle_id": "A3620", "latitude": 42.621768951416016, "longitude": 23.369808197021484, "raw_occupancy": 1, "timestamp": "2026-09-15 16:05:24" }, "geometry": { "type": "Point", "coordinates": [ 23.369808197021484, 42.621768951416016 ] } },
{ "type": "Feature", "properties": { "vehicle_id": "A3015", "latitude": 42.671413421630859, "longitude": 23.382236480712891, "raw_occupancy": 1, "timestamp": "2026-09-15 16:05:24" }, "geometry": { "type": "Point", "coordinates": [ 23.382236480712891, 42.671413421630859 ] } },
{ "type": "Feature", "properties": { "vehicle_id": "A1310", "latitude": 42.720394134521484, "longitude": 23.096611022949219, "raw_occupancy": 0, "timestamp": "2026-09-15 16:05:24" }, "geometry": { "type": "Point", "coordinates": [ 23.096611022949219, 42.720394134521484 ] } },
{ "type": "Feature", "properties": { "vehicle_id": "A3112", "latitude": 42.65997314453125, "longitude": 23.380905151367188, "raw_occupancy": 2, "timestamp": "2026-09-15 16:05:24" }, "geometry": { "type": "Point", "coordinates": [ 23.380905151367188, 42.65997314453125 ] } },
{ "type": "Feature", "properties": { "vehicle_id": "A2309", "latitude": 42.652904510498047, "longitude": 23.347400665283203, "raw_occupancy": 1, "timestamp": "2026-09-15 16:05:24" }, "geometry": { "type": "Point", "coordinates": [ 23.347400665283203, 42.652904510498047 ] } },
{ "type": "Feature", "properties": { "vehicle_id": "A1805", "latitude": 42.671634674072266, "longitude": 23.251861572265625, "raw_occupancy": 1, "timestamp": "2026-09-15 16:05:24" }, "geometry": { "type": "Point", "coordinates": [ 23.251861572265625, 42.671634674072266 ] } },
{ "type": "Feature", "properties": { "vehicle_id": "A7151", "latitude": 42.712627410888672, "longitude": 23.31281852722168, "raw_occupancy": 3, "timestamp": "2026-09-15 16:05:24" }, "geometry": { "type": "Point", "coordinates": [ 23.31281852722168, 42.712627410888672 ] } },
{ "type": "Feature", "properties": { "vehicle_id": "A1839", "latitude": 42.71466064453125, "longitude": 23.306087493896484, "raw_occupancy": 2, "timestamp": "2026-09-15 16:05:24" }, "geometry": { "type": "Point", "coordinates": [ 23.306087493896484, 42.71466064453125 ] } },
{ "type": "Feature", "properties": { "vehicle_id": "A3603", "latitude": 42.713115692138672, "longitude": 23.40275764465332, "raw_occupancy": 0, "timestamp": "2026-09-15 16:05:24" }, "geometry": { "type": "Point", "coordinates": [ 23.40275764465332, 42.713115692138672 ] } },
{ "type": "Feature", "properties": { "vehicle_id": "A2314", "latitude": 42.663249969482422, "longitude": 23.344703674316406, "raw_occupancy": 2, "timestamp": "2026-09-15 16:05:24" }, "geometry": { "type": "Point", "coordinates": [ 23.344703674316406, 42.663249969482422 ] } },
{ "type": "Feature", "properties": { "vehicle_id": "A2026", "latitude": 42.710445404052734, "longitude": 23.379995346069336, "raw_occupancy": 1, "timestamp": "2026-09-15 16:05:24" }, "geometry": { "type": "Point", "coordinates": [ 23.379995346069336, 42.710445404052734 ] } },
{ "type": "Feature", "properties": { "vehicle_id": "A1601", "latitude": 42.690345764160156, "longitude": 23.254154205322266, "raw_occupancy": 2, "timestamp": "2026-09-15 16:05:24" }, "geometry": { "type": "Point", "coordinates": [ 23.254154205322266, 42.690345764160156 ] } },
{ "type": "Feature", "properties": { "vehicle_id": "A3131", "latitude": 42.662178039550781, "longitude": 23.295759201049805, "raw_occupancy": 0, "timestamp": "2026-09-15 16:05:24" }, "geometry": { "type": "Point", "coordinates": [ 23.295759201049805, 42.662178039550781 ] } },
{ "type": "Feature", "properties": { "vehicle_id": "A3109", "latitude": 42.701789855957031, "longitude": 23.339473724365234, "raw_occupancy": 1, "timestamp": "2026-09-15 16:05:24" }, "geometry": { "type": "Point", "coordinates": [ 23.339473724365234, 42.701789855957031 ] } },
{ "type": "Feature", "properties": { "vehicle_id": "A1216", "latitude": 42.734886169433594, "longitude": 23.270360946655273, "raw_occupancy": 2, "timestamp": "2026-09-15 16:05:24" }, "geometry": { "type": "Point", "coordinates": [ 23.270360946655273, 42.734886169433594 ] } },
{ "type": "Feature", "properties": { "vehicle_id": "A3614", "latitude": 42.586780548095703, "longitude": 23.420612335205078, "raw_occupancy": 1, "timestamp": "2026-09-15 16:05:24" }, "geometry": { "type": "Point", "coordinates": [ 23.420612335205078, 42.586780548095703 ] } },
{ "type": "Feature", "properties": { "vehicle_id": "A7161", "latitude": 42.807262420654297, "longitude": 23.348648071289062, "raw_occupancy": 3, "timestamp": "2026-09-15 16:05:24" }, "geometry": { "type": "Point", "coordinates": [ 23.348648071289062, 42.807262420654297 ] } },
{ "type": "Feature", "properties": { "vehicle_id": "A3128", "latitude": 42.659862518310547, "longitude": 23.348171234130859, "raw_occupancy": 1, "timestamp": "2026-09-15 16:05:24" }, "geometry": { "type": "Point", "coordinates": [ 23.348171234130859, 42.659862518310547 ] } },
{ "type": "Feature", "properties": { "vehicle_id": "A2044", "latitude": 42.702426910400391, "longitude": 23.360689163208008, "raw_occupancy": 3, "timestamp": "2026-09-15 16:05:24" }, "geometry": { "type": "Point", "coordinates": [ 23.360689163208008, 42.702426910400391 ] } },
{ "type": "Feature", "properties": { "vehicle_id": "A1841", "latitude": 42.644374847412109, "longitude": 23.374515533447266, "raw_occupancy": 1, "timestamp": "2026-09-15 16:05:24" }, "geometry": { "type": "Point", "coordinates": [ 23.374515533447266, 42.644374847412109 ] } },
{ "type": "Feature", "properties": { "vehicle_id": "A2047", "latitude": 42.729949951171875, "longitude": 23.313077926635742, "raw_occupancy": 2, "timestamp": "2026-09-15 16:05:24" }, "geometry": { "type": "Point", "coordinates": [ 23.313077926635742, 42.729949951171875 ] } },
{ "type": "Feature", "properties": { "vehicle_id": "A3108", "latitude": 42.630805969238281, "longitude": 23.375120162963867, "raw_occupancy": 1, "timestamp": "2026-09-15 16:05:24" }, "geometry": { "type": "Point", "coordinates": [ 23.375120162963867, 42.630805969238281 ] } },
{ "type": "Feature", "properties": { "vehicle_id": "A2053", "latitude": 42.55035400390625, "longitude": 23.472507476806641, "raw_occupancy": 1, "timestamp": "2026-09-15 16:05:24" }, "geometry": { "type": "Point", "coordinates": [ 23.472507476806641, 42.55035400390625 ] } },
{ "type": "Feature", "properties": { "vehicle_id": "A3100", "latitude": 42.641757965087891, "longitude": 23.373161315917969, "raw_occupancy": 2, "timestamp": "2026-09-15 16:05:24" }, "geometry": { "type": "Point", "coordinates": [ 23.373161315917969, 42.641757965087891 ] } },
{ "type": "Feature", "properties": { "vehicle_id": "A1614", "latitude": 42.632919311523438, "longitude": 23.333454132080078, "raw_occupancy": 0, "timestamp": "2026-09-15 16:05:24" }, "geometry": { "type": "Point", "coordinates": [ 23.333454132080078, 42.632919311523438 ] } },
{ "type": "Feature", "properties": { "vehicle_id": "A7193", "latitude": 42.717861175537109, "longitude": 23.339000701904297, "raw_occupancy": 0, "timestamp": "2026-09-15 16:05:24" }, "geometry": { "type": "Point", "coordinates": [ 23.339000701904297, 42.717861175537109 ] } },
{ "type": "Feature", "properties": { "vehicle_id": "A1859", "latitude": 42.665805816650391, "longitude": 23.261432647705078, "raw_occupancy": 3, "timestamp": "2026-09-15 16:05:24" }, "geometry": { "type": "Point", "coordinates": [ 23.261432647705078, 42.665805816650391 ] } },
{ "type": "Feature", "properties": { "vehicle_id": "A2804", "latitude": 42.693412780761719, "longitude": 23.345508575439453, "raw_occupancy": 3, "timestamp": "2026-09-15 16:05:24" }, "geometry": { "type": "Point", "coordinates": [ 23.345508575439453, 42.693412780761719 ] } },
{ "type": "Feature", "properties": { "vehicle_id": "A1206", "latitude": 42.628273010253906, "longitude": 23.373466491699219, "raw_occupancy": 1, "timestamp": "2026-09-15 16:05:24" }, "geometry": { "type": "Point", "coordinates": [ 23.373466491699219, 42.628273010253906 ] } },
{ "type": "Feature", "properties": { "vehicle_id": "A7093", "latitude": 42.731124877929688, "longitude": 23.248689651489258, "raw_occupancy": 2, "timestamp": "2026-09-15 16:05:24" }, "geometry": { "type": "Point", "coordinates": [ 23.248689651489258, 42.731124877929688 ] } },
{ "type": "Feature", "properties": { "vehicle_id": "A2029", "latitude": 42.643783569335938, "longitude": 23.345062255859375, "raw_occupancy": 1, "timestamp": "2026-09-15 16:05:24" }, "geometry": { "type": "Point", "coordinates": [ 23.345062255859375, 42.643783569335938 ] } },
{ "type": "Feature", "properties": { "vehicle_id": "A2504", "latitude": 42.717826843261719, "longitude": 23.27894401550293, "raw_occupancy": 2, "timestamp": "2026-09-15 16:05:24" }, "geometry": { "type": "Point", "coordinates": [ 23.27894401550293, 42.717826843261719 ] } },
{ "type": "Feature", "properties": { "vehicle_id": "A7073", "latitude": 42.781085968017578, "longitude": 23.506738662719727, "raw_occupancy": 1, "timestamp": "2026-09-15 16:05:24" }, "geometry": { "type": "Point", "coordinates": [ 23.506738662719727, 42.781085968017578 ] } },
{ "type": "Feature", "properties": { "vehicle_id": "A3124", "latitude": 42.684398651123047, "longitude": 23.323892593383789, "raw_occupancy": 3, "timestamp": "2026-09-15 16:05:24" }, "geometry": { "type": "Point", "coordinates": [ 23.323892593383789, 42.684398651123047 ] } },
{ "type": "Feature", "properties": { "vehicle_id": "A3671", "latitude": 42.480827331542969, "longitude": 23.395471572875977, "raw_occupancy": 0, "timestamp": "2026-09-15 16:05:24" }, "geometry": { "type": "Point", "coordinates": [ 23.395471572875977, 42.480827331542969 ] } },
{ "type": "Feature", "properties": { "vehicle_id": "A1620", "latitude": 42.717182159423828, "longitude": 23.23426628112793, "raw_occupancy": 2, "timestamp": "2026-09-15 16:05:24" }, "geometry": { "type": "Point", "coordinates": [ 23.23426628112793, 42.717182159423828 ] } },
{ "type": "Feature", "properties": { "vehicle_id": "A3105", "latitude": 42.637008666992188, "longitude": 23.380416870117188, "raw_occupancy": 2, "timestamp": "2026-09-15 16:05:24" }, "geometry": { "type": "Point", "coordinates": [ 23.380416870117188, 42.637008666992188 ] } },
{ "type": "Feature", "properties": { "vehicle_id": "A1012", "latitude": 42.657028198242188, "longitude": 23.304811477661133, "raw_occupancy": 0, "timestamp": "2026-09-15 16:05:24" }, "geometry": { "type": "Point", "coordinates": [ 23.304811477661133, 42.657028198242188 ] } },
{ "type": "Feature", "properties": { "vehicle_id": "A3149", "latitude": 42.671348571777344, "longitude": 23.283117294311523, "raw_occupancy": 2, "timestamp": "2026-09-15 16:05:24" }, "geometry": { "type": "Point", "coordinates": [ 23.283117294311523, 42.671348571777344 ] } },
{ "type": "Feature", "properties": { "vehicle_id": "A1150", "latitude": 42.731239318847656, "longitude": 23.313594818115234, "raw_occupancy": 1, "timestamp": "2026-09-15 16:05:24" }, "geometry": { "type": "Point", "coordinates": [ 23.313594818115234, 42.731239318847656 ] } },
{ "type": "Feature", "properties": { "vehicle_id": "A7061", "latitude": 42.755012512207031, "longitude": 23.319324493408203, "raw_occupancy": 5, "timestamp": "2026-09-15 16:05:24" }, "geometry": { "type": "Point", "coordinates": [ 23.319324493408203, 42.755012512207031 ] } },
{ "type": "Feature", "properties": { "vehicle_id": "A2012", "latitude": 42.656681060791016, "longitude": 23.319334030151367, "raw_occupancy": 0, "timestamp": "2026-09-15 16:05:24" }, "geometry": { "type": "Point", "coordinates": [ 23.319334030151367, 42.656681060791016 ] } },
{ "type": "Feature", "properties": { "vehicle_id": "A2752", "latitude": 42.661140441894531, "longitude": 23.35877799987793, "raw_occupancy": 0, "timestamp": "2026-09-15 16:05:24" }, "geometry": { "type": "Point", "coordinates": [ 23.35877799987793, 42.661140441894531 ] } },
{ "type": "Feature", "properties": { "vehicle_id": "A2065", "latitude": 42.821662902832031, "longitude": 23.363187789916992, "raw_occupancy": 1, "timestamp": "2026-09-15 16:05:24" }, "geometry": { "type": "Point", "coordinates": [ 23.363187789916992, 42.821662902832031 ] } },
{ "type": "Feature", "properties": { "vehicle_id": "A2010", "latitude": 42.717899322509766, "longitude": 23.240619659423828, "raw_occupancy": 1, "timestamp": "2026-09-15 16:05:24" }, "geometry": { "type": "Point", "coordinates": [ 23.240619659423828, 42.717899322509766 ] } },
{ "type": "Feature", "properties": { "vehicle_id": "A1871", "latitude": 42.658485412597656, "longitude": 23.239730834960938, "raw_occupancy": 1, "timestamp": "2026-09-15 16:05:24" }, "geometry": { "type": "Point", "coordinates": [ 23.239730834960938, 42.658485412597656 ] } },
{ "type": "Feature", "properties": { "vehicle_id": "A3601", "latitude": 42.676555633544922, "longitude": 23.410575866699219, "raw_occupancy": 1, "timestamp": "2026-09-15 16:05:24" }, "geometry": { "type": "Point", "coordinates": [ 23.410575866699219, 42.676555633544922 ] } },
{ "type": "Feature", "properties": { "vehicle_id": "A1157", "latitude": 42.724555969238281, "longitude": 23.281408309936523, "raw_occupancy": 2, "timestamp": "2026-09-15 16:05:24" }, "geometry": { "type": "Point", "coordinates": [ 23.281408309936523, 42.724555969238281 ] } },
{ "type": "Feature", "properties": { "vehicle_id": "A3628", "latitude": 42.689586639404297, "longitude": 23.338649749755859, "raw_occupancy": 3, "timestamp": "2026-09-15 16:05:24" }, "geometry": { "type": "Point", "coordinates": [ 23.338649749755859, 42.689586639404297 ] } },
{ "type": "Feature", "properties": { "vehicle_id": "A1617", "latitude": 42.705097198486328, "longitude": 23.31865119934082, "raw_occupancy": 1, "timestamp": "2026-09-15 16:05:24" }, "geometry": { "type": "Point", "coordinates": [ 23.31865119934082, 42.705097198486328 ] } },
{ "type": "Feature", "properties": { "vehicle_id": "A1212", "latitude": 42.630081176757812, "longitude": 23.30699348449707, "raw_occupancy": 1, "timestamp": "2026-09-15 16:05:24" }, "geometry": { "type": "Point", "coordinates": [ 23.30699348449707, 42.630081176757812 ] } },
{ "type": "Feature", "properties": { "vehicle_id": "A1229", "latitude": 42.705734252929688, "longitude": 23.150684356689453, "raw_occupancy": 2, "timestamp": "2026-09-15 16:05:24" }, "geometry": { "type": "Point", "coordinates": [ 23.150684356689453, 42.705734252929688 ] } },
{ "type": "Feature", "properties": { "vehicle_id": "A1182", "latitude": 42.701622009277344, "longitude": 23.297603607177734, "raw_occupancy": 2, "timestamp": "2026-09-15 16:05:24" }, "geometry": { "type": "Point", "coordinates": [ 23.297603607177734, 42.701622009277344 ] } },
{ "type": "Feature", "properties": { "vehicle_id": "A1214", "latitude": 42.632946014404297, "longitude": 23.333967208862305, "raw_occupancy": 1, "timestamp": "2026-09-15 16:05:24" }, "geometry": { "type": "Point", "coordinates": [ 23.333967208862305, 42.632946014404297 ] } },
{ "type": "Feature", "properties": { "vehicle_id": "A1036", "latitude": 42.642402648925781, "longitude": 23.344892501831055, "raw_occupancy": 3, "timestamp": "2026-09-15 16:05:24" }, "geometry": { "type": "Point", "coordinates": [ 23.344892501831055, 42.642402648925781 ] } },
{ "type": "Feature", "properties": { "vehicle_id": "A1015", "latitude": 42.647983551025391, "longitude": 23.332361221313477, "raw_occupancy": 3, "timestamp": "2026-09-15 16:05:24" }, "geometry": { "type": "Point", "coordinates": [ 23.332361221313477, 42.647983551025391 ] } },
{ "type": "Feature", "properties": { "vehicle_id": "A1162", "latitude": 42.705596923828125, "longitude": 23.298770904541016, "raw_occupancy": 2, "timestamp": "2026-09-15 16:05:24" }, "geometry": { "type": "Point", "coordinates": [ 23.298770904541016, 42.705596923828125 ] } },
{ "type": "Feature", "properties": { "vehicle_id": "A2507", "latitude": 42.688999176025391, "longitude": 23.335361480712891, "raw_occupancy": 3, "timestamp": "2026-09-15 16:05:24" }, "geometry": { "type": "Point", "coordinates": [ 23.335361480712891, 42.688999176025391 ] } },
{ "type": "Feature", "properties": { "vehicle_id": "A2502", "latitude": 42.647014617919922, "longitude": 23.314653396606445, "raw_occupancy": 2, "timestamp": "2026-09-15 16:05:24" }, "geometry": { "type": "Point", "coordinates": [ 23.314653396606445, 42.647014617919922 ] } },
{ "type": "Feature", "properties": { "vehicle_id": "A1606", "latitude": 42.641986846923828, "longitude": 23.373384475708008, "raw_occupancy": 1, "timestamp": "2026-09-15 16:05:24" }, "geometry": { "type": "Point", "coordinates": [ 23.373384475708008, 42.641986846923828 ] } },
{ "type": "Feature", "properties": { "vehicle_id": "A3125", "latitude": 42.6632080078125, "longitude": 23.357282638549805, "raw_occupancy": 3, "timestamp": "2026-09-15 16:05:24" }, "geometry": { "type": "Point", "coordinates": [ 23.357282638549805, 42.6632080078125 ] } },
{ "type": "Feature", "properties": { "vehicle_id": "A3106", "latitude": 42.652191162109375, "longitude": 23.347349166870117, "raw_occupancy": 1, "timestamp": "2026-09-15 16:05:24" }, "geometry": { "type": "Point", "coordinates": [ 23.347349166870117, 42.652191162109375 ] } },
{ "type": "Feature", "properties": { "vehicle_id": "A2014", "latitude": 42.708988189697266, "longitude": 23.39909553527832, "raw_occupancy": 1, "timestamp": "2026-09-15 16:05:24" }, "geometry": { "type": "Point", "coordinates": [ 23.39909553527832, 42.708988189697266 ] } },
{ "type": "Feature", "properties": { "vehicle_id": "A3120", "latitude": 42.697433471679688, "longitude": 23.353998184204102, "raw_occupancy": 1, "timestamp": "2026-09-15 16:05:24" }, "geometry": { "type": "Point", "coordinates": [ 23.353998184204102, 42.697433471679688 ] } },
{ "type": "Feature", "properties": { "vehicle_id": "A7141", "latitude": 42.730541229248047, "longitude": 23.343986511230469, "raw_occupancy": 2, "timestamp": "2026-09-15 16:05:24" }, "geometry": { "type": "Point", "coordinates": [ 23.343986511230469, 42.730541229248047 ] } },
{ "type": "Feature", "properties": { "vehicle_id": "A1175", "latitude": 42.659511566162109, "longitude": 23.323862075805664, "raw_occupancy": 0, "timestamp": "2026-09-15 16:05:24" }, "geometry": { "type": "Point", "coordinates": [ 23.323862075805664, 42.659511566162109 ] } },
{ "type": "Feature", "properties": { "vehicle_id": "A2001", "latitude": 42.687828063964844, "longitude": 23.351753234863281, "raw_occupancy": 2, "timestamp": "2026-09-15 16:05:24" }, "geometry": { "type": "Point", "coordinates": [ 23.351753234863281, 42.687828063964844 ] } },
{ "type": "Feature", "properties": { "vehicle_id": "A2043", "latitude": 42.705738067626953, "longitude": 23.350856781005859, "raw_occupancy": 1, "timestamp": "2026-09-15 16:05:24" }, "geometry": { "type": "Point", "coordinates": [ 23.350856781005859, 42.705738067626953 ] } },
{ "type": "Feature", "properties": { "vehicle_id": "A1857", "latitude": 42.682872772216797, "longitude": 23.255962371826172, "raw_occupancy": 1, "timestamp": "2026-09-15 16:05:24" }, "geometry": { "type": "Point", "coordinates": [ 23.255962371826172, 42.682872772216797 ] } },
{ "type": "Feature", "properties": { "vehicle_id": "A1619", "latitude": 42.683441162109375, "longitude": 23.371992111206055, "raw_occupancy": 1, "timestamp": "2026-09-15 16:05:24" }, "geometry": { "type": "Point", "coordinates": [ 23.371992111206055, 42.683441162109375 ] } },
{ "type": "Feature", "properties": { "vehicle_id": "A1424", "latitude": 42.726387023925781, "longitude": 23.261392593383789, "raw_occupancy": 3, "timestamp": "2026-09-15 16:05:24" }, "geometry": { "type": "Point", "coordinates": [ 23.261392593383789, 42.726387023925781 ] } },
{ "type": "Feature", "properties": { "vehicle_id": "A7115", "latitude": 42.833248138427734, "longitude": 23.331508636474609, "raw_occupancy": 1, "timestamp": "2026-09-15 16:05:24" }, "geometry": { "type": "Point", "coordinates": [ 23.331508636474609, 42.833248138427734 ] } },
{ "type": "Feature", "properties": { "vehicle_id": "A2306", "latitude": 42.651958465576172, "longitude": 23.359537124633789, "raw_occupancy": 2, "timestamp": "2026-09-15 16:05:24" }, "geometry": { "type": "Point", "coordinates": [ 23.359537124633789, 42.651958465576172 ] } },
{ "type": "Feature", "properties": { "vehicle_id": "A7133", "latitude": 42.759552001953125, "longitude": 23.316827774047852, "raw_occupancy": 3, "timestamp": "2026-09-15 16:05:24" }, "geometry": { "type": "Point", "coordinates": [ 23.316827774047852, 42.759552001953125 ] } },
{ "type": "Feature", "properties": { "vehicle_id": "A7097", "latitude": 42.744976043701172, "longitude": 23.347946166992188, "raw_occupancy": 1, "timestamp": "2026-09-15 16:05:24" }, "geometry": { "type": "Point", "coordinates": [ 23.347946166992188, 42.744976043701172 ] } },
{ "type": "Feature", "properties": { "vehicle_id": "A2311", "latitude": 42.666004180908203, "longitude": 23.363370895385742, "raw_occupancy": 2, "timestamp": "2026-09-15 16:05:24" }, "geometry": { "type": "Point", "coordinates": [ 23.363370895385742, 42.666004180908203 ] } },
{ "type": "Feature", "properties": { "vehicle_id": "A1220", "latitude": 42.713874816894531, "longitude": 23.306026458740234, "raw_occupancy": 1, "timestamp": "2026-09-15 16:05:24" }, "geometry": { "type": "Point", "coordinates": [ 23.306026458740234, 42.713874816894531 ] } },
{ "type": "Feature", "properties": { "vehicle_id": "A2079", "latitude": 42.609554290771484, "longitude": 23.341897964477539, "raw_occupancy": 3, "timestamp": "2026-09-15 16:05:24" }, "geometry": { "type": "Point", "coordinates": [ 23.341897964477539, 42.609554290771484 ] } },
{ "type": "Feature", "properties": { "vehicle_id": "A2009", "latitude": 42.687309265136719, "longitude": 23.327060699462891, "raw_occupancy": 1, "timestamp": "2026-09-15 16:05:24" }, "geometry": { "type": "Point", "coordinates": [ 23.327060699462891, 42.687309265136719 ] } },
{ "type": "Feature", "properties": { "vehicle_id": "A7045", "latitude": 42.716300964355469, "longitude": 23.309907913208008, "raw_occupancy": 2, "timestamp": "2026-09-15 16:05:24" }, "geometry": { "type": "Point", "coordinates": [ 23.309907913208008, 42.716300964355469 ] } },
{ "type": "Feature", "properties": { "vehicle_id": "A3617", "latitude": 42.682090759277344, "longitude": 23.301399230957031, "raw_occupancy": 0, "timestamp": "2026-09-15 16:05:24" }, "geometry": { "type": "Point", "coordinates": [ 23.301399230957031, 42.682090759277344 ] } },
{ "type": "Feature", "properties": { "vehicle_id": "A1845", "latitude": 42.720298767089844, "longitude": 23.183683395385742, "raw_occupancy": 4, "timestamp": "2026-09-15 16:05:24" }, "geometry": { "type": "Point", "coordinates": [ 23.183683395385742, 42.720298767089844 ] } },
{ "type": "Feature", "properties": { "vehicle_id": "A2037", "latitude": 42.678253173828125, "longitude": 23.32288932800293, "raw_occupancy": 3, "timestamp": "2026-09-15 16:05:24" }, "geometry": { "type": "Point", "coordinates": [ 23.32288932800293, 42.678253173828125 ] } },
{ "type": "Feature", "properties": { "vehicle_id": "A3104", "latitude": 42.660564422607422, "longitude": 23.296995162963867, "raw_occupancy": 0, "timestamp": "2026-09-15 16:05:24" }, "geometry": { "type": "Point", "coordinates": [ 23.296995162963867, 42.660564422607422 ] } },
{ "type": "Feature", "properties": { "vehicle_id": "A1833", "latitude": 42.735179901123047, "longitude": 23.292572021484375, "raw_occupancy": 1, "timestamp": "2026-09-15 16:05:24" }, "geometry": { "type": "Point", "coordinates": [ 23.292572021484375, 42.735179901123047 ] } },
{ "type": "Feature", "properties": { "vehicle_id": "A7071", "latitude": 42.727439880371094, "longitude": 23.262710571289062, "raw_occupancy": 1, "timestamp": "2026-09-15 16:05:24" }, "geometry": { "type": "Point", "coordinates": [ 23.262710571289062, 42.727439880371094 ] } },
{ "type": "Feature", "properties": { "vehicle_id": "A7139", "latitude": 42.731193542480469, "longitude": 23.571151733398438, "raw_occupancy": 1, "timestamp": "2026-09-15 16:05:24" }, "geometry": { "type": "Point", "coordinates": [ 23.571151733398438, 42.731193542480469 ] } },
{ "type": "Feature", "properties": { "vehicle_id": "A3142", "latitude": 42.667530059814453, "longitude": 23.325515747070312, "raw_occupancy": 1, "timestamp": "2026-09-15 16:05:24" }, "geometry": { "type": "Point", "coordinates": [ 23.325515747070312, 42.667530059814453 ] } },
{ "type": "Feature", "properties": { "vehicle_id": "A3152", "latitude": 42.662994384765625, "longitude": 23.357973098754883, "raw_occupancy": 1, "timestamp": "2026-09-15 16:05:24" }, "geometry": { "type": "Point", "coordinates": [ 23.357973098754883, 42.662994384765625 ] } },
{ "type": "Feature", "properties": { "vehicle_id": "A7147", "latitude": 42.844619750976562, "longitude": 23.272422790527344, "raw_occupancy": 0, "timestamp": "2026-09-15 16:05:24" }, "geometry": { "type": "Point", "coordinates": [ 23.272422790527344, 42.844619750976562 ] } },
{ "type": "Feature", "properties": { "vehicle_id": "A3611", "latitude": 42.667304992675781, "longitude": 23.423807144165039, "raw_occupancy": 1, "timestamp": "2026-09-15 16:05:24" }, "geometry": { "type": "Point", "coordinates": [ 23.423807144165039, 42.667304992675781 ] } },
{ "type": "Feature", "properties": { "vehicle_id": "A3013", "latitude": 42.688034057617188, "longitude": 23.341035842895508, "raw_occupancy": 2, "timestamp": "2026-09-15 16:05:24" }, "geometry": { "type": "Point", "coordinates": [ 23.341035842895508, 42.688034057617188 ] } },
{ "type": "Feature", "properties": { "vehicle_id": "A7187", "latitude": 42.715549468994141, "longitude": 23.348289489746094, "raw_occupancy": 1, "timestamp": "2026-09-15 16:05:24" }, "geometry": { "type": "Point", "coordinates": [ 23.348289489746094, 42.715549468994141 ] } },
{ "type": "Feature", "properties": { "vehicle_id": "A2005", "latitude": 42.666996002197266, "longitude": 23.323995590209961, "raw_occupancy": 1, "timestamp": "2026-09-15 16:05:24" }, "geometry": { "type": "Point", "coordinates": [ 23.323995590209961, 42.666996002197266 ] } },
{ "type": "Feature", "properties": { "vehicle_id": "A3665", "latitude": 42.669075012207031, "longitude": 23.400444030761719, "raw_occupancy": 2, "timestamp": "2026-09-15 16:05:24" }, "geometry": { "type": "Point", "coordinates": [ 23.400444030761719, 42.669075012207031 ] } },
{ "type": "Feature", "properties": { "vehicle_id": "A3605", "latitude": 42.625316619873047, "longitude": 23.501865386962891, "raw_occupancy": 0, "timestamp": "2026-09-15 16:05:24" }, "geometry": { "type": "Point", "coordinates": [ 23.501865386962891, 42.625316619873047 ] } },
{ "type": "Feature", "properties": { "vehicle_id": "A2024", "latitude": 42.671550750732422, "longitude": 23.364063262939453, "raw_occupancy": 0, "timestamp": "2026-09-15 16:15:24" }, "geometry": { "type": "Point", "coordinates": [ 23.364063262939453, 42.671550750732422 ] } },
{ "type": "Feature", "properties": { "vehicle_id": "A3655", "latitude": 42.677276611328125, "longitude": 23.341772079467773, "raw_occupancy": 1, "timestamp": "2026-09-15 16:15:24" }, "geometry": { "type": "Point", "coordinates": [ 23.341772079467773, 42.677276611328125 ] } },
{ "type": "Feature", "properties": { "vehicle_id": "A3401", "latitude": 42.657932281494141, "longitude": 23.340404510498047, "raw_occupancy": 3, "timestamp": "2026-09-15 16:15:24" }, "geometry": { "type": "Point", "coordinates": [ 23.340404510498047, 42.657932281494141 ] } },
{ "type": "Feature", "properties": { "vehicle_id": "A3100", "latitude": 42.638542175292969, "longitude": 23.397586822509766, "raw_occupancy": 0, "timestamp": "2026-09-15 16:15:24" }, "geometry": { "type": "Point", "coordinates": [ 23.397586822509766, 42.638542175292969 ] } },
{ "type": "Feature", "properties": { "vehicle_id": "A3410", "latitude": 42.685871124267578, "longitude": 23.306356430053711, "raw_occupancy": 1, "timestamp": "2026-09-15 16:15:24" }, "geometry": { "type": "Point", "coordinates": [ 23.306356430053711, 42.685871124267578 ] } },
{ "type": "Feature", "properties": { "vehicle_id": "A3663", "latitude": 42.649227142333984, "longitude": 23.416322708129883, "raw_occupancy": 0, "timestamp": "2026-09-15 16:15:24" }, "geometry": { "type": "Point", "coordinates": [ 23.416322708129883, 42.649227142333984 ] } },
{ "type": "Feature", "properties": { "vehicle_id": "A2003", "latitude": 42.70489501953125, "longitude": 23.3270263671875, "raw_occupancy": 1, "timestamp": "2026-09-15 16:15:24" }, "geometry": { "type": "Point", "coordinates": [ 23.3270263671875, 42.70489501953125 ] } },
{ "type": "Feature", "properties": { "vehicle_id": "A2505", "latitude": 42.696681976318359, "longitude": 23.360074996948242, "raw_occupancy": 1, "timestamp": "2026-09-15 16:15:24" }, "geometry": { "type": "Point", "coordinates": [ 23.360074996948242, 42.696681976318359 ] } },
{ "type": "Feature", "properties": { "vehicle_id": "A2005", "latitude": 42.657981872558594, "longitude": 23.328407287597656, "raw_occupancy": 0, "timestamp": "2026-09-15 16:15:24" }, "geometry": { "type": "Point", "coordinates": [ 23.328407287597656, 42.657981872558594 ] } },
{ "type": "Feature", "properties": { "vehicle_id": "A3616", "latitude": 42.626827239990234, "longitude": 23.380678176879883, "raw_occupancy": 1, "timestamp": "2026-09-15 16:15:24" }, "geometry": { "type": "Point", "coordinates": [ 23.380678176879883, 42.626827239990234 ] } },
{ "type": "Feature", "properties": { "vehicle_id": "A7151", "latitude": 42.731163024902344, "longitude": 23.313623428344727, "raw_occupancy": 3, "timestamp": "2026-09-15 16:15:24" }, "geometry": { "type": "Point", "coordinates": [ 23.313623428344727, 42.731163024902344 ] } },
{ "type": "Feature", "properties": { "vehicle_id": "A1318", "latitude": 42.681694030761719, "longitude": 23.312793731689453, "raw_occupancy": 0, "timestamp": "2026-09-15 16:15:24" }, "geometry": { "type": "Point", "coordinates": [ 23.312793731689453, 42.681694030761719 ] } },
{ "type": "Feature", "properties": { "vehicle_id": "A1166", "latitude": 42.685123443603516, "longitude": 23.274864196777344, "raw_occupancy": 3, "timestamp": "2026-09-15 16:15:24" }, "geometry": { "type": "Point", "coordinates": [ 23.274864196777344, 42.685123443603516 ] } },
{ "type": "Feature", "properties": { "vehicle_id": "A2817", "latitude": 42.705066680908203, "longitude": 23.357822418212891, "raw_occupancy": 1, "timestamp": "2026-09-15 16:15:24" }, "geometry": { "type": "Point", "coordinates": [ 23.357822418212891, 42.705066680908203 ] } },
{ "type": "Feature", "properties": { "vehicle_id": "A3147", "latitude": 42.648891448974609, "longitude": 23.409265518188477, "raw_occupancy": 2, "timestamp": "2026-09-15 16:15:24" }, "geometry": { "type": "Point", "coordinates": [ 23.409265518188477, 42.648891448974609 ] } },
{ "type": "Feature", "properties": { "vehicle_id": "A2006", "latitude": 42.716495513916016, "longitude": 23.237632751464844, "raw_occupancy": 0, "timestamp": "2026-09-15 16:15:24" }, "geometry": { "type": "Point", "coordinates": [ 23.237632751464844, 42.716495513916016 ] } },
{ "type": "Feature", "properties": { "vehicle_id": "A2013", "latitude": 42.705890655517578, "longitude": 23.307039260864258, "raw_occupancy": 1, "timestamp": "2026-09-15 16:15:24" }, "geometry": { "type": "Point", "coordinates": [ 23.307039260864258, 42.705890655517578 ] } },
{ "type": "Feature", "properties": { "vehicle_id": "A2052", "latitude": 42.601978302001953, "longitude": 23.479452133178711, "raw_occupancy": 0, "timestamp": "2026-09-15 16:15:24" }, "geometry": { "type": "Point", "coordinates": [ 23.479452133178711, 42.601978302001953 ] } },
{ "type": "Feature", "properties": { "vehicle_id": "A2304", "latitude": 42.649433135986328, "longitude": 23.341714859008789, "raw_occupancy": 2, "timestamp": "2026-09-15 16:15:24" }, "geometry": { "type": "Point", "coordinates": [ 23.341714859008789, 42.649433135986328 ] } },
{ "type": "Feature", "properties": { "vehicle_id": "A3634", "latitude": 42.671375274658203, "longitude": 23.395801544189453, "raw_occupancy": 3, "timestamp": "2026-09-15 16:15:24" }, "geometry": { "type": "Point", "coordinates": [ 23.395801544189453, 42.671375274658203 ] } },
{ "type": "Feature", "properties": { "vehicle_id": "A2502", "latitude": 42.630619049072266, "longitude": 23.314361572265625, "raw_occupancy": 2, "timestamp": "2026-09-15 16:15:24" }, "geometry": { "type": "Point", "coordinates": [ 23.314361572265625, 42.630619049072266 ] } },
{ "type": "Feature", "properties": { "vehicle_id": "A2030", "latitude": 42.663742065429688, "longitude": 23.317394256591797, "raw_occupancy": 2, "timestamp": "2026-09-15 16:15:24" }, "geometry": { "type": "Point", "coordinates": [ 23.317394256591797, 42.663742065429688 ] } },
{ "type": "Feature", "properties": { "vehicle_id": "A3145", "latitude": 42.656890869140625, "longitude": 23.38459587097168, "raw_occupancy": 2, "timestamp": "2026-09-15 16:15:24" }, "geometry": { "type": "Point", "coordinates": [ 23.38459587097168, 42.656890869140625 ] } },
{ "type": "Feature", "properties": { "vehicle_id": "A1185", "latitude": 42.672836303710938, "longitude": 23.33582878112793, "raw_occupancy": 1, "timestamp": "2026-09-15 16:15:24" }, "geometry": { "type": "Point", "coordinates": [ 23.33582878112793, 42.672836303710938 ] } },
{ "type": "Feature", "properties": { "vehicle_id": "A1158", "latitude": 42.640598297119141, "longitude": 23.315567016601562, "raw_occupancy": 2, "timestamp": "2026-09-15 16:15:24" }, "geometry": { "type": "Point", "coordinates": [ 23.315567016601562, 42.640598297119141 ] } },
{ "type": "Feature", "properties": { "vehicle_id": "A7069", "latitude": 42.727405548095703, "longitude": 23.262689590454102, "raw_occupancy": 1, "timestamp": "2026-09-15 16:15:24" }, "geometry": { "type": "Point", "coordinates": [ 23.262689590454102, 42.727405548095703 ] } },
{ "type": "Feature", "properties": { "vehicle_id": "A1424", "latitude": 42.718658447265625, "longitude": 23.238807678222656, "raw_occupancy": 0, "timestamp": "2026-09-15 16:15:24" }, "geometry": { "type": "Point", "coordinates": [ 23.238807678222656, 42.718658447265625 ] } },
{ "type": "Feature", "properties": { "vehicle_id": "A1614", "latitude": 42.627304077148438, "longitude": 23.373470306396484, "raw_occupancy": 0, "timestamp": "2026-09-15 16:15:24" }, "geometry": { "type": "Point", "coordinates": [ 23.373470306396484, 42.627304077148438 ] } },
{ "type": "Feature", "properties": { "vehicle_id": "A7155", "latitude": 42.704109191894531, "longitude": 23.386445999145508, "raw_occupancy": 1, "timestamp": "2026-09-15 16:15:24" }, "geometry": { "type": "Point", "coordinates": [ 23.386445999145508, 42.704109191894531 ] } },
{ "type": "Feature", "properties": { "vehicle_id": "A3661", "latitude": 42.481086730957031, "longitude": 23.394571304321289, "raw_occupancy": 0, "timestamp": "2026-09-15 16:15:24" }, "geometry": { "type": "Point", "coordinates": [ 23.394571304321289, 42.481086730957031 ] } },
{ "type": "Feature", "properties": { "vehicle_id": "A2083", "latitude": 42.718696594238281, "longitude": 23.316177368164062, "raw_occupancy": 1, "timestamp": "2026-09-15 16:15:24" }, "geometry": { "type": "Point", "coordinates": [ 23.316177368164062, 42.718696594238281 ] } },
{ "type": "Feature", "properties": { "vehicle_id": "A3125", "latitude": 42.683795928955078, "longitude": 23.348075866699219, "raw_occupancy": 3, "timestamp": "2026-09-15 16:15:24" }, "geometry": { "type": "Point", "coordinates": [ 23.348075866699219, 42.683795928955078 ] } },
{ "type": "Feature", "properties": { "vehicle_id": "A2029", "latitude": 42.657814025878906, "longitude": 23.349014282226562, "raw_occupancy": 1, "timestamp": "2026-09-15 16:15:24" }, "geometry": { "type": "Point", "coordinates": [ 23.349014282226562, 42.657814025878906 ] } },
{ "type": "Feature", "properties": { "vehicle_id": "A7115", "latitude": 42.812599182128906, "longitude": 23.351274490356445, "raw_occupancy": 2, "timestamp": "2026-09-15 16:15:24" }, "geometry": { "type": "Point", "coordinates": [ 23.351274490356445, 42.812599182128906 ] } },
{ "type": "Feature", "properties": { "vehicle_id": "A2073", "latitude": 42.643577575683594, "longitude": 23.399789810180664, "raw_occupancy": 2, "timestamp": "2026-09-15 16:15:24" }, "geometry": { "type": "Point", "coordinates": [ 23.399789810180664, 42.643577575683594 ] } },
{ "type": "Feature", "properties": { "vehicle_id": "A2804", "latitude": 42.683135986328125, "longitude": 23.32000732421875, "raw_occupancy": 3, "timestamp": "2026-09-15 16:15:24" }, "geometry": { "type": "Point", "coordinates": [ 23.32000732421875, 42.683135986328125 ] } },
{ "type": "Feature", "properties": { "vehicle_id": "A3623", "latitude": 42.609756469726562, "longitude": 23.411043167114258, "raw_occupancy": 0, "timestamp": "2026-09-15 16:15:24" }, "geometry": { "type": "Point", "coordinates": [ 23.411043167114258, 42.609756469726562 ] } },
{ "type": "Feature", "properties": { "vehicle_id": "A2067", "latitude": 42.75311279296875, "longitude": 23.318668365478516, "raw_occupancy": 1, "timestamp": "2026-09-15 16:15:24" }, "geometry": { "type": "Point", "coordinates": [ 23.318668365478516, 42.75311279296875 ] } },
{ "type": "Feature", "properties": { "vehicle_id": "A7059", "latitude": 42.715206146240234, "longitude": 23.437255859375, "raw_occupancy": 2, "timestamp": "2026-09-15 16:15:24" }, "geometry": { "type": "Point", "coordinates": [ 23.437255859375, 42.715206146240234 ] } },
{ "type": "Feature", "properties": { "vehicle_id": "A2507", "latitude": 42.693111419677734, "longitude": 23.354528427124023, "raw_occupancy": 3, "timestamp": "2026-09-15 16:15:24" }, "geometry": { "type": "Point", "coordinates": [ 23.354528427124023, 42.693111419677734 ] } },
{ "type": "Feature", "properties": { "vehicle_id": "A1837", "latitude": 42.751853942871094, "longitude": 23.274929046630859, "raw_occupancy": 3, "timestamp": "2026-09-15 16:15:24" }, "geometry": { "type": "Point", "coordinates": [ 23.274929046630859, 42.751853942871094 ] } },
{ "type": "Feature", "properties": { "vehicle_id": "A3601", "latitude": 42.66357421875, "longitude": 23.427005767822266, "raw_occupancy": 1, "timestamp": "2026-09-15 16:15:24" }, "geometry": { "type": "Point", "coordinates": [ 23.427005767822266, 42.66357421875 ] } },
{ "type": "Feature", "properties": { "vehicle_id": "A1126", "latitude": 42.654525756835938, "longitude": 23.283159255981445, "raw_occupancy": 1, "timestamp": "2026-09-15 16:15:24" }, "geometry": { "type": "Point", "coordinates": [ 23.283159255981445, 42.654525756835938 ] } },
{ "type": "Feature", "properties": { "vehicle_id": "A2752", "latitude": 42.651947021484375, "longitude": 23.342445373535156, "raw_occupancy": 0, "timestamp": "2026-09-15 16:15:24" }, "geometry": { "type": "Point", "coordinates": [ 23.342445373535156, 42.651947021484375 ] } },
{ "type": "Feature", "properties": { "vehicle_id": "A2065", "latitude": 42.79156494140625, "longitude": 23.392328262329102, "raw_occupancy": 1, "timestamp": "2026-09-15 16:15:24" }, "geometry": { "type": "Point", "coordinates": [ 23.392328262329102, 42.79156494140625 ] } },
{ "type": "Feature", "properties": { "vehicle_id": "A7093", "latitude": 42.741191864013672, "longitude": 23.277082443237305, "raw_occupancy": 3, "timestamp": "2026-09-15 16:15:24" }, "geometry": { "type": "Point", "coordinates": [ 23.277082443237305, 42.741191864013672 ] } },
{ "type": "Feature", "properties": { "vehicle_id": "A7127", "latitude": 42.714176177978516, "longitude": 23.358121871948242, "raw_occupancy": 0, "timestamp": "2026-09-15 16:15:24" }, "geometry": { "type": "Point", "coordinates": [ 23.358121871948242, 42.714176177978516 ] } },
{ "type": "Feature", "properties": { "vehicle_id": "A7113", "latitude": 42.706398010253906, "longitude": 23.312217712402344, "raw_occupancy": 1, "timestamp": "2026-09-15 16:15:24" }, "geometry": { "type": "Point", "coordinates": [ 23.312217712402344, 42.706398010253906 ] } },
{ "type": "Feature", "properties": { "vehicle_id": "A7055", "latitude": 42.735515594482422, "longitude": 23.486103057861328, "raw_occupancy": 2, "timestamp": "2026-09-15 16:15:24" }, "geometry": { "type": "Point", "coordinates": [ 23.486103057861328, 42.735515594482422 ] } },
{ "type": "Feature", "properties": { "vehicle_id": "A3659", "latitude": 42.662132263183594, "longitude": 23.404808044433594, "raw_occupancy": 0, "timestamp": "2026-09-15 16:15:24" }, "geometry": { "type": "Point", "coordinates": [ 23.404808044433594, 42.662132263183594 ] } },
{ "type": "Feature", "properties": { "vehicle_id": "A2045", "latitude": 42.716087341308594, "longitude": 23.237472534179688, "raw_occupancy": 1, "timestamp": "2026-09-15 16:15:24" }, "geometry": { "type": "Point", "coordinates": [ 23.237472534179688, 42.716087341308594 ] } },
{ "type": "Feature", "properties": { "vehicle_id": "A2047", "latitude": 42.751029968261719, "longitude": 23.319011688232422, "raw_occupancy": 3, "timestamp": "2026-09-15 16:15:24" }, "geometry": { "type": "Point", "coordinates": [ 23.319011688232422, 42.751029968261719 ] } },
{ "type": "Feature", "properties": { "vehicle_id": "A1413", "latitude": 42.685066223144531, "longitude": 23.296476364135742, "raw_occupancy": 1, "timestamp": "2026-09-15 16:15:24" }, "geometry": { "type": "Point", "coordinates": [ 23.296476364135742, 42.685066223144531 ] } },
{ "type": "Feature", "properties": { "vehicle_id": "A1829", "latitude": 42.721328735351562, "longitude": 23.26435661315918, "raw_occupancy": 1, "timestamp": "2026-09-15 16:15:24" }, "geometry": { "type": "Point", "coordinates": [ 23.26435661315918, 42.721328735351562 ] } },
{ "type": "Feature", "properties": { "vehicle_id": "A2312", "latitude": 42.66259765625, "longitude": 23.358234405517578, "raw_occupancy": 1, "timestamp": "2026-09-15 16:15:24" }, "geometry": { "type": "Point", "coordinates": [ 23.358234405517578, 42.66259765625 ] } },
{ "type": "Feature", "properties": { "vehicle_id": "A2314", "latitude": 42.678005218505859, "longitude": 23.329357147216797, "raw_occupancy": 2, "timestamp": "2026-09-15 16:15:24" }, "geometry": { "type": "Point", "coordinates": [ 23.329357147216797, 42.678005218505859 ] } },
{ "type": "Feature", "properties": { "vehicle_id": "A3610", "latitude": 42.599330902099609, "longitude": 23.36863899230957, "raw_occupancy": 2, "timestamp": "2026-09-15 16:15:24" }, "geometry": { "type": "Point", "coordinates": [ 23.36863899230957, 42.599330902099609 ] } },
{ "type": "Feature", "properties": { "vehicle_id": "A2514", "latitude": 42.68853759765625, "longitude": 23.298480987548828, "raw_occupancy": 2, "timestamp": "2026-09-15 16:15:24" }, "geometry": { "type": "Point", "coordinates": [ 23.298480987548828, 42.68853759765625 ] } },
{ "type": "Feature", "properties": { "vehicle_id": "A3149", "latitude": 42.677806854248047, "longitude": 23.298442840576172, "raw_occupancy": 2, "timestamp": "2026-09-15 16:15:24" }, "geometry": { "type": "Point", "coordinates": [ 23.298442840576172, 42.677806854248047 ] } },
{ "type": "Feature", "properties": { "vehicle_id": "A3611", "latitude": 42.667236328125, "longitude": 23.463193893432617, "raw_occupancy": 0, "timestamp": "2026-09-15 16:15:24" }, "geometry": { "type": "Point", "coordinates": [ 23.463193893432617, 42.667236328125 ] } },
{ "type": "Feature", "properties": { "vehicle_id": "A1209", "latitude": 42.670093536376953, "longitude": 23.253549575805664, "raw_occupancy": 2, "timestamp": "2026-09-15 16:15:24" }, "geometry": { "type": "Point", "coordinates": [ 23.253549575805664, 42.670093536376953 ] } },
{ "type": "Feature", "properties": { "vehicle_id": "A3622", "latitude": 42.669570922851562, "longitude": 23.464239120483398, "raw_occupancy": 0, "timestamp": "2026-09-15 16:15:24" }, "geometry": { "type": "Point", "coordinates": [ 23.464239120483398, 42.669570922851562 ] } },
{ "type": "Feature", "properties": { "vehicle_id": "A1620", "latitude": 42.719352722167969, "longitude": 23.254598617553711, "raw_occupancy": 1, "timestamp": "2026-09-15 16:15:24" }, "geometry": { "type": "Point", "coordinates": [ 23.254598617553711, 42.719352722167969 ] } },
{ "type": "Feature", "properties": { "vehicle_id": "A3116", "latitude": 42.671195983886719, "longitude": 23.350971221923828, "raw_occupancy": 0, "timestamp": "2026-09-15 16:15:24" }, "geometry": { "type": "Point", "coordinates": [ 23.350971221923828, 42.671195983886719 ] } },
{ "type": "Feature", "properties": { "vehicle_id": "A7193", "latitude": 42.743747711181641, "longitude": 23.346986770629883, "raw_occupancy": 0, "timestamp": "2026-09-15 16:15:24" }, "geometry": { "type": "Point", "coordinates": [ 23.346986770629883, 42.743747711181641 ] } },
{ "type": "Feature", "properties": { "vehicle_id": "A2040", "latitude": 42.713462829589844, "longitude": 23.382164001464844, "raw_occupancy": 0, "timestamp": "2026-09-15 16:15:24" }, "geometry": { "type": "Point", "coordinates": [ 23.382164001464844, 42.713462829589844 ] } },
{ "type": "Feature", "properties": { "vehicle_id": "A3402", "latitude": 42.673545837402344, "longitude": 23.336948394775391, "raw_occupancy": 0, "timestamp": "2026-09-15 16:15:24" }, "geometry": { "type": "Point", "coordinates": [ 23.336948394775391, 42.673545837402344 ] } },
{ "type": "Feature", "properties": { "vehicle_id": "A1835", "latitude": 42.730155944824219, "longitude": 23.225385665893555, "raw_occupancy": 1, "timestamp": "2026-09-15 16:15:24" }, "geometry": { "type": "Point", "coordinates": [ 23.225385665893555, 42.730155944824219 ] } },
{ "type": "Feature", "properties": { "vehicle_id": "A7109", "latitude": 42.710411071777344, "longitude": 23.384576797485352, "raw_occupancy": 2, "timestamp": "2026-09-15 16:15:24" }, "geometry": { "type": "Point", "coordinates": [ 23.384576797485352, 42.710411071777344 ] } },
{ "type": "Feature", "properties": { "vehicle_id": "A3615", "latitude": 42.640644073486328, "longitude": 23.38157844543457, "raw_occupancy": 2, "timestamp": "2026-09-15 16:15:24" }, "geometry": { "type": "Point", "coordinates": [ 23.38157844543457, 42.640644073486328 ] } },
{ "type": "Feature", "properties": { "vehicle_id": "A2009", "latitude": 42.686424255371094, "longitude": 23.330089569091797, "raw_occupancy": 1, "timestamp": "2026-09-15 16:15:24" }, "geometry": { "type": "Point", "coordinates": [ 23.330089569091797, 42.686424255371094 ] } },
{ "type": "Feature", "properties": { "vehicle_id": "A2003", "latitude": 42.705085754394531, "longitude": 23.331262588500977, "raw_occupancy": 1, "timestamp": "2026-09-15 16:15:24" }, "geometry": { "type": "Point", "coordinates": [ 23.331262588500977, 42.705085754394531 ] } },
{ "type": "Feature", "properties": { "vehicle_id": "A1187", "latitude": 42.659919738769531, "longitude": 23.317497253417969, "raw_occupancy": 1, "timestamp": "2026-09-15 16:15:24" }, "geometry": { "type": "Point", "coordinates": [ 23.317497253417969, 42.659919738769531 ] } },
{ "type": "Feature", "properties": { "vehicle_id": "A3124", "latitude": 42.665920257568359, "longitude": 23.301975250244141, "raw_occupancy": 2, "timestamp": "2026-09-15 16:15:24" }, "geometry": { "type": "Point", "coordinates": [ 23.301975250244141, 42.665920257568359 ] } },
{ "type": "Feature", "properties": { "vehicle_id": "A3301", "latitude": 42.645309448242188, "longitude": 23.412076950073242, "raw_occupancy": 2, "timestamp": "2026-09-15 16:15:24" }, "geometry": { "type": "Point", "coordinates": [ 23.412076950073242, 42.645309448242188 ] } },
{ "type": "Feature", "properties": { "vehicle_id": "A1617", "latitude": 42.696830749511719, "longitude": 23.353923797607422, "raw_occupancy": 1, "timestamp": "2026-09-15 16:15:24" }, "geometry": { "type": "Point", "coordinates": [ 23.353923797607422, 42.696830749511719 ] } },
{ "type": "Feature", "properties": { "vehicle_id": "A3626", "latitude": 42.712383270263672, "longitude": 23.317531585693359, "raw_occupancy": 2, "timestamp": "2026-09-15 16:15:24" }, "geometry": { "type": "Point", "coordinates": [ 23.317531585693359, 42.712383270263672 ] } },
{ "type": "Feature", "properties": { "vehicle_id": "A7085", "latitude": 42.7103271484375, "longitude": 23.402887344360352, "raw_occupancy": 1, "timestamp": "2026-09-15 16:15:24" }, "geometry": { "type": "Point", "coordinates": [ 23.402887344360352, 42.7103271484375 ] } },
{ "type": "Feature", "properties": { "vehicle_id": "A3150", "latitude": 42.69000244140625, "longitude": 23.337026596069336, "raw_occupancy": 1, "timestamp": "2026-09-15 16:15:24" }, "geometry": { "type": "Point", "coordinates": [ 23.337026596069336, 42.69000244140625 ] } },
{ "type": "Feature", "properties": { "vehicle_id": "A1161", "latitude": 42.660343170166016, "longitude": 23.264570236206055, "raw_occupancy": 3, "timestamp": "2026-09-15 16:15:24" }, "geometry": { "type": "Point", "coordinates": [ 23.264570236206055, 42.660343170166016 ] } },
{ "type": "Feature", "properties": { "vehicle_id": "A7181", "latitude": 42.731155395507812, "longitude": 23.313316345214844, "raw_occupancy": 1, "timestamp": "2026-09-15 16:15:24" }, "geometry": { "type": "Point", "coordinates": [ 23.313316345214844, 42.731155395507812 ] } },
{ "type": "Feature", "properties": { "vehicle_id": "A7153", "latitude": 42.742412567138672, "longitude": 23.28004264831543, "raw_occupancy": 1, "timestamp": "2026-09-15 16:15:24" }, "geometry": { "type": "Point", "coordinates": [ 23.28004264831543, 42.742412567138672 ] } },
{ "type": "Feature", "properties": { "vehicle_id": "A3633", "latitude": 42.635055541992188, "longitude": 23.398979187011719, "raw_occupancy": 3, "timestamp": "2026-09-15 16:15:24" }, "geometry": { "type": "Point", "coordinates": [ 23.398979187011719, 42.635055541992188 ] } },
{ "type": "Feature", "properties": { "vehicle_id": "A2023", "latitude": 42.692817687988281, "longitude": 23.351388931274414, "raw_occupancy": 1, "timestamp": "2026-09-15 16:15:24" }, "geometry": { "type": "Point", "coordinates": [ 23.351388931274414, 42.692817687988281 ] } },
{ "type": "Feature", "properties": { "vehicle_id": "A2044", "latitude": 42.713462829589844, "longitude": 23.383371353149414, "raw_occupancy": 1, "timestamp": "2026-09-15 16:15:24" }, "geometry": { "type": "Point", "coordinates": [ 23.383371353149414, 42.713462829589844 ] } },
{ "type": "Feature", "properties": { "vehicle_id": "A3139", "latitude": 42.670257568359375, "longitude": 23.281532287597656, "raw_occupancy": 2, "timestamp": "2026-09-15 16:15:24" }, "geometry": { "type": "Point", "coordinates": [ 23.281532287597656, 42.670257568359375 ] } },
{ "type": "Feature", "properties": { "vehicle_id": "A1406", "latitude": 42.642566680908203, "longitude": 23.289213180541992, "raw_occupancy": 1, "timestamp": "2026-09-15 16:15:24" }, "geometry": { "type": "Point", "coordinates": [ 23.289213180541992, 42.642566680908203 ] } },
{ "type": "Feature", "properties": { "vehicle_id": "A7171", "latitude": 42.708187103271484, "longitude": 23.183273315429688, "raw_occupancy": 1, "timestamp": "2026-09-15 16:15:24" }, "geometry": { "type": "Point", "coordinates": [ 23.183273315429688, 42.708187103271484 ] } },
{ "type": "Feature", "properties": { "vehicle_id": "A1408", "latitude": 42.659511566162109, "longitude": 23.324306488037109, "raw_occupancy": 1, "timestamp": "2026-09-15 16:15:24" }, "geometry": { "type": "Point", "coordinates": [ 23.324306488037109, 42.659511566162109 ] } },
{ "type": "Feature", "properties": { "vehicle_id": "A2066", "latitude": 42.714786529541016, "longitude": 23.311813354492188, "raw_occupancy": 0, "timestamp": "2026-09-15 16:15:24" }, "geometry": { "type": "Point", "coordinates": [ 23.311813354492188, 42.714786529541016 ] } },
{ "type": "Feature", "properties": { "vehicle_id": "A7161", "latitude": 42.831893920898438, "longitude": 23.334699630737305, "raw_occupancy": 1, "timestamp": "2026-09-15 16:15:24" }, "geometry": { "type": "Point", "coordinates": [ 23.334699630737305, 42.831893920898438 ] } },
{ "type": "Feature", "properties": { "vehicle_id": "A2012", "latitude": 42.656734466552734, "longitude": 23.327400207519531, "raw_occupancy": 0, "timestamp": "2026-09-15 16:15:24" }, "geometry": { "type": "Point", "coordinates": [ 23.327400207519531, 42.656734466552734 ] } },
{ "type": "Feature", "properties": { "vehicle_id": "A7139", "latitude": 42.723224639892578, "longitude": 23.54707145690918, "raw_occupancy": 1, "timestamp": "2026-09-15 16:15:24" }, "geometry": { "type": "Point", "coordinates": [ 23.54707145690918, 42.723224639892578 ] } },
{ "type": "Feature", "properties": { "vehicle_id": "A3656", "latitude": 42.645133972167969, "longitude": 23.404838562011719, "raw_occupancy": 1, "timestamp": "2026-09-15 16:15:24" }, "geometry": { "type": "Point", "coordinates": [ 23.404838562011719, 42.645133972167969 ] } },
{ "type": "Feature", "properties": { "vehicle_id": "A2305", "latitude": 42.704658508300781, "longitude": 23.331195831298828, "raw_occupancy": 2, "timestamp": "2026-09-15 16:15:24" }, "geometry": { "type": "Point", "coordinates": [ 23.331195831298828, 42.704658508300781 ] } },
{ "type": "Feature", "properties": { "vehicle_id": "A3628", "latitude": 42.661670684814453, "longitude": 23.390987396240234, "raw_occupancy": 4, "timestamp": "2026-09-15 16:15:24" }, "geometry": { "type": "Point", "coordinates": [ 23.390987396240234, 42.661670684814453 ] } },
{ "type": "Feature", "properties": { "vehicle_id": "A1607", "latitude": 42.694679260253906, "longitude": 23.283649444580078, "raw_occupancy": 1, "timestamp": "2026-09-15 16:15:24" }, "geometry": { "type": "Point", "coordinates": [ 23.283649444580078, 42.694679260253906 ] } },
{ "type": "Feature", "properties": { "vehicle_id": "A2518", "latitude": 42.642005920410156, "longitude": 23.404932022094727, "raw_occupancy": 1, "timestamp": "2026-09-15 16:15:24" }, "geometry": { "type": "Point", "coordinates": [ 23.404932022094727, 42.642005920410156 ] } },
{ "type": "Feature", "properties": { "vehicle_id": "A2077", "latitude": 42.784011840820312, "longitude": 23.395175933837891, "raw_occupancy": 1, "timestamp": "2026-09-15 16:15:24" }, "geometry": { "type": "Point", "coordinates": [ 23.395175933837891, 42.784011840820312 ] } },
{ "type": "Feature", "properties": { "vehicle_id": "A3651", "latitude": 42.640151977539062, "longitude": 23.374917984008789, "raw_occupancy": 0, "timestamp": "2026-09-15 16:15:24" }, "geometry": { "type": "Point", "coordinates": [ 23.374917984008789, 42.640151977539062 ] } },
{ "type": "Feature", "properties": { "vehicle_id": "A2001", "latitude": 42.702953338623047, "longitude": 23.353178024291992, "raw_occupancy": 2, "timestamp": "2026-09-15 16:15:24" }, "geometry": { "type": "Point", "coordinates": [ 23.353178024291992, 42.702953338623047 ] } },
{ "type": "Feature", "properties": { "vehicle_id": "A3107", "latitude": 42.690135955810547, "longitude": 23.337236404418945, "raw_occupancy": 2, "timestamp": "2026-09-15 16:15:24" }, "geometry": { "type": "Point", "coordinates": [ 23.337236404418945, 42.690135955810547 ] } },
{ "type": "Feature", "properties": { "vehicle_id": "A1809", "latitude": 42.684661865234375, "longitude": 23.237668991088867, "raw_occupancy": 1, "timestamp": "2026-09-15 16:15:24" }, "geometry": { "type": "Point", "coordinates": [ 23.237668991088867, 42.684661865234375 ] } },
{ "type": "Feature", "properties": { "vehicle_id": "A7163", "latitude": 42.767757415771484, "longitude": 23.542604446411133, "raw_occupancy": 1, "timestamp": "2026-09-15 16:15:24" }, "geometry": { "type": "Point", "coordinates": [ 23.542604446411133, 42.767757415771484 ] } },
{ "type": "Feature", "properties": { "vehicle_id": "A3146", "latitude": 42.683807373046875, "longitude": 23.321992874145508, "raw_occupancy": 2, "timestamp": "2026-09-15 16:15:24" }, "geometry": { "type": "Point", "coordinates": [ 23.321992874145508, 42.683807373046875 ] } },
{ "type": "Feature", "properties": { "vehicle_id": "A2000", "latitude": 42.702541351318359, "longitude": 23.352251052856445, "raw_occupancy": 1, "timestamp": "2026-09-15 16:15:24" }, "geometry": { "type": "Point", "coordinates": [ 23.352251052856445, 42.702541351318359 ] } },
{ "type": "Feature", "properties": { "vehicle_id": "A7133", "latitude": 42.732585906982422, "longitude": 23.317180633544922, "raw_occupancy": 3, "timestamp": "2026-09-15 16:15:24" }, "geometry": { "type": "Point", "coordinates": [ 23.317180633544922, 42.732585906982422 ] } },
{ "type": "Feature", "properties": { "vehicle_id": "A3117", "latitude": 42.633296966552734, "longitude": 23.378805160522461, "raw_occupancy": 1, "timestamp": "2026-09-15 16:15:24" }, "geometry": { "type": "Point", "coordinates": [ 23.378805160522461, 42.633296966552734 ] } },
{ "type": "Feature", "properties": { "vehicle_id": "A2311", "latitude": 42.651638031005859, "longitude": 23.355047225952148, "raw_occupancy": 2, "timestamp": "2026-09-15 16:15:24" }, "geometry": { "type": "Point", "coordinates": [ 23.355047225952148, 42.651638031005859 ] } },
{ "type": "Feature", "properties": { "vehicle_id": "A2825", "latitude": 42.706283569335938, "longitude": 23.302854537963867, "raw_occupancy": 2, "timestamp": "2026-09-15 16:15:24" }, "geometry": { "type": "Point", "coordinates": [ 23.302854537963867, 42.706283569335938 ] } },
{ "type": "Feature", "properties": { "vehicle_id": "A7189", "latitude": 42.718868255615234, "longitude": 23.339742660522461, "raw_occupancy": 2, "timestamp": "2026-09-15 16:15:24" }, "geometry": { "type": "Point", "coordinates": [ 23.339742660522461, 42.718868255615234 ] } },
{ "type": "Feature", "properties": { "vehicle_id": "A3014", "latitude": 42.683643341064453, "longitude": 23.354032516479492, "raw_occupancy": 3, "timestamp": "2026-09-15 16:15:24" }, "geometry": { "type": "Point", "coordinates": [ 23.354032516479492, 42.683643341064453 ] } },
{ "type": "Feature", "properties": { "vehicle_id": "A7041", "latitude": 42.818489074707031, "longitude": 23.250953674316406, "raw_occupancy": 0, "timestamp": "2026-09-15 16:15:24" }, "geometry": { "type": "Point", "coordinates": [ 23.250953674316406, 42.818489074707031 ] } },
{ "type": "Feature", "properties": { "vehicle_id": "A1407", "latitude": 42.702842712402344, "longitude": 23.285783767700195, "raw_occupancy": 1, "timestamp": "2026-09-15 16:15:24" }, "geometry": { "type": "Point", "coordinates": [ 23.285783767700195, 42.702842712402344 ] } },
{ "type": "Feature", "properties": { "vehicle_id": "A1213", "latitude": 42.727558135986328, "longitude": 23.217790603637695, "raw_occupancy": 2, "timestamp": "2026-09-15 16:15:24" }, "geometry": { "type": "Point", "coordinates": [ 23.217790603637695, 42.727558135986328 ] } },
{ "type": "Feature", "properties": { "vehicle_id": "A1154", "latitude": 42.675590515136719, "longitude": 23.31532096862793, "raw_occupancy": 0, "timestamp": "2026-09-15 16:15:24" }, "geometry": { "type": "Point", "coordinates": [ 23.31532096862793, 42.675590515136719 ] } },
{ "type": "Feature", "properties": { "vehicle_id": "A1163", "latitude": 42.716194152832031, "longitude": 23.250715255737305, "raw_occupancy": 0, "timestamp": "2026-09-15 16:15:24" }, "geometry": { "type": "Point", "coordinates": [ 23.250715255737305, 42.716194152832031 ] } },
{ "type": "Feature", "properties": { "vehicle_id": "A1212", "latitude": 42.649040222167969, "longitude": 23.315359115600586, "raw_occupancy": 3, "timestamp": "2026-09-15 16:15:24" }, "geometry": { "type": "Point", "coordinates": [ 23.315359115600586, 42.649040222167969 ] } },
{ "type": "Feature", "properties": { "vehicle_id": "A1174", "latitude": 42.728427886962891, "longitude": 23.249536514282227, "raw_occupancy": 1, "timestamp": "2026-09-15 16:15:24" }, "geometry": { "type": "Point", "coordinates": [ 23.249536514282227, 42.728427886962891 ] } },
{ "type": "Feature", "properties": { "vehicle_id": "A3140", "latitude": 42.715969085693359, "longitude": 23.309747695922852, "raw_occupancy": 1, "timestamp": "2026-09-15 16:15:24" }, "geometry": { "type": "Point", "coordinates": [ 23.309747695922852, 42.715969085693359 ] } },
{ "type": "Feature", "properties": { "vehicle_id": "A1314", "latitude": 42.622962951660156, "longitude": 23.230344772338867, "raw_occupancy": 1, "timestamp": "2026-09-15 16:15:24" }, "geometry": { "type": "Point", "coordinates": [ 23.230344772338867, 42.622962951660156 ] } },
{ "type": "Feature", "properties": { "vehicle_id": "A1015", "latitude": 42.644012451171875, "longitude": 23.345203399658203, "raw_occupancy": 1, "timestamp": "2026-09-15 16:15:24" }, "geometry": { "type": "Point", "coordinates": [ 23.345203399658203, 42.644012451171875 ] } },
{ "type": "Feature", "properties": { "vehicle_id": "A7123", "latitude": 42.775691986083984, "longitude": 23.495176315307617, "raw_occupancy": 1, "timestamp": "2026-09-15 16:15:24" }, "geometry": { "type": "Point", "coordinates": [ 23.495176315307617, 42.775691986083984 ] } },
{ "type": "Feature", "properties": { "vehicle_id": "A2517", "latitude": 42.652416229248047, "longitude": 23.315887451171875, "raw_occupancy": 2, "timestamp": "2026-09-15 16:15:24" }, "geometry": { "type": "Point", "coordinates": [ 23.315887451171875, 42.652416229248047 ] } },
{ "type": "Feature", "properties": { "vehicle_id": "A2815", "latitude": 42.745197296142578, "longitude": 23.348237991333008, "raw_occupancy": 0, "timestamp": "2026-09-15 16:15:24" }, "geometry": { "type": "Point", "coordinates": [ 23.348237991333008, 42.745197296142578 ] } },
{ "type": "Feature", "properties": { "vehicle_id": "A1308", "latitude": 42.668922424316406, "longitude": 23.254667282104492, "raw_occupancy": 1, "timestamp": "2026-09-15 16:15:24" }, "geometry": { "type": "Point", "coordinates": [ 23.254667282104492, 42.668922424316406 ] } },
{ "type": "Feature", "properties": { "vehicle_id": "A3115", "latitude": 42.696361541748047, "longitude": 23.349189758300781, "raw_occupancy": 1, "timestamp": "2026-09-15 16:15:24" }, "geometry": { "type": "Point", "coordinates": [ 23.349189758300781, 42.696361541748047 ] } },
{ "type": "Feature", "properties": { "vehicle_id": "A3111", "latitude": 42.660186767578125, "longitude": 23.347339630126953, "raw_occupancy": 2, "timestamp": "2026-09-15 16:15:24" }, "geometry": { "type": "Point", "coordinates": [ 23.347339630126953, 42.660186767578125 ] } },
{ "type": "Feature", "properties": { "vehicle_id": "A2057", "latitude": 42.677822113037109, "longitude": 23.355297088623047, "raw_occupancy": 2, "timestamp": "2026-09-15 16:15:24" }, "geometry": { "type": "Point", "coordinates": [ 23.355297088623047, 42.677822113037109 ] } },
{ "type": "Feature", "properties": { "vehicle_id": "A1012", "latitude": 42.649200439453125, "longitude": 23.332439422607422, "raw_occupancy": 3, "timestamp": "2026-09-15 16:15:24" }, "geometry": { "type": "Point", "coordinates": [ 23.332439422607422, 42.649200439453125 ] } },
{ "type": "Feature", "properties": { "vehicle_id": "A3135", "latitude": 42.649574279785156, "longitude": 23.358476638793945, "raw_occupancy": 3, "timestamp": "2026-09-15 16:15:24" }, "geometry": { "type": "Point", "coordinates": [ 23.358476638793945, 42.649574279785156 ] } },
{ "type": "Feature", "properties": { "vehicle_id": "A1160", "latitude": 42.674423217773438, "longitude": 23.334487915039062, "raw_occupancy": 2, "timestamp": "2026-09-15 16:15:24" }, "geometry": { "type": "Point", "coordinates": [ 23.334487915039062, 42.674423217773438 ] } },
{ "type": "Feature", "properties": { "vehicle_id": "A1152", "latitude": 42.646987915039062, "longitude": 23.34550666809082, "raw_occupancy": 0, "timestamp": "2026-09-15 16:15:24" }, "geometry": { "type": "Point", "coordinates": [ 23.34550666809082, 42.646987915039062 ] } },
{ "type": "Feature", "properties": { "vehicle_id": "A2307", "latitude": 42.642902374267578, "longitude": 23.345054626464844, "raw_occupancy": 0, "timestamp": "2026-09-15 16:15:24" }, "geometry": { "type": "Point", "coordinates": [ 23.345054626464844, 42.642902374267578 ] } },
{ "type": "Feature", "properties": { "vehicle_id": "A7165", "latitude": 42.707992553710938, "longitude": 23.444026947021484, "raw_occupancy": 1, "timestamp": "2026-09-15 16:15:24" }, "geometry": { "type": "Point", "coordinates": [ 23.444026947021484, 42.707992553710938 ] } },
{ "type": "Feature", "properties": { "vehicle_id": "A7111", "latitude": 42.731517791748047, "longitude": 23.26677131652832, "raw_occupancy": 2, "timestamp": "2026-09-15 16:15:24" }, "geometry": { "type": "Point", "coordinates": [ 23.26677131652832, 42.731517791748047 ] } },
{ "type": "Feature", "properties": { "vehicle_id": "A1311", "latitude": 42.60845947265625, "longitude": 23.298189163208008, "raw_occupancy": 0, "timestamp": "2026-09-15 16:15:24" }, "geometry": { "type": "Point", "coordinates": [ 23.298189163208008, 42.60845947265625 ] } },
{ "type": "Feature", "properties": { "vehicle_id": "A3600", "latitude": 42.658855438232422, "longitude": 23.455154418945312, "raw_occupancy": 0, "timestamp": "2026-09-15 16:15:24" }, "geometry": { "type": "Point", "coordinates": [ 23.455154418945312, 42.658855438232422 ] } },
{ "type": "Feature", "properties": { "vehicle_id": "A1845", "latitude": 42.704124450683594, "longitude": 23.149700164794922, "raw_occupancy": 2, "timestamp": "2026-09-15 16:15:24" }, "geometry": { "type": "Point", "coordinates": [ 23.149700164794922, 42.704124450683594 ] } },
{ "type": "Feature", "properties": { "vehicle_id": "A3137", "latitude": 42.640419006347656, "longitude": 23.414138793945312, "raw_occupancy": 1, "timestamp": "2026-09-15 16:15:24" }, "geometry": { "type": "Point", "coordinates": [ 23.414138793945312, 42.640419006347656 ] } },
{ "type": "Feature", "properties": { "vehicle_id": "A1156", "latitude": 42.658195495605469, "longitude": 23.314189910888672, "raw_occupancy": 1, "timestamp": "2026-09-15 16:15:24" }, "geometry": { "type": "Point", "coordinates": [ 23.314189910888672, 42.658195495605469 ] } },
{ "type": "Feature", "properties": { "vehicle_id": "A7091", "latitude": 42.710170745849609, "longitude": 23.387639999389648, "raw_occupancy": 0, "timestamp": "2026-09-15 16:15:24" }, "geometry": { "type": "Point", "coordinates": [ 23.387639999389648, 42.710170745849609 ] } },
{ "type": "Feature", "properties": { "vehicle_id": "A2055", "latitude": 42.714481353759766, "longitude": 23.298072814941406, "raw_occupancy": 1, "timestamp": "2026-09-15 16:15:24" }, "geometry": { "type": "Point", "coordinates": [ 23.298072814941406, 42.714481353759766 ] } },
{ "type": "Feature", "properties": { "vehicle_id": "A7097", "latitude": 42.717807769775391, "longitude": 23.338926315307617, "raw_occupancy": 2, "timestamp": "2026-09-15 16:15:24" }, "geometry": { "type": "Point", "coordinates": [ 23.338926315307617, 42.717807769775391 ] } },
{ "type": "Feature", "properties": { "vehicle_id": "A2816", "latitude": 42.740814208984375, "longitude": 23.328231811523438, "raw_occupancy": 0, "timestamp": "2026-09-15 16:15:24" }, "geometry": { "type": "Point", "coordinates": [ 23.328231811523438, 42.740814208984375 ] } },
{ "type": "Feature", "properties": { "vehicle_id": "A2082", "latitude": 42.541965484619141, "longitude": 23.365642547607422, "raw_occupancy": 1, "timestamp": "2026-09-15 16:15:24" }, "geometry": { "type": "Point", "coordinates": [ 23.365642547607422, 42.541965484619141 ] } },
{ "type": "Feature", "properties": { "vehicle_id": "A7063", "latitude": 42.719573974609375, "longitude": 23.220979690551758, "raw_occupancy": 0, "timestamp": "2026-09-15 16:15:24" }, "geometry": { "type": "Point", "coordinates": [ 23.220979690551758, 42.719573974609375 ] } },
{ "type": "Feature", "properties": { "vehicle_id": "A3128", "latitude": 42.642810821533203, "longitude": 23.335929870605469, "raw_occupancy": 1, "timestamp": "2026-09-15 16:15:24" }, "geometry": { "type": "Point", "coordinates": [ 23.335929870605469, 42.642810821533203 ] } },
{ "type": "Feature", "properties": { "vehicle_id": "A3409", "latitude": 42.668140411376953, "longitude": 23.368921279907227, "raw_occupancy": 2, "timestamp": "2026-09-15 16:15:24" }, "geometry": { "type": "Point", "coordinates": [ 23.368921279907227, 42.668140411376953 ] } },
{ "type": "Feature", "properties": { "vehicle_id": "A2043", "latitude": 42.710220336914062, "longitude": 23.361099243164062, "raw_occupancy": 1, "timestamp": "2026-09-15 16:15:24" }, "geometry": { "type": "Point", "coordinates": [ 23.361099243164062, 42.710220336914062 ] } },
{ "type": "Feature", "properties": { "vehicle_id": "A3620", "latitude": 42.637233734130859, "longitude": 23.380571365356445, "raw_occupancy": 2, "timestamp": "2026-09-15 16:15:24" }, "geometry": { "type": "Point", "coordinates": [ 23.380571365356445, 42.637233734130859 ] } },
{ "type": "Feature", "properties": { "vehicle_id": "A2822", "latitude": 42.72576904296875, "longitude": 23.317119598388672, "raw_occupancy": 1, "timestamp": "2026-09-15 16:15:24" }, "geometry": { "type": "Point", "coordinates": [ 23.317119598388672, 42.72576904296875 ] } },
{ "type": "Feature", "properties": { "vehicle_id": "A2814", "latitude": 42.628620147705078, "longitude": 23.372888565063477, "raw_occupancy": 0, "timestamp": "2026-09-15 16:15:24" }, "geometry": { "type": "Point", "coordinates": [ 23.372888565063477, 42.628620147705078 ] } },
{ "type": "Feature", "properties": { "vehicle_id": "A3156", "latitude": 42.666477203369141, "longitude": 23.284570693969727, "raw_occupancy": 1, "timestamp": "2026-09-15 16:15:24" }, "geometry": { "type": "Point", "coordinates": [ 23.284570693969727, 42.666477203369141 ] } },
{ "type": "Feature", "properties": { "vehicle_id": "A3660", "latitude": 42.557731628417969, "longitude": 23.367214202880859, "raw_occupancy": 2, "timestamp": "2026-09-15 16:15:24" }, "geometry": { "type": "Point", "coordinates": [ 23.367214202880859, 42.557731628417969 ] } },
{ "type": "Feature", "properties": { "vehicle_id": "A1402", "latitude": 42.731590270996094, "longitude": 23.283452987670898, "raw_occupancy": 1, "timestamp": "2026-09-15 16:15:24" }, "geometry": { "type": "Point", "coordinates": [ 23.283452987670898, 42.731590270996094 ] } },
{ "type": "Feature", "properties": { "vehicle_id": "A1853", "latitude": 42.697399139404297, "longitude": 23.149955749511719, "raw_occupancy": 0, "timestamp": "2026-09-15 16:15:24" }, "geometry": { "type": "Point", "coordinates": [ 23.149955749511719, 42.697399139404297 ] } },
{ "type": "Feature", "properties": { "vehicle_id": "A1319", "latitude": 42.630802154541016, "longitude": 23.194032669067383, "raw_occupancy": 1, "timestamp": "2026-09-15 16:15:24" }, "geometry": { "type": "Point", "coordinates": [ 23.194032669067383, 42.630802154541016 ] } },
{ "type": "Feature", "properties": { "vehicle_id": "A3404", "latitude": 42.655426025390625, "longitude": 23.336275100708008, "raw_occupancy": 2, "timestamp": "2026-09-15 16:15:24" }, "geometry": { "type": "Point", "coordinates": [ 23.336275100708008, 42.655426025390625 ] } },
{ "type": "Feature", "properties": { "vehicle_id": "A7159", "latitude": 42.844837188720703, "longitude": 23.32014274597168, "raw_occupancy": 0, "timestamp": "2026-09-15 16:15:24" }, "geometry": { "type": "Point", "coordinates": [ 23.32014274597168, 42.844837188720703 ] } },
{ "type": "Feature", "properties": { "vehicle_id": "A1170", "latitude": 42.669967651367188, "longitude": 23.296941757202148, "raw_occupancy": 2, "timestamp": "2026-09-15 16:15:24" }, "geometry": { "type": "Point", "coordinates": [ 23.296941757202148, 42.669967651367188 ] } },
{ "type": "Feature", "properties": { "vehicle_id": "A1010", "latitude": 42.656852722167969, "longitude": 23.307075500488281, "raw_occupancy": 1, "timestamp": "2026-09-15 16:15:24" }, "geometry": { "type": "Point", "coordinates": [ 23.307075500488281, 42.656852722167969 ] } },
{ "type": "Feature", "properties": { "vehicle_id": "A2054", "latitude": 42.677608489990234, "longitude": 23.360301971435547, "raw_occupancy": 1, "timestamp": "2026-09-15 16:15:24" }, "geometry": { "type": "Point", "coordinates": [ 23.360301971435547, 42.677608489990234 ] } },
{ "type": "Feature", "properties": { "vehicle_id": "A2319", "latitude": 42.666702270507812, "longitude": 23.36445426940918, "raw_occupancy": 2, "timestamp": "2026-09-15 16:15:24" }, "geometry": { "type": "Point", "coordinates": [ 23.36445426940918, 42.666702270507812 ] } },
{ "type": "Feature", "properties": { "vehicle_id": "A1031", "latitude": 42.644222259521484, "longitude": 23.266326904296875, "raw_occupancy": 0, "timestamp": "2026-09-15 16:15:24" }, "geometry": { "type": "Point", "coordinates": [ 23.266326904296875, 42.644222259521484 ] } },
{ "type": "Feature", "properties": { "vehicle_id": "A2313", "latitude": 42.694309234619141, "longitude": 23.334753036499023, "raw_occupancy": 1, "timestamp": "2026-09-15 16:15:24" }, "geometry": { "type": "Point", "coordinates": [ 23.334753036499023, 42.694309234619141 ] } },
{ "type": "Feature", "properties": { "vehicle_id": "A3013", "latitude": 42.6798095703125, "longitude": 23.303691864013672, "raw_occupancy": 1, "timestamp": "2026-09-15 16:15:24" }, "geometry": { "type": "Point", "coordinates": [ 23.303691864013672, 42.6798095703125 ] } },
{ "type": "Feature", "properties": { "vehicle_id": "A3665", "latitude": 42.672908782958984, "longitude": 23.362567901611328, "raw_occupancy": 3, "timestamp": "2026-09-15 16:15:24" }, "geometry": { "type": "Point", "coordinates": [ 23.362567901611328, 42.672908782958984 ] } },
{ "type": "Feature", "properties": { "vehicle_id": "A3652", "latitude": 42.654529571533203, "longitude": 23.349292755126953, "raw_occupancy": 1, "timestamp": "2026-09-15 16:15:24" }, "geometry": { "type": "Point", "coordinates": [ 23.349292755126953, 42.654529571533203 ] } },
{ "type": "Feature", "properties": { "vehicle_id": "A1425", "latitude": 42.644924163818359, "longitude": 23.374874114990234, "raw_occupancy": 1, "timestamp": "2026-09-15 16:15:24" }, "geometry": { "type": "Point", "coordinates": [ 23.374874114990234, 42.644924163818359 ] } },
{ "type": "Feature", "properties": { "vehicle_id": "A3112", "latitude": 42.690597534179688, "longitude": 23.336889266967773, "raw_occupancy": 2, "timestamp": "2026-09-15 16:15:24" }, "geometry": { "type": "Point", "coordinates": [ 23.336889266967773, 42.690597534179688 ] } },
{ "type": "Feature", "properties": { "vehicle_id": "A2041", "latitude": 42.714439392089844, "longitude": 23.244789123535156, "raw_occupancy": 1, "timestamp": "2026-09-15 16:15:24" }, "geometry": { "type": "Point", "coordinates": [ 23.244789123535156, 42.714439392089844 ] } },
{ "type": "Feature", "properties": { "vehicle_id": "A1215", "latitude": 42.630500793457031, "longitude": 23.372955322265625, "raw_occupancy": 0, "timestamp": "2026-09-15 16:15:24" }, "geometry": { "type": "Point", "coordinates": [ 23.372955322265625, 42.630500793457031 ] } },
{ "type": "Feature", "properties": { "vehicle_id": "A2501", "latitude": 42.705287933349609, "longitude": 23.333871841430664, "raw_occupancy": 1, "timestamp": "2026-09-15 16:15:24" }, "geometry": { "type": "Point", "coordinates": [ 23.333871841430664, 42.705287933349609 ] } },
{ "type": "Feature", "properties": { "vehicle_id": "A2046", "latitude": 42.725833892822266, "longitude": 23.254316329956055, "raw_occupancy": 1, "timestamp": "2026-09-15 16:15:24" }, "geometry": { "type": "Point", "coordinates": [ 23.254316329956055, 42.725833892822266 ] } },
{ "type": "Feature", "properties": { "vehicle_id": "A1305", "latitude": 42.672325134277344, "longitude": 23.251743316650391, "raw_occupancy": 1, "timestamp": "2026-09-15 16:15:24" }, "geometry": { "type": "Point", "coordinates": [ 23.251743316650391, 42.672325134277344 ] } },
{ "type": "Feature", "properties": { "vehicle_id": "A3608", "latitude": 42.653232574462891, "longitude": 23.372844696044922, "raw_occupancy": 0, "timestamp": "2026-09-15 16:15:24" }, "geometry": { "type": "Point", "coordinates": [ 23.372844696044922, 42.653232574462891 ] } },
{ "type": "Feature", "properties": { "vehicle_id": "A3017", "latitude": 42.696861267089844, "longitude": 23.359077453613281, "raw_occupancy": 1, "timestamp": "2026-09-15 16:15:24" }, "geometry": { "type": "Point", "coordinates": [ 23.359077453613281, 42.696861267089844 ] } },
{ "type": "Feature", "properties": { "vehicle_id": "A2504", "latitude": 42.72674560546875, "longitude": 23.252777099609375, "raw_occupancy": 1, "timestamp": "2026-09-15 16:15:24" }, "geometry": { "type": "Point", "coordinates": [ 23.252777099609375, 42.72674560546875 ] } },
{ "type": "Feature", "properties": { "vehicle_id": "A1162", "latitude": 42.7291259765625, "longitude": 23.282936096191406, "raw_occupancy": 3, "timestamp": "2026-09-15 16:15:24" }, "geometry": { "type": "Point", "coordinates": [ 23.282936096191406, 42.7291259765625 ] } },
{ "type": "Feature", "properties": { "vehicle_id": "A3136", "latitude": 42.705577850341797, "longitude": 23.323637008666992, "raw_occupancy": 0, "timestamp": "2026-09-15 16:15:24" }, "geometry": { "type": "Point", "coordinates": [ 23.323637008666992, 42.705577850341797 ] } },
{ "type": "Feature", "properties": { "vehicle_id": "A2050", "latitude": 42.708438873291016, "longitude": 23.296730041503906, "raw_occupancy": 2, "timestamp": "2026-09-15 16:15:24" }, "geometry": { "type": "Point", "coordinates": [ 23.296730041503906, 42.708438873291016 ] } },
{ "type": "Feature", "properties": { "vehicle_id": "A3613", "latitude": 42.663360595703125, "longitude": 23.415826797485352, "raw_occupancy": 1, "timestamp": "2026-09-15 16:15:24" }, "geometry": { "type": "Point", "coordinates": [ 23.415826797485352, 42.663360595703125 ] } },
{ "type": "Feature", "properties": { "vehicle_id": "A2016", "latitude": 42.690597534179688, "longitude": 23.332006454467773, "raw_occupancy": 0, "timestamp": "2026-09-15 16:15:24" }, "geometry": { "type": "Point", "coordinates": [ 23.332006454467773, 42.690597534179688 ] } },
{ "type": "Feature", "properties": { "vehicle_id": "A2020", "latitude": 42.666950225830078, "longitude": 23.337491989135742, "raw_occupancy": 0, "timestamp": "2026-09-15 16:15:24" }, "geometry": { "type": "Point", "coordinates": [ 23.337491989135742, 42.666950225830078 ] } },
{ "type": "Feature", "properties": { "vehicle_id": "A7067", "latitude": 42.707286834716797, "longitude": 23.410551071166992, "raw_occupancy": 3, "timestamp": "2026-09-15 16:15:24" }, "geometry": { "type": "Point", "coordinates": [ 23.410551071166992, 42.707286834716797 ] } },
{ "type": "Feature", "properties": { "vehicle_id": "A1404", "latitude": 42.645816802978516, "longitude": 23.314262390136719, "raw_occupancy": 3, "timestamp": "2026-09-15 16:15:24" }, "geometry": { "type": "Point", "coordinates": [ 23.314262390136719, 42.645816802978516 ] } },
{ "type": "Feature", "properties": { "vehicle_id": "A3114", "latitude": 42.690364837646484, "longitude": 23.372007369995117, "raw_occupancy": 3, "timestamp": "2026-09-15 16:15:24" }, "geometry": { "type": "Point", "coordinates": [ 23.372007369995117, 42.690364837646484 ] } },
{ "type": "Feature", "properties": { "vehicle_id": "A1035", "latitude": 42.666889190673828, "longitude": 23.242250442504883, "raw_occupancy": 1, "timestamp": "2026-09-15 16:15:24" }, "geometry": { "type": "Point", "coordinates": [ 23.242250442504883, 42.666889190673828 ] } },
{ "type": "Feature", "properties": { "vehicle_id": "A1851", "latitude": 42.686618804931641, "longitude": 23.299123764038086, "raw_occupancy": 1, "timestamp": "2026-09-15 16:15:24" }, "geometry": { "type": "Point", "coordinates": [ 23.299123764038086, 42.686618804931641 ] } },
{ "type": "Feature", "properties": { "vehicle_id": "A1805", "latitude": 42.656753540039062, "longitude": 23.274326324462891, "raw_occupancy": 2, "timestamp": "2026-09-15 16:15:24" }, "geometry": { "type": "Point", "coordinates": [ 23.274326324462891, 42.656753540039062 ] } },
{ "type": "Feature", "properties": { "vehicle_id": "A2515", "latitude": 42.691501617431641, "longitude": 23.340265274047852, "raw_occupancy": 3, "timestamp": "2026-09-15 16:15:24" }, "geometry": { "type": "Point", "coordinates": [ 23.340265274047852, 42.691501617431641 ] } },
{ "type": "Feature", "properties": { "vehicle_id": "A2316", "latitude": 42.690959930419922, "longitude": 23.338037490844727, "raw_occupancy": 1, "timestamp": "2026-09-15 16:15:24" }, "geometry": { "type": "Point", "coordinates": [ 23.338037490844727, 42.690959930419922 ] } },
{ "type": "Feature", "properties": { "vehicle_id": "A7053", "latitude": 42.705551147460938, "longitude": 23.358547210693359, "raw_occupancy": 1, "timestamp": "2026-09-15 16:15:24" }, "geometry": { "type": "Point", "coordinates": [ 23.358547210693359, 42.705551147460938 ] } },
{ "type": "Feature", "properties": { "vehicle_id": "A3154", "latitude": 42.674907684326172, "longitude": 23.29034423828125, "raw_occupancy": 2, "timestamp": "2026-09-15 16:15:24" }, "geometry": { "type": "Point", "coordinates": [ 23.29034423828125, 42.674907684326172 ] } },
{ "type": "Feature", "properties": { "vehicle_id": "A3700", "latitude": 42.708782196044922, "longitude": 23.432567596435547, "raw_occupancy": 0, "timestamp": "2026-09-15 16:15:24" }, "geometry": { "type": "Point", "coordinates": [ 23.432567596435547, 42.708782196044922 ] } },
{ "type": "Feature", "properties": { "vehicle_id": "A3632", "latitude": 42.663284301757812, "longitude": 23.415805816650391, "raw_occupancy": 1, "timestamp": "2026-09-15 16:15:24" }, "geometry": { "type": "Point", "coordinates": [ 23.415805816650391, 42.663284301757812 ] } },
{ "type": "Feature", "properties": { "vehicle_id": "A2053", "latitude": 42.570541381835938, "longitude": 23.43218994140625, "raw_occupancy": 1, "timestamp": "2026-09-15 16:15:24" }, "geometry": { "type": "Point", "coordinates": [ 23.43218994140625, 42.570541381835938 ] } },
{ "type": "Feature", "properties": { "vehicle_id": "A7061", "latitude": 42.782936096191406, "longitude": 23.318626403808594, "raw_occupancy": 4, "timestamp": "2026-09-15 16:15:24" }, "geometry": { "type": "Point", "coordinates": [ 23.318626403808594, 42.782936096191406 ] } },
{ "type": "Feature", "properties": { "vehicle_id": "A2722", "latitude": 42.817653656005859, "longitude": 23.354913711547852, "raw_occupancy": 1, "timestamp": "2026-09-15 16:15:24" }, "geometry": { "type": "Point", "coordinates": [ 23.354913711547852, 42.817653656005859 ] } },
{ "type": "Feature", "properties": { "vehicle_id": "A7079", "latitude": 42.732437133789062, "longitude": 23.296550750732422, "raw_occupancy": 2, "timestamp": "2026-09-15 16:15:24" }, "geometry": { "type": "Point", "coordinates": [ 23.296550750732422, 42.732437133789062 ] } },
{ "type": "Feature", "properties": { "vehicle_id": "A1421", "latitude": 42.646389007568359, "longitude": 23.267274856567383, "raw_occupancy": 3, "timestamp": "2026-09-15 16:15:24" }, "geometry": { "type": "Point", "coordinates": [ 23.267274856567383, 42.646389007568359 ] } },
{ "type": "Feature", "properties": { "vehicle_id": "A2308", "latitude": 42.672306060791016, "longitude": 23.3634033203125, "raw_occupancy": 2, "timestamp": "2026-09-15 16:15:24" }, "geometry": { "type": "Point", "coordinates": [ 23.3634033203125, 42.672306060791016 ] } },
{ "type": "Feature", "properties": { "vehicle_id": "A1612", "latitude": 42.657089233398438, "longitude": 23.271947860717773, "raw_occupancy": 1, "timestamp": "2026-09-15 16:15:24" }, "geometry": { "type": "Point", "coordinates": [ 23.271947860717773, 42.657089233398438 ] } },
{ "type": "Feature", "properties": { "vehicle_id": "A1159", "latitude": 42.679363250732422, "longitude": 23.302244186401367, "raw_occupancy": 2, "timestamp": "2026-09-15 16:15:24" }, "geometry": { "type": "Point", "coordinates": [ 23.302244186401367, 42.679363250732422 ] } },
{ "type": "Feature", "properties": { "vehicle_id": "A3122", "latitude": 42.663185119628906, "longitude": 23.357259750366211, "raw_occupancy": 0, "timestamp": "2026-09-15 16:15:24" }, "geometry": { "type": "Point", "coordinates": [ 23.357259750366211, 42.663185119628906 ] } },
{ "type": "Feature", "properties": { "vehicle_id": "A7121", "latitude": 42.705101013183594, "longitude": 23.333465576171875, "raw_occupancy": 2, "timestamp": "2026-09-15 16:15:24" }, "geometry": { "type": "Point", "coordinates": [ 23.333465576171875, 42.705101013183594 ] } },
{ "type": "Feature", "properties": { "vehicle_id": "A1181", "latitude": 42.694446563720703, "longitude": 23.292690277099609, "raw_occupancy": 0, "timestamp": "2026-09-15 16:15:24" }, "geometry": { "type": "Point", "coordinates": [ 23.292690277099609, 42.694446563720703 ] } },
{ "type": "Feature", "properties": { "vehicle_id": "A2733", "latitude": 42.742279052734375, "longitude": 23.285276412963867, "raw_occupancy": 1, "timestamp": "2026-09-15 16:15:24" }, "geometry": { "type": "Point", "coordinates": [ 23.285276412963867, 42.742279052734375 ] } },
{ "type": "Feature", "properties": { "vehicle_id": "A2033", "latitude": 42.683246612548828, "longitude": 23.347543716430664, "raw_occupancy": 3, "timestamp": "2026-09-15 16:15:24" }, "geometry": { "type": "Point", "coordinates": [ 23.347543716430664, 42.683246612548828 ] } },
{ "type": "Feature", "properties": { "vehicle_id": "A1869", "latitude": 42.729869842529297, "longitude": 23.10191535949707, "raw_occupancy": 0, "timestamp": "2026-09-15 16:15:24" }, "geometry": { "type": "Point", "coordinates": [ 23.10191535949707, 42.729869842529297 ] } },
{ "type": "Feature", "properties": { "vehicle_id": "A3606", "latitude": 42.586566925048828, "longitude": 23.360454559326172, "raw_occupancy": 1, "timestamp": "2026-09-15 16:15:24" }, "geometry": { "type": "Point", "coordinates": [ 23.360454559326172, 42.586566925048828 ] } },
{ "type": "Feature", "properties": { "vehicle_id": "A7141", "latitude": 42.771541595458984, "longitude": 23.361665725708008, "raw_occupancy": 2, "timestamp": "2026-09-15 16:15:24" }, "geometry": { "type": "Point", "coordinates": [ 23.361665725708008, 42.771541595458984 ] } },
{ "type": "Feature", "properties": { "vehicle_id": "A1150", "latitude": 42.73028564453125, "longitude": 23.293659210205078, "raw_occupancy": 2, "timestamp": "2026-09-15 16:15:24" }, "geometry": { "type": "Point", "coordinates": [ 23.293659210205078, 42.73028564453125 ] } },
{ "type": "Feature", "properties": { "vehicle_id": "A1208", "latitude": 42.650386810302734, "longitude": 23.31553840637207, "raw_occupancy": 2, "timestamp": "2026-09-15 16:15:24" }, "geometry": { "type": "Point", "coordinates": [ 23.31553840637207, 42.650386810302734 ] } },
{ "type": "Feature", "properties": { "vehicle_id": "A3662", "latitude": 42.612339019775391, "longitude": 23.338724136352539, "raw_occupancy": 1, "timestamp": "2026-09-15 16:15:24" }, "geometry": { "type": "Point", "coordinates": [ 23.338724136352539, 42.612339019775391 ] } },
{ "type": "Feature", "properties": { "vehicle_id": "A3650", "latitude": 42.589038848876953, "longitude": 23.363361358642578, "raw_occupancy": 1, "timestamp": "2026-09-15 16:15:24" }, "geometry": { "type": "Point", "coordinates": [ 23.363361358642578, 42.589038848876953 ] } },
{ "type": "Feature", "properties": { "vehicle_id": "A7143", "latitude": 42.721176147460938, "longitude": 23.364603042602539, "raw_occupancy": 2, "timestamp": "2026-09-15 16:15:24" }, "geometry": { "type": "Point", "coordinates": [ 23.364603042602539, 42.721176147460938 ] } },
{ "type": "Feature", "properties": { "vehicle_id": "A1179", "latitude": 42.679237365722656, "longitude": 23.283864974975586, "raw_occupancy": 1, "timestamp": "2026-09-15 16:15:24" }, "geometry": { "type": "Point", "coordinates": [ 23.283864974975586, 42.679237365722656 ] } },
{ "type": "Feature", "properties": { "vehicle_id": "A1859", "latitude": 42.672035217285156, "longitude": 23.24052619934082, "raw_occupancy": 3, "timestamp": "2026-09-15 16:15:24" }, "geometry": { "type": "Point", "coordinates": [ 23.24052619934082, 42.672035217285156 ] } },
{ "type": "Feature", "properties": { "vehicle_id": "A3109", "latitude": 42.686630249023438, "longitude": 23.342868804931641, "raw_occupancy": 2, "timestamp": "2026-09-15 16:15:24" }, "geometry": { "type": "Point", "coordinates": [ 23.342868804931641, 42.686630249023438 ] } },
{ "type": "Feature", "properties": { "vehicle_id": "A3157", "latitude": 42.631931304931641, "longitude": 23.375007629394531, "raw_occupancy": 1, "timestamp": "2026-09-15 16:15:24" }, "geometry": { "type": "Point", "coordinates": [ 23.375007629394531, 42.631931304931641 ] } },
{ "type": "Feature", "properties": { "vehicle_id": "A1841", "latitude": 42.624225616455078, "longitude": 23.371101379394531, "raw_occupancy": 2, "timestamp": "2026-09-15 16:15:24" }, "geometry": { "type": "Point", "coordinates": [ 23.371101379394531, 42.624225616455078 ] } },
{ "type": "Feature", "properties": { "vehicle_id": "A3657", "latitude": 42.662528991699219, "longitude": 23.392080307006836, "raw_occupancy": 1, "timestamp": "2026-09-15 16:15:24" }, "geometry": { "type": "Point", "coordinates": [ 23.392080307006836, 42.662528991699219 ] } },
{ "type": "Feature", "properties": { "vehicle_id": "A1839", "latitude": 42.705665588378906, "longitude": 23.317470550537109, "raw_occupancy": 1, "timestamp": "2026-09-15 16:15:24" }, "geometry": { "type": "Point", "coordinates": [ 23.317470550537109, 42.705665588378906 ] } },
{ "type": "Feature", "properties": { "vehicle_id": "A7185", "latitude": 42.707088470458984, "longitude": 23.409521102905273, "raw_occupancy": 1, "timestamp": "2026-09-15 16:15:24" }, "geometry": { "type": "Point", "coordinates": [ 23.409521102905273, 42.707088470458984 ] } },
{ "type": "Feature", "properties": { "vehicle_id": "A3016", "latitude": 42.677066802978516, "longitude": 23.368722915649414, "raw_occupancy": 2, "timestamp": "2026-09-15 16:15:24" }, "geometry": { "type": "Point", "coordinates": [ 23.368722915649414, 42.677066802978516 ] } },
{ "type": "Feature", "properties": { "vehicle_id": "A2076", "latitude": 42.598957061767578, "longitude": 23.404874801635742, "raw_occupancy": 1, "timestamp": "2026-09-15 16:15:24" }, "geometry": { "type": "Point", "coordinates": [ 23.404874801635742, 42.598957061767578 ] } },
{ "type": "Feature", "properties": { "vehicle_id": "A7087", "latitude": 42.821128845214844, "longitude": 23.282272338867188, "raw_occupancy": 1, "timestamp": "2026-09-15 16:15:24" }, "geometry": { "type": "Point", "coordinates": [ 23.282272338867188, 42.821128845214844 ] } },
{ "type": "Feature", "properties": { "vehicle_id": "A3664", "latitude": 42.656784057617188, "longitude": 23.400539398193359, "raw_occupancy": 1, "timestamp": "2026-09-15 16:15:24" }, "geometry": { "type": "Point", "coordinates": [ 23.400539398193359, 42.656784057617188 ] } },
{ "type": "Feature", "properties": { "vehicle_id": "A3153", "latitude": 42.708648681640625, "longitude": 23.318264007568359, "raw_occupancy": 1, "timestamp": "2026-09-15 16:15:24" }, "geometry": { "type": "Point", "coordinates": [ 23.318264007568359, 42.708648681640625 ] } },
{ "type": "Feature", "properties": { "vehicle_id": "A1026", "latitude": 42.61865234375, "longitude": 23.41834831237793, "raw_occupancy": 3, "timestamp": "2026-09-15 16:15:24" }, "geometry": { "type": "Point", "coordinates": [ 23.41834831237793, 42.61865234375 ] } },
{ "type": "Feature", "properties": { "vehicle_id": "A1230", "latitude": 42.716144561767578, "longitude": 23.251077651977539, "raw_occupancy": 2, "timestamp": "2026-09-15 16:15:24" }, "geometry": { "type": "Point", "coordinates": [ 23.251077651977539, 42.716144561767578 ] } },
{ "type": "Feature", "properties": { "vehicle_id": "A2037", "latitude": 42.662944793701172, "longitude": 23.344833374023438, "raw_occupancy": 2, "timestamp": "2026-09-15 16:15:24" }, "geometry": { "type": "Point", "coordinates": [ 23.344833374023438, 42.662944793701172 ] } },
{ "type": "Feature", "properties": { "vehicle_id": "A2306", "latitude": 42.668636322021484, "longitude": 23.368839263916016, "raw_occupancy": 1, "timestamp": "2026-09-15 16:15:24" }, "geometry": { "type": "Point", "coordinates": [ 23.368839263916016, 42.668636322021484 ] } },
{ "type": "Feature", "properties": { "vehicle_id": "A3126", "latitude": 42.671001434326172, "longitude": 23.351362228393555, "raw_occupancy": 2, "timestamp": "2026-09-15 16:15:24" }, "geometry": { "type": "Point", "coordinates": [ 23.351362228393555, 42.671001434326172 ] } },
{ "type": "Feature", "properties": { "vehicle_id": "A7095", "latitude": 42.708011627197266, "longitude": 23.412494659423828, "raw_occupancy": 3, "timestamp": "2026-09-15 16:15:24" }, "geometry": { "type": "Point", "coordinates": [ 23.412494659423828, 42.708011627197266 ] } },
{ "type": "Feature", "properties": { "vehicle_id": "A2086", "latitude": 42.715557098388672, "longitude": 23.309749603271484, "raw_occupancy": 1, "timestamp": "2026-09-15 16:15:24" }, "geometry": { "type": "Point", "coordinates": [ 23.309749603271484, 42.715557098388672 ] } },
{ "type": "Feature", "properties": { "vehicle_id": "A2014", "latitude": 42.7135009765625, "longitude": 23.382081985473633, "raw_occupancy": 1, "timestamp": "2026-09-15 16:15:24" }, "geometry": { "type": "Point", "coordinates": [ 23.382081985473633, 42.7135009765625 ] } },
{ "type": "Feature", "properties": { "vehicle_id": "A2085", "latitude": 42.640853881835938, "longitude": 23.312299728393555, "raw_occupancy": 2, "timestamp": "2026-09-15 16:15:24" }, "geometry": { "type": "Point", "coordinates": [ 23.312299728393555, 42.640853881835938 ] } },
{ "type": "Feature", "properties": { "vehicle_id": "A7191", "latitude": 42.741378784179688, "longitude": 23.399185180664062, "raw_occupancy": 1, "timestamp": "2026-09-15 16:15:24" }, "geometry": { "type": "Point", "coordinates": [ 23.399185180664062, 42.741378784179688 ] } },
{ "type": "Feature", "properties": { "vehicle_id": "A7147", "latitude": 42.801265716552734, "longitude": 23.275962829589844, "raw_occupancy": 0, "timestamp": "2026-09-15 16:15:24" }, "geometry": { "type": "Point", "coordinates": [ 23.275962829589844, 42.801265716552734 ] } },
{ "type": "Feature", "properties": { "vehicle_id": "A1172", "latitude": 42.686771392822266, "longitude": 23.273340225219727, "raw_occupancy": 1, "timestamp": "2026-09-15 16:15:24" }, "geometry": { "type": "Point", "coordinates": [ 23.273340225219727, 42.686771392822266 ] } },
{ "type": "Feature", "properties": { "vehicle_id": "A2807", "latitude": 42.713790893554688, "longitude": 23.304039001464844, "raw_occupancy": 3, "timestamp": "2026-09-15 16:15:24" }, "geometry": { "type": "Point", "coordinates": [ 23.304039001464844, 42.713790893554688 ] } },
{ "type": "Feature", "properties": { "vehicle_id": "A3671", "latitude": 42.486934661865234, "longitude": 23.408376693725586, "raw_occupancy": 0, "timestamp": "2026-09-15 16:15:24" }, "geometry": { "type": "Point", "coordinates": [ 23.408376693725586, 42.486934661865234 ] } },
{ "type": "Feature", "properties": { "vehicle_id": "A1603", "latitude": 42.685523986816406, "longitude": 23.235988616943359, "raw_occupancy": 3, "timestamp": "2026-09-15 16:15:24" }, "geometry": { "type": "Point", "coordinates": [ 23.235988616943359, 42.685523986816406 ] } },
{ "type": "Feature", "properties": { "vehicle_id": "A2018", "latitude": 42.676456451416016, "longitude": 23.33349609375, "raw_occupancy": 1, "timestamp": "2026-09-15 16:15:24" }, "geometry": { "type": "Point", "coordinates": [ 23.33349609375, 42.676456451416016 ] } },
{ "type": "Feature", "properties": { "vehicle_id": "A1117", "latitude": 42.745372772216797, "longitude": 23.228572845458984, "raw_occupancy": 2, "timestamp": "2026-09-15 16:15:24" }, "geometry": { "type": "Point", "coordinates": [ 23.228572845458984, 42.745372772216797 ] } },
{ "type": "Feature", "properties": { "vehicle_id": "A1618", "latitude": 42.696414947509766, "longitude": 23.349271774291992, "raw_occupancy": 2, "timestamp": "2026-09-15 16:15:24" }, "geometry": { "type": "Point", "coordinates": [ 23.349271774291992, 42.696414947509766 ] } },
{ "type": "Feature", "properties": { "vehicle_id": "A1214", "latitude": 42.667137145996094, "longitude": 23.276067733764648, "raw_occupancy": 1, "timestamp": "2026-09-15 16:15:24" }, "geometry": { "type": "Point", "coordinates": [ 23.276067733764648, 42.667137145996094 ] } },
{ "type": "Feature", "properties": { "vehicle_id": "A2072", "latitude": 42.706813812255859, "longitude": 23.332426071166992, "raw_occupancy": 0, "timestamp": "2026-09-15 16:15:24" }, "geometry": { "type": "Point", "coordinates": [ 23.332426071166992, 42.706813812255859 ] } },
{ "type": "Feature", "properties": { "vehicle_id": "A3403", "latitude": 42.657730102539062, "longitude": 23.414901733398438, "raw_occupancy": 2, "timestamp": "2026-09-15 16:15:24" }, "geometry": { "type": "Point", "coordinates": [ 23.414901733398438, 42.657730102539062 ] } },
{ "type": "Feature", "properties": { "vehicle_id": "A1189", "latitude": 42.659793853759766, "longitude": 23.347518920898438, "raw_occupancy": 3, "timestamp": "2026-09-15 16:15:24" }, "geometry": { "type": "Point", "coordinates": [ 23.347518920898438, 42.659793853759766 ] } },
{ "type": "Feature", "properties": { "vehicle_id": "A1229", "latitude": 42.714488983154297, "longitude": 23.217231750488281, "raw_occupancy": 3, "timestamp": "2026-09-15 16:15:24" }, "geometry": { "type": "Point", "coordinates": [ 23.217231750488281, 42.714488983154297 ] } },
{ "type": "Feature", "properties": { "vehicle_id": "A3015", "latitude": 42.692604064941406, "longitude": 23.368810653686523, "raw_occupancy": 1, "timestamp": "2026-09-15 16:15:24" }, "geometry": { "type": "Point", "coordinates": [ 23.368810653686523, 42.692604064941406 ] } },
{ "type": "Feature", "properties": { "vehicle_id": "A2075", "latitude": 42.6016845703125, "longitude": 23.4866943359375, "raw_occupancy": 1, "timestamp": "2026-09-15 16:15:24" }, "geometry": { "type": "Point", "coordinates": [ 23.4866943359375, 42.6016845703125 ] } },
{ "type": "Feature", "properties": { "vehicle_id": "A3319", "latitude": 42.705150604248047, "longitude": 23.333641052246094, "raw_occupancy": 1, "timestamp": "2026-09-15 16:15:24" }, "geometry": { "type": "Point", "coordinates": [ 23.333641052246094, 42.705150604248047 ] } },
{ "type": "Feature", "properties": { "vehicle_id": "A3132", "latitude": 42.657566070556641, "longitude": 23.386201858520508, "raw_occupancy": 2, "timestamp": "2026-09-15 16:15:24" }, "geometry": { "type": "Point", "coordinates": [ 23.386201858520508, 42.657566070556641 ] } },
{ "type": "Feature", "properties": { "vehicle_id": "A1601", "latitude": 42.688800811767578, "longitude": 23.276700973510742, "raw_occupancy": 4, "timestamp": "2026-09-15 16:15:24" }, "geometry": { "type": "Point", "coordinates": [ 23.276700973510742, 42.688800811767578 ] } },
{ "type": "Feature", "properties": { "vehicle_id": "A2028", "latitude": 42.702640533447266, "longitude": 23.333581924438477, "raw_occupancy": 1, "timestamp": "2026-09-15 16:15:24" }, "geometry": { "type": "Point", "coordinates": [ 23.333581924438477, 42.702640533447266 ] } },
{ "type": "Feature", "properties": { "vehicle_id": "A3138", "latitude": 42.646316528320312, "longitude": 23.377218246459961, "raw_occupancy": 2, "timestamp": "2026-09-15 16:15:24" }, "geometry": { "type": "Point", "coordinates": [ 23.377218246459961, 42.646316528320312 ] } },
{ "type": "Feature", "properties": { "vehicle_id": "A2165", "latitude": 42.711925506591797, "longitude": 23.31852912902832, "raw_occupancy": 1, "timestamp": "2026-09-15 16:15:24" }, "geometry": { "type": "Point", "coordinates": [ 23.31852912902832, 42.711925506591797 ] } },
{ "type": "Feature", "properties": { "vehicle_id": "A1606", "latitude": 42.651332855224609, "longitude": 23.367782592773438, "raw_occupancy": 0, "timestamp": "2026-09-15 16:15:24" }, "geometry": { "type": "Point", "coordinates": [ 23.367782592773438, 42.651332855224609 ] } },
{ "type": "Feature", "properties": { "vehicle_id": "A2318", "latitude": 42.651138305664062, "longitude": 23.342296600341797, "raw_occupancy": 3, "timestamp": "2026-09-15 16:15:24" }, "geometry": { "type": "Point", "coordinates": [ 23.342296600341797, 42.651138305664062 ] } },
{ "type": "Feature", "properties": { "vehicle_id": "A3605", "latitude": 42.608329772949219, "longitude": 23.467926025390625, "raw_occupancy": 0, "timestamp": "2026-09-15 16:15:24" }, "geometry": { "type": "Point", "coordinates": [ 23.467926025390625, 42.608329772949219 ] } },
{ "type": "Feature", "properties": { "vehicle_id": "A3134", "latitude": 42.704479217529297, "longitude": 23.330686569213867, "raw_occupancy": 2, "timestamp": "2026-09-15 16:15:24" }, "geometry": { "type": "Point", "coordinates": [ 23.330686569213867, 42.704479217529297 ] } },
{ "type": "Feature", "properties": { "vehicle_id": "A1176", "latitude": 42.709182739257812, "longitude": 23.318391799926758, "raw_occupancy": 0, "timestamp": "2026-09-15 16:15:24" }, "geometry": { "type": "Point", "coordinates": [ 23.318391799926758, 42.709182739257812 ] } },
{ "type": "Feature", "properties": { "vehicle_id": "A2605", "latitude": 42.703083038330078, "longitude": 23.363985061645508, "raw_occupancy": 2, "timestamp": "2026-09-15 16:15:24" }, "geometry": { "type": "Point", "coordinates": [ 23.363985061645508, 42.703083038330078 ] } },
{ "type": "Feature", "properties": { "vehicle_id": "A2078", "latitude": 42.602455139160156, "longitude": 23.402870178222656, "raw_occupancy": 2, "timestamp": "2026-09-15 16:15:24" }, "geometry": { "type": "Point", "coordinates": [ 23.402870178222656, 42.602455139160156 ] } },
{ "type": "Feature", "properties": { "vehicle_id": "A1821", "latitude": 42.629543304443359, "longitude": 23.373342514038086, "raw_occupancy": 2, "timestamp": "2026-09-15 16:15:24" }, "geometry": { "type": "Point", "coordinates": [ 23.373342514038086, 42.629543304443359 ] } },
{ "type": "Feature", "properties": { "vehicle_id": "A3159", "latitude": 42.644363403320312, "longitude": 23.374490737915039, "raw_occupancy": 2, "timestamp": "2026-09-15 16:15:24" }, "geometry": { "type": "Point", "coordinates": [ 23.374490737915039, 42.644363403320312 ] } },
{ "type": "Feature", "properties": { "vehicle_id": "A2060", "latitude": 42.560337066650391, "longitude": 23.422422409057617, "raw_occupancy": 2, "timestamp": "2026-09-15 16:15:24" }, "geometry": { "type": "Point", "coordinates": [ 23.422422409057617, 42.560337066650391 ] } },
{ "type": "Feature", "properties": { "vehicle_id": "A1405", "latitude": 42.665805816650391, "longitude": 23.288629531860352, "raw_occupancy": 3, "timestamp": "2026-09-15 16:15:24" }, "geometry": { "type": "Point", "coordinates": [ 23.288629531860352, 42.665805816650391 ] } },
{ "type": "Feature", "properties": { "vehicle_id": "A2027", "latitude": 42.673397064208984, "longitude": 23.336917877197266, "raw_occupancy": 2, "timestamp": "2026-09-15 16:15:24" }, "geometry": { "type": "Point", "coordinates": [ 23.336917877197266, 42.673397064208984 ] } },
{ "type": "Feature", "properties": { "vehicle_id": "A7173", "latitude": 42.720119476318359, "longitude": 23.310703277587891, "raw_occupancy": 2, "timestamp": "2026-09-15 16:15:24" }, "geometry": { "type": "Point", "coordinates": [ 23.310703277587891, 42.720119476318359 ] } },
{ "type": "Feature", "properties": { "vehicle_id": "A1157", "latitude": 42.705448150634766, "longitude": 23.298717498779297, "raw_occupancy": 2, "timestamp": "2026-09-15 16:15:24" }, "geometry": { "type": "Point", "coordinates": [ 23.298717498779297, 42.705448150634766 ] } },
{ "type": "Feature", "properties": { "vehicle_id": "A3312", "latitude": 42.696544647216797, "longitude": 23.347187042236328, "raw_occupancy": 2, "timestamp": "2026-09-15 16:15:24" }, "geometry": { "type": "Point", "coordinates": [ 23.347187042236328, 42.696544647216797 ] } },
{ "type": "Feature", "properties": { "vehicle_id": "A7103", "latitude": 42.708377838134766, "longitude": 23.343183517456055, "raw_occupancy": 1, "timestamp": "2026-09-15 16:15:24" }, "geometry": { "type": "Point", "coordinates": [ 23.343183517456055, 42.708377838134766 ] } },
{ "type": "Feature", "properties": { "vehicle_id": "A2302", "latitude": 42.644966125488281, "longitude": 23.345182418823242, "raw_occupancy": 0, "timestamp": "2026-09-15 16:15:24" }, "geometry": { "type": "Point", "coordinates": [ 23.345182418823242, 42.644966125488281 ] } },
{ "type": "Feature", "properties": { "vehicle_id": "A1619", "latitude": 42.680416107177734, "longitude": 23.3719482421875, "raw_occupancy": 1, "timestamp": "2026-09-15 16:15:24" }, "geometry": { "type": "Point", "coordinates": [ 23.3719482421875, 42.680416107177734 ] } },
{ "type": "Feature", "properties": { "vehicle_id": "A2038", "latitude": 42.670639038085938, "longitude": 23.337800979614258, "raw_occupancy": 2, "timestamp": "2026-09-15 16:15:24" }, "geometry": { "type": "Point", "coordinates": [ 23.337800979614258, 42.670639038085938 ] } },
{ "type": "Feature", "properties": { "vehicle_id": "A3106", "latitude": 42.644866943359375, "longitude": 23.367218017578125, "raw_occupancy": 1, "timestamp": "2026-09-15 16:15:24" }, "geometry": { "type": "Point", "coordinates": [ 23.367218017578125, 42.644866943359375 ] } },
{ "type": "Feature", "properties": { "vehicle_id": "A1807", "latitude": 42.704296112060547, "longitude": 23.285362243652344, "raw_occupancy": 2, "timestamp": "2026-09-15 16:15:24" }, "geometry": { "type": "Point", "coordinates": [ 23.285362243652344, 42.704296112060547 ] } },
{ "type": "Feature", "properties": { "vehicle_id": "A1604", "latitude": 42.696521759033203, "longitude": 23.296150207519531, "raw_occupancy": 1, "timestamp": "2026-09-15 16:15:24" }, "geometry": { "type": "Point", "coordinates": [ 23.296150207519531, 42.696521759033203 ] } },
{ "type": "Feature", "properties": { "vehicle_id": "A3019", "latitude": 42.692989349365234, "longitude": 23.342227935791016, "raw_occupancy": 2, "timestamp": "2026-09-15 16:15:24" }, "geometry": { "type": "Point", "coordinates": [ 23.342227935791016, 42.692989349365234 ] } },
{ "type": "Feature", "properties": { "vehicle_id": "A2069", "latitude": 42.638778686523438, "longitude": 23.411359786987305, "raw_occupancy": 3, "timestamp": "2026-09-15 16:15:24" }, "geometry": { "type": "Point", "coordinates": [ 23.411359786987305, 42.638778686523438 ] } },
{ "type": "Feature", "properties": { "vehicle_id": "A2061", "latitude": 42.732288360595703, "longitude": 23.24943733215332, "raw_occupancy": 1, "timestamp": "2026-09-15 16:15:24" }, "geometry": { "type": "Point", "coordinates": [ 23.24943733215332, 42.732288360595703 ] } },
{ "type": "Feature", "properties": { "vehicle_id": "A3654", "latitude": 42.616348266601562, "longitude": 23.337467193603516, "raw_occupancy": 1, "timestamp": "2026-09-15 16:15:24" }, "geometry": { "type": "Point", "coordinates": [ 23.337467193603516, 42.616348266601562 ] } },
{ "type": "Feature", "properties": { "vehicle_id": "A7157", "latitude": 42.757942199707031, "longitude": 23.560384750366211, "raw_occupancy": 1, "timestamp": "2026-09-15 16:15:24" }, "geometry": { "type": "Point", "coordinates": [ 23.560384750366211, 42.757942199707031 ] } },
{ "type": "Feature", "properties": { "vehicle_id": "A3400", "latitude": 42.684288024902344, "longitude": 23.408689498901367, "raw_occupancy": 1, "timestamp": "2026-09-15 16:15:24" }, "geometry": { "type": "Point", "coordinates": [ 23.408689498901367, 42.684288024902344 ] } },
{ "type": "Feature", "properties": { "vehicle_id": "A3120", "latitude": 42.677230834960938, "longitude": 23.356163024902344, "raw_occupancy": 2, "timestamp": "2026-09-15 16:15:24" }, "geometry": { "type": "Point", "coordinates": [ 23.356163024902344, 42.677230834960938 ] } },
{ "type": "Feature", "properties": { "vehicle_id": "A1036", "latitude": 42.64556884765625, "longitude": 23.333906173706055, "raw_occupancy": 4, "timestamp": "2026-09-15 16:15:24" }, "geometry": { "type": "Point", "coordinates": [ 23.333906173706055, 42.64556884765625 ] } },
{ "type": "Feature", "properties": { "vehicle_id": "A3127", "latitude": 42.67193603515625, "longitude": 23.363975524902344, "raw_occupancy": 2, "timestamp": "2026-09-15 16:15:24" }, "geometry": { "type": "Point", "coordinates": [ 23.363975524902344, 42.67193603515625 ] } },
{ "type": "Feature", "properties": { "vehicle_id": "A1313", "latitude": 42.653461456298828, "longitude": 23.283308029174805, "raw_occupancy": 1, "timestamp": "2026-09-15 16:15:24" }, "geometry": { "type": "Point", "coordinates": [ 23.283308029174805, 42.653461456298828 ] } },
{ "type": "Feature", "properties": { "vehicle_id": "A3151", "latitude": 42.649852752685547, "longitude": 23.377941131591797, "raw_occupancy": 1, "timestamp": "2026-09-15 16:15:24" }, "geometry": { "type": "Point", "coordinates": [ 23.377941131591797, 42.649852752685547 ] } },
{ "type": "Feature", "properties": { "vehicle_id": "A1609", "latitude": 42.7054443359375, "longitude": 23.313497543334961, "raw_occupancy": 1, "timestamp": "2026-09-15 16:15:24" }, "geometry": { "type": "Point", "coordinates": [ 23.313497543334961, 42.7054443359375 ] } },
{ "type": "Feature", "properties": { "vehicle_id": "A1833", "latitude": 42.737709045410156, "longitude": 23.316204071044922, "raw_occupancy": 0, "timestamp": "2026-09-15 16:15:24" }, "geometry": { "type": "Point", "coordinates": [ 23.316204071044922, 42.737709045410156 ] } },
{ "type": "Feature", "properties": { "vehicle_id": "A1168", "latitude": 42.658756256103516, "longitude": 23.382534027099609, "raw_occupancy": 2, "timestamp": "2026-09-15 16:15:24" }, "geometry": { "type": "Point", "coordinates": [ 23.382534027099609, 42.658756256103516 ] } },
{ "type": "Feature", "properties": { "vehicle_id": "A2059", "latitude": 42.700283050537109, "longitude": 23.371801376342773, "raw_occupancy": 5, "timestamp": "2026-09-15 16:15:24" }, "geometry": { "type": "Point", "coordinates": [ 23.371801376342773, 42.700283050537109 ] } },
{ "type": "Feature", "properties": { "vehicle_id": "A7071", "latitude": 42.752719879150391, "longitude": 23.275606155395508, "raw_occupancy": 1, "timestamp": "2026-09-15 16:15:24" }, "geometry": { "type": "Point", "coordinates": [ 23.275606155395508, 42.752719879150391 ] } },
{ "type": "Feature", "properties": { "vehicle_id": "A2309", "latitude": 42.664108276367188, "longitude": 23.359668731689453, "raw_occupancy": 1, "timestamp": "2026-09-15 16:15:24" }, "geometry": { "type": "Point", "coordinates": [ 23.359668731689453, 42.664108276367188 ] } },
{ "type": "Feature", "properties": { "vehicle_id": "A2074", "latitude": 42.67303466796875, "longitude": 23.373525619506836, "raw_occupancy": 2, "timestamp": "2026-09-15 16:15:24" }, "geometry": { "type": "Point", "coordinates": [ 23.373525619506836, 42.67303466796875 ] } },
{ "type": "Feature", "properties": { "vehicle_id": "A2720", "latitude": 42.793888092041016, "longitude": 23.411304473876953, "raw_occupancy": 0, "timestamp": "2026-09-15 16:15:24" }, "geometry": { "type": "Point", "coordinates": [ 23.411304473876953, 42.793888092041016 ] } },
{ "type": "Feature", "properties": { "vehicle_id": "A1315", "latitude": 42.645545959472656, "longitude": 23.314229965209961, "raw_occupancy": 0, "timestamp": "2026-09-15 16:15:24" }, "geometry": { "type": "Point", "coordinates": [ 23.314229965209961, 42.645545959472656 ] } },
{ "type": "Feature", "properties": { "vehicle_id": "A2161", "latitude": 42.714374542236328, "longitude": 23.326898574829102, "raw_occupancy": 1, "timestamp": "2026-09-15 16:15:24" }, "geometry": { "type": "Point", "coordinates": [ 23.326898574829102, 42.714374542236328 ] } },
{ "type": "Feature", "properties": { "vehicle_id": "A7129", "latitude": 42.721172332763672, "longitude": 23.53729248046875, "raw_occupancy": 1, "timestamp": "2026-09-15 16:15:24" }, "geometry": { "type": "Point", "coordinates": [ 23.53729248046875, 42.721172332763672 ] } },
{ "type": "Feature", "properties": { "vehicle_id": "A1034", "latitude": 42.674758911132812, "longitude": 23.277816772460938, "raw_occupancy": 1, "timestamp": "2026-09-15 16:15:24" }, "geometry": { "type": "Point", "coordinates": [ 23.277816772460938, 42.674758911132812 ] } },
{ "type": "Feature", "properties": { "vehicle_id": "A2010", "latitude": 42.709774017333984, "longitude": 23.263427734375, "raw_occupancy": 2, "timestamp": "2026-09-15 16:15:24" }, "geometry": { "type": "Point", "coordinates": [ 23.263427734375, 42.709774017333984 ] } },
{ "type": "Feature", "properties": { "vehicle_id": "A1849", "latitude": 42.718463897705078, "longitude": 23.277246475219727, "raw_occupancy": 2, "timestamp": "2026-09-15 16:15:24" }, "geometry": { "type": "Point", "coordinates": [ 23.277246475219727, 42.718463897705078 ] } },
{ "type": "Feature", "properties": { "vehicle_id": "A3625", "latitude": 42.670703887939453, "longitude": 23.441967010498047, "raw_occupancy": 1, "timestamp": "2026-09-15 16:15:24" }, "geometry": { "type": "Point", "coordinates": [ 23.441967010498047, 42.670703887939453 ] } },
{ "type": "Feature", "properties": { "vehicle_id": "A3408", "latitude": 42.679454803466797, "longitude": 23.353357315063477, "raw_occupancy": 2, "timestamp": "2026-09-15 16:15:24" }, "geometry": { "type": "Point", "coordinates": [ 23.353357315063477, 42.679454803466797 ] } },
{ "type": "Feature", "properties": { "vehicle_id": "A3603", "latitude": 42.705234527587891, "longitude": 23.434637069702148, "raw_occupancy": 1, "timestamp": "2026-09-15 16:15:24" }, "geometry": { "type": "Point", "coordinates": [ 23.434637069702148, 42.705234527587891 ] } },
{ "type": "Feature", "properties": { "vehicle_id": "A1223", "latitude": 42.624759674072266, "longitude": 23.356151580810547, "raw_occupancy": 2, "timestamp": "2026-09-15 16:15:24" }, "geometry": { "type": "Point", "coordinates": [ 23.356151580810547, 42.624759674072266 ] } },
{ "type": "Feature", "properties": { "vehicle_id": "A2079", "latitude": 42.577835083007812, "longitude": 23.359418869018555, "raw_occupancy": 1, "timestamp": "2026-09-15 16:15:24" }, "geometry": { "type": "Point", "coordinates": [ 23.359418869018555, 42.577835083007812 ] } },
{ "type": "Feature", "properties": { "vehicle_id": "A2032", "latitude": 42.686492919921875, "longitude": 23.330266952514648, "raw_occupancy": 0, "timestamp": "2026-09-15 16:15:24" }, "geometry": { "type": "Point", "coordinates": [ 23.330266952514648, 42.686492919921875 ] } },
{ "type": "Feature", "properties": { "vehicle_id": "A2301", "latitude": 42.65155029296875, "longitude": 23.355985641479492, "raw_occupancy": 3, "timestamp": "2026-09-15 16:15:24" }, "geometry": { "type": "Point", "coordinates": [ 23.355985641479492, 42.65155029296875 ] } },
{ "type": "Feature", "properties": { "vehicle_id": "A1222", "latitude": 42.691089630126953, "longitude": 23.119434356689453, "raw_occupancy": 0, "timestamp": "2026-09-15 16:15:24" }, "geometry": { "type": "Point", "coordinates": [ 23.119434356689453, 42.691089630126953 ] } },
{ "type": "Feature", "properties": { "vehicle_id": "A1025", "latitude": 42.648834228515625, "longitude": 23.262758255004883, "raw_occupancy": 0, "timestamp": "2026-09-15 16:15:24" }, "geometry": { "type": "Point", "coordinates": [ 23.262758255004883, 42.648834228515625 ] } },
{ "type": "Feature", "properties": { "vehicle_id": "A1030", "latitude": 42.641349792480469, "longitude": 23.344423294067383, "raw_occupancy": 2, "timestamp": "2026-09-15 16:15:24" }, "geometry": { "type": "Point", "coordinates": [ 23.344423294067383, 42.641349792480469 ] } },
{ "type": "Feature", "properties": { "vehicle_id": "A1861", "latitude": 42.717445373535156, "longitude": 23.183860778808594, "raw_occupancy": 2, "timestamp": "2026-09-15 16:15:24" }, "geometry": { "type": "Point", "coordinates": [ 23.183860778808594, 42.717445373535156 ] } },
{ "type": "Feature", "properties": { "vehicle_id": "A1188", "latitude": 42.690361022949219, "longitude": 23.254247665405273, "raw_occupancy": 1, "timestamp": "2026-09-15 16:15:24" }, "geometry": { "type": "Point", "coordinates": [ 23.254247665405273, 42.690361022949219 ] } },
{ "type": "Feature", "properties": { "vehicle_id": "A7089", "latitude": 42.824417114257812, "longitude": 23.28455924987793, "raw_occupancy": 0, "timestamp": "2026-09-15 16:15:24" }, "geometry": { "type": "Point", "coordinates": [ 23.28455924987793, 42.824417114257812 ] } },
{ "type": "Feature", "properties": { "vehicle_id": "A3627", "latitude": 42.679561614990234, "longitude": 23.400049209594727, "raw_occupancy": 5, "timestamp": "2026-09-15 16:15:24" }, "geometry": { "type": "Point", "coordinates": [ 23.400049209594727, 42.679561614990234 ] } },
{ "type": "Feature", "properties": { "vehicle_id": "A7081", "latitude": 42.783535003662109, "longitude": 23.394519805908203, "raw_occupancy": 0, "timestamp": "2026-09-15 16:15:24" }, "geometry": { "type": "Point", "coordinates": [ 23.394519805908203, 42.783535003662109 ] } },
{ "type": "Feature", "properties": { "vehicle_id": "A1180", "latitude": 42.657005310058594, "longitude": 23.336477279663086, "raw_occupancy": 1, "timestamp": "2026-09-15 16:15:24" }, "geometry": { "type": "Point", "coordinates": [ 23.336477279663086, 42.657005310058594 ] } },
{ "type": "Feature", "properties": { "vehicle_id": "A7145", "latitude": 42.716171264648438, "longitude": 23.529367446899414, "raw_occupancy": 2, "timestamp": "2026-09-15 16:15:24" }, "geometry": { "type": "Point", "coordinates": [ 23.529367446899414, 42.716171264648438 ] } },
{ "type": "Feature", "properties": { "vehicle_id": "A2500", "latitude": 42.698337554931641, "longitude": 23.275970458984375, "raw_occupancy": 0, "timestamp": "2026-09-15 16:15:24" }, "geometry": { "type": "Point", "coordinates": [ 23.275970458984375, 42.698337554931641 ] } },
{ "type": "Feature", "properties": { "vehicle_id": "A1616", "latitude": 42.684268951416016, "longitude": 23.241203308105469, "raw_occupancy": 0, "timestamp": "2026-09-15 16:15:24" }, "geometry": { "type": "Point", "coordinates": [ 23.241203308105469, 42.684268951416016 ] } },
{ "type": "Feature", "properties": { "vehicle_id": "A3108", "latitude": 42.647003173828125, "longitude": 23.368040084838867, "raw_occupancy": 2, "timestamp": "2026-09-15 16:15:24" }, "geometry": { "type": "Point", "coordinates": [ 23.368040084838867, 42.647003173828125 ] } },
{ "type": "Feature", "properties": { "vehicle_id": "A3129", "latitude": 42.707191467285156, "longitude": 23.32316780090332, "raw_occupancy": 1, "timestamp": "2026-09-15 16:15:24" }, "geometry": { "type": "Point", "coordinates": [ 23.32316780090332, 42.707191467285156 ] } },
{ "type": "Feature", "properties": { "vehicle_id": "A7193", "latitude": 42.745101928710938, "longitude": 23.348047256469727, "raw_occupancy": 0, "timestamp": "2026-09-15 16:15:24" }, "geometry": { "type": "Point", "coordinates": [ 23.348047256469727, 42.745101928710938 ] } },
{ "type": "Feature", "properties": { "vehicle_id": "A1164", "latitude": 42.676017761230469, "longitude": 23.288694381713867, "raw_occupancy": 2, "timestamp": "2026-09-15 16:15:24" }, "geometry": { "type": "Point", "coordinates": [ 23.288694381713867, 42.676017761230469 ] } },
{ "type": "Feature", "properties": { "vehicle_id": "A3141", "latitude": 42.657524108886719, "longitude": 23.394582748413086, "raw_occupancy": 1, "timestamp": "2026-09-15 16:15:24" }, "geometry": { "type": "Point", "coordinates": [ 23.394582748413086, 42.657524108886719 ] } },
{ "type": "Feature", "properties": { "vehicle_id": "A1226", "latitude": 42.624259948730469, "longitude": 23.356729507446289, "raw_occupancy": 1, "timestamp": "2026-09-15 16:15:24" }, "geometry": { "type": "Point", "coordinates": [ 23.356729507446289, 42.624259948730469 ] } },
{ "type": "Feature", "properties": { "vehicle_id": "A3121", "latitude": 42.640766143798828, "longitude": 23.380109786987305, "raw_occupancy": 1, "timestamp": "2026-09-15 16:15:24" }, "geometry": { "type": "Point", "coordinates": [ 23.380109786987305, 42.640766143798828 ] } },
{ "type": "Feature", "properties": { "vehicle_id": "A2002", "latitude": 42.644527435302734, "longitude": 23.341941833496094, "raw_occupancy": 1, "timestamp": "2026-09-15 16:15:24" }, "geometry": { "type": "Point", "coordinates": [ 23.341941833496094, 42.644527435302734 ] } },
{ "type": "Feature", "properties": { "vehicle_id": "A7099", "latitude": 42.768604278564453, "longitude": 23.31519889831543, "raw_occupancy": 2, "timestamp": "2026-09-15 16:15:24" }, "geometry": { "type": "Point", "coordinates": [ 23.31519889831543, 42.768604278564453 ] } },
{ "type": "Feature", "properties": { "vehicle_id": "A1037", "latitude": 42.659252166748047, "longitude": 23.300209045410156, "raw_occupancy": 2, "timestamp": "2026-09-15 16:15:24" }, "geometry": { "type": "Point", "coordinates": [ 23.300209045410156, 42.659252166748047 ] } },
{ "type": "Feature", "properties": { "vehicle_id": "A2140", "latitude": 42.71588134765625, "longitude": 23.323505401611328, "raw_occupancy": 0, "timestamp": "2026-09-15 16:15:24" }, "geometry": { "type": "Point", "coordinates": [ 23.323505401611328, 42.71588134765625 ] } },
{ "type": "Feature", "properties": { "vehicle_id": "A2519", "latitude": 42.685615539550781, "longitude": 23.312124252319336, "raw_occupancy": 2, "timestamp": "2026-09-15 16:15:24" }, "geometry": { "type": "Point", "coordinates": [ 23.312124252319336, 42.685615539550781 ] } },
{ "type": "Feature", "properties": { "vehicle_id": "A3103", "latitude": 42.652530670166016, "longitude": 23.379938125610352, "raw_occupancy": 2, "timestamp": "2026-09-15 16:15:24" }, "geometry": { "type": "Point", "coordinates": [ 23.379938125610352, 42.652530670166016 ] } },
{ "type": "Feature", "properties": { "vehicle_id": "A7083", "latitude": 42.738620758056641, "longitude": 23.5067138671875, "raw_occupancy": 2, "timestamp": "2026-09-15 16:15:24" }, "geometry": { "type": "Point", "coordinates": [ 23.5067138671875, 42.738620758056641 ] } },
{ "type": "Feature", "properties": { "vehicle_id": "A3621", "latitude": 42.675525665283203, "longitude": 23.432521820068359, "raw_occupancy": 2, "timestamp": "2026-09-15 16:15:24" }, "geometry": { "type": "Point", "coordinates": [ 23.432521820068359, 42.675525665283203 ] } },
{ "type": "Feature", "properties": { "vehicle_id": "A3133", "latitude": 42.662620544433594, "longitude": 23.355775833129883, "raw_occupancy": 2, "timestamp": "2026-09-15 16:15:24" }, "geometry": { "type": "Point", "coordinates": [ 23.355775833129883, 42.662620544433594 ] } },
{ "type": "Feature", "properties": { "vehicle_id": "A7073", "latitude": 42.76641845703125, "longitude": 23.491825103759766, "raw_occupancy": 1, "timestamp": "2026-09-15 16:15:24" }, "geometry": { "type": "Point", "coordinates": [ 23.491825103759766, 42.76641845703125 ] } },
{ "type": "Feature", "properties": { "vehicle_id": "A3617", "latitude": 42.686161041259766, "longitude": 23.331174850463867, "raw_occupancy": 2, "timestamp": "2026-09-15 16:15:24" }, "geometry": { "type": "Point", "coordinates": [ 23.331174850463867, 42.686161041259766 ] } },
{ "type": "Feature", "properties": { "vehicle_id": "A3152", "latitude": 42.669406890869141, "longitude": 23.337827682495117, "raw_occupancy": 1, "timestamp": "2026-09-15 16:15:24" }, "geometry": { "type": "Point", "coordinates": [ 23.337827682495117, 42.669406890869141 ] } },
{ "type": "Feature", "properties": { "vehicle_id": "A3670", "latitude": 42.678203582763672, "longitude": 23.399662017822266, "raw_occupancy": 1, "timestamp": "2026-09-15 16:15:24" }, "geometry": { "type": "Point", "coordinates": [ 23.399662017822266, 42.678203582763672 ] } },
{ "type": "Feature", "properties": { "vehicle_id": "A1410", "latitude": 42.670562744140625, "longitude": 23.292819976806641, "raw_occupancy": 2, "timestamp": "2026-09-15 16:15:24" }, "geometry": { "type": "Point", "coordinates": [ 23.292819976806641, 42.670562744140625 ] } },
{ "type": "Feature", "properties": { "vehicle_id": "A1220", "latitude": 42.706230163574219, "longitude": 23.284793853759766, "raw_occupancy": 1, "timestamp": "2026-09-15 16:15:24" }, "geometry": { "type": "Point", "coordinates": [ 23.284793853759766, 42.706230163574219 ] } },
{ "type": "Feature", "properties": { "vehicle_id": "A3131", "latitude": 42.678298950195312, "longitude": 23.303020477294922, "raw_occupancy": 1, "timestamp": "2026-09-15 16:15:24" }, "geometry": { "type": "Point", "coordinates": [ 23.303020477294922, 42.678298950195312 ] } },
{ "type": "Feature", "properties": { "vehicle_id": "A1216", "latitude": 42.742282867431641, "longitude": 23.277778625488281, "raw_occupancy": 2, "timestamp": "2026-09-15 16:15:24" }, "geometry": { "type": "Point", "coordinates": [ 23.277778625488281, 42.742282867431641 ] } },
{ "type": "Feature", "properties": { "vehicle_id": "A2036", "latitude": 42.654499053955078, "longitude": 23.348731994628906, "raw_occupancy": 4, "timestamp": "2026-09-15 16:15:24" }, "geometry": { "type": "Point", "coordinates": [ 23.348731994628906, 42.654499053955078 ] } },
{ "type": "Feature", "properties": { "vehicle_id": "A1182", "latitude": 42.688076019287109, "longitude": 23.276090621948242, "raw_occupancy": 1, "timestamp": "2026-09-15 16:15:24" }, "geometry": { "type": "Point", "coordinates": [ 23.276090621948242, 42.688076019287109 ] } },
{ "type": "Feature", "properties": { "vehicle_id": "A1155", "latitude": 42.641445159912109, "longitude": 23.412542343139648, "raw_occupancy": 0, "timestamp": "2026-09-15 16:15:24" }, "geometry": { "type": "Point", "coordinates": [ 23.412542343139648, 42.641445159912109 ] } },
{ "type": "Feature", "properties": { "vehicle_id": "A1169", "latitude": 42.731193542480469, "longitude": 23.313669204711914, "raw_occupancy": 1, "timestamp": "2026-09-15 16:15:24" }, "geometry": { "type": "Point", "coordinates": [ 23.313669204711914, 42.731193542480469 ] } },
{ "type": "Feature", "properties": { "vehicle_id": "A7065", "latitude": 42.705047607421875, "longitude": 23.330869674682617, "raw_occupancy": 2, "timestamp": "2026-09-15 16:15:24" }, "geometry": { "type": "Point", "coordinates": [ 23.330869674682617, 42.705047607421875 ] } },
{ "type": "Feature", "properties": { "vehicle_id": "A1608", "latitude": 42.681438446044922, "longitude": 23.315706253051758, "raw_occupancy": 3, "timestamp": "2026-09-15 16:15:24" }, "geometry": { "type": "Point", "coordinates": [ 23.315706253051758, 42.681438446044922 ] } },
{ "type": "Feature", "properties": { "vehicle_id": "A1125", "latitude": 42.776142120361328, "longitude": 23.1802978515625, "raw_occupancy": 0, "timestamp": "2026-09-15 16:15:24" }, "geometry": { "type": "Point", "coordinates": [ 23.1802978515625, 42.776142120361328 ] } },
{ "type": "Feature", "properties": { "vehicle_id": "A1613", "latitude": 42.732601165771484, "longitude": 23.25202751159668, "raw_occupancy": 2, "timestamp": "2026-09-15 16:15:24" }, "geometry": { "type": "Point", "coordinates": [ 23.25202751159668, 42.732601165771484 ] } },
{ "type": "Feature", "properties": { "vehicle_id": "A2058", "latitude": 42.689743041992188, "longitude": 23.336549758911133, "raw_occupancy": 2, "timestamp": "2026-09-15 16:15:24" }, "geometry": { "type": "Point", "coordinates": [ 23.336549758911133, 42.689743041992188 ] } },
{ "type": "Feature", "properties": { "vehicle_id": "A2035", "latitude": 42.647197723388672, "longitude": 23.341861724853516, "raw_occupancy": 1, "timestamp": "2026-09-15 16:15:24" }, "geometry": { "type": "Point", "coordinates": [ 23.341861724853516, 42.647197723388672 ] } },
{ "type": "Feature", "properties": { "vehicle_id": "A2026", "latitude": 42.703746795654297, "longitude": 23.38658332824707, "raw_occupancy": 1, "timestamp": "2026-09-15 16:15:24" }, "geometry": { "type": "Point", "coordinates": [ 23.38658332824707, 42.703746795654297 ] } },
{ "type": "Feature", "properties": { "vehicle_id": "A1426", "latitude": 42.684501647949219, "longitude": 23.237922668457031, "raw_occupancy": 2, "timestamp": "2026-09-15 16:15:24" }, "geometry": { "type": "Point", "coordinates": [ 23.237922668457031, 42.684501647949219 ] } },
{ "type": "Feature", "properties": { "vehicle_id": "A2831", "latitude": 42.668277740478516, "longitude": 23.265295028686523, "raw_occupancy": 0, "timestamp": "2026-09-15 16:15:24" }, "geometry": { "type": "Point", "coordinates": [ 23.265295028686523, 42.668277740478516 ] } },
{ "type": "Feature", "properties": { "vehicle_id": "A2015", "latitude": 42.717533111572266, "longitude": 23.279045104980469, "raw_occupancy": 2, "timestamp": "2026-09-15 16:15:24" }, "geometry": { "type": "Point", "coordinates": [ 23.279045104980469, 42.717533111572266 ] } },
{ "type": "Feature", "properties": { "vehicle_id": "A3158", "latitude": 42.686508178710938, "longitude": 23.343236923217773, "raw_occupancy": 3, "timestamp": "2026-09-15 16:15:24" }, "geometry": { "type": "Point", "coordinates": [ 23.343236923217773, 42.686508178710938 ] } },
{ "type": "Feature", "properties": { "vehicle_id": "A7045", "latitude": 42.733348846435547, "longitude": 23.30256462097168, "raw_occupancy": 5, "timestamp": "2026-09-15 16:15:24" }, "geometry": { "type": "Point", "coordinates": [ 23.30256462097168, 42.733348846435547 ] } },
{ "type": "Feature", "properties": { "vehicle_id": "A2025", "latitude": 42.646957397460938, "longitude": 23.34565544128418, "raw_occupancy": 0, "timestamp": "2026-09-15 16:15:24" }, "geometry": { "type": "Point", "coordinates": [ 23.34565544128418, 42.646957397460938 ] } },
{ "type": "Feature", "properties": { "vehicle_id": "A1825", "latitude": 42.695175170898438, "longitude": 23.257884979248047, "raw_occupancy": 1, "timestamp": "2026-09-15 16:15:24" }, "geometry": { "type": "Point", "coordinates": [ 23.257884979248047, 42.695175170898438 ] } },
{ "type": "Feature", "properties": { "vehicle_id": "A2506", "latitude": 42.67877197265625, "longitude": 23.360685348510742, "raw_occupancy": 1, "timestamp": "2026-09-15 16:15:24" }, "geometry": { "type": "Point", "coordinates": [ 23.360685348510742, 42.67877197265625 ] } },
{ "type": "Feature", "properties": { "vehicle_id": "A1301", "latitude": 42.599983215332031, "longitude": 23.162158966064453, "raw_occupancy": 0, "timestamp": "2026-09-15 16:15:24" }, "geometry": { "type": "Point", "coordinates": [ 23.162158966064453, 42.599983215332031 ] } },
{ "type": "Feature", "properties": { "vehicle_id": "A3119", "latitude": 42.645835876464844, "longitude": 23.334144592285156, "raw_occupancy": 1, "timestamp": "2026-09-15 16:15:24" }, "geometry": { "type": "Point", "coordinates": [ 23.334144592285156, 42.645835876464844 ] } },
{ "type": "Feature", "properties": { "vehicle_id": "A7193", "latitude": 42.7166748046875, "longitude": 23.339925765991211, "raw_occupancy": 0, "timestamp": "2026-09-15 16:25:25" }, "geometry": { "type": "Point", "coordinates": [ 23.339925765991211, 42.7166748046875 ] } },
{ "type": "Feature", "properties": { "vehicle_id": "A2053", "latitude": 42.617439270019531, "longitude": 23.402193069458008, "raw_occupancy": 2, "timestamp": "2026-09-15 16:25:25" }, "geometry": { "type": "Point", "coordinates": [ 23.402193069458008, 42.617439270019531 ] } },
{ "type": "Feature", "properties": { "vehicle_id": "A2312", "latitude": 42.653759002685547, "longitude": 23.343093872070312, "raw_occupancy": 2, "timestamp": "2026-09-15 16:25:25" }, "geometry": { "type": "Point", "coordinates": [ 23.343093872070312, 42.653759002685547 ] } },
{ "type": "Feature", "properties": { "vehicle_id": "A3017", "latitude": 42.690780639648438, "longitude": 23.337274551391602, "raw_occupancy": 1, "timestamp": "2026-09-15 16:25:25" }, "geometry": { "type": "Point", "coordinates": [ 23.337274551391602, 42.690780639648438 ] } },
{ "type": "Feature", "properties": { "vehicle_id": "A3700", "latitude": 42.707538604736328, "longitude": 23.455869674682617, "raw_occupancy": 1, "timestamp": "2026-09-15 16:25:25" }, "geometry": { "type": "Point", "coordinates": [ 23.455869674682617, 42.707538604736328 ] } },
{ "type": "Feature", "properties": { "vehicle_id": "A1603", "latitude": 42.717884063720703, "longitude": 23.234735488891602, "raw_occupancy": 3, "timestamp": "2026-09-15 16:25:25" }, "geometry": { "type": "Point", "coordinates": [ 23.234735488891602, 42.717884063720703 ] } },
{ "type": "Feature", "properties": { "vehicle_id": "A1871", "latitude": 42.651206970214844, "longitude": 23.21931266784668, "raw_occupancy": 1, "timestamp": "2026-09-15 16:25:25" }, "geometry": { "type": "Point", "coordinates": [ 23.21931266784668, 42.651206970214844 ] } },
{ "type": "Feature", "properties": { "vehicle_id": "A1150", "latitude": 42.718120574951172, "longitude": 23.279287338256836, "raw_occupancy": 2, "timestamp": "2026-09-15 16:25:25" }, "geometry": { "type": "Point", "coordinates": [ 23.279287338256836, 42.718120574951172 ] } },
{ "type": "Feature", "properties": { "vehicle_id": "A2056", "latitude": 42.719188690185547, "longitude": 23.339954376220703, "raw_occupancy": 1, "timestamp": "2026-09-15 16:25:25" }, "geometry": { "type": "Point", "coordinates": [ 23.339954376220703, 42.719188690185547 ] } },
{ "type": "Feature", "properties": { "vehicle_id": "A7189", "latitude": 42.745223999023438, "longitude": 23.348224639892578, "raw_occupancy": 1, "timestamp": "2026-09-15 16:25:25" }, "geometry": { "type": "Point", "coordinates": [ 23.348224639892578, 42.745223999023438 ] } },
{ "type": "Feature", "properties": { "vehicle_id": "A2727", "latitude": 42.820693969726562, "longitude": 23.369333267211914, "raw_occupancy": 1, "timestamp": "2026-09-15 16:25:25" }, "geometry": { "type": "Point", "coordinates": [ 23.369333267211914, 42.820693969726562 ] } },
{ "type": "Feature", "properties": { "vehicle_id": "A1034", "latitude": 42.668632507324219, "longitude": 23.266975402832031, "raw_occupancy": 2, "timestamp": "2026-09-15 16:25:25" }, "geometry": { "type": "Point", "coordinates": [ 23.266975402832031, 42.668632507324219 ] } },
{ "type": "Feature", "properties": { "vehicle_id": "A3657", "latitude": 42.681739807128906, "longitude": 23.375457763671875, "raw_occupancy": 2, "timestamp": "2026-09-15 16:25:25" }, "geometry": { "type": "Point", "coordinates": [ 23.375457763671875, 42.681739807128906 ] } },
{ "type": "Feature", "properties": { "vehicle_id": "A3400", "latitude": 42.673679351806641, "longitude": 23.395601272583008, "raw_occupancy": 3, "timestamp": "2026-09-15 16:25:25" }, "geometry": { "type": "Point", "coordinates": [ 23.395601272583008, 42.673679351806641 ] } },
{ "type": "Feature", "properties": { "vehicle_id": "A1301", "latitude": 42.619846343994141, "longitude": 23.188119888305664, "raw_occupancy": 0, "timestamp": "2026-09-15 16:25:25" }, "geometry": { "type": "Point", "coordinates": [ 23.188119888305664, 42.619846343994141 ] } },
{ "type": "Feature", "properties": { "vehicle_id": "A1609", "latitude": 42.696292877197266, "longitude": 23.346748352050781, "raw_occupancy": 2, "timestamp": "2026-09-15 16:25:25" }, "geometry": { "type": "Point", "coordinates": [ 23.346748352050781, 42.696292877197266 ] } },
{ "type": "Feature", "properties": { "vehicle_id": "A3141", "latitude": 42.675556182861328, "longitude": 23.358901977539062, "raw_occupancy": 3, "timestamp": "2026-09-15 16:25:25" }, "geometry": { "type": "Point", "coordinates": [ 23.358901977539062, 42.675556182861328 ] } },
{ "type": "Feature", "properties": { "vehicle_id": "A7145", "latitude": 42.737117767333984, "longitude": 23.554132461547852, "raw_occupancy": 2, "timestamp": "2026-09-15 16:25:25" }, "geometry": { "type": "Point", "coordinates": [ 23.554132461547852, 42.737117767333984 ] } },
{ "type": "Feature", "properties": { "vehicle_id": "A7065", "latitude": 42.714874267578125, "longitude": 23.311861038208008, "raw_occupancy": 3, "timestamp": "2026-09-15 16:25:25" }, "geometry": { "type": "Point", "coordinates": [ 23.311861038208008, 42.714874267578125 ] } },
{ "type": "Feature", "properties": { "vehicle_id": "A7133", "latitude": 42.713920593261719, "longitude": 23.313013076782227, "raw_occupancy": 3, "timestamp": "2026-09-15 16:25:25" }, "geometry": { "type": "Point", "coordinates": [ 23.313013076782227, 42.713920593261719 ] } },
{ "type": "Feature", "properties": { "vehicle_id": "A2509", "latitude": 42.695774078369141, "longitude": 23.284870147705078, "raw_occupancy": 2, "timestamp": "2026-09-15 16:25:25" }, "geometry": { "type": "Point", "coordinates": [ 23.284870147705078, 42.695774078369141 ] } },
{ "type": "Feature", "properties": { "vehicle_id": "A1125", "latitude": 42.762306213378906, "longitude": 23.199575424194336, "raw_occupancy": 1, "timestamp": "2026-09-15 16:25:25" }, "geometry": { "type": "Point", "coordinates": [ 23.199575424194336, 42.762306213378906 ] } },
{ "type": "Feature", "properties": { "vehicle_id": "A7055", "latitude": 42.715251922607422, "longitude": 23.436994552612305, "raw_occupancy": 2, "timestamp": "2026-09-15 16:25:25" }, "geometry": { "type": "Point", "coordinates": [ 23.436994552612305, 42.715251922607422 ] } },
{ "type": "Feature", "properties": { "vehicle_id": "A3664", "latitude": 42.66644287109375, "longitude": 23.391523361206055, "raw_occupancy": 2, "timestamp": "2026-09-15 16:25:25" }, "geometry": { "type": "Point", "coordinates": [ 23.391523361206055, 42.66644287109375 ] } },
{ "type": "Feature", "properties": { "vehicle_id": "A3617", "latitude": 42.662601470947266, "longitude": 23.376567840576172, "raw_occupancy": 2, "timestamp": "2026-09-15 16:25:25" }, "geometry": { "type": "Point", "coordinates": [ 23.376567840576172, 42.662601470947266 ] } },
{ "type": "Feature", "properties": { "vehicle_id": "A3620", "latitude": 42.654476165771484, "longitude": 23.371335983276367, "raw_occupancy": 1, "timestamp": "2026-09-15 16:25:25" }, "geometry": { "type": "Point", "coordinates": [ 23.371335983276367, 42.654476165771484 ] } },
{ "type": "Feature", "properties": { "vehicle_id": "A3107", "latitude": 42.655654907226562, "longitude": 23.381898880004883, "raw_occupancy": 4, "timestamp": "2026-09-15 16:25:25" }, "geometry": { "type": "Point", "coordinates": [ 23.381898880004883, 42.655654907226562 ] } },
{ "type": "Feature", "properties": { "vehicle_id": "A1408", "latitude": 42.650348663330078, "longitude": 23.315542221069336, "raw_occupancy": 2, "timestamp": "2026-09-15 16:25:25" }, "geometry": { "type": "Point", "coordinates": [ 23.315542221069336, 42.650348663330078 ] } },
{ "type": "Feature", "properties": { "vehicle_id": "A1161", "latitude": 42.681285858154297, "longitude": 23.244295120239258, "raw_occupancy": 3, "timestamp": "2026-09-15 16:25:25" }, "geometry": { "type": "Point", "coordinates": [ 23.244295120239258, 42.681285858154297 ] } },
{ "type": "Feature", "properties": { "vehicle_id": "A3132", "latitude": 42.690872192382812, "longitude": 23.338888168334961, "raw_occupancy": 3, "timestamp": "2026-09-15 16:25:25" }, "geometry": { "type": "Point", "coordinates": [ 23.338888168334961, 42.690872192382812 ] } },
{ "type": "Feature", "properties": { "vehicle_id": "A2046", "latitude": 42.721820831298828, "longitude": 23.28093147277832, "raw_occupancy": 1, "timestamp": "2026-09-15 16:25:25" }, "geometry": { "type": "Point", "coordinates": [ 23.28093147277832, 42.721820831298828 ] } },
{ "type": "Feature", "properties": { "vehicle_id": "A2009", "latitude": 42.674705505371094, "longitude": 23.334026336669922, "raw_occupancy": 2, "timestamp": "2026-09-15 16:25:25" }, "geometry": { "type": "Point", "coordinates": [ 23.334026336669922, 42.674705505371094 ] } },
{ "type": "Feature", "properties": { "vehicle_id": "A2027", "latitude": 42.657615661621094, "longitude": 23.31614875793457, "raw_occupancy": 1, "timestamp": "2026-09-15 16:25:25" }, "geometry": { "type": "Point", "coordinates": [ 23.31614875793457, 42.657615661621094 ] } },
{ "type": "Feature", "properties": { "vehicle_id": "A2069", "latitude": 42.610721588134766, "longitude": 23.465028762817383, "raw_occupancy": 2, "timestamp": "2026-09-15 16:25:25" }, "geometry": { "type": "Point", "coordinates": [ 23.465028762817383, 42.610721588134766 ] } },
{ "type": "Feature", "properties": { "vehicle_id": "A1404", "latitude": 42.629142761230469, "longitude": 23.309591293334961, "raw_occupancy": 2, "timestamp": "2026-09-15 16:25:25" }, "geometry": { "type": "Point", "coordinates": [ 23.309591293334961, 42.629142761230469 ] } },
{ "type": "Feature", "properties": { "vehicle_id": "A3129", "latitude": 42.695743560791016, "longitude": 23.354915618896484, "raw_occupancy": 2, "timestamp": "2026-09-15 16:25:25" }, "geometry": { "type": "Point", "coordinates": [ 23.354915618896484, 42.695743560791016 ] } },
{ "type": "Feature", "properties": { "vehicle_id": "A7157", "latitude": 42.782909393310547, "longitude": 23.518701553344727, "raw_occupancy": 1, "timestamp": "2026-09-15 16:25:25" }, "geometry": { "type": "Point", "coordinates": [ 23.518701553344727, 42.782909393310547 ] } },
{ "type": "Feature", "properties": { "vehicle_id": "A7075", "latitude": 42.704795837402344, "longitude": 23.332304000854492, "raw_occupancy": 2, "timestamp": "2026-09-15 16:25:25" }, "geometry": { "type": "Point", "coordinates": [ 23.332304000854492, 42.704795837402344 ] } },
{ "type": "Feature", "properties": { "vehicle_id": "A1168", "latitude": 42.690238952636719, "longitude": 23.336341857910156, "raw_occupancy": 3, "timestamp": "2026-09-15 16:25:25" }, "geometry": { "type": "Point", "coordinates": [ 23.336341857910156, 42.690238952636719 ] } },
{ "type": "Feature", "properties": { "vehicle_id": "A2017", "latitude": 42.738719940185547, "longitude": 23.29472541809082, "raw_occupancy": 0, "timestamp": "2026-09-15 16:25:25" }, "geometry": { "type": "Point", "coordinates": [ 23.29472541809082, 42.738719940185547 ] } },
{ "type": "Feature", "properties": { "vehicle_id": "A3127", "latitude": 42.697555541992188, "longitude": 23.35444450378418, "raw_occupancy": 2, "timestamp": "2026-09-15 16:25:25" }, "geometry": { "type": "Point", "coordinates": [ 23.35444450378418, 42.697555541992188 ] } },
{ "type": "Feature", "properties": { "vehicle_id": "A2024", "latitude": 42.657444000244141, "longitude": 23.359046936035156, "raw_occupancy": 2, "timestamp": "2026-09-15 16:25:25" }, "geometry": { "type": "Point", "coordinates": [ 23.359046936035156, 42.657444000244141 ] } },
{ "type": "Feature", "properties": { "vehicle_id": "A1117", "latitude": 42.728195190429688, "longitude": 23.259450912475586, "raw_occupancy": 3, "timestamp": "2026-09-15 16:25:25" }, "geometry": { "type": "Point", "coordinates": [ 23.259450912475586, 42.728195190429688 ] } },
{ "type": "Feature", "properties": { "vehicle_id": "A1222", "latitude": 42.705730438232422, "longitude": 23.150047302246094, "raw_occupancy": 1, "timestamp": "2026-09-15 16:25:25" }, "geometry": { "type": "Point", "coordinates": [ 23.150047302246094, 42.705730438232422 ] } },
{ "type": "Feature", "properties": { "vehicle_id": "A2005", "latitude": 42.65673828125, "longitude": 23.326145172119141, "raw_occupancy": 0, "timestamp": "2026-09-15 16:25:25" }, "geometry": { "type": "Point", "coordinates": [ 23.326145172119141, 42.65673828125 ] } },
{ "type": "Feature", "properties": { "vehicle_id": "A1851", "latitude": 42.667339324951172, "longitude": 23.25724983215332, "raw_occupancy": 4, "timestamp": "2026-09-15 16:25:25" }, "geometry": { "type": "Point", "coordinates": [ 23.25724983215332, 42.667339324951172 ] } },
{ "type": "Feature", "properties": { "vehicle_id": "A2034", "latitude": 42.713054656982422, "longitude": 23.379611968994141, "raw_occupancy": 0, "timestamp": "2026-09-15 16:25:25" }, "geometry": { "type": "Point", "coordinates": [ 23.379611968994141, 42.713054656982422 ] } },
{ "type": "Feature", "properties": { "vehicle_id": "A2073", "latitude": 42.622913360595703, "longitude": 23.405046463012695, "raw_occupancy": 1, "timestamp": "2026-09-15 16:25:25" }, "geometry": { "type": "Point", "coordinates": [ 23.405046463012695, 42.622913360595703 ] } },
{ "type": "Feature", "properties": { "vehicle_id": "A1226", "latitude": 42.637191772460938, "longitude": 23.370790481567383, "raw_occupancy": 1, "timestamp": "2026-09-15 16:25:25" }, "geometry": { "type": "Point", "coordinates": [ 23.370790481567383, 42.637191772460938 ] } },
{ "type": "Feature", "properties": { "vehicle_id": "A3019", "latitude": 42.685813903808594, "longitude": 23.35052490234375, "raw_occupancy": 2, "timestamp": "2026-09-15 16:25:25" }, "geometry": { "type": "Point", "coordinates": [ 23.35052490234375, 42.685813903808594 ] } },
{ "type": "Feature", "properties": { "vehicle_id": "A3013", "latitude": 42.688434600830078, "longitude": 23.308584213256836, "raw_occupancy": 1, "timestamp": "2026-09-15 16:25:25" }, "geometry": { "type": "Point", "coordinates": [ 23.308584213256836, 42.688434600830078 ] } },
{ "type": "Feature", "properties": { "vehicle_id": "A1849", "latitude": 42.722457885742188, "longitude": 23.280752182006836, "raw_occupancy": 4, "timestamp": "2026-09-15 16:25:25" }, "geometry": { "type": "Point", "coordinates": [ 23.280752182006836, 42.722457885742188 ] } },
{ "type": "Feature", "properties": { "vehicle_id": "A1010", "latitude": 42.649257659912109, "longitude": 23.332155227661133, "raw_occupancy": 3, "timestamp": "2026-09-15 16:25:25" }, "geometry": { "type": "Point", "coordinates": [ 23.332155227661133, 42.649257659912109 ] } },
{ "type": "Feature", "properties": { "vehicle_id": "A1157", "latitude": 42.692420959472656, "longitude": 23.280452728271484, "raw_occupancy": 1, "timestamp": "2026-09-15 16:25:25" }, "geometry": { "type": "Point", "coordinates": [ 23.280452728271484, 42.692420959472656 ] } },
{ "type": "Feature", "properties": { "vehicle_id": "A3666", "latitude": 42.675167083740234, "longitude": 23.358983993530273, "raw_occupancy": 2, "timestamp": "2026-09-15 16:25:25" }, "geometry": { "type": "Point", "coordinates": [ 23.358983993530273, 42.675167083740234 ] } },
{ "type": "Feature", "properties": { "vehicle_id": "A7085", "latitude": 42.704048156738281, "longitude": 23.386470794677734, "raw_occupancy": 0, "timestamp": "2026-09-15 16:25:25" }, "geometry": { "type": "Point", "coordinates": [ 23.386470794677734, 42.704048156738281 ] } },
{ "type": "Feature", "properties": { "vehicle_id": "A2014", "latitude": 42.705009460449219, "longitude": 23.357582092285156, "raw_occupancy": 1, "timestamp": "2026-09-15 16:25:25" }, "geometry": { "type": "Point", "coordinates": [ 23.357582092285156, 42.705009460449219 ] } },
{ "type": "Feature", "properties": { "vehicle_id": "A1821", "latitude": 42.649192810058594, "longitude": 23.377601623535156, "raw_occupancy": 1, "timestamp": "2026-09-15 16:25:25" }, "geometry": { "type": "Point", "coordinates": [ 23.377601623535156, 42.649192810058594 ] } },
{ "type": "Feature", "properties": { "vehicle_id": "A3652", "latitude": 42.626605987548828, "longitude": 23.358701705932617, "raw_occupancy": 2, "timestamp": "2026-09-15 16:25:25" }, "geometry": { "type": "Point", "coordinates": [ 23.358701705932617, 42.626605987548828 ] } },
{ "type": "Feature", "properties": { "vehicle_id": "A3131", "latitude": 42.685989379882812, "longitude": 23.330722808837891, "raw_occupancy": 2, "timestamp": "2026-09-15 16:25:25" }, "geometry": { "type": "Point", "coordinates": [ 23.330722808837891, 42.685989379882812 ] } },
{ "type": "Feature", "properties": { "vehicle_id": "A2605", "latitude": 42.696868896484375, "longitude": 23.351800918579102, "raw_occupancy": 1, "timestamp": "2026-09-15 16:25:25" }, "geometry": { "type": "Point", "coordinates": [ 23.351800918579102, 42.696868896484375 ] } },
{ "type": "Feature", "properties": { "vehicle_id": "A3142", "latitude": 42.661186218261719, "longitude": 23.316902160644531, "raw_occupancy": 1, "timestamp": "2026-09-15 16:25:25" }, "geometry": { "type": "Point", "coordinates": [ 23.316902160644531, 42.661186218261719 ] } },
{ "type": "Feature", "properties": { "vehicle_id": "A3101", "latitude": 42.62652587890625, "longitude": 23.383865356445312, "raw_occupancy": 0, "timestamp": "2026-09-15 16:25:25" }, "geometry": { "type": "Point", "coordinates": [ 23.383865356445312, 42.62652587890625 ] } },
{ "type": "Feature", "properties": { "vehicle_id": "A3144", "latitude": 42.640430450439453, "longitude": 23.413154602050781, "raw_occupancy": 1, "timestamp": "2026-09-15 16:25:25" }, "geometry": { "type": "Point", "coordinates": [ 23.413154602050781, 42.640430450439453 ] } },
{ "type": "Feature", "properties": { "vehicle_id": "A1213", "latitude": 42.708366394042969, "longitude": 23.151300430297852, "raw_occupancy": 2, "timestamp": "2026-09-15 16:25:25" }, "geometry": { "type": "Point", "coordinates": [ 23.151300430297852, 42.708366394042969 ] } },
{ "type": "Feature", "properties": { "vehicle_id": "A1833", "latitude": 42.736225128173828, "longitude": 23.304300308227539, "raw_occupancy": 1, "timestamp": "2026-09-15 16:25:25" }, "geometry": { "type": "Point", "coordinates": [ 23.304300308227539, 42.736225128173828 ] } },
{ "type": "Feature", "properties": { "vehicle_id": "A3621", "latitude": 42.657218933105469, "longitude": 23.465682983398438, "raw_occupancy": 1, "timestamp": "2026-09-15 16:25:25" }, "geometry": { "type": "Point", "coordinates": [ 23.465682983398438, 42.657218933105469 ] } },
{ "type": "Feature", "properties": { "vehicle_id": "A2140", "latitude": 42.733852386474609, "longitude": 23.328405380249023, "raw_occupancy": 0, "timestamp": "2026-09-15 16:25:25" }, "geometry": { "type": "Point", "coordinates": [ 23.328405380249023, 42.733852386474609 ] } },
{ "type": "Feature", "properties": { "vehicle_id": "A3138", "latitude": 42.627727508544922, "longitude": 23.375251770019531, "raw_occupancy": 1, "timestamp": "2026-09-15 16:25:25" }, "geometry": { "type": "Point", "coordinates": [ 23.375251770019531, 42.627727508544922 ] } },
{ "type": "Feature", "properties": { "vehicle_id": "A2058", "latitude": 42.696689605712891, "longitude": 23.355976104736328, "raw_occupancy": 2, "timestamp": "2026-09-15 16:25:25" }, "geometry": { "type": "Point", "coordinates": [ 23.355976104736328, 42.696689605712891 ] } },
{ "type": "Feature", "properties": { "vehicle_id": "A2505", "latitude": 42.690967559814453, "longitude": 23.338119506835938, "raw_occupancy": 3, "timestamp": "2026-09-15 16:25:25" }, "geometry": { "type": "Point", "coordinates": [ 23.338119506835938, 42.690967559814453 ] } },
{ "type": "Feature", "properties": { "vehicle_id": "A2000", "latitude": 42.713161468505859, "longitude": 23.380367279052734, "raw_occupancy": 2, "timestamp": "2026-09-15 16:25:25" }, "geometry": { "type": "Point", "coordinates": [ 23.380367279052734, 42.713161468505859 ] } },
{ "type": "Feature", "properties": { "vehicle_id": "A1618", "latitude": 42.705127716064453, "longitude": 23.324985504150391, "raw_occupancy": 2, "timestamp": "2026-09-15 16:25:25" }, "geometry": { "type": "Point", "coordinates": [ 23.324985504150391, 42.705127716064453 ] } },
{ "type": "Feature", "properties": { "vehicle_id": "A1835", "latitude": 42.727897644042969, "longitude": 23.259984970092773, "raw_occupancy": 2, "timestamp": "2026-09-15 16:25:25" }, "geometry": { "type": "Point", "coordinates": [ 23.259984970092773, 42.727897644042969 ] } },
{ "type": "Feature", "properties": { "vehicle_id": "A2300", "latitude": 42.727428436279297, "longitude": 23.312267303466797, "raw_occupancy": 1, "timestamp": "2026-09-15 16:25:25" }, "geometry": { "type": "Point", "coordinates": [ 23.312267303466797, 42.727428436279297 ] } },
{ "type": "Feature", "properties": { "vehicle_id": "A3409", "latitude": 42.6722412109375, "longitude": 23.394495010375977, "raw_occupancy": 1, "timestamp": "2026-09-15 16:25:25" }, "geometry": { "type": "Point", "coordinates": [ 23.394495010375977, 42.6722412109375 ] } },
{ "type": "Feature", "properties": { "vehicle_id": "A7071", "latitude": 42.797836303710938, "longitude": 23.266536712646484, "raw_occupancy": 1, "timestamp": "2026-09-15 16:25:25" }, "geometry": { "type": "Point", "coordinates": [ 23.266536712646484, 42.797836303710938 ] } },
{ "type": "Feature", "properties": { "vehicle_id": "A2060", "latitude": 42.543701171875, "longitude": 23.484624862670898, "raw_occupancy": 2, "timestamp": "2026-09-15 16:25:25" }, "geometry": { "type": "Point", "coordinates": [ 23.484624862670898, 42.543701171875 ] } },
{ "type": "Feature", "properties": { "vehicle_id": "A3625", "latitude": 42.664451599121094, "longitude": 23.409938812255859, "raw_occupancy": 2, "timestamp": "2026-09-15 16:25:25" }, "geometry": { "type": "Point", "coordinates": [ 23.409938812255859, 42.664451599121094 ] } },
{ "type": "Feature", "properties": { "vehicle_id": "A1613", "latitude": 42.756305694580078, "longitude": 23.209665298461914, "raw_occupancy": 2, "timestamp": "2026-09-15 16:25:25" }, "geometry": { "type": "Point", "coordinates": [ 23.209665298461914, 42.756305694580078 ] } },
{ "type": "Feature", "properties": { "vehicle_id": "A3106", "latitude": 42.629631042480469, "longitude": 23.373012542724609, "raw_occupancy": 0, "timestamp": "2026-09-15 16:25:25" }, "geometry": { "type": "Point", "coordinates": [ 23.373012542724609, 42.629631042480469 ] } },
{ "type": "Feature", "properties": { "vehicle_id": "A1831", "latitude": 42.725193023681641, "longitude": 23.255542755126953, "raw_occupancy": 1, "timestamp": "2026-09-15 16:25:25" }, "geometry": { "type": "Point", "coordinates": [ 23.255542755126953, 42.725193023681641 ] } },
{ "type": "Feature", "properties": { "vehicle_id": "A2047", "latitude": 42.778373718261719, "longitude": 23.314035415649414, "raw_occupancy": 3, "timestamp": "2026-09-15 16:25:25" }, "geometry": { "type": "Point", "coordinates": [ 23.314035415649414, 42.778373718261719 ] } },
{ "type": "Feature", "properties": { "vehicle_id": "A2062", "latitude": 42.678890228271484, "longitude": 23.361000061035156, "raw_occupancy": 2, "timestamp": "2026-09-15 16:25:25" }, "geometry": { "type": "Point", "coordinates": [ 23.361000061035156, 42.678890228271484 ] } },
{ "type": "Feature", "properties": { "vehicle_id": "A3117", "latitude": 42.645950317382812, "longitude": 23.375694274902344, "raw_occupancy": 1, "timestamp": "2026-09-15 16:25:25" }, "geometry": { "type": "Point", "coordinates": [ 23.375694274902344, 42.645950317382812 ] } },
{ "type": "Feature", "properties": { "vehicle_id": "A3120", "latitude": 42.656913757324219, "longitude": 23.383760452270508, "raw_occupancy": 2, "timestamp": "2026-09-15 16:25:25" }, "geometry": { "type": "Point", "coordinates": [ 23.383760452270508, 42.656913757324219 ] } },
{ "type": "Feature", "properties": { "vehicle_id": "A1426", "latitude": 42.666713714599609, "longitude": 23.257856369018555, "raw_occupancy": 2, "timestamp": "2026-09-15 16:25:25" }, "geometry": { "type": "Point", "coordinates": [ 23.257856369018555, 42.666713714599609 ] } },
{ "type": "Feature", "properties": { "vehicle_id": "A3627", "latitude": 42.659923553466797, "longitude": 23.381019592285156, "raw_occupancy": 5, "timestamp": "2026-09-15 16:25:25" }, "geometry": { "type": "Point", "coordinates": [ 23.381019592285156, 42.659923553466797 ] } },
{ "type": "Feature", "properties": { "vehicle_id": "A1311", "latitude": 42.6212158203125, "longitude": 23.307708740234375, "raw_occupancy": 1, "timestamp": "2026-09-15 16:25:25" }, "geometry": { "type": "Point", "coordinates": [ 23.307708740234375, 42.6212158203125 ] } },
{ "type": "Feature", "properties": { "vehicle_id": "A1186", "latitude": 42.689361572265625, "longitude": 23.246612548828125, "raw_occupancy": 0, "timestamp": "2026-09-15 16:25:25" }, "geometry": { "type": "Point", "coordinates": [ 23.246612548828125, 42.689361572265625 ] } },
{ "type": "Feature", "properties": { "vehicle_id": "A2078", "latitude": 42.633865356445312, "longitude": 23.409156799316406, "raw_occupancy": 2, "timestamp": "2026-09-15 16:25:25" }, "geometry": { "type": "Point", "coordinates": [ 23.409156799316406, 42.633865356445312 ] } },
{ "type": "Feature", "properties": { "vehicle_id": "A2059", "latitude": 42.689498901367188, "longitude": 23.382419586181641, "raw_occupancy": 2, "timestamp": "2026-09-15 16:25:25" }, "geometry": { "type": "Point", "coordinates": [ 23.382419586181641, 42.689498901367188 ] } },
{ "type": "Feature", "properties": { "vehicle_id": "A2817", "latitude": 42.721897125244141, "longitude": 23.33116340637207, "raw_occupancy": 2, "timestamp": "2026-09-15 16:25:25" }, "geometry": { "type": "Point", "coordinates": [ 23.33116340637207, 42.721897125244141 ] } },
{ "type": "Feature", "properties": { "vehicle_id": "A1154", "latitude": 42.673107147216797, "longitude": 23.335586547851562, "raw_occupancy": 0, "timestamp": "2026-09-15 16:25:25" }, "geometry": { "type": "Point", "coordinates": [ 23.335586547851562, 42.673107147216797 ] } },
{ "type": "Feature", "properties": { "vehicle_id": "A3665", "latitude": 42.684627532958984, "longitude": 23.324602127075195, "raw_occupancy": 1, "timestamp": "2026-09-15 16:25:25" }, "geometry": { "type": "Point", "coordinates": [ 23.324602127075195, 42.684627532958984 ] } },
{ "type": "Feature", "properties": { "vehicle_id": "A7121", "latitude": 42.712841033935547, "longitude": 23.343212127685547, "raw_occupancy": 2, "timestamp": "2026-09-15 16:25:25" }, "geometry": { "type": "Point", "coordinates": [ 23.343212127685547, 42.712841033935547 ] } },
{ "type": "Feature", "properties": { "vehicle_id": "A2814", "latitude": 42.613872528076172, "longitude": 23.398019790649414, "raw_occupancy": 0, "timestamp": "2026-09-15 16:25:25" }, "geometry": { "type": "Point", "coordinates": [ 23.398019790649414, 42.613872528076172 ] } },
{ "type": "Feature", "properties": { "vehicle_id": "A7143", "latitude": 42.709995269775391, "longitude": 23.335613250732422, "raw_occupancy": 3, "timestamp": "2026-09-15 16:25:25" }, "geometry": { "type": "Point", "coordinates": [ 23.335613250732422, 42.709995269775391 ] } },
{ "type": "Feature", "properties": { "vehicle_id": "A1319", "latitude": 42.606391906738281, "longitude": 23.175941467285156, "raw_occupancy": 1, "timestamp": "2026-09-15 16:25:25" }, "geometry": { "type": "Point", "coordinates": [ 23.175941467285156, 42.606391906738281 ] } },
{ "type": "Feature", "properties": { "vehicle_id": "A2825", "latitude": 42.7205810546875, "longitude": 23.273347854614258, "raw_occupancy": 2, "timestamp": "2026-09-15 16:25:25" }, "geometry": { "type": "Point", "coordinates": [ 23.273347854614258, 42.7205810546875 ] } },
{ "type": "Feature", "properties": { "vehicle_id": "A2314", "latitude": 42.690608978271484, "longitude": 23.332048416137695, "raw_occupancy": 1, "timestamp": "2026-09-15 16:25:25" }, "geometry": { "type": "Point", "coordinates": [ 23.332048416137695, 42.690608978271484 ] } },
{ "type": "Feature", "properties": { "vehicle_id": "A3633", "latitude": 42.622760772705078, "longitude": 23.404945373535156, "raw_occupancy": 0, "timestamp": "2026-09-15 16:25:25" }, "geometry": { "type": "Point", "coordinates": [ 23.404945373535156, 42.622760772705078 ] } },
{ "type": "Feature", "properties": { "vehicle_id": "A3600", "latitude": 42.66021728515625, "longitude": 23.464790344238281, "raw_occupancy": 0, "timestamp": "2026-09-15 16:25:25" }, "geometry": { "type": "Point", "coordinates": [ 23.464790344238281, 42.66021728515625 ] } },
{ "type": "Feature", "properties": { "vehicle_id": "A3605", "latitude": 42.623241424560547, "longitude": 23.386684417724609, "raw_occupancy": 1, "timestamp": "2026-09-15 16:25:25" }, "geometry": { "type": "Point", "coordinates": [ 23.386684417724609, 42.623241424560547 ] } },
{ "type": "Feature", "properties": { "vehicle_id": "A2030", "latitude": 42.672348022460938, "longitude": 23.335893630981445, "raw_occupancy": 3, "timestamp": "2026-09-15 16:25:25" }, "geometry": { "type": "Point", "coordinates": [ 23.335893630981445, 42.672348022460938 ] } },
{ "type": "Feature", "properties": { "vehicle_id": "A7081", "latitude": 42.767082214355469, "longitude": 23.357118606567383, "raw_occupancy": 2, "timestamp": "2026-09-15 16:25:25" }, "geometry": { "type": "Point", "coordinates": [ 23.357118606567383, 42.767082214355469 ] } },
{ "type": "Feature", "properties": { "vehicle_id": "A2028", "latitude": 42.709281921386719, "longitude": 23.318376541137695, "raw_occupancy": 1, "timestamp": "2026-09-15 16:25:25" }, "geometry": { "type": "Point", "coordinates": [ 23.318376541137695, 42.709281921386719 ] } },
{ "type": "Feature", "properties": { "vehicle_id": "A2804", "latitude": 42.684593200683594, "longitude": 23.301517486572266, "raw_occupancy": 3, "timestamp": "2026-09-15 16:25:25" }, "geometry": { "type": "Point", "coordinates": [ 23.301517486572266, 42.684593200683594 ] } },
{ "type": "Feature", "properties": { "vehicle_id": "A3608", "latitude": 42.640171051025391, "longitude": 23.381586074829102, "raw_occupancy": 2, "timestamp": "2026-09-15 16:25:25" }, "geometry": { "type": "Point", "coordinates": [ 23.381586074829102, 42.640171051025391 ] } },
{ "type": "Feature", "properties": { "vehicle_id": "A7083", "latitude": 42.736049652099609, "longitude": 23.493574142456055, "raw_occupancy": 0, "timestamp": "2026-09-15 16:25:25" }, "geometry": { "type": "Point", "coordinates": [ 23.493574142456055, 42.736049652099609 ] } },
{ "type": "Feature", "properties": { "vehicle_id": "A2086", "latitude": 42.704807281494141, "longitude": 23.32227897644043, "raw_occupancy": 2, "timestamp": "2026-09-15 16:25:25" }, "geometry": { "type": "Point", "coordinates": [ 23.32227897644043, 42.704807281494141 ] } },
{ "type": "Feature", "properties": { "vehicle_id": "A2165", "latitude": 42.724628448486328, "longitude": 23.292985916137695, "raw_occupancy": 2, "timestamp": "2026-09-15 16:25:25" }, "geometry": { "type": "Point", "coordinates": [ 23.292985916137695, 42.724628448486328 ] } },
{ "type": "Feature", "properties": { "vehicle_id": "A1030", "latitude": 42.646007537841797, "longitude": 23.3336181640625, "raw_occupancy": 2, "timestamp": "2026-09-15 16:25:25" }, "geometry": { "type": "Point", "coordinates": [ 23.3336181640625, 42.646007537841797 ] } },
{ "type": "Feature", "properties": { "vehicle_id": "A2514", "latitude": 42.697433471679688, "longitude": 23.276725769042969, "raw_occupancy": 1, "timestamp": "2026-09-15 16:25:25" }, "geometry": { "type": "Point", "coordinates": [ 23.276725769042969, 42.697433471679688 ] } },
{ "type": "Feature", "properties": { "vehicle_id": "A1608", "latitude": 42.674919128417969, "longitude": 23.359413146972656, "raw_occupancy": 3, "timestamp": "2026-09-15 16:25:25" }, "geometry": { "type": "Point", "coordinates": [ 23.359413146972656, 42.674919128417969 ] } },
{ "type": "Feature", "properties": { "vehicle_id": "A2519", "latitude": 42.688083648681641, "longitude": 23.333900451660156, "raw_occupancy": 3, "timestamp": "2026-09-15 16:25:25" }, "geometry": { "type": "Point", "coordinates": [ 23.333900451660156, 42.688083648681641 ] } },
{ "type": "Feature", "properties": { "vehicle_id": "A3626", "latitude": 42.727066040039062, "longitude": 23.312700271606445, "raw_occupancy": 1, "timestamp": "2026-09-15 16:25:25" }, "geometry": { "type": "Point", "coordinates": [ 23.312700271606445, 42.727066040039062 ] } },
{ "type": "Feature", "properties": { "vehicle_id": "A3603", "latitude": 42.677047729492188, "longitude": 23.464632034301758, "raw_occupancy": 1, "timestamp": "2026-09-15 16:25:25" }, "geometry": { "type": "Point", "coordinates": [ 23.464632034301758, 42.677047729492188 ] } },
{ "type": "Feature", "properties": { "vehicle_id": "A7117", "latitude": 42.705371856689453, "longitude": 23.332748413085938, "raw_occupancy": 1, "timestamp": "2026-09-15 16:25:25" }, "geometry": { "type": "Point", "coordinates": [ 23.332748413085938, 42.705371856689453 ] } },
{ "type": "Feature", "properties": { "vehicle_id": "A2029", "latitude": 42.671054840087891, "longitude": 23.33757209777832, "raw_occupancy": 2, "timestamp": "2026-09-15 16:25:25" }, "geometry": { "type": "Point", "coordinates": [ 23.33757209777832, 42.671054840087891 ] } },
{ "type": "Feature", "properties": { "vehicle_id": "A2507", "latitude": 42.689388275146484, "longitude": 23.364334106445312, "raw_occupancy": 2, "timestamp": "2026-09-15 16:25:25" }, "geometry": { "type": "Point", "coordinates": [ 23.364334106445312, 42.689388275146484 ] } },
{ "type": "Feature", "properties": { "vehicle_id": "A1841", "latitude": 42.637092590332031, "longitude": 23.323823928833008, "raw_occupancy": 2, "timestamp": "2026-09-15 16:25:25" }, "geometry": { "type": "Point", "coordinates": [ 23.323823928833008, 42.637092590332031 ] } },
{ "type": "Feature", "properties": { "vehicle_id": "A2518", "latitude": 42.669578552246094, "longitude": 23.369071960449219, "raw_occupancy": 1, "timestamp": "2026-09-15 16:25:25" }, "geometry": { "type": "Point", "coordinates": [ 23.369071960449219, 42.669578552246094 ] } },
{ "type": "Feature", "properties": { "vehicle_id": "A2510", "latitude": 42.631443023681641, "longitude": 23.313322067260742, "raw_occupancy": 2, "timestamp": "2026-09-15 16:25:25" }, "geometry": { "type": "Point", "coordinates": [ 23.313322067260742, 42.631443023681641 ] } },
{ "type": "Feature", "properties": { "vehicle_id": "A3115", "latitude": 42.680595397949219, "longitude": 23.374961853027344, "raw_occupancy": 0, "timestamp": "2026-09-15 16:25:25" }, "geometry": { "type": "Point", "coordinates": [ 23.374961853027344, 42.680595397949219 ] } },
{ "type": "Feature", "properties": { "vehicle_id": "A3156", "latitude": 42.660598754882812, "longitude": 23.29707145690918, "raw_occupancy": 1, "timestamp": "2026-09-15 16:25:25" }, "geometry": { "type": "Point", "coordinates": [ 23.29707145690918, 42.660598754882812 ] } },
{ "type": "Feature", "properties": { "vehicle_id": "A2083", "latitude": 42.710857391357422, "longitude": 23.332054138183594, "raw_occupancy": 1, "timestamp": "2026-09-15 16:25:25" }, "geometry": { "type": "Point", "coordinates": [ 23.332054138183594, 42.710857391357422 ] } },
{ "type": "Feature", "properties": { "vehicle_id": "A7101", "latitude": 42.727752685546875, "longitude": 23.245883941650391, "raw_occupancy": 2, "timestamp": "2026-09-15 16:25:25" }, "geometry": { "type": "Point", "coordinates": [ 23.245883941650391, 42.727752685546875 ] } },
{ "type": "Feature", "properties": { "vehicle_id": "A1869", "latitude": 42.732063293457031, "longitude": 23.091812133789062, "raw_occupancy": 0, "timestamp": "2026-09-15 16:25:25" }, "geometry": { "type": "Point", "coordinates": [ 23.091812133789062, 42.732063293457031 ] } },
{ "type": "Feature", "properties": { "vehicle_id": "A2016", "latitude": 42.682231903076172, "longitude": 23.320737838745117, "raw_occupancy": 0, "timestamp": "2026-09-15 16:25:25" }, "geometry": { "type": "Point", "coordinates": [ 23.320737838745117, 42.682231903076172 ] } },
{ "type": "Feature", "properties": { "vehicle_id": "A2306", "latitude": 42.694400787353516, "longitude": 23.335121154785156, "raw_occupancy": 1, "timestamp": "2026-09-15 16:25:25" }, "geometry": { "type": "Point", "coordinates": [ 23.335121154785156, 42.694400787353516 ] } },
{ "type": "Feature", "properties": { "vehicle_id": "A2088", "latitude": 42.713153839111328, "longitude": 23.413412094116211, "raw_occupancy": 0, "timestamp": "2026-09-15 16:25:25" }, "geometry": { "type": "Point", "coordinates": [ 23.413412094116211, 42.713153839111328 ] } },
{ "type": "Feature", "properties": { "vehicle_id": "A2025", "latitude": 42.644493103027344, "longitude": 23.345148086547852, "raw_occupancy": 0, "timestamp": "2026-09-15 16:25:25" }, "geometry": { "type": "Point", "coordinates": [ 23.345148086547852, 42.644493103027344 ] } },
{ "type": "Feature", "properties": { "vehicle_id": "A7059", "latitude": 42.739307403564453, "longitude": 23.504585266113281, "raw_occupancy": 1, "timestamp": "2026-09-15 16:25:25" }, "geometry": { "type": "Point", "coordinates": [ 23.504585266113281, 42.739307403564453 ] } },
{ "type": "Feature", "properties": { "vehicle_id": "A3670", "latitude": 42.688034057617188, "longitude": 23.413734436035156, "raw_occupancy": 1, "timestamp": "2026-09-15 16:25:25" }, "geometry": { "type": "Point", "coordinates": [ 23.413734436035156, 42.688034057617188 ] } },
{ "type": "Feature", "properties": { "vehicle_id": "A2003", "latitude": 42.709945678710938, "longitude": 23.293968200683594, "raw_occupancy": 2, "timestamp": "2026-09-15 16:25:25" }, "geometry": { "type": "Point", "coordinates": [ 23.293968200683594, 42.709945678710938 ] } },
{ "type": "Feature", "properties": { "vehicle_id": "A2018", "latitude": 42.661861419677734, "longitude": 23.345989227294922, "raw_occupancy": 1, "timestamp": "2026-09-15 16:25:25" }, "geometry": { "type": "Point", "coordinates": [ 23.345989227294922, 42.661861419677734 ] } },
{ "type": "Feature", "properties": { "vehicle_id": "A3660", "latitude": 42.524986267089844, "longitude": 23.365316390991211, "raw_occupancy": 1, "timestamp": "2026-09-15 16:25:25" }, "geometry": { "type": "Point", "coordinates": [ 23.365316390991211, 42.524986267089844 ] } },
{ "type": "Feature", "properties": { "vehicle_id": "A1217", "latitude": 42.727207183837891, "longitude": 23.261409759521484, "raw_occupancy": 2, "timestamp": "2026-09-15 16:25:25" }, "geometry": { "type": "Point", "coordinates": [ 23.261409759521484, 42.727207183837891 ] } },
{ "type": "Feature", "properties": { "vehicle_id": "A2811", "latitude": 42.674385070800781, "longitude": 23.222661972045898, "raw_occupancy": 1, "timestamp": "2026-09-15 16:25:25" }, "geometry": { "type": "Point", "coordinates": [ 23.222661972045898, 42.674385070800781 ] } },
{ "type": "Feature", "properties": { "vehicle_id": "A3102", "latitude": 42.640777587890625, "longitude": 23.374279022216797, "raw_occupancy": 2, "timestamp": "2026-09-15 16:25:25" }, "geometry": { "type": "Point", "coordinates": [ 23.374279022216797, 42.640777587890625 ] } },
{ "type": "Feature", "properties": { "vehicle_id": "A7147", "latitude": 42.753437042236328, "longitude": 23.27552604675293, "raw_occupancy": 1, "timestamp": "2026-09-15 16:25:25" }, "geometry": { "type": "Point", "coordinates": [ 23.27552604675293, 42.753437042236328 ] } },
{ "type": "Feature", "properties": { "vehicle_id": "A1158", "latitude": 42.658611297607422, "longitude": 23.269332885742188, "raw_occupancy": 2, "timestamp": "2026-09-15 16:25:25" }, "geometry": { "type": "Point", "coordinates": [ 23.269332885742188, 42.658611297607422 ] } },
{ "type": "Feature", "properties": { "vehicle_id": "A1406", "latitude": 42.649791717529297, "longitude": 23.261125564575195, "raw_occupancy": 1, "timestamp": "2026-09-15 16:25:25" }, "geometry": { "type": "Point", "coordinates": [ 23.261125564575195, 42.649791717529297 ] } },
{ "type": "Feature", "properties": { "vehicle_id": "A3145", "latitude": 42.649440765380859, "longitude": 23.408512115478516, "raw_occupancy": 2, "timestamp": "2026-09-15 16:25:25" }, "geometry": { "type": "Point", "coordinates": [ 23.408512115478516, 42.649440765380859 ] } },
{ "type": "Feature", "properties": { "vehicle_id": "A3146", "latitude": 42.675975799560547, "longitude": 23.288782119750977, "raw_occupancy": 2, "timestamp": "2026-09-15 16:25:25" }, "geometry": { "type": "Point", "coordinates": [ 23.288782119750977, 42.675975799560547 ] } },
{ "type": "Feature", "properties": { "vehicle_id": "A1825", "latitude": 42.697048187255859, "longitude": 23.213220596313477, "raw_occupancy": 1, "timestamp": "2026-09-15 16:25:25" }, "geometry": { "type": "Point", "coordinates": [ 23.213220596313477, 42.697048187255859 ] } },
{ "type": "Feature", "properties": { "vehicle_id": "A3403", "latitude": 42.667160034179688, "longitude": 23.391807556152344, "raw_occupancy": 2, "timestamp": "2026-09-15 16:25:25" }, "geometry": { "type": "Point", "coordinates": [ 23.391807556152344, 42.667160034179688 ] } },
{ "type": "Feature", "properties": { "vehicle_id": "A2023", "latitude": 42.667110443115234, "longitude": 23.324337005615234, "raw_occupancy": 1, "timestamp": "2026-09-15 16:25:25" }, "geometry": { "type": "Point", "coordinates": [ 23.324337005615234, 42.667110443115234 ] } },
{ "type": "Feature", "properties": { "vehicle_id": "A2161", "latitude": 42.701717376708984, "longitude": 23.349756240844727, "raw_occupancy": 1, "timestamp": "2026-09-15 16:25:25" }, "geometry": { "type": "Point", "coordinates": [ 23.349756240844727, 42.701717376708984 ] } },
{ "type": "Feature", "properties": { "vehicle_id": "A1809", "latitude": 42.706108093261719, "longitude": 23.230375289916992, "raw_occupancy": 1, "timestamp": "2026-09-15 16:25:25" }, "geometry": { "type": "Point", "coordinates": [ 23.230375289916992, 42.706108093261719 ] } },
{ "type": "Feature", "properties": { "vehicle_id": "A1159", "latitude": 42.678337097167969, "longitude": 23.285554885864258, "raw_occupancy": 1, "timestamp": "2026-09-15 16:25:25" }, "geometry": { "type": "Point", "coordinates": [ 23.285554885864258, 42.678337097167969 ] } },
{ "type": "Feature", "properties": { "vehicle_id": "A1410", "latitude": 42.649494171142578, "longitude": 23.264743804931641, "raw_occupancy": 3, "timestamp": "2026-09-15 16:25:25" }, "geometry": { "type": "Point", "coordinates": [ 23.264743804931641, 42.649494171142578 ] } },
{ "type": "Feature", "properties": { "vehicle_id": "A3319", "latitude": 42.708106994628906, "longitude": 23.322864532470703, "raw_occupancy": 0, "timestamp": "2026-09-15 16:25:25" }, "geometry": { "type": "Point", "coordinates": [ 23.322864532470703, 42.708106994628906 ] } },
{ "type": "Feature", "properties": { "vehicle_id": "A2043", "latitude": 42.706813812255859, "longitude": 23.337404251098633, "raw_occupancy": 1, "timestamp": "2026-09-15 16:25:25" }, "geometry": { "type": "Point", "coordinates": [ 23.337404251098633, 42.706813812255859 ] } },
{ "type": "Feature", "properties": { "vehicle_id": "A1413", "latitude": 42.687248229980469, "longitude": 23.310670852661133, "raw_occupancy": 1, "timestamp": "2026-09-15 16:25:25" }, "geometry": { "type": "Point", "coordinates": [ 23.310670852661133, 42.687248229980469 ] } },
{ "type": "Feature", "properties": { "vehicle_id": "A3669", "latitude": 42.657367706298828, "longitude": 23.401538848876953, "raw_occupancy": 1, "timestamp": "2026-09-15 16:25:25" }, "geometry": { "type": "Point", "coordinates": [ 23.401538848876953, 42.657367706298828 ] } },
{ "type": "Feature", "properties": { "vehicle_id": "A7061", "latitude": 42.812358856201172, "longitude": 23.351301193237305, "raw_occupancy": 2, "timestamp": "2026-09-15 16:25:25" }, "geometry": { "type": "Point", "coordinates": [ 23.351301193237305, 42.812358856201172 ] } },
{ "type": "Feature", "properties": { "vehicle_id": "A2315", "latitude": 42.676559448242188, "longitude": 23.357086181640625, "raw_occupancy": 1, "timestamp": "2026-09-15 16:25:25" }, "geometry": { "type": "Point", "coordinates": [ 23.357086181640625, 42.676559448242188 ] } },
{ "type": "Feature", "properties": { "vehicle_id": "A2072", "latitude": 42.728862762451172, "longitude": 23.32061767578125, "raw_occupancy": 0, "timestamp": "2026-09-15 16:25:25" }, "geometry": { "type": "Point", "coordinates": [ 23.32061767578125, 42.728862762451172 ] } },
{ "type": "Feature", "properties": { "vehicle_id": "A1805", "latitude": 42.633258819580078, "longitude": 23.332563400268555, "raw_occupancy": 4, "timestamp": "2026-09-15 16:25:25" }, "geometry": { "type": "Point", "coordinates": [ 23.332563400268555, 42.633258819580078 ] } },
{ "type": "Feature", "properties": { "vehicle_id": "A1823", "latitude": 42.722885131835938, "longitude": 23.248815536499023, "raw_occupancy": 2, "timestamp": "2026-09-15 16:25:25" }, "geometry": { "type": "Point", "coordinates": [ 23.248815536499023, 42.722885131835938 ] } },
{ "type": "Feature", "properties": { "vehicle_id": "A3140", "latitude": 42.704769134521484, "longitude": 23.323648452758789, "raw_occupancy": 1, "timestamp": "2026-09-15 16:25:25" }, "geometry": { "type": "Point", "coordinates": [ 23.323648452758789, 42.704769134521484 ] } },
{ "type": "Feature", "properties": { "vehicle_id": "A1219", "latitude": 42.719680786132812, "longitude": 23.263500213623047, "raw_occupancy": 1, "timestamp": "2026-09-15 16:25:25" }, "geometry": { "type": "Point", "coordinates": [ 23.263500213623047, 42.719680786132812 ] } },
{ "type": "Feature", "properties": { "vehicle_id": "A2012", "latitude": 42.667819976806641, "longitude": 23.327066421508789, "raw_occupancy": 1, "timestamp": "2026-09-15 16:25:25" }, "geometry": { "type": "Point", "coordinates": [ 23.327066421508789, 42.667819976806641 ] } },
{ "type": "Feature", "properties": { "vehicle_id": "A7087", "latitude": 42.848304748535156, "longitude": 23.267702102661133, "raw_occupancy": 0, "timestamp": "2026-09-15 16:25:25" }, "geometry": { "type": "Point", "coordinates": [ 23.267702102661133, 42.848304748535156 ] } },
{ "type": "Feature", "properties": { "vehicle_id": "A1172", "latitude": 42.682865142822266, "longitude": 23.243518829345703, "raw_occupancy": 0, "timestamp": "2026-09-15 16:25:25" }, "geometry": { "type": "Point", "coordinates": [ 23.243518829345703, 42.682865142822266 ] } },
{ "type": "Feature", "properties": { "vehicle_id": "A7045", "latitude": 42.737720489501953, "longitude": 23.309921264648438, "raw_occupancy": 2, "timestamp": "2026-09-15 16:25:25" }, "geometry": { "type": "Point", "coordinates": [ 23.309921264648438, 42.737720489501953 ] } },
{ "type": "Feature", "properties": { "vehicle_id": "A2035", "latitude": 42.662620544433594, "longitude": 23.345266342163086, "raw_occupancy": 2, "timestamp": "2026-09-15 16:25:25" }, "geometry": { "type": "Point", "coordinates": [ 23.345266342163086, 42.662620544433594 ] } },
{ "type": "Feature", "properties": { "vehicle_id": "A7139", "latitude": 42.738857269287109, "longitude": 23.515621185302734, "raw_occupancy": 1, "timestamp": "2026-09-15 16:25:25" }, "geometry": { "type": "Point", "coordinates": [ 23.515621185302734, 42.738857269287109 ] } },
{ "type": "Feature", "properties": { "vehicle_id": "A2082", "latitude": 42.586700439453125, "longitude": 23.360496520996094, "raw_occupancy": 1, "timestamp": "2026-09-15 16:25:25" }, "geometry": { "type": "Point", "coordinates": [ 23.360496520996094, 42.586700439453125 ] } },
{ "type": "Feature", "properties": { "vehicle_id": "A1606", "latitude": 42.651294708251953, "longitude": 23.375566482543945, "raw_occupancy": 1, "timestamp": "2026-09-15 16:25:25" }, "geometry": { "type": "Point", "coordinates": [ 23.375566482543945, 42.651294708251953 ] } },
{ "type": "Feature", "properties": { "vehicle_id": "A7053", "latitude": 42.699058532714844, "longitude": 23.364898681640625, "raw_occupancy": 2, "timestamp": "2026-09-15 16:25:25" }, "geometry": { "type": "Point", "coordinates": [ 23.364898681640625, 42.699058532714844 ] } },
{ "type": "Feature", "properties": { "vehicle_id": "A2085", "latitude": 42.658977508544922, "longitude": 23.327737808227539, "raw_occupancy": 0, "timestamp": "2026-09-15 16:25:25" }, "geometry": { "type": "Point", "coordinates": [ 23.327737808227539, 42.658977508544922 ] } },
{ "type": "Feature", "properties": { "vehicle_id": "A2316", "latitude": 42.666679382324219, "longitude": 23.364416122436523, "raw_occupancy": 3, "timestamp": "2026-09-15 16:25:25" }, "geometry": { "type": "Point", "coordinates": [ 23.364416122436523, 42.666679382324219 ] } },
{ "type": "Feature", "properties": { "vehicle_id": "A2032", "latitude": 42.675643920898438, "longitude": 23.333761215209961, "raw_occupancy": 2, "timestamp": "2026-09-15 16:25:25" }, "geometry": { "type": "Point", "coordinates": [ 23.333761215209961, 42.675643920898438 ] } },
{ "type": "Feature", "properties": { "vehicle_id": "A7129", "latitude": 42.709877014160156, "longitude": 23.465578079223633, "raw_occupancy": 1, "timestamp": "2026-09-15 16:25:25" }, "geometry": { "type": "Point", "coordinates": [ 23.465578079223633, 42.709877014160156 ] } },
{ "type": "Feature", "properties": { "vehicle_id": "A1402", "latitude": 42.718334197998047, "longitude": 23.277603149414062, "raw_occupancy": 1, "timestamp": "2026-09-15 16:25:25" }, "geometry": { "type": "Point", "coordinates": [ 23.277603149414062, 42.718334197998047 ] } },
{ "type": "Feature", "properties": { "vehicle_id": "A2308", "latitude": 42.694332122802734, "longitude": 23.335483551025391, "raw_occupancy": 1, "timestamp": "2026-09-15 16:25:25" }, "geometry": { "type": "Point", "coordinates": [ 23.335483551025391, 42.694332122802734 ] } },
{ "type": "Feature", "properties": { "vehicle_id": "A3650", "latitude": 42.622501373291016, "longitude": 23.358251571655273, "raw_occupancy": 2, "timestamp": "2026-09-15 16:25:25" }, "geometry": { "type": "Point", "coordinates": [ 23.358251571655273, 42.622501373291016 ] } },
{ "type": "Feature", "properties": { "vehicle_id": "A2067", "latitude": 42.730640411376953, "longitude": 23.3131103515625, "raw_occupancy": 2, "timestamp": "2026-09-15 16:25:25" }, "geometry": { "type": "Point", "coordinates": [ 23.3131103515625, 42.730640411376953 ] } },
{ "type": "Feature", "properties": { "vehicle_id": "A1179", "latitude": 42.672382354736328, "longitude": 23.293973922729492, "raw_occupancy": 2, "timestamp": "2026-09-15 16:25:25" }, "geometry": { "type": "Point", "coordinates": [ 23.293973922729492, 42.672382354736328 ] } },
{ "type": "Feature", "properties": { "vehicle_id": "A2033", "latitude": 42.697364807128906, "longitude": 23.351882934570312, "raw_occupancy": 3, "timestamp": "2026-09-15 16:25:25" }, "geometry": { "type": "Point", "coordinates": [ 23.351882934570312, 42.697364807128906 ] } },
{ "type": "Feature", "properties": { "vehicle_id": "A1012", "latitude": 42.636806488037109, "longitude": 23.340084075927734, "raw_occupancy": 2, "timestamp": "2026-09-15 16:25:25" }, "geometry": { "type": "Point", "coordinates": [ 23.340084075927734, 42.636806488037109 ] } },
{ "type": "Feature", "properties": { "vehicle_id": "A3017", "latitude": 42.690868377685547, "longitude": 23.337594985961914, "raw_occupancy": 1, "timestamp": "2026-09-15 16:25:25" }, "geometry": { "type": "Point", "coordinates": [ 23.337594985961914, 42.690868377685547 ] } },
{ "type": "Feature", "properties": { "vehicle_id": "A7073", "latitude": 42.742504119873047, "longitude": 23.505582809448242, "raw_occupancy": 1, "timestamp": "2026-09-15 16:25:25" }, "geometry": { "type": "Point", "coordinates": [ 23.505582809448242, 42.742504119873047 ] } },
{ "type": "Feature", "properties": { "vehicle_id": "A1152", "latitude": 42.656528472900391, "longitude": 23.336391448974609, "raw_occupancy": 2, "timestamp": "2026-09-15 16:25:25" }, "geometry": { "type": "Point", "coordinates": [ 23.336391448974609, 42.656528472900391 ] } },
{ "type": "Feature", "properties": { "vehicle_id": "A7191", "latitude": 42.760749816894531, "longitude": 23.4228515625, "raw_occupancy": 0, "timestamp": "2026-09-15 16:25:25" }, "geometry": { "type": "Point", "coordinates": [ 23.4228515625, 42.760749816894531 ] } },
{ "type": "Feature", "properties": { "vehicle_id": "A1208", "latitude": 42.638725280761719, "longitude": 23.319463729858398, "raw_occupancy": 3, "timestamp": "2026-09-15 16:25:25" }, "geometry": { "type": "Point", "coordinates": [ 23.319463729858398, 42.638725280761719 ] } },
{ "type": "Feature", "properties": { "vehicle_id": "A3628", "latitude": 42.660099029541016, "longitude": 23.395092010498047, "raw_occupancy": 1, "timestamp": "2026-09-15 16:25:25" }, "geometry": { "type": "Point", "coordinates": [ 23.395092010498047, 42.660099029541016 ] } },
{ "type": "Feature", "properties": { "vehicle_id": "A1180", "latitude": 42.669448852539062, "longitude": 23.337774276733398, "raw_occupancy": 2, "timestamp": "2026-09-15 16:25:25" }, "geometry": { "type": "Point", "coordinates": [ 23.337774276733398, 42.669448852539062 ] } },
{ "type": "Feature", "properties": { "vehicle_id": "A1421", "latitude": 42.635395050048828, "longitude": 23.299934387207031, "raw_occupancy": 3, "timestamp": "2026-09-15 16:25:25" }, "geometry": { "type": "Point", "coordinates": [ 23.299934387207031, 42.635395050048828 ] } },
{ "type": "Feature", "properties": { "vehicle_id": "A2050", "latitude": 42.704685211181641, "longitude": 23.331453323364258, "raw_occupancy": 1, "timestamp": "2026-09-15 16:25:25" }, "geometry": { "type": "Point", "coordinates": [ 23.331453323364258, 42.704685211181641 ] } },
{ "type": "Feature", "properties": { "vehicle_id": "A1409", "latitude": 42.674129486083984, "longitude": 23.240201950073242, "raw_occupancy": 1, "timestamp": "2026-09-15 16:25:25" }, "geometry": { "type": "Point", "coordinates": [ 23.240201950073242, 42.674129486083984 ] } },
{ "type": "Feature", "properties": { "vehicle_id": "A3012", "latitude": 42.678230285644531, "longitude": 23.378679275512695, "raw_occupancy": 0, "timestamp": "2026-09-15 16:25:25" }, "geometry": { "type": "Point", "coordinates": [ 23.378679275512695, 42.678230285644531 ] } },
{ "type": "Feature", "properties": { "vehicle_id": "A3651", "latitude": 42.654151916503906, "longitude": 23.371536254882812, "raw_occupancy": 1, "timestamp": "2026-09-15 16:25:25" }, "geometry": { "type": "Point", "coordinates": [ 23.371536254882812, 42.654151916503906 ] } },
{ "type": "Feature", "properties": { "vehicle_id": "A7185", "latitude": 42.732563018798828, "longitude": 23.465335845947266, "raw_occupancy": 2, "timestamp": "2026-09-15 16:25:25" }, "geometry": { "type": "Point", "coordinates": [ 23.465335845947266, 42.732563018798828 ] } },
{ "type": "Feature", "properties": { "vehicle_id": "A2752", "latitude": 42.642974853515625, "longitude": 23.342056274414062, "raw_occupancy": 1, "timestamp": "2026-09-15 16:25:25" }, "geometry": { "type": "Point", "coordinates": [ 23.342056274414062, 42.642974853515625 ] } },
{ "type": "Feature", "properties": { "vehicle_id": "A2077", "latitude": 42.812076568603516, "longitude": 23.377532958984375, "raw_occupancy": 0, "timestamp": "2026-09-15 16:25:25" }, "geometry": { "type": "Point", "coordinates": [ 23.377532958984375, 42.812076568603516 ] } },
{ "type": "Feature", "properties": { "vehicle_id": "A7187", "latitude": 42.729854583740234, "longitude": 23.383325576782227, "raw_occupancy": 1, "timestamp": "2026-09-15 16:25:25" }, "geometry": { "type": "Point", "coordinates": [ 23.383325576782227, 42.729854583740234 ] } },
{ "type": "Feature", "properties": { "vehicle_id": "A3119", "latitude": 42.662532806396484, "longitude": 23.355415344238281, "raw_occupancy": 2, "timestamp": "2026-09-15 16:25:25" }, "geometry": { "type": "Point", "coordinates": [ 23.355415344238281, 42.662532806396484 ] } },
{ "type": "Feature", "properties": { "vehicle_id": "A2079", "latitude": 42.533885955810547, "longitude": 23.366090774536133, "raw_occupancy": 0, "timestamp": "2026-09-15 16:25:25" }, "geometry": { "type": "Point", "coordinates": [ 23.366090774536133, 42.533885955810547 ] } },
{ "type": "Feature", "properties": { "vehicle_id": "A2075", "latitude": 42.600002288818359, "longitude": 23.497236251831055, "raw_occupancy": 1, "timestamp": "2026-09-15 16:25:25" }, "geometry": { "type": "Point", "coordinates": [ 23.497236251831055, 42.600002288818359 ] } },
{ "type": "Feature", "properties": { "vehicle_id": "A3606", "latitude": 42.616558074951172, "longitude": 23.364749908447266, "raw_occupancy": 1, "timestamp": "2026-09-15 16:25:25" }, "geometry": { "type": "Point", "coordinates": [ 23.364749908447266, 42.616558074951172 ] } },
{ "type": "Feature", "properties": { "vehicle_id": "A3126", "latitude": 42.654277801513672, "longitude": 23.347499847412109, "raw_occupancy": 1, "timestamp": "2026-09-15 16:25:25" }, "geometry": { "type": "Point", "coordinates": [ 23.347499847412109, 42.654277801513672 ] } },
{ "type": "Feature", "properties": { "vehicle_id": "A2013", "latitude": 42.705135345458984, "longitude": 23.331398010253906, "raw_occupancy": 1, "timestamp": "2026-09-15 16:25:25" }, "geometry": { "type": "Point", "coordinates": [ 23.331398010253906, 42.705135345458984 ] } },
{ "type": "Feature", "properties": { "vehicle_id": "A2502", "latitude": 42.612350463867188, "longitude": 23.338716506958008, "raw_occupancy": 1, "timestamp": "2026-09-15 16:25:25" }, "geometry": { "type": "Point", "coordinates": [ 23.338716506958008, 42.612350463867188 ] } },
{ "type": "Feature", "properties": { "vehicle_id": "A3616", "latitude": 42.641311645507812, "longitude": 23.381418228149414, "raw_occupancy": 3, "timestamp": "2026-09-15 16:25:25" }, "geometry": { "type": "Point", "coordinates": [ 23.381418228149414, 42.641311645507812 ] } },
{ "type": "Feature", "properties": { "vehicle_id": "A1607", "latitude": 42.688674926757812, "longitude": 23.262271881103516, "raw_occupancy": 2, "timestamp": "2026-09-15 16:25:25" }, "geometry": { "type": "Point", "coordinates": [ 23.262271881103516, 42.688674926757812 ] } },
{ "type": "Feature", "properties": { "vehicle_id": "A2026", "latitude": 42.712482452392578, "longitude": 23.412250518798828, "raw_occupancy": 1, "timestamp": "2026-09-15 16:25:25" }, "geometry": { "type": "Point", "coordinates": [ 23.412250518798828, 42.712482452392578 ] } },
{ "type": "Feature", "properties": { "vehicle_id": "A2305", "latitude": 42.707366943359375, "longitude": 23.354513168334961, "raw_occupancy": 1, "timestamp": "2026-09-15 16:25:25" }, "geometry": { "type": "Point", "coordinates": [ 23.354513168334961, 42.707366943359375 ] } },
{ "type": "Feature", "properties": { "vehicle_id": "A3114", "latitude": 42.670997619628906, "longitude": 23.382404327392578, "raw_occupancy": 2, "timestamp": "2026-09-15 16:25:25" }, "geometry": { "type": "Point", "coordinates": [ 23.382404327392578, 42.670997619628906 ] } },
{ "type": "Feature", "properties": { "vehicle_id": "A3601", "latitude": 42.671482086181641, "longitude": 23.427932739257812, "raw_occupancy": 0, "timestamp": "2026-09-15 16:25:25" }, "geometry": { "type": "Point", "coordinates": [ 23.427932739257812, 42.671482086181641 ] } },
{ "type": "Feature", "properties": { "vehicle_id": "A2720", "latitude": 42.787555694580078, "longitude": 23.401721954345703, "raw_occupancy": 1, "timestamp": "2026-09-15 16:25:25" }, "geometry": { "type": "Point", "coordinates": [ 23.401721954345703, 42.787555694580078 ] } },
{ "type": "Feature", "properties": { "vehicle_id": "A7171", "latitude": 42.718307495117188, "longitude": 23.227691650390625, "raw_occupancy": 2, "timestamp": "2026-09-15 16:25:25" }, "geometry": { "type": "Point", "coordinates": [ 23.227691650390625, 42.718307495117188 ] } },
{ "type": "Feature", "properties": { "vehicle_id": "A3104", "latitude": 42.669509887695312, "longitude": 23.303754806518555, "raw_occupancy": 0, "timestamp": "2026-09-15 16:25:25" }, "geometry": { "type": "Point", "coordinates": [ 23.303754806518555, 42.669509887695312 ] } },
{ "type": "Feature", "properties": { "vehicle_id": "A3103", "latitude": 42.6817626953125, "longitude": 23.350101470947266, "raw_occupancy": 3, "timestamp": "2026-09-15 16:25:25" }, "geometry": { "type": "Point", "coordinates": [ 23.350101470947266, 42.6817626953125 ] } },
{ "type": "Feature", "properties": { "vehicle_id": "A1861", "latitude": 42.70947265625, "longitude": 23.134387969970703, "raw_occupancy": 1, "timestamp": "2026-09-15 16:25:25" }, "geometry": { "type": "Point", "coordinates": [ 23.134387969970703, 42.70947265625 ] } },
{ "type": "Feature", "properties": { "vehicle_id": "A7135", "latitude": 42.726287841796875, "longitude": 23.261503219604492, "raw_occupancy": 0, "timestamp": "2026-09-15 16:25:25" }, "geometry": { "type": "Point", "coordinates": [ 23.261503219604492, 42.726287841796875 ] } },
{ "type": "Feature", "properties": { "vehicle_id": "A2066", "latitude": 42.702316284179688, "longitude": 23.316610336303711, "raw_occupancy": 0, "timestamp": "2026-09-15 16:25:25" }, "geometry": { "type": "Point", "coordinates": [ 23.316610336303711, 42.702316284179688 ] } },
{ "type": "Feature", "properties": { "vehicle_id": "A1229", "latitude": 42.713871002197266, "longitude": 23.24571418762207, "raw_occupancy": 3, "timestamp": "2026-09-15 16:25:25" }, "geometry": { "type": "Point", "coordinates": [ 23.24571418762207, 42.713871002197266 ] } },
{ "type": "Feature", "properties": { "vehicle_id": "A2516", "latitude": 42.659477233886719, "longitude": 23.324657440185547, "raw_occupancy": 0, "timestamp": "2026-09-15 16:25:25" }, "geometry": { "type": "Point", "coordinates": [ 23.324657440185547, 42.659477233886719 ] } },
{ "type": "Feature", "properties": { "vehicle_id": "A7079", "latitude": 42.712944030761719, "longitude": 23.315134048461914, "raw_occupancy": 2, "timestamp": "2026-09-15 16:25:25" }, "geometry": { "type": "Point", "coordinates": [ 23.315134048461914, 42.712944030761719 ] } },
{ "type": "Feature", "properties": { "vehicle_id": "A1182", "latitude": 42.672344207763672, "longitude": 23.293922424316406, "raw_occupancy": 1, "timestamp": "2026-09-15 16:25:25" }, "geometry": { "type": "Point", "coordinates": [ 23.293922424316406, 42.672344207763672 ] } },
{ "type": "Feature", "properties": { "vehicle_id": "A1232", "latitude": 42.737354278564453, "longitude": 23.270156860351562, "raw_occupancy": 1, "timestamp": "2026-09-15 16:25:25" }, "geometry": { "type": "Point", "coordinates": [ 23.270156860351562, 42.737354278564453 ] } },
{ "type": "Feature", "properties": { "vehicle_id": "A3149", "latitude": 42.688179016113281, "longitude": 23.334136962890625, "raw_occupancy": 2, "timestamp": "2026-09-15 16:25:25" }, "geometry": { "type": "Point", "coordinates": [ 23.334136962890625, 42.688179016113281 ] } },
{ "type": "Feature", "properties": { "vehicle_id": "A2831", "latitude": 42.669216156005859, "longitude": 23.255256652832031, "raw_occupancy": 2, "timestamp": "2026-09-15 16:25:25" }, "geometry": { "type": "Point", "coordinates": [ 23.255256652832031, 42.669216156005859 ] } },
{ "type": "Feature", "properties": { "vehicle_id": "A2010", "latitude": 42.713275909423828, "longitude": 23.287054061889648, "raw_occupancy": 2, "timestamp": "2026-09-15 16:25:25" }, "geometry": { "type": "Point", "coordinates": [ 23.287054061889648, 42.713275909423828 ] } },
{ "type": "Feature", "properties": { "vehicle_id": "A7123", "latitude": 42.780330657958984, "longitude": 23.512781143188477, "raw_occupancy": 1, "timestamp": "2026-09-15 16:25:25" }, "geometry": { "type": "Point", "coordinates": [ 23.512781143188477, 42.780330657958984 ] } },
{ "type": "Feature", "properties": { "vehicle_id": "A2052", "latitude": 42.636112213134766, "longitude": 23.427337646484375, "raw_occupancy": 1, "timestamp": "2026-09-15 16:25:25" }, "geometry": { "type": "Point", "coordinates": [ 23.427337646484375, 42.636112213134766 ] } },
{ "type": "Feature", "properties": { "vehicle_id": "A3663", "latitude": 42.650245666503906, "longitude": 23.405250549316406, "raw_occupancy": 1, "timestamp": "2026-09-15 16:25:25" }, "geometry": { "type": "Point", "coordinates": [ 23.405250549316406, 42.650245666503906 ] } },
{ "type": "Feature", "properties": { "vehicle_id": "A3134", "latitude": 42.687732696533203, "longitude": 23.352224349975586, "raw_occupancy": 2, "timestamp": "2026-09-15 16:25:25" }, "geometry": { "type": "Point", "coordinates": [ 23.352224349975586, 42.687732696533203 ] } },
{ "type": "Feature", "properties": { "vehicle_id": "A1614", "latitude": 42.646553039550781, "longitude": 23.376089096069336, "raw_occupancy": 0, "timestamp": "2026-09-15 16:25:25" }, "geometry": { "type": "Point", "coordinates": [ 23.376089096069336, 42.646553039550781 ] } },
{ "type": "Feature", "properties": { "vehicle_id": "A3137", "latitude": 42.658279418945312, "longitude": 23.39348030090332, "raw_occupancy": 2, "timestamp": "2026-09-15 16:25:25" }, "geometry": { "type": "Point", "coordinates": [ 23.39348030090332, 42.658279418945312 ] } },
{ "type": "Feature", "properties": { "vehicle_id": "A2722", "latitude": 42.817646026611328, "longitude": 23.316751480102539, "raw_occupancy": 0, "timestamp": "2026-09-15 16:25:25" }, "geometry": { "type": "Point", "coordinates": [ 23.316751480102539, 42.817646026611328 ] } },
{ "type": "Feature", "properties": { "vehicle_id": "A1160", "latitude": 42.6748046875, "longitude": 23.304618835449219, "raw_occupancy": 2, "timestamp": "2026-09-15 16:25:25" }, "geometry": { "type": "Point", "coordinates": [ 23.304618835449219, 42.6748046875 ] } },
{ "type": "Feature", "properties": { "vehicle_id": "A3158", "latitude": 42.682601928710938, "longitude": 23.318698883056641, "raw_occupancy": 2, "timestamp": "2026-09-15 16:25:25" }, "geometry": { "type": "Point", "coordinates": [ 23.318698883056641, 42.682601928710938 ] } },
{ "type": "Feature", "properties": { "vehicle_id": "A1853", "latitude": 42.71624755859375, "longitude": 23.168195724487305, "raw_occupancy": 2, "timestamp": "2026-09-15 16:25:25" }, "geometry": { "type": "Point", "coordinates": [ 23.168195724487305, 42.71624755859375 ] } },
{ "type": "Feature", "properties": { "vehicle_id": "A3661", "latitude": 42.519512176513672, "longitude": 23.363725662231445, "raw_occupancy": 0, "timestamp": "2026-09-15 16:25:25" }, "geometry": { "type": "Point", "coordinates": [ 23.363725662231445, 42.519512176513672 ] } },
{ "type": "Feature", "properties": { "vehicle_id": "A3613", "latitude": 42.659309387207031, "longitude": 23.424642562866211, "raw_occupancy": 1, "timestamp": "2026-09-15 16:25:25" }, "geometry": { "type": "Point", "coordinates": [ 23.424642562866211, 42.659309387207031 ] } },
{ "type": "Feature", "properties": { "vehicle_id": "A1174", "latitude": 42.718479156494141, "longitude": 23.246559143066406, "raw_occupancy": 3, "timestamp": "2026-09-15 16:25:25" }, "geometry": { "type": "Point", "coordinates": [ 23.246559143066406, 42.718479156494141 ] } },
{ "type": "Feature", "properties": { "vehicle_id": "A3111", "latitude": 42.649929046630859, "longitude": 23.361202239990234, "raw_occupancy": 1, "timestamp": "2026-09-15 16:25:25" }, "geometry": { "type": "Point", "coordinates": [ 23.361202239990234, 42.649929046630859 ] } },
{ "type": "Feature", "properties": { "vehicle_id": "A2319", "latitude": 42.652584075927734, "longitude": 23.359668731689453, "raw_occupancy": 3, "timestamp": "2026-09-15 16:25:25" }, "geometry": { "type": "Point", "coordinates": [ 23.359668731689453, 42.652584075927734 ] } },
{ "type": "Feature", "properties": { "vehicle_id": "A3410", "latitude": 42.681446075439453, "longitude": 23.315128326416016, "raw_occupancy": 3, "timestamp": "2026-09-15 16:25:25" }, "geometry": { "type": "Point", "coordinates": [ 23.315128326416016, 42.681446075439453 ] } },
{ "type": "Feature", "properties": { "vehicle_id": "A7067", "latitude": 42.706527709960938, "longitude": 23.467905044555664, "raw_occupancy": 3, "timestamp": "2026-09-15 16:25:25" }, "geometry": { "type": "Point", "coordinates": [ 23.467905044555664, 42.706527709960938 ] } },
{ "type": "Feature", "properties": { "vehicle_id": "A3135", "latitude": 42.657482147216797, "longitude": 23.385704040527344, "raw_occupancy": 2, "timestamp": "2026-09-15 16:25:25" }, "geometry": { "type": "Point", "coordinates": [ 23.385704040527344, 42.657482147216797 ] } },
{ "type": "Feature", "properties": { "vehicle_id": "A7175", "latitude": 42.715167999267578, "longitude": 23.360414505004883, "raw_occupancy": 0, "timestamp": "2026-09-15 16:25:25" }, "geometry": { "type": "Point", "coordinates": [ 23.360414505004883, 42.715167999267578 ] } },
{ "type": "Feature", "properties": { "vehicle_id": "A1839", "latitude": 42.713584899902344, "longitude": 23.305290222167969, "raw_occupancy": 2, "timestamp": "2026-09-15 16:25:25" }, "geometry": { "type": "Point", "coordinates": [ 23.305290222167969, 42.713584899902344 ] } },
{ "type": "Feature", "properties": { "vehicle_id": "A1313", "latitude": 42.649990081787109, "longitude": 23.248435974121094, "raw_occupancy": 1, "timestamp": "2026-09-15 16:25:25" }, "geometry": { "type": "Point", "coordinates": [ 23.248435974121094, 42.649990081787109 ] } },
{ "type": "Feature", "properties": { "vehicle_id": "A2059", "latitude": 42.689373016357422, "longitude": 23.383337020874023, "raw_occupancy": 2, "timestamp": "2026-09-15 16:25:25" }, "geometry": { "type": "Point", "coordinates": [ 23.383337020874023, 42.689373016357422 ] } },
{ "type": "Feature", "properties": { "vehicle_id": "A3401", "latitude": 42.639545440673828, "longitude": 23.334381103515625, "raw_occupancy": 2, "timestamp": "2026-09-15 16:25:25" }, "geometry": { "type": "Point", "coordinates": [ 23.334381103515625, 42.639545440673828 ] } },
{ "type": "Feature", "properties": { "vehicle_id": "A2311", "latitude": 42.644542694091797, "longitude": 23.341964721679688, "raw_occupancy": 1, "timestamp": "2026-09-15 16:25:25" }, "geometry": { "type": "Point", "coordinates": [ 23.341964721679688, 42.644542694091797 ] } },
{ "type": "Feature", "properties": { "vehicle_id": "A7109", "latitude": 42.715591430664062, "longitude": 23.437919616699219, "raw_occupancy": 2, "timestamp": "2026-09-15 16:25:25" }, "geometry": { "type": "Point", "coordinates": [ 23.437919616699219, 42.715591430664062 ] } },
{ "type": "Feature", "properties": { "vehicle_id": "A2038", "latitude": 42.682456970214844, "longitude": 23.321046829223633, "raw_occupancy": 2, "timestamp": "2026-09-15 16:25:25" }, "geometry": { "type": "Point", "coordinates": [ 23.321046829223633, 42.682456970214844 ] } },
{ "type": "Feature", "properties": { "vehicle_id": "A7149", "latitude": 42.794136047363281, "longitude": 23.446918487548828, "raw_occupancy": 0, "timestamp": "2026-09-15 16:25:25" }, "geometry": { "type": "Point", "coordinates": [ 23.446918487548828, 42.794136047363281 ] } },
{ "type": "Feature", "properties": { "vehicle_id": "A2733", "latitude": 42.724582672119141, "longitude": 23.292804718017578, "raw_occupancy": 2, "timestamp": "2026-09-15 16:25:25" }, "geometry": { "type": "Point", "coordinates": [ 23.292804718017578, 42.724582672119141 ] } },
{ "type": "Feature", "properties": { "vehicle_id": "A2076", "latitude": 42.578689575195312, "longitude": 23.415439605712891, "raw_occupancy": 0, "timestamp": "2026-09-15 16:25:25" }, "geometry": { "type": "Point", "coordinates": [ 23.415439605712891, 42.578689575195312 ] } },
{ "type": "Feature", "properties": { "vehicle_id": "A2313", "latitude": 42.691017150878906, "longitude": 23.338413238525391, "raw_occupancy": 0, "timestamp": "2026-09-15 16:25:25" }, "geometry": { "type": "Point", "coordinates": [ 23.338413238525391, 42.691017150878906 ] } },
{ "type": "Feature", "properties": { "vehicle_id": "A3634", "latitude": 42.665969848632812, "longitude": 23.422748565673828, "raw_occupancy": 2, "timestamp": "2026-09-15 16:25:25" }, "geometry": { "type": "Point", "coordinates": [ 23.422748565673828, 42.665969848632812 ] } },
{ "type": "Feature", "properties": { "vehicle_id": "A2020", "latitude": 42.652217864990234, "longitude": 23.342473983764648, "raw_occupancy": 0, "timestamp": "2026-09-15 16:25:25" }, "geometry": { "type": "Point", "coordinates": [ 23.342473983764648, 42.652217864990234 ] } },
{ "type": "Feature", "properties": { "vehicle_id": "A1165", "latitude": 42.735244750976562, "longitude": 23.31739616394043, "raw_occupancy": 1, "timestamp": "2026-09-15 16:25:25" }, "geometry": { "type": "Point", "coordinates": [ 23.31739616394043, 42.735244750976562 ] } },
{ "type": "Feature", "properties": { "vehicle_id": "A3108", "latitude": 42.656009674072266, "longitude": 23.349523544311523, "raw_occupancy": 2, "timestamp": "2026-09-15 16:25:25" }, "geometry": { "type": "Point", "coordinates": [ 23.349523544311523, 42.656009674072266 ] } },
{ "type": "Feature", "properties": { "vehicle_id": "A7151", "latitude": 42.754871368408203, "longitude": 23.320114135742188, "raw_occupancy": 3, "timestamp": "2026-09-15 16:25:25" }, "geometry": { "type": "Point", "coordinates": [ 23.320114135742188, 42.754871368408203 ] } },
{ "type": "Feature", "properties": { "vehicle_id": "A1036", "latitude": 42.656776428222656, "longitude": 23.325052261352539, "raw_occupancy": 5, "timestamp": "2026-09-15 16:25:25" }, "geometry": { "type": "Point", "coordinates": [ 23.325052261352539, 42.656776428222656 ] } },
{ "type": "Feature", "properties": { "vehicle_id": "A1211", "latitude": 42.695716857910156, "longitude": 23.187950134277344, "raw_occupancy": 1, "timestamp": "2026-09-15 16:25:25" }, "geometry": { "type": "Point", "coordinates": [ 23.187950134277344, 42.695716857910156 ] } },
{ "type": "Feature", "properties": { "vehicle_id": "A7173", "latitude": 42.733596801757812, "longitude": 23.308200836181641, "raw_occupancy": 1, "timestamp": "2026-09-15 16:25:25" }, "geometry": { "type": "Point", "coordinates": [ 23.308200836181641, 42.733596801757812 ] } },
{ "type": "Feature", "properties": { "vehicle_id": "A3100", "latitude": 42.638832092285156, "longitude": 23.392936706542969, "raw_occupancy": 0, "timestamp": "2026-09-15 16:25:25" }, "geometry": { "type": "Point", "coordinates": [ 23.392936706542969, 42.638832092285156 ] } },
{ "type": "Feature", "properties": { "vehicle_id": "A3312", "latitude": 42.70635986328125, "longitude": 23.317840576171875, "raw_occupancy": 1, "timestamp": "2026-09-15 16:25:25" }, "geometry": { "type": "Point", "coordinates": [ 23.317840576171875, 42.70635986328125 ] } },
{ "type": "Feature", "properties": { "vehicle_id": "A3116", "latitude": 42.657611846923828, "longitude": 23.339014053344727, "raw_occupancy": 1, "timestamp": "2026-09-15 16:25:25" }, "geometry": { "type": "Point", "coordinates": [ 23.339014053344727, 42.657611846923828 ] } },
{ "type": "Feature", "properties": { "vehicle_id": "A1170", "latitude": 42.679527282714844, "longitude": 23.283754348754883, "raw_occupancy": 2, "timestamp": "2026-09-15 16:25:25" }, "geometry": { "type": "Point", "coordinates": [ 23.283754348754883, 42.679527282714844 ] } },
{ "type": "Feature", "properties": { "vehicle_id": "A3623", "latitude": 42.629467010498047, "longitude": 23.408473968505859, "raw_occupancy": 1, "timestamp": "2026-09-15 16:25:25" }, "geometry": { "type": "Point", "coordinates": [ 23.408473968505859, 42.629467010498047 ] } },
{ "type": "Feature", "properties": { "vehicle_id": "A1162", "latitude": 42.731986999511719, "longitude": 23.313056945800781, "raw_occupancy": 0, "timestamp": "2026-09-15 16:25:25" }, "geometry": { "type": "Point", "coordinates": [ 23.313056945800781, 42.731986999511719 ] } },
{ "type": "Feature", "properties": { "vehicle_id": "A1223", "latitude": 42.650234222412109, "longitude": 23.315643310546875, "raw_occupancy": 2, "timestamp": "2026-09-15 16:25:25" }, "geometry": { "type": "Point", "coordinates": [ 23.315643310546875, 42.650234222412109 ] } },
{ "type": "Feature", "properties": { "vehicle_id": "A7125", "latitude": 42.784095764160156, "longitude": 23.39518928527832, "raw_occupancy": 0, "timestamp": "2026-09-15 16:25:25" }, "geometry": { "type": "Point", "coordinates": [ 23.39518928527832, 42.784095764160156 ] } },
{ "type": "Feature", "properties": { "vehicle_id": "A7115", "latitude": 42.778369903564453, "longitude": 23.31395149230957, "raw_occupancy": 2, "timestamp": "2026-09-15 16:25:25" }, "geometry": { "type": "Point", "coordinates": [ 23.31395149230957, 42.778369903564453 ] } },
{ "type": "Feature", "properties": { "vehicle_id": "A3014", "latitude": 42.693988800048828, "longitude": 23.347955703735352, "raw_occupancy": 2, "timestamp": "2026-09-15 16:25:25" }, "geometry": { "type": "Point", "coordinates": [ 23.347955703735352, 42.693988800048828 ] } },
{ "type": "Feature", "properties": { "vehicle_id": "A7093", "latitude": 42.739231109619141, "longitude": 23.256610870361328, "raw_occupancy": 0, "timestamp": "2026-09-15 16:25:25" }, "geometry": { "type": "Point", "coordinates": [ 23.256610870361328, 42.739231109619141 ] } },
{ "type": "Feature", "properties": { "vehicle_id": "A2309", "latitude": 42.684970855712891, "longitude": 23.345573425292969, "raw_occupancy": 1, "timestamp": "2026-09-15 16:25:25" }, "geometry": { "type": "Point", "coordinates": [ 23.345573425292969, 42.684970855712891 ] } },
{ "type": "Feature", "properties": { "vehicle_id": "A3404", "latitude": 42.665290832519531, "longitude": 23.355405807495117, "raw_occupancy": 1, "timestamp": "2026-09-15 16:25:25" }, "geometry": { "type": "Point", "coordinates": [ 23.355405807495117, 42.665290832519531 ] } },
{ "type": "Feature", "properties": { "vehicle_id": "A2517", "latitude": 42.643146514892578, "longitude": 23.312950134277344, "raw_occupancy": 2, "timestamp": "2026-09-15 16:25:25" }, "geometry": { "type": "Point", "coordinates": [ 23.312950134277344, 42.643146514892578 ] } },
{ "type": "Feature", "properties": { "vehicle_id": "A2807", "latitude": 42.706310272216797, "longitude": 23.317697525024414, "raw_occupancy": 1, "timestamp": "2026-09-15 16:25:25" }, "geometry": { "type": "Point", "coordinates": [ 23.317697525024414, 42.706310272216797 ] } },
{ "type": "Feature", "properties": { "vehicle_id": "A1185", "latitude": 42.657588958740234, "longitude": 23.337024688720703, "raw_occupancy": 1, "timestamp": "2026-09-15 16:25:25" }, "geometry": { "type": "Point", "coordinates": [ 23.337024688720703, 42.657588958740234 ] } },
{ "type": "Feature", "properties": { "vehicle_id": "A2001", "latitude": 42.708721160888672, "longitude": 23.383989334106445, "raw_occupancy": 2, "timestamp": "2026-09-15 16:25:25" }, "geometry": { "type": "Point", "coordinates": [ 23.383989334106445, 42.708721160888672 ] } },
{ "type": "Feature", "properties": { "vehicle_id": "A3151", "latitude": 42.657707214355469, "longitude": 23.359201431274414, "raw_occupancy": 1, "timestamp": "2026-09-15 16:25:25" }, "geometry": { "type": "Point", "coordinates": [ 23.359201431274414, 42.657707214355469 ] } },
{ "type": "Feature", "properties": { "vehicle_id": "A3143", "latitude": 42.668861389160156, "longitude": 23.279815673828125, "raw_occupancy": 2, "timestamp": "2026-09-15 16:25:25" }, "geometry": { "type": "Point", "coordinates": [ 23.279815673828125, 42.668861389160156 ] } },
{ "type": "Feature", "properties": { "vehicle_id": "A1037", "latitude": 42.655735015869141, "longitude": 23.297613143920898, "raw_occupancy": 0, "timestamp": "2026-09-15 16:25:25" }, "geometry": { "type": "Point", "coordinates": [ 23.297613143920898, 42.655735015869141 ] } },
{ "type": "Feature", "properties": { "vehicle_id": "A3121", "latitude": 42.660049438476562, "longitude": 23.380804061889648, "raw_occupancy": 2, "timestamp": "2026-09-15 16:25:25" }, "geometry": { "type": "Point", "coordinates": [ 23.380804061889648, 42.660049438476562 ] } },
{ "type": "Feature", "properties": { "vehicle_id": "A2057", "latitude": 42.644969940185547, "longitude": 23.398399353027344, "raw_occupancy": 3, "timestamp": "2026-09-15 16:25:25" }, "geometry": { "type": "Point", "coordinates": [ 23.398399353027344, 42.644969940185547 ] } },
{ "type": "Feature", "properties": { "vehicle_id": "A1616", "latitude": 42.68359375, "longitude": 23.269565582275391, "raw_occupancy": 2, "timestamp": "2026-09-15 16:25:25" }, "geometry": { "type": "Point", "coordinates": [ 23.269565582275391, 42.68359375 ] } },
{ "type": "Feature", "properties": { "vehicle_id": "A2819", "latitude": 42.728309631347656, "longitude": 23.259193420410156, "raw_occupancy": 2, "timestamp": "2026-09-15 16:25:25" }, "geometry": { "type": "Point", "coordinates": [ 23.259193420410156, 42.728309631347656 ] } },
{ "type": "Feature", "properties": { "vehicle_id": "A7063", "latitude": 42.706562042236328, "longitude": 23.180891036987305, "raw_occupancy": 0, "timestamp": "2026-09-15 16:25:25" }, "geometry": { "type": "Point", "coordinates": [ 23.180891036987305, 42.706562042236328 ] } },
{ "type": "Feature", "properties": { "vehicle_id": "A1803", "latitude": 42.633563995361328, "longitude": 23.194684982299805, "raw_occupancy": 1, "timestamp": "2026-09-15 16:25:25" }, "geometry": { "type": "Point", "coordinates": [ 23.194684982299805, 42.633563995361328 ] } },
{ "type": "Feature", "properties": { "vehicle_id": "A7165", "latitude": 42.700050354003906, "longitude": 23.49220085144043, "raw_occupancy": 1, "timestamp": "2026-09-15 16:25:25" }, "geometry": { "type": "Point", "coordinates": [ 23.49220085144043, 42.700050354003906 ] } },
{ "type": "Feature", "properties": { "vehicle_id": "A1220", "latitude": 42.69903564453125, "longitude": 23.275547027587891, "raw_occupancy": 1, "timestamp": "2026-09-15 16:25:25" }, "geometry": { "type": "Point", "coordinates": [ 23.275547027587891, 42.69903564453125 ] } },
{ "type": "Feature", "properties": { "vehicle_id": "A7089", "latitude": 42.799068450927734, "longitude": 23.340600967407227, "raw_occupancy": 1, "timestamp": "2026-09-15 16:25:25" }, "geometry": { "type": "Point", "coordinates": [ 23.340600967407227, 42.799068450927734 ] } },
{ "type": "Feature", "properties": { "vehicle_id": "A2515", "latitude": 42.683055877685547, "longitude": 23.31959342956543, "raw_occupancy": 2, "timestamp": "2026-09-15 16:25:25" }, "geometry": { "type": "Point", "coordinates": [ 23.31959342956543, 42.683055877685547 ] } },
{ "type": "Feature", "properties": { "vehicle_id": "A3159", "latitude": 42.632369995117188, "longitude": 23.375030517578125, "raw_occupancy": 1, "timestamp": "2026-09-15 16:25:25" }, "geometry": { "type": "Point", "coordinates": [ 23.375030517578125, 42.632369995117188 ] } },
{ "type": "Feature", "properties": { "vehicle_id": "A3136", "latitude": 42.704338073730469, "longitude": 23.334480285644531, "raw_occupancy": 2, "timestamp": "2026-09-15 16:25:25" }, "geometry": { "type": "Point", "coordinates": [ 23.334480285644531, 42.704338073730469 ] } },
{ "type": "Feature", "properties": { "vehicle_id": "A7169", "latitude": 42.710414886474609, "longitude": 23.386489868164062, "raw_occupancy": 2, "timestamp": "2026-09-15 16:25:25" }, "geometry": { "type": "Point", "coordinates": [ 23.386489868164062, 42.710414886474609 ] } },
{ "type": "Feature", "properties": { "vehicle_id": "A1214", "latitude": 42.665683746337891, "longitude": 23.286680221557617, "raw_occupancy": 1, "timestamp": "2026-09-15 16:25:25" }, "geometry": { "type": "Point", "coordinates": [ 23.286680221557617, 42.665683746337891 ] } },
{ "type": "Feature", "properties": { "vehicle_id": "A1215", "latitude": 42.640407562255859, "longitude": 23.31584358215332, "raw_occupancy": 1, "timestamp": "2026-09-15 16:25:25" }, "geometry": { "type": "Point", "coordinates": [ 23.31584358215332, 42.640407562255859 ] } },
{ "type": "Feature", "properties": { "vehicle_id": "A1166", "latitude": 42.700443267822266, "longitude": 23.29730224609375, "raw_occupancy": 3, "timestamp": "2026-09-15 16:25:25" }, "geometry": { "type": "Point", "coordinates": [ 23.29730224609375, 42.700443267822266 ] } },
{ "type": "Feature", "properties": { "vehicle_id": "A2048", "latitude": 42.670768737792969, "longitude": 23.369873046875, "raw_occupancy": 1, "timestamp": "2026-09-15 16:25:25" }, "geometry": { "type": "Point", "coordinates": [ 23.369873046875, 42.670768737792969 ] } },
{ "type": "Feature", "properties": { "vehicle_id": "A1031", "latitude": 42.665103912353516, "longitude": 23.265947341918945, "raw_occupancy": 3, "timestamp": "2026-09-15 16:25:25" }, "geometry": { "type": "Point", "coordinates": [ 23.265947341918945, 42.665103912353516 ] } },
{ "type": "Feature", "properties": { "vehicle_id": "A7051", "latitude": 42.756072998046875, "longitude": 23.559602737426758, "raw_occupancy": 1, "timestamp": "2026-09-15 16:25:25" }, "geometry": { "type": "Point", "coordinates": [ 23.559602737426758, 42.756072998046875 ] } },
{ "type": "Feature", "properties": { "vehicle_id": "A2090", "latitude": 42.657314300537109, "longitude": 23.384075164794922, "raw_occupancy": 2, "timestamp": "2026-09-15 16:25:25" }, "geometry": { "type": "Point", "coordinates": [ 23.384075164794922, 42.657314300537109 ] } },
{ "type": "Feature", "properties": { "vehicle_id": "A2054", "latitude": 42.696624755859375, "longitude": 23.360431671142578, "raw_occupancy": 1, "timestamp": "2026-09-15 16:25:25" }, "geometry": { "type": "Point", "coordinates": [ 23.360431671142578, 42.696624755859375 ] } },
{ "type": "Feature", "properties": { "vehicle_id": "A2317", "latitude": 42.649738311767578, "longitude": 23.341751098632812, "raw_occupancy": 2, "timestamp": "2026-09-15 16:25:25" }, "geometry": { "type": "Point", "coordinates": [ 23.341751098632812, 42.649738311767578 ] } },
{ "type": "Feature", "properties": { "vehicle_id": "A3125", "latitude": 42.702529907226562, "longitude": 23.338266372680664, "raw_occupancy": 3, "timestamp": "2026-09-15 16:25:25" }, "geometry": { "type": "Point", "coordinates": [ 23.338266372680664, 42.702529907226562 ] } },
{ "type": "Feature", "properties": { "vehicle_id": "A2013", "latitude": 42.705066680908203, "longitude": 23.330768585205078, "raw_occupancy": 1, "timestamp": "2026-09-15 16:25:25" }, "geometry": { "type": "Point", "coordinates": [ 23.330768585205078, 42.705066680908203 ] } },
{ "type": "Feature", "properties": { "vehicle_id": "A1188", "latitude": 42.679328918457031, "longitude": 23.283706665039062, "raw_occupancy": 1, "timestamp": "2026-09-15 16:25:25" }, "geometry": { "type": "Point", "coordinates": [ 23.283706665039062, 42.679328918457031 ] } },
{ "type": "Feature", "properties": { "vehicle_id": "A3614", "latitude": 42.602745056152344, "longitude": 23.402669906616211, "raw_occupancy": 1, "timestamp": "2026-09-15 16:25:25" }, "geometry": { "type": "Point", "coordinates": [ 23.402669906616211, 42.602745056152344 ] } },
{ "type": "Feature", "properties": { "vehicle_id": "A3133", "latitude": 42.685699462890625, "longitude": 23.350637435913086, "raw_occupancy": 2, "timestamp": "2026-09-15 16:25:25" }, "geometry": { "type": "Point", "coordinates": [ 23.350637435913086, 42.685699462890625 ] } },
{ "type": "Feature", "properties": { "vehicle_id": "A1231", "latitude": 42.699634552001953, "longitude": 23.276199340820312, "raw_occupancy": 0, "timestamp": "2026-09-15 16:25:25" }, "geometry": { "type": "Point", "coordinates": [ 23.276199340820312, 42.699634552001953 ] } },
{ "type": "Feature", "properties": { "vehicle_id": "A2823", "latitude": 42.661964416503906, "longitude": 23.244338989257812, "raw_occupancy": 2, "timestamp": "2026-09-15 16:25:25" }, "geometry": { "type": "Point", "coordinates": [ 23.244338989257812, 42.661964416503906 ] } },
{ "type": "Feature", "properties": { "vehicle_id": "A3154", "latitude": 42.666030883789062, "longitude": 23.285919189453125, "raw_occupancy": 1, "timestamp": "2026-09-15 16:25:25" }, "geometry": { "type": "Point", "coordinates": [ 23.285919189453125, 42.666030883789062 ] } },
{ "type": "Feature", "properties": { "vehicle_id": "A1035", "latitude": 42.680305480957031, "longitude": 23.229389190673828, "raw_occupancy": 0, "timestamp": "2026-09-15 16:25:25" }, "geometry": { "type": "Point", "coordinates": [ 23.229389190673828, 42.680305480957031 ] } },
{ "type": "Feature", "properties": { "vehicle_id": "A1189", "latitude": 42.647193908691406, "longitude": 23.335103988647461, "raw_occupancy": 1, "timestamp": "2026-09-15 16:25:25" }, "geometry": { "type": "Point", "coordinates": [ 23.335103988647461, 42.647193908691406 ] } },
{ "type": "Feature", "properties": { "vehicle_id": "A3139", "latitude": 42.677955627441406, "longitude": 23.298625946044922, "raw_occupancy": 1, "timestamp": "2026-09-15 16:25:25" }, "geometry": { "type": "Point", "coordinates": [ 23.298625946044922, 42.677955627441406 ] } },
{ "type": "Feature", "properties": { "vehicle_id": "A2040", "latitude": 42.702701568603516, "longitude": 23.362087249755859, "raw_occupancy": 2, "timestamp": "2026-09-15 16:25:25" }, "geometry": { "type": "Point", "coordinates": [ 23.362087249755859, 42.702701568603516 ] } },
{ "type": "Feature", "properties": { "vehicle_id": "A1604", "latitude": 42.688007354736328, "longitude": 23.275983810424805, "raw_occupancy": 1, "timestamp": "2026-09-15 16:25:25" }, "geometry": { "type": "Point", "coordinates": [ 23.275983810424805, 42.688007354736328 ] } },
{ "type": "Feature", "properties": { "vehicle_id": "A3654", "latitude": 42.633674621582031, "longitude": 23.333829879760742, "raw_occupancy": 2, "timestamp": "2026-09-15 16:25:25" }, "geometry": { "type": "Point", "coordinates": [ 23.333829879760742, 42.633674621582031 ] } },
{ "type": "Feature", "properties": { "vehicle_id": "A1181", "latitude": 42.710777282714844, "longitude": 23.292400360107422, "raw_occupancy": 0, "timestamp": "2026-09-15 16:25:25" }, "geometry": { "type": "Point", "coordinates": [ 23.292400360107422, 42.710777282714844 ] } },
{ "type": "Feature", "properties": { "vehicle_id": "A2055", "latitude": 42.720920562744141, "longitude": 23.272880554199219, "raw_occupancy": 1, "timestamp": "2026-09-15 16:25:25" }, "geometry": { "type": "Point", "coordinates": [ 23.272880554199219, 42.720920562744141 ] } },
{ "type": "Feature", "properties": { "vehicle_id": "A2065", "latitude": 42.771392822265625, "longitude": 23.361503601074219, "raw_occupancy": 0, "timestamp": "2026-09-15 16:25:25" }, "geometry": { "type": "Point", "coordinates": [ 23.361503601074219, 42.771392822265625 ] } },
{ "type": "Feature", "properties": { "vehicle_id": "A1407", "latitude": 42.712337493896484, "longitude": 23.300592422485352, "raw_occupancy": 2, "timestamp": "2026-09-15 16:25:25" }, "geometry": { "type": "Point", "coordinates": [ 23.300592422485352, 42.712337493896484 ] } },
{ "type": "Feature", "properties": { "vehicle_id": "A3152", "latitude": 42.665252685546875, "longitude": 23.318403244018555, "raw_occupancy": 1, "timestamp": "2026-09-15 16:25:25" }, "geometry": { "type": "Point", "coordinates": [ 23.318403244018555, 42.665252685546875 ] } },
{ "type": "Feature", "properties": { "vehicle_id": "A7113", "latitude": 42.7071533203125, "longitude": 23.340961456298828, "raw_occupancy": 1, "timestamp": "2026-09-15 16:25:25" }, "geometry": { "type": "Point", "coordinates": [ 23.340961456298828, 42.7071533203125 ] } },
{ "type": "Feature", "properties": { "vehicle_id": "A1315", "latitude": 42.628604888916016, "longitude": 23.308938980102539, "raw_occupancy": 1, "timestamp": "2026-09-15 16:25:25" }, "geometry": { "type": "Point", "coordinates": [ 23.308938980102539, 42.628604888916016 ] } },
{ "type": "Feature", "properties": { "vehicle_id": "A2036", "latitude": 42.646633148193359, "longitude": 23.346233367919922, "raw_occupancy": 0, "timestamp": "2026-09-15 16:25:25" }, "geometry": { "type": "Point", "coordinates": [ 23.346233367919922, 42.646633148193359 ] } },
{ "type": "Feature", "properties": { "vehicle_id": "A3150", "latitude": 42.660564422607422, "longitude": 23.38969612121582, "raw_occupancy": 2, "timestamp": "2026-09-15 16:25:25" }, "geometry": { "type": "Point", "coordinates": [ 23.38969612121582, 42.660564422607422 ] } },
{ "type": "Feature", "properties": { "vehicle_id": "A1164", "latitude": 42.663532257080078, "longitude": 23.302762985229492, "raw_occupancy": 2, "timestamp": "2026-09-15 16:25:25" }, "geometry": { "type": "Point", "coordinates": [ 23.302762985229492, 42.663532257080078 ] } },
{ "type": "Feature", "properties": { "vehicle_id": "A1169", "latitude": 42.729084014892578, "longitude": 23.292264938354492, "raw_occupancy": 1, "timestamp": "2026-09-15 16:25:25" }, "geometry": { "type": "Point", "coordinates": [ 23.292264938354492, 42.729084014892578 ] } },
{ "type": "Feature", "properties": { "vehicle_id": "A1405", "latitude": 42.683994293212891, "longitude": 23.300930023193359, "raw_occupancy": 0, "timestamp": "2026-09-15 16:25:25" }, "geometry": { "type": "Point", "coordinates": [ 23.300930023193359, 42.683994293212891 ] } },
{ "type": "Feature", "properties": { "vehicle_id": "A3112", "latitude": 42.679916381835938, "longitude": 23.304197311401367, "raw_occupancy": 2, "timestamp": "2026-09-15 16:25:25" }, "geometry": { "type": "Point", "coordinates": [ 23.304197311401367, 42.679916381835938 ] } },
{ "type": "Feature", "properties": { "vehicle_id": "A1187", "latitude": 42.667568206787109, "longitude": 23.299863815307617, "raw_occupancy": 2, "timestamp": "2026-09-15 16:25:25" }, "geometry": { "type": "Point", "coordinates": [ 23.299863815307617, 42.667568206787109 ] } },
{ "type": "Feature", "properties": { "vehicle_id": "A2042", "latitude": 42.653755187988281, "longitude": 23.343290328979492, "raw_occupancy": 1, "timestamp": "2026-09-15 16:25:25" }, "geometry": { "type": "Point", "coordinates": [ 23.343290328979492, 42.653755187988281 ] } },
{ "type": "Feature", "properties": { "vehicle_id": "A3622", "latitude": 42.667755126953125, "longitude": 23.424201965332031, "raw_occupancy": 1, "timestamp": "2026-09-15 16:25:25" }, "geometry": { "type": "Point", "coordinates": [ 23.424201965332031, 42.667755126953125 ] } },
{ "type": "Feature", "properties": { "vehicle_id": "A1126", "latitude": 42.623542785644531, "longitude": 23.366233825683594, "raw_occupancy": 1, "timestamp": "2026-09-15 16:25:25" }, "geometry": { "type": "Point", "coordinates": [ 23.366233825683594, 42.623542785644531 ] } },
{ "type": "Feature", "properties": { "vehicle_id": "A7069", "latitude": 42.754875183105469, "longitude": 23.27552604675293, "raw_occupancy": 3, "timestamp": "2026-09-15 16:25:25" }, "geometry": { "type": "Point", "coordinates": [ 23.27552604675293, 42.754875183105469 ] } },
{ "type": "Feature", "properties": { "vehicle_id": "A7041", "latitude": 42.770931243896484, "longitude": 23.274604797363281, "raw_occupancy": 1, "timestamp": "2026-09-15 16:25:25" }, "geometry": { "type": "Point", "coordinates": [ 23.274604797363281, 42.770931243896484 ] } },
{ "type": "Feature", "properties": { "vehicle_id": "A1425", "latitude": 42.623970031738281, "longitude": 23.372640609741211, "raw_occupancy": 2, "timestamp": "2026-09-15 16:25:25" }, "geometry": { "type": "Point", "coordinates": [ 23.372640609741211, 42.623970031738281 ] } },
{ "type": "Feature", "properties": { "vehicle_id": "A2304", "latitude": 42.654148101806641, "longitude": 23.359647750854492, "raw_occupancy": 3, "timestamp": "2026-09-15 16:25:25" }, "geometry": { "type": "Point", "coordinates": [ 23.359647750854492, 42.654148101806641 ] } },
{ "type": "Feature", "properties": { "vehicle_id": "A7181", "latitude": 42.759044647216797, "longitude": 23.319437026977539, "raw_occupancy": 1, "timestamp": "2026-09-15 16:25:25" }, "geometry": { "type": "Point", "coordinates": [ 23.319437026977539, 42.759044647216797 ] } },
{ "type": "Feature", "properties": { "vehicle_id": "A7141", "latitude": 42.789764404296875, "longitude": 23.405025482177734, "raw_occupancy": 0, "timestamp": "2026-09-15 16:25:25" }, "geometry": { "type": "Point", "coordinates": [ 23.405025482177734, 42.789764404296875 ] } },
{ "type": "Feature", "properties": { "vehicle_id": "A1601", "latitude": 42.704265594482422, "longitude": 23.298402786254883, "raw_occupancy": 3, "timestamp": "2026-09-15 16:25:25" }, "geometry": { "type": "Point", "coordinates": [ 23.298402786254883, 42.704265594482422 ] } },
{ "type": "Feature", "properties": { "vehicle_id": "A2301", "latitude": 42.665073394775391, "longitude": 23.361795425415039, "raw_occupancy": 2, "timestamp": "2026-09-15 16:25:25" }, "geometry": { "type": "Point", "coordinates": [ 23.361795425415039, 42.665073394775391 ] } },
{ "type": "Feature", "properties": { "vehicle_id": "A2302", "latitude": 42.65240478515625, "longitude": 23.347282409667969, "raw_occupancy": 2, "timestamp": "2026-09-15 16:25:25" }, "geometry": { "type": "Point", "coordinates": [ 23.347282409667969, 42.65240478515625 ] } },
{ "type": "Feature", "properties": { "vehicle_id": "A7095", "latitude": 42.698829650878906, "longitude": 23.361791610717773, "raw_occupancy": 2, "timestamp": "2026-09-15 16:25:25" }, "geometry": { "type": "Point", "coordinates": [ 23.361791610717773, 42.698829650878906 ] } },
{ "type": "Feature", "properties": { "vehicle_id": "A1305", "latitude": 42.659374237060547, "longitude": 23.243505477905273, "raw_occupancy": 1, "timestamp": "2026-09-15 16:25:25" }, "geometry": { "type": "Point", "coordinates": [ 23.243505477905273, 42.659374237060547 ] } },
{ "type": "Feature", "properties": { "vehicle_id": "A1837", "latitude": 42.742233276367188, "longitude": 23.277685165405273, "raw_occupancy": 2, "timestamp": "2026-09-15 16:25:25" }, "geometry": { "type": "Point", "coordinates": [ 23.277685165405273, 42.742233276367188 ] } },
{ "type": "Feature", "properties": { "vehicle_id": "A7159", "latitude": 42.821445465087891, "longitude": 23.353904724121094, "raw_occupancy": 1, "timestamp": "2026-09-15 16:25:25" }, "geometry": { "type": "Point", "coordinates": [ 23.353904724121094, 42.821445465087891 ] } },
{ "type": "Feature", "properties": { "vehicle_id": "A1617", "latitude": 42.677677154541016, "longitude": 23.370441436767578, "raw_occupancy": 1, "timestamp": "2026-09-15 16:25:25" }, "geometry": { "type": "Point", "coordinates": [ 23.370441436767578, 42.677677154541016 ] } },
{ "type": "Feature", "properties": { "vehicle_id": "A3015", "latitude": 42.700565338134766, "longitude": 23.343029022216797, "raw_occupancy": 1, "timestamp": "2026-09-15 16:25:25" }, "geometry": { "type": "Point", "coordinates": [ 23.343029022216797, 42.700565338134766 ] } },
{ "type": "Feature", "properties": { "vehicle_id": "A1230", "latitude": 42.718009948730469, "longitude": 23.222940444946289, "raw_occupancy": 1, "timestamp": "2026-09-15 16:25:25" }, "geometry": { "type": "Point", "coordinates": [ 23.222940444946289, 42.718009948730469 ] } },
{ "type": "Feature", "properties": { "vehicle_id": "A2728", "latitude": 42.728946685791016, "longitude": 23.324361801147461, "raw_occupancy": 0, "timestamp": "2026-09-15 16:25:25" }, "geometry": { "type": "Point", "coordinates": [ 23.324361801147461, 42.728946685791016 ] } },
{ "type": "Feature", "properties": { "vehicle_id": "A1026", "latitude": 42.623283386230469, "longitude": 23.386016845703125, "raw_occupancy": 2, "timestamp": "2026-09-15 16:25:25" }, "geometry": { "type": "Point", "coordinates": [ 23.386016845703125, 42.623283386230469 ] } },
{ "type": "Feature", "properties": { "vehicle_id": "A2002", "latitude": 42.660961151123047, "longitude": 23.351446151733398, "raw_occupancy": 1, "timestamp": "2026-09-15 16:25:25" }, "geometry": { "type": "Point", "coordinates": [ 23.351446151733398, 42.660961151123047 ] } },
{ "type": "Feature", "properties": { "vehicle_id": "A1209", "latitude": 42.671577453613281, "longitude": 23.272298812866211, "raw_occupancy": 1, "timestamp": "2026-09-15 16:25:25" }, "geometry": { "type": "Point", "coordinates": [ 23.272298812866211, 42.671577453613281 ] } },
{ "type": "Feature", "properties": { "vehicle_id": "A1819", "latitude": 42.769695281982422, "longitude": 23.242330551147461, "raw_occupancy": 0, "timestamp": "2026-09-15 16:25:25" }, "geometry": { "type": "Point", "coordinates": [ 23.242330551147461, 42.769695281982422 ] } },
{ "type": "Feature", "properties": { "vehicle_id": "A7133", "latitude": 42.711849212646484, "longitude": 23.31190299987793, "raw_occupancy": 3, "timestamp": "2026-09-15 16:25:25" }, "geometry": { "type": "Point", "coordinates": [ 23.31190299987793, 42.711849212646484 ] } },
{ "type": "Feature", "properties": { "vehicle_id": "A1619", "latitude": 42.696891784667969, "longitude": 23.35200309753418, "raw_occupancy": 2, "timestamp": "2026-09-15 16:25:25" }, "geometry": { "type": "Point", "coordinates": [ 23.35200309753418, 42.696891784667969 ] } },
{ "type": "Feature", "properties": { "vehicle_id": "A7099", "latitude": 42.735919952392578, "longitude": 23.317422866821289, "raw_occupancy": 2, "timestamp": "2026-09-15 16:25:25" }, "geometry": { "type": "Point", "coordinates": [ 23.317422866821289, 42.735919952392578 ] } },
{ "type": "Feature", "properties": { "vehicle_id": "A2037", "latitude": 42.644725799560547, "longitude": 23.34202766418457, "raw_occupancy": 1, "timestamp": "2026-09-15 16:25:25" }, "geometry": { "type": "Point", "coordinates": [ 23.34202766418457, 42.644725799560547 ] } },
{ "type": "Feature", "properties": { "vehicle_id": "A3153", "latitude": 42.703437805175781, "longitude": 23.336223602294922, "raw_occupancy": 1, "timestamp": "2026-09-15 16:25:25" }, "geometry": { "type": "Point", "coordinates": [ 23.336223602294922, 42.703437805175781 ] } },
{ "type": "Feature", "properties": { "vehicle_id": "A2501", "latitude": 42.723403930664062, "longitude": 23.31165885925293, "raw_occupancy": 2, "timestamp": "2026-09-15 16:25:25" }, "geometry": { "type": "Point", "coordinates": [ 23.31165885925293, 42.723403930664062 ] } },
{ "type": "Feature", "properties": { "vehicle_id": "A3109", "latitude": 42.654056549072266, "longitude": 23.380630493164062, "raw_occupancy": 4, "timestamp": "2026-09-15 16:25:25" }, "geometry": { "type": "Point", "coordinates": [ 23.380630493164062, 42.654056549072266 ] } },
{ "type": "Feature", "properties": { "vehicle_id": "A1310", "latitude": 42.724643707275391, "longitude": 23.124326705932617, "raw_occupancy": 0, "timestamp": "2026-09-15 16:25:25" }, "geometry": { "type": "Point", "coordinates": [ 23.124326705932617, 42.724643707275391 ] } },
{ "type": "Feature", "properties": { "vehicle_id": "A1318", "latitude": 42.665611267089844, "longitude": 23.287899017333984, "raw_occupancy": 1, "timestamp": "2026-09-15 16:25:25" }, "geometry": { "type": "Point", "coordinates": [ 23.287899017333984, 42.665611267089844 ] } },
{ "type": "Feature", "properties": { "vehicle_id": "A2006", "latitude": 42.709316253662109, "longitude": 23.257814407348633, "raw_occupancy": 2, "timestamp": "2026-09-15 16:25:25" }, "geometry": { "type": "Point", "coordinates": [ 23.257814407348633, 42.709316253662109 ] } },
{ "type": "Feature", "properties": { "vehicle_id": "A7097", "latitude": 42.705078125, "longitude": 23.325601577758789, "raw_occupancy": 1, "timestamp": "2026-09-15 16:25:25" }, "geometry": { "type": "Point", "coordinates": [ 23.325601577758789, 42.705078125 ] } },
{ "type": "Feature", "properties": { "vehicle_id": "A1216", "latitude": 42.755935668945312, "longitude": 23.271080017089844, "raw_occupancy": 2, "timestamp": "2026-09-15 16:25:25" }, "geometry": { "type": "Point", "coordinates": [ 23.271080017089844, 42.755935668945312 ] } },
{ "type": "Feature", "properties": { "vehicle_id": "A2822", "latitude": 42.711032867431641, "longitude": 23.347394943237305, "raw_occupancy": 0, "timestamp": "2026-09-15 16:25:25" }, "geometry": { "type": "Point", "coordinates": [ 23.347394943237305, 42.711032867431641 ] } },
{ "type": "Feature", "properties": { "vehicle_id": "A3655", "latitude": 42.658885955810547, "longitude": 23.344985961914062, "raw_occupancy": 3, "timestamp": "2026-09-15 16:25:25" }, "geometry": { "type": "Point", "coordinates": [ 23.344985961914062, 42.658885955810547 ] } },
{ "type": "Feature", "properties": { "vehicle_id": "A1021", "latitude": 42.669055938720703, "longitude": 23.244075775146484, "raw_occupancy": 0, "timestamp": "2026-09-15 16:25:25" }, "geometry": { "type": "Point", "coordinates": [ 23.244075775146484, 42.669055938720703 ] } },
{ "type": "Feature", "properties": { "vehicle_id": "A2015", "latitude": 42.709484100341797, "longitude": 23.258909225463867, "raw_occupancy": 2, "timestamp": "2026-09-15 16:25:25" }, "geometry": { "type": "Point", "coordinates": [ 23.258909225463867, 42.709484100341797 ] } },
{ "type": "Feature", "properties": { "vehicle_id": "A1175", "latitude": 42.660285949707031, "longitude": 23.321245193481445, "raw_occupancy": 0, "timestamp": "2026-09-15 16:25:25" }, "geometry": { "type": "Point", "coordinates": [ 23.321245193481445, 42.660285949707031 ] } }
]
}
