{
"type": "FeatureCollection",
"name": "bus_occupancy_remainder_20260915_1725",
"crs": { "type": "name", "properties": { "name": "urn:ogc:def:crs:OGC:1.3:CRS84" } },
"features": [
{ "type": "Feature", "properties": { "vehicle_id": "A2088", "latitude": 42.708465576171875, "longitude": 23.318286895751953, "raw_occupancy": 1, "timestamp": "2026-09-15 17:05:27" }, "geometry": { "type": "Point", "coordinates": [ 23.318286895751953, 42.708465576171875 ] } },
{ "type": "Feature", "properties": { "vehicle_id": "A3137", "latitude": 42.667243957519531, "longitude": 23.282184600830078, "raw_occupancy": 2, "timestamp": "2026-09-15 17:05:27" }, "geometry": { "type": "Point", "coordinates": [ 23.282184600830078, 42.667243957519531 ] } },
{ "type": "Feature", "properties": { "vehicle_id": "A2515", "latitude": 42.695743560791016, "longitude": 23.284955978393555, "raw_occupancy": 1, "timestamp": "2026-09-15 17:05:27" }, "geometry": { "type": "Point", "coordinates": [ 23.284955978393555, 42.695743560791016 ] } },
{ "type": "Feature", "properties": { "vehicle_id": "A1172", "latitude": 42.678619384765625, "longitude": 23.284914016723633, "raw_occupancy": 2, "timestamp": "2026-09-15 17:05:27" }, "geometry": { "type": "Point", "coordinates": [ 23.284914016723633, 42.678619384765625 ] } },
{ "type": "Feature", "properties": { "vehicle_id": "A2312", "latitude": 42.644577026367188, "longitude": 23.341920852661133, "raw_occupancy": 1, "timestamp": "2026-09-15 17:05:27" }, "geometry": { "type": "Point", "coordinates": [ 23.341920852661133, 42.644577026367188 ] } },
{ "type": "Feature", "properties": { "vehicle_id": "A2310", "latitude": 42.68841552734375, "longitude": 23.340644836425781, "raw_occupancy": 2, "timestamp": "2026-09-15 17:05:27" }, "geometry": { "type": "Point", "coordinates": [ 23.340644836425781, 42.68841552734375 ] } },
{ "type": "Feature", "properties": { "vehicle_id": "A3151", "latitude": 42.659652709960938, "longitude": 23.316917419433594, "raw_occupancy": 1, "timestamp": "2026-09-15 17:05:27" }, "geometry": { "type": "Point", "coordinates": [ 23.316917419433594, 42.659652709960938 ] } },
{ "type": "Feature", "properties": { "vehicle_id": "A2073", "latitude": 42.604816436767578, "longitude": 23.401744842529297, "raw_occupancy": 1, "timestamp": "2026-09-15 17:05:27" }, "geometry": { "type": "Point", "coordinates": [ 23.401744842529297, 42.604816436767578 ] } },
{ "type": "Feature", "properties": { "vehicle_id": "A3019", "latitude": 42.68035888671875, "longitude": 23.373851776123047, "raw_occupancy": 1, "timestamp": "2026-09-15 17:05:27" }, "geometry": { "type": "Point", "coordinates": [ 23.373851776123047, 42.68035888671875 ] } },
{ "type": "Feature", "properties": { "vehicle_id": "A2036", "latitude": 42.692394256591797, "longitude": 23.335107803344727, "raw_occupancy": 1, "timestamp": "2026-09-15 17:05:27" }, "geometry": { "type": "Point", "coordinates": [ 23.335107803344727, 42.692394256591797 ] } },
{ "type": "Feature", "properties": { "vehicle_id": "A2509", "latitude": 42.691715240478516, "longitude": 23.359195709228516, "raw_occupancy": 3, "timestamp": "2026-09-15 17:05:27" }, "geometry": { "type": "Point", "coordinates": [ 23.359195709228516, 42.691715240478516 ] } },
{ "type": "Feature", "properties": { "vehicle_id": "A7095", "latitude": 42.698654174804688, "longitude": 23.362846374511719, "raw_occupancy": 3, "timestamp": "2026-09-15 17:05:27" }, "geometry": { "type": "Point", "coordinates": [ 23.362846374511719, 42.698654174804688 ] } },
{ "type": "Feature", "properties": { "vehicle_id": "A3152", "latitude": 42.663169860839844, "longitude": 23.357357025146484, "raw_occupancy": 2, "timestamp": "2026-09-15 17:05:27" }, "geometry": { "type": "Point", "coordinates": [ 23.357357025146484, 42.663169860839844 ] } },
{ "type": "Feature", "properties": { "vehicle_id": "A7193", "latitude": 42.719089508056641, "longitude": 23.339805603027344, "raw_occupancy": 1, "timestamp": "2026-09-15 17:05:27" }, "geometry": { "type": "Point", "coordinates": [ 23.339805603027344, 42.719089508056641 ] } },
{ "type": "Feature", "properties": { "vehicle_id": "A1165", "latitude": 42.695419311523438, "longitude": 23.295557022094727, "raw_occupancy": 3, "timestamp": "2026-09-15 17:05:27" }, "geometry": { "type": "Point", "coordinates": [ 23.295557022094727, 42.695419311523438 ] } },
{ "type": "Feature", "properties": { "vehicle_id": "A3603", "latitude": 42.63397216796875, "longitude": 23.409551620483398, "raw_occupancy": 1, "timestamp": "2026-09-15 17:05:27" }, "geometry": { "type": "Point", "coordinates": [ 23.409551620483398, 42.63397216796875 ] } },
{ "type": "Feature", "properties": { "vehicle_id": "A1619", "latitude": 42.689727783203125, "longitude": 23.248889923095703, "raw_occupancy": 0, "timestamp": "2026-09-15 17:05:27" }, "geometry": { "type": "Point", "coordinates": [ 23.248889923095703, 42.689727783203125 ] } },
{ "type": "Feature", "properties": { "vehicle_id": "A1308", "latitude": 42.658660888671875, "longitude": 23.240388870239258, "raw_occupancy": 1, "timestamp": "2026-09-15 17:05:27" }, "geometry": { "type": "Point", "coordinates": [ 23.240388870239258, 42.658660888671875 ] } },
{ "type": "Feature", "properties": { "vehicle_id": "A2034", "latitude": 42.656528472900391, "longitude": 23.327556610107422, "raw_occupancy": 0, "timestamp": "2026-09-15 17:05:27" }, "geometry": { "type": "Point", "coordinates": [ 23.327556610107422, 42.656528472900391 ] } },
{ "type": "Feature", "properties": { "vehicle_id": "A2752", "latitude": 42.643836975097656, "longitude": 23.345083236694336, "raw_occupancy": 0, "timestamp": "2026-09-15 17:05:27" }, "geometry": { "type": "Point", "coordinates": [ 23.345083236694336, 42.643836975097656 ] } },
{ "type": "Feature", "properties": { "vehicle_id": "A1152", "latitude": 42.684185028076172, "longitude": 23.276620864868164, "raw_occupancy": 1, "timestamp": "2026-09-15 17:05:27" }, "geometry": { "type": "Point", "coordinates": [ 23.276620864868164, 42.684185028076172 ] } },
{ "type": "Feature", "properties": { "vehicle_id": "A3134", "latitude": 42.629127502441406, "longitude": 23.37286376953125, "raw_occupancy": 1, "timestamp": "2026-09-15 17:05:27" }, "geometry": { "type": "Point", "coordinates": [ 23.37286376953125, 42.629127502441406 ] } },
{ "type": "Feature", "properties": { "vehicle_id": "A3013", "latitude": 42.664108276367188, "longitude": 23.398513793945312, "raw_occupancy": 1, "timestamp": "2026-09-15 17:05:27" }, "geometry": { "type": "Point", "coordinates": [ 23.398513793945312, 42.664108276367188 ] } },
{ "type": "Feature", "properties": { "vehicle_id": "A3408", "latitude": 42.685440063476562, "longitude": 23.40423583984375, "raw_occupancy": 1, "timestamp": "2026-09-15 17:05:27" }, "geometry": { "type": "Point", "coordinates": [ 23.40423583984375, 42.685440063476562 ] } },
{ "type": "Feature", "properties": { "vehicle_id": "A2030", "latitude": 42.712177276611328, "longitude": 23.379838943481445, "raw_occupancy": 1, "timestamp": "2026-09-15 17:05:27" }, "geometry": { "type": "Point", "coordinates": [ 23.379838943481445, 42.712177276611328 ] } },
{ "type": "Feature", "properties": { "vehicle_id": "A1212", "latitude": 42.643203735351562, "longitude": 23.313030242919922, "raw_occupancy": 3, "timestamp": "2026-09-15 17:05:27" }, "geometry": { "type": "Point", "coordinates": [ 23.313030242919922, 42.643203735351562 ] } },
{ "type": "Feature", "properties": { "vehicle_id": "A2072", "latitude": 42.728973388671875, "longitude": 23.324350357055664, "raw_occupancy": 1, "timestamp": "2026-09-15 17:05:27" }, "geometry": { "type": "Point", "coordinates": [ 23.324350357055664, 42.728973388671875 ] } },
{ "type": "Feature", "properties": { "vehicle_id": "A3661", "latitude": 42.646938323974609, "longitude": 23.354785919189453, "raw_occupancy": 3, "timestamp": "2026-09-15 17:05:27" }, "geometry": { "type": "Point", "coordinates": [ 23.354785919189453, 42.646938323974609 ] } },
{ "type": "Feature", "properties": { "vehicle_id": "A1164", "latitude": 42.672611236572266, "longitude": 23.293680191040039, "raw_occupancy": 3, "timestamp": "2026-09-15 17:05:27" }, "geometry": { "type": "Point", "coordinates": [ 23.293680191040039, 42.672611236572266 ] } },
{ "type": "Feature", "properties": { "vehicle_id": "A3610", "latitude": 42.649024963378906, "longitude": 23.377531051635742, "raw_occupancy": 2, "timestamp": "2026-09-15 17:05:27" }, "geometry": { "type": "Point", "coordinates": [ 23.377531051635742, 42.649024963378906 ] } },
{ "type": "Feature", "properties": { "vehicle_id": "A1226", "latitude": 42.643512725830078, "longitude": 23.374027252197266, "raw_occupancy": 1, "timestamp": "2026-09-15 17:05:27" }, "geometry": { "type": "Point", "coordinates": [ 23.374027252197266, 42.643512725830078 ] } },
{ "type": "Feature", "properties": { "vehicle_id": "A2064", "latitude": 42.7269287109375, "longitude": 23.312383651733398, "raw_occupancy": 2, "timestamp": "2026-09-15 17:05:27" }, "geometry": { "type": "Point", "coordinates": [ 23.312383651733398, 42.7269287109375 ] } },
{ "type": "Feature", "properties": { "vehicle_id": "A2165", "latitude": 42.713977813720703, "longitude": 23.312921524047852, "raw_occupancy": 0, "timestamp": "2026-09-15 17:05:27" }, "geometry": { "type": "Point", "coordinates": [ 23.312921524047852, 42.713977813720703 ] } },
{ "type": "Feature", "properties": { "vehicle_id": "A3132", "latitude": 42.675823211669922, "longitude": 23.358123779296875, "raw_occupancy": 0, "timestamp": "2026-09-15 17:05:27" }, "geometry": { "type": "Point", "coordinates": [ 23.358123779296875, 42.675823211669922 ] } },
{ "type": "Feature", "properties": { "vehicle_id": "A3012", "latitude": 42.685096740722656, "longitude": 23.351261138916016, "raw_occupancy": 2, "timestamp": "2026-09-15 17:05:27" }, "geometry": { "type": "Point", "coordinates": [ 23.351261138916016, 42.685096740722656 ] } },
{ "type": "Feature", "properties": { "vehicle_id": "A7111", "latitude": 42.834934234619141, "longitude": 23.282331466674805, "raw_occupancy": 1, "timestamp": "2026-09-15 17:05:27" }, "geometry": { "type": "Point", "coordinates": [ 23.282331466674805, 42.834934234619141 ] } },
{ "type": "Feature", "properties": { "vehicle_id": "A3017", "latitude": 42.696475982666016, "longitude": 23.360803604125977, "raw_occupancy": 1, "timestamp": "2026-09-15 17:05:27" }, "geometry": { "type": "Point", "coordinates": [ 23.360803604125977, 42.696475982666016 ] } },
{ "type": "Feature", "properties": { "vehicle_id": "A7133", "latitude": 42.805477142333984, "longitude": 23.347202301025391, "raw_occupancy": 3, "timestamp": "2026-09-15 17:05:27" }, "geometry": { "type": "Point", "coordinates": [ 23.347202301025391, 42.805477142333984 ] } },
{ "type": "Feature", "properties": { "vehicle_id": "A3616", "latitude": 42.707523345947266, "longitude": 23.323078155517578, "raw_occupancy": 1, "timestamp": "2026-09-15 17:05:27" }, "geometry": { "type": "Point", "coordinates": [ 23.323078155517578, 42.707523345947266 ] } },
{ "type": "Feature", "properties": { "vehicle_id": "A2014", "latitude": 42.708885192871094, "longitude": 23.37249755859375, "raw_occupancy": 3, "timestamp": "2026-09-15 17:05:27" }, "geometry": { "type": "Point", "coordinates": [ 23.37249755859375, 42.708885192871094 ] } },
{ "type": "Feature", "properties": { "vehicle_id": "A7163", "latitude": 42.753150939941406, "longitude": 23.502388000488281, "raw_occupancy": 2, "timestamp": "2026-09-15 17:05:27" }, "geometry": { "type": "Point", "coordinates": [ 23.502388000488281, 42.753150939941406 ] } },
{ "type": "Feature", "properties": { "vehicle_id": "A3138", "latitude": 42.66656494140625, "longitude": 23.37147331237793, "raw_occupancy": 2, "timestamp": "2026-09-15 17:05:27" }, "geometry": { "type": "Point", "coordinates": [ 23.37147331237793, 42.66656494140625 ] } },
{ "type": "Feature", "properties": { "vehicle_id": "A2807", "latitude": 42.727783203125, "longitude": 23.245952606201172, "raw_occupancy": 1, "timestamp": "2026-09-15 17:05:27" }, "geometry": { "type": "Point", "coordinates": [ 23.245952606201172, 42.727783203125 ] } },
{ "type": "Feature", "properties": { "vehicle_id": "A1158", "latitude": 42.716609954833984, "longitude": 23.249832153320312, "raw_occupancy": 2, "timestamp": "2026-09-15 17:05:27" }, "geometry": { "type": "Point", "coordinates": [ 23.249832153320312, 42.716609954833984 ] } },
{ "type": "Feature", "properties": { "vehicle_id": "A1407", "latitude": 42.697444915771484, "longitude": 23.276704788208008, "raw_occupancy": 1, "timestamp": "2026-09-15 17:05:27" }, "geometry": { "type": "Point", "coordinates": [ 23.276704788208008, 42.697444915771484 ] } },
{ "type": "Feature", "properties": { "vehicle_id": "A3700", "latitude": 42.711894989013672, "longitude": 23.407567977905273, "raw_occupancy": 1, "timestamp": "2026-09-15 17:05:27" }, "geometry": { "type": "Point", "coordinates": [ 23.407567977905273, 42.711894989013672 ] } },
{ "type": "Feature", "properties": { "vehicle_id": "A1413", "latitude": 42.67578125, "longitude": 23.228633880615234, "raw_occupancy": 0, "timestamp": "2026-09-15 17:05:27" }, "geometry": { "type": "Point", "coordinates": [ 23.228633880615234, 42.67578125 ] } },
{ "type": "Feature", "properties": { "vehicle_id": "A3632", "latitude": 42.687290191650391, "longitude": 23.33172607421875, "raw_occupancy": 2, "timestamp": "2026-09-15 17:05:27" }, "geometry": { "type": "Point", "coordinates": [ 23.33172607421875, 42.687290191650391 ] } },
{ "type": "Feature", "properties": { "vehicle_id": "A2831", "latitude": 42.668193817138672, "longitude": 23.265979766845703, "raw_occupancy": 2, "timestamp": "2026-09-15 17:05:27" }, "geometry": { "type": "Point", "coordinates": [ 23.265979766845703, 42.668193817138672 ] } },
{ "type": "Feature", "properties": { "vehicle_id": "A3666", "latitude": 42.671924591064453, "longitude": 23.394115447998047, "raw_occupancy": 4, "timestamp": "2026-09-15 17:05:27" }, "geometry": { "type": "Point", "coordinates": [ 23.394115447998047, 42.671924591064453 ] } },
{ "type": "Feature", "properties": { "vehicle_id": "A2085", "latitude": 42.621768951416016, "longitude": 23.326074600219727, "raw_occupancy": 2, "timestamp": "2026-09-15 17:05:27" }, "geometry": { "type": "Point", "coordinates": [ 23.326074600219727, 42.621768951416016 ] } },
{ "type": "Feature", "properties": { "vehicle_id": "A1150", "latitude": 42.665760040283203, "longitude": 23.302042007446289, "raw_occupancy": 2, "timestamp": "2026-09-15 17:05:27" }, "geometry": { "type": "Point", "coordinates": [ 23.302042007446289, 42.665760040283203 ] } },
{ "type": "Feature", "properties": { "vehicle_id": "A1408", "latitude": 42.664081573486328, "longitude": 23.28712272644043, "raw_occupancy": 3, "timestamp": "2026-09-15 17:05:27" }, "geometry": { "type": "Point", "coordinates": [ 23.28712272644043, 42.664081573486328 ] } },
{ "type": "Feature", "properties": { "vehicle_id": "A2506", "latitude": 42.683460235595703, "longitude": 23.320957183837891, "raw_occupancy": 2, "timestamp": "2026-09-15 17:05:27" }, "geometry": { "type": "Point", "coordinates": [ 23.320957183837891, 42.683460235595703 ] } },
{ "type": "Feature", "properties": { "vehicle_id": "A1156", "latitude": 42.685222625732422, "longitude": 23.274658203125, "raw_occupancy": 3, "timestamp": "2026-09-15 17:05:27" }, "geometry": { "type": "Point", "coordinates": [ 23.274658203125, 42.685222625732422 ] } },
{ "type": "Feature", "properties": { "vehicle_id": "A3400", "latitude": 42.672756195068359, "longitude": 23.362405776977539, "raw_occupancy": 3, "timestamp": "2026-09-15 17:05:27" }, "geometry": { "type": "Point", "coordinates": [ 23.362405776977539, 42.672756195068359 ] } },
{ "type": "Feature", "properties": { "vehicle_id": "A2302", "latitude": 42.676780700683594, "longitude": 23.356752395629883, "raw_occupancy": 0, "timestamp": "2026-09-15 17:05:27" }, "geometry": { "type": "Point", "coordinates": [ 23.356752395629883, 42.676780700683594 ] } },
{ "type": "Feature", "properties": { "vehicle_id": "A1620", "latitude": 42.695034027099609, "longitude": 23.230264663696289, "raw_occupancy": 3, "timestamp": "2026-09-15 17:05:27" }, "geometry": { "type": "Point", "coordinates": [ 23.230264663696289, 42.695034027099609 ] } },
{ "type": "Feature", "properties": { "vehicle_id": "A2010", "latitude": 42.709632873535156, "longitude": 23.260055541992188, "raw_occupancy": 3, "timestamp": "2026-09-15 17:05:27" }, "geometry": { "type": "Point", "coordinates": [ 23.260055541992188, 42.709632873535156 ] } },
{ "type": "Feature", "properties": { "vehicle_id": "A2304", "latitude": 42.665725708007812, "longitude": 23.362888336181641, "raw_occupancy": 2, "timestamp": "2026-09-15 17:05:27" }, "geometry": { "type": "Point", "coordinates": [ 23.362888336181641, 42.665725708007812 ] } },
{ "type": "Feature", "properties": { "vehicle_id": "A3136", "latitude": 42.626583099365234, "longitude": 23.381494522094727, "raw_occupancy": 1, "timestamp": "2026-09-15 17:05:27" }, "geometry": { "type": "Point", "coordinates": [ 23.381494522094727, 42.626583099365234 ] } },
{ "type": "Feature", "properties": { "vehicle_id": "A1036", "latitude": 42.640396118164062, "longitude": 23.343753814697266, "raw_occupancy": 2, "timestamp": "2026-09-15 17:05:27" }, "geometry": { "type": "Point", "coordinates": [ 23.343753814697266, 42.640396118164062 ] } },
{ "type": "Feature", "properties": { "vehicle_id": "A7075", "latitude": 42.803489685058594, "longitude": 23.422813415527344, "raw_occupancy": 0, "timestamp": "2026-09-15 17:05:27" }, "geometry": { "type": "Point", "coordinates": [ 23.422813415527344, 42.803489685058594 ] } },
{ "type": "Feature", "properties": { "vehicle_id": "A3144", "latitude": 42.674396514892578, "longitude": 23.287134170532227, "raw_occupancy": 2, "timestamp": "2026-09-15 17:05:27" }, "geometry": { "type": "Point", "coordinates": [ 23.287134170532227, 42.674396514892578 ] } },
{ "type": "Feature", "properties": { "vehicle_id": "A1012", "latitude": 42.656944274902344, "longitude": 23.31480598449707, "raw_occupancy": 5, "timestamp": "2026-09-15 17:05:27" }, "geometry": { "type": "Point", "coordinates": [ 23.31480598449707, 42.656944274902344 ] } },
{ "type": "Feature", "properties": { "vehicle_id": "A2307", "latitude": 42.675563812255859, "longitude": 23.35877799987793, "raw_occupancy": 2, "timestamp": "2026-09-15 17:05:27" }, "geometry": { "type": "Point", "coordinates": [ 23.35877799987793, 42.675563812255859 ] } },
{ "type": "Feature", "properties": { "vehicle_id": "A7145", "latitude": 42.707305908203125, "longitude": 23.497547149658203, "raw_occupancy": 1, "timestamp": "2026-09-15 17:05:27" }, "geometry": { "type": "Point", "coordinates": [ 23.497547149658203, 42.707305908203125 ] } },
{ "type": "Feature", "properties": { "vehicle_id": "A1232", "latitude": 42.770538330078125, "longitude": 23.24144172668457, "raw_occupancy": 0, "timestamp": "2026-09-15 17:05:27" }, "geometry": { "type": "Point", "coordinates": [ 23.24144172668457, 42.770538330078125 ] } },
{ "type": "Feature", "properties": { "vehicle_id": "A7061", "latitude": 42.818305969238281, "longitude": 23.356027603149414, "raw_occupancy": 1, "timestamp": "2026-09-15 17:05:27" }, "geometry": { "type": "Point", "coordinates": [ 23.356027603149414, 42.818305969238281 ] } },
{ "type": "Feature", "properties": { "vehicle_id": "A3128", "latitude": 42.660026550292969, "longitude": 23.348566055297852, "raw_occupancy": 3, "timestamp": "2026-09-15 17:05:27" }, "geometry": { "type": "Point", "coordinates": [ 23.348566055297852, 42.660026550292969 ] } },
{ "type": "Feature", "properties": { "vehicle_id": "A1175", "latitude": 42.702789306640625, "longitude": 23.297983169555664, "raw_occupancy": 3, "timestamp": "2026-09-15 17:05:27" }, "geometry": { "type": "Point", "coordinates": [ 23.297983169555664, 42.702789306640625 ] } },
{ "type": "Feature", "properties": { "vehicle_id": "A1155", "latitude": 42.670368194580078, "longitude": 23.292547225952148, "raw_occupancy": 2, "timestamp": "2026-09-15 17:05:27" }, "geometry": { "type": "Point", "coordinates": [ 23.292547225952148, 42.670368194580078 ] } },
{ "type": "Feature", "properties": { "vehicle_id": "A1213", "latitude": 42.717750549316406, "longitude": 23.134819030761719, "raw_occupancy": 1, "timestamp": "2026-09-15 17:05:27" }, "geometry": { "type": "Point", "coordinates": [ 23.134819030761719, 42.717750549316406 ] } },
{ "type": "Feature", "properties": { "vehicle_id": "A3600", "latitude": 42.664939880371094, "longitude": 23.457979202270508, "raw_occupancy": 2, "timestamp": "2026-09-15 17:05:27" }, "geometry": { "type": "Point", "coordinates": [ 23.457979202270508, 42.664939880371094 ] } },
{ "type": "Feature", "properties": { "vehicle_id": "A7173", "latitude": 42.707054138183594, "longitude": 23.33952522277832, "raw_occupancy": 1, "timestamp": "2026-09-15 17:05:27" }, "geometry": { "type": "Point", "coordinates": [ 23.33952522277832, 42.707054138183594 ] } },
{ "type": "Feature", "properties": { "vehicle_id": "A2519", "latitude": 42.677936553955078, "longitude": 23.360389709472656, "raw_occupancy": 2, "timestamp": "2026-09-15 17:05:27" }, "geometry": { "type": "Point", "coordinates": [ 23.360389709472656, 42.677936553955078 ] } },
{ "type": "Feature", "properties": { "vehicle_id": "A7153", "latitude": 42.794490814208984, "longitude": 23.268287658691406, "raw_occupancy": 2, "timestamp": "2026-09-15 17:05:27" }, "geometry": { "type": "Point", "coordinates": [ 23.268287658691406, 42.794490814208984 ] } },
{ "type": "Feature", "properties": { "vehicle_id": "A1869", "latitude": 42.717094421386719, "longitude": 23.170745849609375, "raw_occupancy": 0, "timestamp": "2026-09-15 17:05:27" }, "geometry": { "type": "Point", "coordinates": [ 23.170745849609375, 42.717094421386719 ] } },
{ "type": "Feature", "properties": { "vehicle_id": "A3157", "latitude": 42.663173675537109, "longitude": 23.357189178466797, "raw_occupancy": 3, "timestamp": "2026-09-15 17:05:27" }, "geometry": { "type": "Point", "coordinates": [ 23.357189178466797, 42.663173675537109 ] } },
{ "type": "Feature", "properties": { "vehicle_id": "A3127", "latitude": 42.668098449707031, "longitude": 23.368379592895508, "raw_occupancy": 3, "timestamp": "2026-09-15 17:05:27" }, "geometry": { "type": "Point", "coordinates": [ 23.368379592895508, 42.668098449707031 ] } },
{ "type": "Feature", "properties": { "vehicle_id": "A2066", "latitude": 42.704921722412109, "longitude": 23.317573547363281, "raw_occupancy": 1, "timestamp": "2026-09-15 17:05:27" }, "geometry": { "type": "Point", "coordinates": [ 23.317573547363281, 42.704921722412109 ] } },
{ "type": "Feature", "properties": { "vehicle_id": "A3605", "latitude": 42.635868072509766, "longitude": 23.51783561706543, "raw_occupancy": 0, "timestamp": "2026-09-15 17:05:27" }, "geometry": { "type": "Point", "coordinates": [ 23.51783561706543, 42.635868072509766 ] } },
{ "type": "Feature", "properties": { "vehicle_id": "A2140", "latitude": 42.700958251953125, "longitude": 23.34160041809082, "raw_occupancy": 4, "timestamp": "2026-09-15 17:05:27" }, "geometry": { "type": "Point", "coordinates": [ 23.34160041809082, 42.700958251953125 ] } },
{ "type": "Feature", "properties": { "vehicle_id": "A1015", "latitude": 42.658428192138672, "longitude": 23.299106597900391, "raw_occupancy": 3, "timestamp": "2026-09-15 17:05:27" }, "geometry": { "type": "Point", "coordinates": [ 23.299106597900391, 42.658428192138672 ] } },
{ "type": "Feature", "properties": { "vehicle_id": "A2002", "latitude": 42.658184051513672, "longitude": 23.348657608032227, "raw_occupancy": 2, "timestamp": "2026-09-15 17:05:27" }, "geometry": { "type": "Point", "coordinates": [ 23.348657608032227, 42.658184051513672 ] } },
{ "type": "Feature", "properties": { "vehicle_id": "A7113", "latitude": 42.70599365234375, "longitude": 23.313335418701172, "raw_occupancy": 2, "timestamp": "2026-09-15 17:05:27" }, "geometry": { "type": "Point", "coordinates": [ 23.313335418701172, 42.70599365234375 ] } },
{ "type": "Feature", "properties": { "vehicle_id": "A1311", "latitude": 42.657943725585938, "longitude": 23.328393936157227, "raw_occupancy": 0, "timestamp": "2026-09-15 17:05:27" }, "geometry": { "type": "Point", "coordinates": [ 23.328393936157227, 42.657943725585938 ] } },
{ "type": "Feature", "properties": { "vehicle_id": "A1229", "latitude": 42.719524383544922, "longitude": 23.255245208740234, "raw_occupancy": 3, "timestamp": "2026-09-15 17:05:27" }, "geometry": { "type": "Point", "coordinates": [ 23.255245208740234, 42.719524383544922 ] } },
{ "type": "Feature", "properties": { "vehicle_id": "A2065", "latitude": 42.751277923583984, "longitude": 23.35175895690918, "raw_occupancy": 3, "timestamp": "2026-09-15 17:05:27" }, "geometry": { "type": "Point", "coordinates": [ 23.35175895690918, 42.751277923583984 ] } },
{ "type": "Feature", "properties": { "vehicle_id": "A2027", "latitude": 42.696884155273438, "longitude": 23.351848602294922, "raw_occupancy": 4, "timestamp": "2026-09-15 17:05:27" }, "geometry": { "type": "Point", "coordinates": [ 23.351848602294922, 42.696884155273438 ] } },
{ "type": "Feature", "properties": { "vehicle_id": "A1230", "latitude": 42.707145690917969, "longitude": 23.146896362304688, "raw_occupancy": 1, "timestamp": "2026-09-15 17:05:27" }, "geometry": { "type": "Point", "coordinates": [ 23.146896362304688, 42.707145690917969 ] } },
{ "type": "Feature", "properties": { "vehicle_id": "A3135", "latitude": 42.667301177978516, "longitude": 23.391874313354492, "raw_occupancy": 1, "timestamp": "2026-09-15 17:05:27" }, "geometry": { "type": "Point", "coordinates": [ 23.391874313354492, 42.667301177978516 ] } },
{ "type": "Feature", "properties": { "vehicle_id": "A7175", "latitude": 42.739284515380859, "longitude": 23.309627532958984, "raw_occupancy": 1, "timestamp": "2026-09-15 17:05:27" }, "geometry": { "type": "Point", "coordinates": [ 23.309627532958984, 42.739284515380859 ] } },
{ "type": "Feature", "properties": { "vehicle_id": "A2047", "latitude": 42.812026977539062, "longitude": 23.377452850341797, "raw_occupancy": 0, "timestamp": "2026-09-15 17:05:27" }, "geometry": { "type": "Point", "coordinates": [ 23.377452850341797, 42.812026977539062 ] } },
{ "type": "Feature", "properties": { "vehicle_id": "A2816", "latitude": 42.70574951171875, "longitude": 23.317014694213867, "raw_occupancy": 1, "timestamp": "2026-09-15 17:05:27" }, "geometry": { "type": "Point", "coordinates": [ 23.317014694213867, 42.70574951171875 ] } },
{ "type": "Feature", "properties": { "vehicle_id": "A1614", "latitude": 42.624996185302734, "longitude": 23.354787826538086, "raw_occupancy": 1, "timestamp": "2026-09-15 17:05:27" }, "geometry": { "type": "Point", "coordinates": [ 23.354787826538086, 42.624996185302734 ] } },
{ "type": "Feature", "properties": { "vehicle_id": "A1609", "latitude": 42.704776763916016, "longitude": 23.33405876159668, "raw_occupancy": 3, "timestamp": "2026-09-15 17:05:27" }, "geometry": { "type": "Point", "coordinates": [ 23.33405876159668, 42.704776763916016 ] } },
{ "type": "Feature", "properties": { "vehicle_id": "A1835", "latitude": 42.710800170898438, "longitude": 23.144680023193359, "raw_occupancy": 2, "timestamp": "2026-09-15 17:05:27" }, "geometry": { "type": "Point", "coordinates": [ 23.144680023193359, 42.710800170898438 ] } },
{ "type": "Feature", "properties": { "vehicle_id": "A1839", "latitude": 42.697189331054688, "longitude": 23.27723503112793, "raw_occupancy": 0, "timestamp": "2026-09-15 17:05:27" }, "geometry": { "type": "Point", "coordinates": [ 23.27723503112793, 42.697189331054688 ] } },
{ "type": "Feature", "properties": { "vehicle_id": "A3620", "latitude": 42.610260009765625, "longitude": 23.364194869995117, "raw_occupancy": 2, "timestamp": "2026-09-15 17:05:27" }, "geometry": { "type": "Point", "coordinates": [ 23.364194869995117, 42.610260009765625 ] } },
{ "type": "Feature", "properties": { "vehicle_id": "A7055", "latitude": 42.714958190917969, "longitude": 23.436832427978516, "raw_occupancy": 3, "timestamp": "2026-09-15 17:05:27" }, "geometry": { "type": "Point", "coordinates": [ 23.436832427978516, 42.714958190917969 ] } },
{ "type": "Feature", "properties": { "vehicle_id": "A1831", "latitude": 42.648765563964844, "longitude": 23.294837951660156, "raw_occupancy": 2, "timestamp": "2026-09-15 17:05:27" }, "geometry": { "type": "Point", "coordinates": [ 23.294837951660156, 42.648765563964844 ] } },
{ "type": "Feature", "properties": { "vehicle_id": "A1425", "latitude": 42.672119140625, "longitude": 23.251314163208008, "raw_occupancy": 3, "timestamp": "2026-09-15 17:05:27" }, "geometry": { "type": "Point", "coordinates": [ 23.251314163208008, 42.672119140625 ] } },
{ "type": "Feature", "properties": { "vehicle_id": "A2020", "latitude": 42.666225433349609, "longitude": 23.342235565185547, "raw_occupancy": 0, "timestamp": "2026-09-15 17:05:27" }, "geometry": { "type": "Point", "coordinates": [ 23.342235565185547, 42.666225433349609 ] } },
{ "type": "Feature", "properties": { "vehicle_id": "A7067", "latitude": 42.752731323242188, "longitude": 23.557954788208008, "raw_occupancy": 1, "timestamp": "2026-09-15 17:05:27" }, "geometry": { "type": "Point", "coordinates": [ 23.557954788208008, 42.752731323242188 ] } },
{ "type": "Feature", "properties": { "vehicle_id": "A3623", "latitude": 42.655986785888672, "longitude": 23.465311050415039, "raw_occupancy": 1, "timestamp": "2026-09-15 17:05:27" }, "geometry": { "type": "Point", "coordinates": [ 23.465311050415039, 42.655986785888672 ] } },
{ "type": "Feature", "properties": { "vehicle_id": "A1604", "latitude": 42.690448760986328, "longitude": 23.255073547363281, "raw_occupancy": 1, "timestamp": "2026-09-15 17:05:27" }, "geometry": { "type": "Point", "coordinates": [ 23.255073547363281, 42.690448760986328 ] } },
{ "type": "Feature", "properties": { "vehicle_id": "A1612", "latitude": 42.660396575927734, "longitude": 23.39179801940918, "raw_occupancy": 3, "timestamp": "2026-09-15 17:05:27" }, "geometry": { "type": "Point", "coordinates": [ 23.39179801940918, 42.660396575927734 ] } },
{ "type": "Feature", "properties": { "vehicle_id": "A7139", "latitude": 42.704093933105469, "longitude": 23.386598587036133, "raw_occupancy": 0, "timestamp": "2026-09-15 17:05:27" }, "geometry": { "type": "Point", "coordinates": [ 23.386598587036133, 42.704093933105469 ] } },
{ "type": "Feature", "properties": { "vehicle_id": "A3115", "latitude": 42.641105651855469, "longitude": 23.412500381469727, "raw_occupancy": 0, "timestamp": "2026-09-15 17:05:27" }, "geometry": { "type": "Point", "coordinates": [ 23.412500381469727, 42.641105651855469 ] } },
{ "type": "Feature", "properties": { "vehicle_id": "A1223", "latitude": 42.669807434082031, "longitude": 23.319915771484375, "raw_occupancy": 1, "timestamp": "2026-09-15 17:05:27" }, "geometry": { "type": "Point", "coordinates": [ 23.319915771484375, 42.669807434082031 ] } },
{ "type": "Feature", "properties": { "vehicle_id": "A2825", "latitude": 42.730064392089844, "longitude": 23.255987167358398, "raw_occupancy": 2, "timestamp": "2026-09-15 17:05:27" }, "geometry": { "type": "Point", "coordinates": [ 23.255987167358398, 42.730064392089844 ] } },
{ "type": "Feature", "properties": { "vehicle_id": "A3116", "latitude": 42.668922424316406, "longitude": 23.352657318115234, "raw_occupancy": 1, "timestamp": "2026-09-15 17:05:27" }, "geometry": { "type": "Point", "coordinates": [ 23.352657318115234, 42.668922424316406 ] } },
{ "type": "Feature", "properties": { "vehicle_id": "A1605", "latitude": 42.704856872558594, "longitude": 23.32197380065918, "raw_occupancy": 2, "timestamp": "2026-09-15 17:05:27" }, "geometry": { "type": "Point", "coordinates": [ 23.32197380065918, 42.704856872558594 ] } },
{ "type": "Feature", "properties": { "vehicle_id": "A1126", "latitude": 42.624382019042969, "longitude": 23.358495712280273, "raw_occupancy": 2, "timestamp": "2026-09-15 17:05:27" }, "geometry": { "type": "Point", "coordinates": [ 23.358495712280273, 42.624382019042969 ] } },
{ "type": "Feature", "properties": { "vehicle_id": "A3634", "latitude": 42.668167114257812, "longitude": 23.424659729003906, "raw_occupancy": 1, "timestamp": "2026-09-15 17:05:27" }, "geometry": { "type": "Point", "coordinates": [ 23.424659729003906, 42.668167114257812 ] } },
{ "type": "Feature", "properties": { "vehicle_id": "A2055", "latitude": 42.718887329101562, "longitude": 23.239091873168945, "raw_occupancy": 0, "timestamp": "2026-09-15 17:05:27" }, "geometry": { "type": "Point", "coordinates": [ 23.239091873168945, 42.718887329101562 ] } },
{ "type": "Feature", "properties": { "vehicle_id": "A2000", "latitude": 42.712677001953125, "longitude": 23.412576675415039, "raw_occupancy": 0, "timestamp": "2026-09-15 17:05:27" }, "geometry": { "type": "Point", "coordinates": [ 23.412576675415039, 42.712677001953125 ] } },
{ "type": "Feature", "properties": { "vehicle_id": "A1409", "latitude": 42.681129455566406, "longitude": 23.289054870605469, "raw_occupancy": 1, "timestamp": "2026-09-15 17:05:27" }, "geometry": { "type": "Point", "coordinates": [ 23.289054870605469, 42.681129455566406 ] } },
{ "type": "Feature", "properties": { "vehicle_id": "A3158", "latitude": 42.668540954589844, "longitude": 23.279495239257812, "raw_occupancy": 1, "timestamp": "2026-09-15 17:05:27" }, "geometry": { "type": "Point", "coordinates": [ 23.279495239257812, 42.668540954589844 ] } },
{ "type": "Feature", "properties": { "vehicle_id": "A1405", "latitude": 42.629215240478516, "longitude": 23.308969497680664, "raw_occupancy": 2, "timestamp": "2026-09-15 17:05:27" }, "geometry": { "type": "Point", "coordinates": [ 23.308969497680664, 42.629215240478516 ] } },
{ "type": "Feature", "properties": { "vehicle_id": "A2319", "latitude": 42.661018371582031, "longitude": 23.35899543762207, "raw_occupancy": 2, "timestamp": "2026-09-15 17:05:27" }, "geometry": { "type": "Point", "coordinates": [ 23.35899543762207, 42.661018371582031 ] } },
{ "type": "Feature", "properties": { "vehicle_id": "A1179", "latitude": 42.642539978027344, "longitude": 23.334901809692383, "raw_occupancy": 1, "timestamp": "2026-09-15 17:05:27" }, "geometry": { "type": "Point", "coordinates": [ 23.334901809692383, 42.642539978027344 ] } },
{ "type": "Feature", "properties": { "vehicle_id": "A1616", "latitude": 42.690174102783203, "longitude": 23.3701171875, "raw_occupancy": 2, "timestamp": "2026-09-15 17:05:27" }, "geometry": { "type": "Point", "coordinates": [ 23.3701171875, 42.690174102783203 ] } },
{ "type": "Feature", "properties": { "vehicle_id": "A1034", "latitude": 42.678535461425781, "longitude": 23.284309387207031, "raw_occupancy": 0, "timestamp": "2026-09-15 17:05:27" }, "geometry": { "type": "Point", "coordinates": [ 23.284309387207031, 42.678535461425781 ] } },
{ "type": "Feature", "properties": { "vehicle_id": "A3120", "latitude": 42.645900726318359, "longitude": 23.375665664672852, "raw_occupancy": 1, "timestamp": "2026-09-15 17:05:27" }, "geometry": { "type": "Point", "coordinates": [ 23.375665664672852, 42.645900726318359 ] } },
{ "type": "Feature", "properties": { "vehicle_id": "A2026", "latitude": 42.708889007568359, "longitude": 23.368181228637695, "raw_occupancy": 1, "timestamp": "2026-09-15 17:05:27" }, "geometry": { "type": "Point", "coordinates": [ 23.368181228637695, 42.708889007568359 ] } },
{ "type": "Feature", "properties": { "vehicle_id": "A2059", "latitude": 42.720664978027344, "longitude": 23.313709259033203, "raw_occupancy": 0, "timestamp": "2026-09-15 17:05:27" }, "geometry": { "type": "Point", "coordinates": [ 23.313709259033203, 42.720664978027344 ] } },
{ "type": "Feature", "properties": { "vehicle_id": "A7127", "latitude": 42.706520080566406, "longitude": 23.46782112121582, "raw_occupancy": 2, "timestamp": "2026-09-15 17:05:27" }, "geometry": { "type": "Point", "coordinates": [ 23.46782112121582, 42.706520080566406 ] } },
{ "type": "Feature", "properties": { "vehicle_id": "A3109", "latitude": 42.632495880126953, "longitude": 23.380397796630859, "raw_occupancy": 2, "timestamp": "2026-09-15 17:05:27" }, "geometry": { "type": "Point", "coordinates": [ 23.380397796630859, 42.632495880126953 ] } },
{ "type": "Feature", "properties": { "vehicle_id": "A1613", "latitude": 42.728702545166016, "longitude": 23.258371353149414, "raw_occupancy": 3, "timestamp": "2026-09-15 17:05:27" }, "geometry": { "type": "Point", "coordinates": [ 23.258371353149414, 42.728702545166016 ] } },
{ "type": "Feature", "properties": { "vehicle_id": "A2005", "latitude": 42.707035064697266, "longitude": 23.377035140991211, "raw_occupancy": 1, "timestamp": "2026-09-15 17:05:27" }, "geometry": { "type": "Point", "coordinates": [ 23.377035140991211, 42.707035064697266 ] } },
{ "type": "Feature", "properties": { "vehicle_id": "A3301", "latitude": 42.649978637695312, "longitude": 23.35771369934082, "raw_occupancy": 2, "timestamp": "2026-09-15 17:05:27" }, "geometry": { "type": "Point", "coordinates": [ 23.35771369934082, 42.649978637695312 ] } },
{ "type": "Feature", "properties": { "vehicle_id": "A1314", "latitude": 42.679367065429688, "longitude": 23.285831451416016, "raw_occupancy": 0, "timestamp": "2026-09-15 17:05:27" }, "geometry": { "type": "Point", "coordinates": [ 23.285831451416016, 42.679367065429688 ] } },
{ "type": "Feature", "properties": { "vehicle_id": "A2316", "latitude": 42.649471282958984, "longitude": 23.341728210449219, "raw_occupancy": 2, "timestamp": "2026-09-15 17:05:27" }, "geometry": { "type": "Point", "coordinates": [ 23.341728210449219, 42.649471282958984 ] } },
{ "type": "Feature", "properties": { "vehicle_id": "A2032", "latitude": 42.648639678955078, "longitude": 23.341629028320312, "raw_occupancy": 1, "timestamp": "2026-09-15 17:05:27" }, "geometry": { "type": "Point", "coordinates": [ 23.341629028320312, 42.648639678955078 ] } },
{ "type": "Feature", "properties": { "vehicle_id": "A7059", "latitude": 42.764694213867188, "longitude": 23.568859100341797, "raw_occupancy": 1, "timestamp": "2026-09-15 17:05:27" }, "geometry": { "type": "Point", "coordinates": [ 23.568859100341797, 42.764694213867188 ] } },
{ "type": "Feature", "properties": { "vehicle_id": "A3615", "latitude": 42.682537078857422, "longitude": 23.349086761474609, "raw_occupancy": 5, "timestamp": "2026-09-15 17:05:27" }, "geometry": { "type": "Point", "coordinates": [ 23.349086761474609, 42.682537078857422 ] } },
{ "type": "Feature", "properties": { "vehicle_id": "A7099", "latitude": 42.789459228515625, "longitude": 23.329538345336914, "raw_occupancy": 1, "timestamp": "2026-09-15 17:05:27" }, "geometry": { "type": "Point", "coordinates": [ 23.329538345336914, 42.789459228515625 ] } },
{ "type": "Feature", "properties": { "vehicle_id": "A1206", "latitude": 42.666343688964844, "longitude": 23.284847259521484, "raw_occupancy": 1, "timestamp": "2026-09-15 17:05:27" }, "geometry": { "type": "Point", "coordinates": [ 23.284847259521484, 42.666343688964844 ] } },
{ "type": "Feature", "properties": { "vehicle_id": "A2046", "latitude": 42.718551635742188, "longitude": 23.277278900146484, "raw_occupancy": 2, "timestamp": "2026-09-15 17:05:27" }, "geometry": { "type": "Point", "coordinates": [ 23.277278900146484, 42.718551635742188 ] } },
{ "type": "Feature", "properties": { "vehicle_id": "A2058", "latitude": 42.692737579345703, "longitude": 23.359813690185547, "raw_occupancy": 2, "timestamp": "2026-09-15 17:05:27" }, "geometry": { "type": "Point", "coordinates": [ 23.359813690185547, 42.692737579345703 ] } },
{ "type": "Feature", "properties": { "vehicle_id": "A7051", "latitude": 42.699329376220703, "longitude": 23.364841461181641, "raw_occupancy": 3, "timestamp": "2026-09-15 17:05:27" }, "geometry": { "type": "Point", "coordinates": [ 23.364841461181641, 42.699329376220703 ] } },
{ "type": "Feature", "properties": { "vehicle_id": "A7125", "latitude": 42.708595275878906, "longitude": 23.318277359008789, "raw_occupancy": 1, "timestamp": "2026-09-15 17:05:27" }, "geometry": { "type": "Point", "coordinates": [ 23.318277359008789, 42.708595275878906 ] } },
{ "type": "Feature", "properties": { "vehicle_id": "A3018", "latitude": 42.690010070800781, "longitude": 23.372587203979492, "raw_occupancy": 1, "timestamp": "2026-09-15 17:05:27" }, "geometry": { "type": "Point", "coordinates": [ 23.372587203979492, 42.690010070800781 ] } },
{ "type": "Feature", "properties": { "vehicle_id": "A1026", "latitude": 42.610939025878906, "longitude": 23.412595748901367, "raw_occupancy": 2, "timestamp": "2026-09-15 17:05:27" }, "geometry": { "type": "Point", "coordinates": [ 23.412595748901367, 42.610939025878906 ] } },
{ "type": "Feature", "properties": { "vehicle_id": "A2054", "latitude": 42.698757171630859, "longitude": 23.275691986083984, "raw_occupancy": 1, "timestamp": "2026-09-15 17:05:27" }, "geometry": { "type": "Point", "coordinates": [ 23.275691986083984, 42.698757171630859 ] } },
{ "type": "Feature", "properties": { "vehicle_id": "A2313", "latitude": 42.644515991210938, "longitude": 23.34515380859375, "raw_occupancy": 0, "timestamp": "2026-09-15 17:05:27" }, "geometry": { "type": "Point", "coordinates": [ 23.34515380859375, 42.644515991210938 ] } },
{ "type": "Feature", "properties": { "vehicle_id": "A1319", "latitude": 42.659000396728516, "longitude": 23.241794586181641, "raw_occupancy": 0, "timestamp": "2026-09-15 17:05:27" }, "geometry": { "type": "Point", "coordinates": [ 23.241794586181641, 42.659000396728516 ] } },
{ "type": "Feature", "properties": { "vehicle_id": "A2001", "latitude": 42.696285247802734, "longitude": 23.351776123046875, "raw_occupancy": 3, "timestamp": "2026-09-15 17:05:27" }, "geometry": { "type": "Point", "coordinates": [ 23.351776123046875, 42.696285247802734 ] } },
{ "type": "Feature", "properties": { "vehicle_id": "A1845", "latitude": 42.722999572753906, "longitude": 23.203712463378906, "raw_occupancy": 1, "timestamp": "2026-09-15 17:05:27" }, "geometry": { "type": "Point", "coordinates": [ 23.203712463378906, 42.722999572753906 ] } },
{ "type": "Feature", "properties": { "vehicle_id": "A3657", "latitude": 42.694129943847656, "longitude": 23.3663330078125, "raw_occupancy": 2, "timestamp": "2026-09-15 17:05:27" }, "geometry": { "type": "Point", "coordinates": [ 23.3663330078125, 42.694129943847656 ] } },
{ "type": "Feature", "properties": { "vehicle_id": "A3611", "latitude": 42.66510009765625, "longitude": 23.419803619384766, "raw_occupancy": 2, "timestamp": "2026-09-15 17:05:27" }, "geometry": { "type": "Point", "coordinates": [ 23.419803619384766, 42.66510009765625 ] } },
{ "type": "Feature", "properties": { "vehicle_id": "A7081", "latitude": 42.707939147949219, "longitude": 23.333379745483398, "raw_occupancy": 2, "timestamp": "2026-09-15 17:05:27" }, "geometry": { "type": "Point", "coordinates": [ 23.333379745483398, 42.707939147949219 ] } },
{ "type": "Feature", "properties": { "vehicle_id": "A1819", "latitude": 42.737155914306641, "longitude": 23.269937515258789, "raw_occupancy": 2, "timestamp": "2026-09-15 17:05:27" }, "geometry": { "type": "Point", "coordinates": [ 23.269937515258789, 42.737155914306641 ] } },
{ "type": "Feature", "properties": { "vehicle_id": "A3633", "latitude": 42.632770538330078, "longitude": 23.409187316894531, "raw_occupancy": 2, "timestamp": "2026-09-15 17:05:27" }, "geometry": { "type": "Point", "coordinates": [ 23.409187316894531, 42.632770538330078 ] } },
{ "type": "Feature", "properties": { "vehicle_id": "A3014", "latitude": 42.679496765136719, "longitude": 23.383998870849609, "raw_occupancy": 0, "timestamp": "2026-09-15 17:05:27" }, "geometry": { "type": "Point", "coordinates": [ 23.383998870849609, 42.679496765136719 ] } },
{ "type": "Feature", "properties": { "vehicle_id": "A7143", "latitude": 42.764701843261719, "longitude": 23.415288925170898, "raw_occupancy": 1, "timestamp": "2026-09-15 17:05:27" }, "geometry": { "type": "Point", "coordinates": [ 23.415288925170898, 42.764701843261719 ] } },
{ "type": "Feature", "properties": { "vehicle_id": "A1161", "latitude": 42.729541778564453, "longitude": 23.247280120849609, "raw_occupancy": 0, "timestamp": "2026-09-15 17:05:27" }, "geometry": { "type": "Point", "coordinates": [ 23.247280120849609, 42.729541778564453 ] } },
{ "type": "Feature", "properties": { "vehicle_id": "A2819", "latitude": 42.709133148193359, "longitude": 23.331323623657227, "raw_occupancy": 3, "timestamp": "2026-09-15 17:05:27" }, "geometry": { "type": "Point", "coordinates": [ 23.331323623657227, 42.709133148193359 ] } },
{ "type": "Feature", "properties": { "vehicle_id": "A2306", "latitude": 42.645683288574219, "longitude": 23.342126846313477, "raw_occupancy": 1, "timestamp": "2026-09-15 17:05:27" }, "geometry": { "type": "Point", "coordinates": [ 23.342126846313477, 42.645683288574219 ] } },
{ "type": "Feature", "properties": { "vehicle_id": "A2811", "latitude": 42.676734924316406, "longitude": 23.238567352294922, "raw_occupancy": 1, "timestamp": "2026-09-15 17:05:27" }, "geometry": { "type": "Point", "coordinates": [ 23.238567352294922, 42.676734924316406 ] } },
{ "type": "Feature", "properties": { "vehicle_id": "A2605", "latitude": 42.668735504150391, "longitude": 23.33021354675293, "raw_occupancy": 1, "timestamp": "2026-09-15 17:05:27" }, "geometry": { "type": "Point", "coordinates": [ 23.33021354675293, 42.668735504150391 ] } },
{ "type": "Feature", "properties": { "vehicle_id": "A3015", "latitude": 42.659008026123047, "longitude": 23.392602920532227, "raw_occupancy": 1, "timestamp": "2026-09-15 17:05:27" }, "geometry": { "type": "Point", "coordinates": [ 23.392602920532227, 42.659008026123047 ] } },
{ "type": "Feature", "properties": { "vehicle_id": "A2518", "latitude": 42.638339996337891, "longitude": 23.412437438964844, "raw_occupancy": 1, "timestamp": "2026-09-15 17:05:27" }, "geometry": { "type": "Point", "coordinates": [ 23.412437438964844, 42.638339996337891 ] } },
{ "type": "Feature", "properties": { "vehicle_id": "A3401", "latitude": 42.651939392089844, "longitude": 23.335952758789062, "raw_occupancy": 2, "timestamp": "2026-09-15 17:05:27" }, "geometry": { "type": "Point", "coordinates": [ 23.335952758789062, 42.651939392089844 ] } },
{ "type": "Feature", "properties": { "vehicle_id": "A1424", "latitude": 42.735019683837891, "longitude": 23.292289733886719, "raw_occupancy": 2, "timestamp": "2026-09-15 17:05:27" }, "geometry": { "type": "Point", "coordinates": [ 23.292289733886719, 42.735019683837891 ] } },
{ "type": "Feature", "properties": { "vehicle_id": "A2006", "latitude": 42.717350006103516, "longitude": 23.279376983642578, "raw_occupancy": 2, "timestamp": "2026-09-15 17:05:27" }, "geometry": { "type": "Point", "coordinates": [ 23.279376983642578, 42.717350006103516 ] } },
{ "type": "Feature", "properties": { "vehicle_id": "A7069", "latitude": 42.823947906494141, "longitude": 23.284299850463867, "raw_occupancy": 1, "timestamp": "2026-09-15 17:05:27" }, "geometry": { "type": "Point", "coordinates": [ 23.284299850463867, 42.823947906494141 ] } },
{ "type": "Feature", "properties": { "vehicle_id": "A1176", "latitude": 42.713417053222656, "longitude": 23.314748764038086, "raw_occupancy": 0, "timestamp": "2026-09-15 17:05:27" }, "geometry": { "type": "Point", "coordinates": [ 23.314748764038086, 42.713417053222656 ] } },
{ "type": "Feature", "properties": { "vehicle_id": "A2076", "latitude": 42.670150756835938, "longitude": 23.369661331176758, "raw_occupancy": 1, "timestamp": "2026-09-15 17:05:27" }, "geometry": { "type": "Point", "coordinates": [ 23.369661331176758, 42.670150756835938 ] } },
{ "type": "Feature", "properties": { "vehicle_id": "A3140", "latitude": 42.645767211914062, "longitude": 23.367893218994141, "raw_occupancy": 2, "timestamp": "2026-09-15 17:05:27" }, "geometry": { "type": "Point", "coordinates": [ 23.367893218994141, 42.645767211914062 ] } },
{ "type": "Feature", "properties": { "vehicle_id": "A2804", "latitude": 42.685630798339844, "longitude": 23.312040328979492, "raw_occupancy": 2, "timestamp": "2026-09-15 17:05:27" }, "geometry": { "type": "Point", "coordinates": [ 23.312040328979492, 42.685630798339844 ] } },
{ "type": "Feature", "properties": { "vehicle_id": "A3613", "latitude": 42.664028167724609, "longitude": 23.424942016601562, "raw_occupancy": 0, "timestamp": "2026-09-15 17:05:27" }, "geometry": { "type": "Point", "coordinates": [ 23.424942016601562, 42.664028167724609 ] } },
{ "type": "Feature", "properties": { "vehicle_id": "A3112", "latitude": 42.68133544921875, "longitude": 23.311330795288086, "raw_occupancy": 1, "timestamp": "2026-09-15 17:05:27" }, "geometry": { "type": "Point", "coordinates": [ 23.311330795288086, 42.68133544921875 ] } },
{ "type": "Feature", "properties": { "vehicle_id": "A7101", "latitude": 42.712947845458984, "longitude": 23.199289321899414, "raw_occupancy": 1, "timestamp": "2026-09-15 17:05:27" }, "geometry": { "type": "Point", "coordinates": [ 23.199289321899414, 42.712947845458984 ] } },
{ "type": "Feature", "properties": { "vehicle_id": "A3669", "latitude": 42.688209533691406, "longitude": 23.302906036376953, "raw_occupancy": 1, "timestamp": "2026-09-15 17:05:27" }, "geometry": { "type": "Point", "coordinates": [ 23.302906036376953, 42.688209533691406 ] } },
{ "type": "Feature", "properties": { "vehicle_id": "A3663", "latitude": 42.710609436035156, "longitude": 23.318912506103516, "raw_occupancy": 1, "timestamp": "2026-09-15 17:05:27" }, "geometry": { "type": "Point", "coordinates": [ 23.318912506103516, 42.710609436035156 ] } },
{ "type": "Feature", "properties": { "vehicle_id": "A2728", "latitude": 42.691974639892578, "longitude": 23.382804870605469, "raw_occupancy": 1, "timestamp": "2026-09-15 17:05:27" }, "geometry": { "type": "Point", "coordinates": [ 23.382804870605469, 42.691974639892578 ] } },
{ "type": "Feature", "properties": { "vehicle_id": "A3626", "latitude": 42.655769348144531, "longitude": 23.349437713623047, "raw_occupancy": 3, "timestamp": "2026-09-15 17:05:27" }, "geometry": { "type": "Point", "coordinates": [ 23.349437713623047, 42.655769348144531 ] } },
{ "type": "Feature", "properties": { "vehicle_id": "A2024", "latitude": 42.651329040527344, "longitude": 23.356985092163086, "raw_occupancy": 3, "timestamp": "2026-09-15 17:05:27" }, "geometry": { "type": "Point", "coordinates": [ 23.356985092163086, 42.651329040527344 ] } },
{ "type": "Feature", "properties": { "vehicle_id": "A2029", "latitude": 42.662376403808594, "longitude": 23.345359802246094, "raw_occupancy": 3, "timestamp": "2026-09-15 17:05:27" }, "geometry": { "type": "Point", "coordinates": [ 23.345359802246094, 42.662376403808594 ] } },
{ "type": "Feature", "properties": { "vehicle_id": "A1180", "latitude": 42.686668395996094, "longitude": 23.273506164550781, "raw_occupancy": 2, "timestamp": "2026-09-15 17:05:27" }, "geometry": { "type": "Point", "coordinates": [ 23.273506164550781, 42.686668395996094 ] } },
{ "type": "Feature", "properties": { "vehicle_id": "A7115", "latitude": 42.754878997802734, "longitude": 23.320030212402344, "raw_occupancy": 2, "timestamp": "2026-09-15 17:05:27" }, "geometry": { "type": "Point", "coordinates": [ 23.320030212402344, 42.754878997802734 ] } },
{ "type": "Feature", "properties": { "vehicle_id": "A2502", "latitude": 42.649505615234375, "longitude": 23.315460205078125, "raw_occupancy": 2, "timestamp": "2026-09-15 17:05:27" }, "geometry": { "type": "Point", "coordinates": [ 23.315460205078125, 42.649505615234375 ] } },
{ "type": "Feature", "properties": { "vehicle_id": "A1031", "latitude": 42.649513244628906, "longitude": 23.265689849853516, "raw_occupancy": 2, "timestamp": "2026-09-15 17:05:27" }, "geometry": { "type": "Point", "coordinates": [ 23.265689849853516, 42.649513244628906 ] } },
{ "type": "Feature", "properties": { "vehicle_id": "A2033", "latitude": 42.704509735107422, "longitude": 23.367071151733398, "raw_occupancy": 2, "timestamp": "2026-09-15 17:05:27" }, "geometry": { "type": "Point", "coordinates": [ 23.367071151733398, 42.704509735107422 ] } },
{ "type": "Feature", "properties": { "vehicle_id": "A1404", "latitude": 42.682411193847656, "longitude": 23.301755905151367, "raw_occupancy": 1, "timestamp": "2026-09-15 17:05:27" }, "geometry": { "type": "Point", "coordinates": [ 23.301755905151367, 42.682411193847656 ] } },
{ "type": "Feature", "properties": { "vehicle_id": "A1220", "latitude": 42.714313507080078, "longitude": 23.307016372680664, "raw_occupancy": 1, "timestamp": "2026-09-15 17:05:27" }, "geometry": { "type": "Point", "coordinates": [ 23.307016372680664, 42.714313507080078 ] } },
{ "type": "Feature", "properties": { "vehicle_id": "A2733", "latitude": 42.793056488037109, "longitude": 23.326694488525391, "raw_occupancy": 1, "timestamp": "2026-09-15 17:05:27" }, "geometry": { "type": "Point", "coordinates": [ 23.326694488525391, 42.793056488037109 ] } },
{ "type": "Feature", "properties": { "vehicle_id": "A7161", "latitude": 42.776821136474609, "longitude": 23.315080642700195, "raw_occupancy": 1, "timestamp": "2026-09-15 17:05:27" }, "geometry": { "type": "Point", "coordinates": [ 23.315080642700195, 42.776821136474609 ] } },
{ "type": "Feature", "properties": { "vehicle_id": "A7141", "latitude": 42.732101440429688, "longitude": 23.343715667724609, "raw_occupancy": 2, "timestamp": "2026-09-15 17:05:27" }, "geometry": { "type": "Point", "coordinates": [ 23.343715667724609, 42.732101440429688 ] } },
{ "type": "Feature", "properties": { "vehicle_id": "A2514", "latitude": 42.686687469482422, "longitude": 23.331979751586914, "raw_occupancy": 3, "timestamp": "2026-09-15 17:05:27" }, "geometry": { "type": "Point", "coordinates": [ 23.331979751586914, 42.686687469482422 ] } },
{ "type": "Feature", "properties": { "vehicle_id": "A2727", "latitude": 42.734111785888672, "longitude": 23.317306518554688, "raw_occupancy": 3, "timestamp": "2026-09-15 17:05:27" }, "geometry": { "type": "Point", "coordinates": [ 23.317306518554688, 42.734111785888672 ] } },
{ "type": "Feature", "properties": { "vehicle_id": "A1426", "latitude": 42.641136169433594, "longitude": 23.37312126159668, "raw_occupancy": 2, "timestamp": "2026-09-15 17:05:27" }, "geometry": { "type": "Point", "coordinates": [ 23.37312126159668, 42.641136169433594 ] } },
{ "type": "Feature", "properties": { "vehicle_id": "A1010", "latitude": 42.645748138427734, "longitude": 23.333850860595703, "raw_occupancy": 3, "timestamp": "2026-09-15 17:05:27" }, "geometry": { "type": "Point", "coordinates": [ 23.333850860595703, 42.645748138427734 ] } },
{ "type": "Feature", "properties": { "vehicle_id": "A2028", "latitude": 42.713275909423828, "longitude": 23.413764953613281, "raw_occupancy": 1, "timestamp": "2026-09-15 17:05:27" }, "geometry": { "type": "Point", "coordinates": [ 23.413764953613281, 42.713275909423828 ] } },
{ "type": "Feature", "properties": { "vehicle_id": "A1601", "latitude": 42.68975830078125, "longitude": 23.370393753051758, "raw_occupancy": 2, "timestamp": "2026-09-15 17:05:27" }, "geometry": { "type": "Point", "coordinates": [ 23.370393753051758, 42.68975830078125 ] } },
{ "type": "Feature", "properties": { "vehicle_id": "A2017", "latitude": 42.707363128662109, "longitude": 23.357381820678711, "raw_occupancy": 1, "timestamp": "2026-09-15 17:05:27" }, "geometry": { "type": "Point", "coordinates": [ 23.357381820678711, 42.707363128662109 ] } },
{ "type": "Feature", "properties": { "vehicle_id": "A7091", "latitude": 42.739570617675781, "longitude": 23.50471305847168, "raw_occupancy": 3, "timestamp": "2026-09-15 17:05:27" }, "geometry": { "type": "Point", "coordinates": [ 23.50471305847168, 42.739570617675781 ] } },
{ "type": "Feature", "properties": { "vehicle_id": "A2025", "latitude": 42.686416625976562, "longitude": 23.330110549926758, "raw_occupancy": 1, "timestamp": "2026-09-15 17:05:27" }, "geometry": { "type": "Point", "coordinates": [ 23.330110549926758, 42.686416625976562 ] } },
{ "type": "Feature", "properties": { "vehicle_id": "A2822", "latitude": 42.735099792480469, "longitude": 23.328681945800781, "raw_occupancy": 1, "timestamp": "2026-09-15 17:05:27" }, "geometry": { "type": "Point", "coordinates": [ 23.328681945800781, 42.735099792480469 ] } },
{ "type": "Feature", "properties": { "vehicle_id": "A7109", "latitude": 42.709739685058594, "longitude": 23.392482757568359, "raw_occupancy": 3, "timestamp": "2026-09-15 17:05:27" }, "geometry": { "type": "Point", "coordinates": [ 23.392482757568359, 42.709739685058594 ] } },
{ "type": "Feature", "properties": { "vehicle_id": "A3621", "latitude": 42.671649932861328, "longitude": 23.3951416015625, "raw_occupancy": 1, "timestamp": "2026-09-15 17:05:27" }, "geometry": { "type": "Point", "coordinates": [ 23.3951416015625, 42.671649932861328 ] } },
{ "type": "Feature", "properties": { "vehicle_id": "A2015", "latitude": 42.711704254150391, "longitude": 23.272619247436523, "raw_occupancy": 1, "timestamp": "2026-09-15 17:05:27" }, "geometry": { "type": "Point", "coordinates": [ 23.272619247436523, 42.711704254150391 ] } },
{ "type": "Feature", "properties": { "vehicle_id": "A7087", "latitude": 42.74176025390625, "longitude": 23.278352737426758, "raw_occupancy": 1, "timestamp": "2026-09-15 17:05:27" }, "geometry": { "type": "Point", "coordinates": [ 23.278352737426758, 42.74176025390625 ] } },
{ "type": "Feature", "properties": { "vehicle_id": "A1849", "latitude": 42.723690032958984, "longitude": 23.281108856201172, "raw_occupancy": 3, "timestamp": "2026-09-15 17:05:27" }, "geometry": { "type": "Point", "coordinates": [ 23.281108856201172, 42.723690032958984 ] } },
{ "type": "Feature", "properties": { "vehicle_id": "A7155", "latitude": 42.737899780273438, "longitude": 23.513925552368164, "raw_occupancy": 2, "timestamp": "2026-09-15 17:05:27" }, "geometry": { "type": "Point", "coordinates": [ 23.513925552368164, 42.737899780273438 ] } },
{ "type": "Feature", "properties": { "vehicle_id": "A1406", "latitude": 42.649311065673828, "longitude": 23.266664505004883, "raw_occupancy": 2, "timestamp": "2026-09-15 17:05:27" }, "geometry": { "type": "Point", "coordinates": [ 23.266664505004883, 42.649311065673828 ] } },
{ "type": "Feature", "properties": { "vehicle_id": "A1859", "latitude": 42.691009521484375, "longitude": 23.312030792236328, "raw_occupancy": 1, "timestamp": "2026-09-15 17:05:27" }, "geometry": { "type": "Point", "coordinates": [ 23.312030792236328, 42.691009521484375 ] } },
{ "type": "Feature", "properties": { "vehicle_id": "A3409", "latitude": 42.681461334228516, "longitude": 23.35059928894043, "raw_occupancy": 3, "timestamp": "2026-09-15 17:05:27" }, "geometry": { "type": "Point", "coordinates": [ 23.35059928894043, 42.681461334228516 ] } },
{ "type": "Feature", "properties": { "vehicle_id": "A3121", "latitude": 42.699100494384766, "longitude": 23.348047256469727, "raw_occupancy": 2, "timestamp": "2026-09-15 17:05:27" }, "geometry": { "type": "Point", "coordinates": [ 23.348047256469727, 42.699100494384766 ] } },
{ "type": "Feature", "properties": { "vehicle_id": "A3665", "latitude": 42.675140380859375, "longitude": 23.358922958374023, "raw_occupancy": 3, "timestamp": "2026-09-15 17:05:27" }, "geometry": { "type": "Point", "coordinates": [ 23.358922958374023, 42.675140380859375 ] } },
{ "type": "Feature", "properties": { "vehicle_id": "A7041", "latitude": 42.725822448730469, "longitude": 23.261022567749023, "raw_occupancy": 1, "timestamp": "2026-09-15 17:05:27" }, "geometry": { "type": "Point", "coordinates": [ 23.261022567749023, 42.725822448730469 ] } },
{ "type": "Feature", "properties": { "vehicle_id": "A2315", "latitude": 42.646945953369141, "longitude": 23.341970443725586, "raw_occupancy": 0, "timestamp": "2026-09-15 17:05:27" }, "geometry": { "type": "Point", "coordinates": [ 23.341970443725586, 42.646945953369141 ] } },
{ "type": "Feature", "properties": { "vehicle_id": "A3404", "latitude": 42.643093109130859, "longitude": 23.334262847900391, "raw_occupancy": 1, "timestamp": "2026-09-15 17:05:27" }, "geometry": { "type": "Point", "coordinates": [ 23.334262847900391, 42.643093109130859 ] } },
{ "type": "Feature", "properties": { "vehicle_id": "A3606", "latitude": 42.65057373046875, "longitude": 23.376625061035156, "raw_occupancy": 1, "timestamp": "2026-09-15 17:05:27" }, "geometry": { "type": "Point", "coordinates": [ 23.376625061035156, 42.65057373046875 ] } },
{ "type": "Feature", "properties": { "vehicle_id": "A7053", "latitude": 42.751491546630859, "longitude": 23.557653427124023, "raw_occupancy": 2, "timestamp": "2026-09-15 17:05:27" }, "geometry": { "type": "Point", "coordinates": [ 23.557653427124023, 42.751491546630859 ] } },
{ "type": "Feature", "properties": { "vehicle_id": "A2069", "latitude": 42.656944274902344, "longitude": 23.385166168212891, "raw_occupancy": 2, "timestamp": "2026-09-15 17:05:27" }, "geometry": { "type": "Point", "coordinates": [ 23.385166168212891, 42.656944274902344 ] } },
{ "type": "Feature", "properties": { "vehicle_id": "A7065", "latitude": 42.708301544189453, "longitude": 23.312967300415039, "raw_occupancy": 1, "timestamp": "2026-09-15 17:05:27" }, "geometry": { "type": "Point", "coordinates": [ 23.312967300415039, 42.708301544189453 ] } },
{ "type": "Feature", "properties": { "vehicle_id": "A7063", "latitude": 42.730178833007812, "longitude": 23.255825042724609, "raw_occupancy": 3, "timestamp": "2026-09-15 17:05:27" }, "geometry": { "type": "Point", "coordinates": [ 23.255825042724609, 42.730178833007812 ] } },
{ "type": "Feature", "properties": { "vehicle_id": "A1871", "latitude": 42.651695251464844, "longitude": 23.220966339111328, "raw_occupancy": 3, "timestamp": "2026-09-15 17:05:27" }, "geometry": { "type": "Point", "coordinates": [ 23.220966339111328, 42.651695251464844 ] } },
{ "type": "Feature", "properties": { "vehicle_id": "A1187", "latitude": 42.731784820556641, "longitude": 23.285539627075195, "raw_occupancy": 2, "timestamp": "2026-09-15 17:05:27" }, "geometry": { "type": "Point", "coordinates": [ 23.285539627075195, 42.731784820556641 ] } },
{ "type": "Feature", "properties": { "vehicle_id": "A7085", "latitude": 42.704746246337891, "longitude": 23.492181777954102, "raw_occupancy": 1, "timestamp": "2026-09-15 17:05:27" }, "geometry": { "type": "Point", "coordinates": [ 23.492181777954102, 42.704746246337891 ] } },
{ "type": "Feature", "properties": { "vehicle_id": "A7093", "latitude": 42.721073150634766, "longitude": 23.240571975708008, "raw_occupancy": 2, "timestamp": "2026-09-15 17:05:27" }, "geometry": { "type": "Point", "coordinates": [ 23.240571975708008, 42.721073150634766 ] } },
{ "type": "Feature", "properties": { "vehicle_id": "A3102", "latitude": 42.704647064208984, "longitude": 23.334257125854492, "raw_occupancy": 2, "timestamp": "2026-09-15 17:05:27" }, "geometry": { "type": "Point", "coordinates": [ 23.334257125854492, 42.704647064208984 ] } },
{ "type": "Feature", "properties": { "vehicle_id": "A1170", "latitude": 42.732242584228516, "longitude": 23.312347412109375, "raw_occupancy": 1, "timestamp": "2026-09-15 17:05:27" }, "geometry": { "type": "Point", "coordinates": [ 23.312347412109375, 42.732242584228516 ] } },
{ "type": "Feature", "properties": { "vehicle_id": "A3117", "latitude": 42.661930084228516, "longitude": 23.29547119140625, "raw_occupancy": 0, "timestamp": "2026-09-15 17:05:27" }, "geometry": { "type": "Point", "coordinates": [ 23.29547119140625, 42.661930084228516 ] } },
{ "type": "Feature", "properties": { "vehicle_id": "A7043", "latitude": 42.736522674560547, "longitude": 23.317520141601562, "raw_occupancy": 2, "timestamp": "2026-09-15 17:05:27" }, "geometry": { "type": "Point", "coordinates": [ 23.317520141601562, 42.736522674560547 ] } },
{ "type": "Feature", "properties": { "vehicle_id": "A3656", "latitude": 42.697059631347656, "longitude": 23.354621887207031, "raw_occupancy": 3, "timestamp": "2026-09-15 17:05:27" }, "geometry": { "type": "Point", "coordinates": [ 23.354621887207031, 42.697059631347656 ] } },
{ "type": "Feature", "properties": { "vehicle_id": "A1186", "latitude": 42.662509918212891, "longitude": 23.345260620117188, "raw_occupancy": 2, "timestamp": "2026-09-15 17:05:27" }, "geometry": { "type": "Point", "coordinates": [ 23.345260620117188, 42.662509918212891 ] } },
{ "type": "Feature", "properties": { "vehicle_id": "A2003", "latitude": 42.718296051025391, "longitude": 23.239992141723633, "raw_occupancy": 0, "timestamp": "2026-09-15 17:05:27" }, "geometry": { "type": "Point", "coordinates": [ 23.239992141723633, 42.718296051025391 ] } },
{ "type": "Feature", "properties": { "vehicle_id": "A1606", "latitude": 42.659389495849609, "longitude": 23.267095565795898, "raw_occupancy": 2, "timestamp": "2026-09-15 17:05:27" }, "geometry": { "type": "Point", "coordinates": [ 23.267095565795898, 42.659389495849609 ] } },
{ "type": "Feature", "properties": { "vehicle_id": "A3133", "latitude": 42.704513549804688, "longitude": 23.325071334838867, "raw_occupancy": 2, "timestamp": "2026-09-15 17:05:27" }, "geometry": { "type": "Point", "coordinates": [ 23.325071334838867, 42.704513549804688 ] } },
{ "type": "Feature", "properties": { "vehicle_id": "A3625", "latitude": 42.656909942626953, "longitude": 23.465608596801758, "raw_occupancy": 1, "timestamp": "2026-09-15 17:05:27" }, "geometry": { "type": "Point", "coordinates": [ 23.465608596801758, 42.656909942626953 ] } },
{ "type": "Feature", "properties": { "vehicle_id": "A2012", "latitude": 42.712203979492188, "longitude": 23.380084991455078, "raw_occupancy": 1, "timestamp": "2026-09-15 17:05:27" }, "geometry": { "type": "Point", "coordinates": [ 23.380084991455078, 42.712203979492188 ] } },
{ "type": "Feature", "properties": { "vehicle_id": "A3150", "latitude": 42.661651611328125, "longitude": 23.391365051269531, "raw_occupancy": 1, "timestamp": "2026-09-15 17:05:27" }, "geometry": { "type": "Point", "coordinates": [ 23.391365051269531, 42.661651611328125 ] } },
{ "type": "Feature", "properties": { "vehicle_id": "A3101", "latitude": 42.704952239990234, "longitude": 23.333820343017578, "raw_occupancy": 1, "timestamp": "2026-09-15 17:05:27" }, "geometry": { "type": "Point", "coordinates": [ 23.333820343017578, 42.704952239990234 ] } },
{ "type": "Feature", "properties": { "vehicle_id": "A1216", "latitude": 42.742046356201172, "longitude": 23.277952194213867, "raw_occupancy": 1, "timestamp": "2026-09-15 17:05:27" }, "geometry": { "type": "Point", "coordinates": [ 23.277952194213867, 42.742046356201172 ] } },
{ "type": "Feature", "properties": { "vehicle_id": "A7191", "latitude": 42.768939971923828, "longitude": 23.405553817749023, "raw_occupancy": 0, "timestamp": "2026-09-15 17:05:27" }, "geometry": { "type": "Point", "coordinates": [ 23.405553817749023, 42.768939971923828 ] } },
{ "type": "Feature", "properties": { "vehicle_id": "A3114", "latitude": 42.667564392089844, "longitude": 23.385732650756836, "raw_occupancy": 1, "timestamp": "2026-09-15 17:05:27" }, "geometry": { "type": "Point", "coordinates": [ 23.385732650756836, 42.667564392089844 ] } },
{ "type": "Feature", "properties": { "vehicle_id": "A3104", "latitude": 42.635353088378906, "longitude": 23.372766494750977, "raw_occupancy": 0, "timestamp": "2026-09-15 17:05:27" }, "geometry": { "type": "Point", "coordinates": [ 23.372766494750977, 42.635353088378906 ] } },
{ "type": "Feature", "properties": { "vehicle_id": "A1215", "latitude": 42.639198303222656, "longitude": 23.373023986816406, "raw_occupancy": 1, "timestamp": "2026-09-15 17:05:27" }, "geometry": { "type": "Point", "coordinates": [ 23.373023986816406, 42.639198303222656 ] } },
{ "type": "Feature", "properties": { "vehicle_id": "A3608", "latitude": 42.607566833496094, "longitude": 23.3675537109375, "raw_occupancy": 1, "timestamp": "2026-09-15 17:05:27" }, "geometry": { "type": "Point", "coordinates": [ 23.3675537109375, 42.607566833496094 ] } },
{ "type": "Feature", "properties": { "vehicle_id": "A7071", "latitude": 42.726467132568359, "longitude": 23.261415481567383, "raw_occupancy": 2, "timestamp": "2026-09-15 17:05:27" }, "geometry": { "type": "Point", "coordinates": [ 23.261415481567383, 42.726467132568359 ] } },
{ "type": "Feature", "properties": { "vehicle_id": "A7123", "latitude": 42.786766052246094, "longitude": 23.519615173339844, "raw_occupancy": 0, "timestamp": "2026-09-15 17:05:27" }, "geometry": { "type": "Point", "coordinates": [ 23.519615173339844, 42.786766052246094 ] } },
{ "type": "Feature", "properties": { "vehicle_id": "A2507", "latitude": 42.692390441894531, "longitude": 23.343862533569336, "raw_occupancy": 3, "timestamp": "2026-09-15 17:05:27" }, "geometry": { "type": "Point", "coordinates": [ 23.343862533569336, 42.692390441894531 ] } },
{ "type": "Feature", "properties": { "vehicle_id": "A1174", "latitude": 42.641201019287109, "longitude": 23.313112258911133, "raw_occupancy": 0, "timestamp": "2026-09-15 17:05:27" }, "geometry": { "type": "Point", "coordinates": [ 23.313112258911133, 42.641201019287109 ] } },
{ "type": "Feature", "properties": { "vehicle_id": "A2309", "latitude": 42.653694152832031, "longitude": 23.342859268188477, "raw_occupancy": 2, "timestamp": "2026-09-15 17:05:27" }, "geometry": { "type": "Point", "coordinates": [ 23.342859268188477, 42.653694152832031 ] } },
{ "type": "Feature", "properties": { "vehicle_id": "A1025", "latitude": 42.666740417480469, "longitude": 23.26609992980957, "raw_occupancy": 5, "timestamp": "2026-09-15 17:05:27" }, "geometry": { "type": "Point", "coordinates": [ 23.26609992980957, 42.666740417480469 ] } },
{ "type": "Feature", "properties": { "vehicle_id": "A3147", "latitude": 42.683860778808594, "longitude": 23.322185516357422, "raw_occupancy": 2, "timestamp": "2026-09-15 17:05:27" }, "geometry": { "type": "Point", "coordinates": [ 23.322185516357422, 42.683860778808594 ] } },
{ "type": "Feature", "properties": { "vehicle_id": "A7165", "latitude": 42.705413818359375, "longitude": 23.385305404663086, "raw_occupancy": 1, "timestamp": "2026-09-15 17:05:27" }, "geometry": { "type": "Point", "coordinates": [ 23.385305404663086, 42.705413818359375 ] } },
{ "type": "Feature", "properties": { "vehicle_id": "A3662", "latitude": 42.674083709716797, "longitude": 23.337581634521484, "raw_occupancy": 1, "timestamp": "2026-09-15 17:05:27" }, "geometry": { "type": "Point", "coordinates": [ 23.337581634521484, 42.674083709716797 ] } },
{ "type": "Feature", "properties": { "vehicle_id": "A1608", "latitude": 42.651386260986328, "longitude": 23.405843734741211, "raw_occupancy": 2, "timestamp": "2026-09-15 17:05:27" }, "geometry": { "type": "Point", "coordinates": [ 23.405843734741211, 42.651386260986328 ] } },
{ "type": "Feature", "properties": { "vehicle_id": "A1188", "latitude": 42.645263671875, "longitude": 23.3336181640625, "raw_occupancy": 1, "timestamp": "2026-09-15 17:05:27" }, "geometry": { "type": "Point", "coordinates": [ 23.3336181640625, 42.645263671875 ] } },
{ "type": "Feature", "properties": { "vehicle_id": "A7189", "latitude": 42.782009124755859, "longitude": 23.384355545043945, "raw_occupancy": 0, "timestamp": "2026-09-15 17:05:27" }, "geometry": { "type": "Point", "coordinates": [ 23.384355545043945, 42.782009124755859 ] } },
{ "type": "Feature", "properties": { "vehicle_id": "A7135", "latitude": 42.795951843261719, "longitude": 23.267494201660156, "raw_occupancy": 1, "timestamp": "2026-09-15 17:05:27" }, "geometry": { "type": "Point", "coordinates": [ 23.267494201660156, 42.795951843261719 ] } },
{ "type": "Feature", "properties": { "vehicle_id": "A3654", "latitude": 42.663219451904297, "longitude": 23.357015609741211, "raw_occupancy": 1, "timestamp": "2026-09-15 17:05:27" }, "geometry": { "type": "Point", "coordinates": [ 23.357015609741211, 42.663219451904297 ] } },
{ "type": "Feature", "properties": { "vehicle_id": "A1181", "latitude": 42.731426239013672, "longitude": 23.313329696655273, "raw_occupancy": 0, "timestamp": "2026-09-15 17:05:27" }, "geometry": { "type": "Point", "coordinates": [ 23.313329696655273, 42.731426239013672 ] } },
{ "type": "Feature", "properties": { "vehicle_id": "A2070", "latitude": 42.598358154296875, "longitude": 23.500822067260742, "raw_occupancy": 1, "timestamp": "2026-09-15 17:05:27" }, "geometry": { "type": "Point", "coordinates": [ 23.500822067260742, 42.598358154296875 ] } },
{ "type": "Feature", "properties": { "vehicle_id": "A1841", "latitude": 42.690883636474609, "longitude": 23.230270385742188, "raw_occupancy": 4, "timestamp": "2026-09-15 17:05:27" }, "geometry": { "type": "Point", "coordinates": [ 23.230270385742188, 42.690883636474609 ] } },
{ "type": "Feature", "properties": { "vehicle_id": "A3107", "latitude": 42.631404876708984, "longitude": 23.375030517578125, "raw_occupancy": 1, "timestamp": "2026-09-15 17:05:27" }, "geometry": { "type": "Point", "coordinates": [ 23.375030517578125, 42.631404876708984 ] } },
{ "type": "Feature", "properties": { "vehicle_id": "A3142", "latitude": 42.653045654296875, "longitude": 23.380210876464844, "raw_occupancy": 3, "timestamp": "2026-09-15 17:05:27" }, "geometry": { "type": "Point", "coordinates": [ 23.380210876464844, 42.653045654296875 ] } },
{ "type": "Feature", "properties": { "vehicle_id": "A1219", "latitude": 42.700183868408203, "longitude": 23.125377655029297, "raw_occupancy": 1, "timestamp": "2026-09-15 17:05:27" }, "geometry": { "type": "Point", "coordinates": [ 23.125377655029297, 42.700183868408203 ] } },
{ "type": "Feature", "properties": { "vehicle_id": "A3312", "latitude": 42.651088714599609, "longitude": 23.378837585449219, "raw_occupancy": 3, "timestamp": "2026-09-15 17:05:27" }, "geometry": { "type": "Point", "coordinates": [ 23.378837585449219, 42.651088714599609 ] } },
{ "type": "Feature", "properties": { "vehicle_id": "A3627", "latitude": 42.679477691650391, "longitude": 23.400079727172852, "raw_occupancy": 1, "timestamp": "2026-09-15 17:05:27" }, "geometry": { "type": "Point", "coordinates": [ 23.400079727172852, 42.679477691650391 ] } },
{ "type": "Feature", "properties": { "vehicle_id": "A2079", "latitude": 42.606563568115234, "longitude": 23.347013473510742, "raw_occupancy": 1, "timestamp": "2026-09-15 17:05:27" }, "geometry": { "type": "Point", "coordinates": [ 23.347013473510742, 42.606563568115234 ] } },
{ "type": "Feature", "properties": { "vehicle_id": "A3617", "latitude": 42.663360595703125, "longitude": 23.415756225585938, "raw_occupancy": 0, "timestamp": "2026-09-15 17:05:27" }, "geometry": { "type": "Point", "coordinates": [ 23.415756225585938, 42.663360595703125 ] } },
{ "type": "Feature", "properties": { "vehicle_id": "A1402", "latitude": 42.723247528076172, "longitude": 23.258373260498047, "raw_occupancy": 1, "timestamp": "2026-09-15 17:05:27" }, "geometry": { "type": "Point", "coordinates": [ 23.258373260498047, 42.723247528076172 ] } },
{ "type": "Feature", "properties": { "vehicle_id": "A2300", "latitude": 42.706497192382812, "longitude": 23.34977912902832, "raw_occupancy": 1, "timestamp": "2026-09-15 17:05:27" }, "geometry": { "type": "Point", "coordinates": [ 23.34977912902832, 42.706497192382812 ] } },
{ "type": "Feature", "properties": { "vehicle_id": "A2038", "latitude": 42.651439666748047, "longitude": 23.342376708984375, "raw_occupancy": 2, "timestamp": "2026-09-15 17:05:27" }, "geometry": { "type": "Point", "coordinates": [ 23.342376708984375, 42.651439666748047 ] } },
{ "type": "Feature", "properties": { "vehicle_id": "A7187", "latitude": 42.715476989746094, "longitude": 23.348182678222656, "raw_occupancy": 0, "timestamp": "2026-09-15 17:05:27" }, "geometry": { "type": "Point", "coordinates": [ 23.348182678222656, 42.715476989746094 ] } },
{ "type": "Feature", "properties": { "vehicle_id": "A3106", "latitude": 42.651405334472656, "longitude": 23.357725143432617, "raw_occupancy": 1, "timestamp": "2026-09-15 17:05:27" }, "geometry": { "type": "Point", "coordinates": [ 23.357725143432617, 42.651405334472656 ] } },
{ "type": "Feature", "properties": { "vehicle_id": "A3141", "latitude": 42.666221618652344, "longitude": 23.285171508789062, "raw_occupancy": 2, "timestamp": "2026-09-15 17:05:27" }, "geometry": { "type": "Point", "coordinates": [ 23.285171508789062, 42.666221618652344 ] } },
{ "type": "Feature", "properties": { "vehicle_id": "A7073", "latitude": 42.708751678466797, "longitude": 23.38401985168457, "raw_occupancy": 1, "timestamp": "2026-09-15 17:05:27" }, "geometry": { "type": "Point", "coordinates": [ 23.38401985168457, 42.708751678466797 ] } },
{ "type": "Feature", "properties": { "vehicle_id": "A3156", "latitude": 42.675048828125, "longitude": 23.359146118164062, "raw_occupancy": 3, "timestamp": "2026-09-15 17:05:27" }, "geometry": { "type": "Point", "coordinates": [ 23.359146118164062, 42.675048828125 ] } },
{ "type": "Feature", "properties": { "vehicle_id": "A2045", "latitude": 42.705108642578125, "longitude": 23.324851989746094, "raw_occupancy": 2, "timestamp": "2026-09-15 17:05:27" }, "geometry": { "type": "Point", "coordinates": [ 23.324851989746094, 42.705108642578125 ] } },
{ "type": "Feature", "properties": { "vehicle_id": "A1853", "latitude": 42.737014770507812, "longitude": 23.243844985961914, "raw_occupancy": 3, "timestamp": "2026-09-15 17:05:27" }, "geometry": { "type": "Point", "coordinates": [ 23.243844985961914, 42.737014770507812 ] } },
{ "type": "Feature", "properties": { "vehicle_id": "A2042", "latitude": 42.678302764892578, "longitude": 23.322633743286133, "raw_occupancy": 2, "timestamp": "2026-09-15 17:05:27" }, "geometry": { "type": "Point", "coordinates": [ 23.322633743286133, 42.678302764892578 ] } },
{ "type": "Feature", "properties": { "vehicle_id": "A1837", "latitude": 42.751724243164062, "longitude": 23.275089263916016, "raw_occupancy": 2, "timestamp": "2026-09-15 17:05:27" }, "geometry": { "type": "Point", "coordinates": [ 23.275089263916016, 42.751724243164062 ] } },
{ "type": "Feature", "properties": { "vehicle_id": "A1208", "latitude": 42.658889770507812, "longitude": 23.316493988037109, "raw_occupancy": 2, "timestamp": "2026-09-15 17:05:27" }, "geometry": { "type": "Point", "coordinates": [ 23.316493988037109, 42.658889770507812 ] } },
{ "type": "Feature", "properties": { "vehicle_id": "A1861", "latitude": 42.715084075927734, "longitude": 23.250389099121094, "raw_occupancy": 2, "timestamp": "2026-09-15 17:05:27" }, "geometry": { "type": "Point", "coordinates": [ 23.250389099121094, 42.715084075927734 ] } },
{ "type": "Feature", "properties": { "vehicle_id": "A2018", "latitude": 42.657802581787109, "longitude": 23.349020004272461, "raw_occupancy": 2, "timestamp": "2026-09-15 17:05:27" }, "geometry": { "type": "Point", "coordinates": [ 23.349020004272461, 42.657802581787109 ] } },
{ "type": "Feature", "properties": { "vehicle_id": "A2510", "latitude": 42.653163909912109, "longitude": 23.315855026245117, "raw_occupancy": 3, "timestamp": "2026-09-15 17:05:27" }, "geometry": { "type": "Point", "coordinates": [ 23.315855026245117, 42.653163909912109 ] } },
{ "type": "Feature", "properties": { "vehicle_id": "A1617", "latitude": 42.695762634277344, "longitude": 23.287693023681641, "raw_occupancy": 3, "timestamp": "2026-09-15 17:05:27" }, "geometry": { "type": "Point", "coordinates": [ 23.287693023681641, 42.695762634277344 ] } },
{ "type": "Feature", "properties": { "vehicle_id": "A2039", "latitude": 42.704917907714844, "longitude": 23.333255767822266, "raw_occupancy": 2, "timestamp": "2026-09-15 17:05:27" }, "geometry": { "type": "Point", "coordinates": [ 23.333255767822266, 42.704917907714844 ] } },
{ "type": "Feature", "properties": { "vehicle_id": "A7185", "latitude": 42.731010437011719, "longitude": 23.569271087646484, "raw_occupancy": 0, "timestamp": "2026-09-15 17:05:27" }, "geometry": { "type": "Point", "coordinates": [ 23.569271087646484, 42.731010437011719 ] } },
{ "type": "Feature", "properties": { "vehicle_id": "A2062", "latitude": 42.686721801757812, "longitude": 23.300498962402344, "raw_occupancy": 3, "timestamp": "2026-09-15 17:05:27" }, "geometry": { "type": "Point", "coordinates": [ 23.300498962402344, 42.686721801757812 ] } },
{ "type": "Feature", "properties": { "vehicle_id": "A3159", "latitude": 42.659130096435547, "longitude": 23.382017135620117, "raw_occupancy": 3, "timestamp": "2026-09-15 17:05:27" }, "geometry": { "type": "Point", "coordinates": [ 23.382017135620117, 42.659130096435547 ] } },
{ "type": "Feature", "properties": { "vehicle_id": "A2500", "latitude": 42.693489074707031, "longitude": 23.352075576782227, "raw_occupancy": 3, "timestamp": "2026-09-15 17:05:27" }, "geometry": { "type": "Point", "coordinates": [ 23.352075576782227, 42.693489074707031 ] } },
{ "type": "Feature", "properties": { "vehicle_id": "A2722", "latitude": 42.821311950683594, "longitude": 23.260034561157227, "raw_occupancy": 0, "timestamp": "2026-09-15 17:05:27" }, "geometry": { "type": "Point", "coordinates": [ 23.260034561157227, 42.821311950683594 ] } },
{ "type": "Feature", "properties": { "vehicle_id": "A3146", "latitude": 42.680587768554688, "longitude": 23.306949615478516, "raw_occupancy": 2, "timestamp": "2026-09-15 17:05:27" }, "geometry": { "type": "Point", "coordinates": [ 23.306949615478516, 42.680587768554688 ] } },
{ "type": "Feature", "properties": { "vehicle_id": "A3149", "latitude": 42.640422821044922, "longitude": 23.413990020751953, "raw_occupancy": 1, "timestamp": "2026-09-15 17:05:27" }, "geometry": { "type": "Point", "coordinates": [ 23.413990020751953, 42.640422821044922 ] } },
{ "type": "Feature", "properties": { "vehicle_id": "A1305", "latitude": 42.602062225341797, "longitude": 23.173925399780273, "raw_occupancy": 1, "timestamp": "2026-09-15 17:05:27" }, "geometry": { "type": "Point", "coordinates": [ 23.173925399780273, 42.602062225341797 ] } },
{ "type": "Feature", "properties": { "vehicle_id": "A7157", "latitude": 42.707710266113281, "longitude": 23.401287078857422, "raw_occupancy": 2, "timestamp": "2026-09-15 17:05:27" }, "geometry": { "type": "Point", "coordinates": [ 23.401287078857422, 42.707710266113281 ] } },
{ "type": "Feature", "properties": { "vehicle_id": "A1154", "latitude": 42.64697265625, "longitude": 23.345756530761719, "raw_occupancy": 0, "timestamp": "2026-09-15 17:05:27" }, "geometry": { "type": "Point", "coordinates": [ 23.345756530761719, 42.64697265625 ] } },
{ "type": "Feature", "properties": { "vehicle_id": "A1825", "latitude": 42.695858001708984, "longitude": 23.230857849121094, "raw_occupancy": 2, "timestamp": "2026-09-15 17:05:27" }, "geometry": { "type": "Point", "coordinates": [ 23.230857849121094, 42.695858001708984 ] } },
{ "type": "Feature", "properties": { "vehicle_id": "A3153", "latitude": 42.640407562255859, "longitude": 23.412221908569336, "raw_occupancy": 0, "timestamp": "2026-09-15 17:05:27" }, "geometry": { "type": "Point", "coordinates": [ 23.412221908569336, 42.640407562255859 ] } },
{ "type": "Feature", "properties": { "vehicle_id": "A1610", "latitude": 42.639011383056641, "longitude": 23.318511962890625, "raw_occupancy": 3, "timestamp": "2026-09-15 17:05:27" }, "geometry": { "type": "Point", "coordinates": [ 23.318511962890625, 42.639011383056641 ] } },
{ "type": "Feature", "properties": { "vehicle_id": "A1231", "latitude": 42.713180541992188, "longitude": 23.299055099487305, "raw_occupancy": 2, "timestamp": "2026-09-15 17:05:27" }, "geometry": { "type": "Point", "coordinates": [ 23.299055099487305, 42.713180541992188 ] } },
{ "type": "Feature", "properties": { "vehicle_id": "A1183", "latitude": 42.674533843994141, "longitude": 23.309741973876953, "raw_occupancy": 3, "timestamp": "2026-09-15 17:05:27" }, "geometry": { "type": "Point", "coordinates": [ 23.309741973876953, 42.674533843994141 ] } },
{ "type": "Feature", "properties": { "vehicle_id": "A3652", "latitude": 42.491794586181641, "longitude": 23.379571914672852, "raw_occupancy": 0, "timestamp": "2026-09-15 17:05:27" }, "geometry": { "type": "Point", "coordinates": [ 23.379571914672852, 42.491794586181641 ] } },
{ "type": "Feature", "properties": { "vehicle_id": "A2037", "latitude": 42.687973022460938, "longitude": 23.328750610351562, "raw_occupancy": 1, "timestamp": "2026-09-15 17:05:27" }, "geometry": { "type": "Point", "coordinates": [ 23.328750610351562, 42.687973022460938 ] } },
{ "type": "Feature", "properties": { "vehicle_id": "A3663", "latitude": 42.709201812744141, "longitude": 23.322549819946289, "raw_occupancy": 1, "timestamp": "2026-09-15 17:05:27" }, "geometry": { "type": "Point", "coordinates": [ 23.322549819946289, 42.709201812744141 ] } },
{ "type": "Feature", "properties": { "vehicle_id": "A2815", "latitude": 42.703800201416016, "longitude": 23.355384826660156, "raw_occupancy": 1, "timestamp": "2026-09-15 17:05:27" }, "geometry": { "type": "Point", "coordinates": [ 23.355384826660156, 42.703800201416016 ] } },
{ "type": "Feature", "properties": { "vehicle_id": "A3601", "latitude": 42.663345336914062, "longitude": 23.413921356201172, "raw_occupancy": 1, "timestamp": "2026-09-15 17:05:27" }, "geometry": { "type": "Point", "coordinates": [ 23.413921356201172, 42.663345336914062 ] } },
{ "type": "Feature", "properties": { "vehicle_id": "A3659", "latitude": 42.665760040283203, "longitude": 23.372604370117188, "raw_occupancy": 4, "timestamp": "2026-09-15 17:05:27" }, "geometry": { "type": "Point", "coordinates": [ 23.372604370117188, 42.665760040283203 ] } },
{ "type": "Feature", "properties": { "vehicle_id": "A1809", "latitude": 42.720508575439453, "longitude": 23.255464553833008, "raw_occupancy": 2, "timestamp": "2026-09-15 17:05:27" }, "geometry": { "type": "Point", "coordinates": [ 23.255464553833008, 42.720508575439453 ] } },
{ "type": "Feature", "properties": { "vehicle_id": "A3143", "latitude": 42.64849853515625, "longitude": 23.409936904907227, "raw_occupancy": 2, "timestamp": "2026-09-15 17:05:27" }, "geometry": { "type": "Point", "coordinates": [ 23.409936904907227, 42.64849853515625 ] } },
{ "type": "Feature", "properties": { "vehicle_id": "A7097", "latitude": 42.744346618652344, "longitude": 23.347743988037109, "raw_occupancy": 3, "timestamp": "2026-09-15 17:05:27" }, "geometry": { "type": "Point", "coordinates": [ 23.347743988037109, 42.744346618652344 ] } },
{ "type": "Feature", "properties": { "vehicle_id": "A2810", "latitude": 42.705902099609375, "longitude": 23.317644119262695, "raw_occupancy": 1, "timestamp": "2026-09-15 17:05:27" }, "geometry": { "type": "Point", "coordinates": [ 23.317644119262695, 42.705902099609375 ] } },
{ "type": "Feature", "properties": { "vehicle_id": "A2087", "latitude": 42.742244720458984, "longitude": 23.277780532836914, "raw_occupancy": 1, "timestamp": "2026-09-15 17:05:27" }, "geometry": { "type": "Point", "coordinates": [ 23.277780532836914, 42.742244720458984 ] } },
{ "type": "Feature", "properties": { "vehicle_id": "A3651", "latitude": 42.582630157470703, "longitude": 23.424116134643555, "raw_occupancy": 1, "timestamp": "2026-09-15 17:05:27" }, "geometry": { "type": "Point", "coordinates": [ 23.424116134643555, 42.582630157470703 ] } },
{ "type": "Feature", "properties": { "vehicle_id": "A1807", "latitude": 42.69384765625, "longitude": 23.183124542236328, "raw_occupancy": 1, "timestamp": "2026-09-15 17:05:27" }, "geometry": { "type": "Point", "coordinates": [ 23.183124542236328, 42.69384765625 ] } },
{ "type": "Feature", "properties": { "vehicle_id": "A3124", "latitude": 42.662429809570312, "longitude": 23.376951217651367, "raw_occupancy": 2, "timestamp": "2026-09-15 17:05:27" }, "geometry": { "type": "Point", "coordinates": [ 23.376951217651367, 42.662429809570312 ] } },
{ "type": "Feature", "properties": { "vehicle_id": "A2318", "latitude": 42.667331695556641, "longitude": 23.365625381469727, "raw_occupancy": 1, "timestamp": "2026-09-15 17:05:27" }, "geometry": { "type": "Point", "coordinates": [ 23.365625381469727, 42.667331695556641 ] } },
{ "type": "Feature", "properties": { "vehicle_id": "A1117", "latitude": 42.763153076171875, "longitude": 23.1983642578125, "raw_occupancy": 1, "timestamp": "2026-09-15 17:05:27" }, "geometry": { "type": "Point", "coordinates": [ 23.1983642578125, 42.763153076171875 ] } },
{ "type": "Feature", "properties": { "vehicle_id": "A2317", "latitude": 42.690818786621094, "longitude": 23.337532043457031, "raw_occupancy": 1, "timestamp": "2026-09-15 17:05:27" }, "geometry": { "type": "Point", "coordinates": [ 23.337532043457031, 42.690818786621094 ] } },
{ "type": "Feature", "properties": { "vehicle_id": "A2301", "latitude": 42.662532806396484, "longitude": 23.358306884765625, "raw_occupancy": 2, "timestamp": "2026-09-15 17:05:27" }, "geometry": { "type": "Point", "coordinates": [ 23.358306884765625, 42.662532806396484 ] } },
{ "type": "Feature", "properties": { "vehicle_id": "A3402", "latitude": 42.622406005859375, "longitude": 23.33306884765625, "raw_occupancy": 1, "timestamp": "2026-09-15 17:05:27" }, "geometry": { "type": "Point", "coordinates": [ 23.33306884765625, 42.622406005859375 ] } },
{ "type": "Feature", "properties": { "vehicle_id": "A3650", "latitude": 42.613563537597656, "longitude": 23.363803863525391, "raw_occupancy": 3, "timestamp": "2026-09-15 17:05:27" }, "geometry": { "type": "Point", "coordinates": [ 23.363803863525391, 42.613563537597656 ] } },
{ "type": "Feature", "properties": { "vehicle_id": "A7137", "latitude": 42.717067718505859, "longitude": 23.353507995605469, "raw_occupancy": 3, "timestamp": "2026-09-15 17:05:27" }, "geometry": { "type": "Point", "coordinates": [ 23.353507995605469, 42.717067718505859 ] } },
{ "type": "Feature", "properties": { "vehicle_id": "A1125", "latitude": 42.735576629638672, "longitude": 23.246328353881836, "raw_occupancy": 2, "timestamp": "2026-09-15 17:05:27" }, "geometry": { "type": "Point", "coordinates": [ 23.246328353881836, 42.735576629638672 ] } },
{ "type": "Feature", "properties": { "vehicle_id": "A7169", "latitude": 42.784961700439453, "longitude": 23.504497528076172, "raw_occupancy": 1, "timestamp": "2026-09-15 17:05:27" }, "geometry": { "type": "Point", "coordinates": [ 23.504497528076172, 42.784961700439453 ] } },
{ "type": "Feature", "properties": { "vehicle_id": "A2035", "latitude": 42.672916412353516, "longitude": 23.335685729980469, "raw_occupancy": 3, "timestamp": "2026-09-15 17:05:27" }, "geometry": { "type": "Point", "coordinates": [ 23.335685729980469, 42.672916412353516 ] } },
{ "type": "Feature", "properties": { "vehicle_id": "A2060", "latitude": 42.611183166503906, "longitude": 23.399469375610352, "raw_occupancy": 4, "timestamp": "2026-09-15 17:05:27" }, "geometry": { "type": "Point", "coordinates": [ 23.399469375610352, 42.611183166503906 ] } },
{ "type": "Feature", "properties": { "vehicle_id": "A1205", "latitude": 42.623085021972656, "longitude": 23.370990753173828, "raw_occupancy": 2, "timestamp": "2026-09-15 17:05:27" }, "geometry": { "type": "Point", "coordinates": [ 23.370990753173828, 42.623085021972656 ] } },
{ "type": "Feature", "properties": { "vehicle_id": "A1127", "latitude": 42.763126373291016, "longitude": 23.198102951049805, "raw_occupancy": 1, "timestamp": "2026-09-15 17:05:27" }, "geometry": { "type": "Point", "coordinates": [ 23.198102951049805, 42.763126373291016 ] } },
{ "type": "Feature", "properties": { "vehicle_id": "A3319", "latitude": 42.640148162841797, "longitude": 23.374855041503906, "raw_occupancy": 2, "timestamp": "2026-09-15 17:05:27" }, "geometry": { "type": "Point", "coordinates": [ 23.374855041503906, 42.640148162841797 ] } },
{ "type": "Feature", "properties": { "vehicle_id": "A3016", "latitude": 42.694061279296875, "longitude": 23.34718132019043, "raw_occupancy": 2, "timestamp": "2026-09-15 17:05:27" }, "geometry": { "type": "Point", "coordinates": [ 23.34718132019043, 42.694061279296875 ] } },
{ "type": "Feature", "properties": { "vehicle_id": "A3664", "latitude": 42.681766510009766, "longitude": 23.301521301269531, "raw_occupancy": 2, "timestamp": "2026-09-15 17:05:27" }, "geometry": { "type": "Point", "coordinates": [ 23.301521301269531, 42.681766510009766 ] } },
{ "type": "Feature", "properties": { "vehicle_id": "A2823", "latitude": 42.663642883300781, "longitude": 23.246337890625, "raw_occupancy": 1, "timestamp": "2026-09-15 17:05:27" }, "geometry": { "type": "Point", "coordinates": [ 23.246337890625, 42.663642883300781 ] } },
{ "type": "Feature", "properties": { "vehicle_id": "A1184", "latitude": 42.677001953125, "longitude": 23.303289413452148, "raw_occupancy": 3, "timestamp": "2026-09-15 17:05:27" }, "geometry": { "type": "Point", "coordinates": [ 23.303289413452148, 42.677001953125 ] } },
{ "type": "Feature", "properties": { "vehicle_id": "A2086", "latitude": 42.714279174804688, "longitude": 23.313360214233398, "raw_occupancy": 1, "timestamp": "2026-09-15 17:05:27" }, "geometry": { "type": "Point", "coordinates": [ 23.313360214233398, 42.714279174804688 ] } },
{ "type": "Feature", "properties": { "vehicle_id": "A1211", "latitude": 42.704517364501953, "longitude": 23.285238265991211, "raw_occupancy": 2, "timestamp": "2026-09-15 17:05:27" }, "geometry": { "type": "Point", "coordinates": [ 23.285238265991211, 42.704517364501953 ] } },
{ "type": "Feature", "properties": { "vehicle_id": "A7147", "latitude": 42.756668090820312, "longitude": 23.275493621826172, "raw_occupancy": 2, "timestamp": "2026-09-15 17:05:27" }, "geometry": { "type": "Point", "coordinates": [ 23.275493621826172, 42.756668090820312 ] } },
{ "type": "Feature", "properties": { "vehicle_id": "A1821", "latitude": 42.632575988769531, "longitude": 23.335256576538086, "raw_occupancy": 0, "timestamp": "2026-09-15 17:05:27" }, "geometry": { "type": "Point", "coordinates": [ 23.335256576538086, 42.632575988769531 ] } },
{ "type": "Feature", "properties": { "vehicle_id": "A1168", "latitude": 42.657932281494141, "longitude": 23.285184860229492, "raw_occupancy": 3, "timestamp": "2026-09-15 17:05:27" }, "geometry": { "type": "Point", "coordinates": [ 23.285184860229492, 42.657932281494141 ] } },
{ "type": "Feature", "properties": { "vehicle_id": "A3655", "latitude": 42.632495880126953, "longitude": 23.333698272705078, "raw_occupancy": 2, "timestamp": "2026-09-15 17:05:27" }, "geometry": { "type": "Point", "coordinates": [ 23.333698272705078, 42.632495880126953 ] } },
{ "type": "Feature", "properties": { "vehicle_id": "A7155", "latitude": 42.736598968505859, "longitude": 23.515487670898438, "raw_occupancy": 2, "timestamp": "2026-09-15 17:05:27" }, "geometry": { "type": "Point", "coordinates": [ 23.515487670898438, 42.736598968505859 ] } },
{ "type": "Feature", "properties": { "vehicle_id": "A2501", "latitude": 42.739307403564453, "longitude": 23.294490814208984, "raw_occupancy": 1, "timestamp": "2026-09-15 17:05:27" }, "geometry": { "type": "Point", "coordinates": [ 23.294490814208984, 42.739307403564453 ] } },
{ "type": "Feature", "properties": { "vehicle_id": "A1153", "latitude": 42.706760406494141, "longitude": 23.299097061157227, "raw_occupancy": 2, "timestamp": "2026-09-15 17:05:27" }, "geometry": { "type": "Point", "coordinates": [ 23.299097061157227, 42.706760406494141 ] } },
{ "type": "Feature", "properties": { "vehicle_id": "A1169", "latitude": 42.665931701660156, "longitude": 23.301809310913086, "raw_occupancy": 1, "timestamp": "2026-09-15 17:05:27" }, "geometry": { "type": "Point", "coordinates": [ 23.301809310913086, 42.665931701660156 ] } },
{ "type": "Feature", "properties": { "vehicle_id": "A1182", "latitude": 42.659164428710938, "longitude": 23.315864562988281, "raw_occupancy": 2, "timestamp": "2026-09-15 17:05:27" }, "geometry": { "type": "Point", "coordinates": [ 23.315864562988281, 42.659164428710938 ] } },
{ "type": "Feature", "properties": { "vehicle_id": "A1163", "latitude": 42.714214324951172, "longitude": 23.230216979980469, "raw_occupancy": 1, "timestamp": "2026-09-15 17:05:27" }, "geometry": { "type": "Point", "coordinates": [ 23.230216979980469, 42.714214324951172 ] } },
{ "type": "Feature", "properties": { "vehicle_id": "A3100", "latitude": 42.705043792724609, "longitude": 23.325788497924805, "raw_occupancy": 2, "timestamp": "2026-09-15 17:05:27" }, "geometry": { "type": "Point", "coordinates": [ 23.325788497924805, 42.705043792724609 ] } },
{ "type": "Feature", "properties": { "vehicle_id": "A2050", "latitude": 42.717720031738281, "longitude": 23.278793334960938, "raw_occupancy": 3, "timestamp": "2026-09-15 17:05:27" }, "geometry": { "type": "Point", "coordinates": [ 23.278793334960938, 42.717720031738281 ] } },
{ "type": "Feature", "properties": { "vehicle_id": "A3122", "latitude": 42.651523590087891, "longitude": 23.33592414855957, "raw_occupancy": 1, "timestamp": "2026-09-15 17:05:27" }, "geometry": { "type": "Point", "coordinates": [ 23.33592414855957, 42.651523590087891 ] } },
{ "type": "Feature", "properties": { "vehicle_id": "A1803", "latitude": 42.633739471435547, "longitude": 23.194843292236328, "raw_occupancy": 0, "timestamp": "2026-09-15 17:05:27" }, "geometry": { "type": "Point", "coordinates": [ 23.194843292236328, 42.633739471435547 ] } },
{ "type": "Feature", "properties": { "vehicle_id": "A1209", "latitude": 42.673091888427734, "longitude": 23.246633529663086, "raw_occupancy": 1, "timestamp": "2026-09-15 17:05:27" }, "geometry": { "type": "Point", "coordinates": [ 23.246633529663086, 42.673091888427734 ] } },
{ "type": "Feature", "properties": { "vehicle_id": "A7103", "latitude": 42.723159790039062, "longitude": 23.306299209594727, "raw_occupancy": 4, "timestamp": "2026-09-15 17:05:27" }, "geometry": { "type": "Point", "coordinates": [ 23.306299209594727, 42.723159790039062 ] } },
{ "type": "Feature", "properties": { "vehicle_id": "A2161", "latitude": 42.704982757568359, "longitude": 23.357625961303711, "raw_occupancy": 1, "timestamp": "2026-09-15 17:05:27" }, "geometry": { "type": "Point", "coordinates": [ 23.357625961303711, 42.704982757568359 ] } },
{ "type": "Feature", "properties": { "vehicle_id": "A7171", "latitude": 42.737949371337891, "longitude": 23.264184951782227, "raw_occupancy": 2, "timestamp": "2026-09-15 17:05:27" }, "geometry": { "type": "Point", "coordinates": [ 23.264184951782227, 42.737949371337891 ] } },
{ "type": "Feature", "properties": { "vehicle_id": "A2052", "latitude": 42.671360015869141, "longitude": 23.370634078979492, "raw_occupancy": 1, "timestamp": "2026-09-15 17:05:27" }, "geometry": { "type": "Point", "coordinates": [ 23.370634078979492, 42.671360015869141 ] } },
{ "type": "Feature", "properties": { "vehicle_id": "A3154", "latitude": 42.689346313476562, "longitude": 23.338991165161133, "raw_occupancy": 1, "timestamp": "2026-09-15 17:05:27" }, "geometry": { "type": "Point", "coordinates": [ 23.338991165161133, 42.689346313476562 ] } },
{ "type": "Feature", "properties": { "vehicle_id": "A1607", "latitude": 42.695640563964844, "longitude": 23.286623001098633, "raw_occupancy": 2, "timestamp": "2026-09-15 17:05:27" }, "geometry": { "type": "Point", "coordinates": [ 23.286623001098633, 42.695640563964844 ] } },
{ "type": "Feature", "properties": { "vehicle_id": "A3403", "latitude": 42.661598205566406, "longitude": 23.316898345947266, "raw_occupancy": 1, "timestamp": "2026-09-15 17:05:27" }, "geometry": { "type": "Point", "coordinates": [ 23.316898345947266, 42.661598205566406 ] } },
{ "type": "Feature", "properties": { "vehicle_id": "A3119", "latitude": 42.642688751220703, "longitude": 23.33445930480957, "raw_occupancy": 2, "timestamp": "2026-09-15 17:05:27" }, "geometry": { "type": "Point", "coordinates": [ 23.33445930480957, 42.642688751220703 ] } },
{ "type": "Feature", "properties": { "vehicle_id": "A2817", "latitude": 42.737087249755859, "longitude": 23.338506698608398, "raw_occupancy": 1, "timestamp": "2026-09-15 17:05:27" }, "geometry": { "type": "Point", "coordinates": [ 23.338506698608398, 42.737087249755859 ] } },
{ "type": "Feature", "properties": { "vehicle_id": "A1857", "latitude": 42.622901916503906, "longitude": 23.190572738647461, "raw_occupancy": 1, "timestamp": "2026-09-15 17:05:27" }, "geometry": { "type": "Point", "coordinates": [ 23.190572738647461, 42.622901916503906 ] } },
{ "type": "Feature", "properties": { "vehicle_id": "A2061", "latitude": 42.705028533935547, "longitude": 23.318656921386719, "raw_occupancy": 1, "timestamp": "2026-09-15 17:05:27" }, "geometry": { "type": "Point", "coordinates": [ 23.318656921386719, 42.705028533935547 ] } },
{ "type": "Feature", "properties": { "vehicle_id": "A1420", "latitude": 42.645305633544922, "longitude": 23.268430709838867, "raw_occupancy": 1, "timestamp": "2026-09-15 17:05:27" }, "geometry": { "type": "Point", "coordinates": [ 23.268430709838867, 42.645305633544922 ] } },
{ "type": "Feature", "properties": { "vehicle_id": "A1851", "latitude": 42.665485382080078, "longitude": 23.259403228759766, "raw_occupancy": 3, "timestamp": "2026-09-15 17:05:27" }, "geometry": { "type": "Point", "coordinates": [ 23.259403228759766, 42.665485382080078 ] } },
{ "type": "Feature", "properties": { "vehicle_id": "A1159", "latitude": 42.690021514892578, "longitude": 23.259038925170898, "raw_occupancy": 1, "timestamp": "2026-09-15 17:05:27" }, "geometry": { "type": "Point", "coordinates": [ 23.259038925170898, 42.690021514892578 ] } },
{ "type": "Feature", "properties": { "vehicle_id": "A1189", "latitude": 42.671333312988281, "longitude": 23.337249755859375, "raw_occupancy": 5, "timestamp": "2026-09-15 17:05:27" }, "geometry": { "type": "Point", "coordinates": [ 23.337249755859375, 42.671333312988281 ] } },
{ "type": "Feature", "properties": { "vehicle_id": "A2504", "latitude": 42.718700408935547, "longitude": 23.279508590698242, "raw_occupancy": 2, "timestamp": "2026-09-15 17:05:27" }, "geometry": { "type": "Point", "coordinates": [ 23.279508590698242, 42.718700408935547 ] } },
{ "type": "Feature", "properties": { "vehicle_id": "A1823", "latitude": 42.731407165527344, "longitude": 23.313369750976562, "raw_occupancy": 2, "timestamp": "2026-09-15 17:05:27" }, "geometry": { "type": "Point", "coordinates": [ 23.313369750976562, 42.731407165527344 ] } },
{ "type": "Feature", "properties": { "vehicle_id": "A1162", "latitude": 42.731948852539062, "longitude": 23.285259246826172, "raw_occupancy": 1, "timestamp": "2026-09-15 17:05:27" }, "geometry": { "type": "Point", "coordinates": [ 23.285259246826172, 42.731948852539062 ] } },
{ "type": "Feature", "properties": { "vehicle_id": "A2074", "latitude": 42.622596740722656, "longitude": 23.404500961303711, "raw_occupancy": 2, "timestamp": "2026-09-15 17:05:27" }, "geometry": { "type": "Point", "coordinates": [ 23.404500961303711, 42.622596740722656 ] } },
{ "type": "Feature", "properties": { "vehicle_id": "A7159", "latitude": 42.714202880859375, "longitude": 23.308444976806641, "raw_occupancy": 2, "timestamp": "2026-09-15 17:05:27" }, "geometry": { "type": "Point", "coordinates": [ 23.308444976806641, 42.714202880859375 ] } },
{ "type": "Feature", "properties": { "vehicle_id": "A3145", "latitude": 42.677711486816406, "longitude": 23.35582160949707, "raw_occupancy": 3, "timestamp": "2026-09-15 17:05:27" }, "geometry": { "type": "Point", "coordinates": [ 23.35582160949707, 42.677711486816406 ] } },
{ "type": "Feature", "properties": { "vehicle_id": "A7117", "latitude": 42.731632232666016, "longitude": 23.29693603515625, "raw_occupancy": 2, "timestamp": "2026-09-15 17:05:27" }, "geometry": { "type": "Point", "coordinates": [ 23.29693603515625, 42.731632232666016 ] } },
{ "type": "Feature", "properties": { "vehicle_id": "A1037", "latitude": 42.639614105224609, "longitude": 23.343090057373047, "raw_occupancy": 5, "timestamp": "2026-09-15 17:05:27" }, "geometry": { "type": "Point", "coordinates": [ 23.343090057373047, 42.639614105224609 ] } },
{ "type": "Feature", "properties": { "vehicle_id": "A3614", "latitude": 42.643741607666016, "longitude": 23.366546630859375, "raw_occupancy": 1, "timestamp": "2026-09-15 17:05:27" }, "geometry": { "type": "Point", "coordinates": [ 23.366546630859375, 42.643741607666016 ] } },
{ "type": "Feature", "properties": { "vehicle_id": "A2023", "latitude": 42.673377990722656, "longitude": 23.337203979492188, "raw_occupancy": 3, "timestamp": "2026-09-15 17:05:27" }, "geometry": { "type": "Point", "coordinates": [ 23.337203979492188, 42.673377990722656 ] } },
{ "type": "Feature", "properties": { "vehicle_id": "A7149", "latitude": 42.708305358886719, "longitude": 23.334070205688477, "raw_occupancy": 2, "timestamp": "2026-09-15 17:05:27" }, "geometry": { "type": "Point", "coordinates": [ 23.334070205688477, 42.708305358886719 ] } },
{ "type": "Feature", "properties": { "vehicle_id": "A3125", "latitude": 42.700275421142578, "longitude": 23.343177795410156, "raw_occupancy": 3, "timestamp": "2026-09-15 17:05:27" }, "geometry": { "type": "Point", "coordinates": [ 23.343177795410156, 42.700275421142578 ] } },
{ "type": "Feature", "properties": { "vehicle_id": "A3628", "latitude": 42.664390563964844, "longitude": 23.398818969726562, "raw_occupancy": 2, "timestamp": "2026-09-15 17:05:27" }, "geometry": { "type": "Point", "coordinates": [ 23.398818969726562, 42.664390563964844 ] } },
{ "type": "Feature", "properties": { "vehicle_id": "A2311", "latitude": 42.664512634277344, "longitude": 23.360628128051758, "raw_occupancy": 1, "timestamp": "2026-09-15 17:05:27" }, "geometry": { "type": "Point", "coordinates": [ 23.360628128051758, 42.664512634277344 ] } },
{ "type": "Feature", "properties": { "vehicle_id": "A1185", "latitude": 42.657314300537109, "longitude": 23.336517333984375, "raw_occupancy": 3, "timestamp": "2026-09-15 17:05:27" }, "geometry": { "type": "Point", "coordinates": [ 23.336517333984375, 42.657314300537109 ] } },
{ "type": "Feature", "properties": { "vehicle_id": "A2077", "latitude": 42.743412017822266, "longitude": 23.346563339233398, "raw_occupancy": 1, "timestamp": "2026-09-15 17:05:27" }, "geometry": { "type": "Point", "coordinates": [ 23.346563339233398, 42.743412017822266 ] } },
{ "type": "Feature", "properties": { "vehicle_id": "A2057", "latitude": 42.537746429443359, "longitude": 23.499088287353516, "raw_occupancy": 2, "timestamp": "2026-09-15 17:05:27" }, "geometry": { "type": "Point", "coordinates": [ 23.499088287353516, 42.537746429443359 ] } },
{ "type": "Feature", "properties": { "vehicle_id": "A2040", "latitude": 42.656719207763672, "longitude": 23.327407836914062, "raw_occupancy": 0, "timestamp": "2026-09-15 17:05:27" }, "geometry": { "type": "Point", "coordinates": [ 23.327407836914062, 42.656719207763672 ] } },
{ "type": "Feature", "properties": { "vehicle_id": "A2305", "latitude": 42.737148284912109, "longitude": 23.300159454345703, "raw_occupancy": 1, "timestamp": "2026-09-15 17:05:27" }, "geometry": { "type": "Point", "coordinates": [ 23.300159454345703, 42.737148284912109 ] } },
{ "type": "Feature", "properties": { "vehicle_id": "A3126", "latitude": 42.628192901611328, "longitude": 23.373416900634766, "raw_occupancy": 1, "timestamp": "2026-09-15 17:05:27" }, "geometry": { "type": "Point", "coordinates": [ 23.373416900634766, 42.628192901611328 ] } },
{ "type": "Feature", "properties": { "vehicle_id": "A1030", "latitude": 42.649204254150391, "longitude": 23.33251953125, "raw_occupancy": 3, "timestamp": "2026-09-15 17:05:27" }, "geometry": { "type": "Point", "coordinates": [ 23.33251953125, 42.649204254150391 ] } },
{ "type": "Feature", "properties": { "vehicle_id": "A2041", "latitude": 42.706119537353516, "longitude": 23.30255126953125, "raw_occupancy": 1, "timestamp": "2026-09-15 17:05:27" }, "geometry": { "type": "Point", "coordinates": [ 23.30255126953125, 42.706119537353516 ] } },
{ "type": "Feature", "properties": { "vehicle_id": "A1829", "latitude": 42.718307495117188, "longitude": 23.193601608276367, "raw_occupancy": 1, "timestamp": "2026-09-15 17:05:27" }, "geometry": { "type": "Point", "coordinates": [ 23.193601608276367, 42.718307495117188 ] } },
{ "type": "Feature", "properties": { "vehicle_id": "A2081", "latitude": 42.648788452148438, "longitude": 23.394054412841797, "raw_occupancy": 3, "timestamp": "2026-09-15 17:05:27" }, "geometry": { "type": "Point", "coordinates": [ 23.394054412841797, 42.648788452148438 ] } },
{ "type": "Feature", "properties": { "vehicle_id": "A3110", "latitude": 42.682121276855469, "longitude": 23.317211151123047, "raw_occupancy": 2, "timestamp": "2026-09-15 17:05:27" }, "geometry": { "type": "Point", "coordinates": [ 23.317211151123047, 42.682121276855469 ] } },
{ "type": "Feature", "properties": { "vehicle_id": "A2090", "latitude": 42.606472015380859, "longitude": 23.469886779785156, "raw_occupancy": 2, "timestamp": "2026-09-15 17:05:27" }, "geometry": { "type": "Point", "coordinates": [ 23.469886779785156, 42.606472015380859 ] } },
{ "type": "Feature", "properties": { "vehicle_id": "A2044", "latitude": 42.668224334716797, "longitude": 23.327764511108398, "raw_occupancy": 1, "timestamp": "2026-09-15 17:05:27" }, "geometry": { "type": "Point", "coordinates": [ 23.327764511108398, 42.668224334716797 ] } },
{ "type": "Feature", "properties": { "vehicle_id": "A7079", "latitude": 42.707447052001953, "longitude": 23.341314315795898, "raw_occupancy": 3, "timestamp": "2026-09-15 17:05:27" }, "geometry": { "type": "Point", "coordinates": [ 23.341314315795898, 42.707447052001953 ] } },
{ "type": "Feature", "properties": { "vehicle_id": "A2078", "latitude": 42.670402526855469, "longitude": 23.369213104248047, "raw_occupancy": 1, "timestamp": "2026-09-15 17:05:27" }, "geometry": { "type": "Point", "coordinates": [ 23.369213104248047, 42.670402526855469 ] } },
{ "type": "Feature", "properties": { "vehicle_id": "A3664", "latitude": 42.686203002929688, "longitude": 23.331249237060547, "raw_occupancy": 3, "timestamp": "2026-09-15 17:15:27" }, "geometry": { "type": "Point", "coordinates": [ 23.331249237060547, 42.686203002929688 ] } },
{ "type": "Feature", "properties": { "vehicle_id": "A1025", "latitude": 42.649848937988281, "longitude": 23.265644073486328, "raw_occupancy": 3, "timestamp": "2026-09-15 17:15:27" }, "geometry": { "type": "Point", "coordinates": [ 23.265644073486328, 42.649848937988281 ] } },
{ "type": "Feature", "properties": { "vehicle_id": "A1871", "latitude": 42.622417449951172, "longitude": 23.189874649047852, "raw_occupancy": 0, "timestamp": "2026-09-15 17:15:27" }, "geometry": { "type": "Point", "coordinates": [ 23.189874649047852, 42.622417449951172 ] } },
{ "type": "Feature", "properties": { "vehicle_id": "A7061", "latitude": 42.789627075195312, "longitude": 23.330743789672852, "raw_occupancy": 1, "timestamp": "2026-09-15 17:15:27" }, "geometry": { "type": "Point", "coordinates": [ 23.330743789672852, 42.789627075195312 ] } },
{ "type": "Feature", "properties": { "vehicle_id": "A2015", "latitude": 42.705867767333984, "longitude": 23.307355880737305, "raw_occupancy": 1, "timestamp": "2026-09-15 17:15:27" }, "geometry": { "type": "Point", "coordinates": [ 23.307355880737305, 42.705867767333984 ] } },
{ "type": "Feature", "properties": { "vehicle_id": "A3608", "latitude": 42.624168395996094, "longitude": 23.374973297119141, "raw_occupancy": 5, "timestamp": "2026-09-15 17:15:27" }, "geometry": { "type": "Point", "coordinates": [ 23.374973297119141, 42.624168395996094 ] } },
{ "type": "Feature", "properties": { "vehicle_id": "A2313", "latitude": 42.653408050537109, "longitude": 23.347442626953125, "raw_occupancy": 1, "timestamp": "2026-09-15 17:15:27" }, "geometry": { "type": "Point", "coordinates": [ 23.347442626953125, 42.653408050537109 ] } },
{ "type": "Feature", "properties": { "vehicle_id": "A2056", "latitude": 42.812435150146484, "longitude": 23.377067565917969, "raw_occupancy": 1, "timestamp": "2026-09-15 17:15:27" }, "geometry": { "type": "Point", "coordinates": [ 23.377067565917969, 42.812435150146484 ] } },
{ "type": "Feature", "properties": { "vehicle_id": "A2033", "latitude": 42.701972961425781, "longitude": 23.350296020507812, "raw_occupancy": 2, "timestamp": "2026-09-15 17:15:27" }, "geometry": { "type": "Point", "coordinates": [ 23.350296020507812, 42.701972961425781 ] } },
{ "type": "Feature", "properties": { "vehicle_id": "A3665", "latitude": 42.668006896972656, "longitude": 23.392301559448242, "raw_occupancy": 3, "timestamp": "2026-09-15 17:15:27" }, "geometry": { "type": "Point", "coordinates": [ 23.392301559448242, 42.668006896972656 ] } },
{ "type": "Feature", "properties": { "vehicle_id": "A1402", "latitude": 42.716655731201172, "longitude": 23.280645370483398, "raw_occupancy": 2, "timestamp": "2026-09-15 17:15:27" }, "geometry": { "type": "Point", "coordinates": [ 23.280645370483398, 42.716655731201172 ] } },
{ "type": "Feature", "properties": { "vehicle_id": "A2087", "latitude": 42.739692687988281, "longitude": 23.287881851196289, "raw_occupancy": 1, "timestamp": "2026-09-15 17:15:27" }, "geometry": { "type": "Point", "coordinates": [ 23.287881851196289, 42.739692687988281 ] } },
{ "type": "Feature", "properties": { "vehicle_id": "A3110", "latitude": 42.667514801025391, "longitude": 23.303276062011719, "raw_occupancy": 1, "timestamp": "2026-09-15 17:15:27" }, "geometry": { "type": "Point", "coordinates": [ 23.303276062011719, 42.667514801025391 ] } },
{ "type": "Feature", "properties": { "vehicle_id": "A7045", "latitude": 42.71099853515625, "longitude": 23.350624084472656, "raw_occupancy": 2, "timestamp": "2026-09-15 17:15:27" }, "geometry": { "type": "Point", "coordinates": [ 23.350624084472656, 42.71099853515625 ] } },
{ "type": "Feature", "properties": { "vehicle_id": "A2515", "latitude": 42.686794281005859, "longitude": 23.310024261474609, "raw_occupancy": 2, "timestamp": "2026-09-15 17:15:27" }, "geometry": { "type": "Point", "coordinates": [ 23.310024261474609, 42.686794281005859 ] } },
{ "type": "Feature", "properties": { "vehicle_id": "A7043", "latitude": 42.714611053466797, "longitude": 23.310720443725586, "raw_occupancy": 2, "timestamp": "2026-09-15 17:15:27" }, "geometry": { "type": "Point", "coordinates": [ 23.310720443725586, 42.714611053466797 ] } },
{ "type": "Feature", "properties": { "vehicle_id": "A7143", "latitude": 42.772117614746094, "longitude": 23.440393447875977, "raw_occupancy": 0, "timestamp": "2026-09-15 17:15:27" }, "geometry": { "type": "Point", "coordinates": [ 23.440393447875977, 42.772117614746094 ] } },
{ "type": "Feature", "properties": { "vehicle_id": "A1606", "latitude": 42.669635772705078, "longitude": 23.254425048828125, "raw_occupancy": 2, "timestamp": "2026-09-15 17:15:27" }, "geometry": { "type": "Point", "coordinates": [ 23.254425048828125, 42.669635772705078 ] } },
{ "type": "Feature", "properties": { "vehicle_id": "A2009", "latitude": 42.653614044189453, "longitude": 23.347372055053711, "raw_occupancy": 1, "timestamp": "2026-09-15 17:15:27" }, "geometry": { "type": "Point", "coordinates": [ 23.347372055053711, 42.653614044189453 ] } },
{ "type": "Feature", "properties": { "vehicle_id": "A2315", "latitude": 42.651626586914062, "longitude": 23.354856491088867, "raw_occupancy": 1, "timestamp": "2026-09-15 17:15:27" }, "geometry": { "type": "Point", "coordinates": [ 23.354856491088867, 42.651626586914062 ] } },
{ "type": "Feature", "properties": { "vehicle_id": "A1175", "latitude": 42.731391906738281, "longitude": 23.283622741699219, "raw_occupancy": 3, "timestamp": "2026-09-15 17:15:27" }, "geometry": { "type": "Point", "coordinates": [ 23.283622741699219, 42.731391906738281 ] } },
{ "type": "Feature", "properties": { "vehicle_id": "A2043", "latitude": 42.734123229980469, "longitude": 23.294294357299805, "raw_occupancy": 1, "timestamp": "2026-09-15 17:15:27" }, "geometry": { "type": "Point", "coordinates": [ 23.294294357299805, 42.734123229980469 ] } },
{ "type": "Feature", "properties": { "vehicle_id": "A2311", "latitude": 42.676433563232422, "longitude": 23.357641220092773, "raw_occupancy": 1, "timestamp": "2026-09-15 17:15:27" }, "geometry": { "type": "Point", "coordinates": [ 23.357641220092773, 42.676433563232422 ] } },
{ "type": "Feature", "properties": { "vehicle_id": "A3404", "latitude": 42.625953674316406, "longitude": 23.330230712890625, "raw_occupancy": 1, "timestamp": "2026-09-15 17:15:27" }, "geometry": { "type": "Point", "coordinates": [ 23.330230712890625, 42.625953674316406 ] } },
{ "type": "Feature", "properties": { "vehicle_id": "A7101", "latitude": 42.721275329589844, "longitude": 23.240957260131836, "raw_occupancy": 2, "timestamp": "2026-09-15 17:15:27" }, "geometry": { "type": "Point", "coordinates": [ 23.240957260131836, 42.721275329589844 ] } },
{ "type": "Feature", "properties": { "vehicle_id": "A1187", "latitude": 42.73358154296875, "longitude": 23.309282302856445, "raw_occupancy": 1, "timestamp": "2026-09-15 17:15:27" }, "geometry": { "type": "Point", "coordinates": [ 23.309282302856445, 42.73358154296875 ] } },
{ "type": "Feature", "properties": { "vehicle_id": "A2082", "latitude": 42.654392242431641, "longitude": 23.315652847290039, "raw_occupancy": 3, "timestamp": "2026-09-15 17:15:27" }, "geometry": { "type": "Point", "coordinates": [ 23.315652847290039, 42.654392242431641 ] } },
{ "type": "Feature", "properties": { "vehicle_id": "A2016", "latitude": 42.648296356201172, "longitude": 23.341604232788086, "raw_occupancy": 0, "timestamp": "2026-09-15 17:15:27" }, "geometry": { "type": "Point", "coordinates": [ 23.341604232788086, 42.648296356201172 ] } },
{ "type": "Feature", "properties": { "vehicle_id": "A1174", "latitude": 42.624179840087891, "longitude": 23.357440948486328, "raw_occupancy": 1, "timestamp": "2026-09-15 17:15:27" }, "geometry": { "type": "Point", "coordinates": [ 23.357440948486328, 42.624179840087891 ] } },
{ "type": "Feature", "properties": { "vehicle_id": "A3655", "latitude": 42.640682220458984, "longitude": 23.334579467773438, "raw_occupancy": 2, "timestamp": "2026-09-15 17:15:27" }, "geometry": { "type": "Point", "coordinates": [ 23.334579467773438, 42.640682220458984 ] } },
{ "type": "Feature", "properties": { "vehicle_id": "A3127", "latitude": 42.650302886962891, "longitude": 23.37818717956543, "raw_occupancy": 2, "timestamp": "2026-09-15 17:15:27" }, "geometry": { "type": "Point", "coordinates": [ 23.37818717956543, 42.650302886962891 ] } },
{ "type": "Feature", "properties": { "vehicle_id": "A2317", "latitude": 42.666187286376953, "longitude": 23.363597869873047, "raw_occupancy": 2, "timestamp": "2026-09-15 17:15:27" }, "geometry": { "type": "Point", "coordinates": [ 23.363597869873047, 42.666187286376953 ] } },
{ "type": "Feature", "properties": { "vehicle_id": "A1231", "latitude": 42.702602386474609, "longitude": 23.285734176635742, "raw_occupancy": 1, "timestamp": "2026-09-15 17:15:27" }, "geometry": { "type": "Point", "coordinates": [ 23.285734176635742, 42.702602386474609 ] } },
{ "type": "Feature", "properties": { "vehicle_id": "A2728", "latitude": 42.699527740478516, "longitude": 23.366445541381836, "raw_occupancy": 2, "timestamp": "2026-09-15 17:15:27" }, "geometry": { "type": "Point", "coordinates": [ 23.366445541381836, 42.699527740478516 ] } },
{ "type": "Feature", "properties": { "vehicle_id": "A1421", "latitude": 42.657913208007812, "longitude": 23.32801628112793, "raw_occupancy": 0, "timestamp": "2026-09-15 17:15:27" }, "geometry": { "type": "Point", "coordinates": [ 23.32801628112793, 42.657913208007812 ] } },
{ "type": "Feature", "properties": { "vehicle_id": "A2042", "latitude": 42.666629791259766, "longitude": 23.337940216064453, "raw_occupancy": 1, "timestamp": "2026-09-15 17:15:27" }, "geometry": { "type": "Point", "coordinates": [ 23.337940216064453, 42.666629791259766 ] } },
{ "type": "Feature", "properties": { "vehicle_id": "A1803", "latitude": 42.658164978027344, "longitude": 23.24046516418457, "raw_occupancy": 0, "timestamp": "2026-09-15 17:15:27" }, "geometry": { "type": "Point", "coordinates": [ 23.24046516418457, 42.658164978027344 ] } },
{ "type": "Feature", "properties": { "vehicle_id": "A7079", "latitude": 42.706092834472656, "longitude": 23.31230354309082, "raw_occupancy": 5, "timestamp": "2026-09-15 17:15:27" }, "geometry": { "type": "Point", "coordinates": [ 23.31230354309082, 42.706092834472656 ] } },
{ "type": "Feature", "properties": { "vehicle_id": "A3015", "latitude": 42.6434326171875, "longitude": 23.405019760131836, "raw_occupancy": 1, "timestamp": "2026-09-15 17:15:27" }, "geometry": { "type": "Point", "coordinates": [ 23.405019760131836, 42.6434326171875 ] } },
{ "type": "Feature", "properties": { "vehicle_id": "A2032", "latitude": 42.658847808837891, "longitude": 23.348304748535156, "raw_occupancy": 2, "timestamp": "2026-09-15 17:15:27" }, "geometry": { "type": "Point", "coordinates": [ 23.348304748535156, 42.658847808837891 ] } },
{ "type": "Feature", "properties": { "vehicle_id": "A2036", "latitude": 42.679203033447266, "longitude": 23.321550369262695, "raw_occupancy": 2, "timestamp": "2026-09-15 17:15:27" }, "geometry": { "type": "Point", "coordinates": [ 23.321550369262695, 42.679203033447266 ] } },
{ "type": "Feature", "properties": { "vehicle_id": "A7133", "latitude": 42.826217651367188, "longitude": 23.348079681396484, "raw_occupancy": 1, "timestamp": "2026-09-15 17:15:27" }, "geometry": { "type": "Point", "coordinates": [ 23.348079681396484, 42.826217651367188 ] } },
{ "type": "Feature", "properties": { "vehicle_id": "A3626", "latitude": 42.649868011474609, "longitude": 23.36326789855957, "raw_occupancy": 3, "timestamp": "2026-09-15 17:15:27" }, "geometry": { "type": "Point", "coordinates": [ 23.36326789855957, 42.649868011474609 ] } },
{ "type": "Feature", "properties": { "vehicle_id": "A1869", "latitude": 42.708385467529297, "longitude": 23.152315139770508, "raw_occupancy": 0, "timestamp": "2026-09-15 17:15:27" }, "geometry": { "type": "Point", "coordinates": [ 23.152315139770508, 42.708385467529297 ] } },
{ "type": "Feature", "properties": { "vehicle_id": "A7135", "latitude": 42.751140594482422, "longitude": 23.275646209716797, "raw_occupancy": 1, "timestamp": "2026-09-15 17:15:27" }, "geometry": { "type": "Point", "coordinates": [ 23.275646209716797, 42.751140594482422 ] } },
{ "type": "Feature", "properties": { "vehicle_id": "A1305", "latitude": 42.627647399902344, "longitude": 23.194007873535156, "raw_occupancy": 1, "timestamp": "2026-09-15 17:15:27" }, "geometry": { "type": "Point", "coordinates": [ 23.194007873535156, 42.627647399902344 ] } },
{ "type": "Feature", "properties": { "vehicle_id": "A2161", "latitude": 42.704986572265625, "longitude": 23.357625961303711, "raw_occupancy": 0, "timestamp": "2026-09-15 17:15:27" }, "geometry": { "type": "Point", "coordinates": [ 23.357625961303711, 42.704986572265625 ] } },
{ "type": "Feature", "properties": { "vehicle_id": "A3149", "latitude": 42.65869140625, "longitude": 23.392995834350586, "raw_occupancy": 2, "timestamp": "2026-09-15 17:15:27" }, "geometry": { "type": "Point", "coordinates": [ 23.392995834350586, 42.65869140625 ] } },
{ "type": "Feature", "properties": { "vehicle_id": "A7103", "latitude": 42.733585357666016, "longitude": 23.308025360107422, "raw_occupancy": 4, "timestamp": "2026-09-15 17:15:27" }, "geometry": { "type": "Point", "coordinates": [ 23.308025360107422, 42.733585357666016 ] } },
{ "type": "Feature", "properties": { "vehicle_id": "A1616", "latitude": 42.678394317626953, "longitude": 23.370468139648438, "raw_occupancy": 2, "timestamp": "2026-09-15 17:15:27" }, "geometry": { "type": "Point", "coordinates": [ 23.370468139648438, 42.678394317626953 ] } },
{ "type": "Feature", "properties": { "vehicle_id": "A3128", "latitude": 42.643478393554688, "longitude": 23.334171295166016, "raw_occupancy": 1, "timestamp": "2026-09-15 17:15:27" }, "geometry": { "type": "Point", "coordinates": [ 23.334171295166016, 42.643478393554688 ] } },
{ "type": "Feature", "properties": { "vehicle_id": "A1819", "latitude": 42.742954254150391, "longitude": 23.272930145263672, "raw_occupancy": 3, "timestamp": "2026-09-15 17:15:27" }, "geometry": { "type": "Point", "coordinates": [ 23.272930145263672, 42.742954254150391 ] } },
{ "type": "Feature", "properties": { "vehicle_id": "A7063", "latitude": 42.741226196289062, "longitude": 23.277105331420898, "raw_occupancy": 3, "timestamp": "2026-09-15 17:15:27" }, "geometry": { "type": "Point", "coordinates": [ 23.277105331420898, 42.741226196289062 ] } },
{ "type": "Feature", "properties": { "vehicle_id": "A1620", "latitude": 42.671554565429688, "longitude": 23.251855850219727, "raw_occupancy": 2, "timestamp": "2026-09-15 17:15:27" }, "geometry": { "type": "Point", "coordinates": [ 23.251855850219727, 42.671554565429688 ] } },
{ "type": "Feature", "properties": { "vehicle_id": "A1425", "latitude": 42.683547973632812, "longitude": 23.239850997924805, "raw_occupancy": 3, "timestamp": "2026-09-15 17:15:27" }, "geometry": { "type": "Point", "coordinates": [ 23.239850997924805, 42.683547973632812 ] } },
{ "type": "Feature", "properties": { "vehicle_id": "A3131", "latitude": 42.633289337158203, "longitude": 23.377925872802734, "raw_occupancy": 0, "timestamp": "2026-09-15 17:15:27" }, "geometry": { "type": "Point", "coordinates": [ 23.377925872802734, 42.633289337158203 ] } },
{ "type": "Feature", "properties": { "vehicle_id": "A2050", "latitude": 42.733333587646484, "longitude": 23.250568389892578, "raw_occupancy": 1, "timestamp": "2026-09-15 17:15:27" }, "geometry": { "type": "Point", "coordinates": [ 23.250568389892578, 42.733333587646484 ] } },
{ "type": "Feature", "properties": { "vehicle_id": "A1601", "latitude": 42.700557708740234, "longitude": 23.342962265014648, "raw_occupancy": 2, "timestamp": "2026-09-15 17:15:27" }, "geometry": { "type": "Point", "coordinates": [ 23.342962265014648, 42.700557708740234 ] } },
{ "type": "Feature", "properties": { "vehicle_id": "A1035", "latitude": 42.668224334716797, "longitude": 23.241472244262695, "raw_occupancy": 1, "timestamp": "2026-09-15 17:15:27" }, "geometry": { "type": "Point", "coordinates": [ 23.241472244262695, 42.668224334716797 ] } },
{ "type": "Feature", "properties": { "vehicle_id": "A1310", "latitude": 42.726119995117188, "longitude": 23.261325836181641, "raw_occupancy": 2, "timestamp": "2026-09-15 17:15:27" }, "geometry": { "type": "Point", "coordinates": [ 23.261325836181641, 42.726119995117188 ] } },
{ "type": "Feature", "properties": { "vehicle_id": "A3614", "latitude": 42.637802124023438, "longitude": 23.397653579711914, "raw_occupancy": 2, "timestamp": "2026-09-15 17:15:27" }, "geometry": { "type": "Point", "coordinates": [ 23.397653579711914, 42.637802124023438 ] } },
{ "type": "Feature", "properties": { "vehicle_id": "A2502", "latitude": 42.658039093017578, "longitude": 23.328439712524414, "raw_occupancy": 0, "timestamp": "2026-09-15 17:15:27" }, "geometry": { "type": "Point", "coordinates": [ 23.328439712524414, 42.658039093017578 ] } },
{ "type": "Feature", "properties": { "vehicle_id": "A1226", "latitude": 42.623931884765625, "longitude": 23.36638069152832, "raw_occupancy": 2, "timestamp": "2026-09-15 17:15:27" }, "geometry": { "type": "Point", "coordinates": [ 23.36638069152832, 42.623931884765625 ] } },
{ "type": "Feature", "properties": { "vehicle_id": "A1183", "latitude": 42.67388916015625, "longitude": 23.33488655090332, "raw_occupancy": 2, "timestamp": "2026-09-15 17:15:27" }, "geometry": { "type": "Point", "coordinates": [ 23.33488655090332, 42.67388916015625 ] } },
{ "type": "Feature", "properties": { "vehicle_id": "A1030", "latitude": 42.6368408203125, "longitude": 23.341022491455078, "raw_occupancy": 3, "timestamp": "2026-09-15 17:15:27" }, "geometry": { "type": "Point", "coordinates": [ 23.341022491455078, 42.6368408203125 ] } },
{ "type": "Feature", "properties": { "vehicle_id": "A1849", "latitude": 42.720989227294922, "longitude": 23.272665023803711, "raw_occupancy": 3, "timestamp": "2026-09-15 17:15:27" }, "geometry": { "type": "Point", "coordinates": [ 23.272665023803711, 42.720989227294922 ] } },
{ "type": "Feature", "properties": { "vehicle_id": "A7059", "latitude": 42.761062622070312, "longitude": 23.562246322631836, "raw_occupancy": 1, "timestamp": "2026-09-15 17:15:27" }, "geometry": { "type": "Point", "coordinates": [ 23.562246322631836, 42.761062622070312 ] } },
{ "type": "Feature", "properties": { "vehicle_id": "A1232", "latitude": 42.756179809570312, "longitude": 23.270771026611328, "raw_occupancy": 1, "timestamp": "2026-09-15 17:15:27" }, "geometry": { "type": "Point", "coordinates": [ 23.270771026611328, 42.756179809570312 ] } },
{ "type": "Feature", "properties": { "vehicle_id": "A1127", "latitude": 42.745197296142578, "longitude": 23.228851318359375, "raw_occupancy": 1, "timestamp": "2026-09-15 17:15:27" }, "geometry": { "type": "Point", "coordinates": [ 23.228851318359375, 42.745197296142578 ] } },
{ "type": "Feature", "properties": { "vehicle_id": "A1230", "latitude": 42.713882446289062, "longitude": 23.218181610107422, "raw_occupancy": 2, "timestamp": "2026-09-15 17:15:27" }, "geometry": { "type": "Point", "coordinates": [ 23.218181610107422, 42.713882446289062 ] } },
{ "type": "Feature", "properties": { "vehicle_id": "A1164", "latitude": 42.679500579833984, "longitude": 23.283712387084961, "raw_occupancy": 0, "timestamp": "2026-09-15 17:15:27" }, "geometry": { "type": "Point", "coordinates": [ 23.283712387084961, 42.679500579833984 ] } },
{ "type": "Feature", "properties": { "vehicle_id": "A3610", "latitude": 42.647037506103516, "longitude": 23.367982864379883, "raw_occupancy": 0, "timestamp": "2026-09-15 17:15:27" }, "geometry": { "type": "Point", "coordinates": [ 23.367982864379883, 42.647037506103516 ] } },
{ "type": "Feature", "properties": { "vehicle_id": "A3156", "latitude": 42.657066345214844, "longitude": 23.395448684692383, "raw_occupancy": 3, "timestamp": "2026-09-15 17:15:27" }, "geometry": { "type": "Point", "coordinates": [ 23.395448684692383, 42.657066345214844 ] } },
{ "type": "Feature", "properties": { "vehicle_id": "A1835", "latitude": 42.727901458740234, "longitude": 23.106143951416016, "raw_occupancy": 0, "timestamp": "2026-09-15 17:15:27" }, "geometry": { "type": "Point", "coordinates": [ 23.106143951416016, 42.727901458740234 ] } },
{ "type": "Feature", "properties": { "vehicle_id": "A1153", "latitude": 42.693698883056641, "longitude": 23.282257080078125, "raw_occupancy": 2, "timestamp": "2026-09-15 17:15:27" }, "geometry": { "type": "Point", "coordinates": [ 23.282257080078125, 42.693698883056641 ] } },
{ "type": "Feature", "properties": { "vehicle_id": "A1158", "latitude": 42.7254638671875, "longitude": 23.255086898803711, "raw_occupancy": 2, "timestamp": "2026-09-15 17:15:27" }, "geometry": { "type": "Point", "coordinates": [ 23.255086898803711, 42.7254638671875 ] } },
{ "type": "Feature", "properties": { "vehicle_id": "A2086", "latitude": 42.728610992431641, "longitude": 23.291749954223633, "raw_occupancy": 1, "timestamp": "2026-09-15 17:15:27" }, "geometry": { "type": "Point", "coordinates": [ 23.291749954223633, 42.728610992431641 ] } },
{ "type": "Feature", "properties": { "vehicle_id": "A1614", "latitude": 42.633640289306641, "longitude": 23.332695007324219, "raw_occupancy": 0, "timestamp": "2026-09-15 17:15:27" }, "geometry": { "type": "Point", "coordinates": [ 23.332695007324219, 42.633640289306641 ] } },
{ "type": "Feature", "properties": { "vehicle_id": "A7097", "latitude": 42.781936645507812, "longitude": 23.38420295715332, "raw_occupancy": 1, "timestamp": "2026-09-15 17:15:27" }, "geometry": { "type": "Point", "coordinates": [ 23.38420295715332, 42.781936645507812 ] } },
{ "type": "Feature", "properties": { "vehicle_id": "A3627", "latitude": 42.684925079345703, "longitude": 23.406381607055664, "raw_occupancy": 1, "timestamp": "2026-09-15 17:15:27" }, "geometry": { "type": "Point", "coordinates": [ 23.406381607055664, 42.684925079345703 ] } },
{ "type": "Feature", "properties": { "vehicle_id": "A1311", "latitude": 42.65264892578125, "longitude": 23.315940856933594, "raw_occupancy": 5, "timestamp": "2026-09-15 17:15:27" }, "geometry": { "type": "Point", "coordinates": [ 23.315940856933594, 42.65264892578125 ] } },
{ "type": "Feature", "properties": { "vehicle_id": "A2752", "latitude": 42.657390594482422, "longitude": 23.349277496337891, "raw_occupancy": 1, "timestamp": "2026-09-15 17:15:27" }, "geometry": { "type": "Point", "coordinates": [ 23.349277496337891, 42.657390594482422 ] } },
{ "type": "Feature", "properties": { "vehicle_id": "A1188", "latitude": 42.643573760986328, "longitude": 23.345182418823242, "raw_occupancy": 1, "timestamp": "2026-09-15 17:15:27" }, "geometry": { "type": "Point", "coordinates": [ 23.345182418823242, 42.643573760986328 ] } },
{ "type": "Feature", "properties": { "vehicle_id": "A1821", "latitude": 42.64007568359375, "longitude": 23.316862106323242, "raw_occupancy": 0, "timestamp": "2026-09-15 17:15:27" }, "geometry": { "type": "Point", "coordinates": [ 23.316862106323242, 42.64007568359375 ] } },
{ "type": "Feature", "properties": { "vehicle_id": "A3669", "latitude": 42.679740905761719, "longitude": 23.302274703979492, "raw_occupancy": 1, "timestamp": "2026-09-15 17:15:27" }, "geometry": { "type": "Point", "coordinates": [ 23.302274703979492, 42.679740905761719 ] } },
{ "type": "Feature", "properties": { "vehicle_id": "A3124", "latitude": 42.64453125, "longitude": 23.374568939208984, "raw_occupancy": 2, "timestamp": "2026-09-15 17:15:27" }, "geometry": { "type": "Point", "coordinates": [ 23.374568939208984, 42.64453125 ] } },
{ "type": "Feature", "properties": { "vehicle_id": "A7125", "latitude": 42.705535888671875, "longitude": 23.323719024658203, "raw_occupancy": 2, "timestamp": "2026-09-15 17:15:27" }, "geometry": { "type": "Point", "coordinates": [ 23.323719024658203, 42.705535888671875 ] } },
{ "type": "Feature", "properties": { "vehicle_id": "A2733", "latitude": 42.815998077392578, "longitude": 23.352500915527344, "raw_occupancy": 1, "timestamp": "2026-09-15 17:15:27" }, "geometry": { "type": "Point", "coordinates": [ 23.352500915527344, 42.815998077392578 ] } },
{ "type": "Feature", "properties": { "vehicle_id": "A1857", "latitude": 42.6005859375, "longitude": 23.169759750366211, "raw_occupancy": 1, "timestamp": "2026-09-15 17:15:27" }, "geometry": { "type": "Point", "coordinates": [ 23.169759750366211, 42.6005859375 ] } },
{ "type": "Feature", "properties": { "vehicle_id": "A2085", "latitude": 42.59149169921875, "longitude": 23.364006042480469, "raw_occupancy": 1, "timestamp": "2026-09-15 17:15:27" }, "geometry": { "type": "Point", "coordinates": [ 23.364006042480469, 42.59149169921875 ] } },
{ "type": "Feature", "properties": { "vehicle_id": "A7121", "latitude": 42.770793914794922, "longitude": 23.439067840576172, "raw_occupancy": 1, "timestamp": "2026-09-15 17:15:27" }, "geometry": { "type": "Point", "coordinates": [ 23.439067840576172, 42.770793914794922 ] } },
{ "type": "Feature", "properties": { "vehicle_id": "A3301", "latitude": 42.661376953125, "longitude": 23.35215950012207, "raw_occupancy": 1, "timestamp": "2026-09-15 17:15:27" }, "geometry": { "type": "Point", "coordinates": [ 23.35215950012207, 42.661376953125 ] } },
{ "type": "Feature", "properties": { "vehicle_id": "A1172", "latitude": 42.678337097167969, "longitude": 23.299196243286133, "raw_occupancy": 2, "timestamp": "2026-09-15 17:15:27" }, "geometry": { "type": "Point", "coordinates": [ 23.299196243286133, 42.678337097167969 ] } },
{ "type": "Feature", "properties": { "vehicle_id": "A1610", "latitude": 42.624210357666016, "longitude": 23.357097625732422, "raw_occupancy": 3, "timestamp": "2026-09-15 17:15:27" }, "geometry": { "type": "Point", "coordinates": [ 23.357097625732422, 42.624210357666016 ] } },
{ "type": "Feature", "properties": { "vehicle_id": "A3150", "latitude": 42.680889129638672, "longitude": 23.351333618164062, "raw_occupancy": 3, "timestamp": "2026-09-15 17:15:27" }, "geometry": { "type": "Point", "coordinates": [ 23.351333618164062, 42.680889129638672 ] } },
{ "type": "Feature", "properties": { "vehicle_id": "A2058", "latitude": 42.693992614746094, "longitude": 23.347999572753906, "raw_occupancy": 4, "timestamp": "2026-09-15 17:15:27" }, "geometry": { "type": "Point", "coordinates": [ 23.347999572753906, 42.693992614746094 ] } },
{ "type": "Feature", "properties": { "vehicle_id": "A3144", "latitude": 42.666091918945312, "longitude": 23.285604476928711, "raw_occupancy": 1, "timestamp": "2026-09-15 17:15:27" }, "geometry": { "type": "Point", "coordinates": [ 23.285604476928711, 42.666091918945312 ] } },
{ "type": "Feature", "properties": { "vehicle_id": "A1126", "latitude": 42.657344818115234, "longitude": 23.273492813110352, "raw_occupancy": 0, "timestamp": "2026-09-15 17:15:27" }, "geometry": { "type": "Point", "coordinates": [ 23.273492813110352, 42.657344818115234 ] } },
{ "type": "Feature", "properties": { "vehicle_id": "A1015", "latitude": 42.656593322753906, "longitude": 23.317146301269531, "raw_occupancy": 3, "timestamp": "2026-09-15 17:15:27" }, "geometry": { "type": "Point", "coordinates": [ 23.317146301269531, 42.656593322753906 ] } },
{ "type": "Feature", "properties": { "vehicle_id": "A2817", "latitude": 42.725139617919922, "longitude": 23.317596435546875, "raw_occupancy": 3, "timestamp": "2026-09-15 17:15:27" }, "geometry": { "type": "Point", "coordinates": [ 23.317596435546875, 42.725139617919922 ] } },
{ "type": "Feature", "properties": { "vehicle_id": "A1609", "latitude": 42.706142425537109, "longitude": 23.306098937988281, "raw_occupancy": 3, "timestamp": "2026-09-15 17:15:27" }, "geometry": { "type": "Point", "coordinates": [ 23.306098937988281, 42.706142425537109 ] } },
{ "type": "Feature", "properties": { "vehicle_id": "A3666", "latitude": 42.671356201171875, "longitude": 23.364688873291016, "raw_occupancy": 4, "timestamp": "2026-09-15 17:15:27" }, "geometry": { "type": "Point", "coordinates": [ 23.364688873291016, 42.671356201171875 ] } },
{ "type": "Feature", "properties": { "vehicle_id": "A3628", "latitude": 42.662006378173828, "longitude": 23.389410018920898, "raw_occupancy": 5, "timestamp": "2026-09-15 17:15:27" }, "geometry": { "type": "Point", "coordinates": [ 23.389410018920898, 42.662006378173828 ] } },
{ "type": "Feature", "properties": { "vehicle_id": "A3016", "latitude": 42.694339752197266, "longitude": 23.334747314453125, "raw_occupancy": 1, "timestamp": "2026-09-15 17:15:27" }, "geometry": { "type": "Point", "coordinates": [ 23.334747314453125, 42.694339752197266 ] } },
{ "type": "Feature", "properties": { "vehicle_id": "A7155", "latitude": 42.731964111328125, "longitude": 23.464595794677734, "raw_occupancy": 1, "timestamp": "2026-09-15 17:15:27" }, "geometry": { "type": "Point", "coordinates": [ 23.464595794677734, 42.731964111328125 ] } },
{ "type": "Feature", "properties": { "vehicle_id": "A7129", "latitude": 42.707740783691406, "longitude": 23.357318878173828, "raw_occupancy": 1, "timestamp": "2026-09-15 17:15:27" }, "geometry": { "type": "Point", "coordinates": [ 23.357318878173828, 42.707740783691406 ] } },
{ "type": "Feature", "properties": { "vehicle_id": "A2069", "latitude": 42.674724578857422, "longitude": 23.375862121582031, "raw_occupancy": 1, "timestamp": "2026-09-15 17:15:27" }, "geometry": { "type": "Point", "coordinates": [ 23.375862121582031, 42.674724578857422 ] } },
{ "type": "Feature", "properties": { "vehicle_id": "A3017", "latitude": 42.691009521484375, "longitude": 23.338197708129883, "raw_occupancy": 1, "timestamp": "2026-09-15 17:15:27" }, "geometry": { "type": "Point", "coordinates": [ 23.338197708129883, 42.691009521484375 ] } },
{ "type": "Feature", "properties": { "vehicle_id": "A2310", "latitude": 42.690868377685547, "longitude": 23.337625503540039, "raw_occupancy": 2, "timestamp": "2026-09-15 17:15:27" }, "geometry": { "type": "Point", "coordinates": [ 23.337625503540039, 42.690868377685547 ] } },
{ "type": "Feature", "properties": { "vehicle_id": "A7123", "latitude": 42.782783508300781, "longitude": 23.498849868774414, "raw_occupancy": 1, "timestamp": "2026-09-15 17:15:27" }, "geometry": { "type": "Point", "coordinates": [ 23.498849868774414, 42.782783508300781 ] } },
{ "type": "Feature", "properties": { "vehicle_id": "A7073", "latitude": 42.709079742431641, "longitude": 23.430217742919922, "raw_occupancy": 2, "timestamp": "2026-09-15 17:15:27" }, "geometry": { "type": "Point", "coordinates": [ 23.430217742919922, 42.709079742431641 ] } },
{ "type": "Feature", "properties": { "vehicle_id": "A2079", "latitude": 42.629364013671875, "longitude": 23.316139221191406, "raw_occupancy": 3, "timestamp": "2026-09-15 17:15:27" }, "geometry": { "type": "Point", "coordinates": [ 23.316139221191406, 42.629364013671875 ] } },
{ "type": "Feature", "properties": { "vehicle_id": "A1859", "latitude": 42.686569213867188, "longitude": 23.299224853515625, "raw_occupancy": 1, "timestamp": "2026-09-15 17:15:27" }, "geometry": { "type": "Point", "coordinates": [ 23.299224853515625, 42.686569213867188 ] } },
{ "type": "Feature", "properties": { "vehicle_id": "A2078", "latitude": 42.645931243896484, "longitude": 23.397523880004883, "raw_occupancy": 3, "timestamp": "2026-09-15 17:15:27" }, "geometry": { "type": "Point", "coordinates": [ 23.397523880004883, 42.645931243896484 ] } },
{ "type": "Feature", "properties": { "vehicle_id": "A3013", "latitude": 42.662933349609375, "longitude": 23.415363311767578, "raw_occupancy": 0, "timestamp": "2026-09-15 17:15:27" }, "geometry": { "type": "Point", "coordinates": [ 23.415363311767578, 42.662933349609375 ] } },
{ "type": "Feature", "properties": { "vehicle_id": "A2823", "latitude": 42.669071197509766, "longitude": 23.263956069946289, "raw_occupancy": 1, "timestamp": "2026-09-15 17:15:27" }, "geometry": { "type": "Point", "coordinates": [ 23.263956069946289, 42.669071197509766 ] } },
{ "type": "Feature", "properties": { "vehicle_id": "A1313", "latitude": 42.637325286865234, "longitude": 23.221418380737305, "raw_occupancy": 0, "timestamp": "2026-09-15 17:15:27" }, "geometry": { "type": "Point", "coordinates": [ 23.221418380737305, 42.637325286865234 ] } },
{ "type": "Feature", "properties": { "vehicle_id": "A3101", "latitude": 42.707695007324219, "longitude": 23.323034286499023, "raw_occupancy": 0, "timestamp": "2026-09-15 17:15:27" }, "geometry": { "type": "Point", "coordinates": [ 23.323034286499023, 42.707695007324219 ] } },
{ "type": "Feature", "properties": { "vehicle_id": "A7175", "latitude": 42.733348846435547, "longitude": 23.301792144775391, "raw_occupancy": 2, "timestamp": "2026-09-15 17:15:27" }, "geometry": { "type": "Point", "coordinates": [ 23.301792144775391, 42.733348846435547 ] } },
{ "type": "Feature", "properties": { "vehicle_id": "A3154", "latitude": 42.659011840820312, "longitude": 23.387847900390625, "raw_occupancy": 1, "timestamp": "2026-09-15 17:15:27" }, "geometry": { "type": "Point", "coordinates": [ 23.387847900390625, 42.659011840820312 ] } },
{ "type": "Feature", "properties": { "vehicle_id": "A7117", "latitude": 42.713886260986328, "longitude": 23.313074111938477, "raw_occupancy": 1, "timestamp": "2026-09-15 17:15:27" }, "geometry": { "type": "Point", "coordinates": [ 23.313074111938477, 42.713886260986328 ] } },
{ "type": "Feature", "properties": { "vehicle_id": "A2318", "latitude": 42.692718505859375, "longitude": 23.334964752197266, "raw_occupancy": 1, "timestamp": "2026-09-15 17:15:27" }, "geometry": { "type": "Point", "coordinates": [ 23.334964752197266, 42.692718505859375 ] } },
{ "type": "Feature", "properties": { "vehicle_id": "A1308", "latitude": 42.629795074462891, "longitude": 23.195016860961914, "raw_occupancy": 1, "timestamp": "2026-09-15 17:15:27" }, "geometry": { "type": "Point", "coordinates": [ 23.195016860961914, 42.629795074462891 ] } },
{ "type": "Feature", "properties": { "vehicle_id": "A1159", "latitude": 42.678970336914062, "longitude": 23.284332275390625, "raw_occupancy": 2, "timestamp": "2026-09-15 17:15:27" }, "geometry": { "type": "Point", "coordinates": [ 23.284332275390625, 42.678970336914062 ] } },
{ "type": "Feature", "properties": { "vehicle_id": "A2302", "latitude": 42.66351318359375, "longitude": 23.357818603515625, "raw_occupancy": 3, "timestamp": "2026-09-15 17:15:27" }, "geometry": { "type": "Point", "coordinates": [ 23.357818603515625, 42.66351318359375 ] } },
{ "type": "Feature", "properties": { "vehicle_id": "A3100", "latitude": 42.705806732177734, "longitude": 23.323593139648438, "raw_occupancy": 1, "timestamp": "2026-09-15 17:15:27" }, "geometry": { "type": "Point", "coordinates": [ 23.323593139648438, 42.705806732177734 ] } },
{ "type": "Feature", "properties": { "vehicle_id": "A7181", "latitude": 42.824253082275391, "longitude": 23.284515380859375, "raw_occupancy": 0, "timestamp": "2026-09-15 17:15:27" }, "geometry": { "type": "Point", "coordinates": [ 23.284515380859375, 42.824253082275391 ] } },
{ "type": "Feature", "properties": { "vehicle_id": "A2831", "latitude": 42.662590026855469, "longitude": 23.243484497070312, "raw_occupancy": 2, "timestamp": "2026-09-15 17:15:27" }, "geometry": { "type": "Point", "coordinates": [ 23.243484497070312, 42.662590026855469 ] } },
{ "type": "Feature", "properties": { "vehicle_id": "A3122", "latitude": 42.663806915283203, "longitude": 23.357074737548828, "raw_occupancy": 0, "timestamp": "2026-09-15 17:15:27" }, "geometry": { "type": "Point", "coordinates": [ 23.357074737548828, 42.663806915283203 ] } },
{ "type": "Feature", "properties": { "vehicle_id": "A1420", "latitude": 42.65625, "longitude": 23.284671783447266, "raw_occupancy": 2, "timestamp": "2026-09-15 17:15:27" }, "geometry": { "type": "Point", "coordinates": [ 23.284671783447266, 42.65625 ] } },
{ "type": "Feature", "properties": { "vehicle_id": "A3142", "latitude": 42.669952392578125, "longitude": 23.398586273193359, "raw_occupancy": 1, "timestamp": "2026-09-15 17:15:27" }, "geometry": { "type": "Point", "coordinates": [ 23.398586273193359, 42.669952392578125 ] } },
{ "type": "Feature", "properties": { "vehicle_id": "A3012", "latitude": 42.678123474121094, "longitude": 23.370342254638672, "raw_occupancy": 2, "timestamp": "2026-09-15 17:15:27" }, "geometry": { "type": "Point", "coordinates": [ 23.370342254638672, 42.678123474121094 ] } },
{ "type": "Feature", "properties": { "vehicle_id": "A2301", "latitude": 42.652446746826172, "longitude": 23.347406387329102, "raw_occupancy": 2, "timestamp": "2026-09-15 17:15:27" }, "geometry": { "type": "Point", "coordinates": [ 23.347406387329102, 42.652446746826172 ] } },
{ "type": "Feature", "properties": { "vehicle_id": "A3102", "latitude": 42.717250823974609, "longitude": 23.309974670410156, "raw_occupancy": 1, "timestamp": "2026-09-15 17:15:27" }, "geometry": { "type": "Point", "coordinates": [ 23.309974670410156, 42.717250823974609 ] } },
{ "type": "Feature", "properties": { "vehicle_id": "A2140", "latitude": 42.701099395751953, "longitude": 23.360050201416016, "raw_occupancy": 3, "timestamp": "2026-09-15 17:15:27" }, "geometry": { "type": "Point", "coordinates": [ 23.360050201416016, 42.701099395751953 ] } },
{ "type": "Feature", "properties": { "vehicle_id": "A2001", "latitude": 42.668449401855469, "longitude": 23.328592300415039, "raw_occupancy": 2, "timestamp": "2026-09-15 17:15:27" }, "geometry": { "type": "Point", "coordinates": [ 23.328592300415039, 42.668449401855469 ] } },
{ "type": "Feature", "properties": { "vehicle_id": "A2017", "latitude": 42.708400726318359, "longitude": 23.350654602050781, "raw_occupancy": 1, "timestamp": "2026-09-15 17:15:27" }, "geometry": { "type": "Point", "coordinates": [ 23.350654602050781, 42.708400726318359 ] } },
{ "type": "Feature", "properties": { "vehicle_id": "A2061", "latitude": 42.709796905517578, "longitude": 23.335529327392578, "raw_occupancy": 0, "timestamp": "2026-09-15 17:15:27" }, "geometry": { "type": "Point", "coordinates": [ 23.335529327392578, 42.709796905517578 ] } },
{ "type": "Feature", "properties": { "vehicle_id": "A3605", "latitude": 42.601593017578125, "longitude": 23.482341766357422, "raw_occupancy": 1, "timestamp": "2026-09-15 17:15:27" }, "geometry": { "type": "Point", "coordinates": [ 23.482341766357422, 42.601593017578125 ] } },
{ "type": "Feature", "properties": { "vehicle_id": "A3126", "latitude": 42.644447326660156, "longitude": 23.367000579833984, "raw_occupancy": 3, "timestamp": "2026-09-15 17:15:27" }, "geometry": { "type": "Point", "coordinates": [ 23.367000579833984, 42.644447326660156 ] } },
{ "type": "Feature", "properties": { "vehicle_id": "A1125", "latitude": 42.756694793701172, "longitude": 23.208967208862305, "raw_occupancy": 2, "timestamp": "2026-09-15 17:15:27" }, "geometry": { "type": "Point", "coordinates": [ 23.208967208862305, 42.756694793701172 ] } },
{ "type": "Feature", "properties": { "vehicle_id": "A1206", "latitude": 42.6553955078125, "longitude": 23.283811569213867, "raw_occupancy": 1, "timestamp": "2026-09-15 17:15:27" }, "geometry": { "type": "Point", "coordinates": [ 23.283811569213867, 42.6553955078125 ] } },
{ "type": "Feature", "properties": { "vehicle_id": "A1404", "latitude": 42.669384002685547, "longitude": 23.29155158996582, "raw_occupancy": 3, "timestamp": "2026-09-15 17:15:27" }, "geometry": { "type": "Point", "coordinates": [ 23.29155158996582, 42.669384002685547 ] } },
{ "type": "Feature", "properties": { "vehicle_id": "A7149", "latitude": 42.704795837402344, "longitude": 23.332313537597656, "raw_occupancy": 3, "timestamp": "2026-09-15 17:15:27" }, "geometry": { "type": "Point", "coordinates": [ 23.332313537597656, 42.704795837402344 ] } },
{ "type": "Feature", "properties": { "vehicle_id": "A3663", "latitude": 42.703727722167969, "longitude": 23.335639953613281, "raw_occupancy": 2, "timestamp": "2026-09-15 17:15:27" }, "geometry": { "type": "Point", "coordinates": [ 23.335639953613281, 42.703727722167969 ] } },
{ "type": "Feature", "properties": { "vehicle_id": "A3622", "latitude": 42.667991638183594, "longitude": 23.463775634765625, "raw_occupancy": 1, "timestamp": "2026-09-15 17:15:27" }, "geometry": { "type": "Point", "coordinates": [ 23.463775634765625, 42.667991638183594 ] } },
{ "type": "Feature", "properties": { "vehicle_id": "A3125", "latitude": 42.690662384033203, "longitude": 23.354000091552734, "raw_occupancy": 3, "timestamp": "2026-09-15 17:15:27" }, "geometry": { "type": "Point", "coordinates": [ 23.354000091552734, 42.690662384033203 ] } },
{ "type": "Feature", "properties": { "vehicle_id": "A2072", "latitude": 42.712436676025391, "longitude": 23.330598831176758, "raw_occupancy": 1, "timestamp": "2026-09-15 17:15:27" }, "geometry": { "type": "Point", "coordinates": [ 23.330598831176758, 42.712436676025391 ] } },
{ "type": "Feature", "properties": { "vehicle_id": "A3633", "latitude": 42.640567779541016, "longitude": 23.386838912963867, "raw_occupancy": 3, "timestamp": "2026-09-15 17:15:27" }, "geometry": { "type": "Point", "coordinates": [ 23.386838912963867, 42.640567779541016 ] } },
{ "type": "Feature", "properties": { "vehicle_id": "A1209", "latitude": 42.675796508789062, "longitude": 23.228425979614258, "raw_occupancy": 0, "timestamp": "2026-09-15 17:15:27" }, "geometry": { "type": "Point", "coordinates": [ 23.228425979614258, 42.675796508789062 ] } },
{ "type": "Feature", "properties": { "vehicle_id": "A3620", "latitude": 42.586067199707031, "longitude": 23.359773635864258, "raw_occupancy": 1, "timestamp": "2026-09-15 17:15:27" }, "geometry": { "type": "Point", "coordinates": [ 23.359773635864258, 42.586067199707031 ] } },
{ "type": "Feature", "properties": { "vehicle_id": "A3606", "latitude": 42.631935119628906, "longitude": 23.38032341003418, "raw_occupancy": 3, "timestamp": "2026-09-15 17:15:27" }, "geometry": { "type": "Point", "coordinates": [ 23.38032341003418, 42.631935119628906 ] } },
{ "type": "Feature", "properties": { "vehicle_id": "A1413", "latitude": 42.671733856201172, "longitude": 23.251693725585938, "raw_occupancy": 2, "timestamp": "2026-09-15 17:15:27" }, "geometry": { "type": "Point", "coordinates": [ 23.251693725585938, 42.671733856201172 ] } },
{ "type": "Feature", "properties": { "vehicle_id": "A2052", "latitude": 42.646957397460938, "longitude": 23.396392822265625, "raw_occupancy": 3, "timestamp": "2026-09-15 17:15:27" }, "geometry": { "type": "Point", "coordinates": [ 23.396392822265625, 42.646957397460938 ] } },
{ "type": "Feature", "properties": { "vehicle_id": "A3147", "latitude": 42.674942016601562, "longitude": 23.290283203125, "raw_occupancy": 3, "timestamp": "2026-09-15 17:15:27" }, "geometry": { "type": "Point", "coordinates": [ 23.290283203125, 42.674942016601562 ] } },
{ "type": "Feature", "properties": { "vehicle_id": "A3312", "latitude": 42.631572723388672, "longitude": 23.380390167236328, "raw_occupancy": 2, "timestamp": "2026-09-15 17:15:27" }, "geometry": { "type": "Point", "coordinates": [ 23.380390167236328, 42.631572723388672 ] } },
{ "type": "Feature", "properties": { "vehicle_id": "A3129", "latitude": 42.638473510742188, "longitude": 23.381343841552734, "raw_occupancy": 1, "timestamp": "2026-09-15 17:15:27" }, "geometry": { "type": "Point", "coordinates": [ 23.381343841552734, 42.638473510742188 ] } },
{ "type": "Feature", "properties": { "vehicle_id": "A3121", "latitude": 42.687046051025391, "longitude": 23.351831436157227, "raw_occupancy": 3, "timestamp": "2026-09-15 17:15:27" }, "geometry": { "type": "Point", "coordinates": [ 23.351831436157227, 42.687046051025391 ] } },
{ "type": "Feature", "properties": { "vehicle_id": "A2727", "latitude": 42.723278045654297, "longitude": 23.305944442749023, "raw_occupancy": 2, "timestamp": "2026-09-15 17:15:27" }, "geometry": { "type": "Point", "coordinates": [ 23.305944442749023, 42.723278045654297 ] } },
{ "type": "Feature", "properties": { "vehicle_id": "A2006", "latitude": 42.709579467773438, "longitude": 23.259830474853516, "raw_occupancy": 3, "timestamp": "2026-09-15 17:15:27" }, "geometry": { "type": "Point", "coordinates": [ 23.259830474853516, 42.709579467773438 ] } },
{ "type": "Feature", "properties": { "vehicle_id": "A2041", "latitude": 42.705101013183594, "longitude": 23.331523895263672, "raw_occupancy": 1, "timestamp": "2026-09-15 17:15:27" }, "geometry": { "type": "Point", "coordinates": [ 23.331523895263672, 42.705101013183594 ] } },
{ "type": "Feature", "properties": { "vehicle_id": "A2816", "latitude": 42.723907470703125, "longitude": 23.315711975097656, "raw_occupancy": 1, "timestamp": "2026-09-15 17:15:27" }, "geometry": { "type": "Point", "coordinates": [ 23.315711975097656, 42.723907470703125 ] } },
{ "type": "Feature", "properties": { "vehicle_id": "A3152", "latitude": 42.649856567382812, "longitude": 23.363071441650391, "raw_occupancy": 3, "timestamp": "2026-09-15 17:15:27" }, "geometry": { "type": "Point", "coordinates": [ 23.363071441650391, 42.649856567382812 ] } },
{ "type": "Feature", "properties": { "vehicle_id": "A3136", "latitude": 42.626468658447266, "longitude": 23.383785247802734, "raw_occupancy": 0, "timestamp": "2026-09-15 17:15:27" }, "geometry": { "type": "Point", "coordinates": [ 23.383785247802734, 42.626468658447266 ] } },
{ "type": "Feature", "properties": { "vehicle_id": "A3157", "latitude": 42.686065673828125, "longitude": 23.351202011108398, "raw_occupancy": 4, "timestamp": "2026-09-15 17:15:27" }, "geometry": { "type": "Point", "coordinates": [ 23.351202011108398, 42.686065673828125 ] } },
{ "type": "Feature", "properties": { "vehicle_id": "A2504", "latitude": 42.714134216308594, "longitude": 23.304718017578125, "raw_occupancy": 2, "timestamp": "2026-09-15 17:15:27" }, "geometry": { "type": "Point", "coordinates": [ 23.304718017578125, 42.714134216308594 ] } },
{ "type": "Feature", "properties": { "vehicle_id": "A2062", "latitude": 42.696361541748047, "longitude": 23.280527114868164, "raw_occupancy": 4, "timestamp": "2026-09-15 17:15:27" }, "geometry": { "type": "Point", "coordinates": [ 23.280527114868164, 42.696361541748047 ] } },
{ "type": "Feature", "properties": { "vehicle_id": "A2025", "latitude": 42.678092956542969, "longitude": 23.326757431030273, "raw_occupancy": 3, "timestamp": "2026-09-15 17:15:27" }, "geometry": { "type": "Point", "coordinates": [ 23.326757431030273, 42.678092956542969 ] } },
{ "type": "Feature", "properties": { "vehicle_id": "A3151", "latitude": 42.667110443115234, "longitude": 23.337526321411133, "raw_occupancy": 3, "timestamp": "2026-09-15 17:15:27" }, "geometry": { "type": "Point", "coordinates": [ 23.337526321411133, 42.667110443115234 ] } },
{ "type": "Feature", "properties": { "vehicle_id": "A1223", "latitude": 42.652774810791016, "longitude": 23.315889358520508, "raw_occupancy": 4, "timestamp": "2026-09-15 17:15:27" }, "geometry": { "type": "Point", "coordinates": [ 23.315889358520508, 42.652774810791016 ] } },
{ "type": "Feature", "properties": { "vehicle_id": "A2040", "latitude": 42.667873382568359, "longitude": 23.327463150024414, "raw_occupancy": 2, "timestamp": "2026-09-15 17:15:27" }, "geometry": { "type": "Point", "coordinates": [ 23.327463150024414, 42.667873382568359 ] } },
{ "type": "Feature", "properties": { "vehicle_id": "A2316", "latitude": 42.651145935058594, "longitude": 23.358108520507812, "raw_occupancy": 3, "timestamp": "2026-09-15 17:15:27" }, "geometry": { "type": "Point", "coordinates": [ 23.358108520507812, 42.651145935058594 ] } },
{ "type": "Feature", "properties": { "vehicle_id": "A7085", "latitude": 42.708827972412109, "longitude": 23.435131072998047, "raw_occupancy": 2, "timestamp": "2026-09-15 17:15:27" }, "geometry": { "type": "Point", "coordinates": [ 23.435131072998047, 42.708827972412109 ] } },
{ "type": "Feature", "properties": { "vehicle_id": "A2012", "latitude": 42.712898254394531, "longitude": 23.379556655883789, "raw_occupancy": 0, "timestamp": "2026-09-15 17:15:27" }, "geometry": { "type": "Point", "coordinates": [ 23.379556655883789, 42.712898254394531 ] } },
{ "type": "Feature", "properties": { "vehicle_id": "A1176", "latitude": 42.698200225830078, "longitude": 23.315080642700195, "raw_occupancy": 1, "timestamp": "2026-09-15 17:15:27" }, "geometry": { "type": "Point", "coordinates": [ 23.315080642700195, 42.698200225830078 ] } },
{ "type": "Feature", "properties": { "vehicle_id": "A2306", "latitude": 42.645515441894531, "longitude": 23.345251083374023, "raw_occupancy": 0, "timestamp": "2026-09-15 17:15:27" }, "geometry": { "type": "Point", "coordinates": [ 23.345251083374023, 42.645515441894531 ] } },
{ "type": "Feature", "properties": { "vehicle_id": "A7109", "latitude": 42.704017639160156, "longitude": 23.38646125793457, "raw_occupancy": 0, "timestamp": "2026-09-15 17:15:27" }, "geometry": { "type": "Point", "coordinates": [ 23.38646125793457, 42.704017639160156 ] } },
{ "type": "Feature", "properties": { "vehicle_id": "A3138", "latitude": 42.693637847900391, "longitude": 23.346532821655273, "raw_occupancy": 3, "timestamp": "2026-09-15 17:15:27" }, "geometry": { "type": "Point", "coordinates": [ 23.346532821655273, 42.693637847900391 ] } },
{ "type": "Feature", "properties": { "vehicle_id": "A7067", "latitude": 42.719642639160156, "longitude": 23.533954620361328, "raw_occupancy": 1, "timestamp": "2026-09-15 17:15:27" }, "geometry": { "type": "Point", "coordinates": [ 23.533954620361328, 42.719642639160156 ] } },
{ "type": "Feature", "properties": { "vehicle_id": "A1409", "latitude": 42.665592193603516, "longitude": 23.260660171508789, "raw_occupancy": 2, "timestamp": "2026-09-15 17:15:27" }, "geometry": { "type": "Point", "coordinates": [ 23.260660171508789, 42.665592193603516 ] } },
{ "type": "Feature", "properties": { "vehicle_id": "A3621", "latitude": 42.671588897705078, "longitude": 23.428073883056641, "raw_occupancy": 2, "timestamp": "2026-09-15 17:15:27" }, "geometry": { "type": "Point", "coordinates": [ 23.428073883056641, 42.671588897705078 ] } },
{ "type": "Feature", "properties": { "vehicle_id": "A2002", "latitude": 42.656772613525391, "longitude": 23.359024047851562, "raw_occupancy": 2, "timestamp": "2026-09-15 17:15:27" }, "geometry": { "type": "Point", "coordinates": [ 23.359024047851562, 42.656772613525391 ] } },
{ "type": "Feature", "properties": { "vehicle_id": "A3670", "latitude": 42.674503326416016, "longitude": 23.359939575195312, "raw_occupancy": 4, "timestamp": "2026-09-15 17:15:27" }, "geometry": { "type": "Point", "coordinates": [ 23.359939575195312, 42.674503326416016 ] } },
{ "type": "Feature", "properties": { "vehicle_id": "A1837", "latitude": 42.768508911132812, "longitude": 23.24366569519043, "raw_occupancy": 0, "timestamp": "2026-09-15 17:15:27" }, "geometry": { "type": "Point", "coordinates": [ 23.24366569519043, 42.768508911132812 ] } },
{ "type": "Feature", "properties": { "vehicle_id": "A2804", "latitude": 42.687896728515625, "longitude": 23.333799362182617, "raw_occupancy": 2, "timestamp": "2026-09-15 17:15:27" }, "geometry": { "type": "Point", "coordinates": [ 23.333799362182617, 42.687896728515625 ] } },
{ "type": "Feature", "properties": { "vehicle_id": "A7055", "latitude": 42.736110687255859, "longitude": 23.486335754394531, "raw_occupancy": 2, "timestamp": "2026-09-15 17:15:27" }, "geometry": { "type": "Point", "coordinates": [ 23.486335754394531, 42.736110687255859 ] } },
{ "type": "Feature", "properties": { "vehicle_id": "A2074", "latitude": 42.590671539306641, "longitude": 23.41834831237793, "raw_occupancy": 1, "timestamp": "2026-09-15 17:15:27" }, "geometry": { "type": "Point", "coordinates": [ 23.41834831237793, 42.590671539306641 ] } },
{ "type": "Feature", "properties": { "vehicle_id": "A3659", "latitude": 42.687126159667969, "longitude": 23.331445693969727, "raw_occupancy": 4, "timestamp": "2026-09-15 17:15:27" }, "geometry": { "type": "Point", "coordinates": [ 23.331445693969727, 42.687126159667969 ] } },
{ "type": "Feature", "properties": { "vehicle_id": "A2517", "latitude": 42.533908843994141, "longitude": 23.366331100463867, "raw_occupancy": 0, "timestamp": "2026-09-15 17:15:27" }, "geometry": { "type": "Point", "coordinates": [ 23.366331100463867, 42.533908843994141 ] } },
{ "type": "Feature", "properties": { "vehicle_id": "A2041", "latitude": 42.704811096191406, "longitude": 23.329065322875977, "raw_occupancy": 2, "timestamp": "2026-09-15 17:15:27" }, "geometry": { "type": "Point", "coordinates": [ 23.329065322875977, 42.704811096191406 ] } },
{ "type": "Feature", "properties": { "vehicle_id": "A1150", "latitude": 42.660392761230469, "longitude": 23.320693969726562, "raw_occupancy": 0, "timestamp": "2026-09-15 17:15:27" }, "geometry": { "type": "Point", "coordinates": [ 23.320693969726562, 42.660392761230469 ] } },
{ "type": "Feature", "properties": { "vehicle_id": "A1213", "latitude": 42.712684631347656, "longitude": 23.162294387817383, "raw_occupancy": 1, "timestamp": "2026-09-15 17:15:27" }, "geometry": { "type": "Point", "coordinates": [ 23.162294387817383, 42.712684631347656 ] } },
{ "type": "Feature", "properties": { "vehicle_id": "A1829", "latitude": 42.709835052490234, "longitude": 23.142110824584961, "raw_occupancy": 0, "timestamp": "2026-09-15 17:15:27" }, "geometry": { "type": "Point", "coordinates": [ 23.142110824584961, 42.709835052490234 ] } },
{ "type": "Feature", "properties": { "vehicle_id": "A7113", "latitude": 42.726474761962891, "longitude": 23.302730560302734, "raw_occupancy": 4, "timestamp": "2026-09-15 17:15:27" }, "geometry": { "type": "Point", "coordinates": [ 23.302730560302734, 42.726474761962891 ] } },
{ "type": "Feature", "properties": { "vehicle_id": "A7185", "latitude": 42.723068237304688, "longitude": 23.543050765991211, "raw_occupancy": 0, "timestamp": "2026-09-15 17:15:27" }, "geometry": { "type": "Point", "coordinates": [ 23.543050765991211, 42.723068237304688 ] } },
{ "type": "Feature", "properties": { "vehicle_id": "A2055", "latitude": 42.726253509521484, "longitude": 23.262790679931641, "raw_occupancy": 1, "timestamp": "2026-09-15 17:15:27" }, "geometry": { "type": "Point", "coordinates": [ 23.262790679931641, 42.726253509521484 ] } },
{ "type": "Feature", "properties": { "vehicle_id": "A1161", "latitude": 42.716865539550781, "longitude": 23.251880645751953, "raw_occupancy": 2, "timestamp": "2026-09-15 17:15:27" }, "geometry": { "type": "Point", "coordinates": [ 23.251880645751953, 42.716865539550781 ] } },
{ "type": "Feature", "properties": { "vehicle_id": "A1605", "latitude": 42.696727752685547, "longitude": 23.351696014404297, "raw_occupancy": 3, "timestamp": "2026-09-15 17:15:27" }, "geometry": { "type": "Point", "coordinates": [ 23.351696014404297, 42.696727752685547 ] } },
{ "type": "Feature", "properties": { "vehicle_id": "A2000", "latitude": 42.705856323242188, "longitude": 23.384092330932617, "raw_occupancy": 1, "timestamp": "2026-09-15 17:15:27" }, "geometry": { "type": "Point", "coordinates": [ 23.384092330932617, 42.705856323242188 ] } },
{ "type": "Feature", "properties": { "vehicle_id": "A1211", "latitude": 42.697017669677734, "longitude": 23.265438079833984, "raw_occupancy": 2, "timestamp": "2026-09-15 17:15:27" }, "geometry": { "type": "Point", "coordinates": [ 23.265438079833984, 42.697017669677734 ] } },
{ "type": "Feature", "properties": { "vehicle_id": "A1160", "latitude": 42.690135955810547, "longitude": 23.252571105957031, "raw_occupancy": 1, "timestamp": "2026-09-15 17:15:27" }, "geometry": { "type": "Point", "coordinates": [ 23.252571105957031, 42.690135955810547 ] } },
{ "type": "Feature", "properties": { "vehicle_id": "A1216", "latitude": 42.727252960205078, "longitude": 23.262208938598633, "raw_occupancy": 1, "timestamp": "2026-09-15 17:15:27" }, "geometry": { "type": "Point", "coordinates": [ 23.262208938598633, 42.727252960205078 ] } },
{ "type": "Feature", "properties": { "vehicle_id": "A2060", "latitude": 42.637954711914062, "longitude": 23.406761169433594, "raw_occupancy": 3, "timestamp": "2026-09-15 17:15:27" }, "geometry": { "type": "Point", "coordinates": [ 23.406761169433594, 42.637954711914062 ] } },
{ "type": "Feature", "properties": { "vehicle_id": "A3617", "latitude": 42.663364410400391, "longitude": 23.397958755493164, "raw_occupancy": 1, "timestamp": "2026-09-15 17:15:27" }, "geometry": { "type": "Point", "coordinates": [ 23.397958755493164, 42.663364410400391 ] } },
{ "type": "Feature", "properties": { "vehicle_id": "A7159", "latitude": 42.739765167236328, "longitude": 23.317268371582031, "raw_occupancy": 4, "timestamp": "2026-09-15 17:15:27" }, "geometry": { "type": "Point", "coordinates": [ 23.317268371582031, 42.739765167236328 ] } },
{ "type": "Feature", "properties": { "vehicle_id": "A1156", "latitude": 42.694332122802734, "longitude": 23.293003082275391, "raw_occupancy": 3, "timestamp": "2026-09-15 17:15:27" }, "geometry": { "type": "Point", "coordinates": [ 23.293003082275391, 42.694332122802734 ] } },
{ "type": "Feature", "properties": { "vehicle_id": "A7081", "latitude": 42.732040405273438, "longitude": 23.343742370605469, "raw_occupancy": 2, "timestamp": "2026-09-15 17:15:27" }, "geometry": { "type": "Point", "coordinates": [ 23.343742370605469, 42.732040405273438 ] } },
{ "type": "Feature", "properties": { "vehicle_id": "A3135", "latitude": 42.654743194580078, "longitude": 23.381053924560547, "raw_occupancy": 2, "timestamp": "2026-09-15 17:15:27" }, "geometry": { "type": "Point", "coordinates": [ 23.381053924560547, 42.654743194580078 ] } },
{ "type": "Feature", "properties": { "vehicle_id": "A3615", "latitude": 42.69970703125, "longitude": 23.345729827880859, "raw_occupancy": 5, "timestamp": "2026-09-15 17:15:27" }, "geometry": { "type": "Point", "coordinates": [ 23.345729827880859, 42.69970703125 ] } },
{ "type": "Feature", "properties": { "vehicle_id": "A3654", "latitude": 42.648780822753906, "longitude": 23.335433959960938, "raw_occupancy": 1, "timestamp": "2026-09-15 17:15:27" }, "geometry": { "type": "Point", "coordinates": [ 23.335433959960938, 42.648780822753906 ] } },
{ "type": "Feature", "properties": { "vehicle_id": "A3601", "latitude": 42.675094604492188, "longitude": 23.402742385864258, "raw_occupancy": 1, "timestamp": "2026-09-15 17:15:27" }, "geometry": { "type": "Point", "coordinates": [ 23.402742385864258, 42.675094604492188 ] } },
{ "type": "Feature", "properties": { "vehicle_id": "A3112", "latitude": 42.685836791992188, "longitude": 23.343935012817383, "raw_occupancy": 3, "timestamp": "2026-09-15 17:15:27" }, "geometry": { "type": "Point", "coordinates": [ 23.343935012817383, 42.685836791992188 ] } },
{ "type": "Feature", "properties": { "vehicle_id": "A1181", "latitude": 42.7279052734375, "longitude": 23.289436340332031, "raw_occupancy": 0, "timestamp": "2026-09-15 17:15:27" }, "geometry": { "type": "Point", "coordinates": [ 23.289436340332031, 42.7279052734375 ] } },
{ "type": "Feature", "properties": { "vehicle_id": "A2027", "latitude": 42.704296112060547, "longitude": 23.366655349731445, "raw_occupancy": 3, "timestamp": "2026-09-15 17:15:27" }, "geometry": { "type": "Point", "coordinates": [ 23.366655349731445, 42.704296112060547 ] } },
{ "type": "Feature", "properties": { "vehicle_id": "A3106", "latitude": 42.661125183105469, "longitude": 23.351808547973633, "raw_occupancy": 3, "timestamp": "2026-09-15 17:15:27" }, "geometry": { "type": "Point", "coordinates": [ 23.351808547973633, 42.661125183105469 ] } },
{ "type": "Feature", "properties": { "vehicle_id": "A1012", "latitude": 42.652988433837891, "longitude": 23.294416427612305, "raw_occupancy": 1, "timestamp": "2026-09-15 17:15:27" }, "geometry": { "type": "Point", "coordinates": [ 23.294416427612305, 42.652988433837891 ] } },
{ "type": "Feature", "properties": { "vehicle_id": "A7051", "latitude": 42.704845428466797, "longitude": 23.358245849609375, "raw_occupancy": 1, "timestamp": "2026-09-15 17:15:27" }, "geometry": { "type": "Point", "coordinates": [ 23.358245849609375, 42.704845428466797 ] } },
{ "type": "Feature", "properties": { "vehicle_id": "A7145", "latitude": 42.708236694335938, "longitude": 23.443500518798828, "raw_occupancy": 3, "timestamp": "2026-09-15 17:15:27" }, "geometry": { "type": "Point", "coordinates": [ 23.443500518798828, 42.708236694335938 ] } },
{ "type": "Feature", "properties": { "vehicle_id": "A3656", "latitude": 42.705150604248047, "longitude": 23.3336181640625, "raw_occupancy": 3, "timestamp": "2026-09-15 17:15:27" }, "geometry": { "type": "Point", "coordinates": [ 23.3336181640625, 42.705150604248047 ] } },
{ "type": "Feature", "properties": { "vehicle_id": "A7191", "latitude": 42.727207183837891, "longitude": 23.377582550048828, "raw_occupancy": 0, "timestamp": "2026-09-15 17:15:27" }, "geometry": { "type": "Point", "coordinates": [ 23.377582550048828, 42.727207183837891 ] } },
{ "type": "Feature", "properties": { "vehicle_id": "A2500", "latitude": 42.689895629882812, "longitude": 23.363885879516602, "raw_occupancy": 3, "timestamp": "2026-09-15 17:15:27" }, "geometry": { "type": "Point", "coordinates": [ 23.363885879516602, 42.689895629882812 ] } },
{ "type": "Feature", "properties": { "vehicle_id": "A3137", "latitude": 42.664798736572266, "longitude": 23.288568496704102, "raw_occupancy": 1, "timestamp": "2026-09-15 17:15:27" }, "geometry": { "type": "Point", "coordinates": [ 23.288568496704102, 42.664798736572266 ] } },
{ "type": "Feature", "properties": { "vehicle_id": "A3139", "latitude": 42.640403747558594, "longitude": 23.414636611938477, "raw_occupancy": 1, "timestamp": "2026-09-15 17:15:27" }, "geometry": { "type": "Point", "coordinates": [ 23.414636611938477, 42.640403747558594 ] } },
{ "type": "Feature", "properties": { "vehicle_id": "A2014", "latitude": 42.703868865966797, "longitude": 23.386524200439453, "raw_occupancy": 1, "timestamp": "2026-09-15 17:15:27" }, "geometry": { "type": "Point", "coordinates": [ 23.386524200439453, 42.703868865966797 ] } },
{ "type": "Feature", "properties": { "vehicle_id": "A7127", "latitude": 42.714290618896484, "longitude": 23.524749755859375, "raw_occupancy": 2, "timestamp": "2026-09-15 17:15:27" }, "geometry": { "type": "Point", "coordinates": [ 23.524749755859375, 42.714290618896484 ] } },
{ "type": "Feature", "properties": { "vehicle_id": "A1851", "latitude": 42.685173034667969, "longitude": 23.296663284301758, "raw_occupancy": 1, "timestamp": "2026-09-15 17:15:27" }, "geometry": { "type": "Point", "coordinates": [ 23.296663284301758, 42.685173034667969 ] } },
{ "type": "Feature", "properties": { "vehicle_id": "A7093", "latitude": 42.712783813476562, "longitude": 23.198535919189453, "raw_occupancy": 1, "timestamp": "2026-09-15 17:15:27" }, "geometry": { "type": "Point", "coordinates": [ 23.198535919189453, 42.712783813476562 ] } },
{ "type": "Feature", "properties": { "vehicle_id": "A3019", "latitude": 42.68072509765625, "longitude": 23.357206344604492, "raw_occupancy": 3, "timestamp": "2026-09-15 17:15:27" }, "geometry": { "type": "Point", "coordinates": [ 23.357206344604492, 42.68072509765625 ] } },
{ "type": "Feature", "properties": { "vehicle_id": "A1031", "latitude": 42.667034149169922, "longitude": 23.266185760498047, "raw_occupancy": 3, "timestamp": "2026-09-15 17:15:27" }, "geometry": { "type": "Point", "coordinates": [ 23.266185760498047, 42.667034149169922 ] } },
{ "type": "Feature", "properties": { "vehicle_id": "A7041", "latitude": 42.756881713867188, "longitude": 23.275480270385742, "raw_occupancy": 2, "timestamp": "2026-09-15 17:15:27" }, "geometry": { "type": "Point", "coordinates": [ 23.275480270385742, 42.756881713867188 ] } },
{ "type": "Feature", "properties": { "vehicle_id": "A1410", "latitude": 42.659328460693359, "longitude": 23.325666427612305, "raw_occupancy": 1, "timestamp": "2026-09-15 17:15:27" }, "geometry": { "type": "Point", "coordinates": [ 23.325666427612305, 42.659328460693359 ] } },
{ "type": "Feature", "properties": { "vehicle_id": "A7169", "latitude": 42.780963897705078, "longitude": 23.518013000488281, "raw_occupancy": 1, "timestamp": "2026-09-15 17:15:27" }, "geometry": { "type": "Point", "coordinates": [ 23.518013000488281, 42.780963897705078 ] } },
{ "type": "Feature", "properties": { "vehicle_id": "A7099", "latitude": 42.822391510009766, "longitude": 23.354009628295898, "raw_occupancy": 1, "timestamp": "2026-09-15 17:15:27" }, "geometry": { "type": "Point", "coordinates": [ 23.354009628295898, 42.822391510009766 ] } },
{ "type": "Feature", "properties": { "vehicle_id": "A7095", "latitude": 42.706298828125, "longitude": 23.404897689819336, "raw_occupancy": 3, "timestamp": "2026-09-15 17:15:27" }, "geometry": { "type": "Point", "coordinates": [ 23.404897689819336, 42.706298828125 ] } },
{ "type": "Feature", "properties": { "vehicle_id": "A2003", "latitude": 42.710063934326172, "longitude": 23.266157150268555, "raw_occupancy": 2, "timestamp": "2026-09-15 17:15:27" }, "geometry": { "type": "Point", "coordinates": [ 23.266157150268555, 42.710063934326172 ] } },
{ "type": "Feature", "properties": { "vehicle_id": "A3153", "latitude": 42.649333953857422, "longitude": 23.413684844970703, "raw_occupancy": 1, "timestamp": "2026-09-15 17:15:27" }, "geometry": { "type": "Point", "coordinates": [ 23.413684844970703, 42.649333953857422 ] } },
{ "type": "Feature", "properties": { "vehicle_id": "A7115", "latitude": 42.779464721679688, "longitude": 23.313182830810547, "raw_occupancy": 2, "timestamp": "2026-09-15 17:15:27" }, "geometry": { "type": "Point", "coordinates": [ 23.313182830810547, 42.779464721679688 ] } },
{ "type": "Feature", "properties": { "vehicle_id": "A2045", "latitude": 42.709941864013672, "longitude": 23.293973922729492, "raw_occupancy": 3, "timestamp": "2026-09-15 17:15:27" }, "geometry": { "type": "Point", "coordinates": [ 23.293973922729492, 42.709941864013672 ] } },
{ "type": "Feature", "properties": { "vehicle_id": "A1205", "latitude": 42.640914916992188, "longitude": 23.374063491821289, "raw_occupancy": 1, "timestamp": "2026-09-15 17:15:27" }, "geometry": { "type": "Point", "coordinates": [ 23.374063491821289, 42.640914916992188 ] } },
{ "type": "Feature", "properties": { "vehicle_id": "A1613", "latitude": 42.725593566894531, "longitude": 23.261053085327148, "raw_occupancy": 0, "timestamp": "2026-09-15 17:15:27" }, "geometry": { "type": "Point", "coordinates": [ 23.261053085327148, 42.725593566894531 ] } },
{ "type": "Feature", "properties": { "vehicle_id": "A7153", "latitude": 42.828563690185547, "longitude": 23.239374160766602, "raw_occupancy": 0, "timestamp": "2026-09-15 17:15:27" }, "geometry": { "type": "Point", "coordinates": [ 23.239374160766602, 42.828563690185547 ] } },
{ "type": "Feature", "properties": { "vehicle_id": "A1426", "latitude": 42.654396057128906, "longitude": 23.371484756469727, "raw_occupancy": 0, "timestamp": "2026-09-15 17:15:27" }, "geometry": { "type": "Point", "coordinates": [ 23.371484756469727, 42.654396057128906 ] } },
{ "type": "Feature", "properties": { "vehicle_id": "A1314", "latitude": 42.661830902099609, "longitude": 23.273641586303711, "raw_occupancy": 1, "timestamp": "2026-09-15 17:15:27" }, "geometry": { "type": "Point", "coordinates": [ 23.273641586303711, 42.661830902099609 ] } },
{ "type": "Feature", "properties": { "vehicle_id": "A2010", "latitude": 42.717975616455078, "longitude": 23.238273620605469, "raw_occupancy": 1, "timestamp": "2026-09-15 17:15:27" }, "geometry": { "type": "Point", "coordinates": [ 23.238273620605469, 42.717975616455078 ] } },
{ "type": "Feature", "properties": { "vehicle_id": "A1162", "latitude": 42.711048126220703, "longitude": 23.291511535644531, "raw_occupancy": 2, "timestamp": "2026-09-15 17:15:27" }, "geometry": { "type": "Point", "coordinates": [ 23.291511535644531, 42.711048126220703 ] } },
{ "type": "Feature", "properties": { "vehicle_id": "A2064", "latitude": 42.752170562744141, "longitude": 23.318672180175781, "raw_occupancy": 3, "timestamp": "2026-09-15 17:15:27" }, "geometry": { "type": "Point", "coordinates": [ 23.318672180175781, 42.752170562744141 ] } },
{ "type": "Feature", "properties": { "vehicle_id": "A2044", "latitude": 42.658077239990234, "longitude": 23.328472137451172, "raw_occupancy": 1, "timestamp": "2026-09-15 17:15:27" }, "geometry": { "type": "Point", "coordinates": [ 23.328472137451172, 42.658077239990234 ] } },
{ "type": "Feature", "properties": { "vehicle_id": "A3146", "latitude": 42.687858581542969, "longitude": 23.33390998840332, "raw_occupancy": 3, "timestamp": "2026-09-15 17:15:27" }, "geometry": { "type": "Point", "coordinates": [ 23.33390998840332, 42.687858581542969 ] } },
{ "type": "Feature", "properties": { "vehicle_id": "A2048", "latitude": 42.576820373535156, "longitude": 23.4144287109375, "raw_occupancy": 0, "timestamp": "2026-09-15 17:15:27" }, "geometry": { "type": "Point", "coordinates": [ 23.4144287109375, 42.576820373535156 ] } },
{ "type": "Feature", "properties": { "vehicle_id": "A7137", "latitude": 42.74566650390625, "longitude": 23.399776458740234, "raw_occupancy": 2, "timestamp": "2026-09-15 17:15:27" }, "geometry": { "type": "Point", "coordinates": [ 23.399776458740234, 42.74566650390625 ] } },
{ "type": "Feature", "properties": { "vehicle_id": "A3625", "latitude": 42.673194885253906, "longitude": 23.429767608642578, "raw_occupancy": 2, "timestamp": "2026-09-15 17:15:27" }, "geometry": { "type": "Point", "coordinates": [ 23.429767608642578, 42.673194885253906 ] } },
{ "type": "Feature", "properties": { "vehicle_id": "A2720", "latitude": 42.793220520019531, "longitude": 23.445775985717773, "raw_occupancy": 0, "timestamp": "2026-09-15 17:15:27" }, "geometry": { "type": "Point", "coordinates": [ 23.445775985717773, 42.793220520019531 ] } },
{ "type": "Feature", "properties": { "vehicle_id": "A2825", "latitude": 42.717121124267578, "longitude": 23.279508590698242, "raw_occupancy": 2, "timestamp": "2026-09-15 17:15:27" }, "geometry": { "type": "Point", "coordinates": [ 23.279508590698242, 42.717121124267578 ] } },
{ "type": "Feature", "properties": { "vehicle_id": "A2506", "latitude": 42.6845703125, "longitude": 23.301445007324219, "raw_occupancy": 2, "timestamp": "2026-09-15 17:15:27" }, "geometry": { "type": "Point", "coordinates": [ 23.301445007324219, 42.6845703125 ] } },
{ "type": "Feature", "properties": { "vehicle_id": "A1805", "latitude": 42.650630950927734, "longitude": 23.37653923034668, "raw_occupancy": 1, "timestamp": "2026-09-15 17:15:27" }, "geometry": { "type": "Point", "coordinates": [ 23.37653923034668, 42.650630950927734 ] } },
{ "type": "Feature", "properties": { "vehicle_id": "A3140", "latitude": 42.629970550537109, "longitude": 23.373592376708984, "raw_occupancy": 1, "timestamp": "2026-09-15 17:15:27" }, "geometry": { "type": "Point", "coordinates": [ 23.373592376708984, 42.629970550537109 ] } },
{ "type": "Feature", "properties": { "vehicle_id": "A2822", "latitude": 42.745277404785156, "longitude": 23.348182678222656, "raw_occupancy": 2, "timestamp": "2026-09-15 17:15:27" }, "geometry": { "type": "Point", "coordinates": [ 23.348182678222656, 42.745277404785156 ] } },
{ "type": "Feature", "properties": { "vehicle_id": "A7083", "latitude": 42.707561492919922, "longitude": 23.383321762084961, "raw_occupancy": 0, "timestamp": "2026-09-15 17:15:27" }, "geometry": { "type": "Point", "coordinates": [ 23.383321762084961, 42.707561492919922 ] } },
{ "type": "Feature", "properties": { "vehicle_id": "A7139", "latitude": 42.706958770751953, "longitude": 23.401866912841797, "raw_occupancy": 3, "timestamp": "2026-09-15 17:15:27" }, "geometry": { "type": "Point", "coordinates": [ 23.401866912841797, 42.706958770751953 ] } },
{ "type": "Feature", "properties": { "vehicle_id": "A7171", "latitude": 42.742233276367188, "longitude": 23.277643203735352, "raw_occupancy": 3, "timestamp": "2026-09-15 17:15:27" }, "geometry": { "type": "Point", "coordinates": [ 23.277643203735352, 42.742233276367188 ] } },
{ "type": "Feature", "properties": { "vehicle_id": "A3116", "latitude": 42.663051605224609, "longitude": 23.356378555297852, "raw_occupancy": 1, "timestamp": "2026-09-15 17:15:27" }, "geometry": { "type": "Point", "coordinates": [ 23.356378555297852, 42.663051605224609 ] } },
{ "type": "Feature", "properties": { "vehicle_id": "A1839", "latitude": 42.703865051269531, "longitude": 23.285455703735352, "raw_occupancy": 2, "timestamp": "2026-09-15 17:15:27" }, "geometry": { "type": "Point", "coordinates": [ 23.285455703735352, 42.703865051269531 ] } },
{ "type": "Feature", "properties": { "vehicle_id": "A7065", "latitude": 42.707984924316406, "longitude": 23.342464447021484, "raw_occupancy": 3, "timestamp": "2026-09-15 17:15:27" }, "geometry": { "type": "Point", "coordinates": [ 23.342464447021484, 42.707984924316406 ] } },
{ "type": "Feature", "properties": { "vehicle_id": "A2029", "latitude": 42.650745391845703, "longitude": 23.342172622680664, "raw_occupancy": 3, "timestamp": "2026-09-15 17:15:27" }, "geometry": { "type": "Point", "coordinates": [ 23.342172622680664, 42.650745391845703 ] } },
{ "type": "Feature", "properties": { "vehicle_id": "A2088", "latitude": 42.704269409179688, "longitude": 23.328727722167969, "raw_occupancy": 1, "timestamp": "2026-09-15 17:15:27" }, "geometry": { "type": "Point", "coordinates": [ 23.328727722167969, 42.704269409179688 ] } },
{ "type": "Feature", "properties": { "vehicle_id": "A1166", "latitude": 42.730995178222656, "longitude": 23.31556510925293, "raw_occupancy": 2, "timestamp": "2026-09-15 17:15:27" }, "geometry": { "type": "Point", "coordinates": [ 23.31556510925293, 42.730995178222656 ] } },
{ "type": "Feature", "properties": { "vehicle_id": "A1185", "latitude": 42.671905517578125, "longitude": 23.336757659912109, "raw_occupancy": 3, "timestamp": "2026-09-15 17:15:27" }, "geometry": { "type": "Point", "coordinates": [ 23.336757659912109, 42.671905517578125 ] } },
{ "type": "Feature", "properties": { "vehicle_id": "A1405", "latitude": 42.649261474609375, "longitude": 23.315404891967773, "raw_occupancy": 3, "timestamp": "2026-09-15 17:15:27" }, "geometry": { "type": "Point", "coordinates": [ 23.315404891967773, 42.649261474609375 ] } },
{ "type": "Feature", "properties": { "vehicle_id": "A1168", "latitude": 42.671115875244141, "longitude": 23.293756484985352, "raw_occupancy": 5, "timestamp": "2026-09-15 17:15:27" }, "geometry": { "type": "Point", "coordinates": [ 23.293756484985352, 42.671115875244141 ] } },
{ "type": "Feature", "properties": { "vehicle_id": "A7075", "latitude": 42.802127838134766, "longitude": 23.422460556030273, "raw_occupancy": 0, "timestamp": "2026-09-15 17:15:27" }, "geometry": { "type": "Point", "coordinates": [ 23.422460556030273, 42.802127838134766 ] } },
{ "type": "Feature", "properties": { "vehicle_id": "A3634", "latitude": 42.677200317382812, "longitude": 23.398080825805664, "raw_occupancy": 1, "timestamp": "2026-09-15 17:15:27" }, "geometry": { "type": "Point", "coordinates": [ 23.398080825805664, 42.677200317382812 ] } },
{ "type": "Feature", "properties": { "vehicle_id": "A3120", "latitude": 42.662929534912109, "longitude": 23.376686096191406, "raw_occupancy": 3, "timestamp": "2026-09-15 17:15:27" }, "geometry": { "type": "Point", "coordinates": [ 23.376686096191406, 42.662929534912109 ] } },
{ "type": "Feature", "properties": { "vehicle_id": "A1165", "latitude": 42.684803009033203, "longitude": 23.275236129760742, "raw_occupancy": 2, "timestamp": "2026-09-15 17:15:27" }, "geometry": { "type": "Point", "coordinates": [ 23.275236129760742, 42.684803009033203 ] } },
{ "type": "Feature", "properties": { "vehicle_id": "A1034", "latitude": 42.668155670166016, "longitude": 23.266128540039062, "raw_occupancy": 2, "timestamp": "2026-09-15 17:15:27" }, "geometry": { "type": "Point", "coordinates": [ 23.266128540039062, 42.668155670166016 ] } },
{ "type": "Feature", "properties": { "vehicle_id": "A2509", "latitude": 42.678798675537109, "longitude": 23.360807418823242, "raw_occupancy": 3, "timestamp": "2026-09-15 17:15:27" }, "geometry": { "type": "Point", "coordinates": [ 23.360807418823242, 42.678798675537109 ] } },
{ "type": "Feature", "properties": { "vehicle_id": "A2518", "latitude": 42.613842010498047, "longitude": 23.461093902587891, "raw_occupancy": 2, "timestamp": "2026-09-15 17:15:27" }, "geometry": { "type": "Point", "coordinates": [ 23.461093902587891, 42.613842010498047 ] } },
{ "type": "Feature", "properties": { "vehicle_id": "A1618", "latitude": 42.683036804199219, "longitude": 23.243555068969727, "raw_occupancy": 0, "timestamp": "2026-09-15 17:15:27" }, "geometry": { "type": "Point", "coordinates": [ 23.243555068969727, 42.683036804199219 ] } },
{ "type": "Feature", "properties": { "vehicle_id": "A1319", "latitude": 42.677707672119141, "longitude": 23.253774642944336, "raw_occupancy": 1, "timestamp": "2026-09-15 17:15:27" }, "geometry": { "type": "Point", "coordinates": [ 23.253774642944336, 42.677707672119141 ] } },
{ "type": "Feature", "properties": { "vehicle_id": "A2510", "latitude": 42.642986297607422, "longitude": 23.312902450561523, "raw_occupancy": 2, "timestamp": "2026-09-15 17:15:27" }, "geometry": { "type": "Point", "coordinates": [ 23.312902450561523, 42.642986297607422 ] } },
{ "type": "Feature", "properties": { "vehicle_id": "A7193", "latitude": 42.745216369628906, "longitude": 23.34791374206543, "raw_occupancy": 0, "timestamp": "2026-09-15 17:15:27" }, "geometry": { "type": "Point", "coordinates": [ 23.34791374206543, 42.745216369628906 ] } },
{ "type": "Feature", "properties": { "vehicle_id": "A2819", "latitude": 42.706062316894531, "longitude": 23.312562942504883, "raw_occupancy": 3, "timestamp": "2026-09-15 17:15:27" }, "geometry": { "type": "Point", "coordinates": [ 23.312562942504883, 42.706062316894531 ] } },
{ "type": "Feature", "properties": { "vehicle_id": "A2065", "latitude": 42.782375335693359, "longitude": 23.386512756347656, "raw_occupancy": 2, "timestamp": "2026-09-15 17:15:27" }, "geometry": { "type": "Point", "coordinates": [ 23.386512756347656, 42.782375335693359 ] } },
{ "type": "Feature", "properties": { "vehicle_id": "A2307", "latitude": 42.692222595214844, "longitude": 23.343269348144531, "raw_occupancy": 1, "timestamp": "2026-09-15 17:15:27" }, "geometry": { "type": "Point", "coordinates": [ 23.343269348144531, 42.692222595214844 ] } },
{ "type": "Feature", "properties": { "vehicle_id": "A1845", "latitude": 42.730998992919922, "longitude": 23.254505157470703, "raw_occupancy": 2, "timestamp": "2026-09-15 17:15:27" }, "geometry": { "type": "Point", "coordinates": [ 23.254505157470703, 42.730998992919922 ] } },
{ "type": "Feature", "properties": { "vehicle_id": "A3616", "latitude": 42.699752807617188, "longitude": 23.344511032104492, "raw_occupancy": 3, "timestamp": "2026-09-15 17:15:27" }, "geometry": { "type": "Point", "coordinates": [ 23.344511032104492, 42.699752807617188 ] } },
{ "type": "Feature", "properties": { "vehicle_id": "A3613", "latitude": 42.675708770751953, "longitude": 23.401853561401367, "raw_occupancy": 1, "timestamp": "2026-09-15 17:15:27" }, "geometry": { "type": "Point", "coordinates": [ 23.401853561401367, 42.675708770751953 ] } },
{ "type": "Feature", "properties": { "vehicle_id": "A1208", "latitude": 42.678367614746094, "longitude": 23.32061767578125, "raw_occupancy": 1, "timestamp": "2026-09-15 17:15:27" }, "geometry": { "type": "Point", "coordinates": [ 23.32061767578125, 42.678367614746094 ] } },
{ "type": "Feature", "properties": { "vehicle_id": "A1010", "latitude": 42.656711578369141, "longitude": 23.327484130859375, "raw_occupancy": 4, "timestamp": "2026-09-15 17:15:27" }, "geometry": { "type": "Point", "coordinates": [ 23.327484130859375, 42.656711578369141 ] } },
{ "type": "Feature", "properties": { "vehicle_id": "A1157", "latitude": 42.660465240478516, "longitude": 23.320362091064453, "raw_occupancy": 1, "timestamp": "2026-09-15 17:15:27" }, "geometry": { "type": "Point", "coordinates": [ 23.320362091064453, 42.660465240478516 ] } },
{ "type": "Feature", "properties": { "vehicle_id": "A7189", "latitude": 42.753135681152344, "longitude": 23.35223388671875, "raw_occupancy": 1, "timestamp": "2026-09-15 17:15:27" }, "geometry": { "type": "Point", "coordinates": [ 23.35223388671875, 42.753135681152344 ] } },
{ "type": "Feature", "properties": { "vehicle_id": "A2030", "latitude": 42.706981658935547, "longitude": 23.376277923583984, "raw_occupancy": 1, "timestamp": "2026-09-15 17:15:27" }, "geometry": { "type": "Point", "coordinates": [ 23.376277923583984, 42.706981658935547 ] } },
{ "type": "Feature", "properties": { "vehicle_id": "A3104", "latitude": 42.624996185302734, "longitude": 23.385290145874023, "raw_occupancy": 0, "timestamp": "2026-09-15 17:15:27" }, "geometry": { "type": "Point", "coordinates": [ 23.385290145874023, 42.624996185302734 ] } },
{ "type": "Feature", "properties": { "vehicle_id": "A2165", "latitude": 42.704860687255859, "longitude": 23.321313858032227, "raw_occupancy": 0, "timestamp": "2026-09-15 17:15:27" }, "geometry": { "type": "Point", "coordinates": [ 23.321313858032227, 42.704860687255859 ] } },
{ "type": "Feature", "properties": { "vehicle_id": "A3133", "latitude": 42.695980072021484, "longitude": 23.354873657226562, "raw_occupancy": 2, "timestamp": "2026-09-15 17:15:27" }, "geometry": { "type": "Point", "coordinates": [ 23.354873657226562, 42.695980072021484 ] } },
{ "type": "Feature", "properties": { "vehicle_id": "A1607", "latitude": 42.704845428466797, "longitude": 23.298547744750977, "raw_occupancy": 2, "timestamp": "2026-09-15 17:15:27" }, "geometry": { "type": "Point", "coordinates": [ 23.298547744750977, 42.704845428466797 ] } },
{ "type": "Feature", "properties": { "vehicle_id": "A1037", "latitude": 42.641944885253906, "longitude": 23.334650039672852, "raw_occupancy": 5, "timestamp": "2026-09-15 17:15:27" }, "geometry": { "type": "Point", "coordinates": [ 23.334650039672852, 42.641944885253906 ] } },
{ "type": "Feature", "properties": { "vehicle_id": "A1154", "latitude": 42.650230407714844, "longitude": 23.335727691650391, "raw_occupancy": 0, "timestamp": "2026-09-15 17:15:27" }, "geometry": { "type": "Point", "coordinates": [ 23.335727691650391, 42.650230407714844 ] } },
{ "type": "Feature", "properties": { "vehicle_id": "A3115", "latitude": 42.651405334472656, "longitude": 23.405759811401367, "raw_occupancy": 1, "timestamp": "2026-09-15 17:15:27" }, "geometry": { "type": "Point", "coordinates": [ 23.405759811401367, 42.651405334472656 ] } },
{ "type": "Feature", "properties": { "vehicle_id": "A1825", "latitude": 42.698287963867188, "longitude": 23.272600173950195, "raw_occupancy": 3, "timestamp": "2026-09-15 17:15:27" }, "geometry": { "type": "Point", "coordinates": [ 23.272600173950195, 42.698287963867188 ] } },
{ "type": "Feature", "properties": { "vehicle_id": "A2081", "latitude": 42.633838653564453, "longitude": 23.409013748168945, "raw_occupancy": 5, "timestamp": "2026-09-15 17:15:27" }, "geometry": { "type": "Point", "coordinates": [ 23.409013748168945, 42.633838653564453 ] } },
{ "type": "Feature", "properties": { "vehicle_id": "A2035", "latitude": 42.653640747070312, "longitude": 23.347011566162109, "raw_occupancy": 3, "timestamp": "2026-09-15 17:15:27" }, "geometry": { "type": "Point", "coordinates": [ 23.347011566162109, 42.653640747070312 ] } },
{ "type": "Feature", "properties": { "vehicle_id": "A7157", "latitude": 42.704139709472656, "longitude": 23.386482238769531, "raw_occupancy": 0, "timestamp": "2026-09-15 17:15:27" }, "geometry": { "type": "Point", "coordinates": [ 23.386482238769531, 42.704139709472656 ] } },
{ "type": "Feature", "properties": { "vehicle_id": "A1833", "latitude": 42.719509124755859, "longitude": 23.239507675170898, "raw_occupancy": 1, "timestamp": "2026-09-15 17:15:27" }, "geometry": { "type": "Point", "coordinates": [ 23.239507675170898, 42.719509124755859 ] } },
{ "type": "Feature", "properties": { "vehicle_id": "A1831", "latitude": 42.634067535400391, "longitude": 23.330659866333008, "raw_occupancy": 1, "timestamp": "2026-09-15 17:15:27" }, "geometry": { "type": "Point", "coordinates": [ 23.330659866333008, 42.634067535400391 ] } },
{ "type": "Feature", "properties": { "vehicle_id": "A3114", "latitude": 42.681678771972656, "longitude": 23.375432968139648, "raw_occupancy": 2, "timestamp": "2026-09-15 17:15:27" }, "geometry": { "type": "Point", "coordinates": [ 23.375432968139648, 42.681678771972656 ] } },
{ "type": "Feature", "properties": { "vehicle_id": "A7147", "latitude": 42.797946929931641, "longitude": 23.274951934814453, "raw_occupancy": 0, "timestamp": "2026-09-15 17:15:27" }, "geometry": { "type": "Point", "coordinates": [ 23.274951934814453, 42.797946929931641 ] } },
{ "type": "Feature", "properties": { "vehicle_id": "A1608", "latitude": 42.665767669677734, "longitude": 23.37263298034668, "raw_occupancy": 5, "timestamp": "2026-09-15 17:15:27" }, "geometry": { "type": "Point", "coordinates": [ 23.37263298034668, 42.665767669677734 ] } },
{ "type": "Feature", "properties": { "vehicle_id": "A1424", "latitude": 42.738182067871094, "longitude": 23.316444396972656, "raw_occupancy": 1, "timestamp": "2026-09-15 17:15:27" }, "geometry": { "type": "Point", "coordinates": [ 23.316444396972656, 42.738182067871094 ] } },
{ "type": "Feature", "properties": { "vehicle_id": "A7089", "latitude": 42.738021850585938, "longitude": 23.316383361816406, "raw_occupancy": 1, "timestamp": "2026-09-15 17:15:27" }, "geometry": { "type": "Point", "coordinates": [ 23.316383361816406, 42.738021850585938 ] } },
{ "type": "Feature", "properties": { "vehicle_id": "A3603", "latitude": 42.614219665527344, "longitude": 23.41514778137207, "raw_occupancy": 0, "timestamp": "2026-09-15 17:15:27" }, "geometry": { "type": "Point", "coordinates": [ 23.41514778137207, 42.614219665527344 ] } },
{ "type": "Feature", "properties": { "vehicle_id": "A7141", "latitude": 42.715488433837891, "longitude": 23.339565277099609, "raw_occupancy": 2, "timestamp": "2026-09-15 17:15:27" }, "geometry": { "type": "Point", "coordinates": [ 23.339565277099609, 42.715488433837891 ] } },
{ "type": "Feature", "properties": { "vehicle_id": "A3107", "latitude": 42.645278930664062, "longitude": 23.375341415405273, "raw_occupancy": 2, "timestamp": "2026-09-15 17:15:27" }, "geometry": { "type": "Point", "coordinates": [ 23.375341415405273, 42.645278930664062 ] } },
{ "type": "Feature", "properties": { "vehicle_id": "A2300", "latitude": 42.705154418945312, "longitude": 23.324796676635742, "raw_occupancy": 2, "timestamp": "2026-09-15 17:15:27" }, "geometry": { "type": "Point", "coordinates": [ 23.324796676635742, 42.705154418945312 ] } },
{ "type": "Feature", "properties": { "vehicle_id": "A2505", "latitude": 42.695838928222656, "longitude": 23.284688949584961, "raw_occupancy": 1, "timestamp": "2026-09-15 17:15:27" }, "geometry": { "type": "Point", "coordinates": [ 23.284688949584961, 42.695838928222656 ] } },
{ "type": "Feature", "properties": { "vehicle_id": "A1220", "latitude": 42.706005096435547, "longitude": 23.312919616699219, "raw_occupancy": 1, "timestamp": "2026-09-15 17:15:27" }, "geometry": { "type": "Point", "coordinates": [ 23.312919616699219, 42.706005096435547 ] } },
{ "type": "Feature", "properties": { "vehicle_id": "A2507", "latitude": 42.683139801025391, "longitude": 23.319862365722656, "raw_occupancy": 2, "timestamp": "2026-09-15 17:15:27" }, "geometry": { "type": "Point", "coordinates": [ 23.319862365722656, 42.683139801025391 ] } },
{ "type": "Feature", "properties": { "vehicle_id": "A1823", "latitude": 42.734321594238281, "longitude": 23.290811538696289, "raw_occupancy": 2, "timestamp": "2026-09-15 17:15:27" }, "geometry": { "type": "Point", "coordinates": [ 23.290811538696289, 42.734321594238281 ] } },
{ "type": "Feature", "properties": { "vehicle_id": "A2018", "latitude": 42.672164916992188, "longitude": 23.336503982543945, "raw_occupancy": 3, "timestamp": "2026-09-15 17:15:27" }, "geometry": { "type": "Point", "coordinates": [ 23.336503982543945, 42.672164916992188 ] } },
{ "type": "Feature", "properties": { "vehicle_id": "A2501", "latitude": 42.729084014892578, "longitude": 23.312772750854492, "raw_occupancy": 2, "timestamp": "2026-09-15 17:15:27" }, "geometry": { "type": "Point", "coordinates": [ 23.312772750854492, 42.729084014892578 ] } },
{ "type": "Feature", "properties": { "vehicle_id": "A2308", "latitude": 42.651920318603516, "longitude": 23.342498779296875, "raw_occupancy": 1, "timestamp": "2026-09-15 17:15:27" }, "geometry": { "type": "Point", "coordinates": [ 23.342498779296875, 42.651920318603516 ] } },
{ "type": "Feature", "properties": { "vehicle_id": "A3401", "latitude": 42.663188934326172, "longitude": 23.357261657714844, "raw_occupancy": 1, "timestamp": "2026-09-15 17:15:27" }, "geometry": { "type": "Point", "coordinates": [ 23.357261657714844, 42.663188934326172 ] } },
{ "type": "Feature", "properties": { "vehicle_id": "A3652", "latitude": 42.486923217773438, "longitude": 23.408344268798828, "raw_occupancy": 0, "timestamp": "2026-09-15 17:15:27" }, "geometry": { "type": "Point", "coordinates": [ 23.408344268798828, 42.486923217773438 ] } },
{ "type": "Feature", "properties": { "vehicle_id": "A3632", "latitude": 42.682357788085938, "longitude": 23.301788330078125, "raw_occupancy": 1, "timestamp": "2026-09-15 17:15:27" }, "geometry": { "type": "Point", "coordinates": [ 23.301788330078125, 42.682357788085938 ] } },
{ "type": "Feature", "properties": { "vehicle_id": "A3108", "latitude": 42.713909149169922, "longitude": 23.312950134277344, "raw_occupancy": 2, "timestamp": "2026-09-15 17:15:27" }, "geometry": { "type": "Point", "coordinates": [ 23.312950134277344, 42.713909149169922 ] } },
{ "type": "Feature", "properties": { "vehicle_id": "A1026", "latitude": 42.623863220214844, "longitude": 23.375873565673828, "raw_occupancy": 2, "timestamp": "2026-09-15 17:15:27" }, "geometry": { "type": "Point", "coordinates": [ 23.375873565673828, 42.623863220214844 ] } },
{ "type": "Feature", "properties": { "vehicle_id": "A7119", "latitude": 42.825485229492188, "longitude": 23.353935241699219, "raw_occupancy": 1, "timestamp": "2026-09-15 17:15:27" }, "geometry": { "type": "Point", "coordinates": [ 23.353935241699219, 42.825485229492188 ] } },
{ "type": "Feature", "properties": { "vehicle_id": "A1809", "latitude": 42.724891662597656, "longitude": 23.243724822998047, "raw_occupancy": 2, "timestamp": "2026-09-15 17:15:27" }, "geometry": { "type": "Point", "coordinates": [ 23.243724822998047, 42.724891662597656 ] } },
{ "type": "Feature", "properties": { "vehicle_id": "A3662", "latitude": 42.665767669677734, "longitude": 23.354709625244141, "raw_occupancy": 1, "timestamp": "2026-09-15 17:15:27" }, "geometry": { "type": "Point", "coordinates": [ 23.354709625244141, 42.665767669677734 ] } },
{ "type": "Feature", "properties": { "vehicle_id": "A2090", "latitude": 42.636051177978516, "longitude": 23.427219390869141, "raw_occupancy": 2, "timestamp": "2026-09-15 17:15:27" }, "geometry": { "type": "Point", "coordinates": [ 23.427219390869141, 42.636051177978516 ] } },
{ "type": "Feature", "properties": { "vehicle_id": "A2514", "latitude": 42.694023132324219, "longitude": 23.347530364990234, "raw_occupancy": 3, "timestamp": "2026-09-15 17:15:27" }, "geometry": { "type": "Point", "coordinates": [ 23.347530364990234, 42.694023132324219 ] } },
{ "type": "Feature", "properties": { "vehicle_id": "A7069", "latitude": 42.779308319091797, "longitude": 23.274032592773438, "raw_occupancy": 2, "timestamp": "2026-09-15 17:15:27" }, "geometry": { "type": "Point", "coordinates": [ 23.274032592773438, 42.779308319091797 ] } },
{ "type": "Feature", "properties": { "vehicle_id": "A1841", "latitude": 42.721855163574219, "longitude": 23.237863540649414, "raw_occupancy": 5, "timestamp": "2026-09-15 17:15:27" }, "geometry": { "type": "Point", "coordinates": [ 23.237863540649414, 42.721855163574219 ] } },
{ "type": "Feature", "properties": { "vehicle_id": "A2046", "latitude": 42.728778839111328, "longitude": 23.249000549316406, "raw_occupancy": 3, "timestamp": "2026-09-15 17:15:27" }, "geometry": { "type": "Point", "coordinates": [ 23.249000549316406, 42.728778839111328 ] } },
{ "type": "Feature", "properties": { "vehicle_id": "A1189", "latitude": 42.675464630126953, "longitude": 23.314704895019531, "raw_occupancy": 3, "timestamp": "2026-09-15 17:15:27" }, "geometry": { "type": "Point", "coordinates": [ 23.314704895019531, 42.675464630126953 ] } },
{ "type": "Feature", "properties": { "vehicle_id": "A1301", "latitude": 42.676013946533203, "longitude": 23.253046035766602, "raw_occupancy": 1, "timestamp": "2026-09-15 17:15:27" }, "geometry": { "type": "Point", "coordinates": [ 23.253046035766602, 42.676013946533203 ] } },
{ "type": "Feature", "properties": { "vehicle_id": "A1219", "latitude": 42.689403533935547, "longitude": 23.119319915771484, "raw_occupancy": 0, "timestamp": "2026-09-15 17:15:27" }, "geometry": { "type": "Point", "coordinates": [ 23.119319915771484, 42.689403533935547 ] } },
{ "type": "Feature", "properties": { "vehicle_id": "A3700", "latitude": 42.708438873291016, "longitude": 23.432680130004883, "raw_occupancy": 0, "timestamp": "2026-09-15 17:15:27" }, "geometry": { "type": "Point", "coordinates": [ 23.432680130004883, 42.708438873291016 ] } },
{ "type": "Feature", "properties": { "vehicle_id": "A3611", "latitude": 42.664897918701172, "longitude": 23.456636428833008, "raw_occupancy": 1, "timestamp": "2026-09-15 17:15:27" }, "geometry": { "type": "Point", "coordinates": [ 23.456636428833008, 42.664897918701172 ] } },
{ "type": "Feature", "properties": { "vehicle_id": "A1229", "latitude": 42.721153259277344, "longitude": 23.241619110107422, "raw_occupancy": 3, "timestamp": "2026-09-15 17:15:27" }, "geometry": { "type": "Point", "coordinates": [ 23.241619110107422, 42.721153259277344 ] } },
{ "type": "Feature", "properties": { "vehicle_id": "A1169", "latitude": 42.659797668457031, "longitude": 23.322237014770508, "raw_occupancy": 0, "timestamp": "2026-09-15 17:15:27" }, "geometry": { "type": "Point", "coordinates": [ 23.322237014770508, 42.659797668457031 ] } },
{ "type": "Feature", "properties": { "vehicle_id": "A7161", "latitude": 42.739173889160156, "longitude": 23.31684684753418, "raw_occupancy": 2, "timestamp": "2026-09-15 17:15:27" }, "geometry": { "type": "Point", "coordinates": [ 23.31684684753418, 42.739173889160156 ] } },
{ "type": "Feature", "properties": { "vehicle_id": "A1853", "latitude": 42.719734191894531, "longitude": 23.178733825683594, "raw_occupancy": 3, "timestamp": "2026-09-15 17:15:27" }, "geometry": { "type": "Point", "coordinates": [ 23.178733825683594, 42.719734191894531 ] } },
{ "type": "Feature", "properties": { "vehicle_id": "A2319", "latitude": 42.669651031494141, "longitude": 23.368515014648438, "raw_occupancy": 2, "timestamp": "2026-09-15 17:15:27" }, "geometry": { "type": "Point", "coordinates": [ 23.368515014648438, 42.669651031494141 ] } },
{ "type": "Feature", "properties": { "vehicle_id": "A3661", "latitude": 42.661857604980469, "longitude": 23.358827590942383, "raw_occupancy": 3, "timestamp": "2026-09-15 17:15:27" }, "geometry": { "type": "Point", "coordinates": [ 23.358827590942383, 42.661857604980469 ] } },
{ "type": "Feature", "properties": { "vehicle_id": "A1212", "latitude": 42.634269714355469, "longitude": 23.304319381713867, "raw_occupancy": 1, "timestamp": "2026-09-15 17:15:27" }, "geometry": { "type": "Point", "coordinates": [ 23.304319381713867, 42.634269714355469 ] } },
{ "type": "Feature", "properties": { "vehicle_id": "A1186", "latitude": 42.648509979248047, "longitude": 23.33538818359375, "raw_occupancy": 2, "timestamp": "2026-09-15 17:15:27" }, "geometry": { "type": "Point", "coordinates": [ 23.33538818359375, 42.648509979248047 ] } },
{ "type": "Feature", "properties": { "vehicle_id": "A1617", "latitude": 42.688796997070312, "longitude": 23.262025833129883, "raw_occupancy": 2, "timestamp": "2026-09-15 17:15:27" }, "geometry": { "type": "Point", "coordinates": [ 23.262025833129883, 42.688796997070312 ] } },
{ "type": "Feature", "properties": { "vehicle_id": "A3657", "latitude": 42.667675018310547, "longitude": 23.385379791259766, "raw_occupancy": 1, "timestamp": "2026-09-15 17:15:27" }, "geometry": { "type": "Point", "coordinates": [ 23.385379791259766, 42.667675018310547 ] } },
{ "type": "Feature", "properties": { "vehicle_id": "A3400", "latitude": 42.668022155761719, "longitude": 23.392337799072266, "raw_occupancy": 2, "timestamp": "2026-09-15 17:15:27" }, "geometry": { "type": "Point", "coordinates": [ 23.392337799072266, 42.668022155761719 ] } },
{ "type": "Feature", "properties": { "vehicle_id": "A2304", "latitude": 42.651557922363281, "longitude": 23.355707168579102, "raw_occupancy": 2, "timestamp": "2026-09-15 17:15:27" }, "geometry": { "type": "Point", "coordinates": [ 23.355707168579102, 42.651557922363281 ] } },
{ "type": "Feature", "properties": { "vehicle_id": "A2066", "latitude": 42.713550567626953, "longitude": 23.315088272094727, "raw_occupancy": 0, "timestamp": "2026-09-15 17:15:27" }, "geometry": { "type": "Point", "coordinates": [ 23.315088272094727, 42.713550567626953 ] } },
{ "type": "Feature", "properties": { "vehicle_id": "A3111", "latitude": 42.656524658203125, "longitude": 23.414737701416016, "raw_occupancy": 1, "timestamp": "2026-09-15 17:15:27" }, "geometry": { "type": "Point", "coordinates": [ 23.414737701416016, 42.656524658203125 ] } },
{ "type": "Feature", "properties": { "vehicle_id": "A1406", "latitude": 42.643379211425781, "longitude": 23.280849456787109, "raw_occupancy": 2, "timestamp": "2026-09-15 17:15:27" }, "geometry": { "type": "Point", "coordinates": [ 23.280849456787109, 42.643379211425781 ] } },
{ "type": "Feature", "properties": { "vehicle_id": "A2073", "latitude": 42.633880615234375, "longitude": 23.409172058105469, "raw_occupancy": 1, "timestamp": "2026-09-15 17:15:27" }, "geometry": { "type": "Point", "coordinates": [ 23.409172058105469, 42.633880615234375 ] } },
{ "type": "Feature", "properties": { "vehicle_id": "A1163", "latitude": 42.686420440673828, "longitude": 23.234180450439453, "raw_occupancy": 1, "timestamp": "2026-09-15 17:15:27" }, "geometry": { "type": "Point", "coordinates": [ 23.234180450439453, 42.686420440673828 ] } },
{ "type": "Feature", "properties": { "vehicle_id": "A3408", "latitude": 42.679641723632812, "longitude": 23.400081634521484, "raw_occupancy": 2, "timestamp": "2026-09-15 17:15:27" }, "geometry": { "type": "Point", "coordinates": [ 23.400081634521484, 42.679641723632812 ] } },
{ "type": "Feature", "properties": { "vehicle_id": "A1182", "latitude": 42.671443939208984, "longitude": 23.295269012451172, "raw_occupancy": 3, "timestamp": "2026-09-15 17:15:27" }, "geometry": { "type": "Point", "coordinates": [ 23.295269012451172, 42.671443939208984 ] } },
{ "type": "Feature", "properties": { "vehicle_id": "A1184", "latitude": 42.675457000732422, "longitude": 23.289608001708984, "raw_occupancy": 2, "timestamp": "2026-09-15 17:15:27" }, "geometry": { "type": "Point", "coordinates": [ 23.289608001708984, 42.675457000732422 ] } },
{ "type": "Feature", "properties": { "vehicle_id": "A1408", "latitude": 42.681308746337891, "longitude": 23.302108764648438, "raw_occupancy": 1, "timestamp": "2026-09-15 17:15:27" }, "geometry": { "type": "Point", "coordinates": [ 23.302108764648438, 42.681308746337891 ] } },
{ "type": "Feature", "properties": { "vehicle_id": "A2810", "latitude": 42.715316772460938, "longitude": 23.31043815612793, "raw_occupancy": 2, "timestamp": "2026-09-15 17:15:27" }, "geometry": { "type": "Point", "coordinates": [ 23.31043815612793, 42.715316772460938 ] } },
{ "type": "Feature", "properties": { "vehicle_id": "A3600", "latitude": 42.659336090087891, "longitude": 23.453945159912109, "raw_occupancy": 0, "timestamp": "2026-09-15 17:15:27" }, "geometry": { "type": "Point", "coordinates": [ 23.453945159912109, 42.659336090087891 ] } },
{ "type": "Feature", "properties": { "vehicle_id": "A1152", "latitude": 42.688873291015625, "longitude": 23.242410659790039, "raw_occupancy": 1, "timestamp": "2026-09-15 17:15:27" }, "geometry": { "type": "Point", "coordinates": [ 23.242410659790039, 42.688873291015625 ] } },
{ "type": "Feature", "properties": { "vehicle_id": "A7091", "latitude": 42.765781402587891, "longitude": 23.491430282592773, "raw_occupancy": 2, "timestamp": "2026-09-15 17:15:27" }, "geometry": { "type": "Point", "coordinates": [ 23.491430282592773, 42.765781402587891 ] } },
{ "type": "Feature", "properties": { "vehicle_id": "A3402", "latitude": 42.616157531738281, "longitude": 23.337610244750977, "raw_occupancy": 0, "timestamp": "2026-09-15 17:15:27" }, "geometry": { "type": "Point", "coordinates": [ 23.337610244750977, 42.616157531738281 ] } },
{ "type": "Feature", "properties": { "vehicle_id": "A2605", "latitude": 42.686355590820312, "longitude": 23.351486206054688, "raw_occupancy": 1, "timestamp": "2026-09-15 17:15:27" }, "geometry": { "type": "Point", "coordinates": [ 23.351486206054688, 42.686355590820312 ] } },
{ "type": "Feature", "properties": { "vehicle_id": "A2037", "latitude": 42.686473846435547, "longitude": 23.330083847045898, "raw_occupancy": 1, "timestamp": "2026-09-15 17:15:27" }, "geometry": { "type": "Point", "coordinates": [ 23.330083847045898, 42.686473846435547 ] } },
{ "type": "Feature", "properties": { "vehicle_id": "A7163", "latitude": 42.732551574707031, "longitude": 23.465112686157227, "raw_occupancy": 1, "timestamp": "2026-09-15 17:15:27" }, "geometry": { "type": "Point", "coordinates": [ 23.465112686157227, 42.732551574707031 ] } },
{ "type": "Feature", "properties": { "vehicle_id": "A3650", "latitude": 42.583766937255859, "longitude": 23.359254837036133, "raw_occupancy": 2, "timestamp": "2026-09-15 17:15:27" }, "geometry": { "type": "Point", "coordinates": [ 23.359254837036133, 42.583766937255859 ] } },
{ "type": "Feature", "properties": { "vehicle_id": "A3145", "latitude": 42.683868408203125, "longitude": 23.322174072265625, "raw_occupancy": 5, "timestamp": "2026-09-15 17:15:27" }, "geometry": { "type": "Point", "coordinates": [ 23.322174072265625, 42.683868408203125 ] } },
{ "type": "Feature", "properties": { "vehicle_id": "A2023", "latitude": 42.697372436523438, "longitude": 23.351869583129883, "raw_occupancy": 2, "timestamp": "2026-09-15 17:15:27" }, "geometry": { "type": "Point", "coordinates": [ 23.351869583129883, 42.697372436523438 ] } },
{ "type": "Feature", "properties": { "vehicle_id": "A2815", "latitude": 42.705097198486328, "longitude": 23.357929229736328, "raw_occupancy": 1, "timestamp": "2026-09-15 17:15:27" }, "geometry": { "type": "Point", "coordinates": [ 23.357929229736328, 42.705097198486328 ] } },
{ "type": "Feature", "properties": { "vehicle_id": "A3623", "latitude": 42.682365417480469, "longitude": 23.462438583374023, "raw_occupancy": 1, "timestamp": "2026-09-15 17:15:27" }, "geometry": { "type": "Point", "coordinates": [ 23.462438583374023, 42.682365417480469 ] } },
{ "type": "Feature", "properties": { "vehicle_id": "A1155", "latitude": 42.654216766357422, "longitude": 23.279552459716797, "raw_occupancy": 1, "timestamp": "2026-09-15 17:15:27" }, "geometry": { "type": "Point", "coordinates": [ 23.279552459716797, 42.654216766357422 ] } },
{ "type": "Feature", "properties": { "vehicle_id": "A1036", "latitude": 42.640495300292969, "longitude": 23.343730926513672, "raw_occupancy": 3, "timestamp": "2026-09-15 17:15:27" }, "geometry": { "type": "Point", "coordinates": [ 23.343730926513672, 42.640495300292969 ] } },
{ "type": "Feature", "properties": { "vehicle_id": "A2070", "latitude": 42.601676940917969, "longitude": 23.485910415649414, "raw_occupancy": 1, "timestamp": "2026-09-15 17:15:27" }, "geometry": { "type": "Point", "coordinates": [ 23.485910415649414, 42.601676940917969 ] } },
{ "type": "Feature", "properties": { "vehicle_id": "A2024", "latitude": 42.66680908203125, "longitude": 23.364912033081055, "raw_occupancy": 1, "timestamp": "2026-09-15 17:15:27" }, "geometry": { "type": "Point", "coordinates": [ 23.364912033081055, 42.66680908203125 ] } },
{ "type": "Feature", "properties": { "vehicle_id": "A2020", "latitude": 42.678237915039062, "longitude": 23.324390411376953, "raw_occupancy": 0, "timestamp": "2026-09-15 17:15:27" }, "geometry": { "type": "Point", "coordinates": [ 23.324390411376953, 42.678237915039062 ] } },
{ "type": "Feature", "properties": { "vehicle_id": "A1612", "latitude": 42.641914367675781, "longitude": 23.412485122680664, "raw_occupancy": 1, "timestamp": "2026-09-15 17:15:27" }, "geometry": { "type": "Point", "coordinates": [ 23.412485122680664, 42.641914367675781 ] } },
{ "type": "Feature", "properties": { "vehicle_id": "A7087", "latitude": 42.725440979003906, "longitude": 23.260919570922852, "raw_occupancy": 0, "timestamp": "2026-09-15 17:15:27" }, "geometry": { "type": "Point", "coordinates": [ 23.260919570922852, 42.725440979003906 ] } },
{ "type": "Feature", "properties": { "vehicle_id": "A2047", "latitude": 42.815273284912109, "longitude": 23.352123260498047, "raw_occupancy": 0, "timestamp": "2026-09-15 17:15:27" }, "geometry": { "type": "Point", "coordinates": [ 23.352123260498047, 42.815273284912109 ] } },
{ "type": "Feature", "properties": { "vehicle_id": "A3158", "latitude": 42.672325134277344, "longitude": 23.294013977050781, "raw_occupancy": 3, "timestamp": "2026-09-15 17:15:27" }, "geometry": { "type": "Point", "coordinates": [ 23.294013977050781, 42.672325134277344 ] } },
{ "type": "Feature", "properties": { "vehicle_id": "A2039", "latitude": 42.707931518554688, "longitude": 23.357345581054688, "raw_occupancy": 1, "timestamp": "2026-09-15 17:15:27" }, "geometry": { "type": "Point", "coordinates": [ 23.357345581054688, 42.707931518554688 ] } },
{ "type": "Feature", "properties": { "vehicle_id": "A1180", "latitude": 42.683872222900391, "longitude": 23.241827011108398, "raw_occupancy": 1, "timestamp": "2026-09-15 17:15:27" }, "geometry": { "type": "Point", "coordinates": [ 23.241827011108398, 42.683872222900391 ] } },
{ "type": "Feature", "properties": { "vehicle_id": "A3141", "latitude": 42.661880493164062, "longitude": 23.294771194458008, "raw_occupancy": 1, "timestamp": "2026-09-15 17:15:27" }, "geometry": { "type": "Point", "coordinates": [ 23.294771194458008, 42.661880493164062 ] } },
{ "type": "Feature", "properties": { "vehicle_id": "A3159", "latitude": 42.689990997314453, "longitude": 23.33830451965332, "raw_occupancy": 5, "timestamp": "2026-09-15 17:15:27" }, "geometry": { "type": "Point", "coordinates": [ 23.33830451965332, 42.689990997314453 ] } },
{ "type": "Feature", "properties": { "vehicle_id": "A3119", "latitude": 42.636802673339844, "longitude": 23.340936660766602, "raw_occupancy": 1, "timestamp": "2026-09-15 17:15:27" }, "geometry": { "type": "Point", "coordinates": [ 23.340936660766602, 42.636802673339844 ] } },
{ "type": "Feature", "properties": { "vehicle_id": "A3610", "latitude": 42.645740509033203, "longitude": 23.367471694946289, "raw_occupancy": 1, "timestamp": "2026-09-15 17:15:27" }, "geometry": { "type": "Point", "coordinates": [ 23.367471694946289, 42.645740509033203 ] } },
{ "type": "Feature", "properties": { "vehicle_id": "A2519", "latitude": 42.695793151855469, "longitude": 23.360570907592773, "raw_occupancy": 2, "timestamp": "2026-09-15 17:15:27" }, "geometry": { "type": "Point", "coordinates": [ 23.360570907592773, 42.695793151855469 ] } },
{ "type": "Feature", "properties": { "vehicle_id": "A2026", "latitude": 42.699222564697266, "longitude": 23.339900970458984, "raw_occupancy": 2, "timestamp": "2026-09-15 17:15:27" }, "geometry": { "type": "Point", "coordinates": [ 23.339900970458984, 42.699222564697266 ] } },
{ "type": "Feature", "properties": { "vehicle_id": "A3132", "latitude": 42.652046203613281, "longitude": 23.379327774047852, "raw_occupancy": 2, "timestamp": "2026-09-15 17:15:27" }, "geometry": { "type": "Point", "coordinates": [ 23.379327774047852, 42.652046203613281 ] } },
{ "type": "Feature", "properties": { "vehicle_id": "A1604", "latitude": 42.687397003173828, "longitude": 23.275701522827148, "raw_occupancy": 2, "timestamp": "2026-09-15 17:15:27" }, "geometry": { "type": "Point", "coordinates": [ 23.275701522827148, 42.687397003173828 ] } },
{ "type": "Feature", "properties": { "vehicle_id": "A3109", "latitude": 42.648277282714844, "longitude": 23.377189636230469, "raw_occupancy": 3, "timestamp": "2026-09-15 17:15:27" }, "geometry": { "type": "Point", "coordinates": [ 23.377189636230469, 42.648277282714844 ] } },
{ "type": "Feature", "properties": { "vehicle_id": "A2077", "latitude": 42.717784881591797, "longitude": 23.338937759399414, "raw_occupancy": 1, "timestamp": "2026-09-15 17:15:27" }, "geometry": { "type": "Point", "coordinates": [ 23.338937759399414, 42.717784881591797 ] } },
{ "type": "Feature", "properties": { "vehicle_id": "A7165", "latitude": 42.711353302001953, "longitude": 23.402591705322266, "raw_occupancy": 1, "timestamp": "2026-09-15 17:15:27" }, "geometry": { "type": "Point", "coordinates": [ 23.402591705322266, 42.711353302001953 ] } },
{ "type": "Feature", "properties": { "vehicle_id": "A3671", "latitude": 42.487251281738281, "longitude": 23.383525848388672, "raw_occupancy": 0, "timestamp": "2026-09-15 17:15:27" }, "geometry": { "type": "Point", "coordinates": [ 23.383525848388672, 42.487251281738281 ] } },
{ "type": "Feature", "properties": { "vehicle_id": "A1603", "latitude": 42.720474243164062, "longitude": 23.255401611328125, "raw_occupancy": 1, "timestamp": "2026-09-15 17:15:27" }, "geometry": { "type": "Point", "coordinates": [ 23.255401611328125, 42.720474243164062 ] } },
{ "type": "Feature", "properties": { "vehicle_id": "A1214", "latitude": 42.636764526367188, "longitude": 23.372928619384766, "raw_occupancy": 0, "timestamp": "2026-09-15 17:15:27" }, "geometry": { "type": "Point", "coordinates": [ 23.372928619384766, 42.636764526367188 ] } },
{ "type": "Feature", "properties": { "vehicle_id": "A2722", "latitude": 42.818145751953125, "longitude": 23.315040588378906, "raw_occupancy": 1, "timestamp": "2026-09-15 17:15:27" }, "geometry": { "type": "Point", "coordinates": [ 23.315040588378906, 42.818145751953125 ] } },
{ "type": "Feature", "properties": { "vehicle_id": "A1308", "latitude": 42.602108001708984, "longitude": 23.174261093139648, "raw_occupancy": 1, "timestamp": "2026-09-15 17:25:28" }, "geometry": { "type": "Point", "coordinates": [ 23.174261093139648, 42.602108001708984 ] } },
{ "type": "Feature", "properties": { "vehicle_id": "A3116", "latitude": 42.652881622314453, "longitude": 23.335910797119141, "raw_occupancy": 2, "timestamp": "2026-09-15 17:25:28" }, "geometry": { "type": "Point", "coordinates": [ 23.335910797119141, 42.652881622314453 ] } },
{ "type": "Feature", "properties": { "vehicle_id": "A1184", "latitude": 42.685886383056641, "longitude": 23.27448844909668, "raw_occupancy": 3, "timestamp": "2026-09-15 17:25:28" }, "geometry": { "type": "Point", "coordinates": [ 23.27448844909668, 42.685886383056641 ] } },
{ "type": "Feature", "properties": { "vehicle_id": "A1408", "latitude": 42.671512603759766, "longitude": 23.293670654296875, "raw_occupancy": 2, "timestamp": "2026-09-15 17:25:28" }, "geometry": { "type": "Point", "coordinates": [ 23.293670654296875, 42.671512603759766 ] } },
{ "type": "Feature", "properties": { "vehicle_id": "A1165", "latitude": 42.672477722167969, "longitude": 23.293664932250977, "raw_occupancy": 3, "timestamp": "2026-09-15 17:25:28" }, "geometry": { "type": "Point", "coordinates": [ 23.293664932250977, 42.672477722167969 ] } },
{ "type": "Feature", "properties": { "vehicle_id": "A2500", "latitude": 42.676200866699219, "longitude": 23.359430313110352, "raw_occupancy": 2, "timestamp": "2026-09-15 17:25:28" }, "geometry": { "type": "Point", "coordinates": [ 23.359430313110352, 42.676200866699219 ] } },
{ "type": "Feature", "properties": { "vehicle_id": "A2823", "latitude": 42.668174743652344, "longitude": 23.265844345092773, "raw_occupancy": 2, "timestamp": "2026-09-15 17:25:28" }, "geometry": { "type": "Point", "coordinates": [ 23.265844345092773, 42.668174743652344 ] } },
{ "type": "Feature", "properties": { "vehicle_id": "A7161", "latitude": 42.71527099609375, "longitude": 23.309982299804688, "raw_occupancy": 3, "timestamp": "2026-09-15 17:25:28" }, "geometry": { "type": "Point", "coordinates": [ 23.309982299804688, 42.71527099609375 ] } },
{ "type": "Feature", "properties": { "vehicle_id": "A3628", "latitude": 42.686172485351562, "longitude": 23.343708038330078, "raw_occupancy": 0, "timestamp": "2026-09-15 17:25:28" }, "geometry": { "type": "Point", "coordinates": [ 23.343708038330078, 42.686172485351562 ] } },
{ "type": "Feature", "properties": { "vehicle_id": "A3158", "latitude": 42.685714721679688, "longitude": 23.329959869384766, "raw_occupancy": 3, "timestamp": "2026-09-15 17:25:28" }, "geometry": { "type": "Point", "coordinates": [ 23.329959869384766, 42.685714721679688 ] } },
{ "type": "Feature", "properties": { "vehicle_id": "A7165", "latitude": 42.709190368652344, "longitude": 23.426563262939453, "raw_occupancy": 1, "timestamp": "2026-09-15 17:25:28" }, "geometry": { "type": "Point", "coordinates": [ 23.426563262939453, 42.709190368652344 ] } },
{ "type": "Feature", "properties": { "vehicle_id": "A2313", "latitude": 42.657341003417969, "longitude": 23.359226226806641, "raw_occupancy": 3, "timestamp": "2026-09-15 17:25:28" }, "geometry": { "type": "Point", "coordinates": [ 23.359226226806641, 42.657341003417969 ] } },
{ "type": "Feature", "properties": { "vehicle_id": "A7041", "latitude": 42.805015563964844, "longitude": 23.261226654052734, "raw_occupancy": 1, "timestamp": "2026-09-15 17:25:28" }, "geometry": { "type": "Point", "coordinates": [ 23.261226654052734, 42.805015563964844 ] } },
{ "type": "Feature", "properties": { "vehicle_id": "A2003", "latitude": 42.706398010253906, "longitude": 23.300743103027344, "raw_occupancy": 1, "timestamp": "2026-09-15 17:25:28" }, "geometry": { "type": "Point", "coordinates": [ 23.300743103027344, 42.706398010253906 ] } },
{ "type": "Feature", "properties": { "vehicle_id": "A2308", "latitude": 42.652507781982422, "longitude": 23.359781265258789, "raw_occupancy": 2, "timestamp": "2026-09-15 17:25:28" }, "geometry": { "type": "Point", "coordinates": [ 23.359781265258789, 42.652507781982422 ] } },
{ "type": "Feature", "properties": { "vehicle_id": "A2017", "latitude": 42.705074310302734, "longitude": 23.325267791748047, "raw_occupancy": 1, "timestamp": "2026-09-15 17:25:28" }, "geometry": { "type": "Point", "coordinates": [ 23.325267791748047, 42.705074310302734 ] } },
{ "type": "Feature", "properties": { "vehicle_id": "A3400", "latitude": 42.687999725341797, "longitude": 23.413909912109375, "raw_occupancy": 2, "timestamp": "2026-09-15 17:25:28" }, "geometry": { "type": "Point", "coordinates": [ 23.413909912109375, 42.687999725341797 ] } },
{ "type": "Feature", "properties": { "vehicle_id": "A2307", "latitude": 42.6673583984375, "longitude": 23.365512847900391, "raw_occupancy": 2, "timestamp": "2026-09-15 17:25:28" }, "geometry": { "type": "Point", "coordinates": [ 23.365512847900391, 42.6673583984375 ] } },
{ "type": "Feature", "properties": { "vehicle_id": "A2001", "latitude": 42.656654357910156, "longitude": 23.320108413696289, "raw_occupancy": 1, "timestamp": "2026-09-15 17:25:28" }, "geometry": { "type": "Point", "coordinates": [ 23.320108413696289, 42.656654357910156 ] } },
{ "type": "Feature", "properties": { "vehicle_id": "A7097", "latitude": 42.802867889404297, "longitude": 23.402803421020508, "raw_occupancy": 1, "timestamp": "2026-09-15 17:25:28" }, "geometry": { "type": "Point", "coordinates": [ 23.402803421020508, 42.802867889404297 ] } },
{ "type": "Feature", "properties": { "vehicle_id": "A1180", "latitude": 42.689590454101562, "longitude": 23.248386383056641, "raw_occupancy": 1, "timestamp": "2026-09-15 17:25:28" }, "geometry": { "type": "Point", "coordinates": [ 23.248386383056641, 42.689590454101562 ] } },
{ "type": "Feature", "properties": { "vehicle_id": "A1036", "latitude": 42.6409912109375, "longitude": 23.334657669067383, "raw_occupancy": 3, "timestamp": "2026-09-15 17:25:28" }, "geometry": { "type": "Point", "coordinates": [ 23.334657669067383, 42.6409912109375 ] } },
{ "type": "Feature", "properties": { "vehicle_id": "A2072", "latitude": 42.701416015625, "longitude": 23.348438262939453, "raw_occupancy": 1, "timestamp": "2026-09-15 17:25:28" }, "geometry": { "type": "Point", "coordinates": [ 23.348438262939453, 42.701416015625 ] } },
{ "type": "Feature", "properties": { "vehicle_id": "A7141", "latitude": 42.705684661865234, "longitude": 23.318025588989258, "raw_occupancy": 0, "timestamp": "2026-09-15 17:25:28" }, "geometry": { "type": "Point", "coordinates": [ 23.318025588989258, 42.705684661865234 ] } },
{ "type": "Feature", "properties": { "vehicle_id": "A1156", "latitude": 42.715053558349609, "longitude": 23.283962249755859, "raw_occupancy": 3, "timestamp": "2026-09-15 17:25:28" }, "geometry": { "type": "Point", "coordinates": [ 23.283962249755859, 42.715053558349609 ] } },
{ "type": "Feature", "properties": { "vehicle_id": "A1179", "latitude": 42.651969909667969, "longitude": 23.335912704467773, "raw_occupancy": 1, "timestamp": "2026-09-15 17:25:28" }, "geometry": { "type": "Point", "coordinates": [ 23.335912704467773, 42.651969909667969 ] } },
{ "type": "Feature", "properties": { "vehicle_id": "A2055", "latitude": 42.720252990722656, "longitude": 23.280038833618164, "raw_occupancy": 1, "timestamp": "2026-09-15 17:25:28" }, "geometry": { "type": "Point", "coordinates": [ 23.280038833618164, 42.720252990722656 ] } },
{ "type": "Feature", "properties": { "vehicle_id": "A3129", "latitude": 42.650554656982422, "longitude": 23.378595352172852, "raw_occupancy": 2, "timestamp": "2026-09-15 17:25:28" }, "geometry": { "type": "Point", "coordinates": [ 23.378595352172852, 42.650554656982422 ] } },
{ "type": "Feature", "properties": { "vehicle_id": "A1172", "latitude": 42.678230285644531, "longitude": 23.324077606201172, "raw_occupancy": 2, "timestamp": "2026-09-15 17:25:28" }, "geometry": { "type": "Point", "coordinates": [ 23.324077606201172, 42.678230285644531 ] } },
{ "type": "Feature", "properties": { "vehicle_id": "A2054", "latitude": 42.695865631103516, "longitude": 23.284311294555664, "raw_occupancy": 1, "timestamp": "2026-09-15 17:25:28" }, "geometry": { "type": "Point", "coordinates": [ 23.284311294555664, 42.695865631103516 ] } },
{ "type": "Feature", "properties": { "vehicle_id": "A3632", "latitude": 42.684638977050781, "longitude": 23.30180549621582, "raw_occupancy": 1, "timestamp": "2026-09-15 17:25:28" }, "geometry": { "type": "Point", "coordinates": [ 23.30180549621582, 42.684638977050781 ] } },
{ "type": "Feature", "properties": { "vehicle_id": "A3136", "latitude": 42.641490936279297, "longitude": 23.381328582763672, "raw_occupancy": 3, "timestamp": "2026-09-15 17:25:28" }, "geometry": { "type": "Point", "coordinates": [ 23.381328582763672, 42.641490936279297 ] } },
{ "type": "Feature", "properties": { "vehicle_id": "A3102", "latitude": 42.727127075195312, "longitude": 23.312816619873047, "raw_occupancy": 0, "timestamp": "2026-09-15 17:25:28" }, "geometry": { "type": "Point", "coordinates": [ 23.312816619873047, 42.727127075195312 ] } },
{ "type": "Feature", "properties": { "vehicle_id": "A7079", "latitude": 42.726478576660156, "longitude": 23.30272102355957, "raw_occupancy": 3, "timestamp": "2026-09-15 17:25:28" }, "geometry": { "type": "Point", "coordinates": [ 23.30272102355957, 42.726478576660156 ] } },
{ "type": "Feature", "properties": { "vehicle_id": "A3131", "latitude": 42.641971588134766, "longitude": 23.373388290405273, "raw_occupancy": 1, "timestamp": "2026-09-15 17:25:28" }, "geometry": { "type": "Point", "coordinates": [ 23.373388290405273, 42.641971588134766 ] } },
{ "type": "Feature", "properties": { "vehicle_id": "A1164", "latitude": 42.695590972900391, "longitude": 23.287885665893555, "raw_occupancy": 2, "timestamp": "2026-09-15 17:25:28" }, "geometry": { "type": "Point", "coordinates": [ 23.287885665893555, 42.695590972900391 ] } },
{ "type": "Feature", "properties": { "vehicle_id": "A7117", "latitude": 42.70452880859375, "longitude": 23.33070182800293, "raw_occupancy": 2, "timestamp": "2026-09-15 17:25:28" }, "geometry": { "type": "Point", "coordinates": [ 23.33070182800293, 42.70452880859375 ] } },
{ "type": "Feature", "properties": { "vehicle_id": "A2815", "latitude": 42.720314025878906, "longitude": 23.334054946899414, "raw_occupancy": 2, "timestamp": "2026-09-15 17:25:28" }, "geometry": { "type": "Point", "coordinates": [ 23.334054946899414, 42.720314025878906 ] } },
{ "type": "Feature", "properties": { "vehicle_id": "A2811", "latitude": 42.674411773681641, "longitude": 23.223102569580078, "raw_occupancy": 0, "timestamp": "2026-09-15 17:25:28" }, "geometry": { "type": "Point", "coordinates": [ 23.223102569580078, 42.674411773681641 ] } },
{ "type": "Feature", "properties": { "vehicle_id": "A3120", "latitude": 42.683425903320312, "longitude": 23.348270416259766, "raw_occupancy": 5, "timestamp": "2026-09-15 17:25:28" }, "geometry": { "type": "Point", "coordinates": [ 23.348270416259766, 42.683425903320312 ] } },
{ "type": "Feature", "properties": { "vehicle_id": "A3615", "latitude": 42.71063232421875, "longitude": 23.318965911865234, "raw_occupancy": 2, "timestamp": "2026-09-15 17:25:28" }, "geometry": { "type": "Point", "coordinates": [ 23.318965911865234, 42.71063232421875 ] } },
{ "type": "Feature", "properties": { "vehicle_id": "A3601", "latitude": 42.663955688476562, "longitude": 23.425146102905273, "raw_occupancy": 0, "timestamp": "2026-09-15 17:25:28" }, "geometry": { "type": "Point", "coordinates": [ 23.425146102905273, 42.663955688476562 ] } },
{ "type": "Feature", "properties": { "vehicle_id": "A1166", "latitude": 42.732387542724609, "longitude": 23.296405792236328, "raw_occupancy": 3, "timestamp": "2026-09-15 17:25:28" }, "geometry": { "type": "Point", "coordinates": [ 23.296405792236328, 42.732387542724609 ] } },
{ "type": "Feature", "properties": { "vehicle_id": "A1606", "latitude": 42.681449890136719, "longitude": 23.243890762329102, "raw_occupancy": 2, "timestamp": "2026-09-15 17:25:28" }, "geometry": { "type": "Point", "coordinates": [ 23.243890762329102, 42.681449890136719 ] } },
{ "type": "Feature", "properties": { "vehicle_id": "A3605", "latitude": 42.621971130371094, "longitude": 23.42036247253418, "raw_occupancy": 0, "timestamp": "2026-09-15 17:25:28" }, "geometry": { "type": "Point", "coordinates": [ 23.42036247253418, 42.621971130371094 ] } },
{ "type": "Feature", "properties": { "vehicle_id": "A7085", "latitude": 42.713077545166016, "longitude": 23.402120590209961, "raw_occupancy": 1, "timestamp": "2026-09-15 17:25:28" }, "geometry": { "type": "Point", "coordinates": [ 23.402120590209961, 42.713077545166016 ] } },
{ "type": "Feature", "properties": { "vehicle_id": "A7147", "latitude": 42.838542938232422, "longitude": 23.280429840087891, "raw_occupancy": 0, "timestamp": "2026-09-15 17:25:28" }, "geometry": { "type": "Point", "coordinates": [ 23.280429840087891, 42.838542938232422 ] } },
{ "type": "Feature", "properties": { "vehicle_id": "A2728", "latitude": 42.700416564941406, "longitude": 23.345417022705078, "raw_occupancy": 1, "timestamp": "2026-09-15 17:25:28" }, "geometry": { "type": "Point", "coordinates": [ 23.345417022705078, 42.700416564941406 ] } },
{ "type": "Feature", "properties": { "vehicle_id": "A2305", "latitude": 42.739521026611328, "longitude": 23.290973663330078, "raw_occupancy": 0, "timestamp": "2026-09-15 17:25:28" }, "geometry": { "type": "Point", "coordinates": [ 23.290973663330078, 42.739521026611328 ] } },
{ "type": "Feature", "properties": { "vehicle_id": "A1126", "latitude": 42.668586730957031, "longitude": 23.276514053344727, "raw_occupancy": 2, "timestamp": "2026-09-15 17:25:28" }, "geometry": { "type": "Point", "coordinates": [ 23.276514053344727, 42.668586730957031 ] } },
{ "type": "Feature", "properties": { "vehicle_id": "A2312", "latitude": 42.644546508789062, "longitude": 23.342004776000977, "raw_occupancy": 1, "timestamp": "2026-09-15 17:25:28" }, "geometry": { "type": "Point", "coordinates": [ 23.342004776000977, 42.644546508789062 ] } },
{ "type": "Feature", "properties": { "vehicle_id": "A7073", "latitude": 42.735725402832031, "longitude": 23.492155075073242, "raw_occupancy": 2, "timestamp": "2026-09-15 17:25:28" }, "geometry": { "type": "Point", "coordinates": [ 23.492155075073242, 42.735725402832031 ] } },
{ "type": "Feature", "properties": { "vehicle_id": "A1841", "latitude": 42.716049194335938, "longitude": 23.251014709472656, "raw_occupancy": 2, "timestamp": "2026-09-15 17:25:28" }, "geometry": { "type": "Point", "coordinates": [ 23.251014709472656, 42.716049194335938 ] } },
{ "type": "Feature", "properties": { "vehicle_id": "A7187", "latitude": 42.727497100830078, "longitude": 23.378135681152344, "raw_occupancy": 1, "timestamp": "2026-09-15 17:25:28" }, "geometry": { "type": "Point", "coordinates": [ 23.378135681152344, 42.727497100830078 ] } },
{ "type": "Feature", "properties": { "vehicle_id": "A2517", "latitude": 42.573318481445312, "longitude": 23.358572006225586, "raw_occupancy": 1, "timestamp": "2026-09-15 17:25:28" }, "geometry": { "type": "Point", "coordinates": [ 23.358572006225586, 42.573318481445312 ] } },
{ "type": "Feature", "properties": { "vehicle_id": "A3142", "latitude": 42.643638610839844, "longitude": 23.412240982055664, "raw_occupancy": 2, "timestamp": "2026-09-15 17:25:28" }, "geometry": { "type": "Point", "coordinates": [ 23.412240982055664, 42.643638610839844 ] } },
{ "type": "Feature", "properties": { "vehicle_id": "A2509", "latitude": 42.676841735839844, "longitude": 23.359834671020508, "raw_occupancy": 1, "timestamp": "2026-09-15 17:25:28" }, "geometry": { "type": "Point", "coordinates": [ 23.359834671020508, 42.676841735839844 ] } },
{ "type": "Feature", "properties": { "vehicle_id": "A3621", "latitude": 42.660388946533203, "longitude": 23.464801788330078, "raw_occupancy": 1, "timestamp": "2026-09-15 17:25:28" }, "geometry": { "type": "Point", "coordinates": [ 23.464801788330078, 42.660388946533203 ] } },
{ "type": "Feature", "properties": { "vehicle_id": "A3651", "latitude": 42.600341796875, "longitude": 23.403802871704102, "raw_occupancy": 0, "timestamp": "2026-09-15 17:25:28" }, "geometry": { "type": "Point", "coordinates": [ 23.403802871704102, 42.600341796875 ] } },
{ "type": "Feature", "properties": { "vehicle_id": "A2082", "latitude": 42.642715454101562, "longitude": 23.312690734863281, "raw_occupancy": 3, "timestamp": "2026-09-15 17:25:28" }, "geometry": { "type": "Point", "coordinates": [ 23.312690734863281, 42.642715454101562 ] } },
{ "type": "Feature", "properties": { "vehicle_id": "A1205", "latitude": 42.624416351318359, "longitude": 23.358415603637695, "raw_occupancy": 3, "timestamp": "2026-09-15 17:25:28" }, "geometry": { "type": "Point", "coordinates": [ 23.358415603637695, 42.624416351318359 ] } },
{ "type": "Feature", "properties": { "vehicle_id": "A1805", "latitude": 42.630531311035156, "longitude": 23.372928619384766, "raw_occupancy": 2, "timestamp": "2026-09-15 17:25:28" }, "geometry": { "type": "Point", "coordinates": [ 23.372928619384766, 42.630531311035156 ] } },
{ "type": "Feature", "properties": { "vehicle_id": "A3139", "latitude": 42.658164978027344, "longitude": 23.39366340637207, "raw_occupancy": 3, "timestamp": "2026-09-15 17:25:28" }, "geometry": { "type": "Point", "coordinates": [ 23.39366340637207, 42.658164978027344 ] } },
{ "type": "Feature", "properties": { "vehicle_id": "A3147", "latitude": 42.666812896728516, "longitude": 23.283462524414062, "raw_occupancy": 1, "timestamp": "2026-09-15 17:25:28" }, "geometry": { "type": "Point", "coordinates": [ 23.283462524414062, 42.666812896728516 ] } },
{ "type": "Feature", "properties": { "vehicle_id": "A3669", "latitude": 42.686588287353516, "longitude": 23.331832885742188, "raw_occupancy": 5, "timestamp": "2026-09-15 17:25:28" }, "geometry": { "type": "Point", "coordinates": [ 23.331832885742188, 42.686588287353516 ] } },
{ "type": "Feature", "properties": { "vehicle_id": "A3606", "latitude": 42.616462707519531, "longitude": 23.363931655883789, "raw_occupancy": 2, "timestamp": "2026-09-15 17:25:28" }, "geometry": { "type": "Point", "coordinates": [ 23.363931655883789, 42.616462707519531 ] } },
{ "type": "Feature", "properties": { "vehicle_id": "A7059", "latitude": 42.786075592041016, "longitude": 23.520734786987305, "raw_occupancy": 1, "timestamp": "2026-09-15 17:25:28" }, "geometry": { "type": "Point", "coordinates": [ 23.520734786987305, 42.786075592041016 ] } },
{ "type": "Feature", "properties": { "vehicle_id": "A3664", "latitude": 42.666831970214844, "longitude": 23.370729446411133, "raw_occupancy": 4, "timestamp": "2026-09-15 17:25:28" }, "geometry": { "type": "Point", "coordinates": [ 23.370729446411133, 42.666831970214844 ] } },
{ "type": "Feature", "properties": { "vehicle_id": "A7139", "latitude": 42.726367950439453, "longitude": 23.455240249633789, "raw_occupancy": 4, "timestamp": "2026-09-15 17:25:28" }, "geometry": { "type": "Point", "coordinates": [ 23.455240249633789, 42.726367950439453 ] } },
{ "type": "Feature", "properties": { "vehicle_id": "A1223", "latitude": 42.641117095947266, "longitude": 23.313255310058594, "raw_occupancy": 4, "timestamp": "2026-09-15 17:25:28" }, "geometry": { "type": "Point", "coordinates": [ 23.313255310058594, 42.641117095947266 ] } },
{ "type": "Feature", "properties": { "vehicle_id": "A2314", "latitude": 42.653739929199219, "longitude": 23.344152450561523, "raw_occupancy": 2, "timestamp": "2026-09-15 17:25:28" }, "geometry": { "type": "Point", "coordinates": [ 23.344152450561523, 42.653739929199219 ] } },
{ "type": "Feature", "properties": { "vehicle_id": "A3106", "latitude": 42.674354553222656, "longitude": 23.345752716064453, "raw_occupancy": 3, "timestamp": "2026-09-15 17:25:28" }, "geometry": { "type": "Point", "coordinates": [ 23.345752716064453, 42.674354553222656 ] } },
{ "type": "Feature", "properties": { "vehicle_id": "A1424", "latitude": 42.734577178955078, "longitude": 23.307920455932617, "raw_occupancy": 2, "timestamp": "2026-09-15 17:25:28" }, "geometry": { "type": "Point", "coordinates": [ 23.307920455932617, 42.734577178955078 ] } },
{ "type": "Feature", "properties": { "vehicle_id": "A7181", "latitude": 42.800529479980469, "longitude": 23.341108322143555, "raw_occupancy": 0, "timestamp": "2026-09-15 17:25:28" }, "geometry": { "type": "Point", "coordinates": [ 23.341108322143555, 42.800529479980469 ] } },
{ "type": "Feature", "properties": { "vehicle_id": "A1159", "latitude": 42.676948547363281, "longitude": 23.297918319702148, "raw_occupancy": 2, "timestamp": "2026-09-15 17:25:28" }, "geometry": { "type": "Point", "coordinates": [ 23.297918319702148, 42.676948547363281 ] } },
{ "type": "Feature", "properties": { "vehicle_id": "A2085", "latitude": 42.547172546386719, "longitude": 23.360994338989258, "raw_occupancy": 0, "timestamp": "2026-09-15 17:25:28" }, "geometry": { "type": "Point", "coordinates": [ 23.360994338989258, 42.547172546386719 ] } },
{ "type": "Feature", "properties": { "vehicle_id": "A3153", "latitude": 42.650642395019531, "longitude": 23.405496597290039, "raw_occupancy": 1, "timestamp": "2026-09-15 17:25:28" }, "geometry": { "type": "Point", "coordinates": [ 23.405496597290039, 42.650642395019531 ] } },
{ "type": "Feature", "properties": { "vehicle_id": "A2040", "latitude": 42.686855316162109, "longitude": 23.351997375488281, "raw_occupancy": 2, "timestamp": "2026-09-15 17:25:28" }, "geometry": { "type": "Point", "coordinates": [ 23.351997375488281, 42.686855316162109 ] } },
{ "type": "Feature", "properties": { "vehicle_id": "A3016", "latitude": 42.690895080566406, "longitude": 23.354110717773438, "raw_occupancy": 3, "timestamp": "2026-09-15 17:25:28" }, "geometry": { "type": "Point", "coordinates": [ 23.354110717773438, 42.690895080566406 ] } },
{ "type": "Feature", "properties": { "vehicle_id": "A1849", "latitude": 42.722415924072266, "longitude": 23.249814987182617, "raw_occupancy": 3, "timestamp": "2026-09-15 17:25:28" }, "geometry": { "type": "Point", "coordinates": [ 23.249814987182617, 42.722415924072266 ] } },
{ "type": "Feature", "properties": { "vehicle_id": "A2605", "latitude": 42.701930999755859, "longitude": 23.355859756469727, "raw_occupancy": 1, "timestamp": "2026-09-15 17:25:28" }, "geometry": { "type": "Point", "coordinates": [ 23.355859756469727, 42.701930999755859 ] } },
{ "type": "Feature", "properties": { "vehicle_id": "A2153", "latitude": 42.703102111816406, "longitude": 23.352519989013672, "raw_occupancy": 0, "timestamp": "2026-09-15 17:25:28" }, "geometry": { "type": "Point", "coordinates": [ 23.352519989013672, 42.703102111816406 ] } },
{ "type": "Feature", "properties": { "vehicle_id": "A1421", "latitude": 42.660675048828125, "longitude": 23.297264099121094, "raw_occupancy": 0, "timestamp": "2026-09-15 17:25:28" }, "geometry": { "type": "Point", "coordinates": [ 23.297264099121094, 42.660675048828125 ] } },
{ "type": "Feature", "properties": { "vehicle_id": "A2074", "latitude": 42.578605651855469, "longitude": 23.415260314941406, "raw_occupancy": 0, "timestamp": "2026-09-15 17:25:28" }, "geometry": { "type": "Point", "coordinates": [ 23.415260314941406, 42.578605651855469 ] } },
{ "type": "Feature", "properties": { "vehicle_id": "A1618", "latitude": 42.686321258544922, "longitude": 23.266117095947266, "raw_occupancy": 2, "timestamp": "2026-09-15 17:25:28" }, "geometry": { "type": "Point", "coordinates": [ 23.266117095947266, 42.686321258544922 ] } },
{ "type": "Feature", "properties": { "vehicle_id": "A1231", "latitude": 42.699039459228516, "longitude": 23.275596618652344, "raw_occupancy": 1, "timestamp": "2026-09-15 17:25:28" }, "geometry": { "type": "Point", "coordinates": [ 23.275596618652344, 42.699039459228516 ] } },
{ "type": "Feature", "properties": { "vehicle_id": "A7115", "latitude": 42.803203582763672, "longitude": 23.344266891479492, "raw_occupancy": 2, "timestamp": "2026-09-15 17:25:28" }, "geometry": { "type": "Point", "coordinates": [ 23.344266891479492, 42.803203582763672 ] } },
{ "type": "Feature", "properties": { "vehicle_id": "A3659", "latitude": 42.686763763427734, "longitude": 23.300504684448242, "raw_occupancy": 1, "timestamp": "2026-09-15 17:25:28" }, "geometry": { "type": "Point", "coordinates": [ 23.300504684448242, 42.686763763427734 ] } },
{ "type": "Feature", "properties": { "vehicle_id": "A2310", "latitude": 42.666240692138672, "longitude": 23.363754272460938, "raw_occupancy": 4, "timestamp": "2026-09-15 17:25:28" }, "geometry": { "type": "Point", "coordinates": [ 23.363754272460938, 42.666240692138672 ] } },
{ "type": "Feature", "properties": { "vehicle_id": "A2088", "latitude": 42.706943511962891, "longitude": 23.363227844238281, "raw_occupancy": 2, "timestamp": "2026-09-15 17:25:28" }, "geometry": { "type": "Point", "coordinates": [ 23.363227844238281, 42.706943511962891 ] } },
{ "type": "Feature", "properties": { "vehicle_id": "A2060", "latitude": 42.657981872558594, "longitude": 23.38374137878418, "raw_occupancy": 5, "timestamp": "2026-09-15 17:25:28" }, "geometry": { "type": "Point", "coordinates": [ 23.38374137878418, 42.657981872558594 ] } },
{ "type": "Feature", "properties": { "vehicle_id": "A1015", "latitude": 42.645610809326172, "longitude": 23.33265495300293, "raw_occupancy": 2, "timestamp": "2026-09-15 17:25:28" }, "geometry": { "type": "Point", "coordinates": [ 23.33265495300293, 42.645610809326172 ] } },
{ "type": "Feature", "properties": { "vehicle_id": "A2516", "latitude": 42.619785308837891, "longitude": 23.331289291381836, "raw_occupancy": 1, "timestamp": "2026-09-15 17:25:28" }, "geometry": { "type": "Point", "coordinates": [ 23.331289291381836, 42.619785308837891 ] } },
{ "type": "Feature", "properties": { "vehicle_id": "A3141", "latitude": 42.670486450195312, "longitude": 23.281852722167969, "raw_occupancy": 2, "timestamp": "2026-09-15 17:25:28" }, "geometry": { "type": "Point", "coordinates": [ 23.281852722167969, 42.670486450195312 ] } },
{ "type": "Feature", "properties": { "vehicle_id": "A1175", "latitude": 42.732311248779297, "longitude": 23.312347412109375, "raw_occupancy": 0, "timestamp": "2026-09-15 17:25:28" }, "geometry": { "type": "Point", "coordinates": [ 23.312347412109375, 42.732311248779297 ] } },
{ "type": "Feature", "properties": { "vehicle_id": "A3107", "latitude": 42.662429809570312, "longitude": 23.377376556396484, "raw_occupancy": 5, "timestamp": "2026-09-15 17:25:28" }, "geometry": { "type": "Point", "coordinates": [ 23.377376556396484, 42.662429809570312 ] } },
{ "type": "Feature", "properties": { "vehicle_id": "A3663", "latitude": 42.695171356201172, "longitude": 23.364660263061523, "raw_occupancy": 3, "timestamp": "2026-09-15 17:25:28" }, "geometry": { "type": "Point", "coordinates": [ 23.364660263061523, 42.695171356201172 ] } },
{ "type": "Feature", "properties": { "vehicle_id": "A1807", "latitude": 42.69415283203125, "longitude": 23.183982849121094, "raw_occupancy": 0, "timestamp": "2026-09-15 17:25:28" }, "geometry": { "type": "Point", "coordinates": [ 23.183982849121094, 42.69415283203125 ] } },
{ "type": "Feature", "properties": { "vehicle_id": "A2077", "latitude": 42.727420806884766, "longitude": 23.344509124755859, "raw_occupancy": 2, "timestamp": "2026-09-15 17:25:28" }, "geometry": { "type": "Point", "coordinates": [ 23.344509124755859, 42.727420806884766 ] } },
{ "type": "Feature", "properties": { "vehicle_id": "A2317", "latitude": 42.651416778564453, "longitude": 23.357694625854492, "raw_occupancy": 3, "timestamp": "2026-09-15 17:25:28" }, "geometry": { "type": "Point", "coordinates": [ 23.357694625854492, 42.651416778564453 ] } },
{ "type": "Feature", "properties": { "vehicle_id": "A3617", "latitude": 42.664344787597656, "longitude": 23.390544891357422, "raw_occupancy": 3, "timestamp": "2026-09-15 17:25:28" }, "geometry": { "type": "Point", "coordinates": [ 23.390544891357422, 42.664344787597656 ] } },
{ "type": "Feature", "properties": { "vehicle_id": "A1206", "latitude": 42.623897552490234, "longitude": 23.360673904418945, "raw_occupancy": 2, "timestamp": "2026-09-15 17:25:28" }, "geometry": { "type": "Point", "coordinates": [ 23.360673904418945, 42.623897552490234 ] } },
{ "type": "Feature", "properties": { "vehicle_id": "A3115", "latitude": 42.673671722412109, "longitude": 23.381540298461914, "raw_occupancy": 3, "timestamp": "2026-09-15 17:25:28" }, "geometry": { "type": "Point", "coordinates": [ 23.381540298461914, 42.673671722412109 ] } },
{ "type": "Feature", "properties": { "vehicle_id": "A7111", "latitude": 42.828376770019531, "longitude": 23.284795761108398, "raw_occupancy": 1, "timestamp": "2026-09-15 17:25:28" }, "geometry": { "type": "Point", "coordinates": [ 23.284795761108398, 42.828376770019531 ] } },
{ "type": "Feature", "properties": { "vehicle_id": "A1176", "latitude": 42.710903167724609, "longitude": 23.319108963012695, "raw_occupancy": 0, "timestamp": "2026-09-15 17:25:28" }, "geometry": { "type": "Point", "coordinates": [ 23.319108963012695, 42.710903167724609 ] } },
{ "type": "Feature", "properties": { "vehicle_id": "A1610", "latitude": 42.629257202148438, "longitude": 23.373237609863281, "raw_occupancy": 2, "timestamp": "2026-09-15 17:25:28" }, "geometry": { "type": "Point", "coordinates": [ 23.373237609863281, 42.629257202148438 ] } },
{ "type": "Feature", "properties": { "vehicle_id": "A2140", "latitude": 42.692779541015625, "longitude": 23.381135940551758, "raw_occupancy": 2, "timestamp": "2026-09-15 17:25:28" }, "geometry": { "type": "Point", "coordinates": [ 23.381135940551758, 42.692779541015625 ] } },
{ "type": "Feature", "properties": { "vehicle_id": "A2306", "latitude": 42.653324127197266, "longitude": 23.347490310668945, "raw_occupancy": 3, "timestamp": "2026-09-15 17:25:28" }, "geometry": { "type": "Point", "coordinates": [ 23.347490310668945, 42.653324127197266 ] } },
{ "type": "Feature", "properties": { "vehicle_id": "A3114", "latitude": 42.697040557861328, "longitude": 23.35450553894043, "raw_occupancy": 3, "timestamp": "2026-09-15 17:25:28" }, "geometry": { "type": "Point", "coordinates": [ 23.35450553894043, 42.697040557861328 ] } },
{ "type": "Feature", "properties": { "vehicle_id": "A1213", "latitude": 42.736721038818359, "longitude": 23.242721557617188, "raw_occupancy": 2, "timestamp": "2026-09-15 17:25:28" }, "geometry": { "type": "Point", "coordinates": [ 23.242721557617188, 42.736721038818359 ] } },
{ "type": "Feature", "properties": { "vehicle_id": "A7171", "latitude": 42.732624053955078, "longitude": 23.252023696899414, "raw_occupancy": 2, "timestamp": "2026-09-15 17:25:28" }, "geometry": { "type": "Point", "coordinates": [ 23.252023696899414, 42.732624053955078 ] } },
{ "type": "Feature", "properties": { "vehicle_id": "A3700", "latitude": 42.6800537109375, "longitude": 23.464685440063477, "raw_occupancy": 1, "timestamp": "2026-09-15 17:25:28" }, "geometry": { "type": "Point", "coordinates": [ 23.464685440063477, 42.6800537109375 ] } },
{ "type": "Feature", "properties": { "vehicle_id": "A3019", "latitude": 42.693599700927734, "longitude": 23.351064682006836, "raw_occupancy": 1, "timestamp": "2026-09-15 17:25:28" }, "geometry": { "type": "Point", "coordinates": [ 23.351064682006836, 42.693599700927734 ] } },
{ "type": "Feature", "properties": { "vehicle_id": "A7153", "latitude": 42.792369842529297, "longitude": 23.270431518554688, "raw_occupancy": 1, "timestamp": "2026-09-15 17:25:28" }, "geometry": { "type": "Point", "coordinates": [ 23.270431518554688, 42.792369842529297 ] } },
{ "type": "Feature", "properties": { "vehicle_id": "A1222", "latitude": 42.719020843505859, "longitude": 23.256195068359375, "raw_occupancy": 5, "timestamp": "2026-09-15 17:25:28" }, "geometry": { "type": "Point", "coordinates": [ 23.256195068359375, 42.719020843505859 ] } },
{ "type": "Feature", "properties": { "vehicle_id": "A3154", "latitude": 42.644458770751953, "longitude": 23.412139892578125, "raw_occupancy": 1, "timestamp": "2026-09-15 17:25:28" }, "geometry": { "type": "Point", "coordinates": [ 23.412139892578125, 42.644458770751953 ] } },
{ "type": "Feature", "properties": { "vehicle_id": "A1182", "latitude": 42.679489135742188, "longitude": 23.283771514892578, "raw_occupancy": 4, "timestamp": "2026-09-15 17:25:28" }, "geometry": { "type": "Point", "coordinates": [ 23.283771514892578, 42.679489135742188 ] } },
{ "type": "Feature", "properties": { "vehicle_id": "A7173", "latitude": 42.710960388183594, "longitude": 23.35076904296875, "raw_occupancy": 1, "timestamp": "2026-09-15 17:25:28" }, "geometry": { "type": "Point", "coordinates": [ 23.35076904296875, 42.710960388183594 ] } },
{ "type": "Feature", "properties": { "vehicle_id": "A3600", "latitude": 42.659759521484375, "longitude": 23.464883804321289, "raw_occupancy": 1, "timestamp": "2026-09-15 17:25:28" }, "geometry": { "type": "Point", "coordinates": [ 23.464883804321289, 42.659759521484375 ] } },
{ "type": "Feature", "properties": { "vehicle_id": "A1217", "latitude": 42.696220397949219, "longitude": 23.149290084838867, "raw_occupancy": 1, "timestamp": "2026-09-15 17:25:28" }, "geometry": { "type": "Point", "coordinates": [ 23.149290084838867, 42.696220397949219 ] } },
{ "type": "Feature", "properties": { "vehicle_id": "A3633", "latitude": 42.647720336914062, "longitude": 23.367780685424805, "raw_occupancy": 1, "timestamp": "2026-09-15 17:25:28" }, "geometry": { "type": "Point", "coordinates": [ 23.367780685424805, 42.647720336914062 ] } },
{ "type": "Feature", "properties": { "vehicle_id": "A3608", "latitude": 42.63922119140625, "longitude": 23.38165283203125, "raw_occupancy": 2, "timestamp": "2026-09-15 17:25:28" }, "geometry": { "type": "Point", "coordinates": [ 23.38165283203125, 42.63922119140625 ] } },
{ "type": "Feature", "properties": { "vehicle_id": "A1402", "latitude": 42.731822967529297, "longitude": 23.285575866699219, "raw_occupancy": 2, "timestamp": "2026-09-15 17:25:28" }, "geometry": { "type": "Point", "coordinates": [ 23.285575866699219, 42.731822967529297 ] } },
{ "type": "Feature", "properties": { "vehicle_id": "A1829", "latitude": 42.685230255126953, "longitude": 23.119388580322266, "raw_occupancy": 0, "timestamp": "2026-09-15 17:25:28" }, "geometry": { "type": "Point", "coordinates": [ 23.119388580322266, 42.685230255126953 ] } },
{ "type": "Feature", "properties": { "vehicle_id": "A1117", "latitude": 42.755081176757812, "longitude": 23.211469650268555, "raw_occupancy": 1, "timestamp": "2026-09-15 17:25:28" }, "geometry": { "type": "Point", "coordinates": [ 23.211469650268555, 42.755081176757812 ] } },
{ "type": "Feature", "properties": { "vehicle_id": "A2752", "latitude": 42.657390594482422, "longitude": 23.35908317565918, "raw_occupancy": 2, "timestamp": "2026-09-15 17:25:28" }, "geometry": { "type": "Point", "coordinates": [ 23.35908317565918, 42.657390594482422 ] } },
{ "type": "Feature", "properties": { "vehicle_id": "A1160", "latitude": 42.679031372070312, "longitude": 23.28425407409668, "raw_occupancy": 1, "timestamp": "2026-09-15 17:25:28" }, "geometry": { "type": "Point", "coordinates": [ 23.28425407409668, 42.679031372070312 ] } },
{ "type": "Feature", "properties": { "vehicle_id": "A2810", "latitude": 42.716892242431641, "longitude": 23.286733627319336, "raw_occupancy": 1, "timestamp": "2026-09-15 17:25:28" }, "geometry": { "type": "Point", "coordinates": [ 23.286733627319336, 42.716892242431641 ] } },
{ "type": "Feature", "properties": { "vehicle_id": "A1404", "latitude": 42.650741577148438, "longitude": 23.278436660766602, "raw_occupancy": 4, "timestamp": "2026-09-15 17:25:28" }, "geometry": { "type": "Point", "coordinates": [ 23.278436660766602, 42.650741577148438 ] } },
{ "type": "Feature", "properties": { "vehicle_id": "A3625", "latitude": 42.670719146728516, "longitude": 23.397184371948242, "raw_occupancy": 3, "timestamp": "2026-09-15 17:25:28" }, "geometry": { "type": "Point", "coordinates": [ 23.397184371948242, 42.670719146728516 ] } },
{ "type": "Feature", "properties": { "vehicle_id": "A7191", "latitude": 42.71282958984375, "longitude": 23.343935012817383, "raw_occupancy": 0, "timestamp": "2026-09-15 17:25:28" }, "geometry": { "type": "Point", "coordinates": [ 23.343935012817383, 42.71282958984375 ] } },
{ "type": "Feature", "properties": { "vehicle_id": "A2044", "latitude": 42.656711578369141, "longitude": 23.327404022216797, "raw_occupancy": 0, "timestamp": "2026-09-15 17:25:28" }, "geometry": { "type": "Point", "coordinates": [ 23.327404022216797, 42.656711578369141 ] } },
{ "type": "Feature", "properties": { "vehicle_id": "A1314", "latitude": 42.655132293701172, "longitude": 23.28209114074707, "raw_occupancy": 1, "timestamp": "2026-09-15 17:25:28" }, "geometry": { "type": "Point", "coordinates": [ 23.28209114074707, 42.655132293701172 ] } },
{ "type": "Feature", "properties": { "vehicle_id": "A2052", "latitude": 42.623016357421875, "longitude": 23.449865341186523, "raw_occupancy": 2, "timestamp": "2026-09-15 17:25:28" }, "geometry": { "type": "Point", "coordinates": [ 23.449865341186523, 42.623016357421875 ] } },
{ "type": "Feature", "properties": { "vehicle_id": "A3101", "latitude": 42.694370269775391, "longitude": 23.346260070800781, "raw_occupancy": 1, "timestamp": "2026-09-15 17:25:28" }, "geometry": { "type": "Point", "coordinates": [ 23.346260070800781, 42.694370269775391 ] } },
{ "type": "Feature", "properties": { "vehicle_id": "A1803", "latitude": 42.652107238769531, "longitude": 23.222301483154297, "raw_occupancy": 2, "timestamp": "2026-09-15 17:25:28" }, "geometry": { "type": "Point", "coordinates": [ 23.222301483154297, 42.652107238769531 ] } },
{ "type": "Feature", "properties": { "vehicle_id": "A2033", "latitude": 42.685779571533203, "longitude": 23.35029411315918, "raw_occupancy": 1, "timestamp": "2026-09-15 17:25:28" }, "geometry": { "type": "Point", "coordinates": [ 23.35029411315918, 42.685779571533203 ] } },
{ "type": "Feature", "properties": { "vehicle_id": "A1168", "latitude": 42.686489105224609, "longitude": 23.331729888916016, "raw_occupancy": 4, "timestamp": "2026-09-15 17:25:28" }, "geometry": { "type": "Point", "coordinates": [ 23.331729888916016, 42.686489105224609 ] } },
{ "type": "Feature", "properties": { "vehicle_id": "A2000", "latitude": 42.707801818847656, "longitude": 23.364141464233398, "raw_occupancy": 2, "timestamp": "2026-09-15 17:25:28" }, "geometry": { "type": "Point", "coordinates": [ 23.364141464233398, 42.707801818847656 ] } },
{ "type": "Feature", "properties": { "vehicle_id": "A1823", "latitude": 42.715595245361328, "longitude": 23.283222198486328, "raw_occupancy": 2, "timestamp": "2026-09-15 17:25:28" }, "geometry": { "type": "Point", "coordinates": [ 23.283222198486328, 42.715595245361328 ] } },
{ "type": "Feature", "properties": { "vehicle_id": "A3121", "latitude": 42.6607666015625, "longitude": 23.379261016845703, "raw_occupancy": 3, "timestamp": "2026-09-15 17:25:28" }, "geometry": { "type": "Point", "coordinates": [ 23.379261016845703, 42.6607666015625 ] } },
{ "type": "Feature", "properties": { "vehicle_id": "A1034", "latitude": 42.649456024169922, "longitude": 23.263797760009766, "raw_occupancy": 3, "timestamp": "2026-09-15 17:25:28" }, "geometry": { "type": "Point", "coordinates": [ 23.263797760009766, 42.649456024169922 ] } },
{ "type": "Feature", "properties": { "vehicle_id": "A1410", "latitude": 42.649005889892578, "longitude": 23.315177917480469, "raw_occupancy": 3, "timestamp": "2026-09-15 17:25:28" }, "geometry": { "type": "Point", "coordinates": [ 23.315177917480469, 42.649005889892578 ] } },
{ "type": "Feature", "properties": { "vehicle_id": "A1216", "latitude": 42.731201171875, "longitude": 23.266628265380859, "raw_occupancy": 2, "timestamp": "2026-09-15 17:25:28" }, "geometry": { "type": "Point", "coordinates": [ 23.266628265380859, 42.731201171875 ] } },
{ "type": "Feature", "properties": { "vehicle_id": "A2309", "latitude": 42.648567199707031, "longitude": 23.341630935668945, "raw_occupancy": 1, "timestamp": "2026-09-15 17:25:28" }, "geometry": { "type": "Point", "coordinates": [ 23.341630935668945, 42.648567199707031 ] } },
{ "type": "Feature", "properties": { "vehicle_id": "A3156", "latitude": 42.64013671875, "longitude": 23.415899276733398, "raw_occupancy": 0, "timestamp": "2026-09-15 17:25:28" }, "geometry": { "type": "Point", "coordinates": [ 23.415899276733398, 42.64013671875 ] } },
{ "type": "Feature", "properties": { "vehicle_id": "A1189", "latitude": 42.679222106933594, "longitude": 23.301174163818359, "raw_occupancy": 3, "timestamp": "2026-09-15 17:25:28" }, "geometry": { "type": "Point", "coordinates": [ 23.301174163818359, 42.679222106933594 ] } },
{ "type": "Feature", "properties": { "vehicle_id": "A2020", "latitude": 42.692325592041016, "longitude": 23.335206985473633, "raw_occupancy": 0, "timestamp": "2026-09-15 17:25:28" }, "geometry": { "type": "Point", "coordinates": [ 23.335206985473633, 42.692325592041016 ] } },
{ "type": "Feature", "properties": { "vehicle_id": "A2722", "latitude": 42.817840576171875, "longitude": 23.355358123779297, "raw_occupancy": 1, "timestamp": "2026-09-15 17:25:28" }, "geometry": { "type": "Point", "coordinates": [ 23.355358123779297, 42.817840576171875 ] } },
{ "type": "Feature", "properties": { "vehicle_id": "A7081", "latitude": 42.773090362548828, "longitude": 23.36285400390625, "raw_occupancy": 1, "timestamp": "2026-09-15 17:25:28" }, "geometry": { "type": "Point", "coordinates": [ 23.36285400390625, 42.773090362548828 ] } },
{ "type": "Feature", "properties": { "vehicle_id": "A7149", "latitude": 42.712650299072266, "longitude": 23.343410491943359, "raw_occupancy": 5, "timestamp": "2026-09-15 17:25:28" }, "geometry": { "type": "Point", "coordinates": [ 23.343410491943359, 42.712650299072266 ] } },
{ "type": "Feature", "properties": { "vehicle_id": "A1409", "latitude": 42.675941467285156, "longitude": 23.240598678588867, "raw_occupancy": 2, "timestamp": "2026-09-15 17:25:28" }, "geometry": { "type": "Point", "coordinates": [ 23.240598678588867, 42.675941467285156 ] } },
{ "type": "Feature", "properties": { "vehicle_id": "A7125", "latitude": 42.715904235839844, "longitude": 23.340263366699219, "raw_occupancy": 4, "timestamp": "2026-09-15 17:25:28" }, "geometry": { "type": "Point", "coordinates": [ 23.340263366699219, 42.715904235839844 ] } },
{ "type": "Feature", "properties": { "vehicle_id": "A3125", "latitude": 42.665901184082031, "longitude": 23.354528427124023, "raw_occupancy": 5, "timestamp": "2026-09-15 17:25:28" }, "geometry": { "type": "Point", "coordinates": [ 23.354528427124023, 42.665901184082031 ] } },
{ "type": "Feature", "properties": { "vehicle_id": "A2501", "latitude": 42.706722259521484, "longitude": 23.317873001098633, "raw_occupancy": 2, "timestamp": "2026-09-15 17:25:28" }, "geometry": { "type": "Point", "coordinates": [ 23.317873001098633, 42.706722259521484 ] } },
{ "type": "Feature", "properties": { "vehicle_id": "A2804", "latitude": 42.693157196044922, "longitude": 23.354719161987305, "raw_occupancy": 2, "timestamp": "2026-09-15 17:25:28" }, "geometry": { "type": "Point", "coordinates": [ 23.354719161987305, 42.693157196044922 ] } },
{ "type": "Feature", "properties": { "vehicle_id": "A3656", "latitude": 42.710849761962891, "longitude": 23.320066452026367, "raw_occupancy": 1, "timestamp": "2026-09-15 17:25:28" }, "geometry": { "type": "Point", "coordinates": [ 23.320066452026367, 42.710849761962891 ] } },
{ "type": "Feature", "properties": { "vehicle_id": "A2045", "latitude": 42.710926055908203, "longitude": 23.269536972045898, "raw_occupancy": 3, "timestamp": "2026-09-15 17:25:28" }, "geometry": { "type": "Point", "coordinates": [ 23.269536972045898, 42.710926055908203 ] } },
{ "type": "Feature", "properties": { "vehicle_id": "A2316", "latitude": 42.666988372802734, "longitude": 23.365161895751953, "raw_occupancy": 2, "timestamp": "2026-09-15 17:25:28" }, "geometry": { "type": "Point", "coordinates": [ 23.365161895751953, 42.666988372802734 ] } },
{ "type": "Feature", "properties": { "vehicle_id": "A3401", "latitude": 42.675102233886719, "longitude": 23.338804244995117, "raw_occupancy": 1, "timestamp": "2026-09-15 17:25:28" }, "geometry": { "type": "Point", "coordinates": [ 23.338804244995117, 42.675102233886719 ] } },
{ "type": "Feature", "properties": { "vehicle_id": "A3662", "latitude": 42.653007507324219, "longitude": 23.335931777954102, "raw_occupancy": 2, "timestamp": "2026-09-15 17:25:28" }, "geometry": { "type": "Point", "coordinates": [ 23.335931777954102, 42.653007507324219 ] } },
{ "type": "Feature", "properties": { "vehicle_id": "A3657", "latitude": 42.647884368896484, "longitude": 23.403694152832031, "raw_occupancy": 1, "timestamp": "2026-09-15 17:25:28" }, "geometry": { "type": "Point", "coordinates": [ 23.403694152832031, 42.647884368896484 ] } },
{ "type": "Feature", "properties": { "vehicle_id": "A3112", "latitude": 42.655242919921875, "longitude": 23.381439208984375, "raw_occupancy": 3, "timestamp": "2026-09-15 17:25:28" }, "geometry": { "type": "Point", "coordinates": [ 23.381439208984375, 42.655242919921875 ] } },
{ "type": "Feature", "properties": { "vehicle_id": "A3135", "latitude": 42.649925231933594, "longitude": 23.365402221679688, "raw_occupancy": 2, "timestamp": "2026-09-15 17:25:28" }, "geometry": { "type": "Point", "coordinates": [ 23.365402221679688, 42.649925231933594 ] } },
{ "type": "Feature", "properties": { "vehicle_id": "A1150", "latitude": 42.660125732421875, "longitude": 23.321575164794922, "raw_occupancy": 1, "timestamp": "2026-09-15 17:25:28" }, "geometry": { "type": "Point", "coordinates": [ 23.321575164794922, 42.660125732421875 ] } },
{ "type": "Feature", "properties": { "vehicle_id": "A1608", "latitude": 42.687347412109375, "longitude": 23.331876754760742, "raw_occupancy": 4, "timestamp": "2026-09-15 17:25:28" }, "geometry": { "type": "Point", "coordinates": [ 23.331876754760742, 42.687347412109375 ] } },
{ "type": "Feature", "properties": { "vehicle_id": "A2831", "latitude": 42.663688659667969, "longitude": 23.246381759643555, "raw_occupancy": 1, "timestamp": "2026-09-15 17:25:28" }, "geometry": { "type": "Point", "coordinates": [ 23.246381759643555, 42.663688659667969 ] } },
{ "type": "Feature", "properties": { "vehicle_id": "A2012", "latitude": 42.703495025634766, "longitude": 23.365028381347656, "raw_occupancy": 2, "timestamp": "2026-09-15 17:25:28" }, "geometry": { "type": "Point", "coordinates": [ 23.365028381347656, 42.703495025634766 ] } },
{ "type": "Feature", "properties": { "vehicle_id": "A1232", "latitude": 42.742912292480469, "longitude": 23.269609451293945, "raw_occupancy": 1, "timestamp": "2026-09-15 17:25:28" }, "geometry": { "type": "Point", "coordinates": [ 23.269609451293945, 42.742912292480469 ] } },
{ "type": "Feature", "properties": { "vehicle_id": "A3124", "latitude": 42.631008148193359, "longitude": 23.375064849853516, "raw_occupancy": 1, "timestamp": "2026-09-15 17:25:28" }, "geometry": { "type": "Point", "coordinates": [ 23.375064849853516, 42.631008148193359 ] } },
{ "type": "Feature", "properties": { "vehicle_id": "A7163", "latitude": 42.709377288818359, "longitude": 23.396036148071289, "raw_occupancy": 5, "timestamp": "2026-09-15 17:25:28" }, "geometry": { "type": "Point", "coordinates": [ 23.396036148071289, 42.709377288818359 ] } },
{ "type": "Feature", "properties": { "vehicle_id": "A3622", "latitude": 42.667835235595703, "longitude": 23.424301147460938, "raw_occupancy": 1, "timestamp": "2026-09-15 17:25:28" }, "geometry": { "type": "Point", "coordinates": [ 23.424301147460938, 42.667835235595703 ] } },
{ "type": "Feature", "properties": { "vehicle_id": "A7075", "latitude": 42.782218933105469, "longitude": 23.385473251342773, "raw_occupancy": 1, "timestamp": "2026-09-15 17:25:28" }, "geometry": { "type": "Point", "coordinates": [ 23.385473251342773, 42.782218933105469 ] } },
{ "type": "Feature", "properties": { "vehicle_id": "A1609", "latitude": 42.694999694824219, "longitude": 23.295345306396484, "raw_occupancy": 3, "timestamp": "2026-09-15 17:25:28" }, "geometry": { "type": "Point", "coordinates": [ 23.295345306396484, 42.694999694824219 ] } },
{ "type": "Feature", "properties": { "vehicle_id": "A2090", "latitude": 42.656593322753906, "longitude": 23.38557243347168, "raw_occupancy": 2, "timestamp": "2026-09-15 17:25:28" }, "geometry": { "type": "Point", "coordinates": [ 23.38557243347168, 42.656593322753906 ] } },
{ "type": "Feature", "properties": { "vehicle_id": "A1183", "latitude": 42.658256530761719, "longitude": 23.341995239257812, "raw_occupancy": 2, "timestamp": "2026-09-15 17:25:28" }, "geometry": { "type": "Point", "coordinates": [ 23.341995239257812, 42.658256530761719 ] } },
{ "type": "Feature", "properties": { "vehicle_id": "A2002", "latitude": 42.653602600097656, "longitude": 23.344947814941406, "raw_occupancy": 2, "timestamp": "2026-09-15 17:25:28" }, "geometry": { "type": "Point", "coordinates": [ 23.344947814941406, 42.653602600097656 ] } },
{ "type": "Feature", "properties": { "vehicle_id": "A1837", "latitude": 42.772190093994141, "longitude": 23.241924285888672, "raw_occupancy": 0, "timestamp": "2026-09-15 17:25:28" }, "geometry": { "type": "Point", "coordinates": [ 23.241924285888672, 42.772190093994141 ] } },
{ "type": "Feature", "properties": { "vehicle_id": "A1859", "latitude": 42.673236846923828, "longitude": 23.27496337890625, "raw_occupancy": 1, "timestamp": "2026-09-15 17:25:28" }, "geometry": { "type": "Point", "coordinates": [ 23.27496337890625, 42.673236846923828 ] } },
{ "type": "Feature", "properties": { "vehicle_id": "A1620", "latitude": 42.657482147216797, "longitude": 23.272171020507812, "raw_occupancy": 3, "timestamp": "2026-09-15 17:25:28" }, "geometry": { "type": "Point", "coordinates": [ 23.272171020507812, 42.657482147216797 ] } },
{ "type": "Feature", "properties": { "vehicle_id": "A2014", "latitude": 42.713169097900391, "longitude": 23.413396835327148, "raw_occupancy": 1, "timestamp": "2026-09-15 17:25:28" }, "geometry": { "type": "Point", "coordinates": [ 23.413396835327148, 42.713169097900391 ] } },
{ "type": "Feature", "properties": { "vehicle_id": "A2041", "latitude": 42.708812713623047, "longitude": 23.296171188354492, "raw_occupancy": 3, "timestamp": "2026-09-15 17:25:28" }, "geometry": { "type": "Point", "coordinates": [ 23.296171188354492, 42.708812713623047 ] } },
{ "type": "Feature", "properties": { "vehicle_id": "A1809", "latitude": 42.701309204101562, "longitude": 23.230312347412109, "raw_occupancy": 2, "timestamp": "2026-09-15 17:25:28" }, "geometry": { "type": "Point", "coordinates": [ 23.230312347412109, 42.701309204101562 ] } },
{ "type": "Feature", "properties": { "vehicle_id": "A1185", "latitude": 42.674488067626953, "longitude": 23.31013298034668, "raw_occupancy": 3, "timestamp": "2026-09-15 17:25:28" }, "geometry": { "type": "Point", "coordinates": [ 23.31013298034668, 42.674488067626953 ] } },
{ "type": "Feature", "properties": { "vehicle_id": "A1616", "latitude": 42.697052001953125, "longitude": 23.355110168457031, "raw_occupancy": 4, "timestamp": "2026-09-15 17:25:28" }, "geometry": { "type": "Point", "coordinates": [ 23.355110168457031, 42.697052001953125 ] } },
{ "type": "Feature", "properties": { "vehicle_id": "A2315", "latitude": 42.665088653564453, "longitude": 23.361911773681641, "raw_occupancy": 1, "timestamp": "2026-09-15 17:25:28" }, "geometry": { "type": "Point", "coordinates": [ 23.361911773681641, 42.665088653564453 ] } },
{ "type": "Feature", "properties": { "vehicle_id": "A1853", "latitude": 42.704425811767578, "longitude": 23.149446487426758, "raw_occupancy": 2, "timestamp": "2026-09-15 17:25:28" }, "geometry": { "type": "Point", "coordinates": [ 23.149446487426758, 42.704425811767578 ] } },
{ "type": "Feature", "properties": { "vehicle_id": "A2058", "latitude": 42.684944152832031, "longitude": 23.325571060180664, "raw_occupancy": 3, "timestamp": "2026-09-15 17:25:28" }, "geometry": { "type": "Point", "coordinates": [ 23.325571060180664, 42.684944152832031 ] } },
{ "type": "Feature", "properties": { "vehicle_id": "A2057", "latitude": 42.550273895263672, "longitude": 23.480949401855469, "raw_occupancy": 1, "timestamp": "2026-09-15 17:25:28" }, "geometry": { "type": "Point", "coordinates": [ 23.480949401855469, 42.550273895263672 ] } },
{ "type": "Feature", "properties": { "vehicle_id": "A3661", "latitude": 42.653881072998047, "longitude": 23.347492218017578, "raw_occupancy": 3, "timestamp": "2026-09-15 17:25:28" }, "geometry": { "type": "Point", "coordinates": [ 23.347492218017578, 42.653881072998047 ] } },
{ "type": "Feature", "properties": { "vehicle_id": "A2036", "latitude": 42.6666259765625, "longitude": 23.337905883789062, "raw_occupancy": 2, "timestamp": "2026-09-15 17:25:28" }, "geometry": { "type": "Point", "coordinates": [ 23.337905883789062, 42.6666259765625 ] } },
{ "type": "Feature", "properties": { "vehicle_id": "A3614", "latitude": 42.625259399414062, "longitude": 23.406347274780273, "raw_occupancy": 1, "timestamp": "2026-09-15 17:25:28" }, "geometry": { "type": "Point", "coordinates": [ 23.406347274780273, 42.625259399414062 ] } },
{ "type": "Feature", "properties": { "vehicle_id": "A2075", "latitude": 42.669807434082031, "longitude": 23.368259429931641, "raw_occupancy": 1, "timestamp": "2026-09-15 17:25:28" }, "geometry": { "type": "Point", "coordinates": [ 23.368259429931641, 42.669807434082031 ] } },
{ "type": "Feature", "properties": { "vehicle_id": "A2039", "latitude": 42.70733642578125, "longitude": 23.355583190917969, "raw_occupancy": 1, "timestamp": "2026-09-15 17:25:28" }, "geometry": { "type": "Point", "coordinates": [ 23.355583190917969, 42.70733642578125 ] } },
{ "type": "Feature", "properties": { "vehicle_id": "A1025", "latitude": 42.648815155029297, "longitude": 23.262775421142578, "raw_occupancy": 3, "timestamp": "2026-09-15 17:25:28" }, "geometry": { "type": "Point", "coordinates": [ 23.262775421142578, 42.648815155029297 ] } },
{ "type": "Feature", "properties": { "vehicle_id": "A3149", "latitude": 42.675384521484375, "longitude": 23.359106063842773, "raw_occupancy": 4, "timestamp": "2026-09-15 17:25:28" }, "geometry": { "type": "Point", "coordinates": [ 23.359106063842773, 42.675384521484375 ] } },
{ "type": "Feature", "properties": { "vehicle_id": "A1605", "latitude": 42.684539794921875, "longitude": 23.371845245361328, "raw_occupancy": 3, "timestamp": "2026-09-15 17:25:28" }, "geometry": { "type": "Point", "coordinates": [ 23.371845245361328, 42.684539794921875 ] } },
{ "type": "Feature", "properties": { "vehicle_id": "A3623", "latitude": 42.708206176757812, "longitude": 23.441526412963867, "raw_occupancy": 1, "timestamp": "2026-09-15 17:25:28" }, "geometry": { "type": "Point", "coordinates": [ 23.441526412963867, 42.708206176757812 ] } },
{ "type": "Feature", "properties": { "vehicle_id": "A7157", "latitude": 42.710121154785156, "longitude": 23.387775421142578, "raw_occupancy": 2, "timestamp": "2026-09-15 17:25:28" }, "geometry": { "type": "Point", "coordinates": [ 23.387775421142578, 42.710121154785156 ] } },
{ "type": "Feature", "properties": { "vehicle_id": "A2035", "latitude": 42.646854400634766, "longitude": 23.345848083496094, "raw_occupancy": 0, "timestamp": "2026-09-15 17:25:28" }, "geometry": { "type": "Point", "coordinates": [ 23.345848083496094, 42.646854400634766 ] } },
{ "type": "Feature", "properties": { "vehicle_id": "A2502", "latitude": 42.660312652587891, "longitude": 23.321088790893555, "raw_occupancy": 1, "timestamp": "2026-09-15 17:25:28" }, "geometry": { "type": "Point", "coordinates": [ 23.321088790893555, 42.660312652587891 ] } },
{ "type": "Feature", "properties": { "vehicle_id": "A1035", "latitude": 42.680973052978516, "longitude": 23.230112075805664, "raw_occupancy": 1, "timestamp": "2026-09-15 17:25:28" }, "geometry": { "type": "Point", "coordinates": [ 23.230112075805664, 42.680973052978516 ] } },
{ "type": "Feature", "properties": { "vehicle_id": "A2018", "latitude": 42.685676574707031, "longitude": 23.321262359619141, "raw_occupancy": 1, "timestamp": "2026-09-15 17:25:28" }, "geometry": { "type": "Point", "coordinates": [ 23.321262359619141, 42.685676574707031 ] } },
{ "type": "Feature", "properties": { "vehicle_id": "A1833", "latitude": 42.726238250732422, "longitude": 23.262792587280273, "raw_occupancy": 1, "timestamp": "2026-09-15 17:25:28" }, "geometry": { "type": "Point", "coordinates": [ 23.262792587280273, 42.726238250732422 ] } },
{ "type": "Feature", "properties": { "vehicle_id": "A2030", "latitude": 42.702342987060547, "longitude": 23.351104736328125, "raw_occupancy": 3, "timestamp": "2026-09-15 17:25:28" }, "geometry": { "type": "Point", "coordinates": [ 23.351104736328125, 42.702342987060547 ] } },
{ "type": "Feature", "properties": { "vehicle_id": "A1614", "latitude": 42.650562286376953, "longitude": 23.291084289550781, "raw_occupancy": 2, "timestamp": "2026-09-15 17:25:28" }, "geometry": { "type": "Point", "coordinates": [ 23.291084289550781, 42.650562286376953 ] } },
{ "type": "Feature", "properties": { "vehicle_id": "A2303", "latitude": 42.709117889404297, "longitude": 23.25682258605957, "raw_occupancy": 1, "timestamp": "2026-09-15 17:25:28" }, "geometry": { "type": "Point", "coordinates": [ 23.25682258605957, 42.709117889404297 ] } },
{ "type": "Feature", "properties": { "vehicle_id": "A1406", "latitude": 42.629337310791016, "longitude": 23.312612533569336, "raw_occupancy": 2, "timestamp": "2026-09-15 17:25:28" }, "geometry": { "type": "Point", "coordinates": [ 23.312612533569336, 42.629337310791016 ] } },
{ "type": "Feature", "properties": { "vehicle_id": "A3634", "latitude": 42.674140930175781, "longitude": 23.435531616210938, "raw_occupancy": 1, "timestamp": "2026-09-15 17:25:28" }, "geometry": { "type": "Point", "coordinates": [ 23.435531616210938, 42.674140930175781 ] } },
{ "type": "Feature", "properties": { "vehicle_id": "A1209", "latitude": 42.674392700195312, "longitude": 23.240240097045898, "raw_occupancy": 1, "timestamp": "2026-09-15 17:25:28" }, "geometry": { "type": "Point", "coordinates": [ 23.240240097045898, 42.674392700195312 ] } },
{ "type": "Feature", "properties": { "vehicle_id": "A1229", "latitude": 42.718151092529297, "longitude": 23.189157485961914, "raw_occupancy": 3, "timestamp": "2026-09-15 17:25:28" }, "geometry": { "type": "Point", "coordinates": [ 23.189157485961914, 42.718151092529297 ] } },
{ "type": "Feature", "properties": { "vehicle_id": "A2061", "latitude": 42.711673736572266, "longitude": 23.331972122192383, "raw_occupancy": 1, "timestamp": "2026-09-15 17:25:28" }, "geometry": { "type": "Point", "coordinates": [ 23.331972122192383, 42.711673736572266 ] } },
{ "type": "Feature", "properties": { "vehicle_id": "A1030", "latitude": 42.646953582763672, "longitude": 23.346244812011719, "raw_occupancy": 2, "timestamp": "2026-09-15 17:25:28" }, "geometry": { "type": "Point", "coordinates": [ 23.346244812011719, 42.646953582763672 ] } },
{ "type": "Feature", "properties": { "vehicle_id": "A3018", "latitude": 42.678031921386719, "longitude": 23.370491027832031, "raw_occupancy": 0, "timestamp": "2026-09-15 17:25:28" }, "geometry": { "type": "Point", "coordinates": [ 23.370491027832031, 42.678031921386719 ] } },
{ "type": "Feature", "properties": { "vehicle_id": "A1158", "latitude": 42.727931976318359, "longitude": 23.246049880981445, "raw_occupancy": 0, "timestamp": "2026-09-15 17:25:28" }, "geometry": { "type": "Point", "coordinates": [ 23.246049880981445, 42.727931976318359 ] } },
{ "type": "Feature", "properties": { "vehicle_id": "A3111", "latitude": 42.671401977539062, "longitude": 23.395776748657227, "raw_occupancy": 1, "timestamp": "2026-09-15 17:25:28" }, "geometry": { "type": "Point", "coordinates": [ 23.395776748657227, 42.671401977539062 ] } },
{ "type": "Feature", "properties": { "vehicle_id": "A1407", "latitude": 42.697189331054688, "longitude": 23.277263641357422, "raw_occupancy": 1, "timestamp": "2026-09-15 17:25:28" }, "geometry": { "type": "Point", "coordinates": [ 23.277263641357422, 42.697189331054688 ] } },
{ "type": "Feature", "properties": { "vehicle_id": "A3613", "latitude": 42.667945861816406, "longitude": 23.402528762817383, "raw_occupancy": 1, "timestamp": "2026-09-15 17:25:28" }, "geometry": { "type": "Point", "coordinates": [ 23.402528762817383, 42.667945861816406 ] } },
{ "type": "Feature", "properties": { "vehicle_id": "A1153", "latitude": 42.678295135498047, "longitude": 23.285442352294922, "raw_occupancy": 2, "timestamp": "2026-09-15 17:25:28" }, "geometry": { "type": "Point", "coordinates": [ 23.285442352294922, 42.678295135498047 ] } },
{ "type": "Feature", "properties": { "vehicle_id": "A7087", "latitude": 42.750011444091797, "longitude": 23.276863098144531, "raw_occupancy": 3, "timestamp": "2026-09-15 17:25:28" }, "geometry": { "type": "Point", "coordinates": [ 23.276863098144531, 42.750011444091797 ] } },
{ "type": "Feature", "properties": { "vehicle_id": "A2311", "latitude": 42.691883087158203, "longitude": 23.341947555541992, "raw_occupancy": 1, "timestamp": "2026-09-15 17:25:28" }, "geometry": { "type": "Point", "coordinates": [ 23.341947555541992, 42.691883087158203 ] } },
{ "type": "Feature", "properties": { "vehicle_id": "A1604", "latitude": 42.700325012207031, "longitude": 23.297283172607422, "raw_occupancy": 2, "timestamp": "2026-09-15 17:25:28" }, "geometry": { "type": "Point", "coordinates": [ 23.297283172607422, 42.700325012207031 ] } },
{ "type": "Feature", "properties": { "vehicle_id": "A2025", "latitude": 42.663608551025391, "longitude": 23.344038009643555, "raw_occupancy": 4, "timestamp": "2026-09-15 17:25:28" }, "geometry": { "type": "Point", "coordinates": [ 23.344038009643555, 42.663608551025391 ] } },
{ "type": "Feature", "properties": { "vehicle_id": "A1010", "latitude": 42.657855987548828, "longitude": 23.298589706420898, "raw_occupancy": 1, "timestamp": "2026-09-15 17:25:28" }, "geometry": { "type": "Point", "coordinates": [ 23.298589706420898, 42.657855987548828 ] } },
{ "type": "Feature", "properties": { "vehicle_id": "A2083", "latitude": 42.731185913085938, "longitude": 23.254144668579102, "raw_occupancy": 1, "timestamp": "2026-09-15 17:25:28" }, "geometry": { "type": "Point", "coordinates": [ 23.254144668579102, 42.731185913085938 ] } },
{ "type": "Feature", "properties": { "vehicle_id": "A2081", "latitude": 42.607589721679688, "longitude": 23.400278091430664, "raw_occupancy": 3, "timestamp": "2026-09-15 17:25:28" }, "geometry": { "type": "Point", "coordinates": [ 23.400278091430664, 42.607589721679688 ] } },
{ "type": "Feature", "properties": { "vehicle_id": "A2059", "latitude": 42.728729248046875, "longitude": 23.324190139770508, "raw_occupancy": 0, "timestamp": "2026-09-15 17:25:28" }, "geometry": { "type": "Point", "coordinates": [ 23.324190139770508, 42.728729248046875 ] } },
{ "type": "Feature", "properties": { "vehicle_id": "A3319", "latitude": 42.639015197753906, "longitude": 23.389833450317383, "raw_occupancy": 0, "timestamp": "2026-09-15 17:25:28" }, "geometry": { "type": "Point", "coordinates": [ 23.389833450317383, 42.639015197753906 ] } },
{ "type": "Feature", "properties": { "vehicle_id": "A2070", "latitude": 42.631816864013672, "longitude": 23.447765350341797, "raw_occupancy": 1, "timestamp": "2026-09-15 17:25:28" }, "geometry": { "type": "Point", "coordinates": [ 23.447765350341797, 42.631816864013672 ] } },
{ "type": "Feature", "properties": { "vehicle_id": "A2506", "latitude": 42.695892333984375, "longitude": 23.285854339599609, "raw_occupancy": 2, "timestamp": "2026-09-15 17:25:28" }, "geometry": { "type": "Point", "coordinates": [ 23.285854339599609, 42.695892333984375 ] } },
{ "type": "Feature", "properties": { "vehicle_id": "A3100", "latitude": 42.697589874267578, "longitude": 23.353822708129883, "raw_occupancy": 2, "timestamp": "2026-09-15 17:25:28" }, "geometry": { "type": "Point", "coordinates": [ 23.353822708129883, 42.697589874267578 ] } },
{ "type": "Feature", "properties": { "vehicle_id": "A3127", "latitude": 42.637176513671875, "longitude": 23.381717681884766, "raw_occupancy": 1, "timestamp": "2026-09-15 17:25:28" }, "geometry": { "type": "Point", "coordinates": [ 23.381717681884766, 42.637176513671875 ] } },
{ "type": "Feature", "properties": { "vehicle_id": "A1230", "latitude": 42.713310241699219, "longitude": 23.248655319213867, "raw_occupancy": 2, "timestamp": "2026-09-15 17:25:28" }, "geometry": { "type": "Point", "coordinates": [ 23.248655319213867, 42.713310241699219 ] } },
{ "type": "Feature", "properties": { "vehicle_id": "A3132", "latitude": 42.637722015380859, "longitude": 23.380847930908203, "raw_occupancy": 2, "timestamp": "2026-09-15 17:25:28" }, "geometry": { "type": "Point", "coordinates": [ 23.380847930908203, 42.637722015380859 ] } },
{ "type": "Feature", "properties": { "vehicle_id": "A3134", "latitude": 42.6298828125, "longitude": 23.37335205078125, "raw_occupancy": 2, "timestamp": "2026-09-15 17:25:28" }, "geometry": { "type": "Point", "coordinates": [ 23.37335205078125, 42.6298828125 ] } },
{ "type": "Feature", "properties": { "vehicle_id": "A3145", "latitude": 42.674186706542969, "longitude": 23.291286468505859, "raw_occupancy": 2, "timestamp": "2026-09-15 17:25:28" }, "geometry": { "type": "Point", "coordinates": [ 23.291286468505859, 42.674186706542969 ] } },
{ "type": "Feature", "properties": { "vehicle_id": "A2079", "latitude": 42.648685455322266, "longitude": 23.315279006958008, "raw_occupancy": 4, "timestamp": "2026-09-15 17:25:28" }, "geometry": { "type": "Point", "coordinates": [ 23.315279006958008, 42.648685455322266 ] } },
{ "type": "Feature", "properties": { "vehicle_id": "A3655", "latitude": 42.656749725341797, "longitude": 23.336414337158203, "raw_occupancy": 4, "timestamp": "2026-09-15 17:25:28" }, "geometry": { "type": "Point", "coordinates": [ 23.336414337158203, 42.656749725341797 ] } },
{ "type": "Feature", "properties": { "vehicle_id": "A2076", "latitude": 42.671512603759766, "longitude": 23.370834350585938, "raw_occupancy": 1, "timestamp": "2026-09-15 17:25:28" }, "geometry": { "type": "Point", "coordinates": [ 23.370834350585938, 42.671512603759766 ] } },
{ "type": "Feature", "properties": { "vehicle_id": "A7063", "latitude": 42.738449096679688, "longitude": 23.264293670654297, "raw_occupancy": 0, "timestamp": "2026-09-15 17:25:28" }, "geometry": { "type": "Point", "coordinates": [ 23.264293670654297, 42.738449096679688 ] } },
{ "type": "Feature", "properties": { "vehicle_id": "A1186", "latitude": 42.645439147949219, "longitude": 23.34526252746582, "raw_occupancy": 0, "timestamp": "2026-09-15 17:25:28" }, "geometry": { "type": "Point", "coordinates": [ 23.34526252746582, 42.645439147949219 ] } },
{ "type": "Feature", "properties": { "vehicle_id": "A2027", "latitude": 42.713085174560547, "longitude": 23.379837036132812, "raw_occupancy": 1, "timestamp": "2026-09-15 17:25:28" }, "geometry": { "type": "Point", "coordinates": [ 23.379837036132812, 42.713085174560547 ] } },
{ "type": "Feature", "properties": { "vehicle_id": "A7169", "latitude": 42.760963439941406, "longitude": 23.562677383422852, "raw_occupancy": 1, "timestamp": "2026-09-15 17:25:28" }, "geometry": { "type": "Point", "coordinates": [ 23.562677383422852, 42.760963439941406 ] } },
{ "type": "Feature", "properties": { "vehicle_id": "A3616", "latitude": 42.675392150878906, "longitude": 23.358734130859375, "raw_occupancy": 3, "timestamp": "2026-09-15 17:25:28" }, "geometry": { "type": "Point", "coordinates": [ 23.358734130859375, 42.675392150878906 ] } },
{ "type": "Feature", "properties": { "vehicle_id": "A3119", "latitude": 42.642951965332031, "longitude": 23.334415435791016, "raw_occupancy": 0, "timestamp": "2026-09-15 17:25:28" }, "geometry": { "type": "Point", "coordinates": [ 23.334415435791016, 42.642951965332031 ] } },
{ "type": "Feature", "properties": { "vehicle_id": "A3670", "latitude": 42.670616149902344, "longitude": 23.39350700378418, "raw_occupancy": 1, "timestamp": "2026-09-15 17:25:28" }, "geometry": { "type": "Point", "coordinates": [ 23.39350700378418, 42.670616149902344 ] } },
{ "type": "Feature", "properties": { "vehicle_id": "A3654", "latitude": 42.625385284423828, "longitude": 23.330883026123047, "raw_occupancy": 1, "timestamp": "2026-09-15 17:25:28" }, "geometry": { "type": "Point", "coordinates": [ 23.330883026123047, 42.625385284423828 ] } },
{ "type": "Feature", "properties": { "vehicle_id": "A2026", "latitude": 42.705287933349609, "longitude": 23.323328018188477, "raw_occupancy": 0, "timestamp": "2026-09-15 17:25:28" }, "geometry": { "type": "Point", "coordinates": [ 23.323328018188477, 42.705287933349609 ] } },
{ "type": "Feature", "properties": { "vehicle_id": "A3312", "latitude": 42.623119354248047, "longitude": 23.384592056274414, "raw_occupancy": 0, "timestamp": "2026-09-15 17:25:28" }, "geometry": { "type": "Point", "coordinates": [ 23.384592056274414, 42.623119354248047 ] } },
{ "type": "Feature", "properties": { "vehicle_id": "A2318", "latitude": 42.690689086914062, "longitude": 23.337265014648438, "raw_occupancy": 1, "timestamp": "2026-09-15 17:25:28" }, "geometry": { "type": "Point", "coordinates": [ 23.337265014648438, 42.690689086914062 ] } },
{ "type": "Feature", "properties": { "vehicle_id": "A7137", "latitude": 42.760383605957031, "longitude": 23.423027038574219, "raw_occupancy": 2, "timestamp": "2026-09-15 17:25:28" }, "geometry": { "type": "Point", "coordinates": [ 23.423027038574219, 42.760383605957031 ] } },
{ "type": "Feature", "properties": { "vehicle_id": "A2518", "latitude": 42.600002288818359, "longitude": 23.497051239013672, "raw_occupancy": 1, "timestamp": "2026-09-15 17:25:28" }, "geometry": { "type": "Point", "coordinates": [ 23.497051239013672, 42.600002288818359 ] } },
{ "type": "Feature", "properties": { "vehicle_id": "A2087", "latitude": 42.723472595214844, "longitude": 23.301969528198242, "raw_occupancy": 1, "timestamp": "2026-09-15 17:25:28" }, "geometry": { "type": "Point", "coordinates": [ 23.301969528198242, 42.723472595214844 ] } },
{ "type": "Feature", "properties": { "vehicle_id": "A3146", "latitude": 42.662532806396484, "longitude": 23.376834869384766, "raw_occupancy": 5, "timestamp": "2026-09-15 17:25:28" }, "geometry": { "type": "Point", "coordinates": [ 23.376834869384766, 42.662532806396484 ] } },
{ "type": "Feature", "properties": { "vehicle_id": "A7055", "latitude": 42.739547729492188, "longitude": 23.511341094970703, "raw_occupancy": 1, "timestamp": "2026-09-15 17:25:28" }, "geometry": { "type": "Point", "coordinates": [ 23.511341094970703, 42.739547729492188 ] } },
{ "type": "Feature", "properties": { "vehicle_id": "A3152", "latitude": 42.659275054931641, "longitude": 23.388137817382812, "raw_occupancy": 2, "timestamp": "2026-09-15 17:25:28" }, "geometry": { "type": "Point", "coordinates": [ 23.388137817382812, 42.659275054931641 ] } },
{ "type": "Feature", "properties": { "vehicle_id": "A3403", "latitude": 42.659713745117188, "longitude": 23.316638946533203, "raw_occupancy": 1, "timestamp": "2026-09-15 17:25:28" }, "geometry": { "type": "Point", "coordinates": [ 23.316638946533203, 42.659713745117188 ] } },
{ "type": "Feature", "properties": { "vehicle_id": "A2078", "latitude": 42.630397796630859, "longitude": 23.408645629882812, "raw_occupancy": 3, "timestamp": "2026-09-15 17:25:28" }, "geometry": { "type": "Point", "coordinates": [ 23.408645629882812, 42.630397796630859 ] } },
{ "type": "Feature", "properties": { "vehicle_id": "A3400", "latitude": 42.688522338867188, "longitude": 23.415477752685547, "raw_occupancy": 2, "timestamp": "2026-09-15 17:25:28" }, "geometry": { "type": "Point", "coordinates": [ 23.415477752685547, 42.688522338867188 ] } },
{ "type": "Feature", "properties": { "vehicle_id": "A7083", "latitude": 42.70928955078125, "longitude": 23.424535751342773, "raw_occupancy": 1, "timestamp": "2026-09-15 17:25:28" }, "geometry": { "type": "Point", "coordinates": [ 23.424535751342773, 42.70928955078125 ] } },
{ "type": "Feature", "properties": { "vehicle_id": "A2028", "latitude": 42.713302612304688, "longitude": 23.414039611816406, "raw_occupancy": 1, "timestamp": "2026-09-15 17:25:28" }, "geometry": { "type": "Point", "coordinates": [ 23.414039611816406, 42.713302612304688 ] } },
{ "type": "Feature", "properties": { "vehicle_id": "A2817", "latitude": 42.710250854492188, "longitude": 23.350292205810547, "raw_occupancy": 3, "timestamp": "2026-09-15 17:25:28" }, "geometry": { "type": "Point", "coordinates": [ 23.350292205810547, 42.710250854492188 ] } },
{ "type": "Feature", "properties": { "vehicle_id": "A1163", "latitude": 42.665180206298828, "longitude": 23.259725570678711, "raw_occupancy": 1, "timestamp": "2026-09-15 17:25:28" }, "geometry": { "type": "Point", "coordinates": [ 23.259725570678711, 42.665180206298828 ] } },
{ "type": "Feature", "properties": { "vehicle_id": "A7045", "latitude": 42.705390930175781, "longitude": 23.322099685668945, "raw_occupancy": 5, "timestamp": "2026-09-15 17:25:28" }, "geometry": { "type": "Point", "coordinates": [ 23.322099685668945, 42.705390930175781 ] } },
{ "type": "Feature", "properties": { "vehicle_id": "A1420", "latitude": 42.664394378662109, "longitude": 23.287313461303711, "raw_occupancy": 3, "timestamp": "2026-09-15 17:25:28" }, "geometry": { "type": "Point", "coordinates": [ 23.287313461303711, 42.664394378662109 ] } },
{ "type": "Feature", "properties": { "vehicle_id": "A7089", "latitude": 42.759773254394531, "longitude": 23.315834045410156, "raw_occupancy": 1, "timestamp": "2026-09-15 17:25:28" }, "geometry": { "type": "Point", "coordinates": [ 23.315834045410156, 42.759773254394531 ] } },
{ "type": "Feature", "properties": { "vehicle_id": "A3610", "latitude": 42.644660949707031, "longitude": 23.378629684448242, "raw_occupancy": 2, "timestamp": "2026-09-15 17:25:28" }, "geometry": { "type": "Point", "coordinates": [ 23.378629684448242, 42.644660949707031 ] } },
{ "type": "Feature", "properties": { "vehicle_id": "A3150", "latitude": 42.684650421142578, "longitude": 23.32476806640625, "raw_occupancy": 3, "timestamp": "2026-09-15 17:25:28" }, "geometry": { "type": "Point", "coordinates": [ 23.32476806640625, 42.684650421142578 ] } },
{ "type": "Feature", "properties": { "vehicle_id": "A1170", "latitude": 42.733440399169922, "longitude": 23.317258834838867, "raw_occupancy": 1, "timestamp": "2026-09-15 17:25:28" }, "geometry": { "type": "Point", "coordinates": [ 23.317258834838867, 42.733440399169922 ] } },
{ "type": "Feature", "properties": { "vehicle_id": "A1220", "latitude": 42.713813781738281, "longitude": 23.305826187133789, "raw_occupancy": 2, "timestamp": "2026-09-15 17:25:28" }, "geometry": { "type": "Point", "coordinates": [ 23.305826187133789, 42.713813781738281 ] } },
{ "type": "Feature", "properties": { "vehicle_id": "A1157", "latitude": 42.667045593261719, "longitude": 23.300418853759766, "raw_occupancy": 4, "timestamp": "2026-09-15 17:25:28" }, "geometry": { "type": "Point", "coordinates": [ 23.300418853759766, 42.667045593261719 ] } },
{ "type": "Feature", "properties": { "vehicle_id": "A2064", "latitude": 42.779468536376953, "longitude": 23.313213348388672, "raw_occupancy": 2, "timestamp": "2026-09-15 17:25:28" }, "geometry": { "type": "Point", "coordinates": [ 23.313213348388672, 42.779468536376953 ] } },
{ "type": "Feature", "properties": { "vehicle_id": "A1601", "latitude": 42.706050872802734, "longitude": 23.312427520751953, "raw_occupancy": 3, "timestamp": "2026-09-15 17:25:28" }, "geometry": { "type": "Point", "coordinates": [ 23.312427520751953, 42.706050872802734 ] } },
{ "type": "Feature", "properties": { "vehicle_id": "A1311", "latitude": 42.640106201171875, "longitude": 23.311944961547852, "raw_occupancy": 3, "timestamp": "2026-09-15 17:25:28" }, "geometry": { "type": "Point", "coordinates": [ 23.311944961547852, 42.640106201171875 ] } },
{ "type": "Feature", "properties": { "vehicle_id": "A2505", "latitude": 42.686286926269531, "longitude": 23.308364868164062, "raw_occupancy": 1, "timestamp": "2026-09-15 17:25:28" }, "geometry": { "type": "Point", "coordinates": [ 23.308364868164062, 42.686286926269531 ] } },
{ "type": "Feature", "properties": { "vehicle_id": "A7159", "latitude": 42.757469177246094, "longitude": 23.321308135986328, "raw_occupancy": 4, "timestamp": "2026-09-15 17:25:28" }, "geometry": { "type": "Point", "coordinates": [ 23.321308135986328, 42.757469177246094 ] } },
{ "type": "Feature", "properties": { "vehicle_id": "A3620", "latitude": 42.601200103759766, "longitude": 23.36866569519043, "raw_occupancy": 1, "timestamp": "2026-09-15 17:25:28" }, "geometry": { "type": "Point", "coordinates": [ 23.36866569519043, 42.601200103759766 ] } },
{ "type": "Feature", "properties": { "vehicle_id": "A3650", "latitude": 42.539844512939453, "longitude": 23.364677429199219, "raw_occupancy": 1, "timestamp": "2026-09-15 17:25:28" }, "geometry": { "type": "Point", "coordinates": [ 23.364677429199219, 42.539844512939453 ] } },
{ "type": "Feature", "properties": { "vehicle_id": "A2510", "latitude": 42.622550964355469, "longitude": 23.322446823120117, "raw_occupancy": 1, "timestamp": "2026-09-15 17:25:28" }, "geometry": { "type": "Point", "coordinates": [ 23.322446823120117, 42.622550964355469 ] } },
{ "type": "Feature", "properties": { "vehicle_id": "A7061", "latitude": 42.751544952392578, "longitude": 23.318580627441406, "raw_occupancy": 2, "timestamp": "2026-09-15 17:25:28" }, "geometry": { "type": "Point", "coordinates": [ 23.318580627441406, 42.751544952392578 ] } },
{ "type": "Feature", "properties": { "vehicle_id": "A2023", "latitude": 42.706722259521484, "longitude": 23.372922897338867, "raw_occupancy": 2, "timestamp": "2026-09-15 17:25:28" }, "geometry": { "type": "Point", "coordinates": [ 23.372922897338867, 42.706722259521484 ] } },
{ "type": "Feature", "properties": { "vehicle_id": "A3017", "latitude": 42.696113586425781, "longitude": 23.347286224365234, "raw_occupancy": 1, "timestamp": "2026-09-15 17:25:28" }, "geometry": { "type": "Point", "coordinates": [ 23.347286224365234, 42.696113586425781 ] } },
{ "type": "Feature", "properties": { "vehicle_id": "A2301", "latitude": 42.646759033203125, "longitude": 23.345426559448242, "raw_occupancy": 0, "timestamp": "2026-09-15 17:25:28" }, "geometry": { "type": "Point", "coordinates": [ 23.345426559448242, 42.646759033203125 ] } },
{ "type": "Feature", "properties": { "vehicle_id": "A1413", "latitude": 42.667686462402344, "longitude": 23.265398025512695, "raw_occupancy": 1, "timestamp": "2026-09-15 17:25:28" }, "geometry": { "type": "Point", "coordinates": [ 23.265398025512695, 42.667686462402344 ] } },
{ "type": "Feature", "properties": { "vehicle_id": "A7133", "latitude": 42.838397979736328, "longitude": 23.325637817382812, "raw_occupancy": 1, "timestamp": "2026-09-15 17:25:28" }, "geometry": { "type": "Point", "coordinates": [ 23.325637817382812, 42.838397979736328 ] } },
{ "type": "Feature", "properties": { "vehicle_id": "A2515", "latitude": 42.686664581298828, "longitude": 23.332012176513672, "raw_occupancy": 3, "timestamp": "2026-09-15 17:25:28" }, "geometry": { "type": "Point", "coordinates": [ 23.332012176513672, 42.686664581298828 ] } },
{ "type": "Feature", "properties": { "vehicle_id": "A1310", "latitude": 42.725536346435547, "longitude": 23.211856842041016, "raw_occupancy": 2, "timestamp": "2026-09-15 17:25:28" }, "geometry": { "type": "Point", "coordinates": [ 23.211856842041016, 42.725536346435547 ] } },
{ "type": "Feature", "properties": { "vehicle_id": "A3627", "latitude": 42.675785064697266, "longitude": 23.396963119506836, "raw_occupancy": 3, "timestamp": "2026-09-15 17:25:28" }, "geometry": { "type": "Point", "coordinates": [ 23.396963119506836, 42.675785064697266 ] } },
{ "type": "Feature", "properties": { "vehicle_id": "A3671", "latitude": 42.523674011230469, "longitude": 23.363994598388672, "raw_occupancy": 0, "timestamp": "2026-09-15 17:25:28" }, "geometry": { "type": "Point", "coordinates": [ 23.363994598388672, 42.523674011230469 ] } },
{ "type": "Feature", "properties": { "vehicle_id": "A3143", "latitude": 42.640350341796875, "longitude": 23.413120269775391, "raw_occupancy": 0, "timestamp": "2026-09-15 17:25:28" }, "geometry": { "type": "Point", "coordinates": [ 23.413120269775391, 42.640350341796875 ] } },
{ "type": "Feature", "properties": { "vehicle_id": "A3626", "latitude": 42.635059356689453, "longitude": 23.374965667724609, "raw_occupancy": 2, "timestamp": "2026-09-15 17:25:28" }, "geometry": { "type": "Point", "coordinates": [ 23.374965667724609, 42.635059356689453 ] } },
{ "type": "Feature", "properties": { "vehicle_id": "A7043", "latitude": 42.727695465087891, "longitude": 23.312580108642578, "raw_occupancy": 3, "timestamp": "2026-09-15 17:25:28" }, "geometry": { "type": "Point", "coordinates": [ 23.312580108642578, 42.727695465087891 ] } },
{ "type": "Feature", "properties": { "vehicle_id": "A2319", "latitude": 42.694381713867188, "longitude": 23.335365295410156, "raw_occupancy": 1, "timestamp": "2026-09-15 17:25:28" }, "geometry": { "type": "Point", "coordinates": [ 23.335365295410156, 42.694381713867188 ] } },
{ "type": "Feature", "properties": { "vehicle_id": "A1426", "latitude": 42.654884338378906, "longitude": 23.370035171508789, "raw_occupancy": 1, "timestamp": "2026-09-15 17:25:28" }, "geometry": { "type": "Point", "coordinates": [ 23.370035171508789, 42.654884338378906 ] } },
{ "type": "Feature", "properties": { "vehicle_id": "A1037", "latitude": 42.653251647949219, "longitude": 23.332942962646484, "raw_occupancy": 0, "timestamp": "2026-09-15 17:25:28" }, "geometry": { "type": "Point", "coordinates": [ 23.332942962646484, 42.653251647949219 ] } },
{ "type": "Feature", "properties": { "vehicle_id": "A3133", "latitude": 42.677333831787109, "longitude": 23.341640472412109, "raw_occupancy": 1, "timestamp": "2026-09-15 17:25:28" }, "geometry": { "type": "Point", "coordinates": [ 23.341640472412109, 42.677333831787109 ] } },
{ "type": "Feature", "properties": { "vehicle_id": "A1212", "latitude": 42.645210266113281, "longitude": 23.269384384155273, "raw_occupancy": 1, "timestamp": "2026-09-15 17:25:28" }, "geometry": { "type": "Point", "coordinates": [ 23.269384384155273, 42.645210266113281 ] } },
{ "type": "Feature", "properties": { "vehicle_id": "A2015", "latitude": 42.705070495605469, "longitude": 23.331045150756836, "raw_occupancy": 1, "timestamp": "2026-09-15 17:25:28" }, "geometry": { "type": "Point", "coordinates": [ 23.331045150756836, 42.705070495605469 ] } },
{ "type": "Feature", "properties": { "vehicle_id": "A1313", "latitude": 42.649131774902344, "longitude": 23.251495361328125, "raw_occupancy": 1, "timestamp": "2026-09-15 17:25:28" }, "geometry": { "type": "Point", "coordinates": [ 23.251495361328125, 42.649131774902344 ] } },
{ "type": "Feature", "properties": { "vehicle_id": "A7053", "latitude": 42.754692077636719, "longitude": 23.558376312255859, "raw_occupancy": 1, "timestamp": "2026-09-15 17:25:28" }, "geometry": { "type": "Point", "coordinates": [ 23.558376312255859, 42.754692077636719 ] } },
{ "type": "Feature", "properties": { "vehicle_id": "A7091", "latitude": 42.780651092529297, "longitude": 23.508586883544922, "raw_occupancy": 2, "timestamp": "2026-09-15 17:25:28" }, "geometry": { "type": "Point", "coordinates": [ 23.508586883544922, 42.780651092529297 ] } },
{ "type": "Feature", "properties": { "vehicle_id": "A1174", "latitude": 42.629287719726562, "longitude": 23.373258590698242, "raw_occupancy": 2, "timestamp": "2026-09-15 17:25:28" }, "geometry": { "type": "Point", "coordinates": [ 23.373258590698242, 42.629287719726562 ] } },
{ "type": "Feature", "properties": { "vehicle_id": "A3603", "latitude": 42.623527526855469, "longitude": 23.405494689941406, "raw_occupancy": 1, "timestamp": "2026-09-15 17:25:28" }, "geometry": { "type": "Point", "coordinates": [ 23.405494689941406, 42.623527526855469 ] } },
{ "type": "Feature", "properties": { "vehicle_id": "A1819", "latitude": 42.756053924560547, "longitude": 23.270944595336914, "raw_occupancy": 2, "timestamp": "2026-09-15 17:25:28" }, "geometry": { "type": "Point", "coordinates": [ 23.270944595336914, 42.756053924560547 ] } },
{ "type": "Feature", "properties": { "vehicle_id": "A2727", "latitude": 42.734832763671875, "longitude": 23.29194450378418, "raw_occupancy": 2, "timestamp": "2026-09-15 17:25:28" }, "geometry": { "type": "Point", "coordinates": [ 23.29194450378418, 42.734832763671875 ] } },
{ "type": "Feature", "properties": { "vehicle_id": "A1012", "latitude": 42.657218933105469, "longitude": 23.303945541381836, "raw_occupancy": 3, "timestamp": "2026-09-15 17:25:28" }, "geometry": { "type": "Point", "coordinates": [ 23.303945541381836, 42.657218933105469 ] } },
{ "type": "Feature", "properties": { "vehicle_id": "A7101", "latitude": 42.731048583984375, "longitude": 23.254388809204102, "raw_occupancy": 2, "timestamp": "2026-09-15 17:25:28" }, "geometry": { "type": "Point", "coordinates": [ 23.254388809204102, 42.731048583984375 ] } },
{ "type": "Feature", "properties": { "vehicle_id": "A7193", "latitude": 42.728668212890625, "longitude": 23.344362258911133, "raw_occupancy": 0, "timestamp": "2026-09-15 17:25:28" }, "geometry": { "type": "Point", "coordinates": [ 23.344362258911133, 42.728668212890625 ] } },
{ "type": "Feature", "properties": { "vehicle_id": "A1425", "latitude": 42.694618225097656, "longitude": 23.230293273925781, "raw_occupancy": 4, "timestamp": "2026-09-15 17:25:28" }, "geometry": { "type": "Point", "coordinates": [ 23.230293273925781, 42.694618225097656 ] } },
{ "type": "Feature", "properties": { "vehicle_id": "A3665", "latitude": 42.657035827636719, "longitude": 23.39982795715332, "raw_occupancy": 1, "timestamp": "2026-09-15 17:25:28" }, "geometry": { "type": "Point", "coordinates": [ 23.39982795715332, 42.657035827636719 ] } },
{ "type": "Feature", "properties": { "vehicle_id": "A3637", "latitude": 42.629798889160156, "longitude": 23.356536865234375, "raw_occupancy": 2, "timestamp": "2026-09-15 17:25:28" }, "geometry": { "type": "Point", "coordinates": [ 23.356536865234375, 42.629798889160156 ] } },
{ "type": "Feature", "properties": { "vehicle_id": "A2056", "latitude": 42.782985687255859, "longitude": 23.389507293701172, "raw_occupancy": 1, "timestamp": "2026-09-15 17:25:28" }, "geometry": { "type": "Point", "coordinates": [ 23.389507293701172, 42.782985687255859 ] } },
{ "type": "Feature", "properties": { "vehicle_id": "A3409", "latitude": 42.675079345703125, "longitude": 23.359123229980469, "raw_occupancy": 2, "timestamp": "2026-09-15 17:25:28" }, "geometry": { "type": "Point", "coordinates": [ 23.359123229980469, 42.675079345703125 ] } },
{ "type": "Feature", "properties": { "vehicle_id": "A2034", "latitude": 42.664501190185547, "longitude": 23.317501068115234, "raw_occupancy": 2, "timestamp": "2026-09-15 17:25:28" }, "geometry": { "type": "Point", "coordinates": [ 23.317501068115234, 42.664501190185547 ] } },
{ "type": "Feature", "properties": { "vehicle_id": "A2819", "latitude": 42.717830657958984, "longitude": 23.278547286987305, "raw_occupancy": 5, "timestamp": "2026-09-15 17:25:28" }, "geometry": { "type": "Point", "coordinates": [ 23.278547286987305, 42.717830657958984 ] } },
{ "type": "Feature", "properties": { "vehicle_id": "A3151", "latitude": 42.657550811767578, "longitude": 23.359096527099609, "raw_occupancy": 3, "timestamp": "2026-09-15 17:25:28" }, "geometry": { "type": "Point", "coordinates": [ 23.359096527099609, 42.657550811767578 ] } },
{ "type": "Feature", "properties": { "vehicle_id": "A1607", "latitude": 42.704868316650391, "longitude": 23.321456909179688, "raw_occupancy": 2, "timestamp": "2026-09-15 17:25:28" }, "geometry": { "type": "Point", "coordinates": [ 23.321456909179688, 42.704868316650391 ] } },
{ "type": "Feature", "properties": { "vehicle_id": "A7069", "latitude": 42.742382049560547, "longitude": 23.280025482177734, "raw_occupancy": 2, "timestamp": "2026-09-15 17:25:28" }, "geometry": { "type": "Point", "coordinates": [ 23.280025482177734, 42.742382049560547 ] } },
{ "type": "Feature", "properties": { "vehicle_id": "A2073", "latitude": 42.656784057617188, "longitude": 23.38532829284668, "raw_occupancy": 2, "timestamp": "2026-09-15 17:25:28" }, "geometry": { "type": "Point", "coordinates": [ 23.38532829284668, 42.656784057617188 ] } },
{ "type": "Feature", "properties": { "vehicle_id": "A1305", "latitude": 42.655841827392578, "longitude": 23.232864379882812, "raw_occupancy": 1, "timestamp": "2026-09-15 17:25:28" }, "geometry": { "type": "Point", "coordinates": [ 23.232864379882812, 42.655841827392578 ] } },
{ "type": "Feature", "properties": { "vehicle_id": "A3108", "latitude": 42.704544067382812, "longitude": 23.331203460693359, "raw_occupancy": 2, "timestamp": "2026-09-15 17:25:28" }, "geometry": { "type": "Point", "coordinates": [ 23.331203460693359, 42.704544067382812 ] } },
{ "type": "Feature", "properties": { "vehicle_id": "A1821", "latitude": 42.656238555908203, "longitude": 23.276447296142578, "raw_occupancy": 4, "timestamp": "2026-09-15 17:25:28" }, "geometry": { "type": "Point", "coordinates": [ 23.276447296142578, 42.656238555908203 ] } },
{ "type": "Feature", "properties": { "vehicle_id": "A2733", "latitude": 42.811969757080078, "longitude": 23.377389907836914, "raw_occupancy": 1, "timestamp": "2026-09-15 17:25:28" }, "geometry": { "type": "Point", "coordinates": [ 23.377389907836914, 42.811969757080078 ] } },
{ "type": "Feature", "properties": { "vehicle_id": "A1181", "latitude": 42.714969635009766, "longitude": 23.283668518066406, "raw_occupancy": 0, "timestamp": "2026-09-15 17:25:28" }, "geometry": { "type": "Point", "coordinates": [ 23.283668518066406, 42.714969635009766 ] } },
{ "type": "Feature", "properties": { "vehicle_id": "A2300", "latitude": 42.726119995117188, "longitude": 23.312206268310547, "raw_occupancy": 2, "timestamp": "2026-09-15 17:25:28" }, "geometry": { "type": "Point", "coordinates": [ 23.312206268310547, 42.726119995117188 ] } },
{ "type": "Feature", "properties": { "vehicle_id": "A2720", "latitude": 42.758415222167969, "longitude": 23.426248550415039, "raw_occupancy": 1, "timestamp": "2026-09-15 17:25:28" }, "geometry": { "type": "Point", "coordinates": [ 23.426248550415039, 42.758415222167969 ] } },
{ "type": "Feature", "properties": { "vehicle_id": "A7127", "latitude": 42.733001708984375, "longitude": 23.553180694580078, "raw_occupancy": 1, "timestamp": "2026-09-15 17:25:28" }, "geometry": { "type": "Point", "coordinates": [ 23.553180694580078, 42.733001708984375 ] } },
{ "type": "Feature", "properties": { "vehicle_id": "A7119", "latitude": 42.795795440673828, "longitude": 23.339431762695312, "raw_occupancy": 1, "timestamp": "2026-09-15 17:25:28" }, "geometry": { "type": "Point", "coordinates": [ 23.339431762695312, 42.795795440673828 ] } },
{ "type": "Feature", "properties": { "vehicle_id": "A7103", "latitude": 42.7353515625, "longitude": 23.310483932495117, "raw_occupancy": 1, "timestamp": "2026-09-15 17:25:28" }, "geometry": { "type": "Point", "coordinates": [ 23.310483932495117, 42.7353515625 ] } },
{ "type": "Feature", "properties": { "vehicle_id": "A1857", "latitude": 42.600685119628906, "longitude": 23.172431945800781, "raw_occupancy": 0, "timestamp": "2026-09-15 17:25:28" }, "geometry": { "type": "Point", "coordinates": [ 23.172431945800781, 42.600685119628906 ] } },
{ "type": "Feature", "properties": { "vehicle_id": "A3157", "latitude": 42.701751708984375, "longitude": 23.340145111083984, "raw_occupancy": 2, "timestamp": "2026-09-15 17:25:28" }, "geometry": { "type": "Point", "coordinates": [ 23.340145111083984, 42.701751708984375 ] } },
{ "type": "Feature", "properties": { "vehicle_id": "A2047", "latitude": 42.793235778808594, "longitude": 23.329154968261719, "raw_occupancy": 1, "timestamp": "2026-09-15 17:25:28" }, "geometry": { "type": "Point", "coordinates": [ 23.329154968261719, 42.793235778808594 ] } },
{ "type": "Feature", "properties": { "vehicle_id": "A3109", "latitude": 42.671237945556641, "longitude": 23.364952087402344, "raw_occupancy": 3, "timestamp": "2026-09-15 17:25:28" }, "geometry": { "type": "Point", "coordinates": [ 23.364952087402344, 42.671237945556641 ] } },
{ "type": "Feature", "properties": { "vehicle_id": "A2006", "latitude": 42.716087341308594, "longitude": 23.237499237060547, "raw_occupancy": 1, "timestamp": "2026-09-15 17:25:28" }, "geometry": { "type": "Point", "coordinates": [ 23.237499237060547, 42.716087341308594 ] } },
{ "type": "Feature", "properties": { "vehicle_id": "A2015", "latitude": 42.705047607421875, "longitude": 23.325887680053711, "raw_occupancy": 2, "timestamp": "2026-09-15 17:25:28" }, "geometry": { "type": "Point", "coordinates": [ 23.325887680053711, 42.705047607421875 ] } },
{ "type": "Feature", "properties": { "vehicle_id": "A7185", "latitude": 42.739574432373047, "longitude": 23.511493682861328, "raw_occupancy": 1, "timestamp": "2026-09-15 17:25:28" }, "geometry": { "type": "Point", "coordinates": [ 23.511493682861328, 42.739574432373047 ] } },
{ "type": "Feature", "properties": { "vehicle_id": "A2304", "latitude": 42.650920867919922, "longitude": 23.342277526855469, "raw_occupancy": 2, "timestamp": "2026-09-15 17:25:28" }, "geometry": { "type": "Point", "coordinates": [ 23.342277526855469, 42.650920867919922 ] } },
{ "type": "Feature", "properties": { "vehicle_id": "A2009", "latitude": 42.663238525390625, "longitude": 23.344724655151367, "raw_occupancy": 1, "timestamp": "2026-09-15 17:25:28" }, "geometry": { "type": "Point", "coordinates": [ 23.344724655151367, 42.663238525390625 ] } },
{ "type": "Feature", "properties": { "vehicle_id": "A2519", "latitude": 42.691627502441406, "longitude": 23.340946197509766, "raw_occupancy": 3, "timestamp": "2026-09-15 17:25:28" }, "geometry": { "type": "Point", "coordinates": [ 23.340946197509766, 42.691627502441406 ] } },
{ "type": "Feature", "properties": { "vehicle_id": "A1226", "latitude": 42.632453918457031, "longitude": 23.335609436035156, "raw_occupancy": 0, "timestamp": "2026-09-15 17:25:28" }, "geometry": { "type": "Point", "coordinates": [ 23.335609436035156, 42.632453918457031 ] } },
{ "type": "Feature", "properties": { "vehicle_id": "A2514", "latitude": 42.689983367919922, "longitude": 23.359006881713867, "raw_occupancy": 2, "timestamp": "2026-09-15 17:25:28" }, "geometry": { "type": "Point", "coordinates": [ 23.359006881713867, 42.689983367919922 ] } },
{ "type": "Feature", "properties": { "vehicle_id": "A1603", "latitude": 42.726467132568359, "longitude": 23.242258071899414, "raw_occupancy": 1, "timestamp": "2026-09-15 17:25:28" }, "geometry": { "type": "Point", "coordinates": [ 23.242258071899414, 42.726467132568359 ] } },
{ "type": "Feature", "properties": { "vehicle_id": "A1154", "latitude": 42.660350799560547, "longitude": 23.347265243530273, "raw_occupancy": 0, "timestamp": "2026-09-15 17:25:28" }, "geometry": { "type": "Point", "coordinates": [ 23.347265243530273, 42.660350799560547 ] } },
{ "type": "Feature", "properties": { "vehicle_id": "A2086", "latitude": 42.739612579345703, "longitude": 23.290861129760742, "raw_occupancy": 1, "timestamp": "2026-09-15 17:25:28" }, "geometry": { "type": "Point", "coordinates": [ 23.290861129760742, 42.739612579345703 ] } },
{ "type": "Feature", "properties": { "vehicle_id": "A1871", "latitude": 42.633617401123047, "longitude": 23.194751739501953, "raw_occupancy": 0, "timestamp": "2026-09-15 17:25:28" }, "geometry": { "type": "Point", "coordinates": [ 23.194751739501953, 42.633617401123047 ] } },
{ "type": "Feature", "properties": { "vehicle_id": "A2037", "latitude": 42.677112579345703, "longitude": 23.33213996887207, "raw_occupancy": 2, "timestamp": "2026-09-15 17:25:28" }, "geometry": { "type": "Point", "coordinates": [ 23.33213996887207, 42.677112579345703 ] } },
{ "type": "Feature", "properties": { "vehicle_id": "A1613", "latitude": 42.73876953125, "longitude": 23.240749359130859, "raw_occupancy": 2, "timestamp": "2026-09-15 17:25:28" }, "geometry": { "type": "Point", "coordinates": [ 23.240749359130859, 42.73876953125 ] } },
{ "type": "Feature", "properties": { "vehicle_id": "A3014", "latitude": 42.678089141845703, "longitude": 23.378799438476562, "raw_occupancy": 1, "timestamp": "2026-09-15 17:25:28" }, "geometry": { "type": "Point", "coordinates": [ 23.378799438476562, 42.678089141845703 ] } },
{ "type": "Feature", "properties": { "vehicle_id": "A7093", "latitude": 42.70782470703125, "longitude": 23.18290901184082, "raw_occupancy": 0, "timestamp": "2026-09-15 17:25:28" }, "geometry": { "type": "Point", "coordinates": [ 23.18290901184082, 42.70782470703125 ] } },
{ "type": "Feature", "properties": { "vehicle_id": "A1405", "latitude": 42.659141540527344, "longitude": 23.327457427978516, "raw_occupancy": 0, "timestamp": "2026-09-15 17:25:28" }, "geometry": { "type": "Point", "coordinates": [ 23.327457427978516, 42.659141540527344 ] } },
{ "type": "Feature", "properties": { "vehicle_id": "A1851", "latitude": 42.687271118164062, "longitude": 23.310638427734375, "raw_occupancy": 1, "timestamp": "2026-09-15 17:25:28" }, "geometry": { "type": "Point", "coordinates": [ 23.310638427734375, 42.687271118164062 ] } },
{ "type": "Feature", "properties": { "vehicle_id": "A2504", "latitude": 42.707057952880859, "longitude": 23.317863464355469, "raw_occupancy": 1, "timestamp": "2026-09-15 17:25:28" }, "geometry": { "type": "Point", "coordinates": [ 23.317863464355469, 42.707057952880859 ] } },
{ "type": "Feature", "properties": { "vehicle_id": "A1127", "latitude": 42.733718872070312, "longitude": 23.249841690063477, "raw_occupancy": 1, "timestamp": "2026-09-15 17:25:28" }, "geometry": { "type": "Point", "coordinates": [ 23.249841690063477, 42.733718872070312 ] } },
{ "type": "Feature", "properties": { "vehicle_id": "A7155", "latitude": 42.708766937255859, "longitude": 23.399337768554688, "raw_occupancy": 2, "timestamp": "2026-09-15 17:25:28" }, "geometry": { "type": "Point", "coordinates": [ 23.399337768554688, 42.708766937255859 ] } },
{ "type": "Feature", "properties": { "vehicle_id": "A1214", "latitude": 42.628734588623047, "longitude": 23.344305038452148, "raw_occupancy": 2, "timestamp": "2026-09-15 17:25:28" }, "geometry": { "type": "Point", "coordinates": [ 23.344305038452148, 42.628734588623047 ] } },
{ "type": "Feature", "properties": { "vehicle_id": "A3402", "latitude": 42.633045196533203, "longitude": 23.333642959594727, "raw_occupancy": 2, "timestamp": "2026-09-15 17:25:28" }, "geometry": { "type": "Point", "coordinates": [ 23.333642959594727, 42.633045196533203 ] } },
{ "type": "Feature", "properties": { "vehicle_id": "A2319", "latitude": 42.694263458251953, "longitude": 23.334716796875, "raw_occupancy": 1, "timestamp": "2026-09-15 17:25:28" }, "geometry": { "type": "Point", "coordinates": [ 23.334716796875, 42.694263458251953 ] } },
{ "type": "Feature", "properties": { "vehicle_id": "A2066", "latitude": 42.703422546386719, "longitude": 23.316978454589844, "raw_occupancy": 1, "timestamp": "2026-09-15 17:25:28" }, "geometry": { "type": "Point", "coordinates": [ 23.316978454589844, 42.703422546386719 ] } },
{ "type": "Feature", "properties": { "vehicle_id": "A2016", "latitude": 42.659313201904297, "longitude": 23.348011016845703, "raw_occupancy": 0, "timestamp": "2026-09-15 17:25:28" }, "geometry": { "type": "Point", "coordinates": [ 23.348011016845703, 42.659313201904297 ] } },
{ "type": "Feature", "properties": { "vehicle_id": "A2048", "latitude": 42.600852966308594, "longitude": 23.403585433959961, "raw_occupancy": 2, "timestamp": "2026-09-15 17:25:28" }, "geometry": { "type": "Point", "coordinates": [ 23.403585433959961, 42.600852966308594 ] } },
{ "type": "Feature", "properties": { "vehicle_id": "A3404", "latitude": 42.615459442138672, "longitude": 23.338281631469727, "raw_occupancy": 0, "timestamp": "2026-09-15 17:25:28" }, "geometry": { "type": "Point", "coordinates": [ 23.338281631469727, 42.615459442138672 ] } },
{ "type": "Feature", "properties": { "vehicle_id": "A3137", "latitude": 42.665691375732422, "longitude": 23.286897659301758, "raw_occupancy": 1, "timestamp": "2026-09-15 17:25:28" }, "geometry": { "type": "Point", "coordinates": [ 23.286897659301758, 42.665691375732422 ] } },
{ "type": "Feature", "properties": { "vehicle_id": "A2005", "latitude": 42.713169097900391, "longitude": 23.380382537841797, "raw_occupancy": 0, "timestamp": "2026-09-15 17:25:28" }, "geometry": { "type": "Point", "coordinates": [ 23.380382537841797, 42.713169097900391 ] } },
{ "type": "Feature", "properties": { "vehicle_id": "A7113", "latitude": 42.739788055419922, "longitude": 23.305692672729492, "raw_occupancy": 1, "timestamp": "2026-09-15 17:25:28" }, "geometry": { "type": "Point", "coordinates": [ 23.305692672729492, 42.739788055419922 ] } },
{ "type": "Feature", "properties": { "vehicle_id": "A2032", "latitude": 42.6766357421875, "longitude": 23.333545684814453, "raw_occupancy": 1, "timestamp": "2026-09-15 17:25:28" }, "geometry": { "type": "Point", "coordinates": [ 23.333545684814453, 42.6766357421875 ] } },
{ "type": "Feature", "properties": { "vehicle_id": "A3126", "latitude": 42.652030944824219, "longitude": 23.347806930541992, "raw_occupancy": 3, "timestamp": "2026-09-15 17:25:28" }, "geometry": { "type": "Point", "coordinates": [ 23.347806930541992, 42.652030944824219 ] } },
{ "type": "Feature", "properties": { "vehicle_id": "A2825", "latitude": 42.705192565917969, "longitude": 23.317522048950195, "raw_occupancy": 3, "timestamp": "2026-09-15 17:25:28" }, "geometry": { "type": "Point", "coordinates": [ 23.317522048950195, 42.705192565917969 ] } },
{ "type": "Feature", "properties": { "vehicle_id": "A7129", "latitude": 42.698860168457031, "longitude": 23.361465454101562, "raw_occupancy": 4, "timestamp": "2026-09-15 17:25:28" }, "geometry": { "type": "Point", "coordinates": [ 23.361465454101562, 42.698860168457031 ] } },
{ "type": "Feature", "properties": { "vehicle_id": "A3128", "latitude": 42.637237548828125, "longitude": 23.33734130859375, "raw_occupancy": 1, "timestamp": "2026-09-15 17:25:28" }, "geometry": { "type": "Point", "coordinates": [ 23.33734130859375, 42.637237548828125 ] } },
{ "type": "Feature", "properties": { "vehicle_id": "A1161", "latitude": 42.718265533447266, "longitude": 23.234577178955078, "raw_occupancy": 1, "timestamp": "2026-09-15 17:25:28" }, "geometry": { "type": "Point", "coordinates": [ 23.234577178955078, 42.718265533447266 ] } },
{ "type": "Feature", "properties": { "vehicle_id": "A1301", "latitude": 42.659542083740234, "longitude": 23.243494033813477, "raw_occupancy": 1, "timestamp": "2026-09-15 17:25:28" }, "geometry": { "type": "Point", "coordinates": [ 23.243494033813477, 42.659542083740234 ] } },
{ "type": "Feature", "properties": { "vehicle_id": "A2302", "latitude": 42.652000427246094, "longitude": 23.348634719848633, "raw_occupancy": 3, "timestamp": "2026-09-15 17:25:28" }, "geometry": { "type": "Point", "coordinates": [ 23.348634719848633, 42.652000427246094 ] } },
{ "type": "Feature", "properties": { "vehicle_id": "A2065", "latitude": 42.808956146240234, "longitude": 23.376127243041992, "raw_occupancy": 1, "timestamp": "2026-09-15 17:25:28" }, "geometry": { "type": "Point", "coordinates": [ 23.376127243041992, 42.808956146240234 ] } },
{ "type": "Feature", "properties": { "vehicle_id": "A7175", "latitude": 42.715900421142578, "longitude": 23.309730529785156, "raw_occupancy": 1, "timestamp": "2026-09-15 17:25:28" }, "geometry": { "type": "Point", "coordinates": [ 23.309730529785156, 42.715900421142578 ] } },
{ "type": "Feature", "properties": { "vehicle_id": "A1839", "latitude": 42.712070465087891, "longitude": 23.299901962280273, "raw_occupancy": 2, "timestamp": "2026-09-15 17:25:28" }, "geometry": { "type": "Point", "coordinates": [ 23.299901962280273, 42.712070465087891 ] } },
{ "type": "Feature", "properties": { "vehicle_id": "A7071", "latitude": 42.727180480957031, "longitude": 23.262451171875, "raw_occupancy": 2, "timestamp": "2026-09-15 17:25:28" }, "geometry": { "type": "Point", "coordinates": [ 23.262451171875, 42.727180480957031 ] } },
{ "type": "Feature", "properties": { "vehicle_id": "A2043", "latitude": 42.722248077392578, "longitude": 23.307247161865234, "raw_occupancy": 2, "timestamp": "2026-09-15 17:25:28" }, "geometry": { "type": "Point", "coordinates": [ 23.307247161865234, 42.722248077392578 ] } },
{ "type": "Feature", "properties": { "vehicle_id": "A3159", "latitude": 42.683822631835938, "longitude": 23.322147369384766, "raw_occupancy": 3, "timestamp": "2026-09-15 17:25:28" }, "geometry": { "type": "Point", "coordinates": [ 23.322147369384766, 42.683822631835938 ] } },
{ "type": "Feature", "properties": { "vehicle_id": "A1211", "latitude": 42.695892333984375, "longitude": 23.231538772583008, "raw_occupancy": 1, "timestamp": "2026-09-15 17:25:28" }, "geometry": { "type": "Point", "coordinates": [ 23.231538772583008, 42.695892333984375 ] } },
{ "type": "Feature", "properties": { "vehicle_id": "A7067", "latitude": 42.706531524658203, "longitude": 23.470687866210938, "raw_occupancy": 2, "timestamp": "2026-09-15 17:25:28" }, "geometry": { "type": "Point", "coordinates": [ 23.470687866210938, 42.706531524658203 ] } },
{ "type": "Feature", "properties": { "vehicle_id": "A1162", "latitude": 42.694683074951172, "longitude": 23.291906356811523, "raw_occupancy": 1, "timestamp": "2026-09-15 17:25:28" }, "geometry": { "type": "Point", "coordinates": [ 23.291906356811523, 42.694683074951172 ] } },
{ "type": "Feature", "properties": { "vehicle_id": "A1031", "latitude": 42.673229217529297, "longitude": 23.275020599365234, "raw_occupancy": 2, "timestamp": "2026-09-15 17:25:28" }, "geometry": { "type": "Point", "coordinates": [ 23.275020599365234, 42.673229217529297 ] } },
{ "type": "Feature", "properties": { "vehicle_id": "A3301", "latitude": 42.672134399414062, "longitude": 23.336490631103516, "raw_occupancy": 1, "timestamp": "2026-09-15 17:25:28" }, "geometry": { "type": "Point", "coordinates": [ 23.336490631103516, 42.672134399414062 ] } },
{ "type": "Feature", "properties": { "vehicle_id": "A7121", "latitude": 42.767665863037109, "longitude": 23.407464981079102, "raw_occupancy": 1, "timestamp": "2026-09-15 17:25:28" }, "geometry": { "type": "Point", "coordinates": [ 23.407464981079102, 42.767665863037109 ] } },
{ "type": "Feature", "properties": { "vehicle_id": "A3138", "latitude": 42.705680847167969, "longitude": 23.318353652954102, "raw_occupancy": 1, "timestamp": "2026-09-15 17:25:28" }, "geometry": { "type": "Point", "coordinates": [ 23.318353652954102, 42.705680847167969 ] } },
{ "type": "Feature", "properties": { "vehicle_id": "A2042", "latitude": 42.653675079345703, "longitude": 23.345680236816406, "raw_occupancy": 1, "timestamp": "2026-09-15 17:25:28" }, "geometry": { "type": "Point", "coordinates": [ 23.345680236816406, 42.653675079345703 ] } },
{ "type": "Feature", "properties": { "vehicle_id": "A3408", "latitude": 42.665359497070312, "longitude": 23.390996932983398, "raw_occupancy": 3, "timestamp": "2026-09-15 17:25:28" }, "geometry": { "type": "Point", "coordinates": [ 23.390996932983398, 42.665359497070312 ] } },
{ "type": "Feature", "properties": { "vehicle_id": "A2024", "latitude": 42.692497253417969, "longitude": 23.335182189941406, "raw_occupancy": 1, "timestamp": "2026-09-15 17:25:28" }, "geometry": { "type": "Point", "coordinates": [ 23.335182189941406, 42.692497253417969 ] } },
{ "type": "Feature", "properties": { "vehicle_id": "A3666", "latitude": 42.690250396728516, "longitude": 23.336362838745117, "raw_occupancy": 1, "timestamp": "2026-09-15 17:25:28" }, "geometry": { "type": "Point", "coordinates": [ 23.336362838745117, 42.690250396728516 ] } },
{ "type": "Feature", "properties": { "vehicle_id": "A7123", "latitude": 42.7523193359375, "longitude": 23.496158599853516, "raw_occupancy": 1, "timestamp": "2026-09-15 17:25:28" }, "geometry": { "type": "Point", "coordinates": [ 23.496158599853516, 42.7523193359375 ] } },
{ "type": "Feature", "properties": { "vehicle_id": "A7145", "latitude": 42.703361511230469, "longitude": 23.387063980102539, "raw_occupancy": 4, "timestamp": "2026-09-15 17:25:28" }, "geometry": { "type": "Point", "coordinates": [ 23.387063980102539, 42.703361511230469 ] } },
{ "type": "Feature", "properties": { "vehicle_id": "A1825", "latitude": 42.707038879394531, "longitude": 23.284690856933594, "raw_occupancy": 1, "timestamp": "2026-09-15 17:25:28" }, "geometry": { "type": "Point", "coordinates": [ 23.284690856933594, 42.707038879394531 ] } },
{ "type": "Feature", "properties": { "vehicle_id": "A2053", "latitude": 42.686573028564453, "longitude": 23.342933654785156, "raw_occupancy": 3, "timestamp": "2026-09-15 17:25:28" }, "geometry": { "type": "Point", "coordinates": [ 23.342933654785156, 42.686573028564453 ] } },
{ "type": "Feature", "properties": { "vehicle_id": "A1219", "latitude": 42.708168029785156, "longitude": 23.145195007324219, "raw_occupancy": 1, "timestamp": "2026-09-15 17:25:28" }, "geometry": { "type": "Point", "coordinates": [ 23.145195007324219, 42.708168029785156 ] } },
{ "type": "Feature", "properties": { "vehicle_id": "A2507", "latitude": 42.686836242675781, "longitude": 23.300472259521484, "raw_occupancy": 3, "timestamp": "2026-09-15 17:25:28" }, "geometry": { "type": "Point", "coordinates": [ 23.300472259521484, 42.686836242675781 ] } },
{ "type": "Feature", "properties": { "vehicle_id": "A7135", "latitude": 42.726451873779297, "longitude": 23.26141357421875, "raw_occupancy": 2, "timestamp": "2026-09-15 17:25:28" }, "geometry": { "type": "Point", "coordinates": [ 23.26141357421875, 42.726451873779297 ] } },
{ "type": "Feature", "properties": { "vehicle_id": "A7095", "latitude": 42.706962585449219, "longitude": 23.461086273193359, "raw_occupancy": 2, "timestamp": "2026-09-15 17:25:28" }, "geometry": { "type": "Point", "coordinates": [ 23.461086273193359, 42.706962585449219 ] } },
{ "type": "Feature", "properties": { "vehicle_id": "A7189", "latitude": 42.722919464111328, "longitude": 23.342983245849609, "raw_occupancy": 3, "timestamp": "2026-09-15 17:25:28" }, "geometry": { "type": "Point", "coordinates": [ 23.342983245849609, 42.722919464111328 ] } },
{ "type": "Feature", "properties": { "vehicle_id": "A1831", "latitude": 42.624229431152344, "longitude": 23.356983184814453, "raw_occupancy": 2, "timestamp": "2026-09-15 17:25:28" }, "geometry": { "type": "Point", "coordinates": [ 23.356983184814453, 42.624229431152344 ] } },
{ "type": "Feature", "properties": { "vehicle_id": "A2038", "latitude": 42.643840789794922, "longitude": 23.345043182373047, "raw_occupancy": 0, "timestamp": "2026-09-15 17:25:28" }, "geometry": { "type": "Point", "coordinates": [ 23.345043182373047, 42.643840789794922 ] } },
{ "type": "Feature", "properties": { "vehicle_id": "A2165", "latitude": 42.705757141113281, "longitude": 23.347627639770508, "raw_occupancy": 2, "timestamp": "2026-09-15 17:25:28" }, "geometry": { "type": "Point", "coordinates": [ 23.347627639770508, 42.705757141113281 ] } },
{ "type": "Feature", "properties": { "vehicle_id": "A3410", "latitude": 42.657360076904297, "longitude": 23.401529312133789, "raw_occupancy": 1, "timestamp": "2026-09-15 17:25:28" }, "geometry": { "type": "Point", "coordinates": [ 23.401529312133789, 42.657360076904297 ] } },
{ "type": "Feature", "properties": { "vehicle_id": "A3117", "latitude": 42.665382385253906, "longitude": 23.302623748779297, "raw_occupancy": 1, "timestamp": "2026-09-15 17:25:28" }, "geometry": { "type": "Point", "coordinates": [ 23.302623748779297, 42.665382385253906 ] } },
{ "type": "Feature", "properties": { "vehicle_id": "A1021", "latitude": 42.669147491455078, "longitude": 23.244291305541992, "raw_occupancy": 0, "timestamp": "2026-09-15 17:25:28" }, "geometry": { "type": "Point", "coordinates": [ 23.244291305541992, 42.669147491455078 ] } }
]
}
