{
"type": "FeatureCollection",
"name": "bus_occupancy_remainder_20260915_1755",
"crs": { "type": "name", "properties": { "name": "urn:ogc:def:crs:OGC:1.3:CRS84" } },
"features": [
{ "type": "Feature", "properties": { "vehicle_id": "A7141", "latitude": 42.704292297363281, "longitude": 23.328229904174805, "raw_occupancy": 3, "timestamp": "2026-09-15 17:35:28" }, "geometry": { "type": "Point", "coordinates": [ 23.328229904174805, 42.704292297363281 ] } },
{ "type": "Feature", "properties": { "vehicle_id": "A2817", "latitude": 42.710872650146484, "longitude": 23.370761871337891, "raw_occupancy": 0, "timestamp": "2026-09-15 17:35:28" }, "geometry": { "type": "Point", "coordinates": [ 23.370761871337891, 42.710872650146484 ] } },
{ "type": "Feature", "properties": { "vehicle_id": "A3014", "latitude": 42.679306030273438, "longitude": 23.361595153808594, "raw_occupancy": 3, "timestamp": "2026-09-15 17:35:28" }, "geometry": { "type": "Point", "coordinates": [ 23.361595153808594, 42.679306030273438 ] } },
{ "type": "Feature", "properties": { "vehicle_id": "A3312", "latitude": 42.632492065429688, "longitude": 23.380393981933594, "raw_occupancy": 1, "timestamp": "2026-09-15 17:35:28" }, "geometry": { "type": "Point", "coordinates": [ 23.380393981933594, 42.632492065429688 ] } },
{ "type": "Feature", "properties": { "vehicle_id": "A2810", "latitude": 42.724811553955078, "longitude": 23.265735626220703, "raw_occupancy": 2, "timestamp": "2026-09-15 17:35:28" }, "geometry": { "type": "Point", "coordinates": [ 23.265735626220703, 42.724811553955078 ] } },
{ "type": "Feature", "properties": { "vehicle_id": "A7097", "latitude": 42.80279541015625, "longitude": 23.402694702148438, "raw_occupancy": 0, "timestamp": "2026-09-15 17:35:28" }, "geometry": { "type": "Point", "coordinates": [ 23.402694702148438, 42.80279541015625 ] } },
{ "type": "Feature", "properties": { "vehicle_id": "A7121", "latitude": 42.730091094970703, "longitude": 23.383544921875, "raw_occupancy": 2, "timestamp": "2026-09-15 17:35:28" }, "geometry": { "type": "Point", "coordinates": [ 23.383544921875, 42.730091094970703 ] } },
{ "type": "Feature", "properties": { "vehicle_id": "A3141", "latitude": 42.677204132080078, "longitude": 23.298070907592773, "raw_occupancy": 3, "timestamp": "2026-09-15 17:35:28" }, "geometry": { "type": "Point", "coordinates": [ 23.298070907592773, 42.677204132080078 ] } },
{ "type": "Feature", "properties": { "vehicle_id": "A1160", "latitude": 42.676937103271484, "longitude": 23.297883987426758, "raw_occupancy": 1, "timestamp": "2026-09-15 17:35:28" }, "geometry": { "type": "Point", "coordinates": [ 23.297883987426758, 42.676937103271484 ] } },
{ "type": "Feature", "properties": { "vehicle_id": "A3131", "latitude": 42.657028198242188, "longitude": 23.384963989257812, "raw_occupancy": 2, "timestamp": "2026-09-15 17:35:28" }, "geometry": { "type": "Point", "coordinates": [ 23.384963989257812, 42.657028198242188 ] } },
{ "type": "Feature", "properties": { "vehicle_id": "A1025", "latitude": 42.665935516357422, "longitude": 23.266090393066406, "raw_occupancy": 3, "timestamp": "2026-09-15 17:35:28" }, "geometry": { "type": "Point", "coordinates": [ 23.266090393066406, 42.665935516357422 ] } },
{ "type": "Feature", "properties": { "vehicle_id": "A1126", "latitude": 42.666110992431641, "longitude": 23.285472869873047, "raw_occupancy": 2, "timestamp": "2026-09-15 17:35:28" }, "geometry": { "type": "Point", "coordinates": [ 23.285472869873047, 42.666110992431641 ] } },
{ "type": "Feature", "properties": { "vehicle_id": "A2078", "latitude": 42.608287811279297, "longitude": 23.399990081787109, "raw_occupancy": 2, "timestamp": "2026-09-15 17:35:28" }, "geometry": { "type": "Point", "coordinates": [ 23.399990081787109, 42.608287811279297 ] } },
{ "type": "Feature", "properties": { "vehicle_id": "A2039", "latitude": 42.705287933349609, "longitude": 23.333869934082031, "raw_occupancy": 2, "timestamp": "2026-09-15 17:35:28" }, "geometry": { "type": "Point", "coordinates": [ 23.333869934082031, 42.705287933349609 ] } },
{ "type": "Feature", "properties": { "vehicle_id": "A2317", "latitude": 42.646537780761719, "longitude": 23.342119216918945, "raw_occupancy": 1, "timestamp": "2026-09-15 17:35:28" }, "geometry": { "type": "Point", "coordinates": [ 23.342119216918945, 42.646537780761719 ] } },
{ "type": "Feature", "properties": { "vehicle_id": "A3633", "latitude": 42.649562835693359, "longitude": 23.370174407958984, "raw_occupancy": 1, "timestamp": "2026-09-15 17:35:28" }, "geometry": { "type": "Point", "coordinates": [ 23.370174407958984, 42.649562835693359 ] } },
{ "type": "Feature", "properties": { "vehicle_id": "A2316", "latitude": 42.691921234130859, "longitude": 23.335893630981445, "raw_occupancy": 2, "timestamp": "2026-09-15 17:35:28" }, "geometry": { "type": "Point", "coordinates": [ 23.335893630981445, 42.691921234130859 ] } },
{ "type": "Feature", "properties": { "vehicle_id": "A2053", "latitude": 42.645214080810547, "longitude": 23.398052215576172, "raw_occupancy": 3, "timestamp": "2026-09-15 17:35:28" }, "geometry": { "type": "Point", "coordinates": [ 23.398052215576172, 42.645214080810547 ] } },
{ "type": "Feature", "properties": { "vehicle_id": "A3617", "latitude": 42.687877655029297, "longitude": 23.341300964355469, "raw_occupancy": 5, "timestamp": "2026-09-15 17:35:28" }, "geometry": { "type": "Point", "coordinates": [ 23.341300964355469, 42.687877655029297 ] } },
{ "type": "Feature", "properties": { "vehicle_id": "A3120", "latitude": 42.701267242431641, "longitude": 23.34124755859375, "raw_occupancy": 4, "timestamp": "2026-09-15 17:35:28" }, "geometry": { "type": "Point", "coordinates": [ 23.34124755859375, 42.701267242431641 ] } },
{ "type": "Feature", "properties": { "vehicle_id": "A2043", "latitude": 42.704742431640625, "longitude": 23.323135375976562, "raw_occupancy": 2, "timestamp": "2026-09-15 17:35:28" }, "geometry": { "type": "Point", "coordinates": [ 23.323135375976562, 42.704742431640625 ] } },
{ "type": "Feature", "properties": { "vehicle_id": "A1154", "latitude": 42.677589416503906, "longitude": 23.330833435058594, "raw_occupancy": 0, "timestamp": "2026-09-15 17:35:28" }, "geometry": { "type": "Point", "coordinates": [ 23.330833435058594, 42.677589416503906 ] } },
{ "type": "Feature", "properties": { "vehicle_id": "A3107", "latitude": 42.690284729003906, "longitude": 23.336381912231445, "raw_occupancy": 4, "timestamp": "2026-09-15 17:35:28" }, "geometry": { "type": "Point", "coordinates": [ 23.336381912231445, 42.690284729003906 ] } },
{ "type": "Feature", "properties": { "vehicle_id": "A7113", "latitude": 42.733299255371094, "longitude": 23.299688339233398, "raw_occupancy": 1, "timestamp": "2026-09-15 17:35:28" }, "geometry": { "type": "Point", "coordinates": [ 23.299688339233398, 42.733299255371094 ] } },
{ "type": "Feature", "properties": { "vehicle_id": "A3140", "latitude": 42.626247406005859, "longitude": 23.373640060424805, "raw_occupancy": 1, "timestamp": "2026-09-15 17:35:28" }, "geometry": { "type": "Point", "coordinates": [ 23.373640060424805, 42.626247406005859 ] } },
{ "type": "Feature", "properties": { "vehicle_id": "A2041", "latitude": 42.71063232421875, "longitude": 23.268993377685547, "raw_occupancy": 3, "timestamp": "2026-09-15 17:35:28" }, "geometry": { "type": "Point", "coordinates": [ 23.268993377685547, 42.71063232421875 ] } },
{ "type": "Feature", "properties": { "vehicle_id": "A7171", "latitude": 42.718402862548828, "longitude": 23.235828399658203, "raw_occupancy": 2, "timestamp": "2026-09-15 17:35:28" }, "geometry": { "type": "Point", "coordinates": [ 23.235828399658203, 42.718402862548828 ] } },
{ "type": "Feature", "properties": { "vehicle_id": "A2807", "latitude": 42.725936889648438, "longitude": 23.254154205322266, "raw_occupancy": 2, "timestamp": "2026-09-15 17:35:28" }, "geometry": { "type": "Point", "coordinates": [ 23.254154205322266, 42.725936889648438 ] } },
{ "type": "Feature", "properties": { "vehicle_id": "A3144", "latitude": 42.6690673828125, "longitude": 23.280055999755859, "raw_occupancy": 1, "timestamp": "2026-09-15 17:35:28" }, "geometry": { "type": "Point", "coordinates": [ 23.280055999755859, 42.6690673828125 ] } },
{ "type": "Feature", "properties": { "vehicle_id": "A2072", "latitude": 42.699775695800781, "longitude": 23.369174957275391, "raw_occupancy": 2, "timestamp": "2026-09-15 17:35:28" }, "geometry": { "type": "Point", "coordinates": [ 23.369174957275391, 42.699775695800781 ] } },
{ "type": "Feature", "properties": { "vehicle_id": "A1851", "latitude": 42.67572021484375, "longitude": 23.279294967651367, "raw_occupancy": 2, "timestamp": "2026-09-15 17:35:28" }, "geometry": { "type": "Point", "coordinates": [ 23.279294967651367, 42.67572021484375 ] } },
{ "type": "Feature", "properties": { "vehicle_id": "A3637", "latitude": 42.645416259765625, "longitude": 23.353769302368164, "raw_occupancy": 3, "timestamp": "2026-09-15 17:35:28" }, "geometry": { "type": "Point", "coordinates": [ 23.353769302368164, 42.645416259765625 ] } },
{ "type": "Feature", "properties": { "vehicle_id": "A1215", "latitude": 42.640060424804688, "longitude": 23.37286376953125, "raw_occupancy": 1, "timestamp": "2026-09-15 17:35:28" }, "geometry": { "type": "Point", "coordinates": [ 23.37286376953125, 42.640060424804688 ] } },
{ "type": "Feature", "properties": { "vehicle_id": "A3102", "latitude": 42.704788208007812, "longitude": 23.322187423706055, "raw_occupancy": 2, "timestamp": "2026-09-15 17:35:28" }, "geometry": { "type": "Point", "coordinates": [ 23.322187423706055, 42.704788208007812 ] } },
{ "type": "Feature", "properties": { "vehicle_id": "A1184", "latitude": 42.688117980957031, "longitude": 23.240798950195312, "raw_occupancy": 1, "timestamp": "2026-09-15 17:35:28" }, "geometry": { "type": "Point", "coordinates": [ 23.240798950195312, 42.688117980957031 ] } },
{ "type": "Feature", "properties": { "vehicle_id": "A3634", "latitude": 42.678791046142578, "longitude": 23.464742660522461, "raw_occupancy": 0, "timestamp": "2026-09-15 17:35:28" }, "geometry": { "type": "Point", "coordinates": [ 23.464742660522461, 42.678791046142578 ] } },
{ "type": "Feature", "properties": { "vehicle_id": "A3104", "latitude": 42.635379791259766, "longitude": 23.372827529907227, "raw_occupancy": 1, "timestamp": "2026-09-15 17:35:28" }, "geometry": { "type": "Point", "coordinates": [ 23.372827529907227, 42.635379791259766 ] } },
{ "type": "Feature", "properties": { "vehicle_id": "A7185", "latitude": 42.719219207763672, "longitude": 23.443422317504883, "raw_occupancy": 1, "timestamp": "2026-09-15 17:35:28" }, "geometry": { "type": "Point", "coordinates": [ 23.443422317504883, 42.719219207763672 ] } },
{ "type": "Feature", "properties": { "vehicle_id": "A3156", "latitude": 42.640407562255859, "longitude": 23.413549423217773, "raw_occupancy": 0, "timestamp": "2026-09-15 17:35:28" }, "geometry": { "type": "Point", "coordinates": [ 23.413549423217773, 42.640407562255859 ] } },
{ "type": "Feature", "properties": { "vehicle_id": "A7067", "latitude": 42.708675384521484, "longitude": 23.416191101074219, "raw_occupancy": 2, "timestamp": "2026-09-15 17:35:28" }, "geometry": { "type": "Point", "coordinates": [ 23.416191101074219, 42.708675384521484 ] } },
{ "type": "Feature", "properties": { "vehicle_id": "A1172", "latitude": 42.667003631591797, "longitude": 23.337503433227539, "raw_occupancy": 2, "timestamp": "2026-09-15 17:35:28" }, "geometry": { "type": "Point", "coordinates": [ 23.337503433227539, 42.667003631591797 ] } },
{ "type": "Feature", "properties": { "vehicle_id": "A3138", "latitude": 42.704280853271484, "longitude": 23.328578948974609, "raw_occupancy": 1, "timestamp": "2026-09-15 17:35:28" }, "geometry": { "type": "Point", "coordinates": [ 23.328578948974609, 42.704280853271484 ] } },
{ "type": "Feature", "properties": { "vehicle_id": "A7101", "latitude": 42.737747192382812, "longitude": 23.273426055908203, "raw_occupancy": 1, "timestamp": "2026-09-15 17:35:28" }, "geometry": { "type": "Point", "coordinates": [ 23.273426055908203, 42.737747192382812 ] } },
{ "type": "Feature", "properties": { "vehicle_id": "A1607", "latitude": 42.696704864501953, "longitude": 23.355255126953125, "raw_occupancy": 3, "timestamp": "2026-09-15 17:35:28" }, "geometry": { "type": "Point", "coordinates": [ 23.355255126953125, 42.696704864501953 ] } },
{ "type": "Feature", "properties": { "vehicle_id": "A7161", "latitude": 42.731975555419922, "longitude": 23.317239761352539, "raw_occupancy": 2, "timestamp": "2026-09-15 17:35:28" }, "geometry": { "type": "Point", "coordinates": [ 23.317239761352539, 42.731975555419922 ] } },
{ "type": "Feature", "properties": { "vehicle_id": "A1232", "latitude": 42.735507965087891, "longitude": 23.270929336547852, "raw_occupancy": 1, "timestamp": "2026-09-15 17:35:28" }, "geometry": { "type": "Point", "coordinates": [ 23.270929336547852, 42.735507965087891 ] } },
{ "type": "Feature", "properties": { "vehicle_id": "A2060", "latitude": 42.690406799316406, "longitude": 23.337799072265625, "raw_occupancy": 2, "timestamp": "2026-09-15 17:35:28" }, "geometry": { "type": "Point", "coordinates": [ 23.337799072265625, 42.690406799316406 ] } },
{ "type": "Feature", "properties": { "vehicle_id": "A3016", "latitude": 42.679233551025391, "longitude": 23.360715866088867, "raw_occupancy": 2, "timestamp": "2026-09-15 17:35:28" }, "geometry": { "type": "Point", "coordinates": [ 23.360715866088867, 42.679233551025391 ] } },
{ "type": "Feature", "properties": { "vehicle_id": "A7137", "latitude": 42.790515899658203, "longitude": 23.445125579833984, "raw_occupancy": 1, "timestamp": "2026-09-15 17:35:28" }, "geometry": { "type": "Point", "coordinates": [ 23.445125579833984, 42.790515899658203 ] } },
{ "type": "Feature", "properties": { "vehicle_id": "A3659", "latitude": 42.684619903564453, "longitude": 23.301925659179688, "raw_occupancy": 1, "timestamp": "2026-09-15 17:35:28" }, "geometry": { "type": "Point", "coordinates": [ 23.301925659179688, 42.684619903564453 ] } },
{ "type": "Feature", "properties": { "vehicle_id": "A3605", "latitude": 42.630020141601562, "longitude": 23.374256134033203, "raw_occupancy": 1, "timestamp": "2026-09-15 17:35:28" }, "geometry": { "type": "Point", "coordinates": [ 23.374256134033203, 42.630020141601562 ] } },
{ "type": "Feature", "properties": { "vehicle_id": "A2086", "latitude": 42.736473083496094, "longitude": 23.294637680053711, "raw_occupancy": 0, "timestamp": "2026-09-15 17:35:28" }, "geometry": { "type": "Point", "coordinates": [ 23.294637680053711, 42.736473083496094 ] } },
{ "type": "Feature", "properties": { "vehicle_id": "A2728", "latitude": 42.705860137939453, "longitude": 23.332668304443359, "raw_occupancy": 1, "timestamp": "2026-09-15 17:35:28" }, "geometry": { "type": "Point", "coordinates": [ 23.332668304443359, 42.705860137939453 ] } },
{ "type": "Feature", "properties": { "vehicle_id": "A7053", "latitude": 42.718734741210938, "longitude": 23.532344818115234, "raw_occupancy": 0, "timestamp": "2026-09-15 17:35:28" }, "geometry": { "type": "Point", "coordinates": [ 23.532344818115234, 42.718734741210938 ] } },
{ "type": "Feature", "properties": { "vehicle_id": "A7123", "latitude": 42.734424591064453, "longitude": 23.466680526733398, "raw_occupancy": 1, "timestamp": "2026-09-15 17:35:28" }, "geometry": { "type": "Point", "coordinates": [ 23.466680526733398, 42.734424591064453 ] } },
{ "type": "Feature", "properties": { "vehicle_id": "A1189", "latitude": 42.675952911376953, "longitude": 23.288908004760742, "raw_occupancy": 2, "timestamp": "2026-09-15 17:35:28" }, "geometry": { "type": "Point", "coordinates": [ 23.288908004760742, 42.675952911376953 ] } },
{ "type": "Feature", "properties": { "vehicle_id": "A2073", "latitude": 42.675094604492188, "longitude": 23.376136779785156, "raw_occupancy": 3, "timestamp": "2026-09-15 17:35:28" }, "geometry": { "type": "Point", "coordinates": [ 23.376136779785156, 42.675094604492188 ] } },
{ "type": "Feature", "properties": { "vehicle_id": "A1612", "latitude": 42.651878356933594, "longitude": 23.405128479003906, "raw_occupancy": 1, "timestamp": "2026-09-15 17:35:28" }, "geometry": { "type": "Point", "coordinates": [ 23.405128479003906, 42.651878356933594 ] } },
{ "type": "Feature", "properties": { "vehicle_id": "A2825", "latitude": 42.711524963378906, "longitude": 23.332605361938477, "raw_occupancy": 2, "timestamp": "2026-09-15 17:35:28" }, "geometry": { "type": "Point", "coordinates": [ 23.332605361938477, 42.711524963378906 ] } },
{ "type": "Feature", "properties": { "vehicle_id": "A1164", "latitude": 42.710098266601562, "longitude": 23.293663024902344, "raw_occupancy": 4, "timestamp": "2026-09-15 17:35:28" }, "geometry": { "type": "Point", "coordinates": [ 23.293663024902344, 42.710098266601562 ] } },
{ "type": "Feature", "properties": { "vehicle_id": "A1421", "latitude": 42.664760589599609, "longitude": 23.289165496826172, "raw_occupancy": 0, "timestamp": "2026-09-15 17:35:28" }, "geometry": { "type": "Point", "coordinates": [ 23.289165496826172, 42.664760589599609 ] } },
{ "type": "Feature", "properties": { "vehicle_id": "A3015", "latitude": 42.642562866210938, "longitude": 23.407049179077148, "raw_occupancy": 1, "timestamp": "2026-09-15 17:35:28" }, "geometry": { "type": "Point", "coordinates": [ 23.407049179077148, 42.642562866210938 ] } },
{ "type": "Feature", "properties": { "vehicle_id": "A3700", "latitude": 42.653175354003906, "longitude": 23.467493057250977, "raw_occupancy": 1, "timestamp": "2026-09-15 17:35:28" }, "geometry": { "type": "Point", "coordinates": [ 23.467493057250977, 42.653175354003906 ] } },
{ "type": "Feature", "properties": { "vehicle_id": "A2306", "latitude": 42.660701751708984, "longitude": 23.359003067016602, "raw_occupancy": 3, "timestamp": "2026-09-15 17:35:28" }, "geometry": { "type": "Point", "coordinates": [ 23.359003067016602, 42.660701751708984 ] } },
{ "type": "Feature", "properties": { "vehicle_id": "A2040", "latitude": 42.701946258544922, "longitude": 23.355411529541016, "raw_occupancy": 2, "timestamp": "2026-09-15 17:35:28" }, "geometry": { "type": "Point", "coordinates": [ 23.355411529541016, 42.701946258544922 ] } },
{ "type": "Feature", "properties": { "vehicle_id": "A3135", "latitude": 42.663002014160156, "longitude": 23.356418609619141, "raw_occupancy": 1, "timestamp": "2026-09-15 17:35:28" }, "geometry": { "type": "Point", "coordinates": [ 23.356418609619141, 42.663002014160156 ] } },
{ "type": "Feature", "properties": { "vehicle_id": "A1015", "latitude": 42.639503479003906, "longitude": 23.343137741088867, "raw_occupancy": 1, "timestamp": "2026-09-15 17:35:28" }, "geometry": { "type": "Point", "coordinates": [ 23.343137741088867, 42.639503479003906 ] } },
{ "type": "Feature", "properties": { "vehicle_id": "A3409", "latitude": 42.667762756347656, "longitude": 23.392242431640625, "raw_occupancy": 2, "timestamp": "2026-09-15 17:35:28" }, "geometry": { "type": "Point", "coordinates": [ 23.392242431640625, 42.667762756347656 ] } },
{ "type": "Feature", "properties": { "vehicle_id": "A2165", "latitude": 42.709999084472656, "longitude": 23.361112594604492, "raw_occupancy": 0, "timestamp": "2026-09-15 17:35:28" }, "geometry": { "type": "Point", "coordinates": [ 23.361112594604492, 42.709999084472656 ] } },
{ "type": "Feature", "properties": { "vehicle_id": "A2023", "latitude": 42.712196350097656, "longitude": 23.380058288574219, "raw_occupancy": 1, "timestamp": "2026-09-15 17:35:28" }, "geometry": { "type": "Point", "coordinates": [ 23.380058288574219, 42.712196350097656 ] } },
{ "type": "Feature", "properties": { "vehicle_id": "A3013", "latitude": 42.657375335693359, "longitude": 23.401590347290039, "raw_occupancy": 1, "timestamp": "2026-09-15 17:35:28" }, "geometry": { "type": "Point", "coordinates": [ 23.401590347290039, 42.657375335693359 ] } },
{ "type": "Feature", "properties": { "vehicle_id": "A1031", "latitude": 42.666770935058594, "longitude": 23.266120910644531, "raw_occupancy": 4, "timestamp": "2026-09-15 17:35:28" }, "geometry": { "type": "Point", "coordinates": [ 23.266120910644531, 42.666770935058594 ] } },
{ "type": "Feature", "properties": { "vehicle_id": "A7157", "latitude": 42.712726593017578, "longitude": 23.433694839477539, "raw_occupancy": 3, "timestamp": "2026-09-15 17:35:28" }, "geometry": { "type": "Point", "coordinates": [ 23.433694839477539, 42.712726593017578 ] } },
{ "type": "Feature", "properties": { "vehicle_id": "A2003", "latitude": 42.704776763916016, "longitude": 23.332265853881836, "raw_occupancy": 1, "timestamp": "2026-09-15 17:35:28" }, "geometry": { "type": "Point", "coordinates": [ 23.332265853881836, 42.704776763916016 ] } },
{ "type": "Feature", "properties": { "vehicle_id": "A1153", "latitude": 42.669029235839844, "longitude": 23.297945022583008, "raw_occupancy": 1, "timestamp": "2026-09-15 17:35:28" }, "geometry": { "type": "Point", "coordinates": [ 23.297945022583008, 42.669029235839844 ] } },
{ "type": "Feature", "properties": { "vehicle_id": "A1311", "latitude": 42.622234344482422, "longitude": 23.305061340332031, "raw_occupancy": 1, "timestamp": "2026-09-15 17:35:28" }, "geometry": { "type": "Point", "coordinates": [ 23.305061340332031, 42.622234344482422 ] } },
{ "type": "Feature", "properties": { "vehicle_id": "A1829", "latitude": 42.696445465087891, "longitude": 23.121530532836914, "raw_occupancy": 0, "timestamp": "2026-09-15 17:35:28" }, "geometry": { "type": "Point", "coordinates": [ 23.121530532836914, 42.696445465087891 ] } },
{ "type": "Feature", "properties": { "vehicle_id": "A1209", "latitude": 42.665294647216797, "longitude": 23.259675979614258, "raw_occupancy": 1, "timestamp": "2026-09-15 17:35:28" }, "geometry": { "type": "Point", "coordinates": [ 23.259675979614258, 42.665294647216797 ] } },
{ "type": "Feature", "properties": { "vehicle_id": "A2058", "latitude": 42.6868896484375, "longitude": 23.310565948486328, "raw_occupancy": 5, "timestamp": "2026-09-15 17:35:28" }, "geometry": { "type": "Point", "coordinates": [ 23.310565948486328, 42.6868896484375 ] } },
{ "type": "Feature", "properties": { "vehicle_id": "A1402", "latitude": 42.734035491943359, "longitude": 23.308868408203125, "raw_occupancy": 1, "timestamp": "2026-09-15 17:35:28" }, "geometry": { "type": "Point", "coordinates": [ 23.308868408203125, 42.734035491943359 ] } },
{ "type": "Feature", "properties": { "vehicle_id": "A2831", "latitude": 42.671279907226562, "longitude": 23.271556854248047, "raw_occupancy": 1, "timestamp": "2026-09-15 17:35:28" }, "geometry": { "type": "Point", "coordinates": [ 23.271556854248047, 42.671279907226562 ] } },
{ "type": "Feature", "properties": { "vehicle_id": "A1170", "latitude": 42.732593536376953, "longitude": 23.29673957824707, "raw_occupancy": 1, "timestamp": "2026-09-15 17:35:28" }, "geometry": { "type": "Point", "coordinates": [ 23.29673957824707, 42.732593536376953 ] } },
{ "type": "Feature", "properties": { "vehicle_id": "A3616", "latitude": 42.651634216308594, "longitude": 23.379062652587891, "raw_occupancy": 4, "timestamp": "2026-09-15 17:35:28" }, "geometry": { "type": "Point", "coordinates": [ 23.379062652587891, 42.651634216308594 ] } },
{ "type": "Feature", "properties": { "vehicle_id": "A2307", "latitude": 42.651554107666016, "longitude": 23.359134674072266, "raw_occupancy": 1, "timestamp": "2026-09-15 17:35:28" }, "geometry": { "type": "Point", "coordinates": [ 23.359134674072266, 42.651554107666016 ] } },
{ "type": "Feature", "properties": { "vehicle_id": "A1220", "latitude": 42.706172943115234, "longitude": 23.284797668457031, "raw_occupancy": 1, "timestamp": "2026-09-15 17:35:28" }, "geometry": { "type": "Point", "coordinates": [ 23.284797668457031, 42.706172943115234 ] } },
{ "type": "Feature", "properties": { "vehicle_id": "A1618", "latitude": 42.692939758300781, "longitude": 23.28141975402832, "raw_occupancy": 3, "timestamp": "2026-09-15 17:35:28" }, "geometry": { "type": "Point", "coordinates": [ 23.28141975402832, 42.692939758300781 ] } },
{ "type": "Feature", "properties": { "vehicle_id": "A2035", "latitude": 42.646076202392578, "longitude": 23.34526252746582, "raw_occupancy": 0, "timestamp": "2026-09-15 17:35:28" }, "geometry": { "type": "Point", "coordinates": [ 23.34526252746582, 42.646076202392578 ] } },
{ "type": "Feature", "properties": { "vehicle_id": "A3401", "latitude": 42.669956207275391, "longitude": 23.352138519287109, "raw_occupancy": 1, "timestamp": "2026-09-15 17:35:28" }, "geometry": { "type": "Point", "coordinates": [ 23.352138519287109, 42.669956207275391 ] } },
{ "type": "Feature", "properties": { "vehicle_id": "A1010", "latitude": 42.657474517822266, "longitude": 23.303152084350586, "raw_occupancy": 0, "timestamp": "2026-09-15 17:35:28" }, "geometry": { "type": "Point", "coordinates": [ 23.303152084350586, 42.657474517822266 ] } },
{ "type": "Feature", "properties": { "vehicle_id": "A2075", "latitude": 42.638919830322266, "longitude": 23.411066055297852, "raw_occupancy": 3, "timestamp": "2026-09-15 17:35:28" }, "geometry": { "type": "Point", "coordinates": [ 23.411066055297852, 42.638919830322266 ] } },
{ "type": "Feature", "properties": { "vehicle_id": "A1226", "latitude": 42.641201019287109, "longitude": 23.313974380493164, "raw_occupancy": 0, "timestamp": "2026-09-15 17:35:28" }, "geometry": { "type": "Point", "coordinates": [ 23.313974380493164, 42.641201019287109 ] } },
{ "type": "Feature", "properties": { "vehicle_id": "A2303", "latitude": 42.714935302734375, "longitude": 23.283821105957031, "raw_occupancy": 1, "timestamp": "2026-09-15 17:35:28" }, "geometry": { "type": "Point", "coordinates": [ 23.283821105957031, 42.714935302734375 ] } },
{ "type": "Feature", "properties": { "vehicle_id": "A2313", "latitude": 42.669685363769531, "longitude": 23.368417739868164, "raw_occupancy": 3, "timestamp": "2026-09-15 17:35:28" }, "geometry": { "type": "Point", "coordinates": [ 23.368417739868164, 42.669685363769531 ] } },
{ "type": "Feature", "properties": { "vehicle_id": "A7109", "latitude": 42.709911346435547, "longitude": 23.384393692016602, "raw_occupancy": 2, "timestamp": "2026-09-15 17:35:28" }, "geometry": { "type": "Point", "coordinates": [ 23.384393692016602, 42.709911346435547 ] } },
{ "type": "Feature", "properties": { "vehicle_id": "A1030", "latitude": 42.640316009521484, "longitude": 23.334564208984375, "raw_occupancy": 3, "timestamp": "2026-09-15 17:35:28" }, "geometry": { "type": "Point", "coordinates": [ 23.334564208984375, 42.640316009521484 ] } },
{ "type": "Feature", "properties": { "vehicle_id": "A7191", "latitude": 42.705047607421875, "longitude": 23.325798034667969, "raw_occupancy": 1, "timestamp": "2026-09-15 17:35:28" }, "geometry": { "type": "Point", "coordinates": [ 23.325798034667969, 42.705047607421875 ] } },
{ "type": "Feature", "properties": { "vehicle_id": "A1616", "latitude": 42.70068359375, "longitude": 23.342634201049805, "raw_occupancy": 3, "timestamp": "2026-09-15 17:35:28" }, "geometry": { "type": "Point", "coordinates": [ 23.342634201049805, 42.70068359375 ] } },
{ "type": "Feature", "properties": { "vehicle_id": "A2020", "latitude": 42.682174682617188, "longitude": 23.320718765258789, "raw_occupancy": 0, "timestamp": "2026-09-15 17:35:28" }, "geometry": { "type": "Point", "coordinates": [ 23.320718765258789, 42.682174682617188 ] } },
{ "type": "Feature", "properties": { "vehicle_id": "A2069", "latitude": 42.672279357910156, "longitude": 23.371917724609375, "raw_occupancy": 0, "timestamp": "2026-09-15 17:35:28" }, "geometry": { "type": "Point", "coordinates": [ 23.371917724609375, 42.672279357910156 ] } },
{ "type": "Feature", "properties": { "vehicle_id": "A7089", "latitude": 42.790241241455078, "longitude": 23.306671142578125, "raw_occupancy": 1, "timestamp": "2026-09-15 17:35:28" }, "geometry": { "type": "Point", "coordinates": [ 23.306671142578125, 42.790241241455078 ] } },
{ "type": "Feature", "properties": { "vehicle_id": "A3410", "latitude": 42.671760559082031, "longitude": 23.394252777099609, "raw_occupancy": 2, "timestamp": "2026-09-15 17:35:28" }, "geometry": { "type": "Point", "coordinates": [ 23.394252777099609, 42.671760559082031 ] } },
{ "type": "Feature", "properties": { "vehicle_id": "A1410", "latitude": 42.637313842773438, "longitude": 23.310976028442383, "raw_occupancy": 3, "timestamp": "2026-09-15 17:35:28" }, "geometry": { "type": "Point", "coordinates": [ 23.310976028442383, 42.637313842773438 ] } },
{ "type": "Feature", "properties": { "vehicle_id": "A7079", "latitude": 42.739795684814453, "longitude": 23.309230804443359, "raw_occupancy": 2, "timestamp": "2026-09-15 17:35:28" }, "geometry": { "type": "Point", "coordinates": [ 23.309230804443359, 42.739795684814453 ] } },
{ "type": "Feature", "properties": { "vehicle_id": "A2310", "latitude": 42.651947021484375, "longitude": 23.348911285400391, "raw_occupancy": 3, "timestamp": "2026-09-15 17:35:28" }, "geometry": { "type": "Point", "coordinates": [ 23.348911285400391, 42.651947021484375 ] } },
{ "type": "Feature", "properties": { "vehicle_id": "A2815", "latitude": 42.737442016601562, "longitude": 23.327716827392578, "raw_occupancy": 1, "timestamp": "2026-09-15 17:35:28" }, "geometry": { "type": "Point", "coordinates": [ 23.327716827392578, 42.737442016601562 ] } },
{ "type": "Feature", "properties": { "vehicle_id": "A7071", "latitude": 42.750007629394531, "longitude": 23.276874542236328, "raw_occupancy": 3, "timestamp": "2026-09-15 17:35:28" }, "geometry": { "type": "Point", "coordinates": [ 23.276874542236328, 42.750007629394531 ] } },
{ "type": "Feature", "properties": { "vehicle_id": "A7193", "latitude": 42.716072082519531, "longitude": 23.340782165527344, "raw_occupancy": 0, "timestamp": "2026-09-15 17:35:28" }, "geometry": { "type": "Point", "coordinates": [ 23.340782165527344, 42.716072082519531 ] } },
{ "type": "Feature", "properties": { "vehicle_id": "A2822", "latitude": 42.738265991210938, "longitude": 23.335342407226562, "raw_occupancy": 0, "timestamp": "2026-09-15 17:35:28" }, "geometry": { "type": "Point", "coordinates": [ 23.335342407226562, 42.738265991210938 ] } },
{ "type": "Feature", "properties": { "vehicle_id": "A1213", "latitude": 42.729640960693359, "longitude": 23.256792068481445, "raw_occupancy": 1, "timestamp": "2026-09-15 17:35:28" }, "geometry": { "type": "Point", "coordinates": [ 23.256792068481445, 42.729640960693359 ] } },
{ "type": "Feature", "properties": { "vehicle_id": "A3112", "latitude": 42.640583038330078, "longitude": 23.372247695922852, "raw_occupancy": 2, "timestamp": "2026-09-15 17:35:28" }, "geometry": { "type": "Point", "coordinates": [ 23.372247695922852, 42.640583038330078 ] } },
{ "type": "Feature", "properties": { "vehicle_id": "A2516", "latitude": 42.636772155761719, "longitude": 23.310827255249023, "raw_occupancy": 2, "timestamp": "2026-09-15 17:35:28" }, "geometry": { "type": "Point", "coordinates": [ 23.310827255249023, 42.636772155761719 ] } },
{ "type": "Feature", "properties": { "vehicle_id": "A1036", "latitude": 42.650772094726562, "longitude": 23.332380294799805, "raw_occupancy": 2, "timestamp": "2026-09-15 17:35:28" }, "geometry": { "type": "Point", "coordinates": [ 23.332380294799805, 42.650772094726562 ] } },
{ "type": "Feature", "properties": { "vehicle_id": "A2823", "latitude": 42.663284301757812, "longitude": 23.245698928833008, "raw_occupancy": 2, "timestamp": "2026-09-15 17:35:28" }, "geometry": { "type": "Point", "coordinates": [ 23.245698928833008, 42.663284301757812 ] } },
{ "type": "Feature", "properties": { "vehicle_id": "A2309", "latitude": 42.651130676269531, "longitude": 23.358381271362305, "raw_occupancy": 2, "timestamp": "2026-09-15 17:35:28" }, "geometry": { "type": "Point", "coordinates": [ 23.358381271362305, 42.651130676269531 ] } },
{ "type": "Feature", "properties": { "vehicle_id": "A2165", "latitude": 42.710502624511719, "longitude": 23.361181259155273, "raw_occupancy": 0, "timestamp": "2026-09-15 17:35:28" }, "geometry": { "type": "Point", "coordinates": [ 23.361181259155273, 42.710502624511719 ] } },
{ "type": "Feature", "properties": { "vehicle_id": "A2733", "latitude": 42.8211669921875, "longitude": 23.363611221313477, "raw_occupancy": 1, "timestamp": "2026-09-15 17:35:28" }, "geometry": { "type": "Point", "coordinates": [ 23.363611221313477, 42.8211669921875 ] } },
{ "type": "Feature", "properties": { "vehicle_id": "A3147", "latitude": 42.660533905029297, "longitude": 23.297168731689453, "raw_occupancy": 1, "timestamp": "2026-09-15 17:35:28" }, "geometry": { "type": "Point", "coordinates": [ 23.297168731689453, 42.660533905029297 ] } },
{ "type": "Feature", "properties": { "vehicle_id": "A2027", "latitude": 42.712955474853516, "longitude": 23.379581451416016, "raw_occupancy": 0, "timestamp": "2026-09-15 17:35:28" }, "geometry": { "type": "Point", "coordinates": [ 23.379581451416016, 42.712955474853516 ] } },
{ "type": "Feature", "properties": { "vehicle_id": "A1182", "latitude": 42.695564270019531, "longitude": 23.287971496582031, "raw_occupancy": 3, "timestamp": "2026-09-15 17:35:28" }, "geometry": { "type": "Point", "coordinates": [ 23.287971496582031, 42.695564270019531 ] } },
{ "type": "Feature", "properties": { "vehicle_id": "A3150", "latitude": 42.672275543212891, "longitude": 23.294227600097656, "raw_occupancy": 3, "timestamp": "2026-09-15 17:35:28" }, "geometry": { "type": "Point", "coordinates": [ 23.294227600097656, 42.672275543212891 ] } },
{ "type": "Feature", "properties": { "vehicle_id": "A2025", "latitude": 42.653541564941406, "longitude": 23.346418380737305, "raw_occupancy": 2, "timestamp": "2026-09-15 17:35:28" }, "geometry": { "type": "Point", "coordinates": [ 23.346418380737305, 42.653541564941406 ] } },
{ "type": "Feature", "properties": { "vehicle_id": "A3656", "latitude": 42.696060180664062, "longitude": 23.347446441650391, "raw_occupancy": 1, "timestamp": "2026-09-15 17:35:28" }, "geometry": { "type": "Point", "coordinates": [ 23.347446441650391, 42.696060180664062 ] } },
{ "type": "Feature", "properties": { "vehicle_id": "A2304", "latitude": 42.644847869873047, "longitude": 23.345193862915039, "raw_occupancy": 1, "timestamp": "2026-09-15 17:35:28" }, "geometry": { "type": "Point", "coordinates": [ 23.345193862915039, 42.644847869873047 ] } },
{ "type": "Feature", "properties": { "vehicle_id": "A2308", "latitude": 42.669582366943359, "longitude": 23.368629455566406, "raw_occupancy": 2, "timestamp": "2026-09-15 17:35:28" }, "geometry": { "type": "Point", "coordinates": [ 23.368629455566406, 42.669582366943359 ] } },
{ "type": "Feature", "properties": { "vehicle_id": "A2029", "latitude": 42.643848419189453, "longitude": 23.341930389404297, "raw_occupancy": 1, "timestamp": "2026-09-15 17:35:28" }, "geometry": { "type": "Point", "coordinates": [ 23.341930389404297, 42.643848419189453 ] } },
{ "type": "Feature", "properties": { "vehicle_id": "A2083", "latitude": 42.725303649902344, "longitude": 23.264530181884766, "raw_occupancy": 2, "timestamp": "2026-09-15 17:35:28" }, "geometry": { "type": "Point", "coordinates": [ 23.264530181884766, 42.725303649902344 ] } },
{ "type": "Feature", "properties": { "vehicle_id": "A1212", "latitude": 42.658206939697266, "longitude": 23.285295486450195, "raw_occupancy": 1, "timestamp": "2026-09-15 17:35:28" }, "geometry": { "type": "Point", "coordinates": [ 23.285295486450195, 42.658206939697266 ] } },
{ "type": "Feature", "properties": { "vehicle_id": "A1606", "latitude": 42.687362670898438, "longitude": 23.232389450073242, "raw_occupancy": 0, "timestamp": "2026-09-15 17:35:28" }, "geometry": { "type": "Point", "coordinates": [ 23.232389450073242, 42.687362670898438 ] } },
{ "type": "Feature", "properties": { "vehicle_id": "A1839", "latitude": 42.706012725830078, "longitude": 23.317670822143555, "raw_occupancy": 1, "timestamp": "2026-09-15 17:35:28" }, "geometry": { "type": "Point", "coordinates": [ 23.317670822143555, 42.706012725830078 ] } },
{ "type": "Feature", "properties": { "vehicle_id": "A3663", "latitude": 42.674942016601562, "longitude": 23.381681442260742, "raw_occupancy": 3, "timestamp": "2026-09-15 17:35:28" }, "geometry": { "type": "Point", "coordinates": [ 23.381681442260742, 42.674942016601562 ] } },
{ "type": "Feature", "properties": { "vehicle_id": "A2030", "latitude": 42.687610626220703, "longitude": 23.351749420166016, "raw_occupancy": 2, "timestamp": "2026-09-15 17:35:28" }, "geometry": { "type": "Point", "coordinates": [ 23.351749420166016, 42.687610626220703 ] } },
{ "type": "Feature", "properties": { "vehicle_id": "A2016", "latitude": 42.67730712890625, "longitude": 23.331642150878906, "raw_occupancy": 0, "timestamp": "2026-09-15 17:35:28" }, "geometry": { "type": "Point", "coordinates": [ 23.331642150878906, 42.67730712890625 ] } },
{ "type": "Feature", "properties": { "vehicle_id": "A1310", "latitude": 42.715671539306641, "longitude": 23.167276382446289, "raw_occupancy": 2, "timestamp": "2026-09-15 17:35:28" }, "geometry": { "type": "Point", "coordinates": [ 23.167276382446289, 42.715671539306641 ] } },
{ "type": "Feature", "properties": { "vehicle_id": "A3408", "latitude": 42.677890777587891, "longitude": 23.355642318725586, "raw_occupancy": 3, "timestamp": "2026-09-15 17:35:28" }, "geometry": { "type": "Point", "coordinates": [ 23.355642318725586, 42.677890777587891 ] } },
{ "type": "Feature", "properties": { "vehicle_id": "A1861", "latitude": 42.722251892089844, "longitude": 23.262638092041016, "raw_occupancy": 0, "timestamp": "2026-09-15 17:35:28" }, "geometry": { "type": "Point", "coordinates": [ 23.262638092041016, 42.722251892089844 ] } },
{ "type": "Feature", "properties": { "vehicle_id": "A2076", "latitude": 42.656692504882812, "longitude": 23.384859085083008, "raw_occupancy": 2, "timestamp": "2026-09-15 17:35:28" }, "geometry": { "type": "Point", "coordinates": [ 23.384859085083008, 42.656692504882812 ] } },
{ "type": "Feature", "properties": { "vehicle_id": "A2015", "latitude": 42.709308624267578, "longitude": 23.295259475708008, "raw_occupancy": 3, "timestamp": "2026-09-15 17:35:28" }, "geometry": { "type": "Point", "coordinates": [ 23.295259475708008, 42.709308624267578 ] } },
{ "type": "Feature", "properties": { "vehicle_id": "A3650", "latitude": 42.515522003173828, "longitude": 23.352695465087891, "raw_occupancy": 1, "timestamp": "2026-09-15 17:35:28" }, "geometry": { "type": "Point", "coordinates": [ 23.352695465087891, 42.515522003173828 ] } },
{ "type": "Feature", "properties": { "vehicle_id": "A1408", "latitude": 42.656444549560547, "longitude": 23.284383773803711, "raw_occupancy": 2, "timestamp": "2026-09-15 17:35:28" }, "geometry": { "type": "Point", "coordinates": [ 23.284383773803711, 42.656444549560547 ] } },
{ "type": "Feature", "properties": { "vehicle_id": "A1803", "latitude": 42.625778198242188, "longitude": 23.19287109375, "raw_occupancy": 1, "timestamp": "2026-09-15 17:35:28" }, "geometry": { "type": "Point", "coordinates": [ 23.19287109375, 42.625778198242188 ] } },
{ "type": "Feature", "properties": { "vehicle_id": "A1835", "latitude": 42.7225341796875, "longitude": 23.128246307373047, "raw_occupancy": 0, "timestamp": "2026-09-15 17:35:28" }, "geometry": { "type": "Point", "coordinates": [ 23.128246307373047, 42.7225341796875 ] } },
{ "type": "Feature", "properties": { "vehicle_id": "A3606", "latitude": 42.588081359863281, "longitude": 23.362186431884766, "raw_occupancy": 2, "timestamp": "2026-09-15 17:35:28" }, "geometry": { "type": "Point", "coordinates": [ 23.362186431884766, 42.588081359863281 ] } },
{ "type": "Feature", "properties": { "vehicle_id": "A3611", "latitude": 42.670829772949219, "longitude": 23.464542388916016, "raw_occupancy": 0, "timestamp": "2026-09-15 17:35:28" }, "geometry": { "type": "Point", "coordinates": [ 23.464542388916016, 42.670829772949219 ] } },
{ "type": "Feature", "properties": { "vehicle_id": "A3400", "latitude": 42.683940887451172, "longitude": 23.401884078979492, "raw_occupancy": 3, "timestamp": "2026-09-15 17:35:28" }, "geometry": { "type": "Point", "coordinates": [ 23.401884078979492, 42.683940887451172 ] } },
{ "type": "Feature", "properties": { "vehicle_id": "A3153", "latitude": 42.670692443847656, "longitude": 23.382820129394531, "raw_occupancy": 1, "timestamp": "2026-09-15 17:35:28" }, "geometry": { "type": "Point", "coordinates": [ 23.382820129394531, 42.670692443847656 ] } },
{ "type": "Feature", "properties": { "vehicle_id": "A1026", "latitude": 42.622589111328125, "longitude": 23.397808074951172, "raw_occupancy": 2, "timestamp": "2026-09-15 17:35:28" }, "geometry": { "type": "Point", "coordinates": [ 23.397808074951172, 42.622589111328125 ] } },
{ "type": "Feature", "properties": { "vehicle_id": "A7059", "latitude": 42.783565521240234, "longitude": 23.499300003051758, "raw_occupancy": 1, "timestamp": "2026-09-15 17:35:28" }, "geometry": { "type": "Point", "coordinates": [ 23.499300003051758, 42.783565521240234 ] } },
{ "type": "Feature", "properties": { "vehicle_id": "A2028", "latitude": 42.704685211181641, "longitude": 23.386232376098633, "raw_occupancy": 1, "timestamp": "2026-09-15 17:35:28" }, "geometry": { "type": "Point", "coordinates": [ 23.386232376098633, 42.704685211181641 ] } },
{ "type": "Feature", "properties": { "vehicle_id": "A2055", "latitude": 42.713787078857422, "longitude": 23.304119110107422, "raw_occupancy": 3, "timestamp": "2026-09-15 17:35:28" }, "geometry": { "type": "Point", "coordinates": [ 23.304119110107422, 42.713787078857422 ] } },
{ "type": "Feature", "properties": { "vehicle_id": "A1869", "latitude": 42.712020874023438, "longitude": 23.144359588623047, "raw_occupancy": 1, "timestamp": "2026-09-15 17:35:28" }, "geometry": { "type": "Point", "coordinates": [ 23.144359588623047, 42.712020874023438 ] } },
{ "type": "Feature", "properties": { "vehicle_id": "A2300", "latitude": 42.736000061035156, "longitude": 23.304996490478516, "raw_occupancy": 2, "timestamp": "2026-09-15 17:35:28" }, "geometry": { "type": "Point", "coordinates": [ 23.304996490478516, 42.736000061035156 ] } },
{ "type": "Feature", "properties": { "vehicle_id": "A7163", "latitude": 42.703975677490234, "longitude": 23.386959075927734, "raw_occupancy": 1, "timestamp": "2026-09-15 17:35:28" }, "geometry": { "type": "Point", "coordinates": [ 23.386959075927734, 42.703975677490234 ] } },
{ "type": "Feature", "properties": { "vehicle_id": "A2502", "latitude": 42.652492523193359, "longitude": 23.315937042236328, "raw_occupancy": 3, "timestamp": "2026-09-15 17:35:28" }, "geometry": { "type": "Point", "coordinates": [ 23.315937042236328, 42.652492523193359 ] } },
{ "type": "Feature", "properties": { "vehicle_id": "A3402", "latitude": 42.640739440917969, "longitude": 23.33465576171875, "raw_occupancy": 1, "timestamp": "2026-09-15 17:35:28" }, "geometry": { "type": "Point", "coordinates": [ 23.33465576171875, 42.640739440917969 ] } },
{ "type": "Feature", "properties": { "vehicle_id": "A3159", "latitude": 42.669002532958984, "longitude": 23.303596496582031, "raw_occupancy": 2, "timestamp": "2026-09-15 17:35:28" }, "geometry": { "type": "Point", "coordinates": [ 23.303596496582031, 42.669002532958984 ] } },
{ "type": "Feature", "properties": { "vehicle_id": "A1216", "latitude": 42.742988586425781, "longitude": 23.275102615356445, "raw_occupancy": 5, "timestamp": "2026-09-15 17:35:28" }, "geometry": { "type": "Point", "coordinates": [ 23.275102615356445, 42.742988586425781 ] } },
{ "type": "Feature", "properties": { "vehicle_id": "A7163", "latitude": 42.704193115234375, "longitude": 23.386442184448242, "raw_occupancy": 1, "timestamp": "2026-09-15 17:35:28" }, "geometry": { "type": "Point", "coordinates": [ 23.386442184448242, 42.704193115234375 ] } },
{ "type": "Feature", "properties": { "vehicle_id": "A3115", "latitude": 42.685077667236328, "longitude": 23.376913070678711, "raw_occupancy": 3, "timestamp": "2026-09-15 17:35:28" }, "geometry": { "type": "Point", "coordinates": [ 23.376913070678711, 42.685077667236328 ] } },
{ "type": "Feature", "properties": { "vehicle_id": "A1609", "latitude": 42.686550140380859, "longitude": 23.274929046630859, "raw_occupancy": 3, "timestamp": "2026-09-15 17:35:28" }, "geometry": { "type": "Point", "coordinates": [ 23.274929046630859, 42.686550140380859 ] } },
{ "type": "Feature", "properties": { "vehicle_id": "A7175", "latitude": 42.704757690429688, "longitude": 23.323392868041992, "raw_occupancy": 2, "timestamp": "2026-09-15 17:35:28" }, "geometry": { "type": "Point", "coordinates": [ 23.323392868041992, 42.704757690429688 ] } },
{ "type": "Feature", "properties": { "vehicle_id": "A7165", "latitude": 42.704929351806641, "longitude": 23.491672515869141, "raw_occupancy": 1, "timestamp": "2026-09-15 17:35:28" }, "geometry": { "type": "Point", "coordinates": [ 23.491672515869141, 42.704929351806641 ] } },
{ "type": "Feature", "properties": { "vehicle_id": "A1619", "latitude": 42.690464019775391, "longitude": 23.255147933959961, "raw_occupancy": 1, "timestamp": "2026-09-15 17:35:28" }, "geometry": { "type": "Point", "coordinates": [ 23.255147933959961, 42.690464019775391 ] } },
{ "type": "Feature", "properties": { "vehicle_id": "A7083", "latitude": 42.732345581054688, "longitude": 23.480667114257812, "raw_occupancy": 1, "timestamp": "2026-09-15 17:35:28" }, "geometry": { "type": "Point", "coordinates": [ 23.480667114257812, 42.732345581054688 ] } },
{ "type": "Feature", "properties": { "vehicle_id": "A2301", "latitude": 42.649944305419922, "longitude": 23.341848373413086, "raw_occupancy": 2, "timestamp": "2026-09-15 17:35:28" }, "geometry": { "type": "Point", "coordinates": [ 23.341848373413086, 42.649944305419922 ] } },
{ "type": "Feature", "properties": { "vehicle_id": "A7091", "latitude": 42.770465850830078, "longitude": 23.538459777832031, "raw_occupancy": 1, "timestamp": "2026-09-15 17:35:28" }, "geometry": { "type": "Point", "coordinates": [ 23.538459777832031, 42.770465850830078 ] } },
{ "type": "Feature", "properties": { "vehicle_id": "A1165", "latitude": 42.658432006835938, "longitude": 23.314741134643555, "raw_occupancy": 2, "timestamp": "2026-09-15 17:35:28" }, "geometry": { "type": "Point", "coordinates": [ 23.314741134643555, 42.658432006835938 ] } },
{ "type": "Feature", "properties": { "vehicle_id": "A2033", "latitude": 42.665065765380859, "longitude": 23.317846298217773, "raw_occupancy": 2, "timestamp": "2026-09-15 17:35:28" }, "geometry": { "type": "Point", "coordinates": [ 23.317846298217773, 42.665065765380859 ] } },
{ "type": "Feature", "properties": { "vehicle_id": "A7061", "latitude": 42.730888366699219, "longitude": 23.313144683837891, "raw_occupancy": 2, "timestamp": "2026-09-15 17:35:28" }, "geometry": { "type": "Point", "coordinates": [ 23.313144683837891, 42.730888366699219 ] } },
{ "type": "Feature", "properties": { "vehicle_id": "A3137", "latitude": 42.675666809082031, "longitude": 23.289255142211914, "raw_occupancy": 2, "timestamp": "2026-09-15 17:35:28" }, "geometry": { "type": "Point", "coordinates": [ 23.289255142211914, 42.675666809082031 ] } },
{ "type": "Feature", "properties": { "vehicle_id": "A3301", "latitude": 42.66021728515625, "longitude": 23.316673278808594, "raw_occupancy": 1, "timestamp": "2026-09-15 17:35:28" }, "geometry": { "type": "Point", "coordinates": [ 23.316673278808594, 42.66021728515625 ] } },
{ "type": "Feature", "properties": { "vehicle_id": "A1217", "latitude": 42.71429443359375, "longitude": 23.164573669433594, "raw_occupancy": 1, "timestamp": "2026-09-15 17:35:28" }, "geometry": { "type": "Point", "coordinates": [ 23.164573669433594, 42.71429443359375 ] } },
{ "type": "Feature", "properties": { "vehicle_id": "A1823", "latitude": 42.725635528564453, "longitude": 23.260663986206055, "raw_occupancy": 3, "timestamp": "2026-09-15 17:35:28" }, "geometry": { "type": "Point", "coordinates": [ 23.260663986206055, 42.725635528564453 ] } },
{ "type": "Feature", "properties": { "vehicle_id": "A3627", "latitude": 42.662776947021484, "longitude": 23.376934051513672, "raw_occupancy": 5, "timestamp": "2026-09-15 17:35:28" }, "geometry": { "type": "Point", "coordinates": [ 23.376934051513672, 42.662776947021484 ] } },
{ "type": "Feature", "properties": { "vehicle_id": "A2017", "latitude": 42.722511291503906, "longitude": 23.307184219360352, "raw_occupancy": 1, "timestamp": "2026-09-15 17:35:28" }, "geometry": { "type": "Point", "coordinates": [ 23.307184219360352, 42.722511291503906 ] } },
{ "type": "Feature", "properties": { "vehicle_id": "A2819", "latitude": 42.732284545898438, "longitude": 23.249504089355469, "raw_occupancy": 1, "timestamp": "2026-09-15 17:35:28" }, "geometry": { "type": "Point", "coordinates": [ 23.249504089355469, 42.732284545898438 ] } },
{ "type": "Feature", "properties": { "vehicle_id": "A7159", "latitude": 42.78326416015625, "longitude": 23.319351196289062, "raw_occupancy": 3, "timestamp": "2026-09-15 17:35:28" }, "geometry": { "type": "Point", "coordinates": [ 23.319351196289062, 42.78326416015625 ] } },
{ "type": "Feature", "properties": { "vehicle_id": "A1406", "latitude": 42.648101806640625, "longitude": 23.315097808837891, "raw_occupancy": 3, "timestamp": "2026-09-15 17:35:28" }, "geometry": { "type": "Point", "coordinates": [ 23.315097808837891, 42.648101806640625 ] } },
{ "type": "Feature", "properties": { "vehicle_id": "A1205", "latitude": 42.641426086425781, "longitude": 23.313577651977539, "raw_occupancy": 0, "timestamp": "2026-09-15 17:35:28" }, "geometry": { "type": "Point", "coordinates": [ 23.313577651977539, 42.641426086425781 ] } },
{ "type": "Feature", "properties": { "vehicle_id": "A1223", "latitude": 42.623142242431641, "longitude": 23.370418548583984, "raw_occupancy": 3, "timestamp": "2026-09-15 17:35:28" }, "geometry": { "type": "Point", "coordinates": [ 23.370418548583984, 42.623142242431641 ] } },
{ "type": "Feature", "properties": { "vehicle_id": "A1150", "latitude": 42.657615661621094, "longitude": 23.308443069458008, "raw_occupancy": 3, "timestamp": "2026-09-15 17:35:28" }, "geometry": { "type": "Point", "coordinates": [ 23.308443069458008, 42.657615661621094 ] } },
{ "type": "Feature", "properties": { "vehicle_id": "A1174", "latitude": 42.647064208984375, "longitude": 23.376443862915039, "raw_occupancy": 2, "timestamp": "2026-09-15 17:35:28" }, "geometry": { "type": "Point", "coordinates": [ 23.376443862915039, 42.647064208984375 ] } },
{ "type": "Feature", "properties": { "vehicle_id": "A1162", "latitude": 42.678619384765625, "longitude": 23.284938812255859, "raw_occupancy": 2, "timestamp": "2026-09-15 17:35:28" }, "geometry": { "type": "Point", "coordinates": [ 23.284938812255859, 42.678619384765625 ] } },
{ "type": "Feature", "properties": { "vehicle_id": "A1425", "latitude": 42.725872039794922, "longitude": 23.243282318115234, "raw_occupancy": 2, "timestamp": "2026-09-15 17:35:28" }, "geometry": { "type": "Point", "coordinates": [ 23.243282318115234, 42.725872039794922 ] } },
{ "type": "Feature", "properties": { "vehicle_id": "A1305", "latitude": 42.67401123046875, "longitude": 23.252403259277344, "raw_occupancy": 1, "timestamp": "2026-09-15 17:35:28" }, "geometry": { "type": "Point", "coordinates": [ 23.252403259277344, 42.67401123046875 ] } },
{ "type": "Feature", "properties": { "vehicle_id": "A1166", "latitude": 42.722026824951172, "longitude": 23.280567169189453, "raw_occupancy": 3, "timestamp": "2026-09-15 17:35:28" }, "geometry": { "type": "Point", "coordinates": [ 23.280567169189453, 42.722026824951172 ] } },
{ "type": "Feature", "properties": { "vehicle_id": "A1156", "latitude": 42.727188110351562, "longitude": 23.289955139160156, "raw_occupancy": 2, "timestamp": "2026-09-15 17:35:28" }, "geometry": { "type": "Point", "coordinates": [ 23.289955139160156, 42.727188110351562 ] } },
{ "type": "Feature", "properties": { "vehicle_id": "A2034", "latitude": 42.673416137695312, "longitude": 23.337278366088867, "raw_occupancy": 3, "timestamp": "2026-09-15 17:35:28" }, "geometry": { "type": "Point", "coordinates": [ 23.337278366088867, 42.673416137695312 ] } },
{ "type": "Feature", "properties": { "vehicle_id": "A7189", "latitude": 42.705959320068359, "longitude": 23.332473754882812, "raw_occupancy": 1, "timestamp": "2026-09-15 17:35:28" }, "geometry": { "type": "Point", "coordinates": [ 23.332473754882812, 42.705959320068359 ] } },
{ "type": "Feature", "properties": { "vehicle_id": "A2079", "latitude": 42.660579681396484, "longitude": 23.320085525512695, "raw_occupancy": 1, "timestamp": "2026-09-15 17:35:28" }, "geometry": { "type": "Point", "coordinates": [ 23.320085525512695, 42.660579681396484 ] } },
{ "type": "Feature", "properties": { "vehicle_id": "A2065", "latitude": 42.821887969970703, "longitude": 23.353944778442383, "raw_occupancy": 1, "timestamp": "2026-09-15 17:35:28" }, "geometry": { "type": "Point", "coordinates": [ 23.353944778442383, 42.821887969970703 ] } },
{ "type": "Feature", "properties": { "vehicle_id": "A2048", "latitude": 42.634243011474609, "longitude": 23.409017562866211, "raw_occupancy": 3, "timestamp": "2026-09-15 17:35:28" }, "geometry": { "type": "Point", "coordinates": [ 23.409017562866211, 42.634243011474609 ] } },
{ "type": "Feature", "properties": { "vehicle_id": "A3670", "latitude": 42.688526153564453, "longitude": 23.415634155273438, "raw_occupancy": 1, "timestamp": "2026-09-15 17:35:28" }, "geometry": { "type": "Point", "coordinates": [ 23.415634155273438, 42.688526153564453 ] } },
{ "type": "Feature", "properties": { "vehicle_id": "A1179", "latitude": 42.665172576904297, "longitude": 23.343017578125, "raw_occupancy": 2, "timestamp": "2026-09-15 17:35:28" }, "geometry": { "type": "Point", "coordinates": [ 23.343017578125, 42.665172576904297 ] } },
{ "type": "Feature", "properties": { "vehicle_id": "A3614", "latitude": 42.596389770507812, "longitude": 23.41322135925293, "raw_occupancy": 1, "timestamp": "2026-09-15 17:35:28" }, "geometry": { "type": "Point", "coordinates": [ 23.41322135925293, 42.596389770507812 ] } },
{ "type": "Feature", "properties": { "vehicle_id": "A1152", "latitude": 42.688026428222656, "longitude": 23.240823745727539, "raw_occupancy": 1, "timestamp": "2026-09-15 17:35:28" }, "geometry": { "type": "Point", "coordinates": [ 23.240823745727539, 42.688026428222656 ] } },
{ "type": "Feature", "properties": { "vehicle_id": "A1831", "latitude": 42.635356903076172, "longitude": 23.372550964355469, "raw_occupancy": 2, "timestamp": "2026-09-15 17:35:28" }, "geometry": { "type": "Point", "coordinates": [ 23.372550964355469, 42.635356903076172 ] } },
{ "type": "Feature", "properties": { "vehicle_id": "A1809", "latitude": 42.685970306396484, "longitude": 23.234992980957031, "raw_occupancy": 2, "timestamp": "2026-09-15 17:35:28" }, "geometry": { "type": "Point", "coordinates": [ 23.234992980957031, 42.685970306396484 ] } },
{ "type": "Feature", "properties": { "vehicle_id": "A7085", "latitude": 42.709300994873047, "longitude": 23.384159088134766, "raw_occupancy": 1, "timestamp": "2026-09-15 17:35:28" }, "geometry": { "type": "Point", "coordinates": [ 23.384159088134766, 42.709300994873047 ] } },
{ "type": "Feature", "properties": { "vehicle_id": "A3136", "latitude": 42.656791687011719, "longitude": 23.385322570800781, "raw_occupancy": 2, "timestamp": "2026-09-15 17:35:28" }, "geometry": { "type": "Point", "coordinates": [ 23.385322570800781, 42.656791687011719 ] } },
{ "type": "Feature", "properties": { "vehicle_id": "A2090", "latitude": 42.674930572509766, "longitude": 23.376087188720703, "raw_occupancy": 0, "timestamp": "2026-09-15 17:35:28" }, "geometry": { "type": "Point", "coordinates": [ 23.376087188720703, 42.674930572509766 ] } },
{ "type": "Feature", "properties": { "vehicle_id": "A3114", "latitude": 42.705101013183594, "longitude": 23.333658218383789, "raw_occupancy": 2, "timestamp": "2026-09-15 17:35:28" }, "geometry": { "type": "Point", "coordinates": [ 23.333658218383789, 42.705101013183594 ] } },
{ "type": "Feature", "properties": { "vehicle_id": "A3121", "latitude": 42.645191192626953, "longitude": 23.375055313110352, "raw_occupancy": 2, "timestamp": "2026-09-15 17:35:28" }, "geometry": { "type": "Point", "coordinates": [ 23.375055313110352, 42.645191192626953 ] } },
{ "type": "Feature", "properties": { "vehicle_id": "A3152", "latitude": 42.665504455566406, "longitude": 23.407281875610352, "raw_occupancy": 1, "timestamp": "2026-09-15 17:35:28" }, "geometry": { "type": "Point", "coordinates": [ 23.407281875610352, 42.665504455566406 ] } },
{ "type": "Feature", "properties": { "vehicle_id": "A1857", "latitude": 42.622406005859375, "longitude": 23.189922332763672, "raw_occupancy": 1, "timestamp": "2026-09-15 17:35:28" }, "geometry": { "type": "Point", "coordinates": [ 23.189922332763672, 42.622406005859375 ] } },
{ "type": "Feature", "properties": { "vehicle_id": "A1605", "latitude": 42.686286926269531, "longitude": 23.371601104736328, "raw_occupancy": 3, "timestamp": "2026-09-15 17:35:28" }, "geometry": { "type": "Point", "coordinates": [ 23.371601104736328, 42.686286926269531 ] } },
{ "type": "Feature", "properties": { "vehicle_id": "A3622", "latitude": 42.671489715576172, "longitude": 23.395547866821289, "raw_occupancy": 2, "timestamp": "2026-09-15 17:35:28" }, "geometry": { "type": "Point", "coordinates": [ 23.395547866821289, 42.671489715576172 ] } },
{ "type": "Feature", "properties": { "vehicle_id": "A1833", "latitude": 42.716579437255859, "longitude": 23.285915374755859, "raw_occupancy": 1, "timestamp": "2026-09-15 17:35:28" }, "geometry": { "type": "Point", "coordinates": [ 23.285915374755859, 42.716579437255859 ] } },
{ "type": "Feature", "properties": { "vehicle_id": "A7133", "latitude": 42.816719055175781, "longitude": 23.352792739868164, "raw_occupancy": 1, "timestamp": "2026-09-15 17:35:28" }, "geometry": { "type": "Point", "coordinates": [ 23.352792739868164, 42.816719055175781 ] } },
{ "type": "Feature", "properties": { "vehicle_id": "A2500", "latitude": 42.676639556884766, "longitude": 23.359834671020508, "raw_occupancy": 2, "timestamp": "2026-09-15 17:35:28" }, "geometry": { "type": "Point", "coordinates": [ 23.359834671020508, 42.676639556884766 ] } },
{ "type": "Feature", "properties": { "vehicle_id": "A1805", "latitude": 42.630958557128906, "longitude": 23.339088439941406, "raw_occupancy": 5, "timestamp": "2026-09-15 17:35:28" }, "geometry": { "type": "Point", "coordinates": [ 23.339088439941406, 42.630958557128906 ] } },
{ "type": "Feature", "properties": { "vehicle_id": "A2042", "latitude": 42.646934509277344, "longitude": 23.345462799072266, "raw_occupancy": 0, "timestamp": "2026-09-15 17:35:28" }, "geometry": { "type": "Point", "coordinates": [ 23.345462799072266, 42.646934509277344 ] } },
{ "type": "Feature", "properties": { "vehicle_id": "A3129", "latitude": 42.667934417724609, "longitude": 23.369773864746094, "raw_occupancy": 3, "timestamp": "2026-09-15 17:35:28" }, "geometry": { "type": "Point", "coordinates": [ 23.369773864746094, 42.667934417724609 ] } },
{ "type": "Feature", "properties": { "vehicle_id": "A2010", "latitude": 42.710075378417969, "longitude": 23.24522590637207, "raw_occupancy": 1, "timestamp": "2026-09-15 17:35:28" }, "geometry": { "type": "Point", "coordinates": [ 23.24522590637207, 42.710075378417969 ] } },
{ "type": "Feature", "properties": { "vehicle_id": "A7093", "latitude": 42.718303680419922, "longitude": 23.227705001831055, "raw_occupancy": 1, "timestamp": "2026-09-15 17:35:28" }, "geometry": { "type": "Point", "coordinates": [ 23.227705001831055, 42.718303680419922 ] } },
{ "type": "Feature", "properties": { "vehicle_id": "A3632", "latitude": 42.681724548339844, "longitude": 23.317607879638672, "raw_occupancy": 5, "timestamp": "2026-09-15 17:35:28" }, "geometry": { "type": "Point", "coordinates": [ 23.317607879638672, 42.681724548339844 ] } },
{ "type": "Feature", "properties": { "vehicle_id": "A1229", "latitude": 42.7098388671875, "longitude": 23.137483596801758, "raw_occupancy": 2, "timestamp": "2026-09-15 17:35:28" }, "geometry": { "type": "Point", "coordinates": [ 23.137483596801758, 42.7098388671875 ] } },
{ "type": "Feature", "properties": { "vehicle_id": "A1855", "latitude": 42.671123504638672, "longitude": 23.252574920654297, "raw_occupancy": 2, "timestamp": "2026-09-15 17:35:28" }, "geometry": { "type": "Point", "coordinates": [ 23.252574920654297, 42.671123504638672 ] } },
{ "type": "Feature", "properties": { "vehicle_id": "A7073", "latitude": 42.759231567382812, "longitude": 23.486820220947266, "raw_occupancy": 1, "timestamp": "2026-09-15 17:35:28" }, "geometry": { "type": "Point", "coordinates": [ 23.486820220947266, 42.759231567382812 ] } },
{ "type": "Feature", "properties": { "vehicle_id": "A2066", "latitude": 42.705005645751953, "longitude": 23.317670822143555, "raw_occupancy": 1, "timestamp": "2026-09-15 17:35:28" }, "geometry": { "type": "Point", "coordinates": [ 23.317670822143555, 42.705005645751953 ] } },
{ "type": "Feature", "properties": { "vehicle_id": "A7063", "latitude": 42.742942810058594, "longitude": 23.26805305480957, "raw_occupancy": 2, "timestamp": "2026-09-15 17:35:28" }, "geometry": { "type": "Point", "coordinates": [ 23.26805305480957, 42.742942810058594 ] } },
{ "type": "Feature", "properties": { "vehicle_id": "A3117", "latitude": 42.679527282714844, "longitude": 23.303714752197266, "raw_occupancy": 0, "timestamp": "2026-09-15 17:35:28" }, "geometry": { "type": "Point", "coordinates": [ 23.303714752197266, 42.679527282714844 ] } },
{ "type": "Feature", "properties": { "vehicle_id": "A3017", "latitude": 42.689685821533203, "longitude": 23.373104095458984, "raw_occupancy": 2, "timestamp": "2026-09-15 17:35:28" }, "geometry": { "type": "Point", "coordinates": [ 23.373104095458984, 42.689685821533203 ] } },
{ "type": "Feature", "properties": { "vehicle_id": "A1301", "latitude": 42.652187347412109, "longitude": 23.222660064697266, "raw_occupancy": 2, "timestamp": "2026-09-15 17:35:28" }, "geometry": { "type": "Point", "coordinates": [ 23.222660064697266, 42.652187347412109 ] } },
{ "type": "Feature", "properties": { "vehicle_id": "A2037", "latitude": 42.661556243896484, "longitude": 23.346195220947266, "raw_occupancy": 2, "timestamp": "2026-09-15 17:35:28" }, "geometry": { "type": "Point", "coordinates": [ 23.346195220947266, 42.661556243896484 ] } },
{ "type": "Feature", "properties": { "vehicle_id": "A2605", "latitude": 42.709716796875, "longitude": 23.384275436401367, "raw_occupancy": 0, "timestamp": "2026-09-15 17:35:28" }, "geometry": { "type": "Point", "coordinates": [ 23.384275436401367, 42.709716796875 ] } },
{ "type": "Feature", "properties": { "vehicle_id": "A2012", "latitude": 42.70013427734375, "longitude": 23.352081298828125, "raw_occupancy": 2, "timestamp": "2026-09-15 17:35:28" }, "geometry": { "type": "Point", "coordinates": [ 23.352081298828125, 42.70013427734375 ] } },
{ "type": "Feature", "properties": { "vehicle_id": "A2005", "latitude": 42.703617095947266, "longitude": 23.365301132202148, "raw_occupancy": 1, "timestamp": "2026-09-15 17:35:28" }, "geometry": { "type": "Point", "coordinates": [ 23.365301132202148, 42.703617095947266 ] } },
{ "type": "Feature", "properties": { "vehicle_id": "A7051", "latitude": 42.706279754638672, "longitude": 23.358259201049805, "raw_occupancy": 1, "timestamp": "2026-09-15 17:35:28" }, "geometry": { "type": "Point", "coordinates": [ 23.358259201049805, 42.706279754638672 ] } },
{ "type": "Feature", "properties": { "vehicle_id": "A1318", "latitude": 42.626628875732422, "longitude": 23.2313232421875, "raw_occupancy": 0, "timestamp": "2026-09-15 17:35:28" }, "geometry": { "type": "Point", "coordinates": [ 23.2313232421875, 42.626628875732422 ] } },
{ "type": "Feature", "properties": { "vehicle_id": "A7115", "latitude": 42.830459594726562, "longitude": 23.336830139160156, "raw_occupancy": 1, "timestamp": "2026-09-15 17:35:28" }, "geometry": { "type": "Point", "coordinates": [ 23.336830139160156, 42.830459594726562 ] } },
{ "type": "Feature", "properties": { "vehicle_id": "A1181", "latitude": 42.698863983154297, "longitude": 23.296833038330078, "raw_occupancy": 0, "timestamp": "2026-09-15 17:35:28" }, "geometry": { "type": "Point", "coordinates": [ 23.296833038330078, 42.698863983154297 ] } },
{ "type": "Feature", "properties": { "vehicle_id": "A1409", "latitude": 42.676353454589844, "longitude": 23.233007431030273, "raw_occupancy": 1, "timestamp": "2026-09-15 17:35:28" }, "geometry": { "type": "Point", "coordinates": [ 23.233007431030273, 42.676353454589844 ] } },
{ "type": "Feature", "properties": { "vehicle_id": "A2087", "latitude": 42.732730865478516, "longitude": 23.317289352416992, "raw_occupancy": 2, "timestamp": "2026-09-15 17:35:28" }, "geometry": { "type": "Point", "coordinates": [ 23.317289352416992, 42.732730865478516 ] } },
{ "type": "Feature", "properties": { "vehicle_id": "A1319", "latitude": 42.671566009521484, "longitude": 23.251863479614258, "raw_occupancy": 1, "timestamp": "2026-09-15 17:35:28" }, "geometry": { "type": "Point", "coordinates": [ 23.251863479614258, 42.671566009521484 ] } },
{ "type": "Feature", "properties": { "vehicle_id": "A3404", "latitude": 42.633579254150391, "longitude": 23.333812713623047, "raw_occupancy": 1, "timestamp": "2026-09-15 17:35:28" }, "geometry": { "type": "Point", "coordinates": [ 23.333812713623047, 42.633579254150391 ] } },
{ "type": "Feature", "properties": { "vehicle_id": "A2507", "latitude": 42.696502685546875, "longitude": 23.280416488647461, "raw_occupancy": 4, "timestamp": "2026-09-15 17:35:28" }, "geometry": { "type": "Point", "coordinates": [ 23.280416488647461, 42.696502685546875 ] } },
{ "type": "Feature", "properties": { "vehicle_id": "A2720", "latitude": 42.781528472900391, "longitude": 23.389972686767578, "raw_occupancy": 1, "timestamp": "2026-09-15 17:35:28" }, "geometry": { "type": "Point", "coordinates": [ 23.389972686767578, 42.781528472900391 ] } },
{ "type": "Feature", "properties": { "vehicle_id": "A7045", "latitude": 42.721046447753906, "longitude": 23.310293197631836, "raw_occupancy": 5, "timestamp": "2026-09-15 17:35:28" }, "geometry": { "type": "Point", "coordinates": [ 23.310293197631836, 42.721046447753906 ] } },
{ "type": "Feature", "properties": { "vehicle_id": "A3662", "latitude": 42.633354187011719, "longitude": 23.333694458007812, "raw_occupancy": 1, "timestamp": "2026-09-15 17:35:28" }, "geometry": { "type": "Point", "coordinates": [ 23.333694458007812, 42.633354187011719 ] } },
{ "type": "Feature", "properties": { "vehicle_id": "A1608", "latitude": 42.6795654296875, "longitude": 23.302810668945312, "raw_occupancy": 3, "timestamp": "2026-09-15 17:35:28" }, "geometry": { "type": "Point", "coordinates": [ 23.302810668945312, 42.6795654296875 ] } },
{ "type": "Feature", "properties": { "vehicle_id": "A7125", "latitude": 42.742031097412109, "longitude": 23.345563888549805, "raw_occupancy": 3, "timestamp": "2026-09-15 17:35:28" }, "geometry": { "type": "Point", "coordinates": [ 23.345563888549805, 42.742031097412109 ] } },
{ "type": "Feature", "properties": { "vehicle_id": "A7069", "latitude": 42.727409362792969, "longitude": 23.262718200683594, "raw_occupancy": 0, "timestamp": "2026-09-15 17:35:28" }, "geometry": { "type": "Point", "coordinates": [ 23.262718200683594, 42.727409362792969 ] } },
{ "type": "Feature", "properties": { "vehicle_id": "A2024", "latitude": 42.691493988037109, "longitude": 23.340263366699219, "raw_occupancy": 1, "timestamp": "2026-09-15 17:35:28" }, "geometry": { "type": "Point", "coordinates": [ 23.340263366699219, 42.691493988037109 ] } },
{ "type": "Feature", "properties": { "vehicle_id": "A7081", "latitude": 42.789737701416016, "longitude": 23.405048370361328, "raw_occupancy": 1, "timestamp": "2026-09-15 17:35:28" }, "geometry": { "type": "Point", "coordinates": [ 23.405048370361328, 42.789737701416016 ] } },
{ "type": "Feature", "properties": { "vehicle_id": "A2514", "latitude": 42.679859161376953, "longitude": 23.361383438110352, "raw_occupancy": 2, "timestamp": "2026-09-15 17:35:28" }, "geometry": { "type": "Point", "coordinates": [ 23.361383438110352, 42.679859161376953 ] } },
{ "type": "Feature", "properties": { "vehicle_id": "A1819", "latitude": 42.76300048828125, "longitude": 23.243930816650391, "raw_occupancy": 0, "timestamp": "2026-09-15 17:35:28" }, "geometry": { "type": "Point", "coordinates": [ 23.243930816650391, 42.76300048828125 ] } },
{ "type": "Feature", "properties": { "vehicle_id": "A3669", "latitude": 42.666458129882812, "longitude": 23.371284484863281, "raw_occupancy": 5, "timestamp": "2026-09-15 17:35:28" }, "geometry": { "type": "Point", "coordinates": [ 23.371284484863281, 42.666458129882812 ] } },
{ "type": "Feature", "properties": { "vehicle_id": "A2504", "latitude": 42.714088439941406, "longitude": 23.307741165161133, "raw_occupancy": 2, "timestamp": "2026-09-15 17:35:28" }, "geometry": { "type": "Point", "coordinates": [ 23.307741165161133, 42.714088439941406 ] } },
{ "type": "Feature", "properties": { "vehicle_id": "A1180", "latitude": 42.683158874511719, "longitude": 23.277921676635742, "raw_occupancy": 1, "timestamp": "2026-09-15 17:35:28" }, "geometry": { "type": "Point", "coordinates": [ 23.277921676635742, 42.683158874511719 ] } },
{ "type": "Feature", "properties": { "vehicle_id": "A2318", "latitude": 42.664325714111328, "longitude": 23.359687805175781, "raw_occupancy": 2, "timestamp": "2026-09-15 17:35:28" }, "geometry": { "type": "Point", "coordinates": [ 23.359687805175781, 42.664325714111328 ] } },
{ "type": "Feature", "properties": { "vehicle_id": "A2153", "latitude": 42.709461212158203, "longitude": 23.335292816162109, "raw_occupancy": 1, "timestamp": "2026-09-15 17:35:28" }, "geometry": { "type": "Point", "coordinates": [ 23.335292816162109, 42.709461212158203 ] } },
{ "type": "Feature", "properties": { "vehicle_id": "A1168", "latitude": 42.671379089355469, "longitude": 23.364313125610352, "raw_occupancy": 4, "timestamp": "2026-09-15 17:35:28" }, "geometry": { "type": "Point", "coordinates": [ 23.364313125610352, 42.671379089355469 ] } },
{ "type": "Feature", "properties": { "vehicle_id": "A1413", "latitude": 42.689720153808594, "longitude": 23.305479049682617, "raw_occupancy": 1, "timestamp": "2026-09-15 17:35:28" }, "geometry": { "type": "Point", "coordinates": [ 23.305479049682617, 42.689720153808594 ] } },
{ "type": "Feature", "properties": { "vehicle_id": "A3661", "latitude": 42.640037536621094, "longitude": 23.353239059448242, "raw_occupancy": 5, "timestamp": "2026-09-15 17:35:28" }, "geometry": { "type": "Point", "coordinates": [ 23.353239059448242, 42.640037536621094 ] } },
{ "type": "Feature", "properties": { "vehicle_id": "A2081", "latitude": 42.567192077636719, "longitude": 23.423532485961914, "raw_occupancy": 2, "timestamp": "2026-09-15 17:35:28" }, "geometry": { "type": "Point", "coordinates": [ 23.423532485961914, 42.567192077636719 ] } },
{ "type": "Feature", "properties": { "vehicle_id": "A2312", "latitude": 42.660076141357422, "longitude": 23.349184036254883, "raw_occupancy": 1, "timestamp": "2026-09-15 17:35:28" }, "geometry": { "type": "Point", "coordinates": [ 23.349184036254883, 42.660076141357422 ] } },
{ "type": "Feature", "properties": { "vehicle_id": "A1407", "latitude": 42.701946258544922, "longitude": 23.285995483398438, "raw_occupancy": 2, "timestamp": "2026-09-15 17:35:28" }, "geometry": { "type": "Point", "coordinates": [ 23.285995483398438, 42.701946258544922 ] } },
{ "type": "Feature", "properties": { "vehicle_id": "A1603", "latitude": 42.699569702148438, "longitude": 23.23028564453125, "raw_occupancy": 0, "timestamp": "2026-09-15 17:35:28" }, "geometry": { "type": "Point", "coordinates": [ 23.23028564453125, 42.699569702148438 ] } },
{ "type": "Feature", "properties": { "vehicle_id": "A2051", "latitude": 42.695728302001953, "longitude": 23.284877777099609, "raw_occupancy": 1, "timestamp": "2026-09-15 17:35:28" }, "geometry": { "type": "Point", "coordinates": [ 23.284877777099609, 42.695728302001953 ] } },
{ "type": "Feature", "properties": { "vehicle_id": "A2026", "latitude": 42.704303741455078, "longitude": 23.328042984008789, "raw_occupancy": 1, "timestamp": "2026-09-15 17:35:28" }, "geometry": { "type": "Point", "coordinates": [ 23.328042984008789, 42.704303741455078 ] } },
{ "type": "Feature", "properties": { "vehicle_id": "A3106", "latitude": 42.698638916015625, "longitude": 23.351612091064453, "raw_occupancy": 1, "timestamp": "2026-09-15 17:35:28" }, "geometry": { "type": "Point", "coordinates": [ 23.351612091064453, 42.698638916015625 ] } },
{ "type": "Feature", "properties": { "vehicle_id": "A2002", "latitude": 42.646659851074219, "longitude": 23.34625244140625, "raw_occupancy": 1, "timestamp": "2026-09-15 17:35:28" }, "geometry": { "type": "Point", "coordinates": [ 23.34625244140625, 42.646659851074219 ] } },
{ "type": "Feature", "properties": { "vehicle_id": "A1163", "latitude": 42.642715454101562, "longitude": 23.309429168701172, "raw_occupancy": 1, "timestamp": "2026-09-15 17:35:28" }, "geometry": { "type": "Point", "coordinates": [ 23.309429168701172, 42.642715454101562 ] } },
{ "type": "Feature", "properties": { "vehicle_id": "A2722", "latitude": 42.802845001220703, "longitude": 23.379510879516602, "raw_occupancy": 1, "timestamp": "2026-09-15 17:35:28" }, "geometry": { "type": "Point", "coordinates": [ 23.379510879516602, 42.802845001220703 ] } },
{ "type": "Feature", "properties": { "vehicle_id": "A2314", "latitude": 42.666664123535156, "longitude": 23.337810516357422, "raw_occupancy": 3, "timestamp": "2026-09-15 17:35:28" }, "geometry": { "type": "Point", "coordinates": [ 23.337810516357422, 42.666664123535156 ] } },
{ "type": "Feature", "properties": { "vehicle_id": "A7153", "latitude": 42.747459411621094, "longitude": 23.279605865478516, "raw_occupancy": 2, "timestamp": "2026-09-15 17:35:28" }, "geometry": { "type": "Point", "coordinates": [ 23.279605865478516, 42.747459411621094 ] } },
{ "type": "Feature", "properties": { "vehicle_id": "A2018", "latitude": 42.688858032226562, "longitude": 23.3341064453125, "raw_occupancy": 1, "timestamp": "2026-09-15 17:35:28" }, "geometry": { "type": "Point", "coordinates": [ 23.3341064453125, 42.688858032226562 ] } },
{ "type": "Feature", "properties": { "vehicle_id": "A1214", "latitude": 42.658988952636719, "longitude": 23.27265739440918, "raw_occupancy": 2, "timestamp": "2026-09-15 17:35:28" }, "geometry": { "type": "Point", "coordinates": [ 23.27265739440918, 42.658988952636719 ] } },
{ "type": "Feature", "properties": { "vehicle_id": "A1155", "latitude": 42.659187316894531, "longitude": 23.285558700561523, "raw_occupancy": 1, "timestamp": "2026-09-15 17:35:28" }, "geometry": { "type": "Point", "coordinates": [ 23.285558700561523, 42.659187316894531 ] } },
{ "type": "Feature", "properties": { "vehicle_id": "A3146", "latitude": 42.651836395263672, "longitude": 23.40478515625, "raw_occupancy": 3, "timestamp": "2026-09-15 17:35:28" }, "geometry": { "type": "Point", "coordinates": [ 23.40478515625, 42.651836395263672 ] } },
{ "type": "Feature", "properties": { "vehicle_id": "A3122", "latitude": 42.663944244384766, "longitude": 23.356685638427734, "raw_occupancy": 1, "timestamp": "2026-09-15 17:35:28" }, "geometry": { "type": "Point", "coordinates": [ 23.356685638427734, 42.663944244384766 ] } },
{ "type": "Feature", "properties": { "vehicle_id": "A1420", "latitude": 42.681430816650391, "longitude": 23.302051544189453, "raw_occupancy": 1, "timestamp": "2026-09-15 17:35:28" }, "geometry": { "type": "Point", "coordinates": [ 23.302051544189453, 42.681430816650391 ] } },
{ "type": "Feature", "properties": { "vehicle_id": "A7181", "latitude": 42.789100646972656, "longitude": 23.304100036621094, "raw_occupancy": 0, "timestamp": "2026-09-15 17:35:28" }, "geometry": { "type": "Point", "coordinates": [ 23.304100036621094, 42.789100646972656 ] } },
{ "type": "Feature", "properties": { "vehicle_id": "A1117", "latitude": 42.739414215087891, "longitude": 23.239286422729492, "raw_occupancy": 1, "timestamp": "2026-09-15 17:35:28" }, "geometry": { "type": "Point", "coordinates": [ 23.239286422729492, 42.739414215087891 ] } },
{ "type": "Feature", "properties": { "vehicle_id": "A7117", "latitude": 42.713169097900391, "longitude": 23.356508255004883, "raw_occupancy": 0, "timestamp": "2026-09-15 17:35:28" }, "geometry": { "type": "Point", "coordinates": [ 23.356508255004883, 42.713169097900391 ] } },
{ "type": "Feature", "properties": { "vehicle_id": "A3108", "latitude": 42.697273254394531, "longitude": 23.354167938232422, "raw_occupancy": 0, "timestamp": "2026-09-15 17:35:28" }, "geometry": { "type": "Point", "coordinates": [ 23.354167938232422, 42.697273254394531 ] } },
{ "type": "Feature", "properties": { "vehicle_id": "A7149", "latitude": 42.736190795898438, "longitude": 23.394643783569336, "raw_occupancy": 3, "timestamp": "2026-09-15 17:35:28" }, "geometry": { "type": "Point", "coordinates": [ 23.394643783569336, 42.736190795898438 ] } },
{ "type": "Feature", "properties": { "vehicle_id": "A2519", "latitude": 42.683120727539062, "longitude": 23.31988525390625, "raw_occupancy": 1, "timestamp": "2026-09-15 17:35:28" }, "geometry": { "type": "Point", "coordinates": [ 23.31988525390625, 42.683120727539062 ] } },
{ "type": "Feature", "properties": { "vehicle_id": "A2061", "latitude": 42.705642700195312, "longitude": 23.31889533996582, "raw_occupancy": 1, "timestamp": "2026-09-15 17:35:28" }, "geometry": { "type": "Point", "coordinates": [ 23.31889533996582, 42.705642700195312 ] } },
{ "type": "Feature", "properties": { "vehicle_id": "A1157", "latitude": 42.673725128173828, "longitude": 23.292009353637695, "raw_occupancy": 5, "timestamp": "2026-09-15 17:35:28" }, "geometry": { "type": "Point", "coordinates": [ 23.292009353637695, 42.673725128173828 ] } },
{ "type": "Feature", "properties": { "vehicle_id": "A2038", "latitude": 42.656723022460938, "longitude": 23.349571228027344, "raw_occupancy": 2, "timestamp": "2026-09-15 17:35:28" }, "geometry": { "type": "Point", "coordinates": [ 23.349571228027344, 42.656723022460938 ] } },
{ "type": "Feature", "properties": { "vehicle_id": "A3655", "latitude": 42.662826538085938, "longitude": 23.35645866394043, "raw_occupancy": 1, "timestamp": "2026-09-15 17:35:28" }, "geometry": { "type": "Point", "coordinates": [ 23.35645866394043, 42.662826538085938 ] } },
{ "type": "Feature", "properties": { "vehicle_id": "A1424", "latitude": 42.731521606445312, "longitude": 23.283428192138672, "raw_occupancy": 2, "timestamp": "2026-09-15 17:35:28" }, "geometry": { "type": "Point", "coordinates": [ 23.283428192138672, 42.731521606445312 ] } },
{ "type": "Feature", "properties": { "vehicle_id": "A3128", "latitude": 42.654953002929688, "longitude": 23.336219787597656, "raw_occupancy": 2, "timestamp": "2026-09-15 17:35:28" }, "geometry": { "type": "Point", "coordinates": [ 23.336219787597656, 42.654953002929688 ] } },
{ "type": "Feature", "properties": { "vehicle_id": "A2319", "latitude": 42.686214447021484, "longitude": 23.343471527099609, "raw_occupancy": 2, "timestamp": "2026-09-15 17:35:28" }, "geometry": { "type": "Point", "coordinates": [ 23.343471527099609, 42.686214447021484 ] } },
{ "type": "Feature", "properties": { "vehicle_id": "A7169", "latitude": 42.763603210449219, "longitude": 23.564897537231445, "raw_occupancy": 0, "timestamp": "2026-09-15 17:35:28" }, "geometry": { "type": "Point", "coordinates": [ 23.564897537231445, 42.763603210449219 ] } },
{ "type": "Feature", "properties": { "vehicle_id": "A1161", "latitude": 42.696674346923828, "longitude": 23.230300903320312, "raw_occupancy": 1, "timestamp": "2026-09-15 17:35:28" }, "geometry": { "type": "Point", "coordinates": [ 23.230300903320312, 42.696674346923828 ] } },
{ "type": "Feature", "properties": { "vehicle_id": "A3125", "latitude": 42.655769348144531, "longitude": 23.349437713623047, "raw_occupancy": 3, "timestamp": "2026-09-15 17:35:28" }, "geometry": { "type": "Point", "coordinates": [ 23.349437713623047, 42.655769348144531 ] } },
{ "type": "Feature", "properties": { "vehicle_id": "A3116", "latitude": 42.643054962158203, "longitude": 23.340114593505859, "raw_occupancy": 2, "timestamp": "2026-09-15 17:35:28" }, "geometry": { "type": "Point", "coordinates": [ 23.340114593505859, 42.643054962158203 ] } },
{ "type": "Feature", "properties": { "vehicle_id": "A1127", "latitude": 42.728378295898438, "longitude": 23.259038925170898, "raw_occupancy": 2, "timestamp": "2026-09-15 17:35:28" }, "geometry": { "type": "Point", "coordinates": [ 23.259038925170898, 42.728378295898438 ] } },
{ "type": "Feature", "properties": { "vehicle_id": "A2315", "latitude": 42.691680908203125, "longitude": 23.33624267578125, "raw_occupancy": 0, "timestamp": "2026-09-15 17:35:28" }, "geometry": { "type": "Point", "coordinates": [ 23.33624267578125, 42.691680908203125 ] } },
{ "type": "Feature", "properties": { "vehicle_id": "A3666", "latitude": 42.686538696289062, "longitude": 23.343000411987305, "raw_occupancy": 4, "timestamp": "2026-09-15 17:35:28" }, "geometry": { "type": "Point", "coordinates": [ 23.343000411987305, 42.686538696289062 ] } },
{ "type": "Feature", "properties": { "vehicle_id": "A3142", "latitude": 42.650932312011719, "longitude": 23.413854598999023, "raw_occupancy": 1, "timestamp": "2026-09-15 17:35:28" }, "geometry": { "type": "Point", "coordinates": [ 23.413854598999023, 42.650932312011719 ] } },
{ "type": "Feature", "properties": { "vehicle_id": "A7099", "latitude": 42.837734222412109, "longitude": 23.326074600219727, "raw_occupancy": 0, "timestamp": "2026-09-15 17:35:28" }, "geometry": { "type": "Point", "coordinates": [ 23.326074600219727, 42.837734222412109 ] } },
{ "type": "Feature", "properties": { "vehicle_id": "A3133", "latitude": 42.659992218017578, "longitude": 23.348701477050781, "raw_occupancy": 2, "timestamp": "2026-09-15 17:35:28" }, "geometry": { "type": "Point", "coordinates": [ 23.348701477050781, 42.659992218017578 ] } },
{ "type": "Feature", "properties": { "vehicle_id": "A1206", "latitude": 42.639640808105469, "longitude": 23.372966766357422, "raw_occupancy": 1, "timestamp": "2026-09-15 17:35:28" }, "geometry": { "type": "Point", "coordinates": [ 23.372966766357422, 42.639640808105469 ] } },
{ "type": "Feature", "properties": { "vehicle_id": "A1219", "latitude": 42.717155456542969, "longitude": 23.200965881347656, "raw_occupancy": 1, "timestamp": "2026-09-15 17:35:28" }, "geometry": { "type": "Point", "coordinates": [ 23.200965881347656, 42.717155456542969 ] } },
{ "type": "Feature", "properties": { "vehicle_id": "A1845", "latitude": 42.729972839355469, "longitude": 23.256416320800781, "raw_occupancy": 3, "timestamp": "2026-09-15 17:35:28" }, "geometry": { "type": "Point", "coordinates": [ 23.256416320800781, 42.729972839355469 ] } },
{ "type": "Feature", "properties": { "vehicle_id": "A2082", "latitude": 42.622570037841797, "longitude": 23.322254180908203, "raw_occupancy": 4, "timestamp": "2026-09-15 17:35:28" }, "geometry": { "type": "Point", "coordinates": [ 23.322254180908203, 42.622570037841797 ] } },
{ "type": "Feature", "properties": { "vehicle_id": "A3319", "latitude": 42.648998260498047, "longitude": 23.377573013305664, "raw_occupancy": 2, "timestamp": "2026-09-15 17:35:28" }, "geometry": { "type": "Point", "coordinates": [ 23.377573013305664, 42.648998260498047 ] } },
{ "type": "Feature", "properties": { "vehicle_id": "A1159", "latitude": 42.677272796630859, "longitude": 23.331575393676758, "raw_occupancy": 2, "timestamp": "2026-09-15 17:35:28" }, "geometry": { "type": "Point", "coordinates": [ 23.331575393676758, 42.677272796630859 ] } },
{ "type": "Feature", "properties": { "vehicle_id": "A7191", "latitude": 42.705081939697266, "longitude": 23.325004577636719, "raw_occupancy": 1, "timestamp": "2026-09-15 17:35:28" }, "geometry": { "type": "Point", "coordinates": [ 23.325004577636719, 42.705081939697266 ] } },
{ "type": "Feature", "properties": { "vehicle_id": "A3654", "latitude": 42.612560272216797, "longitude": 23.338706970214844, "raw_occupancy": 0, "timestamp": "2026-09-15 17:35:28" }, "geometry": { "type": "Point", "coordinates": [ 23.338706970214844, 42.612560272216797 ] } },
{ "type": "Feature", "properties": { "vehicle_id": "A7129", "latitude": 42.705501556396484, "longitude": 23.40068244934082, "raw_occupancy": 3, "timestamp": "2026-09-15 17:35:28" }, "geometry": { "type": "Point", "coordinates": [ 23.40068244934082, 42.705501556396484 ] } },
{ "type": "Feature", "properties": { "vehicle_id": "A7147", "latitude": 42.854118347167969, "longitude": 23.264232635498047, "raw_occupancy": 0, "timestamp": "2026-09-15 17:35:28" }, "geometry": { "type": "Point", "coordinates": [ 23.264232635498047, 42.854118347167969 ] } },
{ "type": "Feature", "properties": { "vehicle_id": "A2070", "latitude": 42.649311065673828, "longitude": 23.394668579101562, "raw_occupancy": 2, "timestamp": "2026-09-15 17:35:28" }, "geometry": { "type": "Point", "coordinates": [ 23.394668579101562, 42.649311065673828 ] } },
{ "type": "Feature", "properties": { "vehicle_id": "A2067", "latitude": 42.741668701171875, "longitude": 23.278249740600586, "raw_occupancy": 1, "timestamp": "2026-09-15 17:35:28" }, "geometry": { "type": "Point", "coordinates": [ 23.278249740600586, 42.741668701171875 ] } },
{ "type": "Feature", "properties": { "vehicle_id": "A2032", "latitude": 42.692405700683594, "longitude": 23.33415412902832, "raw_occupancy": 1, "timestamp": "2026-09-15 17:35:28" }, "geometry": { "type": "Point", "coordinates": [ 23.33415412902832, 42.692405700683594 ] } },
{ "type": "Feature", "properties": { "vehicle_id": "A7187", "latitude": 42.756065368652344, "longitude": 23.429929733276367, "raw_occupancy": 1, "timestamp": "2026-09-15 17:35:28" }, "geometry": { "type": "Point", "coordinates": [ 23.429929733276367, 42.756065368652344 ] } },
{ "type": "Feature", "properties": { "vehicle_id": "A7143", "latitude": 42.780563354492188, "longitude": 23.4453125, "raw_occupancy": 0, "timestamp": "2026-09-15 17:35:28" }, "geometry": { "type": "Point", "coordinates": [ 23.4453125, 42.780563354492188 ] } },
{ "type": "Feature", "properties": { "vehicle_id": "A1405", "latitude": 42.659599304199219, "longitude": 23.317068099975586, "raw_occupancy": 1, "timestamp": "2026-09-15 17:35:28" }, "geometry": { "type": "Point", "coordinates": [ 23.317068099975586, 42.659599304199219 ] } },
{ "type": "Feature", "properties": { "vehicle_id": "A2056", "latitude": 42.753086090087891, "longitude": 23.352273941040039, "raw_occupancy": 0, "timestamp": "2026-09-15 17:35:28" }, "geometry": { "type": "Point", "coordinates": [ 23.352273941040039, 42.753086090087891 ] } },
{ "type": "Feature", "properties": { "vehicle_id": "A3143", "latitude": 42.661724090576172, "longitude": 23.391351699829102, "raw_occupancy": 2, "timestamp": "2026-09-15 17:35:28" }, "geometry": { "type": "Point", "coordinates": [ 23.391351699829102, 42.661724090576172 ] } },
{ "type": "Feature", "properties": { "vehicle_id": "A3119", "latitude": 42.658237457275391, "longitude": 23.342510223388672, "raw_occupancy": 2, "timestamp": "2026-09-15 17:35:28" }, "geometry": { "type": "Point", "coordinates": [ 23.342510223388672, 42.658237457275391 ] } },
{ "type": "Feature", "properties": { "vehicle_id": "A2047", "latitude": 42.777626037597656, "longitude": 23.314598083496094, "raw_occupancy": 2, "timestamp": "2026-09-15 17:35:28" }, "geometry": { "type": "Point", "coordinates": [ 23.314598083496094, 42.777626037597656 ] } },
{ "type": "Feature", "properties": { "vehicle_id": "A7103", "latitude": 42.723575592041016, "longitude": 23.305570602416992, "raw_occupancy": 3, "timestamp": "2026-09-15 17:35:28" }, "geometry": { "type": "Point", "coordinates": [ 23.305570602416992, 42.723575592041016 ] } },
{ "type": "Feature", "properties": { "vehicle_id": "A7139", "latitude": 42.736419677734375, "longitude": 23.518884658813477, "raw_occupancy": 1, "timestamp": "2026-09-15 17:35:28" }, "geometry": { "type": "Point", "coordinates": [ 23.518884658813477, 42.736419677734375 ] } },
{ "type": "Feature", "properties": { "vehicle_id": "A3101", "latitude": 42.671829223632812, "longitude": 23.363704681396484, "raw_occupancy": 2, "timestamp": "2026-09-15 17:35:28" }, "geometry": { "type": "Point", "coordinates": [ 23.363704681396484, 42.671829223632812 ] } },
{ "type": "Feature", "properties": { "vehicle_id": "A2077", "latitude": 42.761772155761719, "longitude": 23.355026245117188, "raw_occupancy": 1, "timestamp": "2026-09-15 17:35:28" }, "geometry": { "type": "Point", "coordinates": [ 23.355026245117188, 42.761772155761719 ] } },
{ "type": "Feature", "properties": { "vehicle_id": "A7075", "latitude": 42.750911712646484, "longitude": 23.35162353515625, "raw_occupancy": 1, "timestamp": "2026-09-15 17:35:28" }, "geometry": { "type": "Point", "coordinates": [ 23.35162353515625, 42.750911712646484 ] } },
{ "type": "Feature", "properties": { "vehicle_id": "A2009", "latitude": 42.678142547607422, "longitude": 23.32756233215332, "raw_occupancy": 2, "timestamp": "2026-09-15 17:35:28" }, "geometry": { "type": "Point", "coordinates": [ 23.32756233215332, 42.678142547607422 ] } },
{ "type": "Feature", "properties": { "vehicle_id": "A3158", "latitude": 42.675006866455078, "longitude": 23.359165191650391, "raw_occupancy": 4, "timestamp": "2026-09-15 17:35:28" }, "geometry": { "type": "Point", "coordinates": [ 23.359165191650391, 42.675006866455078 ] } },
{ "type": "Feature", "properties": { "vehicle_id": "A2045", "latitude": 42.714702606201172, "longitude": 23.244329452514648, "raw_occupancy": 2, "timestamp": "2026-09-15 17:35:28" }, "geometry": { "type": "Point", "coordinates": [ 23.244329452514648, 42.714702606201172 ] } },
{ "type": "Feature", "properties": { "vehicle_id": "A2518", "latitude": 42.606414794921875, "longitude": 23.470020294189453, "raw_occupancy": 1, "timestamp": "2026-09-15 17:35:28" }, "geometry": { "type": "Point", "coordinates": [ 23.470020294189453, 42.606414794921875 ] } },
{ "type": "Feature", "properties": { "vehicle_id": "A2059", "latitude": 42.712882995605469, "longitude": 23.329883575439453, "raw_occupancy": 1, "timestamp": "2026-09-15 17:35:28" }, "geometry": { "type": "Point", "coordinates": [ 23.329883575439453, 42.712882995605469 ] } },
{ "type": "Feature", "properties": { "vehicle_id": "A3018", "latitude": 42.695327758789062, "longitude": 23.364391326904297, "raw_occupancy": 2, "timestamp": "2026-09-15 17:35:28" }, "geometry": { "type": "Point", "coordinates": [ 23.364391326904297, 42.695327758789062 ] } },
{ "type": "Feature", "properties": { "vehicle_id": "A3403", "latitude": 42.667427062988281, "longitude": 23.337532043457031, "raw_occupancy": 3, "timestamp": "2026-09-15 17:35:28" }, "geometry": { "type": "Point", "coordinates": [ 23.337532043457031, 42.667427062988281 ] } },
{ "type": "Feature", "properties": { "vehicle_id": "A7043", "latitude": 42.75152587890625, "longitude": 23.318670272827148, "raw_occupancy": 3, "timestamp": "2026-09-15 17:35:28" }, "geometry": { "type": "Point", "coordinates": [ 23.318670272827148, 42.75152587890625 ] } },
{ "type": "Feature", "properties": { "vehicle_id": "A1821", "latitude": 42.665565490722656, "longitude": 23.259477615356445, "raw_occupancy": 4, "timestamp": "2026-09-15 17:35:28" }, "geometry": { "type": "Point", "coordinates": [ 23.259477615356445, 42.665565490722656 ] } },
{ "type": "Feature", "properties": { "vehicle_id": "A3625", "latitude": 42.668956756591797, "longitude": 23.425422668457031, "raw_occupancy": 3, "timestamp": "2026-09-15 17:35:28" }, "geometry": { "type": "Point", "coordinates": [ 23.425422668457031, 42.668956756591797 ] } },
{ "type": "Feature", "properties": { "vehicle_id": "A2804", "latitude": 42.689441680908203, "longitude": 23.36436653137207, "raw_occupancy": 2, "timestamp": "2026-09-15 17:35:28" }, "geometry": { "type": "Point", "coordinates": [ 23.36436653137207, 42.689441680908203 ] } },
{ "type": "Feature", "properties": { "vehicle_id": "A7055", "latitude": 42.736244201660156, "longitude": 23.485988616943359, "raw_occupancy": 1, "timestamp": "2026-09-15 17:35:28" }, "geometry": { "type": "Point", "coordinates": [ 23.485988616943359, 42.736244201660156 ] } },
{ "type": "Feature", "properties": { "vehicle_id": "A3126", "latitude": 42.665279388427734, "longitude": 23.355388641357422, "raw_occupancy": 3, "timestamp": "2026-09-15 17:35:28" }, "geometry": { "type": "Point", "coordinates": [ 23.355388641357422, 42.665279388427734 ] } },
{ "type": "Feature", "properties": { "vehicle_id": "A3628", "latitude": 42.684394836425781, "longitude": 23.323879241943359, "raw_occupancy": 4, "timestamp": "2026-09-15 17:35:28" }, "geometry": { "type": "Point", "coordinates": [ 23.323879241943359, 42.684394836425781 ] } },
{ "type": "Feature", "properties": { "vehicle_id": "A1614", "latitude": 42.663536071777344, "longitude": 23.261615753173828, "raw_occupancy": 2, "timestamp": "2026-09-15 17:35:28" }, "geometry": { "type": "Point", "coordinates": [ 23.261615753173828, 42.663536071777344 ] } },
{ "type": "Feature", "properties": { "vehicle_id": "A2002", "latitude": 42.646858215332031, "longitude": 23.345359802246094, "raw_occupancy": 0, "timestamp": "2026-09-15 17:35:28" }, "geometry": { "type": "Point", "coordinates": [ 23.345359802246094, 42.646858215332031 ] } },
{ "type": "Feature", "properties": { "vehicle_id": "A1012", "latitude": 42.653987884521484, "longitude": 23.331220626831055, "raw_occupancy": 2, "timestamp": "2026-09-15 17:35:28" }, "geometry": { "type": "Point", "coordinates": [ 23.331220626831055, 42.653987884521484 ] } },
{ "type": "Feature", "properties": { "vehicle_id": "A1315", "latitude": 42.588912963867188, "longitude": 23.300090789794922, "raw_occupancy": 0, "timestamp": "2026-09-15 17:35:28" }, "geometry": { "type": "Point", "coordinates": [ 23.300090789794922, 42.588912963867188 ] } },
{ "type": "Feature", "properties": { "vehicle_id": "A3600", "latitude": 42.6737060546875, "longitude": 23.430379867553711, "raw_occupancy": 1, "timestamp": "2026-09-15 17:35:28" }, "geometry": { "type": "Point", "coordinates": [ 23.430379867553711, 42.6737060546875 ] } },
{ "type": "Feature", "properties": { "vehicle_id": "A7065", "latitude": 42.711299896240234, "longitude": 23.353000640869141, "raw_occupancy": 1, "timestamp": "2026-09-15 17:35:28" }, "geometry": { "type": "Point", "coordinates": [ 23.353000640869141, 42.711299896240234 ] } },
{ "type": "Feature", "properties": { "vehicle_id": "A3651", "latitude": 42.634605407714844, "longitude": 23.408859252929688, "raw_occupancy": 1, "timestamp": "2026-09-15 17:35:28" }, "geometry": { "type": "Point", "coordinates": [ 23.408859252929688, 42.634605407714844 ] } },
{ "type": "Feature", "properties": { "vehicle_id": "A3139", "latitude": 42.675559997558594, "longitude": 23.358867645263672, "raw_occupancy": 3, "timestamp": "2026-09-15 17:35:28" }, "geometry": { "type": "Point", "coordinates": [ 23.358867645263672, 42.675559997558594 ] } },
{ "type": "Feature", "properties": { "vehicle_id": "A1222", "latitude": 42.719963073730469, "longitude": 23.23979377746582, "raw_occupancy": 4, "timestamp": "2026-09-15 17:35:28" }, "geometry": { "type": "Point", "coordinates": [ 23.23979377746582, 42.719963073730469 ] } },
{ "type": "Feature", "properties": { "vehicle_id": "A3157", "latitude": 42.714885711669922, "longitude": 23.311874389648438, "raw_occupancy": 2, "timestamp": "2026-09-15 17:35:28" }, "geometry": { "type": "Point", "coordinates": [ 23.311874389648438, 42.714885711669922 ] } },
{ "type": "Feature", "properties": { "vehicle_id": "A1208", "latitude": 42.676822662353516, "longitude": 23.321945190429688, "raw_occupancy": 1, "timestamp": "2026-09-15 17:35:28" }, "geometry": { "type": "Point", "coordinates": [ 23.321945190429688, 42.676822662353516 ] } },
{ "type": "Feature", "properties": { "vehicle_id": "A3664", "latitude": 42.671504974365234, "longitude": 23.395044326782227, "raw_occupancy": 2, "timestamp": "2026-09-15 17:35:28" }, "geometry": { "type": "Point", "coordinates": [ 23.395044326782227, 42.671504974365234 ] } },
{ "type": "Feature", "properties": { "vehicle_id": "A3109", "latitude": 42.696884155273438, "longitude": 23.347269058227539, "raw_occupancy": 2, "timestamp": "2026-09-15 17:35:28" }, "geometry": { "type": "Point", "coordinates": [ 23.347269058227539, 42.696884155273438 ] } },
{ "type": "Feature", "properties": { "vehicle_id": "A3603", "latitude": 42.646469116210938, "longitude": 23.41248893737793, "raw_occupancy": 1, "timestamp": "2026-09-15 17:35:28" }, "geometry": { "type": "Point", "coordinates": [ 23.41248893737793, 42.646469116210938 ] } },
{ "type": "Feature", "properties": { "vehicle_id": "A2054", "latitude": 42.686893463134766, "longitude": 23.310506820678711, "raw_occupancy": 1, "timestamp": "2026-09-15 17:35:28" }, "geometry": { "type": "Point", "coordinates": [ 23.310506820678711, 42.686893463134766 ] } },
{ "type": "Feature", "properties": { "vehicle_id": "A2505", "latitude": 42.687858581542969, "longitude": 23.333784103393555, "raw_occupancy": 2, "timestamp": "2026-09-15 17:35:28" }, "geometry": { "type": "Point", "coordinates": [ 23.333784103393555, 42.687858581542969 ] } },
{ "type": "Feature", "properties": { "vehicle_id": "A1825", "latitude": 42.704738616943359, "longitude": 23.285202026367188, "raw_occupancy": 2, "timestamp": "2026-09-15 17:35:28" }, "geometry": { "type": "Point", "coordinates": [ 23.285202026367188, 42.704738616943359 ] } },
{ "type": "Feature", "properties": { "vehicle_id": "A1610", "latitude": 42.645328521728516, "longitude": 23.375322341918945, "raw_occupancy": 1, "timestamp": "2026-09-15 17:35:28" }, "geometry": { "type": "Point", "coordinates": [ 23.375322341918945, 42.645328521728516 ] } },
{ "type": "Feature", "properties": { "vehicle_id": "A1211", "latitude": 42.697639465332031, "longitude": 23.192485809326172, "raw_occupancy": 1, "timestamp": "2026-09-15 17:35:28" }, "geometry": { "type": "Point", "coordinates": [ 23.192485809326172, 42.697639465332031 ] } },
{ "type": "Feature", "properties": { "vehicle_id": "A3615", "latitude": 42.698062896728516, "longitude": 23.352958679199219, "raw_occupancy": 2, "timestamp": "2026-09-15 17:35:28" }, "geometry": { "type": "Point", "coordinates": [ 23.352958679199219, 42.698062896728516 ] } },
{ "type": "Feature", "properties": { "vehicle_id": "A3145", "latitude": 42.668491363525391, "longitude": 23.27943229675293, "raw_occupancy": 3, "timestamp": "2026-09-15 17:35:28" }, "geometry": { "type": "Point", "coordinates": [ 23.27943229675293, 42.668491363525391 ] } },
{ "type": "Feature", "properties": { "vehicle_id": "A1169", "latitude": 42.659103393554688, "longitude": 23.327585220336914, "raw_occupancy": 0, "timestamp": "2026-09-15 17:35:28" }, "geometry": { "type": "Point", "coordinates": [ 23.327585220336914, 42.659103393554688 ] } },
{ "type": "Feature", "properties": { "vehicle_id": "A1426", "latitude": 42.644382476806641, "longitude": 23.374507904052734, "raw_occupancy": 2, "timestamp": "2026-09-15 17:35:28" }, "geometry": { "type": "Point", "coordinates": [ 23.374507904052734, 42.644382476806641 ] } },
{ "type": "Feature", "properties": { "vehicle_id": "A7145", "latitude": 42.702156066894531, "longitude": 23.359853744506836, "raw_occupancy": 3, "timestamp": "2026-09-15 17:35:28" }, "geometry": { "type": "Point", "coordinates": [ 23.359853744506836, 42.702156066894531 ] } },
{ "type": "Feature", "properties": { "vehicle_id": "A7095", "latitude": 42.715541839599609, "longitude": 23.52766227722168, "raw_occupancy": 2, "timestamp": "2026-09-15 17:35:28" }, "geometry": { "type": "Point", "coordinates": [ 23.52766227722168, 42.715541839599609 ] } },
{ "type": "Feature", "properties": { "vehicle_id": "A1230", "latitude": 42.720451354980469, "longitude": 23.264358520507812, "raw_occupancy": 1, "timestamp": "2026-09-15 17:35:28" }, "geometry": { "type": "Point", "coordinates": [ 23.264358520507812, 42.720451354980469 ] } },
{ "type": "Feature", "properties": { "vehicle_id": "A2811", "latitude": 42.674797058105469, "longitude": 23.237648010253906, "raw_occupancy": 1, "timestamp": "2026-09-15 17:35:28" }, "geometry": { "type": "Point", "coordinates": [ 23.237648010253906, 42.674797058105469 ] } },
{ "type": "Feature", "properties": { "vehicle_id": "A3613", "latitude": 42.657608032226562, "longitude": 23.426265716552734, "raw_occupancy": 1, "timestamp": "2026-09-15 17:35:28" }, "geometry": { "type": "Point", "coordinates": [ 23.426265716552734, 42.657608032226562 ] } },
{ "type": "Feature", "properties": { "vehicle_id": "A1125", "latitude": 42.762275695800781, "longitude": 23.199680328369141, "raw_occupancy": 1, "timestamp": "2026-09-15 17:35:28" }, "geometry": { "type": "Point", "coordinates": [ 23.199680328369141, 42.762275695800781 ] } },
{ "type": "Feature", "properties": { "vehicle_id": "A1604", "latitude": 42.704738616943359, "longitude": 23.323396682739258, "raw_occupancy": 2, "timestamp": "2026-09-15 17:35:28" }, "geometry": { "type": "Point", "coordinates": [ 23.323396682739258, 42.704738616943359 ] } },
{ "type": "Feature", "properties": { "vehicle_id": "A2140", "latitude": 42.698581695556641, "longitude": 23.372413635253906, "raw_occupancy": 2, "timestamp": "2026-09-15 17:35:28" }, "geometry": { "type": "Point", "coordinates": [ 23.372413635253906, 42.698581695556641 ] } },
{ "type": "Feature", "properties": { "vehicle_id": "A3620", "latitude": 42.622989654541016, "longitude": 23.37550163269043, "raw_occupancy": 2, "timestamp": "2026-09-15 17:35:28" }, "geometry": { "type": "Point", "coordinates": [ 23.37550163269043, 42.622989654541016 ] } },
{ "type": "Feature", "properties": { "vehicle_id": "A1188", "latitude": 42.646011352539062, "longitude": 23.334331512451172, "raw_occupancy": 1, "timestamp": "2026-09-15 17:35:28" }, "geometry": { "type": "Point", "coordinates": [ 23.334331512451172, 42.646011352539062 ] } },
{ "type": "Feature", "properties": { "vehicle_id": "A2001", "latitude": 42.656730651855469, "longitude": 23.32731819152832, "raw_occupancy": 0, "timestamp": "2026-09-15 17:35:28" }, "geometry": { "type": "Point", "coordinates": [ 23.32731819152832, 42.656730651855469 ] } },
{ "type": "Feature", "properties": { "vehicle_id": "A2088", "latitude": 42.713130950927734, "longitude": 23.384431838989258, "raw_occupancy": 2, "timestamp": "2026-09-15 17:35:28" }, "geometry": { "type": "Point", "coordinates": [ 23.384431838989258, 42.713130950927734 ] } },
{ "type": "Feature", "properties": { "vehicle_id": "A2044", "latitude": 42.664588928222656, "longitude": 23.317531585693359, "raw_occupancy": 2, "timestamp": "2026-09-15 17:35:28" }, "geometry": { "type": "Point", "coordinates": [ 23.317531585693359, 42.664588928222656 ] } },
{ "type": "Feature", "properties": { "vehicle_id": "A1601", "latitude": 42.698413848876953, "longitude": 23.296707153320312, "raw_occupancy": 3, "timestamp": "2026-09-15 17:35:28" }, "geometry": { "type": "Point", "coordinates": [ 23.296707153320312, 42.698413848876953 ] } },
{ "type": "Feature", "properties": { "vehicle_id": "A2036", "latitude": 42.653675079345703, "longitude": 23.347448348999023, "raw_occupancy": 2, "timestamp": "2026-09-15 17:35:28" }, "geometry": { "type": "Point", "coordinates": [ 23.347448348999023, 42.653675079345703 ] } },
{ "type": "Feature", "properties": { "vehicle_id": "A2064", "latitude": 42.793155670166016, "longitude": 23.329402923583984, "raw_occupancy": 1, "timestamp": "2026-09-15 17:35:28" }, "geometry": { "type": "Point", "coordinates": [ 23.329402923583984, 42.793155670166016 ] } },
{ "type": "Feature", "properties": { "vehicle_id": "A1037", "latitude": 42.658573150634766, "longitude": 23.30137825012207, "raw_occupancy": 0, "timestamp": "2026-09-15 17:35:28" }, "geometry": { "type": "Point", "coordinates": [ 23.30137825012207, 42.658573150634766 ] } },
{ "type": "Feature", "properties": { "vehicle_id": "A1185", "latitude": 42.675643920898438, "longitude": 23.296640396118164, "raw_occupancy": 2, "timestamp": "2026-09-15 17:35:28" }, "geometry": { "type": "Point", "coordinates": [ 23.296640396118164, 42.675643920898438 ] } },
{ "type": "Feature", "properties": { "vehicle_id": "A1404", "latitude": 42.645652770996094, "longitude": 23.27507209777832, "raw_occupancy": 2, "timestamp": "2026-09-15 17:35:28" }, "geometry": { "type": "Point", "coordinates": [ 23.27507209777832, 42.645652770996094 ] } },
{ "type": "Feature", "properties": { "vehicle_id": "A2752", "latitude": 42.653694152832031, "longitude": 23.345666885375977, "raw_occupancy": 2, "timestamp": "2026-09-15 17:35:28" }, "geometry": { "type": "Point", "coordinates": [ 23.345666885375977, 42.653694152832031 ] } },
{ "type": "Feature", "properties": { "vehicle_id": "A2052", "latitude": 42.603260040283203, "longitude": 23.495136260986328, "raw_occupancy": 0, "timestamp": "2026-09-15 17:35:28" }, "geometry": { "type": "Point", "coordinates": [ 23.495136260986328, 42.603260040283203 ] } },
{ "type": "Feature", "properties": { "vehicle_id": "A3151", "latitude": 42.648227691650391, "longitude": 23.376285552978516, "raw_occupancy": 2, "timestamp": "2026-09-15 17:35:28" }, "geometry": { "type": "Point", "coordinates": [ 23.376285552978516, 42.648227691650391 ] } },
{ "type": "Feature", "properties": { "vehicle_id": "A7111", "latitude": 42.788482666015625, "longitude": 23.272703170776367, "raw_occupancy": 1, "timestamp": "2026-09-15 17:35:28" }, "geometry": { "type": "Point", "coordinates": [ 23.272703170776367, 42.788482666015625 ] } },
{ "type": "Feature", "properties": { "vehicle_id": "A7087", "latitude": 42.799083709716797, "longitude": 23.275312423706055, "raw_occupancy": 3, "timestamp": "2026-09-15 17:35:28" }, "geometry": { "type": "Point", "coordinates": [ 23.275312423706055, 42.799083709716797 ] } },
{ "type": "Feature", "properties": { "vehicle_id": "A3149", "latitude": 42.686443328857422, "longitude": 23.330146789550781, "raw_occupancy": 3, "timestamp": "2026-09-15 17:35:28" }, "geometry": { "type": "Point", "coordinates": [ 23.330146789550781, 42.686443328857422 ] } },
{ "type": "Feature", "properties": { "vehicle_id": "A1837", "latitude": 42.752372741699219, "longitude": 23.274398803710938, "raw_occupancy": 1, "timestamp": "2026-09-15 17:35:28" }, "geometry": { "type": "Point", "coordinates": [ 23.274398803710938, 42.752372741699219 ] } },
{ "type": "Feature", "properties": { "vehicle_id": "A3100", "latitude": 42.684417724609375, "longitude": 23.348617553710938, "raw_occupancy": 3, "timestamp": "2026-09-15 17:35:28" }, "geometry": { "type": "Point", "coordinates": [ 23.348617553710938, 42.684417724609375 ] } },
{ "type": "Feature", "properties": { "vehicle_id": "A2302", "latitude": 42.644599914550781, "longitude": 23.341999053955078, "raw_occupancy": 1, "timestamp": "2026-09-15 17:35:28" }, "geometry": { "type": "Point", "coordinates": [ 23.341999053955078, 42.644599914550781 ] } },
{ "type": "Feature", "properties": { "vehicle_id": "A1620", "latitude": 42.641693115234375, "longitude": 23.311830520629883, "raw_occupancy": 4, "timestamp": "2026-09-15 17:35:28" }, "geometry": { "type": "Point", "coordinates": [ 23.311830520629883, 42.641693115234375 ] } },
{ "type": "Feature", "properties": { "vehicle_id": "A7173", "latitude": 42.705364227294922, "longitude": 23.321731567382812, "raw_occupancy": 3, "timestamp": "2026-09-15 17:35:28" }, "geometry": { "type": "Point", "coordinates": [ 23.321731567382812, 42.705364227294922 ] } },
{ "type": "Feature", "properties": { "vehicle_id": "A2000", "latitude": 42.699024200439453, "longitude": 23.334796905517578, "raw_occupancy": 1, "timestamp": "2026-09-15 17:35:28" }, "geometry": { "type": "Point", "coordinates": [ 23.334796905517578, 42.699024200439453 ] } },
{ "type": "Feature", "properties": { "vehicle_id": "A1176", "latitude": 42.709613800048828, "longitude": 23.318365097045898, "raw_occupancy": 0, "timestamp": "2026-09-15 17:35:28" }, "geometry": { "type": "Point", "coordinates": [ 23.318365097045898, 42.709613800048828 ] } },
{ "type": "Feature", "properties": { "vehicle_id": "A3671", "latitude": 42.550277709960938, "longitude": 23.366918563842773, "raw_occupancy": 2, "timestamp": "2026-09-15 17:35:28" }, "geometry": { "type": "Point", "coordinates": [ 23.366918563842773, 42.550277709960938 ] } },
{ "type": "Feature", "properties": { "vehicle_id": "A1849", "latitude": 42.717063903808594, "longitude": 23.237548828125, "raw_occupancy": 1, "timestamp": "2026-09-15 17:35:28" }, "geometry": { "type": "Point", "coordinates": [ 23.237548828125, 42.717063903808594 ] } },
{ "type": "Feature", "properties": { "vehicle_id": "A3610", "latitude": 42.623157501220703, "longitude": 23.375946044921875, "raw_occupancy": 3, "timestamp": "2026-09-15 17:35:28" }, "geometry": { "type": "Point", "coordinates": [ 23.375946044921875, 42.623157501220703 ] } },
{ "type": "Feature", "properties": { "vehicle_id": "A1313", "latitude": 42.661003112792969, "longitude": 23.273298263549805, "raw_occupancy": 1, "timestamp": "2026-09-15 17:35:28" }, "geometry": { "type": "Point", "coordinates": [ 23.273298263549805, 42.661003112792969 ] } },
{ "type": "Feature", "properties": { "vehicle_id": "A3134", "latitude": 42.645660400390625, "longitude": 23.367837905883789, "raw_occupancy": 2, "timestamp": "2026-09-15 17:35:28" }, "geometry": { "type": "Point", "coordinates": [ 23.367837905883789, 42.645660400390625 ] } },
{ "type": "Feature", "properties": { "vehicle_id": "A7119", "latitude": 42.759571075439453, "longitude": 23.31678581237793, "raw_occupancy": 1, "timestamp": "2026-09-15 17:35:28" }, "geometry": { "type": "Point", "coordinates": [ 23.31678581237793, 42.759571075439453 ] } },
{ "type": "Feature", "properties": { "vehicle_id": "A3019", "latitude": 42.692626953125, "longitude": 23.334224700927734, "raw_occupancy": 2, "timestamp": "2026-09-15 17:35:28" }, "geometry": { "type": "Point", "coordinates": [ 23.334224700927734, 42.692626953125 ] } },
{ "type": "Feature", "properties": { "vehicle_id": "A2509", "latitude": 42.696319580078125, "longitude": 23.360464096069336, "raw_occupancy": 2, "timestamp": "2026-09-15 17:35:28" }, "geometry": { "type": "Point", "coordinates": [ 23.360464096069336, 42.696319580078125 ] } },
{ "type": "Feature", "properties": { "vehicle_id": "A2501", "latitude": 42.707225799560547, "longitude": 23.341142654418945, "raw_occupancy": 2, "timestamp": "2026-09-15 17:35:28" }, "geometry": { "type": "Point", "coordinates": [ 23.341142654418945, 42.707225799560547 ] } },
{ "type": "Feature", "properties": { "vehicle_id": "A7155", "latitude": 42.705146789550781, "longitude": 23.385761260986328, "raw_occupancy": 0, "timestamp": "2026-09-15 17:35:28" }, "geometry": { "type": "Point", "coordinates": [ 23.385761260986328, 42.705146789550781 ] } },
{ "type": "Feature", "properties": { "vehicle_id": "A1034", "latitude": 42.648719787597656, "longitude": 23.263242721557617, "raw_occupancy": 1, "timestamp": "2026-09-15 17:35:28" }, "geometry": { "type": "Point", "coordinates": [ 23.263242721557617, 42.648719787597656 ] } },
{ "type": "Feature", "properties": { "vehicle_id": "A1183", "latitude": 42.642856597900391, "longitude": 23.336139678955078, "raw_occupancy": 1, "timestamp": "2026-09-15 17:35:28" }, "geometry": { "type": "Point", "coordinates": [ 23.336139678955078, 42.642856597900391 ] } },
{ "type": "Feature", "properties": { "vehicle_id": "A1314", "latitude": 42.64825439453125, "longitude": 23.24433708190918, "raw_occupancy": 0, "timestamp": "2026-09-15 17:35:28" }, "geometry": { "type": "Point", "coordinates": [ 23.24433708190918, 42.64825439453125 ] } },
{ "type": "Feature", "properties": { "vehicle_id": "A2311", "latitude": 42.665702819824219, "longitude": 23.362844467163086, "raw_occupancy": 1, "timestamp": "2026-09-15 17:35:28" }, "geometry": { "type": "Point", "coordinates": [ 23.362844467163086, 42.665702819824219 ] } },
{ "type": "Feature", "properties": { "vehicle_id": "A3623", "latitude": 42.707592010498047, "longitude": 23.45379638671875, "raw_occupancy": 0, "timestamp": "2026-09-15 17:35:28" }, "geometry": { "type": "Point", "coordinates": [ 23.45379638671875, 42.707592010498047 ] } },
{ "type": "Feature", "properties": { "vehicle_id": "A2305", "latitude": 42.727458953857422, "longitude": 23.312313079833984, "raw_occupancy": 2, "timestamp": "2026-09-15 17:35:28" }, "geometry": { "type": "Point", "coordinates": [ 23.312313079833984, 42.727458953857422 ] } },
{ "type": "Feature", "properties": { "vehicle_id": "A3111", "latitude": 42.654449462890625, "longitude": 23.380874633789062, "raw_occupancy": 2, "timestamp": "2026-09-15 17:35:28" }, "geometry": { "type": "Point", "coordinates": [ 23.380874633789062, 42.654449462890625 ] } },
{ "type": "Feature", "properties": { "vehicle_id": "A1841", "latitude": 42.729808807373047, "longitude": 23.247261047363281, "raw_occupancy": 0, "timestamp": "2026-09-15 17:35:28" }, "geometry": { "type": "Point", "coordinates": [ 23.247261047363281, 42.729808807373047 ] } },
{ "type": "Feature", "properties": { "vehicle_id": "A2515", "latitude": 42.690296173095703, "longitude": 23.337377548217773, "raw_occupancy": 0, "timestamp": "2026-09-15 17:35:28" }, "geometry": { "type": "Point", "coordinates": [ 23.337377548217773, 42.690296173095703 ] } },
{ "type": "Feature", "properties": { "vehicle_id": "A2517", "latitude": 42.6014404296875, "longitude": 23.349931716918945, "raw_occupancy": 1, "timestamp": "2026-09-15 17:35:28" }, "geometry": { "type": "Point", "coordinates": [ 23.349931716918945, 42.6014404296875 ] } },
{ "type": "Feature", "properties": { "vehicle_id": "A1807", "latitude": 42.695419311523438, "longitude": 23.245471954345703, "raw_occupancy": 3, "timestamp": "2026-09-15 17:35:28" }, "geometry": { "type": "Point", "coordinates": [ 23.245471954345703, 42.695419311523438 ] } },
{ "type": "Feature", "properties": { "vehicle_id": "A3608", "latitude": 42.654525756835938, "longitude": 23.371265411376953, "raw_occupancy": 1, "timestamp": "2026-09-15 17:35:28" }, "geometry": { "type": "Point", "coordinates": [ 23.371265411376953, 42.654525756835938 ] } },
{ "type": "Feature", "properties": { "vehicle_id": "A2727", "latitude": 42.74627685546875, "longitude": 23.269721984863281, "raw_occupancy": 1, "timestamp": "2026-09-15 17:35:28" }, "geometry": { "type": "Point", "coordinates": [ 23.269721984863281, 42.74627685546875 ] } },
{ "type": "Feature", "properties": { "vehicle_id": "A1613", "latitude": 42.753028869628906, "longitude": 23.21513557434082, "raw_occupancy": 2, "timestamp": "2026-09-15 17:35:28" }, "geometry": { "type": "Point", "coordinates": [ 23.21513557434082, 42.753028869628906 ] } },
{ "type": "Feature", "properties": { "vehicle_id": "A1410", "latitude": 42.641975402832031, "longitude": 23.292423248291016, "raw_occupancy": 2, "timestamp": "2026-09-15 17:45:29" }, "geometry": { "type": "Point", "coordinates": [ 23.292423248291016, 42.641975402832031 ] } },
{ "type": "Feature", "properties": { "vehicle_id": "A1839", "latitude": 42.713977813720703, "longitude": 23.307516098022461, "raw_occupancy": 2, "timestamp": "2026-09-15 17:45:29" }, "geometry": { "type": "Point", "coordinates": [ 23.307516098022461, 42.713977813720703 ] } },
{ "type": "Feature", "properties": { "vehicle_id": "A3115", "latitude": 42.696521759033203, "longitude": 23.350004196166992, "raw_occupancy": 2, "timestamp": "2026-09-15 17:45:29" }, "geometry": { "type": "Point", "coordinates": [ 23.350004196166992, 42.696521759033203 ] } },
{ "type": "Feature", "properties": { "vehicle_id": "A1160", "latitude": 42.678367614746094, "longitude": 23.321279525756836, "raw_occupancy": 2, "timestamp": "2026-09-15 17:45:29" }, "geometry": { "type": "Point", "coordinates": [ 23.321279525756836, 42.678367614746094 ] } },
{ "type": "Feature", "properties": { "vehicle_id": "A1168", "latitude": 42.65411376953125, "longitude": 23.40156364440918, "raw_occupancy": 3, "timestamp": "2026-09-15 17:45:29" }, "geometry": { "type": "Point", "coordinates": [ 23.40156364440918, 42.65411376953125 ] } },
{ "type": "Feature", "properties": { "vehicle_id": "A1163", "latitude": 42.633613586425781, "longitude": 23.331710815429688, "raw_occupancy": 1, "timestamp": "2026-09-15 17:45:29" }, "geometry": { "type": "Point", "coordinates": [ 23.331710815429688, 42.633613586425781 ] } },
{ "type": "Feature", "properties": { "vehicle_id": "A7059", "latitude": 42.751087188720703, "longitude": 23.498123168945312, "raw_occupancy": 1, "timestamp": "2026-09-15 17:45:29" }, "geometry": { "type": "Point", "coordinates": [ 23.498123168945312, 42.751087188720703 ] } },
{ "type": "Feature", "properties": { "vehicle_id": "A7185", "latitude": 42.709201812744141, "longitude": 23.397546768188477, "raw_occupancy": 2, "timestamp": "2026-09-15 17:45:29" }, "geometry": { "type": "Point", "coordinates": [ 23.397546768188477, 42.709201812744141 ] } },
{ "type": "Feature", "properties": { "vehicle_id": "A1807", "latitude": 42.702003479003906, "longitude": 23.283590316772461, "raw_occupancy": 2, "timestamp": "2026-09-15 17:45:29" }, "geometry": { "type": "Point", "coordinates": [ 23.283590316772461, 42.702003479003906 ] } },
{ "type": "Feature", "properties": { "vehicle_id": "A1208", "latitude": 42.653514862060547, "longitude": 23.315797805786133, "raw_occupancy": 5, "timestamp": "2026-09-15 17:45:29" }, "geometry": { "type": "Point", "coordinates": [ 23.315797805786133, 42.653514862060547 ] } },
{ "type": "Feature", "properties": { "vehicle_id": "A7159", "latitude": 42.807010650634766, "longitude": 23.34849739074707, "raw_occupancy": 2, "timestamp": "2026-09-15 17:45:29" }, "geometry": { "type": "Point", "coordinates": [ 23.34849739074707, 42.807010650634766 ] } },
{ "type": "Feature", "properties": { "vehicle_id": "A3157", "latitude": 42.719253540039062, "longitude": 23.310125350952148, "raw_occupancy": 1, "timestamp": "2026-09-15 17:45:29" }, "geometry": { "type": "Point", "coordinates": [ 23.310125350952148, 42.719253540039062 ] } },
{ "type": "Feature", "properties": { "vehicle_id": "A2088", "latitude": 42.709308624267578, "longitude": 23.400030136108398, "raw_occupancy": 2, "timestamp": "2026-09-15 17:45:29" }, "geometry": { "type": "Point", "coordinates": [ 23.400030136108398, 42.709308624267578 ] } },
{ "type": "Feature", "properties": { "vehicle_id": "A2041", "latitude": 42.718341827392578, "longitude": 23.23991584777832, "raw_occupancy": 1, "timestamp": "2026-09-15 17:45:29" }, "geometry": { "type": "Point", "coordinates": [ 23.23991584777832, 42.718341827392578 ] } },
{ "type": "Feature", "properties": { "vehicle_id": "A2012", "latitude": 42.685436248779297, "longitude": 23.349842071533203, "raw_occupancy": 1, "timestamp": "2026-09-15 17:45:29" }, "geometry": { "type": "Point", "coordinates": [ 23.349842071533203, 42.685436248779297 ] } },
{ "type": "Feature", "properties": { "vehicle_id": "A7143", "latitude": 42.763256072998047, "longitude": 23.419715881347656, "raw_occupancy": 1, "timestamp": "2026-09-15 17:45:29" }, "geometry": { "type": "Point", "coordinates": [ 23.419715881347656, 42.763256072998047 ] } },
{ "type": "Feature", "properties": { "vehicle_id": "A2314", "latitude": 42.679466247558594, "longitude": 23.321676254272461, "raw_occupancy": 2, "timestamp": "2026-09-15 17:45:29" }, "geometry": { "type": "Point", "coordinates": [ 23.321676254272461, 42.679466247558594 ] } },
{ "type": "Feature", "properties": { "vehicle_id": "A2506", "latitude": 42.695755004882812, "longitude": 23.284870147705078, "raw_occupancy": 2, "timestamp": "2026-09-15 17:45:29" }, "geometry": { "type": "Point", "coordinates": [ 23.284870147705078, 42.695755004882812 ] } },
{ "type": "Feature", "properties": { "vehicle_id": "A2027", "latitude": 42.705398559570312, "longitude": 23.369161605834961, "raw_occupancy": 1, "timestamp": "2026-09-15 17:45:29" }, "geometry": { "type": "Point", "coordinates": [ 23.369161605834961, 42.705398559570312 ] } },
{ "type": "Feature", "properties": { "vehicle_id": "A2000", "latitude": 42.705680847167969, "longitude": 23.318210601806641, "raw_occupancy": 1, "timestamp": "2026-09-15 17:45:29" }, "geometry": { "type": "Point", "coordinates": [ 23.318210601806641, 42.705680847167969 ] } },
{ "type": "Feature", "properties": { "vehicle_id": "A7045", "latitude": 42.733230590820312, "longitude": 23.299091339111328, "raw_occupancy": 5, "timestamp": "2026-09-15 17:45:29" }, "geometry": { "type": "Point", "coordinates": [ 23.299091339111328, 42.733230590820312 ] } },
{ "type": "Feature", "properties": { "vehicle_id": "A1413", "latitude": 42.685745239257812, "longitude": 23.306133270263672, "raw_occupancy": 2, "timestamp": "2026-09-15 17:45:29" }, "geometry": { "type": "Point", "coordinates": [ 23.306133270263672, 42.685745239257812 ] } },
{ "type": "Feature", "properties": { "vehicle_id": "A3603", "latitude": 42.675785064697266, "longitude": 23.432804107666016, "raw_occupancy": 1, "timestamp": "2026-09-15 17:45:29" }, "geometry": { "type": "Point", "coordinates": [ 23.432804107666016, 42.675785064697266 ] } },
{ "type": "Feature", "properties": { "vehicle_id": "A7075", "latitude": 42.719894409179688, "longitude": 23.340446472167969, "raw_occupancy": 2, "timestamp": "2026-09-15 17:45:29" }, "geometry": { "type": "Point", "coordinates": [ 23.340446472167969, 42.719894409179688 ] } },
{ "type": "Feature", "properties": { "vehicle_id": "A1313", "latitude": 42.672733306884766, "longitude": 23.278003692626953, "raw_occupancy": 1, "timestamp": "2026-09-15 17:45:29" }, "geometry": { "type": "Point", "coordinates": [ 23.278003692626953, 42.672733306884766 ] } },
{ "type": "Feature", "properties": { "vehicle_id": "A1157", "latitude": 42.685108184814453, "longitude": 23.274961471557617, "raw_occupancy": 5, "timestamp": "2026-09-15 17:45:29" }, "geometry": { "type": "Point", "coordinates": [ 23.274961471557617, 42.685108184814453 ] } },
{ "type": "Feature", "properties": { "vehicle_id": "A3016", "latitude": 42.678256988525391, "longitude": 23.388925552368164, "raw_occupancy": 1, "timestamp": "2026-09-15 17:45:29" }, "geometry": { "type": "Point", "coordinates": [ 23.388925552368164, 42.678256988525391 ] } },
{ "type": "Feature", "properties": { "vehicle_id": "A3400", "latitude": 42.658241271972656, "longitude": 23.386016845703125, "raw_occupancy": 3, "timestamp": "2026-09-15 17:45:29" }, "geometry": { "type": "Point", "coordinates": [ 23.386016845703125, 42.658241271972656 ] } },
{ "type": "Feature", "properties": { "vehicle_id": "A1125", "latitude": 42.740577697753906, "longitude": 23.237215042114258, "raw_occupancy": 2, "timestamp": "2026-09-15 17:45:29" }, "geometry": { "type": "Point", "coordinates": [ 23.237215042114258, 42.740577697753906 ] } },
{ "type": "Feature", "properties": { "vehicle_id": "A1833", "latitude": 42.735149383544922, "longitude": 23.292482376098633, "raw_occupancy": 1, "timestamp": "2026-09-15 17:45:29" }, "geometry": { "type": "Point", "coordinates": [ 23.292482376098633, 42.735149383544922 ] } },
{ "type": "Feature", "properties": { "vehicle_id": "A3621", "latitude": 42.657890319824219, "longitude": 23.465923309326172, "raw_occupancy": 1, "timestamp": "2026-09-15 17:45:29" }, "geometry": { "type": "Point", "coordinates": [ 23.465923309326172, 42.657890319824219 ] } },
{ "type": "Feature", "properties": { "vehicle_id": "A7157", "latitude": 42.737819671630859, "longitude": 23.501869201660156, "raw_occupancy": 3, "timestamp": "2026-09-15 17:45:29" }, "geometry": { "type": "Point", "coordinates": [ 23.501869201660156, 42.737819671630859 ] } },
{ "type": "Feature", "properties": { "vehicle_id": "A1161", "latitude": 42.676296234130859, "longitude": 23.249576568603516, "raw_occupancy": 1, "timestamp": "2026-09-15 17:45:29" }, "geometry": { "type": "Point", "coordinates": [ 23.249576568603516, 42.676296234130859 ] } },
{ "type": "Feature", "properties": { "vehicle_id": "A2042", "latitude": 42.644313812255859, "longitude": 23.341991424560547, "raw_occupancy": 0, "timestamp": "2026-09-15 17:45:29" }, "geometry": { "type": "Point", "coordinates": [ 23.341991424560547, 42.644313812255859 ] } },
{ "type": "Feature", "properties": { "vehicle_id": "A7141", "latitude": 42.717395782470703, "longitude": 23.339323043823242, "raw_occupancy": 5, "timestamp": "2026-09-15 17:45:29" }, "geometry": { "type": "Point", "coordinates": [ 23.339323043823242, 42.717395782470703 ] } },
{ "type": "Feature", "properties": { "vehicle_id": "A3101", "latitude": 42.650154113769531, "longitude": 23.378213882446289, "raw_occupancy": 3, "timestamp": "2026-09-15 17:45:29" }, "geometry": { "type": "Point", "coordinates": [ 23.378213882446289, 42.650154113769531 ] } },
{ "type": "Feature", "properties": { "vehicle_id": "A3141", "latitude": 42.686977386474609, "longitude": 23.332454681396484, "raw_occupancy": 3, "timestamp": "2026-09-15 17:45:29" }, "geometry": { "type": "Point", "coordinates": [ 23.332454681396484, 42.686977386474609 ] } },
{ "type": "Feature", "properties": { "vehicle_id": "A2304", "latitude": 42.653709411621094, "longitude": 23.344396591186523, "raw_occupancy": 3, "timestamp": "2026-09-15 17:45:29" }, "geometry": { "type": "Point", "coordinates": [ 23.344396591186523, 42.653709411621094 ] } },
{ "type": "Feature", "properties": { "vehicle_id": "A7129", "latitude": 42.707073211669922, "longitude": 23.459365844726562, "raw_occupancy": 2, "timestamp": "2026-09-15 17:45:29" }, "geometry": { "type": "Point", "coordinates": [ 23.459365844726562, 42.707073211669922 ] } },
{ "type": "Feature", "properties": { "vehicle_id": "A3600", "latitude": 42.668678283691406, "longitude": 23.401153564453125, "raw_occupancy": 1, "timestamp": "2026-09-15 17:45:29" }, "geometry": { "type": "Point", "coordinates": [ 23.401153564453125, 42.668678283691406 ] } },
{ "type": "Feature", "properties": { "vehicle_id": "A1036", "latitude": 42.656944274902344, "longitude": 23.314704895019531, "raw_occupancy": 3, "timestamp": "2026-09-15 17:45:29" }, "geometry": { "type": "Point", "coordinates": [ 23.314704895019531, 42.656944274902344 ] } },
{ "type": "Feature", "properties": { "vehicle_id": "A2057", "latitude": 42.611087799072266, "longitude": 23.399423599243164, "raw_occupancy": 2, "timestamp": "2026-09-15 17:45:29" }, "geometry": { "type": "Point", "coordinates": [ 23.399423599243164, 42.611087799072266 ] } },
{ "type": "Feature", "properties": { "vehicle_id": "A1301", "latitude": 42.625320434570312, "longitude": 23.192863464355469, "raw_occupancy": 1, "timestamp": "2026-09-15 17:45:29" }, "geometry": { "type": "Point", "coordinates": [ 23.192863464355469, 42.625320434570312 ] } },
{ "type": "Feature", "properties": { "vehicle_id": "A3135", "latitude": 42.670989990234375, "longitude": 23.337615966796875, "raw_occupancy": 1, "timestamp": "2026-09-15 17:45:29" }, "geometry": { "type": "Point", "coordinates": [ 23.337615966796875, 42.670989990234375 ] } },
{ "type": "Feature", "properties": { "vehicle_id": "A2067", "latitude": 42.742721557617188, "longitude": 23.284805297851562, "raw_occupancy": 1, "timestamp": "2026-09-15 17:45:29" }, "geometry": { "type": "Point", "coordinates": [ 23.284805297851562, 42.742721557617188 ] } },
{ "type": "Feature", "properties": { "vehicle_id": "A2048", "latitude": 42.661712646484375, "longitude": 23.378366470336914, "raw_occupancy": 2, "timestamp": "2026-09-15 17:45:29" }, "geometry": { "type": "Point", "coordinates": [ 23.378366470336914, 42.661712646484375 ] } },
{ "type": "Feature", "properties": { "vehicle_id": "A2305", "latitude": 42.708896636962891, "longitude": 23.318218231201172, "raw_occupancy": 2, "timestamp": "2026-09-15 17:45:29" }, "geometry": { "type": "Point", "coordinates": [ 23.318218231201172, 42.708896636962891 ] } },
{ "type": "Feature", "properties": { "vehicle_id": "A7175", "latitude": 42.711288452148438, "longitude": 23.354013442993164, "raw_occupancy": 1, "timestamp": "2026-09-15 17:45:29" }, "geometry": { "type": "Point", "coordinates": [ 23.354013442993164, 42.711288452148438 ] } },
{ "type": "Feature", "properties": { "vehicle_id": "A2061", "latitude": 42.715072631835938, "longitude": 23.284034729003906, "raw_occupancy": 2, "timestamp": "2026-09-15 17:45:29" }, "geometry": { "type": "Point", "coordinates": [ 23.284034729003906, 42.715072631835938 ] } },
{ "type": "Feature", "properties": { "vehicle_id": "A2086", "latitude": 42.723667144775391, "longitude": 23.305192947387695, "raw_occupancy": 1, "timestamp": "2026-09-15 17:45:29" }, "geometry": { "type": "Point", "coordinates": [ 23.305192947387695, 42.723667144775391 ] } },
{ "type": "Feature", "properties": { "vehicle_id": "A3637", "latitude": 42.662609100341797, "longitude": 23.358366012573242, "raw_occupancy": 2, "timestamp": "2026-09-15 17:45:29" }, "geometry": { "type": "Point", "coordinates": [ 23.358366012573242, 42.662609100341797 ] } },
{ "type": "Feature", "properties": { "vehicle_id": "A1613", "latitude": 42.770999908447266, "longitude": 23.188770294189453, "raw_occupancy": 1, "timestamp": "2026-09-15 17:45:29" }, "geometry": { "type": "Point", "coordinates": [ 23.188770294189453, 42.770999908447266 ] } },
{ "type": "Feature", "properties": { "vehicle_id": "A3617", "latitude": 42.680778503417969, "longitude": 23.306436538696289, "raw_occupancy": 2, "timestamp": "2026-09-15 17:45:29" }, "geometry": { "type": "Point", "coordinates": [ 23.306436538696289, 42.680778503417969 ] } },
{ "type": "Feature", "properties": { "vehicle_id": "A7079", "latitude": 42.733322143554688, "longitude": 23.300851821899414, "raw_occupancy": 3, "timestamp": "2026-09-15 17:45:29" }, "geometry": { "type": "Point", "coordinates": [ 23.300851821899414, 42.733322143554688 ] } },
{ "type": "Feature", "properties": { "vehicle_id": "A1426", "latitude": 42.627769470214844, "longitude": 23.372882843017578, "raw_occupancy": 4, "timestamp": "2026-09-15 17:45:29" }, "geometry": { "type": "Point", "coordinates": [ 23.372882843017578, 42.627769470214844 ] } },
{ "type": "Feature", "properties": { "vehicle_id": "A1209", "latitude": 42.683444976806641, "longitude": 23.293478012084961, "raw_occupancy": 0, "timestamp": "2026-09-15 17:45:29" }, "geometry": { "type": "Point", "coordinates": [ 23.293478012084961, 42.683444976806641 ] } },
{ "type": "Feature", "properties": { "vehicle_id": "A1154", "latitude": 42.677703857421875, "longitude": 23.303110122680664, "raw_occupancy": 2, "timestamp": "2026-09-15 17:45:29" }, "geometry": { "type": "Point", "coordinates": [ 23.303110122680664, 42.677703857421875 ] } },
{ "type": "Feature", "properties": { "vehicle_id": "A1825", "latitude": 42.698287963867188, "longitude": 23.272558212280273, "raw_occupancy": 5, "timestamp": "2026-09-15 17:45:29" }, "geometry": { "type": "Point", "coordinates": [ 23.272558212280273, 42.698287963867188 ] } },
{ "type": "Feature", "properties": { "vehicle_id": "A1849", "latitude": 42.722339630126953, "longitude": 23.257484436035156, "raw_occupancy": 2, "timestamp": "2026-09-15 17:45:29" }, "geometry": { "type": "Point", "coordinates": [ 23.257484436035156, 42.722339630126953 ] } },
{ "type": "Feature", "properties": { "vehicle_id": "A2831", "latitude": 42.669689178466797, "longitude": 23.25629997253418, "raw_occupancy": 2, "timestamp": "2026-09-15 17:45:29" }, "geometry": { "type": "Point", "coordinates": [ 23.25629997253418, 42.669689178466797 ] } },
{ "type": "Feature", "properties": { "vehicle_id": "A3605", "latitude": 42.621597290039062, "longitude": 23.421323776245117, "raw_occupancy": 1, "timestamp": "2026-09-15 17:45:29" }, "geometry": { "type": "Point", "coordinates": [ 23.421323776245117, 42.621597290039062 ] } },
{ "type": "Feature", "properties": { "vehicle_id": "A2073", "latitude": 42.671409606933594, "longitude": 23.370685577392578, "raw_occupancy": 1, "timestamp": "2026-09-15 17:45:29" }, "geometry": { "type": "Point", "coordinates": [ 23.370685577392578, 42.671409606933594 ] } },
{ "type": "Feature", "properties": { "vehicle_id": "A2076", "latitude": 42.641902923583984, "longitude": 23.402721405029297, "raw_occupancy": 0, "timestamp": "2026-09-15 17:45:29" }, "geometry": { "type": "Point", "coordinates": [ 23.402721405029297, 42.641902923583984 ] } },
{ "type": "Feature", "properties": { "vehicle_id": "A2020", "latitude": 42.674983978271484, "longitude": 23.333854675292969, "raw_occupancy": 0, "timestamp": "2026-09-15 17:45:29" }, "geometry": { "type": "Point", "coordinates": [ 23.333854675292969, 42.674983978271484 ] } },
{ "type": "Feature", "properties": { "vehicle_id": "A2505", "latitude": 42.693130493164062, "longitude": 23.354673385620117, "raw_occupancy": 2, "timestamp": "2026-09-15 17:45:29" }, "geometry": { "type": "Point", "coordinates": [ 23.354673385620117, 42.693130493164062 ] } },
{ "type": "Feature", "properties": { "vehicle_id": "A7191", "latitude": 42.711696624755859, "longitude": 23.337291717529297, "raw_occupancy": 1, "timestamp": "2026-09-15 17:45:29" }, "geometry": { "type": "Point", "coordinates": [ 23.337291717529297, 42.711696624755859 ] } },
{ "type": "Feature", "properties": { "vehicle_id": "A1126", "latitude": 42.651393890380859, "longitude": 23.288558959960938, "raw_occupancy": 2, "timestamp": "2026-09-15 17:45:29" }, "geometry": { "type": "Point", "coordinates": [ 23.288558959960938, 42.651393890380859 ] } },
{ "type": "Feature", "properties": { "vehicle_id": "A2043", "latitude": 42.705654144287109, "longitude": 23.348846435546875, "raw_occupancy": 1, "timestamp": "2026-09-15 17:45:29" }, "geometry": { "type": "Point", "coordinates": [ 23.348846435546875, 42.705654144287109 ] } },
{ "type": "Feature", "properties": { "vehicle_id": "A3700", "latitude": 42.667015075683594, "longitude": 23.448970794677734, "raw_occupancy": 1, "timestamp": "2026-09-15 17:45:29" }, "geometry": { "type": "Point", "coordinates": [ 23.448970794677734, 42.667015075683594 ] } },
{ "type": "Feature", "properties": { "vehicle_id": "A1406", "latitude": 42.660541534423828, "longitude": 23.320148468017578, "raw_occupancy": 1, "timestamp": "2026-09-15 17:45:29" }, "geometry": { "type": "Point", "coordinates": [ 23.320148468017578, 42.660541534423828 ] } },
{ "type": "Feature", "properties": { "vehicle_id": "A7113", "latitude": 42.713417053222656, "longitude": 23.314550399780273, "raw_occupancy": 1, "timestamp": "2026-09-15 17:45:29" }, "geometry": { "type": "Point", "coordinates": [ 23.314550399780273, 42.713417053222656 ] } },
{ "type": "Feature", "properties": { "vehicle_id": "A1037", "latitude": 42.658725738525391, "longitude": 23.299278259277344, "raw_occupancy": 1, "timestamp": "2026-09-15 17:45:29" }, "geometry": { "type": "Point", "coordinates": [ 23.299278259277344, 42.658725738525391 ] } },
{ "type": "Feature", "properties": { "vehicle_id": "A2033", "latitude": 42.656570434570312, "longitude": 23.327714920043945, "raw_occupancy": 0, "timestamp": "2026-09-15 17:45:29" }, "geometry": { "type": "Point", "coordinates": [ 23.327714920043945, 42.656570434570312 ] } },
{ "type": "Feature", "properties": { "vehicle_id": "A7051", "latitude": 42.698818206787109, "longitude": 23.361551284790039, "raw_occupancy": 5, "timestamp": "2026-09-15 17:45:29" }, "geometry": { "type": "Point", "coordinates": [ 23.361551284790039, 42.698818206787109 ] } },
{ "type": "Feature", "properties": { "vehicle_id": "A3121", "latitude": 42.638816833496094, "longitude": 23.392494201660156, "raw_occupancy": 0, "timestamp": "2026-09-15 17:45:29" }, "geometry": { "type": "Point", "coordinates": [ 23.392494201660156, 42.638816833496094 ] } },
{ "type": "Feature", "properties": { "vehicle_id": "A2081", "latitude": 42.545928955078125, "longitude": 23.479362487792969, "raw_occupancy": 2, "timestamp": "2026-09-15 17:45:29" }, "geometry": { "type": "Point", "coordinates": [ 23.479362487792969, 42.545928955078125 ] } },
{ "type": "Feature", "properties": { "vehicle_id": "A7085", "latitude": 42.710422515869141, "longitude": 23.386472702026367, "raw_occupancy": 2, "timestamp": "2026-09-15 17:45:29" }, "geometry": { "type": "Point", "coordinates": [ 23.386472702026367, 42.710422515869141 ] } },
{ "type": "Feature", "properties": { "vehicle_id": "A1605", "latitude": 42.696224212646484, "longitude": 23.347743988037109, "raw_occupancy": 4, "timestamp": "2026-09-15 17:45:29" }, "geometry": { "type": "Point", "coordinates": [ 23.347743988037109, 42.696224212646484 ] } },
{ "type": "Feature", "properties": { "vehicle_id": "A2028", "latitude": 42.708896636962891, "longitude": 23.368213653564453, "raw_occupancy": 2, "timestamp": "2026-09-15 17:45:29" }, "geometry": { "type": "Point", "coordinates": [ 23.368213653564453, 42.708896636962891 ] } },
{ "type": "Feature", "properties": { "vehicle_id": "A3655", "latitude": 42.673145294189453, "longitude": 23.335622787475586, "raw_occupancy": 1, "timestamp": "2026-09-15 17:45:29" }, "geometry": { "type": "Point", "coordinates": [ 23.335622787475586, 42.673145294189453 ] } },
{ "type": "Feature", "properties": { "vehicle_id": "A2014", "latitude": 42.712493896484375, "longitude": 23.411968231201172, "raw_occupancy": 0, "timestamp": "2026-09-15 17:45:29" }, "geometry": { "type": "Point", "coordinates": [ 23.411968231201172, 42.712493896484375 ] } },
{ "type": "Feature", "properties": { "vehicle_id": "A2728", "latitude": 42.725833892822266, "longitude": 23.317167282104492, "raw_occupancy": 0, "timestamp": "2026-09-15 17:45:29" }, "geometry": { "type": "Point", "coordinates": [ 23.317167282104492, 42.725833892822266 ] } },
{ "type": "Feature", "properties": { "vehicle_id": "A2082", "latitude": 42.596931457519531, "longitude": 23.354860305786133, "raw_occupancy": 2, "timestamp": "2026-09-15 17:45:29" }, "geometry": { "type": "Point", "coordinates": [ 23.354860305786133, 42.596931457519531 ] } },
{ "type": "Feature", "properties": { "vehicle_id": "A3119", "latitude": 42.671051025390625, "longitude": 23.351556777954102, "raw_occupancy": 1, "timestamp": "2026-09-15 17:45:29" }, "geometry": { "type": "Point", "coordinates": [ 23.351556777954102, 42.671051025390625 ] } },
{ "type": "Feature", "properties": { "vehicle_id": "A7121", "latitude": 42.715888977050781, "longitude": 23.340112686157227, "raw_occupancy": 1, "timestamp": "2026-09-15 17:45:29" }, "geometry": { "type": "Point", "coordinates": [ 23.340112686157227, 42.715888977050781 ] } },
{ "type": "Feature", "properties": { "vehicle_id": "A1601", "latitude": 42.689510345458984, "longitude": 23.277097702026367, "raw_occupancy": 2, "timestamp": "2026-09-15 17:45:29" }, "geometry": { "type": "Point", "coordinates": [ 23.277097702026367, 42.689510345458984 ] } },
{ "type": "Feature", "properties": { "vehicle_id": "A7149", "latitude": 42.762554168701172, "longitude": 23.421560287475586, "raw_occupancy": 2, "timestamp": "2026-09-15 17:45:29" }, "geometry": { "type": "Point", "coordinates": [ 23.421560287475586, 42.762554168701172 ] } },
{ "type": "Feature", "properties": { "vehicle_id": "A1169", "latitude": 42.665882110595703, "longitude": 23.301979064941406, "raw_occupancy": 2, "timestamp": "2026-09-15 17:45:29" }, "geometry": { "type": "Point", "coordinates": [ 23.301979064941406, 42.665882110595703 ] } },
{ "type": "Feature", "properties": { "vehicle_id": "A1219", "latitude": 42.714111328125, "longitude": 23.245317459106445, "raw_occupancy": 2, "timestamp": "2026-09-15 17:45:29" }, "geometry": { "type": "Point", "coordinates": [ 23.245317459106445, 42.714111328125 ] } },
{ "type": "Feature", "properties": { "vehicle_id": "A2509", "latitude": 42.691436767578125, "longitude": 23.339874267578125, "raw_occupancy": 3, "timestamp": "2026-09-15 17:45:29" }, "geometry": { "type": "Point", "coordinates": [ 23.339874267578125, 42.691436767578125 ] } },
{ "type": "Feature", "properties": { "vehicle_id": "A1010", "latitude": 42.654354095458984, "longitude": 23.33085823059082, "raw_occupancy": 2, "timestamp": "2026-09-15 17:45:29" }, "geometry": { "type": "Point", "coordinates": [ 23.33085823059082, 42.654354095458984 ] } },
{ "type": "Feature", "properties": { "vehicle_id": "A1152", "latitude": 42.684707641601562, "longitude": 23.275485992431641, "raw_occupancy": 1, "timestamp": "2026-09-15 17:45:29" }, "geometry": { "type": "Point", "coordinates": [ 23.275485992431641, 42.684707641601562 ] } },
{ "type": "Feature", "properties": { "vehicle_id": "A3670", "latitude": 42.687610626220703, "longitude": 23.401611328125, "raw_occupancy": 1, "timestamp": "2026-09-15 17:45:29" }, "geometry": { "type": "Point", "coordinates": [ 23.401611328125, 42.687610626220703 ] } },
{ "type": "Feature", "properties": { "vehicle_id": "A3120", "latitude": 42.710617065429688, "longitude": 23.318944931030273, "raw_occupancy": 1, "timestamp": "2026-09-15 17:45:29" }, "geometry": { "type": "Point", "coordinates": [ 23.318944931030273, 42.710617065429688 ] } },
{ "type": "Feature", "properties": { "vehicle_id": "A1308", "latitude": 42.603542327880859, "longitude": 23.175779342651367, "raw_occupancy": 0, "timestamp": "2026-09-15 17:45:29" }, "geometry": { "type": "Point", "coordinates": [ 23.175779342651367, 42.603542327880859 ] } },
{ "type": "Feature", "properties": { "vehicle_id": "A2036", "latitude": 42.644039154052734, "longitude": 23.345216751098633, "raw_occupancy": 1, "timestamp": "2026-09-15 17:45:29" }, "geometry": { "type": "Point", "coordinates": [ 23.345216751098633, 42.644039154052734 ] } },
{ "type": "Feature", "properties": { "vehicle_id": "A1831", "latitude": 42.645378112792969, "longitude": 23.375345230102539, "raw_occupancy": 1, "timestamp": "2026-09-15 17:45:29" }, "geometry": { "type": "Point", "coordinates": [ 23.375345230102539, 42.645378112792969 ] } },
{ "type": "Feature", "properties": { "vehicle_id": "A1212", "latitude": 42.670783996582031, "longitude": 23.293478012084961, "raw_occupancy": 1, "timestamp": "2026-09-15 17:45:29" }, "geometry": { "type": "Point", "coordinates": [ 23.293478012084961, 42.670783996582031 ] } },
{ "type": "Feature", "properties": { "vehicle_id": "A3153", "latitude": 42.686206817626953, "longitude": 23.376842498779297, "raw_occupancy": 1, "timestamp": "2026-09-15 17:45:29" }, "geometry": { "type": "Point", "coordinates": [ 23.376842498779297, 42.686206817626953 ] } },
{ "type": "Feature", "properties": { "vehicle_id": "A7061", "latitude": 42.716426849365234, "longitude": 23.309892654418945, "raw_occupancy": 2, "timestamp": "2026-09-15 17:45:29" }, "geometry": { "type": "Point", "coordinates": [ 23.309892654418945, 42.716426849365234 ] } },
{ "type": "Feature", "properties": { "vehicle_id": "A1318", "latitude": 42.645576477050781, "longitude": 23.249490737915039, "raw_occupancy": 0, "timestamp": "2026-09-15 17:45:29" }, "geometry": { "type": "Point", "coordinates": [ 23.249490737915039, 42.645576477050781 ] } },
{ "type": "Feature", "properties": { "vehicle_id": "A2072", "latitude": 42.689735412597656, "longitude": 23.383586883544922, "raw_occupancy": 0, "timestamp": "2026-09-15 17:45:29" }, "geometry": { "type": "Point", "coordinates": [ 23.383586883544922, 42.689735412597656 ] } },
{ "type": "Feature", "properties": { "vehicle_id": "A1021", "latitude": 42.668190002441406, "longitude": 23.241495132446289, "raw_occupancy": 2, "timestamp": "2026-09-15 17:45:29" }, "geometry": { "type": "Point", "coordinates": [ 23.241495132446289, 42.668190002441406 ] } },
{ "type": "Feature", "properties": { "vehicle_id": "A2517", "latitude": 42.623222351074219, "longitude": 23.320993423461914, "raw_occupancy": 3, "timestamp": "2026-09-15 17:45:29" }, "geometry": { "type": "Point", "coordinates": [ 23.320993423461914, 42.623222351074219 ] } },
{ "type": "Feature", "properties": { "vehicle_id": "A1117", "latitude": 42.730762481689453, "longitude": 23.254804611206055, "raw_occupancy": 3, "timestamp": "2026-09-15 17:45:29" }, "geometry": { "type": "Point", "coordinates": [ 23.254804611206055, 42.730762481689453 ] } },
{ "type": "Feature", "properties": { "vehicle_id": "A2313", "latitude": 42.694175720214844, "longitude": 23.334693908691406, "raw_occupancy": 1, "timestamp": "2026-09-15 17:45:29" }, "geometry": { "type": "Point", "coordinates": [ 23.334693908691406, 42.694175720214844 ] } },
{ "type": "Feature", "properties": { "vehicle_id": "A3600", "latitude": 42.66802978515625, "longitude": 23.402524948120117, "raw_occupancy": 1, "timestamp": "2026-09-15 17:45:29" }, "geometry": { "type": "Point", "coordinates": [ 23.402524948120117, 42.66802978515625 ] } },
{ "type": "Feature", "properties": { "vehicle_id": "A2006", "latitude": 42.710353851318359, "longitude": 23.245428085327148, "raw_occupancy": 1, "timestamp": "2026-09-15 17:45:29" }, "geometry": { "type": "Point", "coordinates": [ 23.245428085327148, 42.710353851318359 ] } },
{ "type": "Feature", "properties": { "vehicle_id": "A1845", "latitude": 42.72210693359375, "longitude": 23.192159652709961, "raw_occupancy": 4, "timestamp": "2026-09-15 17:45:29" }, "geometry": { "type": "Point", "coordinates": [ 23.192159652709961, 42.72210693359375 ] } },
{ "type": "Feature", "properties": { "vehicle_id": "A2302", "latitude": 42.647834777832031, "longitude": 23.341642379760742, "raw_occupancy": 1, "timestamp": "2026-09-15 17:45:29" }, "geometry": { "type": "Point", "coordinates": [ 23.341642379760742, 42.647834777832031 ] } },
{ "type": "Feature", "properties": { "vehicle_id": "A7063", "latitude": 42.729461669921875, "longitude": 23.257297515869141, "raw_occupancy": 1, "timestamp": "2026-09-15 17:45:29" }, "geometry": { "type": "Point", "coordinates": [ 23.257297515869141, 42.729461669921875 ] } },
{ "type": "Feature", "properties": { "vehicle_id": "A3404", "latitude": 42.650093078613281, "longitude": 23.335737228393555, "raw_occupancy": 2, "timestamp": "2026-09-15 17:45:29" }, "geometry": { "type": "Point", "coordinates": [ 23.335737228393555, 42.650093078613281 ] } },
{ "type": "Feature", "properties": { "vehicle_id": "A2037", "latitude": 42.64947509765625, "longitude": 23.34172248840332, "raw_occupancy": 2, "timestamp": "2026-09-15 17:45:29" }, "geometry": { "type": "Point", "coordinates": [ 23.34172248840332, 42.64947509765625 ] } },
{ "type": "Feature", "properties": { "vehicle_id": "A7073", "latitude": 42.783401489257812, "longitude": 23.50604248046875, "raw_occupancy": 2, "timestamp": "2026-09-15 17:45:29" }, "geometry": { "type": "Point", "coordinates": [ 23.50604248046875, 42.783401489257812 ] } },
{ "type": "Feature", "properties": { "vehicle_id": "A7111", "latitude": 42.743228912353516, "longitude": 23.283945083618164, "raw_occupancy": 1, "timestamp": "2026-09-15 17:45:29" }, "geometry": { "type": "Point", "coordinates": [ 23.283945083618164, 42.743228912353516 ] } },
{ "type": "Feature", "properties": { "vehicle_id": "A2301", "latitude": 42.653438568115234, "longitude": 23.359821319580078, "raw_occupancy": 3, "timestamp": "2026-09-15 17:45:29" }, "geometry": { "type": "Point", "coordinates": [ 23.359821319580078, 42.653438568115234 ] } },
{ "type": "Feature", "properties": { "vehicle_id": "A2722", "latitude": 42.803890228271484, "longitude": 23.403759002685547, "raw_occupancy": 0, "timestamp": "2026-09-15 17:45:29" }, "geometry": { "type": "Point", "coordinates": [ 23.403759002685547, 42.803890228271484 ] } },
{ "type": "Feature", "properties": { "vehicle_id": "A1127", "latitude": 42.732189178466797, "longitude": 23.252735137939453, "raw_occupancy": 3, "timestamp": "2026-09-15 17:45:29" }, "geometry": { "type": "Point", "coordinates": [ 23.252735137939453, 42.732189178466797 ] } },
{ "type": "Feature", "properties": { "vehicle_id": "A2090", "latitude": 42.677135467529297, "longitude": 23.369413375854492, "raw_occupancy": 0, "timestamp": "2026-09-15 17:45:29" }, "geometry": { "type": "Point", "coordinates": [ 23.369413375854492, 42.677135467529297 ] } },
{ "type": "Feature", "properties": { "vehicle_id": "A3140", "latitude": 42.641834259033203, "longitude": 23.370691299438477, "raw_occupancy": 2, "timestamp": "2026-09-15 17:45:29" }, "geometry": { "type": "Point", "coordinates": [ 23.370691299438477, 42.641834259033203 ] } },
{ "type": "Feature", "properties": { "vehicle_id": "A3151", "latitude": 42.671627044677734, "longitude": 23.394624710083008, "raw_occupancy": 1, "timestamp": "2026-09-15 17:45:29" }, "geometry": { "type": "Point", "coordinates": [ 23.394624710083008, 42.671627044677734 ] } },
{ "type": "Feature", "properties": { "vehicle_id": "A2303", "latitude": 42.7054443359375, "longitude": 23.313583374023438, "raw_occupancy": 1, "timestamp": "2026-09-15 17:45:29" }, "geometry": { "type": "Point", "coordinates": [ 23.313583374023438, 42.7054443359375 ] } },
{ "type": "Feature", "properties": { "vehicle_id": "A2079", "latitude": 42.658218383789062, "longitude": 23.316171646118164, "raw_occupancy": 2, "timestamp": "2026-09-15 17:45:29" }, "geometry": { "type": "Point", "coordinates": [ 23.316171646118164, 42.658218383789062 ] } },
{ "type": "Feature", "properties": { "vehicle_id": "A1174", "latitude": 42.651374816894531, "longitude": 23.367780685424805, "raw_occupancy": 1, "timestamp": "2026-09-15 17:45:29" }, "geometry": { "type": "Point", "coordinates": [ 23.367780685424805, 42.651374816894531 ] } },
{ "type": "Feature", "properties": { "vehicle_id": "A2034", "latitude": 42.692474365234375, "longitude": 23.351388931274414, "raw_occupancy": 4, "timestamp": "2026-09-15 17:45:29" }, "geometry": { "type": "Point", "coordinates": [ 23.351388931274414, 42.692474365234375 ] } },
{ "type": "Feature", "properties": { "vehicle_id": "A2165", "latitude": 42.706962585449219, "longitude": 23.345239639282227, "raw_occupancy": 2, "timestamp": "2026-09-15 17:45:29" }, "geometry": { "type": "Point", "coordinates": [ 23.345239639282227, 42.706962585449219 ] } },
{ "type": "Feature", "properties": { "vehicle_id": "A3108", "latitude": 42.673603057861328, "longitude": 23.346519470214844, "raw_occupancy": 2, "timestamp": "2026-09-15 17:45:29" }, "geometry": { "type": "Point", "coordinates": [ 23.346519470214844, 42.673603057861328 ] } },
{ "type": "Feature", "properties": { "vehicle_id": "A3129", "latitude": 42.686122894287109, "longitude": 23.35130500793457, "raw_occupancy": 5, "timestamp": "2026-09-15 17:45:29" }, "geometry": { "type": "Point", "coordinates": [ 23.35130500793457, 42.686122894287109 ] } },
{ "type": "Feature", "properties": { "vehicle_id": "A2087", "latitude": 42.759616851806641, "longitude": 23.316812515258789, "raw_occupancy": 2, "timestamp": "2026-09-15 17:45:29" }, "geometry": { "type": "Point", "coordinates": [ 23.316812515258789, 42.759616851806641 ] } },
{ "type": "Feature", "properties": { "vehicle_id": "A2518", "latitude": 42.635746002197266, "longitude": 23.429729461669922, "raw_occupancy": 2, "timestamp": "2026-09-15 17:45:29" }, "geometry": { "type": "Point", "coordinates": [ 23.429729461669922, 42.635746002197266 ] } },
{ "type": "Feature", "properties": { "vehicle_id": "A3102", "latitude": 42.697555541992188, "longitude": 23.353794097900391, "raw_occupancy": 3, "timestamp": "2026-09-15 17:45:29" }, "geometry": { "type": "Point", "coordinates": [ 23.353794097900391, 42.697555541992188 ] } },
{ "type": "Feature", "properties": { "vehicle_id": "A1603", "latitude": 42.680423736572266, "longitude": 23.245864868164062, "raw_occupancy": 0, "timestamp": "2026-09-15 17:45:29" }, "geometry": { "type": "Point", "coordinates": [ 23.245864868164062, 42.680423736572266 ] } },
{ "type": "Feature", "properties": { "vehicle_id": "A2055", "latitude": 42.705753326416016, "longitude": 23.316818237304688, "raw_occupancy": 1, "timestamp": "2026-09-15 17:45:29" }, "geometry": { "type": "Point", "coordinates": [ 23.316818237304688, 42.705753326416016 ] } },
{ "type": "Feature", "properties": { "vehicle_id": "A2816", "latitude": 42.739543914794922, "longitude": 23.327281951904297, "raw_occupancy": 1, "timestamp": "2026-09-15 17:45:29" }, "geometry": { "type": "Point", "coordinates": [ 23.327281951904297, 42.739543914794922 ] } },
{ "type": "Feature", "properties": { "vehicle_id": "A2025", "latitude": 42.644760131835938, "longitude": 23.345148086547852, "raw_occupancy": 0, "timestamp": "2026-09-15 17:45:29" }, "geometry": { "type": "Point", "coordinates": [ 23.345148086547852, 42.644760131835938 ] } },
{ "type": "Feature", "properties": { "vehicle_id": "A2309", "latitude": 42.668270111083984, "longitude": 23.368480682373047, "raw_occupancy": 2, "timestamp": "2026-09-15 17:45:29" }, "geometry": { "type": "Point", "coordinates": [ 23.368480682373047, 42.668270111083984 ] } },
{ "type": "Feature", "properties": { "vehicle_id": "A1310", "latitude": 42.718185424804688, "longitude": 23.133977890014648, "raw_occupancy": 1, "timestamp": "2026-09-15 17:45:29" }, "geometry": { "type": "Point", "coordinates": [ 23.133977890014648, 42.718185424804688 ] } },
{ "type": "Feature", "properties": { "vehicle_id": "A7097", "latitude": 42.782699584960938, "longitude": 23.387845993041992, "raw_occupancy": 1, "timestamp": "2026-09-15 17:45:29" }, "geometry": { "type": "Point", "coordinates": [ 23.387845993041992, 42.782699584960938 ] } },
{ "type": "Feature", "properties": { "vehicle_id": "A3125", "latitude": 42.65045166015625, "longitude": 23.358024597167969, "raw_occupancy": 5, "timestamp": "2026-09-15 17:45:29" }, "geometry": { "type": "Point", "coordinates": [ 23.358024597167969, 42.65045166015625 ] } },
{ "type": "Feature", "properties": { "vehicle_id": "A3127", "latitude": 42.640827178955078, "longitude": 23.380605697631836, "raw_occupancy": 1, "timestamp": "2026-09-15 17:45:29" }, "geometry": { "type": "Point", "coordinates": [ 23.380605697631836, 42.640827178955078 ] } },
{ "type": "Feature", "properties": { "vehicle_id": "A2058", "latitude": 42.69384765625, "longitude": 23.294925689697266, "raw_occupancy": 4, "timestamp": "2026-09-15 17:45:29" }, "geometry": { "type": "Point", "coordinates": [ 23.294925689697266, 42.69384765625 ] } },
{ "type": "Feature", "properties": { "vehicle_id": "A1851", "latitude": 42.665336608886719, "longitude": 23.260028839111328, "raw_occupancy": 2, "timestamp": "2026-09-15 17:45:29" }, "geometry": { "type": "Point", "coordinates": [ 23.260028839111328, 42.665336608886719 ] } },
{ "type": "Feature", "properties": { "vehicle_id": "A3408", "latitude": 42.692653656005859, "longitude": 23.334281921386719, "raw_occupancy": 2, "timestamp": "2026-09-15 17:45:29" }, "geometry": { "type": "Point", "coordinates": [ 23.334281921386719, 42.692653656005859 ] } },
{ "type": "Feature", "properties": { "vehicle_id": "A2052", "latitude": 42.601730346679688, "longitude": 23.487106323242188, "raw_occupancy": 2, "timestamp": "2026-09-15 17:45:29" }, "geometry": { "type": "Point", "coordinates": [ 23.487106323242188, 42.601730346679688 ] } },
{ "type": "Feature", "properties": { "vehicle_id": "A1841", "latitude": 42.716201782226562, "longitude": 23.25120735168457, "raw_occupancy": 2, "timestamp": "2026-09-15 17:45:29" }, "geometry": { "type": "Point", "coordinates": [ 23.25120735168457, 42.716201782226562 ] } },
{ "type": "Feature", "properties": { "vehicle_id": "A3601", "latitude": 42.663551330566406, "longitude": 23.427099227905273, "raw_occupancy": 0, "timestamp": "2026-09-15 17:45:29" }, "geometry": { "type": "Point", "coordinates": [ 23.427099227905273, 42.663551330566406 ] } },
{ "type": "Feature", "properties": { "vehicle_id": "A1407", "latitude": 42.71380615234375, "longitude": 23.298444747924805, "raw_occupancy": 2, "timestamp": "2026-09-15 17:45:29" }, "geometry": { "type": "Point", "coordinates": [ 23.298444747924805, 42.71380615234375 ] } },
{ "type": "Feature", "properties": { "vehicle_id": "A3661", "latitude": 42.619991302490234, "longitude": 23.358726501464844, "raw_occupancy": 5, "timestamp": "2026-09-15 17:45:29" }, "geometry": { "type": "Point", "coordinates": [ 23.358726501464844, 42.619991302490234 ] } },
{ "type": "Feature", "properties": { "vehicle_id": "A3100", "latitude": 42.656604766845703, "longitude": 23.38322639465332, "raw_occupancy": 3, "timestamp": "2026-09-15 17:45:29" }, "geometry": { "type": "Point", "coordinates": [ 23.38322639465332, 42.656604766845703 ] } },
{ "type": "Feature", "properties": { "vehicle_id": "A1618", "latitude": 42.701789855957031, "longitude": 23.297731399536133, "raw_occupancy": 3, "timestamp": "2026-09-15 17:45:29" }, "geometry": { "type": "Point", "coordinates": [ 23.297731399536133, 42.701789855957031 ] } },
{ "type": "Feature", "properties": { "vehicle_id": "A3312", "latitude": 42.653236389160156, "longitude": 23.380365371704102, "raw_occupancy": 3, "timestamp": "2026-09-15 17:45:29" }, "geometry": { "type": "Point", "coordinates": [ 23.380365371704102, 42.653236389160156 ] } },
{ "type": "Feature", "properties": { "vehicle_id": "A1405", "latitude": 42.643550872802734, "longitude": 23.313253402709961, "raw_occupancy": 3, "timestamp": "2026-09-15 17:45:29" }, "geometry": { "type": "Point", "coordinates": [ 23.313253402709961, 42.643550872802734 ] } },
{ "type": "Feature", "properties": { "vehicle_id": "A1821", "latitude": 42.681407928466797, "longitude": 23.24400520324707, "raw_occupancy": 3, "timestamp": "2026-09-15 17:45:29" }, "geometry": { "type": "Point", "coordinates": [ 23.24400520324707, 42.681407928466797 ] } },
{ "type": "Feature", "properties": { "vehicle_id": "A3139", "latitude": 42.685276031494141, "longitude": 23.326747894287109, "raw_occupancy": 2, "timestamp": "2026-09-15 17:45:29" }, "geometry": { "type": "Point", "coordinates": [ 23.326747894287109, 42.685276031494141 ] } },
{ "type": "Feature", "properties": { "vehicle_id": "A3402", "latitude": 42.657432556152344, "longitude": 23.338409423828125, "raw_occupancy": 3, "timestamp": "2026-09-15 17:45:29" }, "geometry": { "type": "Point", "coordinates": [ 23.338409423828125, 42.657432556152344 ] } },
{ "type": "Feature", "properties": { "vehicle_id": "A3620", "latitude": 42.641529083251953, "longitude": 23.381296157836914, "raw_occupancy": 2, "timestamp": "2026-09-15 17:45:29" }, "geometry": { "type": "Point", "coordinates": [ 23.381296157836914, 42.641529083251953 ] } },
{ "type": "Feature", "properties": { "vehicle_id": "A3401", "latitude": 42.658855438232422, "longitude": 23.345008850097656, "raw_occupancy": 3, "timestamp": "2026-09-15 17:45:29" }, "geometry": { "type": "Point", "coordinates": [ 23.345008850097656, 42.658855438232422 ] } },
{ "type": "Feature", "properties": { "vehicle_id": "A2074", "latitude": 42.592617034912109, "longitude": 23.417230606079102, "raw_occupancy": 0, "timestamp": "2026-09-15 17:45:29" }, "geometry": { "type": "Point", "coordinates": [ 23.417230606079102, 42.592617034912109 ] } },
{ "type": "Feature", "properties": { "vehicle_id": "A2026", "latitude": 42.703216552734375, "longitude": 23.353822708129883, "raw_occupancy": 2, "timestamp": "2026-09-15 17:45:29" }, "geometry": { "type": "Point", "coordinates": [ 23.353822708129883, 42.703216552734375 ] } },
{ "type": "Feature", "properties": { "vehicle_id": "A1857", "latitude": 42.642562866210938, "longitude": 23.20416259765625, "raw_occupancy": 1, "timestamp": "2026-09-15 17:45:29" }, "geometry": { "type": "Point", "coordinates": [ 23.20416259765625, 42.642562866210938 ] } },
{ "type": "Feature", "properties": { "vehicle_id": "A3666", "latitude": 42.658687591552734, "longitude": 23.387378692626953, "raw_occupancy": 3, "timestamp": "2026-09-15 17:45:29" }, "geometry": { "type": "Point", "coordinates": [ 23.387378692626953, 42.658687591552734 ] } },
{ "type": "Feature", "properties": { "vehicle_id": "A2016", "latitude": 42.690334320068359, "longitude": 23.331764221191406, "raw_occupancy": 0, "timestamp": "2026-09-15 17:45:29" }, "geometry": { "type": "Point", "coordinates": [ 23.331764221191406, 42.690334320068359 ] } },
{ "type": "Feature", "properties": { "vehicle_id": "A2054", "latitude": 42.686637878417969, "longitude": 23.331996917724609, "raw_occupancy": 2, "timestamp": "2026-09-15 17:45:29" }, "geometry": { "type": "Point", "coordinates": [ 23.331996917724609, 42.686637878417969 ] } },
{ "type": "Feature", "properties": { "vehicle_id": "A2056", "latitude": 42.720237731933594, "longitude": 23.34068489074707, "raw_occupancy": 0, "timestamp": "2026-09-15 17:45:29" }, "geometry": { "type": "Point", "coordinates": [ 23.34068489074707, 42.720237731933594 ] } },
{ "type": "Feature", "properties": { "vehicle_id": "A3608", "latitude": 42.654647827148438, "longitude": 23.369724273681641, "raw_occupancy": 1, "timestamp": "2026-09-15 17:45:29" }, "geometry": { "type": "Point", "coordinates": [ 23.369724273681641, 42.654647827148438 ] } },
{ "type": "Feature", "properties": { "vehicle_id": "A2046", "latitude": 42.716499328613281, "longitude": 23.237611770629883, "raw_occupancy": 0, "timestamp": "2026-09-15 17:45:29" }, "geometry": { "type": "Point", "coordinates": [ 23.237611770629883, 42.716499328613281 ] } },
{ "type": "Feature", "properties": { "vehicle_id": "A2823", "latitude": 42.665267944335938, "longitude": 23.243839263916016, "raw_occupancy": 1, "timestamp": "2026-09-15 17:45:29" }, "geometry": { "type": "Point", "coordinates": [ 23.243839263916016, 42.665267944335938 ] } },
{ "type": "Feature", "properties": { "vehicle_id": "A3136", "latitude": 42.688312530517578, "longitude": 23.340778350830078, "raw_occupancy": 3, "timestamp": "2026-09-15 17:45:29" }, "geometry": { "type": "Point", "coordinates": [ 23.340778350830078, 42.688312530517578 ] } },
{ "type": "Feature", "properties": { "vehicle_id": "A1162", "latitude": 42.666210174560547, "longitude": 23.301393508911133, "raw_occupancy": 1, "timestamp": "2026-09-15 17:45:29" }, "geometry": { "type": "Point", "coordinates": [ 23.301393508911133, 42.666210174560547 ] } },
{ "type": "Feature", "properties": { "vehicle_id": "A3133", "latitude": 42.651893615722656, "longitude": 23.348644256591797, "raw_occupancy": 0, "timestamp": "2026-09-15 17:45:29" }, "geometry": { "type": "Point", "coordinates": [ 23.348644256591797, 42.651893615722656 ] } },
{ "type": "Feature", "properties": { "vehicle_id": "A1185", "latitude": 42.679603576660156, "longitude": 23.283458709716797, "raw_occupancy": 2, "timestamp": "2026-09-15 17:45:29" }, "geometry": { "type": "Point", "coordinates": [ 23.283458709716797, 42.679603576660156 ] } },
{ "type": "Feature", "properties": { "vehicle_id": "A2810", "latitude": 42.726089477539062, "longitude": 23.244564056396484, "raw_occupancy": 1, "timestamp": "2026-09-15 17:45:29" }, "geometry": { "type": "Point", "coordinates": [ 23.244564056396484, 42.726089477539062 ] } },
{ "type": "Feature", "properties": { "vehicle_id": "A2018", "latitude": 42.678874969482422, "longitude": 23.321561813354492, "raw_occupancy": 2, "timestamp": "2026-09-15 17:45:29" }, "geometry": { "type": "Point", "coordinates": [ 23.321561813354492, 42.678874969482422 ] } },
{ "type": "Feature", "properties": { "vehicle_id": "A7181", "latitude": 42.752796173095703, "longitude": 23.318666458129883, "raw_occupancy": 0, "timestamp": "2026-09-15 17:45:29" }, "geometry": { "type": "Point", "coordinates": [ 23.318666458129883, 42.752796173095703 ] } },
{ "type": "Feature", "properties": { "vehicle_id": "A7093", "latitude": 42.732791900634766, "longitude": 23.251527786254883, "raw_occupancy": 1, "timestamp": "2026-09-15 17:45:29" }, "geometry": { "type": "Point", "coordinates": [ 23.251527786254883, 42.732791900634766 ] } },
{ "type": "Feature", "properties": { "vehicle_id": "A1803", "latitude": 42.634574890136719, "longitude": 23.195644378662109, "raw_occupancy": 0, "timestamp": "2026-09-15 17:45:29" }, "geometry": { "type": "Point", "coordinates": [ 23.195644378662109, 42.634574890136719 ] } },
{ "type": "Feature", "properties": { "vehicle_id": "A1186", "latitude": 42.643260955810547, "longitude": 23.337486267089844, "raw_occupancy": 1, "timestamp": "2026-09-15 17:45:29" }, "geometry": { "type": "Point", "coordinates": [ 23.337486267089844, 42.643260955810547 ] } },
{ "type": "Feature", "properties": { "vehicle_id": "A3124", "latitude": 42.633068084716797, "longitude": 23.380342483520508, "raw_occupancy": 1, "timestamp": "2026-09-15 17:45:29" }, "geometry": { "type": "Point", "coordinates": [ 23.380342483520508, 42.633068084716797 ] } },
{ "type": "Feature", "properties": { "vehicle_id": "A1823", "latitude": 42.720851898193359, "longitude": 23.240432739257812, "raw_occupancy": 2, "timestamp": "2026-09-15 17:45:29" }, "geometry": { "type": "Point", "coordinates": [ 23.240432739257812, 42.720851898193359 ] } },
{ "type": "Feature", "properties": { "vehicle_id": "A2030", "latitude": 42.662693023681641, "longitude": 23.317132949829102, "raw_occupancy": 2, "timestamp": "2026-09-15 17:45:29" }, "geometry": { "type": "Point", "coordinates": [ 23.317132949829102, 42.662693023681641 ] } },
{ "type": "Feature", "properties": { "vehicle_id": "A3610", "latitude": 42.60302734375, "longitude": 23.367935180664062, "raw_occupancy": 2, "timestamp": "2026-09-15 17:45:29" }, "geometry": { "type": "Point", "coordinates": [ 23.367935180664062, 42.60302734375 ] } },
{ "type": "Feature", "properties": { "vehicle_id": "A7067", "latitude": 42.699253082275391, "longitude": 23.364625930786133, "raw_occupancy": 2, "timestamp": "2026-09-15 17:45:29" }, "geometry": { "type": "Point", "coordinates": [ 23.364625930786133, 42.699253082275391 ] } },
{ "type": "Feature", "properties": { "vehicle_id": "A1616", "latitude": 42.705913543701172, "longitude": 23.314352035522461, "raw_occupancy": 3, "timestamp": "2026-09-15 17:45:29" }, "geometry": { "type": "Point", "coordinates": [ 23.314352035522461, 42.705913543701172 ] } },
{ "type": "Feature", "properties": { "vehicle_id": "A1153", "latitude": 42.659152984619141, "longitude": 23.326848983764648, "raw_occupancy": 1, "timestamp": "2026-09-15 17:45:29" }, "geometry": { "type": "Point", "coordinates": [ 23.326848983764648, 42.659152984619141 ] } },
{ "type": "Feature", "properties": { "vehicle_id": "A1150", "latitude": 42.673530578613281, "longitude": 23.292232513427734, "raw_occupancy": 3, "timestamp": "2026-09-15 17:45:29" }, "geometry": { "type": "Point", "coordinates": [ 23.292232513427734, 42.673530578613281 ] } },
{ "type": "Feature", "properties": { "vehicle_id": "A2316", "latitude": 42.686145782470703, "longitude": 23.343532562255859, "raw_occupancy": 2, "timestamp": "2026-09-15 17:45:29" }, "geometry": { "type": "Point", "coordinates": [ 23.343532562255859, 42.686145782470703 ] } },
{ "type": "Feature", "properties": { "vehicle_id": "A3663", "latitude": 42.656669616699219, "longitude": 23.400920867919922, "raw_occupancy": 2, "timestamp": "2026-09-15 17:45:29" }, "geometry": { "type": "Point", "coordinates": [ 23.400920867919922, 42.656669616699219 ] } },
{ "type": "Feature", "properties": { "vehicle_id": "A7065", "latitude": 42.705051422119141, "longitude": 23.325841903686523, "raw_occupancy": 3, "timestamp": "2026-09-15 17:45:29" }, "geometry": { "type": "Point", "coordinates": [ 23.325841903686523, 42.705051422119141 ] } },
{ "type": "Feature", "properties": { "vehicle_id": "A3131", "latitude": 42.687770843505859, "longitude": 23.341455459594727, "raw_occupancy": 3, "timestamp": "2026-09-15 17:45:29" }, "geometry": { "type": "Point", "coordinates": [ 23.341455459594727, 42.687770843505859 ] } },
{ "type": "Feature", "properties": { "vehicle_id": "A7125", "latitude": 42.781944274902344, "longitude": 23.38441276550293, "raw_occupancy": 2, "timestamp": "2026-09-15 17:45:29" }, "geometry": { "type": "Point", "coordinates": [ 23.38441276550293, 42.781944274902344 ] } },
{ "type": "Feature", "properties": { "vehicle_id": "A7193", "latitude": 42.740364074707031, "longitude": 23.344287872314453, "raw_occupancy": 0, "timestamp": "2026-09-15 17:45:29" }, "geometry": { "type": "Point", "coordinates": [ 23.344287872314453, 42.740364074707031 ] } },
{ "type": "Feature", "properties": { "vehicle_id": "A3625", "latitude": 42.662796020507812, "longitude": 23.464452743530273, "raw_occupancy": 1, "timestamp": "2026-09-15 17:45:29" }, "geometry": { "type": "Point", "coordinates": [ 23.464452743530273, 42.662796020507812 ] } },
{ "type": "Feature", "properties": { "vehicle_id": "A2825", "latitude": 42.708877563476562, "longitude": 23.331668853759766, "raw_occupancy": 1, "timestamp": "2026-09-15 17:45:29" }, "geometry": { "type": "Point", "coordinates": [ 23.331668853759766, 42.708877563476562 ] } },
{ "type": "Feature", "properties": { "vehicle_id": "A7123", "latitude": 42.707134246826172, "longitude": 23.407617568969727, "raw_occupancy": 1, "timestamp": "2026-09-15 17:45:29" }, "geometry": { "type": "Point", "coordinates": [ 23.407617568969727, 42.707134246826172 ] } },
{ "type": "Feature", "properties": { "vehicle_id": "A2817", "latitude": 42.704341888427734, "longitude": 23.355945587158203, "raw_occupancy": 1, "timestamp": "2026-09-15 17:45:29" }, "geometry": { "type": "Point", "coordinates": [ 23.355945587158203, 42.704341888427734 ] } },
{ "type": "Feature", "properties": { "vehicle_id": "A3633", "latitude": 42.638866424560547, "longitude": 23.391483306884766, "raw_occupancy": 3, "timestamp": "2026-09-15 17:45:29" }, "geometry": { "type": "Point", "coordinates": [ 23.391483306884766, 42.638866424560547 ] } },
{ "type": "Feature", "properties": { "vehicle_id": "A1226", "latitude": 42.660354614257812, "longitude": 23.264545440673828, "raw_occupancy": 3, "timestamp": "2026-09-15 17:45:29" }, "geometry": { "type": "Point", "coordinates": [ 23.264545440673828, 42.660354614257812 ] } },
{ "type": "Feature", "properties": { "vehicle_id": "A3664", "latitude": 42.663227081298828, "longitude": 23.405393600463867, "raw_occupancy": 0, "timestamp": "2026-09-15 17:45:29" }, "geometry": { "type": "Point", "coordinates": [ 23.405393600463867, 42.663227081298828 ] } },
{ "type": "Feature", "properties": { "vehicle_id": "A3152", "latitude": 42.640270233154297, "longitude": 23.415887832641602, "raw_occupancy": 1, "timestamp": "2026-09-15 17:45:29" }, "geometry": { "type": "Point", "coordinates": [ 23.415887832641602, 42.640270233154297 ] } },
{ "type": "Feature", "properties": { "vehicle_id": "A1805", "latitude": 42.638725280761719, "longitude": 23.320079803466797, "raw_occupancy": 3, "timestamp": "2026-09-15 17:45:29" }, "geometry": { "type": "Point", "coordinates": [ 23.320079803466797, 42.638725280761719 ] } },
{ "type": "Feature", "properties": { "vehicle_id": "A7101", "latitude": 42.7373046875, "longitude": 23.260963439941406, "raw_occupancy": 0, "timestamp": "2026-09-15 17:45:29" }, "geometry": { "type": "Point", "coordinates": [ 23.260963439941406, 42.7373046875 ] } },
{ "type": "Feature", "properties": { "vehicle_id": "A2038", "latitude": 42.671436309814453, "longitude": 23.337200164794922, "raw_occupancy": 3, "timestamp": "2026-09-15 17:45:29" }, "geometry": { "type": "Point", "coordinates": [ 23.337200164794922, 42.671436309814453 ] } },
{ "type": "Feature", "properties": { "vehicle_id": "A3143", "latitude": 42.682388305664062, "longitude": 23.349138259887695, "raw_occupancy": 3, "timestamp": "2026-09-15 17:45:29" }, "geometry": { "type": "Point", "coordinates": [ 23.349138259887695, 42.682388305664062 ] } },
{ "type": "Feature", "properties": { "vehicle_id": "A2752", "latitude": 42.645557403564453, "longitude": 23.345277786254883, "raw_occupancy": 0, "timestamp": "2026-09-15 17:45:29" }, "geometry": { "type": "Point", "coordinates": [ 23.345277786254883, 42.645557403564453 ] } },
{ "type": "Feature", "properties": { "vehicle_id": "A1421", "latitude": 42.679126739501953, "longitude": 23.30201530456543, "raw_occupancy": 0, "timestamp": "2026-09-15 17:45:29" }, "geometry": { "type": "Point", "coordinates": [ 23.30201530456543, 42.679126739501953 ] } },
{ "type": "Feature", "properties": { "vehicle_id": "A2059", "latitude": 42.704319000244141, "longitude": 23.334466934204102, "raw_occupancy": 1, "timestamp": "2026-09-15 17:45:29" }, "geometry": { "type": "Point", "coordinates": [ 23.334466934204102, 42.704319000244141 ] } },
{ "type": "Feature", "properties": { "vehicle_id": "A3613", "latitude": 42.674724578857422, "longitude": 23.396432876586914, "raw_occupancy": 0, "timestamp": "2026-09-15 17:45:29" }, "geometry": { "type": "Point", "coordinates": [ 23.396432876586914, 42.674724578857422 ] } },
{ "type": "Feature", "properties": { "vehicle_id": "A1607", "latitude": 42.679645538330078, "longitude": 23.37141227722168, "raw_occupancy": 1, "timestamp": "2026-09-15 17:45:29" }, "geometry": { "type": "Point", "coordinates": [ 23.37141227722168, 42.679645538330078 ] } },
{ "type": "Feature", "properties": { "vehicle_id": "A1180", "latitude": 42.678756713867188, "longitude": 23.300363540649414, "raw_occupancy": 1, "timestamp": "2026-09-15 17:45:29" }, "geometry": { "type": "Point", "coordinates": [ 23.300363540649414, 42.678756713867188 ] } },
{ "type": "Feature", "properties": { "vehicle_id": "A1855", "latitude": 42.675773620605469, "longitude": 23.228450775146484, "raw_occupancy": 1, "timestamp": "2026-09-15 17:45:29" }, "geometry": { "type": "Point", "coordinates": [ 23.228450775146484, 42.675773620605469 ] } },
{ "type": "Feature", "properties": { "vehicle_id": "A1231", "latitude": 42.69915771484375, "longitude": 23.275922775268555, "raw_occupancy": 0, "timestamp": "2026-09-15 17:45:29" }, "geometry": { "type": "Point", "coordinates": [ 23.275922775268555, 42.69915771484375 ] } },
{ "type": "Feature", "properties": { "vehicle_id": "A2815", "latitude": 42.745166778564453, "longitude": 23.34819221496582, "raw_occupancy": 1, "timestamp": "2026-09-15 17:45:29" }, "geometry": { "type": "Point", "coordinates": [ 23.34819221496582, 42.745166778564453 ] } },
{ "type": "Feature", "properties": { "vehicle_id": "A2051", "latitude": 42.685573577880859, "longitude": 23.312063217163086, "raw_occupancy": 1, "timestamp": "2026-09-15 17:45:29" }, "geometry": { "type": "Point", "coordinates": [ 23.312063217163086, 42.685573577880859 ] } },
{ "type": "Feature", "properties": { "vehicle_id": "A7103", "latitude": 42.70452880859375, "longitude": 23.324985504150391, "raw_occupancy": 2, "timestamp": "2026-09-15 17:45:29" }, "geometry": { "type": "Point", "coordinates": [ 23.324985504150391, 42.70452880859375 ] } },
{ "type": "Feature", "properties": { "vehicle_id": "A1188", "latitude": 42.663440704345703, "longitude": 23.344480514526367, "raw_occupancy": 3, "timestamp": "2026-09-15 17:45:29" }, "geometry": { "type": "Point", "coordinates": [ 23.344480514526367, 42.663440704345703 ] } },
{ "type": "Feature", "properties": { "vehicle_id": "A1170", "latitude": 42.722835540771484, "longitude": 23.280805587768555, "raw_occupancy": 2, "timestamp": "2026-09-15 17:45:29" }, "geometry": { "type": "Point", "coordinates": [ 23.280805587768555, 42.722835540771484 ] } },
{ "type": "Feature", "properties": { "vehicle_id": "A1025", "latitude": 42.678997039794922, "longitude": 23.284339904785156, "raw_occupancy": 4, "timestamp": "2026-09-15 17:45:29" }, "geometry": { "type": "Point", "coordinates": [ 23.284339904785156, 42.678997039794922 ] } },
{ "type": "Feature", "properties": { "vehicle_id": "A1608", "latitude": 42.66571044921875, "longitude": 23.288057327270508, "raw_occupancy": 0, "timestamp": "2026-09-15 17:45:29" }, "geometry": { "type": "Point", "coordinates": [ 23.288057327270508, 42.66571044921875 ] } },
{ "type": "Feature", "properties": { "vehicle_id": "A1034", "latitude": 42.666732788085938, "longitude": 23.266155242919922, "raw_occupancy": 2, "timestamp": "2026-09-15 17:45:29" }, "geometry": { "type": "Point", "coordinates": [ 23.266155242919922, 42.666732788085938 ] } },
{ "type": "Feature", "properties": { "vehicle_id": "A2077", "latitude": 42.783706665039062, "longitude": 23.394870758056641, "raw_occupancy": 1, "timestamp": "2026-09-15 17:45:29" }, "geometry": { "type": "Point", "coordinates": [ 23.394870758056641, 42.783706665039062 ] } },
{ "type": "Feature", "properties": { "vehicle_id": "A3144", "latitude": 42.680736541748047, "longitude": 23.30717658996582, "raw_occupancy": 2, "timestamp": "2026-09-15 17:45:29" }, "geometry": { "type": "Point", "coordinates": [ 23.30717658996582, 42.680736541748047 ] } },
{ "type": "Feature", "properties": { "vehicle_id": "A1408", "latitude": 42.645381927490234, "longitude": 23.271444320678711, "raw_occupancy": 2, "timestamp": "2026-09-15 17:45:29" }, "geometry": { "type": "Point", "coordinates": [ 23.271444320678711, 42.645381927490234 ] } },
{ "type": "Feature", "properties": { "vehicle_id": "A7173", "latitude": 42.720245361328125, "longitude": 23.310827255249023, "raw_occupancy": 2, "timestamp": "2026-09-15 17:45:29" }, "geometry": { "type": "Point", "coordinates": [ 23.310827255249023, 42.720245361328125 ] } },
{ "type": "Feature", "properties": { "vehicle_id": "A7109", "latitude": 42.715492248535156, "longitude": 23.437776565551758, "raw_occupancy": 3, "timestamp": "2026-09-15 17:45:29" }, "geometry": { "type": "Point", "coordinates": [ 23.437776565551758, 42.715492248535156 ] } },
{ "type": "Feature", "properties": { "vehicle_id": "A7099", "latitude": 42.815883636474609, "longitude": 23.352382659912109, "raw_occupancy": 0, "timestamp": "2026-09-15 17:45:29" }, "geometry": { "type": "Point", "coordinates": [ 23.352382659912109, 42.815883636474609 ] } },
{ "type": "Feature", "properties": { "vehicle_id": "A1869", "latitude": 42.729629516601562, "longitude": 23.098211288452148, "raw_occupancy": 1, "timestamp": "2026-09-15 17:45:29" }, "geometry": { "type": "Point", "coordinates": [ 23.098211288452148, 42.729629516601562 ] } },
{ "type": "Feature", "properties": { "vehicle_id": "A2083", "latitude": 42.706512451171875, "longitude": 23.300390243530273, "raw_occupancy": 1, "timestamp": "2026-09-15 17:45:29" }, "geometry": { "type": "Point", "coordinates": [ 23.300390243530273, 42.706512451171875 ] } },
{ "type": "Feature", "properties": { "vehicle_id": "A1619", "latitude": 42.693553924560547, "longitude": 23.282270431518555, "raw_occupancy": 2, "timestamp": "2026-09-15 17:45:29" }, "geometry": { "type": "Point", "coordinates": [ 23.282270431518555, 42.693553924560547 ] } },
{ "type": "Feature", "properties": { "vehicle_id": "A1205", "latitude": 42.662502288818359, "longitude": 23.31721305847168, "raw_occupancy": 3, "timestamp": "2026-09-15 17:45:29" }, "geometry": { "type": "Point", "coordinates": [ 23.31721305847168, 42.662502288818359 ] } },
{ "type": "Feature", "properties": { "vehicle_id": "A3013", "latitude": 42.671615600585938, "longitude": 23.394847869873047, "raw_occupancy": 2, "timestamp": "2026-09-15 17:45:29" }, "geometry": { "type": "Point", "coordinates": [ 23.394847869873047, 42.671615600585938 ] } },
{ "type": "Feature", "properties": { "vehicle_id": "A3410", "latitude": 42.672348022460938, "longitude": 23.363353729248047, "raw_occupancy": 3, "timestamp": "2026-09-15 17:45:29" }, "geometry": { "type": "Point", "coordinates": [ 23.363353729248047, 42.672348022460938 ] } },
{ "type": "Feature", "properties": { "vehicle_id": "A3656", "latitude": 42.683708190917969, "longitude": 23.376304626464844, "raw_occupancy": 1, "timestamp": "2026-09-15 17:45:29" }, "geometry": { "type": "Point", "coordinates": [ 23.376304626464844, 42.683708190917969 ] } },
{ "type": "Feature", "properties": { "vehicle_id": "A2811", "latitude": 42.653118133544922, "longitude": 23.199369430541992, "raw_occupancy": 0, "timestamp": "2026-09-15 17:45:29" }, "geometry": { "type": "Point", "coordinates": [ 23.199369430541992, 42.653118133544922 ] } },
{ "type": "Feature", "properties": { "vehicle_id": "A3150", "latitude": 42.668773651123047, "longitude": 23.279600143432617, "raw_occupancy": 2, "timestamp": "2026-09-15 17:45:29" }, "geometry": { "type": "Point", "coordinates": [ 23.279600143432617, 42.668773651123047 ] } },
{ "type": "Feature", "properties": { "vehicle_id": "A3616", "latitude": 42.633838653564453, "longitude": 23.380289077758789, "raw_occupancy": 3, "timestamp": "2026-09-15 17:45:29" }, "geometry": { "type": "Point", "coordinates": [ 23.380289077758789, 42.633838653564453 ] } },
{ "type": "Feature", "properties": { "vehicle_id": "A1809", "latitude": 42.664928436279297, "longitude": 23.259992599487305, "raw_occupancy": 2, "timestamp": "2026-09-15 17:45:29" }, "geometry": { "type": "Point", "coordinates": [ 23.259992599487305, 42.664928436279297 ] } },
{ "type": "Feature", "properties": { "vehicle_id": "A1182", "latitude": 42.710567474365234, "longitude": 23.292774200439453, "raw_occupancy": 3, "timestamp": "2026-09-15 17:45:29" }, "geometry": { "type": "Point", "coordinates": [ 23.292774200439453, 42.710567474365234 ] } },
{ "type": "Feature", "properties": { "vehicle_id": "A2807", "latitude": 42.720268249511719, "longitude": 23.273733139038086, "raw_occupancy": 1, "timestamp": "2026-09-15 17:45:29" }, "geometry": { "type": "Point", "coordinates": [ 23.273733139038086, 42.720268249511719 ] } },
{ "type": "Feature", "properties": { "vehicle_id": "A7147", "latitude": 42.823856353759766, "longitude": 23.284248352050781, "raw_occupancy": 1, "timestamp": "2026-09-15 17:45:29" }, "geometry": { "type": "Point", "coordinates": [ 23.284248352050781, 42.823856353759766 ] } },
{ "type": "Feature", "properties": { "vehicle_id": "A3606", "latitude": 42.599838256835938, "longitude": 23.36775016784668, "raw_occupancy": 0, "timestamp": "2026-09-15 17:45:29" }, "geometry": { "type": "Point", "coordinates": [ 23.36775016784668, 42.599838256835938 ] } },
{ "type": "Feature", "properties": { "vehicle_id": "A2720", "latitude": 42.787750244140625, "longitude": 23.402055740356445, "raw_occupancy": 1, "timestamp": "2026-09-15 17:45:29" }, "geometry": { "type": "Point", "coordinates": [ 23.402055740356445, 42.787750244140625 ] } },
{ "type": "Feature", "properties": { "vehicle_id": "A2069", "latitude": 42.649002075195312, "longitude": 23.393861770629883, "raw_occupancy": 2, "timestamp": "2026-09-15 17:45:29" }, "geometry": { "type": "Point", "coordinates": [ 23.393861770629883, 42.649002075195312 ] } },
{ "type": "Feature", "properties": { "vehicle_id": "A3154", "latitude": 42.640377044677734, "longitude": 23.414566040039062, "raw_occupancy": 0, "timestamp": "2026-09-15 17:45:29" }, "geometry": { "type": "Point", "coordinates": [ 23.414566040039062, 42.640377044677734 ] } },
{ "type": "Feature", "properties": { "vehicle_id": "A2070", "latitude": 42.670001983642578, "longitude": 23.369609832763672, "raw_occupancy": 3, "timestamp": "2026-09-15 17:45:29" }, "geometry": { "type": "Point", "coordinates": [ 23.369609832763672, 42.670001983642578 ] } },
{ "type": "Feature", "properties": { "vehicle_id": "A7071", "latitude": 42.798992156982422, "longitude": 23.265945434570312, "raw_occupancy": 2, "timestamp": "2026-09-15 17:45:29" }, "geometry": { "type": "Point", "coordinates": [ 23.265945434570312, 42.798992156982422 ] } },
{ "type": "Feature", "properties": { "vehicle_id": "A1402", "latitude": 42.731101989746094, "longitude": 23.314550399780273, "raw_occupancy": 2, "timestamp": "2026-09-15 17:45:29" }, "geometry": { "type": "Point", "coordinates": [ 23.314550399780273, 42.731101989746094 ] } },
{ "type": "Feature", "properties": { "vehicle_id": "A3122", "latitude": 42.657516479492188, "longitude": 23.338071823120117, "raw_occupancy": 3, "timestamp": "2026-09-15 17:45:29" }, "geometry": { "type": "Point", "coordinates": [ 23.338071823120117, 42.657516479492188 ] } },
{ "type": "Feature", "properties": { "vehicle_id": "A1835", "latitude": 42.708690643310547, "longitude": 23.152231216430664, "raw_occupancy": 1, "timestamp": "2026-09-15 17:45:29" }, "geometry": { "type": "Point", "coordinates": [ 23.152231216430664, 42.708690643310547 ] } },
{ "type": "Feature", "properties": { "vehicle_id": "A3628", "latitude": 42.687473297119141, "longitude": 23.301532745361328, "raw_occupancy": 1, "timestamp": "2026-09-15 17:45:29" }, "geometry": { "type": "Point", "coordinates": [ 23.301532745361328, 42.687473297119141 ] } },
{ "type": "Feature", "properties": { "vehicle_id": "A3110", "latitude": 42.671977996826172, "longitude": 23.304271697998047, "raw_occupancy": 2, "timestamp": "2026-09-15 17:45:29" }, "geometry": { "type": "Point", "coordinates": [ 23.304271697998047, 42.671977996826172 ] } },
{ "type": "Feature", "properties": { "vehicle_id": "A1404", "latitude": 42.629119873046875, "longitude": 23.309535980224609, "raw_occupancy": 2, "timestamp": "2026-09-15 17:45:29" }, "geometry": { "type": "Point", "coordinates": [ 23.309535980224609, 42.629119873046875 ] } },
{ "type": "Feature", "properties": { "vehicle_id": "A2822", "latitude": 42.724441528320312, "longitude": 23.323686599731445, "raw_occupancy": 0, "timestamp": "2026-09-15 17:45:29" }, "geometry": { "type": "Point", "coordinates": [ 23.323686599731445, 42.724441528320312 ] } },
{ "type": "Feature", "properties": { "vehicle_id": "A1610", "latitude": 42.651813507080078, "longitude": 23.367828369140625, "raw_occupancy": 0, "timestamp": "2026-09-15 17:45:29" }, "geometry": { "type": "Point", "coordinates": [ 23.367828369140625, 42.651813507080078 ] } },
{ "type": "Feature", "properties": { "vehicle_id": "A2501", "latitude": 42.709659576416016, "longitude": 23.357009887695312, "raw_occupancy": 1, "timestamp": "2026-09-15 17:45:29" }, "geometry": { "type": "Point", "coordinates": [ 23.357009887695312, 42.709659576416016 ] } },
{ "type": "Feature", "properties": { "vehicle_id": "A2514", "latitude": 42.676322937011719, "longitude": 23.359663009643555, "raw_occupancy": 0, "timestamp": "2026-09-15 17:45:29" }, "geometry": { "type": "Point", "coordinates": [ 23.359663009643555, 42.676322937011719 ] } },
{ "type": "Feature", "properties": { "vehicle_id": "A3018", "latitude": 42.691932678222656, "longitude": 23.342050552368164, "raw_occupancy": 1, "timestamp": "2026-09-15 17:45:29" }, "geometry": { "type": "Point", "coordinates": [ 23.342050552368164, 42.691932678222656 ] } },
{ "type": "Feature", "properties": { "vehicle_id": "A1232", "latitude": 42.736465454101562, "longitude": 23.267910003662109, "raw_occupancy": 1, "timestamp": "2026-09-15 17:45:29" }, "geometry": { "type": "Point", "coordinates": [ 23.267910003662109, 42.736465454101562 ] } },
{ "type": "Feature", "properties": { "vehicle_id": "A7041", "latitude": 42.792816162109375, "longitude": 23.269838333129883, "raw_occupancy": 1, "timestamp": "2026-09-15 17:45:29" }, "geometry": { "type": "Point", "coordinates": [ 23.269838333129883, 42.792816162109375 ] } },
{ "type": "Feature", "properties": { "vehicle_id": "A1606", "latitude": 42.715606689453125, "longitude": 23.233011245727539, "raw_occupancy": 2, "timestamp": "2026-09-15 17:45:29" }, "geometry": { "type": "Point", "coordinates": [ 23.233011245727539, 42.715606689453125 ] } },
{ "type": "Feature", "properties": { "vehicle_id": "A2502", "latitude": 42.638713836669922, "longitude": 23.311580657958984, "raw_occupancy": 3, "timestamp": "2026-09-15 17:45:29" }, "geometry": { "type": "Point", "coordinates": [ 23.311580657958984, 42.638713836669922 ] } },
{ "type": "Feature", "properties": { "vehicle_id": "A2001", "latitude": 42.663619995117188, "longitude": 23.317398071289062, "raw_occupancy": 2, "timestamp": "2026-09-15 17:45:29" }, "geometry": { "type": "Point", "coordinates": [ 23.317398071289062, 42.663619995117188 ] } },
{ "type": "Feature", "properties": { "vehicle_id": "A2519", "latitude": 42.684661865234375, "longitude": 23.301895141601562, "raw_occupancy": 1, "timestamp": "2026-09-15 17:45:29" }, "geometry": { "type": "Point", "coordinates": [ 23.301895141601562, 42.684661865234375 ] } },
{ "type": "Feature", "properties": { "vehicle_id": "A1223", "latitude": 42.637310028076172, "longitude": 23.375005722045898, "raw_occupancy": 1, "timestamp": "2026-09-15 17:45:29" }, "geometry": { "type": "Point", "coordinates": [ 23.375005722045898, 42.637310028076172 ] } },
{ "type": "Feature", "properties": { "vehicle_id": "A2140", "latitude": 42.705219268798828, "longitude": 23.358396530151367, "raw_occupancy": 1, "timestamp": "2026-09-15 17:45:29" }, "geometry": { "type": "Point", "coordinates": [ 23.358396530151367, 42.705219268798828 ] } },
{ "type": "Feature", "properties": { "vehicle_id": "A1314", "latitude": 42.631984710693359, "longitude": 23.229169845581055, "raw_occupancy": 1, "timestamp": "2026-09-15 17:45:29" }, "geometry": { "type": "Point", "coordinates": [ 23.229169845581055, 42.631984710693359 ] } },
{ "type": "Feature", "properties": { "vehicle_id": "A1819", "latitude": 42.771568298339844, "longitude": 23.241655349731445, "raw_occupancy": 0, "timestamp": "2026-09-15 17:45:29" }, "geometry": { "type": "Point", "coordinates": [ 23.241655349731445, 42.771568298339844 ] } },
{ "type": "Feature", "properties": { "vehicle_id": "A2504", "latitude": 42.716495513916016, "longitude": 23.296176910400391, "raw_occupancy": 2, "timestamp": "2026-09-15 17:45:29" }, "geometry": { "type": "Point", "coordinates": [ 23.296176910400391, 42.716495513916016 ] } },
{ "type": "Feature", "properties": { "vehicle_id": "A1861", "latitude": 42.719417572021484, "longitude": 23.254360198974609, "raw_occupancy": 5, "timestamp": "2026-09-15 17:45:29" }, "geometry": { "type": "Point", "coordinates": [ 23.254360198974609, 42.719417572021484 ] } },
{ "type": "Feature", "properties": { "vehicle_id": "A3671", "latitude": 42.590404510498047, "longitude": 23.364717483520508, "raw_occupancy": 2, "timestamp": "2026-09-15 17:45:29" }, "geometry": { "type": "Point", "coordinates": [ 23.364717483520508, 42.590404510498047 ] } },
{ "type": "Feature", "properties": { "vehicle_id": "A3112", "latitude": 42.630985260009766, "longitude": 23.373119354248047, "raw_occupancy": 2, "timestamp": "2026-09-15 17:45:29" }, "geometry": { "type": "Point", "coordinates": [ 23.373119354248047, 42.630985260009766 ] } },
{ "type": "Feature", "properties": { "vehicle_id": "A2311", "latitude": 42.651371002197266, "longitude": 23.357675552368164, "raw_occupancy": 2, "timestamp": "2026-09-15 17:45:29" }, "geometry": { "type": "Point", "coordinates": [ 23.357675552368164, 42.651371002197266 ] } },
{ "type": "Feature", "properties": { "vehicle_id": "A2064", "latitude": 42.80682373046875, "longitude": 23.348403930664062, "raw_occupancy": 1, "timestamp": "2026-09-15 17:45:29" }, "geometry": { "type": "Point", "coordinates": [ 23.348403930664062, 42.80682373046875 ] } },
{ "type": "Feature", "properties": { "vehicle_id": "A2078", "latitude": 42.578945159912109, "longitude": 23.4163818359375, "raw_occupancy": 0, "timestamp": "2026-09-15 17:45:29" }, "geometry": { "type": "Point", "coordinates": [ 23.4163818359375, 42.578945159912109 ] } },
{ "type": "Feature", "properties": { "vehicle_id": "A1187", "latitude": 42.733310699462891, "longitude": 23.299877166748047, "raw_occupancy": 1, "timestamp": "2026-09-15 17:45:29" }, "geometry": { "type": "Point", "coordinates": [ 23.299877166748047, 42.733310699462891 ] } },
{ "type": "Feature", "properties": { "vehicle_id": "A3615", "latitude": 42.684127807617188, "longitude": 23.34619140625, "raw_occupancy": 4, "timestamp": "2026-09-15 17:45:29" }, "geometry": { "type": "Point", "coordinates": [ 23.34619140625, 42.684127807617188 ] } },
{ "type": "Feature", "properties": { "vehicle_id": "A3104", "latitude": 42.645210266113281, "longitude": 23.375301361083984, "raw_occupancy": 2, "timestamp": "2026-09-15 17:45:29" }, "geometry": { "type": "Point", "coordinates": [ 23.375301361083984, 42.645210266113281 ] } },
{ "type": "Feature", "properties": { "vehicle_id": "A2072", "latitude": 42.689449310302734, "longitude": 23.382602691650391, "raw_occupancy": 1, "timestamp": "2026-09-15 17:45:29" }, "geometry": { "type": "Point", "coordinates": [ 23.382602691650391, 42.689449310302734 ] } },
{ "type": "Feature", "properties": { "vehicle_id": "A1213", "latitude": 42.7257080078125, "longitude": 23.261085510253906, "raw_occupancy": 2, "timestamp": "2026-09-15 17:45:29" }, "geometry": { "type": "Point", "coordinates": [ 23.261085510253906, 42.7257080078125 ] } },
{ "type": "Feature", "properties": { "vehicle_id": "A3111", "latitude": 42.649948120117188, "longitude": 23.364469528198242, "raw_occupancy": 2, "timestamp": "2026-09-15 17:45:29" }, "geometry": { "type": "Point", "coordinates": [ 23.364469528198242, 42.649948120117188 ] } },
{ "type": "Feature", "properties": { "vehicle_id": "A7145", "latitude": 42.707901000976562, "longitude": 23.357366561889648, "raw_occupancy": 1, "timestamp": "2026-09-15 17:45:29" }, "geometry": { "type": "Point", "coordinates": [ 23.357366561889648, 42.707901000976562 ] } },
{ "type": "Feature", "properties": { "vehicle_id": "A3107", "latitude": 42.680278778076172, "longitude": 23.305248260498047, "raw_occupancy": 3, "timestamp": "2026-09-15 17:45:29" }, "geometry": { "type": "Point", "coordinates": [ 23.305248260498047, 42.680278778076172 ] } },
{ "type": "Feature", "properties": { "vehicle_id": "A3117", "latitude": 42.687347412109375, "longitude": 23.332937240600586, "raw_occupancy": 4, "timestamp": "2026-09-15 17:45:29" }, "geometry": { "type": "Point", "coordinates": [ 23.332937240600586, 42.687347412109375 ] } },
{ "type": "Feature", "properties": { "vehicle_id": "A7043", "latitude": 42.775367736816406, "longitude": 23.315532684326172, "raw_occupancy": 3, "timestamp": "2026-09-15 17:45:29" }, "geometry": { "type": "Point", "coordinates": [ 23.315532684326172, 42.775367736816406 ] } },
{ "type": "Feature", "properties": { "vehicle_id": "A3116", "latitude": 42.639736175537109, "longitude": 23.33452033996582, "raw_occupancy": 1, "timestamp": "2026-09-15 17:45:29" }, "geometry": { "type": "Point", "coordinates": [ 23.33452033996582, 42.639736175537109 ] } },
{ "type": "Feature", "properties": { "vehicle_id": "A2315", "latitude": 42.691734313964844, "longitude": 23.341388702392578, "raw_occupancy": 1, "timestamp": "2026-09-15 17:45:29" }, "geometry": { "type": "Point", "coordinates": [ 23.341388702392578, 42.691734313964844 ] } },
{ "type": "Feature", "properties": { "vehicle_id": "A1030", "latitude": 42.651176452636719, "longitude": 23.332551956176758, "raw_occupancy": 3, "timestamp": "2026-09-15 17:45:29" }, "geometry": { "type": "Point", "coordinates": [ 23.332551956176758, 42.651176452636719 ] } },
{ "type": "Feature", "properties": { "vehicle_id": "A3651", "latitude": 42.640483856201172, "longitude": 23.378206253051758, "raw_occupancy": 2, "timestamp": "2026-09-15 17:45:29" }, "geometry": { "type": "Point", "coordinates": [ 23.378206253051758, 42.640483856201172 ] } },
{ "type": "Feature", "properties": { "vehicle_id": "A7153", "latitude": 42.732933044433594, "longitude": 23.268251419067383, "raw_occupancy": 1, "timestamp": "2026-09-15 17:45:29" }, "geometry": { "type": "Point", "coordinates": [ 23.268251419067383, 42.732933044433594 ] } },
{ "type": "Feature", "properties": { "vehicle_id": "A7171", "latitude": 42.710151672363281, "longitude": 23.186248779296875, "raw_occupancy": 1, "timestamp": "2026-09-15 17:45:29" }, "geometry": { "type": "Point", "coordinates": [ 23.186248779296875, 42.710151672363281 ] } },
{ "type": "Feature", "properties": { "vehicle_id": "A3622", "latitude": 42.672977447509766, "longitude": 23.429615020751953, "raw_occupancy": 2, "timestamp": "2026-09-15 17:45:29" }, "geometry": { "type": "Point", "coordinates": [ 23.429615020751953, 42.672977447509766 ] } },
{ "type": "Feature", "properties": { "vehicle_id": "A1837", "latitude": 42.742626190185547, "longitude": 23.277122497558594, "raw_occupancy": 1, "timestamp": "2026-09-15 17:45:29" }, "geometry": { "type": "Point", "coordinates": [ 23.277122497558594, 42.742626190185547 ] } },
{ "type": "Feature", "properties": { "vehicle_id": "A1222", "latitude": 42.718143463134766, "longitude": 23.189085006713867, "raw_occupancy": 3, "timestamp": "2026-09-15 17:45:29" }, "geometry": { "type": "Point", "coordinates": [ 23.189085006713867, 42.718143463134766 ] } },
{ "type": "Feature", "properties": { "vehicle_id": "A1166", "latitude": 42.705181121826172, "longitude": 23.298622131347656, "raw_occupancy": 2, "timestamp": "2026-09-15 17:45:29" }, "geometry": { "type": "Point", "coordinates": [ 23.298622131347656, 42.705181121826172 ] } },
{ "type": "Feature", "properties": { "vehicle_id": "A1156", "latitude": 42.734653472900391, "longitude": 23.314590454101562, "raw_occupancy": 0, "timestamp": "2026-09-15 17:45:29" }, "geometry": { "type": "Point", "coordinates": [ 23.314590454101562, 42.734653472900391 ] } },
{ "type": "Feature", "properties": { "vehicle_id": "A3623", "latitude": 42.713169097900391, "longitude": 23.404193878173828, "raw_occupancy": 1, "timestamp": "2026-09-15 17:45:29" }, "geometry": { "type": "Point", "coordinates": [ 23.404193878173828, 42.713169097900391 ] } },
{ "type": "Feature", "properties": { "vehicle_id": "A2039", "latitude": 42.715522766113281, "longitude": 23.310234069824219, "raw_occupancy": 2, "timestamp": "2026-09-15 17:45:29" }, "geometry": { "type": "Point", "coordinates": [ 23.310234069824219, 42.715522766113281 ] } },
{ "type": "Feature", "properties": { "vehicle_id": "A3403", "latitude": 42.661045074462891, "longitude": 23.351743698120117, "raw_occupancy": 3, "timestamp": "2026-09-15 17:45:29" }, "geometry": { "type": "Point", "coordinates": [ 23.351743698120117, 42.661045074462891 ] } },
{ "type": "Feature", "properties": { "vehicle_id": "A2053", "latitude": 42.623931884765625, "longitude": 23.405670166015625, "raw_occupancy": 3, "timestamp": "2026-09-15 17:45:29" }, "geometry": { "type": "Point", "coordinates": [ 23.405670166015625, 42.623931884765625 ] } },
{ "type": "Feature", "properties": { "vehicle_id": "A2516", "latitude": 42.656101226806641, "longitude": 23.315996170043945, "raw_occupancy": 3, "timestamp": "2026-09-15 17:45:29" }, "geometry": { "type": "Point", "coordinates": [ 23.315996170043945, 42.656101226806641 ] } },
{ "type": "Feature", "properties": { "vehicle_id": "A7089", "latitude": 42.79754638671875, "longitude": 23.340097427368164, "raw_occupancy": 0, "timestamp": "2026-09-15 17:45:29" }, "geometry": { "type": "Point", "coordinates": [ 23.340097427368164, 42.79754638671875 ] } },
{ "type": "Feature", "properties": { "vehicle_id": "A7133", "latitude": 42.786197662353516, "longitude": 23.324552536010742, "raw_occupancy": 2, "timestamp": "2026-09-15 17:45:29" }, "geometry": { "type": "Point", "coordinates": [ 23.324552536010742, 42.786197662353516 ] } },
{ "type": "Feature", "properties": { "vehicle_id": "A1214", "latitude": 42.668609619140625, "longitude": 23.2786865234375, "raw_occupancy": 1, "timestamp": "2026-09-15 17:45:29" }, "geometry": { "type": "Point", "coordinates": [ 23.2786865234375, 42.668609619140625 ] } },
{ "type": "Feature", "properties": { "vehicle_id": "A1220", "latitude": 42.695838928222656, "longitude": 23.286828994750977, "raw_occupancy": 2, "timestamp": "2026-09-15 17:45:29" }, "geometry": { "type": "Point", "coordinates": [ 23.286828994750977, 42.695838928222656 ] } },
{ "type": "Feature", "properties": { "vehicle_id": "A1319", "latitude": 42.658653259277344, "longitude": 23.240322113037109, "raw_occupancy": 1, "timestamp": "2026-09-15 17:45:29" }, "geometry": { "type": "Point", "coordinates": [ 23.240322113037109, 42.658653259277344 ] } },
{ "type": "Feature", "properties": { "vehicle_id": "A1155", "latitude": 42.670787811279297, "longitude": 23.293472290039062, "raw_occupancy": 3, "timestamp": "2026-09-15 17:45:29" }, "geometry": { "type": "Point", "coordinates": [ 23.293472290039062, 42.670787811279297 ] } },
{ "type": "Feature", "properties": { "vehicle_id": "A7165", "latitude": 42.706340789794922, "longitude": 23.473451614379883, "raw_occupancy": 0, "timestamp": "2026-09-15 17:45:29" }, "geometry": { "type": "Point", "coordinates": [ 23.473451614379883, 42.706340789794922 ] } },
{ "type": "Feature", "properties": { "vehicle_id": "A3149", "latitude": 42.676631927490234, "longitude": 23.297176361083984, "raw_occupancy": 3, "timestamp": "2026-09-15 17:45:29" }, "geometry": { "type": "Point", "coordinates": [ 23.297176361083984, 42.676631927490234 ] } },
{ "type": "Feature", "properties": { "vehicle_id": "A3019", "latitude": 42.693897247314453, "longitude": 23.348476409912109, "raw_occupancy": 1, "timestamp": "2026-09-15 17:45:29" }, "geometry": { "type": "Point", "coordinates": [ 23.348476409912109, 42.693897247314453 ] } },
{ "type": "Feature", "properties": { "vehicle_id": "A3669", "latitude": 42.668910980224609, "longitude": 23.400632858276367, "raw_occupancy": 2, "timestamp": "2026-09-15 17:45:29" }, "geometry": { "type": "Point", "coordinates": [ 23.400632858276367, 42.668910980224609 ] } },
{ "type": "Feature", "properties": { "vehicle_id": "A2017", "latitude": 42.732200622558594, "longitude": 23.296279907226562, "raw_occupancy": 1, "timestamp": "2026-09-15 17:45:29" }, "geometry": { "type": "Point", "coordinates": [ 23.296279907226562, 42.732200622558594 ] } },
{ "type": "Feature", "properties": { "vehicle_id": "A1026", "latitude": 42.617996215820312, "longitude": 23.419746398925781, "raw_occupancy": 2, "timestamp": "2026-09-15 17:45:29" }, "geometry": { "type": "Point", "coordinates": [ 23.419746398925781, 42.617996215820312 ] } },
{ "type": "Feature", "properties": { "vehicle_id": "A1216", "latitude": 42.752922058105469, "longitude": 23.273937225341797, "raw_occupancy": 2, "timestamp": "2026-09-15 17:45:29" }, "geometry": { "type": "Point", "coordinates": [ 23.273937225341797, 42.752922058105469 ] } },
{ "type": "Feature", "properties": { "vehicle_id": "A2024", "latitude": 42.667270660400391, "longitude": 23.36536979675293, "raw_occupancy": 2, "timestamp": "2026-09-15 17:45:29" }, "geometry": { "type": "Point", "coordinates": [ 23.36536979675293, 42.667270660400391 ] } },
{ "type": "Feature", "properties": { "vehicle_id": "A3142", "latitude": 42.671680450439453, "longitude": 23.394260406494141, "raw_occupancy": 1, "timestamp": "2026-09-15 17:45:29" }, "geometry": { "type": "Point", "coordinates": [ 23.394260406494141, 42.671680450439453 ] } },
{ "type": "Feature", "properties": { "vehicle_id": "A2308", "latitude": 42.694442749023438, "longitude": 23.335054397583008, "raw_occupancy": 1, "timestamp": "2026-09-15 17:45:29" }, "geometry": { "type": "Point", "coordinates": [ 23.335054397583008, 42.694442749023438 ] } },
{ "type": "Feature", "properties": { "vehicle_id": "A2010", "latitude": 42.711456298828125, "longitude": 23.27202033996582, "raw_occupancy": 2, "timestamp": "2026-09-15 17:45:29" }, "geometry": { "type": "Point", "coordinates": [ 23.27202033996582, 42.711456298828125 ] } },
{ "type": "Feature", "properties": { "vehicle_id": "A1176", "latitude": 42.697738647460938, "longitude": 23.314826965332031, "raw_occupancy": 0, "timestamp": "2026-09-15 17:45:29" }, "geometry": { "type": "Point", "coordinates": [ 23.314826965332031, 42.697738647460938 ] } },
{ "type": "Feature", "properties": { "vehicle_id": "A2318", "latitude": 42.651481628417969, "longitude": 23.356765747070312, "raw_occupancy": 3, "timestamp": "2026-09-15 17:45:29" }, "geometry": { "type": "Point", "coordinates": [ 23.356765747070312, 42.651481628417969 ] } },
{ "type": "Feature", "properties": { "vehicle_id": "A1031", "latitude": 42.649768829345703, "longitude": 23.261533737182617, "raw_occupancy": 3, "timestamp": "2026-09-15 17:45:29" }, "geometry": { "type": "Point", "coordinates": [ 23.261533737182617, 42.649768829345703 ] } },
{ "type": "Feature", "properties": { "vehicle_id": "A3137", "latitude": 42.682476043701172, "longitude": 23.320171356201172, "raw_occupancy": 2, "timestamp": "2026-09-15 17:45:29" }, "geometry": { "type": "Point", "coordinates": [ 23.320171356201172, 42.682476043701172 ] } },
{ "type": "Feature", "properties": { "vehicle_id": "A2515", "latitude": 42.696441650390625, "longitude": 23.35740852355957, "raw_occupancy": 3, "timestamp": "2026-09-15 17:45:29" }, "geometry": { "type": "Point", "coordinates": [ 23.35740852355957, 42.696441650390625 ] } },
{ "type": "Feature", "properties": { "vehicle_id": "A1159", "latitude": 42.661949157714844, "longitude": 23.345849990844727, "raw_occupancy": 2, "timestamp": "2026-09-15 17:45:29" }, "geometry": { "type": "Point", "coordinates": [ 23.345849990844727, 42.661949157714844 ] } },
{ "type": "Feature", "properties": { "vehicle_id": "A7139", "latitude": 42.723373413085938, "longitude": 23.547916412353516, "raw_occupancy": 1, "timestamp": "2026-09-15 17:45:29" }, "geometry": { "type": "Point", "coordinates": [ 23.547916412353516, 42.723373413085938 ] } },
{ "type": "Feature", "properties": { "vehicle_id": "A3409", "latitude": 42.68603515625, "longitude": 23.413362503051758, "raw_occupancy": 1, "timestamp": "2026-09-15 17:45:29" }, "geometry": { "type": "Point", "coordinates": [ 23.413362503051758, 42.68603515625 ] } },
{ "type": "Feature", "properties": { "vehicle_id": "A1871", "latitude": 42.649692535400391, "longitude": 23.214483261108398, "raw_occupancy": 1, "timestamp": "2026-09-15 17:45:29" }, "geometry": { "type": "Point", "coordinates": [ 23.214483261108398, 42.649692535400391 ] } },
{ "type": "Feature", "properties": { "vehicle_id": "A2003", "latitude": 42.706993103027344, "longitude": 23.299898147583008, "raw_occupancy": 3, "timestamp": "2026-09-15 17:45:29" }, "geometry": { "type": "Point", "coordinates": [ 23.299898147583008, 42.706993103027344 ] } },
{ "type": "Feature", "properties": { "vehicle_id": "A3158", "latitude": 42.654911041259766, "longitude": 23.400018692016602, "raw_occupancy": 1, "timestamp": "2026-09-15 17:45:29" }, "geometry": { "type": "Point", "coordinates": [ 23.400018692016602, 42.654911041259766 ] } },
{ "type": "Feature", "properties": { "vehicle_id": "A3627", "latitude": 42.690635681152344, "longitude": 23.337442398071289, "raw_occupancy": 3, "timestamp": "2026-09-15 17:45:29" }, "geometry": { "type": "Point", "coordinates": [ 23.337442398071289, 42.690635681152344 ] } },
{ "type": "Feature", "properties": { "vehicle_id": "A3114", "latitude": 42.709407806396484, "longitude": 23.322463989257812, "raw_occupancy": 1, "timestamp": "2026-09-15 17:45:29" }, "geometry": { "type": "Point", "coordinates": [ 23.322463989257812, 42.709407806396484 ] } },
{ "type": "Feature", "properties": { "vehicle_id": "A1217", "latitude": 42.733997344970703, "longitude": 23.235506057739258, "raw_occupancy": 2, "timestamp": "2026-09-15 17:45:29" }, "geometry": { "type": "Point", "coordinates": [ 23.235506057739258, 42.733997344970703 ] } },
{ "type": "Feature", "properties": { "vehicle_id": "A7069", "latitude": 42.758502960205078, "longitude": 23.275432586669922, "raw_occupancy": 2, "timestamp": "2026-09-15 17:45:29" }, "geometry": { "type": "Point", "coordinates": [ 23.275432586669922, 42.758502960205078 ] } },
{ "type": "Feature", "properties": { "vehicle_id": "A1311", "latitude": 42.609371185302734, "longitude": 23.300979614257812, "raw_occupancy": 0, "timestamp": "2026-09-15 17:45:29" }, "geometry": { "type": "Point", "coordinates": [ 23.300979614257812, 42.609371185302734 ] } },
{ "type": "Feature", "properties": { "vehicle_id": "A2029", "latitude": 42.653602600097656, "longitude": 23.347497940063477, "raw_occupancy": 3, "timestamp": "2026-09-15 17:45:29" }, "geometry": { "type": "Point", "coordinates": [ 23.347497940063477, 42.653602600097656 ] } },
{ "type": "Feature", "properties": { "vehicle_id": "A1424", "latitude": 42.718563079833984, "longitude": 23.277214050292969, "raw_occupancy": 3, "timestamp": "2026-09-15 17:45:29" }, "geometry": { "type": "Point", "coordinates": [ 23.277214050292969, 42.718563079833984 ] } },
{ "type": "Feature", "properties": { "vehicle_id": "A2306", "latitude": 42.675582885742188, "longitude": 23.358802795410156, "raw_occupancy": 2, "timestamp": "2026-09-15 17:45:29" }, "geometry": { "type": "Point", "coordinates": [ 23.358802795410156, 42.675582885742188 ] } },
{ "type": "Feature", "properties": { "vehicle_id": "A2002", "latitude": 42.653720855712891, "longitude": 23.342685699462891, "raw_occupancy": 1, "timestamp": "2026-09-15 17:45:29" }, "geometry": { "type": "Point", "coordinates": [ 23.342685699462891, 42.653720855712891 ] } },
{ "type": "Feature", "properties": { "vehicle_id": "A1181", "latitude": 42.689689636230469, "longitude": 23.277200698852539, "raw_occupancy": 0, "timestamp": "2026-09-15 17:45:29" }, "geometry": { "type": "Point", "coordinates": [ 23.277200698852539, 42.689689636230469 ] } },
{ "type": "Feature", "properties": { "vehicle_id": "A1617", "latitude": 42.684257507324219, "longitude": 23.241226196289062, "raw_occupancy": 0, "timestamp": "2026-09-15 17:45:29" }, "geometry": { "type": "Point", "coordinates": [ 23.241226196289062, 42.684257507324219 ] } },
{ "type": "Feature", "properties": { "vehicle_id": "A2015", "latitude": 42.711383819580078, "longitude": 23.271430969238281, "raw_occupancy": 3, "timestamp": "2026-09-15 17:45:29" }, "geometry": { "type": "Point", "coordinates": [ 23.271430969238281, 42.711383819580078 ] } },
{ "type": "Feature", "properties": { "vehicle_id": "A2312", "latitude": 42.651393890380859, "longitude": 23.357521057128906, "raw_occupancy": 2, "timestamp": "2026-09-15 17:45:29" }, "geometry": { "type": "Point", "coordinates": [ 23.357521057128906, 42.651393890380859 ] } },
{ "type": "Feature", "properties": { "vehicle_id": "A3319", "latitude": 42.667858123779297, "longitude": 23.369894027709961, "raw_occupancy": 3, "timestamp": "2026-09-15 17:45:29" }, "geometry": { "type": "Point", "coordinates": [ 23.369894027709961, 42.667858123779297 ] } },
{ "type": "Feature", "properties": { "vehicle_id": "A7161", "latitude": 42.758213043212891, "longitude": 23.321468353271484, "raw_occupancy": 2, "timestamp": "2026-09-15 17:45:29" }, "geometry": { "type": "Point", "coordinates": [ 23.321468353271484, 42.758213043212891 ] } },
{ "type": "Feature", "properties": { "vehicle_id": "A7189", "latitude": 42.710628509521484, "longitude": 23.319059371948242, "raw_occupancy": 0, "timestamp": "2026-09-15 17:45:29" }, "geometry": { "type": "Point", "coordinates": [ 23.319059371948242, 42.710628509521484 ] } },
{ "type": "Feature", "properties": { "vehicle_id": "A2032", "latitude": 42.682056427001953, "longitude": 23.32078742980957, "raw_occupancy": 1, "timestamp": "2026-09-15 17:45:29" }, "geometry": { "type": "Point", "coordinates": [ 23.32078742980957, 42.682056427001953 ] } },
{ "type": "Feature", "properties": { "vehicle_id": "A2065", "latitude": 42.802639007568359, "longitude": 23.379570007324219, "raw_occupancy": 1, "timestamp": "2026-09-15 17:45:29" }, "geometry": { "type": "Point", "coordinates": [ 23.379570007324219, 42.802639007568359 ] } },
{ "type": "Feature", "properties": { "vehicle_id": "A7053", "latitude": 42.707595825195312, "longitude": 23.458589553833008, "raw_occupancy": 0, "timestamp": "2026-09-15 17:45:29" }, "geometry": { "type": "Point", "coordinates": [ 23.458589553833008, 42.707595825195312 ] } },
{ "type": "Feature", "properties": { "vehicle_id": "A3109", "latitude": 42.705543518066406, "longitude": 23.319955825805664, "raw_occupancy": 1, "timestamp": "2026-09-15 17:45:29" }, "geometry": { "type": "Point", "coordinates": [ 23.319955825805664, 42.705543518066406 ] } },
{ "type": "Feature", "properties": { "vehicle_id": "A1420", "latitude": 42.672523498535156, "longitude": 23.294704437255859, "raw_occupancy": 4, "timestamp": "2026-09-15 17:45:29" }, "geometry": { "type": "Point", "coordinates": [ 23.294704437255859, 42.672523498535156 ] } },
{ "type": "Feature", "properties": { "vehicle_id": "A2050", "latitude": 42.731479644775391, "longitude": 23.253686904907227, "raw_occupancy": 1, "timestamp": "2026-09-15 17:45:29" }, "geometry": { "type": "Point", "coordinates": [ 23.253686904907227, 42.731479644775391 ] } },
{ "type": "Feature", "properties": { "vehicle_id": "A3301", "latitude": 42.659626007080078, "longitude": 23.31678581237793, "raw_occupancy": 0, "timestamp": "2026-09-15 17:45:29" }, "geometry": { "type": "Point", "coordinates": [ 23.31678581237793, 42.659626007080078 ] } },
{ "type": "Feature", "properties": { "vehicle_id": "A1012", "latitude": 42.641727447509766, "longitude": 23.334590911865234, "raw_occupancy": 4, "timestamp": "2026-09-15 17:45:29" }, "geometry": { "type": "Point", "coordinates": [ 23.334590911865234, 42.641727447509766 ] } },
{ "type": "Feature", "properties": { "vehicle_id": "A3015", "latitude": 42.663814544677734, "longitude": 23.390790939331055, "raw_occupancy": 2, "timestamp": "2026-09-15 17:45:29" }, "geometry": { "type": "Point", "coordinates": [ 23.390790939331055, 42.663814544677734 ] } },
{ "type": "Feature", "properties": { "vehicle_id": "A2047", "latitude": 42.739215850830078, "longitude": 23.316875457763672, "raw_occupancy": 1, "timestamp": "2026-09-15 17:45:29" }, "geometry": { "type": "Point", "coordinates": [ 23.316875457763672, 42.739215850830078 ] } },
{ "type": "Feature", "properties": { "vehicle_id": "A1172", "latitude": 42.657527923583984, "longitude": 23.338163375854492, "raw_occupancy": 3, "timestamp": "2026-09-15 17:45:29" }, "geometry": { "type": "Point", "coordinates": [ 23.338163375854492, 42.657527923583984 ] } },
{ "type": "Feature", "properties": { "vehicle_id": "A7055", "latitude": 42.714565277099609, "longitude": 23.435842514038086, "raw_occupancy": 1, "timestamp": "2026-09-15 17:45:29" }, "geometry": { "type": "Point", "coordinates": [ 23.435842514038086, 42.714565277099609 ] } },
{ "type": "Feature", "properties": { "vehicle_id": "A3659", "latitude": 42.682552337646484, "longitude": 23.32036018371582, "raw_occupancy": 3, "timestamp": "2026-09-15 17:45:29" }, "geometry": { "type": "Point", "coordinates": [ 23.32036018371582, 42.682552337646484 ] } },
{ "type": "Feature", "properties": { "vehicle_id": "A1179", "latitude": 42.678230285644531, "longitude": 23.324993133544922, "raw_occupancy": 3, "timestamp": "2026-09-15 17:45:29" }, "geometry": { "type": "Point", "coordinates": [ 23.324993133544922, 42.678230285644531 ] } },
{ "type": "Feature", "properties": { "vehicle_id": "A3147", "latitude": 42.667736053466797, "longitude": 23.281110763549805, "raw_occupancy": 1, "timestamp": "2026-09-15 17:45:29" }, "geometry": { "type": "Point", "coordinates": [ 23.281110763549805, 42.667736053466797 ] } },
{ "type": "Feature", "properties": { "vehicle_id": "A3665", "latitude": 42.662479400634766, "longitude": 23.404941558837891, "raw_occupancy": 1, "timestamp": "2026-09-15 17:45:29" }, "geometry": { "type": "Point", "coordinates": [ 23.404941558837891, 42.662479400634766 ] } },
{ "type": "Feature", "properties": { "vehicle_id": "A2313", "latitude": 42.694374084472656, "longitude": 23.33538818359375, "raw_occupancy": 1, "timestamp": "2026-09-15 17:45:29" }, "geometry": { "type": "Point", "coordinates": [ 23.33538818359375, 42.694374084472656 ] } },
{ "type": "Feature", "properties": { "vehicle_id": "A3632", "latitude": 42.688114166259766, "longitude": 23.33403205871582, "raw_occupancy": 5, "timestamp": "2026-09-15 17:45:29" }, "geometry": { "type": "Point", "coordinates": [ 23.33403205871582, 42.688114166259766 ] } },
{ "type": "Feature", "properties": { "vehicle_id": "A2307", "latitude": 42.651100158691406, "longitude": 23.342296600341797, "raw_occupancy": 1, "timestamp": "2026-09-15 17:45:29" }, "geometry": { "type": "Point", "coordinates": [ 23.342296600341797, 42.651100158691406 ] } },
{ "type": "Feature", "properties": { "vehicle_id": "A1612", "latitude": 42.660259246826172, "longitude": 23.380416870117188, "raw_occupancy": 3, "timestamp": "2026-09-15 17:45:29" }, "geometry": { "type": "Point", "coordinates": [ 23.380416870117188, 42.660259246826172 ] } },
{ "type": "Feature", "properties": { "vehicle_id": "A3012", "latitude": 42.678215026855469, "longitude": 23.378698348999023, "raw_occupancy": 0, "timestamp": "2026-09-15 17:45:29" }, "geometry": { "type": "Point", "coordinates": [ 23.378698348999023, 42.678215026855469 ] } },
{ "type": "Feature", "properties": { "vehicle_id": "A3126", "latitude": 42.68597412109375, "longitude": 23.351112365722656, "raw_occupancy": 3, "timestamp": "2026-09-15 17:45:29" }, "geometry": { "type": "Point", "coordinates": [ 23.351112365722656, 42.68597412109375 ] } },
{ "type": "Feature", "properties": { "vehicle_id": "A3134", "latitude": 42.651699066162109, "longitude": 23.353342056274414, "raw_occupancy": 3, "timestamp": "2026-09-15 17:45:29" }, "geometry": { "type": "Point", "coordinates": [ 23.353342056274414, 42.651699066162109 ] } },
{ "type": "Feature", "properties": { "vehicle_id": "A2733", "latitude": 42.801166534423828, "longitude": 23.341777801513672, "raw_occupancy": 1, "timestamp": "2026-09-15 17:45:29" }, "geometry": { "type": "Point", "coordinates": [ 23.341777801513672, 42.801166534423828 ] } },
{ "type": "Feature", "properties": { "vehicle_id": "A7169", "latitude": 42.779491424560547, "longitude": 23.518905639648438, "raw_occupancy": 0, "timestamp": "2026-09-15 17:45:29" }, "geometry": { "type": "Point", "coordinates": [ 23.518905639648438, 42.779491424560547 ] } },
{ "type": "Feature", "properties": { "vehicle_id": "A3156", "latitude": 42.661033630371094, "longitude": 23.391729354858398, "raw_occupancy": 2, "timestamp": "2026-09-15 17:45:29" }, "geometry": { "type": "Point", "coordinates": [ 23.391729354858398, 42.661033630371094 ] } },
{ "type": "Feature", "properties": { "vehicle_id": "A1614", "latitude": 42.681201934814453, "longitude": 23.24444580078125, "raw_occupancy": 1, "timestamp": "2026-09-15 17:45:29" }, "geometry": { "type": "Point", "coordinates": [ 23.24444580078125, 42.681201934814453 ] } },
{ "type": "Feature", "properties": { "vehicle_id": "A3014", "latitude": 42.692680358886719, "longitude": 23.355400085449219, "raw_occupancy": 2, "timestamp": "2026-09-15 17:45:29" }, "geometry": { "type": "Point", "coordinates": [ 23.355400085449219, 42.692680358886719 ] } },
{ "type": "Feature", "properties": { "vehicle_id": "A7127", "latitude": 42.754169464111328, "longitude": 23.558267593383789, "raw_occupancy": 1, "timestamp": "2026-09-15 17:45:29" }, "geometry": { "type": "Point", "coordinates": [ 23.558267593383789, 42.754169464111328 ] } },
{ "type": "Feature", "properties": { "vehicle_id": "A2153", "latitude": 42.733726501464844, "longitude": 23.328348159790039, "raw_occupancy": 0, "timestamp": "2026-09-15 17:45:29" }, "geometry": { "type": "Point", "coordinates": [ 23.328348159790039, 42.733726501464844 ] } },
{ "type": "Feature", "properties": { "vehicle_id": "A2005", "latitude": 42.700000762939453, "longitude": 23.352048873901367, "raw_occupancy": 2, "timestamp": "2026-09-15 17:45:29" }, "geometry": { "type": "Point", "coordinates": [ 23.352048873901367, 42.700000762939453 ] } },
{ "type": "Feature", "properties": { "vehicle_id": "A1189", "latitude": 42.687419891357422, "longitude": 23.272079467773438, "raw_occupancy": 2, "timestamp": "2026-09-15 17:45:29" }, "geometry": { "type": "Point", "coordinates": [ 23.272079467773438, 42.687419891357422 ] } },
{ "type": "Feature", "properties": { "vehicle_id": "A7117", "latitude": 42.7115478515625, "longitude": 23.354467391967773, "raw_occupancy": 1, "timestamp": "2026-09-15 17:45:29" }, "geometry": { "type": "Point", "coordinates": [ 23.354467391967773, 42.7115478515625 ] } },
{ "type": "Feature", "properties": { "vehicle_id": "A1425", "latitude": 42.719352722167969, "longitude": 23.25459098815918, "raw_occupancy": 1, "timestamp": "2026-09-15 17:45:29" }, "geometry": { "type": "Point", "coordinates": [ 23.25459098815918, 42.719352722167969 ] } },
{ "type": "Feature", "properties": { "vehicle_id": "A7135", "latitude": 42.726047515869141, "longitude": 23.261276245117188, "raw_occupancy": 2, "timestamp": "2026-09-15 17:45:29" }, "geometry": { "type": "Point", "coordinates": [ 23.261276245117188, 42.726047515869141 ] } },
{ "type": "Feature", "properties": { "vehicle_id": "A1164", "latitude": 42.728736877441406, "longitude": 23.28797721862793, "raw_occupancy": 1, "timestamp": "2026-09-15 17:45:29" }, "geometry": { "type": "Point", "coordinates": [ 23.28797721862793, 42.728736877441406 ] } },
{ "type": "Feature", "properties": { "vehicle_id": "A1409", "latitude": 42.66864013671875, "longitude": 23.255365371704102, "raw_occupancy": 1, "timestamp": "2026-09-15 17:45:29" }, "geometry": { "type": "Point", "coordinates": [ 23.255365371704102, 42.66864013671875 ] } },
{ "type": "Feature", "properties": { "vehicle_id": "A2075", "latitude": 42.612583160400391, "longitude": 23.462678909301758, "raw_occupancy": 3, "timestamp": "2026-09-15 17:45:29" }, "geometry": { "type": "Point", "coordinates": [ 23.462678909301758, 42.612583160400391 ] } },
{ "type": "Feature", "properties": { "vehicle_id": "A2814", "latitude": 42.628810882568359, "longitude": 23.372936248779297, "raw_occupancy": 0, "timestamp": "2026-09-15 17:45:29" }, "geometry": { "type": "Point", "coordinates": [ 23.372936248779297, 42.628810882568359 ] } },
{ "type": "Feature", "properties": { "vehicle_id": "A3128", "latitude": 42.666610717773438, "longitude": 23.353912353515625, "raw_occupancy": 0, "timestamp": "2026-09-15 17:45:29" }, "geometry": { "type": "Point", "coordinates": [ 23.353912353515625, 42.666610717773438 ] } },
{ "type": "Feature", "properties": { "vehicle_id": "A3138", "latitude": 42.690837860107422, "longitude": 23.337835311889648, "raw_occupancy": 1, "timestamp": "2026-09-15 17:45:29" }, "geometry": { "type": "Point", "coordinates": [ 23.337835311889648, 42.690837860107422 ] } },
{ "type": "Feature", "properties": { "vehicle_id": "A7087", "latitude": 42.837303161621094, "longitude": 23.281408309936523, "raw_occupancy": 1, "timestamp": "2026-09-15 17:45:29" }, "geometry": { "type": "Point", "coordinates": [ 23.281408309936523, 42.837303161621094 ] } },
{ "type": "Feature", "properties": { "vehicle_id": "A3106", "latitude": 42.714488983154297, "longitude": 23.312688827514648, "raw_occupancy": 1, "timestamp": "2026-09-15 17:45:29" }, "geometry": { "type": "Point", "coordinates": [ 23.312688827514648, 42.714488983154297 ] } },
{ "type": "Feature", "properties": { "vehicle_id": "A1620", "latitude": 42.624309539794922, "longitude": 23.356264114379883, "raw_occupancy": 3, "timestamp": "2026-09-15 17:45:29" }, "geometry": { "type": "Point", "coordinates": [ 23.356264114379883, 42.624309539794922 ] } },
{ "type": "Feature", "properties": { "vehicle_id": "A2009", "latitude": 42.690601348876953, "longitude": 23.332050323486328, "raw_occupancy": 2, "timestamp": "2026-09-15 17:45:29" }, "geometry": { "type": "Point", "coordinates": [ 23.332050323486328, 42.690601348876953 ] } },
{ "type": "Feature", "properties": { "vehicle_id": "A7119", "latitude": 42.731063842773438, "longitude": 23.314878463745117, "raw_occupancy": 2, "timestamp": "2026-09-15 17:45:29" }, "geometry": { "type": "Point", "coordinates": [ 23.314878463745117, 42.731063842773438 ] } },
{ "type": "Feature", "properties": { "vehicle_id": "A3654", "latitude": 42.634616851806641, "longitude": 23.333915710449219, "raw_occupancy": 1, "timestamp": "2026-09-15 17:45:29" }, "geometry": { "type": "Point", "coordinates": [ 23.333915710449219, 42.634616851806641 ] } },
{ "type": "Feature", "properties": { "vehicle_id": "A2040", "latitude": 42.706935882568359, "longitude": 23.382783889770508, "raw_occupancy": 2, "timestamp": "2026-09-15 17:45:29" }, "geometry": { "type": "Point", "coordinates": [ 23.382783889770508, 42.706935882568359 ] } },
{ "type": "Feature", "properties": { "vehicle_id": "A2035", "latitude": 42.653766632080078, "longitude": 23.343778610229492, "raw_occupancy": 1, "timestamp": "2026-09-15 17:45:29" }, "geometry": { "type": "Point", "coordinates": [ 23.343778610229492, 42.653766632080078 ] } },
{ "type": "Feature", "properties": { "vehicle_id": "A1229", "latitude": 42.685970306396484, "longitude": 23.119085311889648, "raw_occupancy": 0, "timestamp": "2026-09-15 17:45:29" }, "geometry": { "type": "Point", "coordinates": [ 23.119085311889648, 42.685970306396484 ] } },
{ "type": "Feature", "properties": { "vehicle_id": "A2044", "latitude": 42.684734344482422, "longitude": 23.349220275878906, "raw_occupancy": 3, "timestamp": "2026-09-15 17:45:29" }, "geometry": { "type": "Point", "coordinates": [ 23.349220275878906, 42.684734344482422 ] } },
{ "type": "Feature", "properties": { "vehicle_id": "A2310", "latitude": 42.644542694091797, "longitude": 23.34197998046875, "raw_occupancy": 1, "timestamp": "2026-09-15 17:45:29" }, "geometry": { "type": "Point", "coordinates": [ 23.34197998046875, 42.644542694091797 ] } },
{ "type": "Feature", "properties": { "vehicle_id": "A2023", "latitude": 42.713153839111328, "longitude": 23.380325317382812, "raw_occupancy": 0, "timestamp": "2026-09-15 17:45:29" }, "geometry": { "type": "Point", "coordinates": [ 23.380325317382812, 42.713153839111328 ] } },
{ "type": "Feature", "properties": { "vehicle_id": "A1829", "latitude": 42.705986022949219, "longitude": 23.152109146118164, "raw_occupancy": 1, "timestamp": "2026-09-15 17:45:29" }, "geometry": { "type": "Point", "coordinates": [ 23.152109146118164, 42.705986022949219 ] } },
{ "type": "Feature", "properties": { "vehicle_id": "A2319", "latitude": 42.663894653320312, "longitude": 23.358833312988281, "raw_occupancy": 3, "timestamp": "2026-09-15 17:45:29" }, "geometry": { "type": "Point", "coordinates": [ 23.358833312988281, 42.663894653320312 ] } },
{ "type": "Feature", "properties": { "vehicle_id": "A7083", "latitude": 42.73956298828125, "longitude": 23.511375427246094, "raw_occupancy": 1, "timestamp": "2026-09-15 17:45:29" }, "geometry": { "type": "Point", "coordinates": [ 23.511375427246094, 42.73956298828125 ] } },
{ "type": "Feature", "properties": { "vehicle_id": "A1015", "latitude": 42.639415740966797, "longitude": 23.342868804931641, "raw_occupancy": 3, "timestamp": "2026-09-15 17:45:29" }, "geometry": { "type": "Point", "coordinates": [ 23.342868804931641, 42.639415740966797 ] } },
{ "type": "Feature", "properties": { "vehicle_id": "A3611", "latitude": 42.672637939453125, "longitude": 23.429153442382812, "raw_occupancy": 1, "timestamp": "2026-09-15 17:45:29" }, "geometry": { "type": "Point", "coordinates": [ 23.429153442382812, 42.672637939453125 ] } },
{ "type": "Feature", "properties": { "vehicle_id": "A7095", "latitude": 42.73681640625, "longitude": 23.554096221923828, "raw_occupancy": 2, "timestamp": "2026-09-15 17:45:29" }, "geometry": { "type": "Point", "coordinates": [ 23.554096221923828, 42.73681640625 ] } },
{ "type": "Feature", "properties": { "vehicle_id": "A1604", "latitude": 42.696769714355469, "longitude": 23.35443115234375, "raw_occupancy": 3, "timestamp": "2026-09-15 17:45:29" }, "geometry": { "type": "Point", "coordinates": [ 23.35443115234375, 42.696769714355469 ] } },
{ "type": "Feature", "properties": { "vehicle_id": "A2500", "latitude": 42.691886901855469, "longitude": 23.363224029541016, "raw_occupancy": 2, "timestamp": "2026-09-15 17:45:29" }, "geometry": { "type": "Point", "coordinates": [ 23.363224029541016, 42.691886901855469 ] } },
{ "type": "Feature", "properties": { "vehicle_id": "A2066", "latitude": 42.713104248046875, "longitude": 23.316064834594727, "raw_occupancy": 0, "timestamp": "2026-09-15 17:45:29" }, "geometry": { "type": "Point", "coordinates": [ 23.316064834594727, 42.713104248046875 ] } },
{ "type": "Feature", "properties": { "vehicle_id": "A1215", "latitude": 42.624664306640625, "longitude": 23.357131958007812, "raw_occupancy": 3, "timestamp": "2026-09-15 17:45:29" }, "geometry": { "type": "Point", "coordinates": [ 23.357131958007812, 42.624664306640625 ] } },
{ "type": "Feature", "properties": { "vehicle_id": "A7163", "latitude": 42.710556030273438, "longitude": 23.385297775268555, "raw_occupancy": 2, "timestamp": "2026-09-15 17:45:29" }, "geometry": { "type": "Point", "coordinates": [ 23.385297775268555, 42.710556030273438 ] } },
{ "type": "Feature", "properties": { "vehicle_id": "A3132", "latitude": 42.626823425292969, "longitude": 23.380605697631836, "raw_occupancy": 1, "timestamp": "2026-09-15 17:45:29" }, "geometry": { "type": "Point", "coordinates": [ 23.380605697631836, 42.626823425292969 ] } },
{ "type": "Feature", "properties": { "vehicle_id": "A1609", "latitude": 42.689277648925781, "longitude": 23.245325088500977, "raw_occupancy": 0, "timestamp": "2026-09-15 17:45:29" }, "geometry": { "type": "Point", "coordinates": [ 23.245325088500977, 42.689277648925781 ] } },
{ "type": "Feature", "properties": { "vehicle_id": "A7189", "latitude": 42.710906982421875, "longitude": 23.320114135742188, "raw_occupancy": 0, "timestamp": "2026-09-15 17:45:29" }, "geometry": { "type": "Point", "coordinates": [ 23.320114135742188, 42.710906982421875 ] } },
{ "type": "Feature", "properties": { "vehicle_id": "A3404", "latitude": 42.662685394287109, "longitude": 23.356040954589844, "raw_occupancy": 2, "timestamp": "2026-09-15 17:55:29" }, "geometry": { "type": "Point", "coordinates": [ 23.356040954589844, 42.662685394287109 ] } },
{ "type": "Feature", "properties": { "vehicle_id": "A3621", "latitude": 42.668048858642578, "longitude": 23.424484252929688, "raw_occupancy": 1, "timestamp": "2026-09-15 17:55:29" }, "geometry": { "type": "Point", "coordinates": [ 23.424484252929688, 42.668048858642578 ] } },
{ "type": "Feature", "properties": { "vehicle_id": "A2825", "latitude": 42.706390380859375, "longitude": 23.307826995849609, "raw_occupancy": 3, "timestamp": "2026-09-15 17:55:29" }, "geometry": { "type": "Point", "coordinates": [ 23.307826995849609, 42.706390380859375 ] } },
{ "type": "Feature", "properties": { "vehicle_id": "A3157", "latitude": 42.704616546630859, "longitude": 23.324043273925781, "raw_occupancy": 2, "timestamp": "2026-09-15 17:55:29" }, "geometry": { "type": "Point", "coordinates": [ 23.324043273925781, 42.704616546630859 ] } },
{ "type": "Feature", "properties": { "vehicle_id": "A1318", "latitude": 42.659832000732422, "longitude": 23.285749435424805, "raw_occupancy": 1, "timestamp": "2026-09-15 17:55:29" }, "geometry": { "type": "Point", "coordinates": [ 23.285749435424805, 42.659832000732422 ] } },
{ "type": "Feature", "properties": { "vehicle_id": "A1601", "latitude": 42.689300537109375, "longitude": 23.245677947998047, "raw_occupancy": 1, "timestamp": "2026-09-15 17:55:29" }, "geometry": { "type": "Point", "coordinates": [ 23.245677947998047, 42.689300537109375 ] } },
{ "type": "Feature", "properties": { "vehicle_id": "A3301", "latitude": 42.668098449707031, "longitude": 23.328140258789062, "raw_occupancy": 2, "timestamp": "2026-09-15 17:55:29" }, "geometry": { "type": "Point", "coordinates": [ 23.328140258789062, 42.668098449707031 ] } },
{ "type": "Feature", "properties": { "vehicle_id": "A3121", "latitude": 42.639324188232422, "longitude": 23.386964797973633, "raw_occupancy": 0, "timestamp": "2026-09-15 17:55:29" }, "geometry": { "type": "Point", "coordinates": [ 23.386964797973633, 42.639324188232422 ] } },
{ "type": "Feature", "properties": { "vehicle_id": "A1125", "latitude": 42.730655670166016, "longitude": 23.255033493041992, "raw_occupancy": 2, "timestamp": "2026-09-15 17:55:29" }, "geometry": { "type": "Point", "coordinates": [ 23.255033493041992, 42.730655670166016 ] } },
{ "type": "Feature", "properties": { "vehicle_id": "A2519", "latitude": 42.696640014648438, "longitude": 23.279813766479492, "raw_occupancy": 2, "timestamp": "2026-09-15 17:55:29" }, "geometry": { "type": "Point", "coordinates": [ 23.279813766479492, 42.696640014648438 ] } },
{ "type": "Feature", "properties": { "vehicle_id": "A3661", "latitude": 42.592376708984375, "longitude": 23.366498947143555, "raw_occupancy": 4, "timestamp": "2026-09-15 17:55:29" }, "geometry": { "type": "Point", "coordinates": [ 23.366498947143555, 42.592376708984375 ] } },
{ "type": "Feature", "properties": { "vehicle_id": "A1857", "latitude": 42.661098480224609, "longitude": 23.243589401245117, "raw_occupancy": 0, "timestamp": "2026-09-15 17:55:29" }, "geometry": { "type": "Point", "coordinates": [ 23.243589401245117, 42.661098480224609 ] } },
{ "type": "Feature", "properties": { "vehicle_id": "A2090", "latitude": 42.669540405273438, "longitude": 23.367330551147461, "raw_occupancy": 1, "timestamp": "2026-09-15 17:55:29" }, "geometry": { "type": "Point", "coordinates": [ 23.367330551147461, 42.669540405273438 ] } },
{ "type": "Feature", "properties": { "vehicle_id": "A2318", "latitude": 42.648406982421875, "longitude": 23.341619491577148, "raw_occupancy": 2, "timestamp": "2026-09-15 17:55:29" }, "geometry": { "type": "Point", "coordinates": [ 23.341619491577148, 42.648406982421875 ] } },
{ "type": "Feature", "properties": { "vehicle_id": "A1175", "latitude": 42.733615875244141, "longitude": 23.309728622436523, "raw_occupancy": 1, "timestamp": "2026-09-15 17:55:29" }, "geometry": { "type": "Point", "coordinates": [ 23.309728622436523, 42.733615875244141 ] } },
{ "type": "Feature", "properties": { "vehicle_id": "A2087", "latitude": 42.789592742919922, "longitude": 23.309289932250977, "raw_occupancy": 1, "timestamp": "2026-09-15 17:55:29" }, "geometry": { "type": "Point", "coordinates": [ 23.309289932250977, 42.789592742919922 ] } },
{ "type": "Feature", "properties": { "vehicle_id": "A1223", "latitude": 42.624229431152344, "longitude": 23.359306335449219, "raw_occupancy": 3, "timestamp": "2026-09-15 17:55:29" }, "geometry": { "type": "Point", "coordinates": [ 23.359306335449219, 42.624229431152344 ] } },
{ "type": "Feature", "properties": { "vehicle_id": "A1169", "latitude": 42.675312042236328, "longitude": 23.289810180664062, "raw_occupancy": 3, "timestamp": "2026-09-15 17:55:29" }, "geometry": { "type": "Point", "coordinates": [ 23.289810180664062, 42.675312042236328 ] } },
{ "type": "Feature", "properties": { "vehicle_id": "A2052", "latitude": 42.628932952880859, "longitude": 23.446924209594727, "raw_occupancy": 2, "timestamp": "2026-09-15 17:55:29" }, "geometry": { "type": "Point", "coordinates": [ 23.446924209594727, 42.628932952880859 ] } },
{ "type": "Feature", "properties": { "vehicle_id": "A1034", "latitude": 42.673557281494141, "longitude": 23.275638580322266, "raw_occupancy": 0, "timestamp": "2026-09-15 17:55:29" }, "geometry": { "type": "Point", "coordinates": [ 23.275638580322266, 42.673557281494141 ] } },
{ "type": "Feature", "properties": { "vehicle_id": "A3650", "latitude": 42.525127410888672, "longitude": 23.366035461425781, "raw_occupancy": 1, "timestamp": "2026-09-15 17:55:29" }, "geometry": { "type": "Point", "coordinates": [ 23.366035461425781, 42.525127410888672 ] } },
{ "type": "Feature", "properties": { "vehicle_id": "A2302", "latitude": 42.652629852294922, "longitude": 23.347379684448242, "raw_occupancy": 2, "timestamp": "2026-09-15 17:55:29" }, "geometry": { "type": "Point", "coordinates": [ 23.347379684448242, 42.652629852294922 ] } },
{ "type": "Feature", "properties": { "vehicle_id": "A1871", "latitude": 42.619911193847656, "longitude": 23.188285827636719, "raw_occupancy": 0, "timestamp": "2026-09-15 17:55:29" }, "geometry": { "type": "Point", "coordinates": [ 23.188285827636719, 42.619911193847656 ] } },
{ "type": "Feature", "properties": { "vehicle_id": "A3654", "latitude": 42.656223297119141, "longitude": 23.336374282836914, "raw_occupancy": 1, "timestamp": "2026-09-15 17:55:29" }, "geometry": { "type": "Point", "coordinates": [ 23.336374282836914, 42.656223297119141 ] } },
{ "type": "Feature", "properties": { "vehicle_id": "A3122", "latitude": 42.642929077148438, "longitude": 23.336774826049805, "raw_occupancy": 3, "timestamp": "2026-09-15 17:55:29" }, "geometry": { "type": "Point", "coordinates": [ 23.336774826049805, 42.642929077148438 ] } },
{ "type": "Feature", "properties": { "vehicle_id": "A1035", "latitude": 42.669750213623047, "longitude": 23.244667053222656, "raw_occupancy": 1, "timestamp": "2026-09-15 17:55:29" }, "geometry": { "type": "Point", "coordinates": [ 23.244667053222656, 42.669750213623047 ] } },
{ "type": "Feature", "properties": { "vehicle_id": "A2075", "latitude": 42.599445343017578, "longitude": 23.499599456787109, "raw_occupancy": 0, "timestamp": "2026-09-15 17:55:29" }, "geometry": { "type": "Point", "coordinates": [ 23.499599456787109, 42.599445343017578 ] } },
{ "type": "Feature", "properties": { "vehicle_id": "A3700", "latitude": 42.663135528564453, "longitude": 23.415716171264648, "raw_occupancy": 1, "timestamp": "2026-09-15 17:55:29" }, "geometry": { "type": "Point", "coordinates": [ 23.415716171264648, 42.663135528564453 ] } },
{ "type": "Feature", "properties": { "vehicle_id": "A1420", "latitude": 42.656169891357422, "longitude": 23.284320831298828, "raw_occupancy": 5, "timestamp": "2026-09-15 17:55:29" }, "geometry": { "type": "Point", "coordinates": [ 23.284320831298828, 42.656169891357422 ] } },
{ "type": "Feature", "properties": { "vehicle_id": "A7111", "latitude": 42.725551605224609, "longitude": 23.261079788208008, "raw_occupancy": 1, "timestamp": "2026-09-15 17:55:29" }, "geometry": { "type": "Point", "coordinates": [ 23.261079788208008, 42.725551605224609 ] } },
{ "type": "Feature", "properties": { "vehicle_id": "A1187", "latitude": 42.724597930908203, "longitude": 23.28144645690918, "raw_occupancy": 2, "timestamp": "2026-09-15 17:55:29" }, "geometry": { "type": "Point", "coordinates": [ 23.28144645690918, 42.724597930908203 ] } },
{ "type": "Feature", "properties": { "vehicle_id": "A2057", "latitude": 42.643165588378906, "longitude": 23.400705337524414, "raw_occupancy": 3, "timestamp": "2026-09-15 17:55:29" }, "geometry": { "type": "Point", "coordinates": [ 23.400705337524414, 42.643165588378906 ] } },
{ "type": "Feature", "properties": { "vehicle_id": "A3106", "latitude": 42.726612091064453, "longitude": 23.312124252319336, "raw_occupancy": 0, "timestamp": "2026-09-15 17:55:29" }, "geometry": { "type": "Point", "coordinates": [ 23.312124252319336, 42.726612091064453 ] } },
{ "type": "Feature", "properties": { "vehicle_id": "A7165", "latitude": 42.711704254150391, "longitude": 23.41966438293457, "raw_occupancy": 1, "timestamp": "2026-09-15 17:55:29" }, "geometry": { "type": "Point", "coordinates": [ 23.41966438293457, 42.711704254150391 ] } },
{ "type": "Feature", "properties": { "vehicle_id": "A7189", "latitude": 42.704734802246094, "longitude": 23.332252502441406, "raw_occupancy": 3, "timestamp": "2026-09-15 17:55:29" }, "geometry": { "type": "Point", "coordinates": [ 23.332252502441406, 42.704734802246094 ] } },
{ "type": "Feature", "properties": { "vehicle_id": "A3611", "latitude": 42.671318054199219, "longitude": 23.396013259887695, "raw_occupancy": 1, "timestamp": "2026-09-15 17:55:29" }, "geometry": { "type": "Point", "coordinates": [ 23.396013259887695, 42.671318054199219 ] } },
{ "type": "Feature", "properties": { "vehicle_id": "A1319", "latitude": 42.630821228027344, "longitude": 23.193967819213867, "raw_occupancy": 2, "timestamp": "2026-09-15 17:55:29" }, "geometry": { "type": "Point", "coordinates": [ 23.193967819213867, 42.630821228027344 ] } },
{ "type": "Feature", "properties": { "vehicle_id": "A7059", "latitude": 42.736061096191406, "longitude": 23.468029022216797, "raw_occupancy": 1, "timestamp": "2026-09-15 17:55:29" }, "geometry": { "type": "Point", "coordinates": [ 23.468029022216797, 42.736061096191406 ] } },
{ "type": "Feature", "properties": { "vehicle_id": "A1157", "latitude": 42.694221496582031, "longitude": 23.293588638305664, "raw_occupancy": 5, "timestamp": "2026-09-15 17:55:29" }, "geometry": { "type": "Point", "coordinates": [ 23.293588638305664, 42.694221496582031 ] } },
{ "type": "Feature", "properties": { "vehicle_id": "A7159", "latitude": 42.832698822021484, "longitude": 23.332221984863281, "raw_occupancy": 1, "timestamp": "2026-09-15 17:55:29" }, "geometry": { "type": "Point", "coordinates": [ 23.332221984863281, 42.832698822021484 ] } },
{ "type": "Feature", "properties": { "vehicle_id": "A2032", "latitude": 42.673084259033203, "longitude": 23.335515975952148, "raw_occupancy": 2, "timestamp": "2026-09-15 17:55:29" }, "geometry": { "type": "Point", "coordinates": [ 23.335515975952148, 42.673084259033203 ] } },
{ "type": "Feature", "properties": { "vehicle_id": "A1215", "latitude": 42.657821655273438, "longitude": 23.272485733032227, "raw_occupancy": 3, "timestamp": "2026-09-15 17:55:29" }, "geometry": { "type": "Point", "coordinates": [ 23.272485733032227, 42.657821655273438 ] } },
{ "type": "Feature", "properties": { "vehicle_id": "A2082", "latitude": 42.558956146240234, "longitude": 23.367345809936523, "raw_occupancy": 1, "timestamp": "2026-09-15 17:55:29" }, "geometry": { "type": "Point", "coordinates": [ 23.367345809936523, 42.558956146240234 ] } },
{ "type": "Feature", "properties": { "vehicle_id": "A1217", "latitude": 42.731204986572266, "longitude": 23.254182815551758, "raw_occupancy": 2, "timestamp": "2026-09-15 17:55:29" }, "geometry": { "type": "Point", "coordinates": [ 23.254182815551758, 42.731204986572266 ] } },
{ "type": "Feature", "properties": { "vehicle_id": "A1831", "latitude": 42.651279449462891, "longitude": 23.367713928222656, "raw_occupancy": 0, "timestamp": "2026-09-15 17:55:29" }, "geometry": { "type": "Point", "coordinates": [ 23.367713928222656, 42.651279449462891 ] } },
{ "type": "Feature", "properties": { "vehicle_id": "A1829", "latitude": 42.713268280029297, "longitude": 23.219516754150391, "raw_occupancy": 1, "timestamp": "2026-09-15 17:55:29" }, "geometry": { "type": "Point", "coordinates": [ 23.219516754150391, 42.713268280029297 ] } },
{ "type": "Feature", "properties": { "vehicle_id": "A1179", "latitude": 42.677719116210938, "longitude": 23.303094863891602, "raw_occupancy": 3, "timestamp": "2026-09-15 17:55:29" }, "geometry": { "type": "Point", "coordinates": [ 23.303094863891602, 42.677719116210938 ] } },
{ "type": "Feature", "properties": { "vehicle_id": "A3114", "latitude": 42.696067810058594, "longitude": 23.347604751586914, "raw_occupancy": 2, "timestamp": "2026-09-15 17:55:29" }, "geometry": { "type": "Point", "coordinates": [ 23.347604751586914, 42.696067810058594 ] } },
{ "type": "Feature", "properties": { "vehicle_id": "A3637", "latitude": 42.653705596923828, "longitude": 23.347496032714844, "raw_occupancy": 2, "timestamp": "2026-09-15 17:55:29" }, "geometry": { "type": "Point", "coordinates": [ 23.347496032714844, 42.653705596923828 ] } },
{ "type": "Feature", "properties": { "vehicle_id": "A3120", "latitude": 42.700893402099609, "longitude": 23.34162712097168, "raw_occupancy": 3, "timestamp": "2026-09-15 17:55:29" }, "geometry": { "type": "Point", "coordinates": [ 23.34162712097168, 42.700893402099609 ] } },
{ "type": "Feature", "properties": { "vehicle_id": "A7191", "latitude": 42.724319458007812, "longitude": 23.371322631835938, "raw_occupancy": 2, "timestamp": "2026-09-15 17:55:29" }, "geometry": { "type": "Point", "coordinates": [ 23.371322631835938, 42.724319458007812 ] } },
{ "type": "Feature", "properties": { "vehicle_id": "A2165", "latitude": 42.705226898193359, "longitude": 23.324569702148438, "raw_occupancy": 2, "timestamp": "2026-09-15 17:55:29" }, "geometry": { "type": "Point", "coordinates": [ 23.324569702148438, 42.705226898193359 ] } },
{ "type": "Feature", "properties": { "vehicle_id": "A7181", "latitude": 42.727611541748047, "longitude": 23.312467575073242, "raw_occupancy": 0, "timestamp": "2026-09-15 17:55:29" }, "geometry": { "type": "Point", "coordinates": [ 23.312467575073242, 42.727611541748047 ] } },
{ "type": "Feature", "properties": { "vehicle_id": "A7083", "latitude": 42.730716705322266, "longitude": 23.46307373046875, "raw_occupancy": 1, "timestamp": "2026-09-15 17:55:29" }, "geometry": { "type": "Point", "coordinates": [ 23.46307373046875, 42.730716705322266 ] } },
{ "type": "Feature", "properties": { "vehicle_id": "A2061", "latitude": 42.732276916503906, "longitude": 23.252714157104492, "raw_occupancy": 1, "timestamp": "2026-09-15 17:55:29" }, "geometry": { "type": "Point", "coordinates": [ 23.252714157104492, 42.732276916503906 ] } },
{ "type": "Feature", "properties": { "vehicle_id": "A3151", "latitude": 42.643230438232422, "longitude": 23.412288665771484, "raw_occupancy": 1, "timestamp": "2026-09-15 17:55:29" }, "geometry": { "type": "Point", "coordinates": [ 23.412288665771484, 42.643230438232422 ] } },
{ "type": "Feature", "properties": { "vehicle_id": "A1025", "latitude": 42.672080993652344, "longitude": 23.272947311401367, "raw_occupancy": 0, "timestamp": "2026-09-15 17:55:29" }, "geometry": { "type": "Point", "coordinates": [ 23.272947311401367, 42.672080993652344 ] } },
{ "type": "Feature", "properties": { "vehicle_id": "A7063", "latitude": 42.720046997070312, "longitude": 23.239849090576172, "raw_occupancy": 2, "timestamp": "2026-09-15 17:55:29" }, "geometry": { "type": "Point", "coordinates": [ 23.239849090576172, 42.720046997070312 ] } },
{ "type": "Feature", "properties": { "vehicle_id": "A3154", "latitude": 42.657577514648438, "longitude": 23.394504547119141, "raw_occupancy": 2, "timestamp": "2026-09-15 17:55:29" }, "geometry": { "type": "Point", "coordinates": [ 23.394504547119141, 42.657577514648438 ] } },
{ "type": "Feature", "properties": { "vehicle_id": "A1150", "latitude": 42.686256408691406, "longitude": 23.274875640869141, "raw_occupancy": 2, "timestamp": "2026-09-15 17:55:29" }, "geometry": { "type": "Point", "coordinates": [ 23.274875640869141, 42.686256408691406 ] } },
{ "type": "Feature", "properties": { "vehicle_id": "A2027", "latitude": 42.69915771484375, "longitude": 23.352085113525391, "raw_occupancy": 1, "timestamp": "2026-09-15 17:55:29" }, "geometry": { "type": "Point", "coordinates": [ 23.352085113525391, 42.69915771484375 ] } },
{ "type": "Feature", "properties": { "vehicle_id": "A2067", "latitude": 42.725112915039062, "longitude": 23.292026519775391, "raw_occupancy": 1, "timestamp": "2026-09-15 17:55:29" }, "geometry": { "type": "Point", "coordinates": [ 23.292026519775391, 42.725112915039062 ] } },
{ "type": "Feature", "properties": { "vehicle_id": "A2028", "latitude": 42.699241638183594, "longitude": 23.339853286743164, "raw_occupancy": 1, "timestamp": "2026-09-15 17:55:29" }, "geometry": { "type": "Point", "coordinates": [ 23.339853286743164, 42.699241638183594 ] } },
{ "type": "Feature", "properties": { "vehicle_id": "A3133", "latitude": 42.642261505126953, "longitude": 23.368059158325195, "raw_occupancy": 1, "timestamp": "2026-09-15 17:55:29" }, "geometry": { "type": "Point", "coordinates": [ 23.368059158325195, 42.642261505126953 ] } },
{ "type": "Feature", "properties": { "vehicle_id": "A2605", "latitude": 42.712993621826172, "longitude": 23.379669189453125, "raw_occupancy": 0, "timestamp": "2026-09-15 17:55:29" }, "geometry": { "type": "Point", "coordinates": [ 23.379669189453125, 42.712993621826172 ] } },
{ "type": "Feature", "properties": { "vehicle_id": "A1607", "latitude": 42.691669464111328, "longitude": 23.369266510009766, "raw_occupancy": 3, "timestamp": "2026-09-15 17:55:29" }, "geometry": { "type": "Point", "coordinates": [ 23.369266510009766, 42.691669464111328 ] } },
{ "type": "Feature", "properties": { "vehicle_id": "A3109", "latitude": 42.704311370849609, "longitude": 23.334466934204102, "raw_occupancy": 2, "timestamp": "2026-09-15 17:55:29" }, "geometry": { "type": "Point", "coordinates": [ 23.334466934204102, 42.704311370849609 ] } },
{ "type": "Feature", "properties": { "vehicle_id": "A3014", "latitude": 42.688793182373047, "longitude": 23.334110260009766, "raw_occupancy": 2, "timestamp": "2026-09-15 17:55:29" }, "geometry": { "type": "Point", "coordinates": [ 23.334110260009766, 42.688793182373047 ] } },
{ "type": "Feature", "properties": { "vehicle_id": "A2069", "latitude": 42.635112762451172, "longitude": 23.432472229003906, "raw_occupancy": 3, "timestamp": "2026-09-15 17:55:29" }, "geometry": { "type": "Point", "coordinates": [ 23.432472229003906, 42.635112762451172 ] } },
{ "type": "Feature", "properties": { "vehicle_id": "A3136", "latitude": 42.704837799072266, "longitude": 23.334011077880859, "raw_occupancy": 2, "timestamp": "2026-09-15 17:55:29" }, "geometry": { "type": "Point", "coordinates": [ 23.334011077880859, 42.704837799072266 ] } },
{ "type": "Feature", "properties": { "vehicle_id": "A7097", "latitude": 42.744945526123047, "longitude": 23.347921371459961, "raw_occupancy": 1, "timestamp": "2026-09-15 17:55:29" }, "geometry": { "type": "Point", "coordinates": [ 23.347921371459961, 42.744945526123047 ] } },
{ "type": "Feature", "properties": { "vehicle_id": "A2308", "latitude": 42.692062377929688, "longitude": 23.342798233032227, "raw_occupancy": 1, "timestamp": "2026-09-15 17:55:29" }, "geometry": { "type": "Point", "coordinates": [ 23.342798233032227, 42.692062377929688 ] } },
{ "type": "Feature", "properties": { "vehicle_id": "A7053", "latitude": 42.707283020019531, "longitude": 23.408367156982422, "raw_occupancy": 2, "timestamp": "2026-09-15 17:55:29" }, "geometry": { "type": "Point", "coordinates": [ 23.408367156982422, 42.707283020019531 ] } },
{ "type": "Feature", "properties": { "vehicle_id": "A7041", "latitude": 42.746978759765625, "longitude": 23.280168533325195, "raw_occupancy": 1, "timestamp": "2026-09-15 17:55:29" }, "geometry": { "type": "Point", "coordinates": [ 23.280168533325195, 42.746978759765625 ] } },
{ "type": "Feature", "properties": { "vehicle_id": "A2501", "latitude": 42.706527709960938, "longitude": 23.34893798828125, "raw_occupancy": 2, "timestamp": "2026-09-15 17:55:29" }, "geometry": { "type": "Point", "coordinates": [ 23.34893798828125, 42.706527709960938 ] } },
{ "type": "Feature", "properties": { "vehicle_id": "A1155", "latitude": 42.687587738037109, "longitude": 23.33338737487793, "raw_occupancy": 2, "timestamp": "2026-09-15 17:55:29" }, "geometry": { "type": "Point", "coordinates": [ 23.33338737487793, 42.687587738037109 ] } },
{ "type": "Feature", "properties": { "vehicle_id": "A1163", "latitude": 42.623058319091797, "longitude": 23.372978210449219, "raw_occupancy": 1, "timestamp": "2026-09-15 17:55:29" }, "geometry": { "type": "Point", "coordinates": [ 23.372978210449219, 42.623058319091797 ] } },
{ "type": "Feature", "properties": { "vehicle_id": "A1229", "latitude": 42.704063415527344, "longitude": 23.127479553222656, "raw_occupancy": 0, "timestamp": "2026-09-15 17:55:29" }, "geometry": { "type": "Point", "coordinates": [ 23.127479553222656, 42.704063415527344 ] } },
{ "type": "Feature", "properties": { "vehicle_id": "A7171", "latitude": 42.719795227050781, "longitude": 23.221481323242188, "raw_occupancy": 1, "timestamp": "2026-09-15 17:55:29" }, "geometry": { "type": "Point", "coordinates": [ 23.221481323242188, 42.719795227050781 ] } },
{ "type": "Feature", "properties": { "vehicle_id": "A3111", "latitude": 42.661113739013672, "longitude": 23.358963012695312, "raw_occupancy": 2, "timestamp": "2026-09-15 17:55:29" }, "geometry": { "type": "Point", "coordinates": [ 23.358963012695312, 42.661113739013672 ] } },
{ "type": "Feature", "properties": { "vehicle_id": "A2044", "latitude": 42.701320648193359, "longitude": 23.350948333740234, "raw_occupancy": 2, "timestamp": "2026-09-15 17:55:29" }, "geometry": { "type": "Point", "coordinates": [ 23.350948333740234, 42.701320648193359 ] } },
{ "type": "Feature", "properties": { "vehicle_id": "A1036", "latitude": 42.652976989746094, "longitude": 23.294425964355469, "raw_occupancy": 1, "timestamp": "2026-09-15 17:55:29" }, "geometry": { "type": "Point", "coordinates": [ 23.294425964355469, 42.652976989746094 ] } },
{ "type": "Feature", "properties": { "vehicle_id": "A2823", "latitude": 42.669212341308594, "longitude": 23.26365852355957, "raw_occupancy": 2, "timestamp": "2026-09-15 17:55:29" }, "geometry": { "type": "Point", "coordinates": [ 23.26365852355957, 42.669212341308594 ] } },
{ "type": "Feature", "properties": { "vehicle_id": "A2073", "latitude": 42.657787322998047, "longitude": 23.383363723754883, "raw_occupancy": 3, "timestamp": "2026-09-15 17:55:29" }, "geometry": { "type": "Point", "coordinates": [ 23.383363723754883, 42.657787322998047 ] } },
{ "type": "Feature", "properties": { "vehicle_id": "A3634", "latitude": 42.669258117675781, "longitude": 23.464197158813477, "raw_occupancy": 0, "timestamp": "2026-09-15 17:55:29" }, "geometry": { "type": "Point", "coordinates": [ 23.464197158813477, 42.669258117675781 ] } },
{ "type": "Feature", "properties": { "vehicle_id": "A3657", "latitude": 42.651084899902344, "longitude": 23.405799865722656, "raw_occupancy": 2, "timestamp": "2026-09-15 17:55:29" }, "geometry": { "type": "Point", "coordinates": [ 23.405799865722656, 42.651084899902344 ] } },
{ "type": "Feature", "properties": { "vehicle_id": "A2317", "latitude": 42.653785705566406, "longitude": 23.343772888183594, "raw_occupancy": 2, "timestamp": "2026-09-15 17:55:29" }, "geometry": { "type": "Point", "coordinates": [ 23.343772888183594, 42.653785705566406 ] } },
{ "type": "Feature", "properties": { "vehicle_id": "A2514", "latitude": 42.69256591796875, "longitude": 23.360494613647461, "raw_occupancy": 1, "timestamp": "2026-09-15 17:55:29" }, "geometry": { "type": "Point", "coordinates": [ 23.360494613647461, 42.69256591796875 ] } },
{ "type": "Feature", "properties": { "vehicle_id": "A2038", "latitude": 42.685321807861328, "longitude": 23.321172714233398, "raw_occupancy": 1, "timestamp": "2026-09-15 17:55:29" }, "geometry": { "type": "Point", "coordinates": [ 23.321172714233398, 42.685321807861328 ] } },
{ "type": "Feature", "properties": { "vehicle_id": "A2003", "latitude": 42.710796356201172, "longitude": 23.26983642578125, "raw_occupancy": 3, "timestamp": "2026-09-15 17:55:29" }, "geometry": { "type": "Point", "coordinates": [ 23.26983642578125, 42.710796356201172 ] } },
{ "type": "Feature", "properties": { "vehicle_id": "A1823", "latitude": 42.716457366943359, "longitude": 23.237661361694336, "raw_occupancy": 1, "timestamp": "2026-09-15 17:55:29" }, "geometry": { "type": "Point", "coordinates": [ 23.237661361694336, 42.716457366943359 ] } },
{ "type": "Feature", "properties": { "vehicle_id": "A3632", "latitude": 42.662845611572266, "longitude": 23.376251220703125, "raw_occupancy": 5, "timestamp": "2026-09-15 17:55:29" }, "geometry": { "type": "Point", "coordinates": [ 23.376251220703125, 42.662845611572266 ] } },
{ "type": "Feature", "properties": { "vehicle_id": "A2720", "latitude": 42.787528991699219, "longitude": 23.401443481445312, "raw_occupancy": 1, "timestamp": "2026-09-15 17:55:29" }, "geometry": { "type": "Point", "coordinates": [ 23.401443481445312, 42.787528991699219 ] } },
{ "type": "Feature", "properties": { "vehicle_id": "A2033", "latitude": 42.659969329833984, "longitude": 23.316736221313477, "raw_occupancy": 2, "timestamp": "2026-09-15 17:55:29" }, "geometry": { "type": "Point", "coordinates": [ 23.316736221313477, 42.659969329833984 ] } },
{ "type": "Feature", "properties": { "vehicle_id": "A2804", "latitude": 42.676609039306641, "longitude": 23.359821319580078, "raw_occupancy": 1, "timestamp": "2026-09-15 17:55:29" }, "geometry": { "type": "Point", "coordinates": [ 23.359821319580078, 42.676609039306641 ] } },
{ "type": "Feature", "properties": { "vehicle_id": "A7137", "latitude": 42.770740509033203, "longitude": 23.43901252746582, "raw_occupancy": 0, "timestamp": "2026-09-15 17:55:29" }, "geometry": { "type": "Point", "coordinates": [ 23.43901252746582, 42.770740509033203 ] } },
{ "type": "Feature", "properties": { "vehicle_id": "A7121", "latitude": 42.705051422119141, "longitude": 23.325889587402344, "raw_occupancy": 1, "timestamp": "2026-09-15 17:55:29" }, "geometry": { "type": "Point", "coordinates": [ 23.325889587402344, 42.705051422119141 ] } },
{ "type": "Feature", "properties": { "vehicle_id": "A7157", "latitude": 42.7669677734375, "longitude": 23.4923095703125, "raw_occupancy": 2, "timestamp": "2026-09-15 17:55:29" }, "geometry": { "type": "Point", "coordinates": [ 23.4923095703125, 42.7669677734375 ] } },
{ "type": "Feature", "properties": { "vehicle_id": "A1619", "latitude": 42.705963134765625, "longitude": 23.298883438110352, "raw_occupancy": 1, "timestamp": "2026-09-15 17:55:29" }, "geometry": { "type": "Point", "coordinates": [ 23.298883438110352, 42.705963134765625 ] } },
{ "type": "Feature", "properties": { "vehicle_id": "A2752", "latitude": 42.6429443359375, "longitude": 23.342779159545898, "raw_occupancy": 0, "timestamp": "2026-09-15 17:55:29" }, "geometry": { "type": "Point", "coordinates": [ 23.342779159545898, 42.6429443359375 ] } },
{ "type": "Feature", "properties": { "vehicle_id": "A2504", "latitude": 42.718742370605469, "longitude": 23.276857376098633, "raw_occupancy": 2, "timestamp": "2026-09-15 17:55:29" }, "geometry": { "type": "Point", "coordinates": [ 23.276857376098633, 42.718742370605469 ] } },
{ "type": "Feature", "properties": { "vehicle_id": "A1805", "latitude": 42.642227172851562, "longitude": 23.311628341674805, "raw_occupancy": 0, "timestamp": "2026-09-15 17:55:29" }, "geometry": { "type": "Point", "coordinates": [ 23.311628341674805, 42.642227172851562 ] } },
{ "type": "Feature", "properties": { "vehicle_id": "A2034", "latitude": 42.701946258544922, "longitude": 23.355806350708008, "raw_occupancy": 3, "timestamp": "2026-09-15 17:55:29" }, "geometry": { "type": "Point", "coordinates": [ 23.355806350708008, 42.701946258544922 ] } },
{ "type": "Feature", "properties": { "vehicle_id": "A1308", "latitude": 42.634380340576172, "longitude": 23.195438385009766, "raw_occupancy": 1, "timestamp": "2026-09-15 17:55:29" }, "geometry": { "type": "Point", "coordinates": [ 23.195438385009766, 42.634380340576172 ] } },
{ "type": "Feature", "properties": { "vehicle_id": "A2045", "latitude": 42.713020324707031, "longitude": 23.247314453125, "raw_occupancy": 1, "timestamp": "2026-09-15 17:55:29" }, "geometry": { "type": "Point", "coordinates": [ 23.247314453125, 42.713020324707031 ] } },
{ "type": "Feature", "properties": { "vehicle_id": "A1608", "latitude": 42.657054901123047, "longitude": 23.271936416625977, "raw_occupancy": 1, "timestamp": "2026-09-15 17:55:29" }, "geometry": { "type": "Point", "coordinates": [ 23.271936416625977, 42.657054901123047 ] } },
{ "type": "Feature", "properties": { "vehicle_id": "A1821", "latitude": 42.688438415527344, "longitude": 23.23121452331543, "raw_occupancy": 3, "timestamp": "2026-09-15 17:55:29" }, "geometry": { "type": "Point", "coordinates": [ 23.23121452331543, 42.688438415527344 ] } },
{ "type": "Feature", "properties": { "vehicle_id": "A1616", "latitude": 42.696994781494141, "longitude": 23.296308517456055, "raw_occupancy": 4, "timestamp": "2026-09-15 17:55:29" }, "geometry": { "type": "Point", "coordinates": [ 23.296308517456055, 42.696994781494141 ] } },
{ "type": "Feature", "properties": { "vehicle_id": "A3628", "latitude": 42.68182373046875, "longitude": 23.301549911499023, "raw_occupancy": 3, "timestamp": "2026-09-15 17:55:29" }, "geometry": { "type": "Point", "coordinates": [ 23.301549911499023, 42.68182373046875 ] } },
{ "type": "Feature", "properties": { "vehicle_id": "A2042", "latitude": 42.654460906982422, "longitude": 23.348316192626953, "raw_occupancy": 1, "timestamp": "2026-09-15 17:55:29" }, "geometry": { "type": "Point", "coordinates": [ 23.348316192626953, 42.654460906982422 ] } },
{ "type": "Feature", "properties": { "vehicle_id": "A2315", "latitude": 42.669418334960938, "longitude": 23.366762161254883, "raw_occupancy": 2, "timestamp": "2026-09-15 17:55:29" }, "geometry": { "type": "Point", "coordinates": [ 23.366762161254883, 42.669418334960938 ] } },
{ "type": "Feature", "properties": { "vehicle_id": "A1853", "latitude": 42.695667266845703, "longitude": 23.148918151855469, "raw_occupancy": 1, "timestamp": "2026-09-15 17:55:29" }, "geometry": { "type": "Point", "coordinates": [ 23.148918151855469, 42.695667266845703 ] } },
{ "type": "Feature", "properties": { "vehicle_id": "A7145", "latitude": 42.706268310546875, "longitude": 23.358274459838867, "raw_occupancy": 1, "timestamp": "2026-09-15 17:55:29" }, "geometry": { "type": "Point", "coordinates": [ 23.358274459838867, 42.706268310546875 ] } },
{ "type": "Feature", "properties": { "vehicle_id": "A3403", "latitude": 42.649288177490234, "longitude": 23.371286392211914, "raw_occupancy": 3, "timestamp": "2026-09-15 17:55:29" }, "geometry": { "type": "Point", "coordinates": [ 23.371286392211914, 42.649288177490234 ] } },
{ "type": "Feature", "properties": { "vehicle_id": "A7091", "latitude": 42.762306213378906, "longitude": 23.5635986328125, "raw_occupancy": 0, "timestamp": "2026-09-15 17:55:29" }, "geometry": { "type": "Point", "coordinates": [ 23.5635986328125, 42.762306213378906 ] } },
{ "type": "Feature", "properties": { "vehicle_id": "A2510", "latitude": 42.620964050292969, "longitude": 23.327327728271484, "raw_occupancy": 1, "timestamp": "2026-09-15 17:55:29" }, "geometry": { "type": "Point", "coordinates": [ 23.327327728271484, 42.620964050292969 ] } },
{ "type": "Feature", "properties": { "vehicle_id": "A3666", "latitude": 42.685176849365234, "longitude": 23.40509033203125, "raw_occupancy": 2, "timestamp": "2026-09-15 17:55:29" }, "geometry": { "type": "Point", "coordinates": [ 23.40509033203125, 42.685176849365234 ] } },
{ "type": "Feature", "properties": { "vehicle_id": "A3400", "latitude": 42.685821533203125, "longitude": 23.344392776489258, "raw_occupancy": 3, "timestamp": "2026-09-15 17:55:29" }, "geometry": { "type": "Point", "coordinates": [ 23.344392776489258, 42.685821533203125 ] } },
{ "type": "Feature", "properties": { "vehicle_id": "A3124", "latitude": 42.640865325927734, "longitude": 23.373102188110352, "raw_occupancy": 2, "timestamp": "2026-09-15 17:55:29" }, "geometry": { "type": "Point", "coordinates": [ 23.373102188110352, 42.640865325927734 ] } },
{ "type": "Feature", "properties": { "vehicle_id": "A2506", "latitude": 42.686855316162109, "longitude": 23.310565948486328, "raw_occupancy": 2, "timestamp": "2026-09-15 17:55:29" }, "geometry": { "type": "Point", "coordinates": [ 23.310565948486328, 42.686855316162109 ] } },
{ "type": "Feature", "properties": { "vehicle_id": "A7079", "latitude": 42.713909149169922, "longitude": 23.313074111938477, "raw_occupancy": 2, "timestamp": "2026-09-15 17:55:29" }, "geometry": { "type": "Point", "coordinates": [ 23.313074111938477, 42.713909149169922 ] } },
{ "type": "Feature", "properties": { "vehicle_id": "A1159", "latitude": 42.646141052246094, "longitude": 23.334318161010742, "raw_occupancy": 2, "timestamp": "2026-09-15 17:55:29" }, "geometry": { "type": "Point", "coordinates": [ 23.334318161010742, 42.646141052246094 ] } },
{ "type": "Feature", "properties": { "vehicle_id": "A1409", "latitude": 42.675189971923828, "longitude": 23.278581619262695, "raw_occupancy": 1, "timestamp": "2026-09-15 17:55:29" }, "geometry": { "type": "Point", "coordinates": [ 23.278581619262695, 42.675189971923828 ] } },
{ "type": "Feature", "properties": { "vehicle_id": "A1216", "latitude": 42.761882781982422, "longitude": 23.244010925292969, "raw_occupancy": 0, "timestamp": "2026-09-15 17:55:29" }, "geometry": { "type": "Point", "coordinates": [ 23.244010925292969, 42.761882781982422 ] } },
{ "type": "Feature", "properties": { "vehicle_id": "A3665", "latitude": 42.670398712158203, "longitude": 23.3978271484375, "raw_occupancy": 2, "timestamp": "2026-09-15 17:55:29" }, "geometry": { "type": "Point", "coordinates": [ 23.3978271484375, 42.670398712158203 ] } },
{ "type": "Feature", "properties": { "vehicle_id": "A1835", "latitude": 42.728855133056641, "longitude": 23.221559524536133, "raw_occupancy": 2, "timestamp": "2026-09-15 17:55:29" }, "geometry": { "type": "Point", "coordinates": [ 23.221559524536133, 42.728855133056641 ] } },
{ "type": "Feature", "properties": { "vehicle_id": "A3408", "latitude": 42.669345855712891, "longitude": 23.367292404174805, "raw_occupancy": 3, "timestamp": "2026-09-15 17:55:29" }, "geometry": { "type": "Point", "coordinates": [ 23.367292404174805, 42.669345855712891 ] } },
{ "type": "Feature", "properties": { "vehicle_id": "A1182", "latitude": 42.726894378662109, "longitude": 23.289390563964844, "raw_occupancy": 2, "timestamp": "2026-09-15 17:55:29" }, "geometry": { "type": "Point", "coordinates": [ 23.289390563964844, 42.726894378662109 ] } },
{ "type": "Feature", "properties": { "vehicle_id": "A3131", "latitude": 42.681724548339844, "longitude": 23.314785003662109, "raw_occupancy": 2, "timestamp": "2026-09-15 17:55:29" }, "geometry": { "type": "Point", "coordinates": [ 23.314785003662109, 42.681724548339844 ] } },
{ "type": "Feature", "properties": { "vehicle_id": "A1407", "latitude": 42.711109161376953, "longitude": 23.318920135498047, "raw_occupancy": 1, "timestamp": "2026-09-15 17:55:29" }, "geometry": { "type": "Point", "coordinates": [ 23.318920135498047, 42.711109161376953 ] } },
{ "type": "Feature", "properties": { "vehicle_id": "A1402", "latitude": 42.735931396484375, "longitude": 23.305070877075195, "raw_occupancy": 2, "timestamp": "2026-09-15 17:55:29" }, "geometry": { "type": "Point", "coordinates": [ 23.305070877075195, 42.735931396484375 ] } },
{ "type": "Feature", "properties": { "vehicle_id": "A7045", "latitude": 42.735786437988281, "longitude": 23.310445785522461, "raw_occupancy": 1, "timestamp": "2026-09-15 17:55:29" }, "geometry": { "type": "Point", "coordinates": [ 23.310445785522461, 42.735786437988281 ] } },
{ "type": "Feature", "properties": { "vehicle_id": "A1841", "latitude": 42.718879699707031, "longitude": 23.235113143920898, "raw_occupancy": 4, "timestamp": "2026-09-15 17:55:29" }, "geometry": { "type": "Point", "coordinates": [ 23.235113143920898, 42.718879699707031 ] } },
{ "type": "Feature", "properties": { "vehicle_id": "A3669", "latitude": 42.663406372070312, "longitude": 23.413591384887695, "raw_occupancy": 0, "timestamp": "2026-09-15 17:55:29" }, "geometry": { "type": "Point", "coordinates": [ 23.413591384887695, 42.663406372070312 ] } },
{ "type": "Feature", "properties": { "vehicle_id": "A3018", "latitude": 42.69049072265625, "longitude": 23.337715148925781, "raw_occupancy": 0, "timestamp": "2026-09-15 17:55:29" }, "geometry": { "type": "Point", "coordinates": [ 23.337715148925781, 42.69049072265625 ] } },
{ "type": "Feature", "properties": { "vehicle_id": "A7101", "latitude": 42.742572784423828, "longitude": 23.266260147094727, "raw_occupancy": 1, "timestamp": "2026-09-15 17:55:29" }, "geometry": { "type": "Point", "coordinates": [ 23.266260147094727, 42.742572784423828 ] } },
{ "type": "Feature", "properties": { "vehicle_id": "A3100", "latitude": 42.644271850585938, "longitude": 23.374496459960938, "raw_occupancy": 2, "timestamp": "2026-09-15 17:55:29" }, "geometry": { "type": "Point", "coordinates": [ 23.374496459960938, 42.644271850585938 ] } },
{ "type": "Feature", "properties": { "vehicle_id": "A1184", "latitude": 42.687606811523438, "longitude": 23.267673492431641, "raw_occupancy": 1, "timestamp": "2026-09-15 17:55:29" }, "geometry": { "type": "Point", "coordinates": [ 23.267673492431641, 42.687606811523438 ] } },
{ "type": "Feature", "properties": { "vehicle_id": "A1803", "latitude": 42.658260345458984, "longitude": 23.240446090698242, "raw_occupancy": 0, "timestamp": "2026-09-15 17:55:29" }, "geometry": { "type": "Point", "coordinates": [ 23.240446090698242, 42.658260345458984 ] } },
{ "type": "Feature", "properties": { "vehicle_id": "A3150", "latitude": 42.665641784667969, "longitude": 23.286886215209961, "raw_occupancy": 1, "timestamp": "2026-09-15 17:55:29" }, "geometry": { "type": "Point", "coordinates": [ 23.286886215209961, 42.665641784667969 ] } },
{ "type": "Feature", "properties": { "vehicle_id": "A2312", "latitude": 42.648914337158203, "longitude": 23.341629028320312, "raw_occupancy": 2, "timestamp": "2026-09-15 17:55:29" }, "geometry": { "type": "Point", "coordinates": [ 23.341629028320312, 42.648914337158203 ] } },
{ "type": "Feature", "properties": { "vehicle_id": "A2016", "latitude": 42.683963775634766, "longitude": 23.322864532470703, "raw_occupancy": 0, "timestamp": "2026-09-15 17:55:29" }, "geometry": { "type": "Point", "coordinates": [ 23.322864532470703, 42.683963775634766 ] } },
{ "type": "Feature", "properties": { "vehicle_id": "A1026", "latitude": 42.622470855712891, "longitude": 23.405441284179688, "raw_occupancy": 1, "timestamp": "2026-09-15 17:55:29" }, "geometry": { "type": "Point", "coordinates": [ 23.405441284179688, 42.622470855712891 ] } },
{ "type": "Feature", "properties": { "vehicle_id": "A2047", "latitude": 42.723312377929688, "longitude": 23.305961608886719, "raw_occupancy": 2, "timestamp": "2026-09-15 17:55:29" }, "geometry": { "type": "Point", "coordinates": [ 23.305961608886719, 42.723312377929688 ] } },
{ "type": "Feature", "properties": { "vehicle_id": "A2009", "latitude": 42.683418273925781, "longitude": 23.321254730224609, "raw_occupancy": 2, "timestamp": "2026-09-15 17:55:29" }, "geometry": { "type": "Point", "coordinates": [ 23.321254730224609, 42.683418273925781 ] } },
{ "type": "Feature", "properties": { "vehicle_id": "A1426", "latitude": 42.626811981201172, "longitude": 23.349069595336914, "raw_occupancy": 2, "timestamp": "2026-09-15 17:55:29" }, "geometry": { "type": "Point", "coordinates": [ 23.349069595336914, 42.626811981201172 ] } },
{ "type": "Feature", "properties": { "vehicle_id": "A7085", "latitude": 42.711376190185547, "longitude": 23.419374465942383, "raw_occupancy": 1, "timestamp": "2026-09-15 17:55:29" }, "geometry": { "type": "Point", "coordinates": [ 23.419374465942383, 42.711376190185547 ] } },
{ "type": "Feature", "properties": { "vehicle_id": "A1181", "latitude": 42.673049926757812, "longitude": 23.292917251586914, "raw_occupancy": 0, "timestamp": "2026-09-15 17:55:29" }, "geometry": { "type": "Point", "coordinates": [ 23.292917251586914, 42.673049926757812 ] } },
{ "type": "Feature", "properties": { "vehicle_id": "A7125", "latitude": 42.799243927001953, "longitude": 23.400157928466797, "raw_occupancy": 0, "timestamp": "2026-09-15 17:55:29" }, "geometry": { "type": "Point", "coordinates": [ 23.400157928466797, 42.799243927001953 ] } },
{ "type": "Feature", "properties": { "vehicle_id": "A3137", "latitude": 42.689857482910156, "longitude": 23.336765289306641, "raw_occupancy": 3, "timestamp": "2026-09-15 17:55:29" }, "geometry": { "type": "Point", "coordinates": [ 23.336765289306641, 42.689857482910156 ] } },
{ "type": "Feature", "properties": { "vehicle_id": "A1162", "latitude": 42.659175872802734, "longitude": 23.326831817626953, "raw_occupancy": 0, "timestamp": "2026-09-15 17:55:29" }, "geometry": { "type": "Point", "coordinates": [ 23.326831817626953, 42.659175872802734 ] } },
{ "type": "Feature", "properties": { "vehicle_id": "A3156", "latitude": 42.677154541015625, "longitude": 23.3565673828125, "raw_occupancy": 4, "timestamp": "2026-09-15 17:55:29" }, "geometry": { "type": "Point", "coordinates": [ 23.3565673828125, 42.677154541015625 ] } },
{ "type": "Feature", "properties": { "vehicle_id": "A1213", "latitude": 42.730583190917969, "longitude": 23.226371765136719, "raw_occupancy": 3, "timestamp": "2026-09-15 17:55:29" }, "geometry": { "type": "Point", "coordinates": [ 23.226371765136719, 42.730583190917969 ] } },
{ "type": "Feature", "properties": { "vehicle_id": "A3312", "latitude": 42.676540374755859, "longitude": 23.357465744018555, "raw_occupancy": 3, "timestamp": "2026-09-15 17:55:29" }, "geometry": { "type": "Point", "coordinates": [ 23.357465744018555, 42.676540374755859 ] } },
{ "type": "Feature", "properties": { "vehicle_id": "A7175", "latitude": 42.7142333984375, "longitude": 23.358110427856445, "raw_occupancy": 0, "timestamp": "2026-09-15 17:55:29" }, "geometry": { "type": "Point", "coordinates": [ 23.358110427856445, 42.7142333984375 ] } },
{ "type": "Feature", "properties": { "vehicle_id": "A3134", "latitude": 42.661670684814453, "longitude": 23.35333251953125, "raw_occupancy": 3, "timestamp": "2026-09-15 17:55:29" }, "geometry": { "type": "Point", "coordinates": [ 23.35333251953125, 42.661670684814453 ] } },
{ "type": "Feature", "properties": { "vehicle_id": "A3139", "latitude": 42.672702789306641, "longitude": 23.293529510498047, "raw_occupancy": 3, "timestamp": "2026-09-15 17:55:29" }, "geometry": { "type": "Point", "coordinates": [ 23.293529510498047, 42.672702789306641 ] } },
{ "type": "Feature", "properties": { "vehicle_id": "A1166", "latitude": 42.692699432373047, "longitude": 23.280876159667969, "raw_occupancy": 2, "timestamp": "2026-09-15 17:55:29" }, "geometry": { "type": "Point", "coordinates": [ 23.280876159667969, 42.692699432373047 ] } },
{ "type": "Feature", "properties": { "vehicle_id": "A2059", "latitude": 42.698768615722656, "longitude": 23.361543655395508, "raw_occupancy": 3, "timestamp": "2026-09-15 17:55:29" }, "geometry": { "type": "Point", "coordinates": [ 23.361543655395508, 42.698768615722656 ] } },
{ "type": "Feature", "properties": { "vehicle_id": "A2079", "latitude": 42.640205383300781, "longitude": 23.311927795410156, "raw_occupancy": 3, "timestamp": "2026-09-15 17:55:29" }, "geometry": { "type": "Point", "coordinates": [ 23.311927795410156, 42.640205383300781 ] } },
{ "type": "Feature", "properties": { "vehicle_id": "A2050", "latitude": 42.726902008056641, "longitude": 23.26161003112793, "raw_occupancy": 1, "timestamp": "2026-09-15 17:55:29" }, "geometry": { "type": "Point", "coordinates": [ 23.26161003112793, 42.726902008056641 ] } },
{ "type": "Feature", "properties": { "vehicle_id": "A1807", "latitude": 42.712703704833984, "longitude": 23.292697906494141, "raw_occupancy": 1, "timestamp": "2026-09-15 17:55:29" }, "geometry": { "type": "Point", "coordinates": [ 23.292697906494141, 42.712703704833984 ] } },
{ "type": "Feature", "properties": { "vehicle_id": "A3600", "latitude": 42.665092468261719, "longitude": 23.419975280761719, "raw_occupancy": 2, "timestamp": "2026-09-15 17:55:29" }, "geometry": { "type": "Point", "coordinates": [ 23.419975280761719, 42.665092468261719 ] } },
{ "type": "Feature", "properties": { "vehicle_id": "A1605", "latitude": 42.705718994140625, "longitude": 23.316827774047852, "raw_occupancy": 3, "timestamp": "2026-09-15 17:55:29" }, "geometry": { "type": "Point", "coordinates": [ 23.316827774047852, 42.705718994140625 ] } },
{ "type": "Feature", "properties": { "vehicle_id": "A7073", "latitude": 42.776302337646484, "longitude": 23.526958465576172, "raw_occupancy": 1, "timestamp": "2026-09-15 17:55:29" }, "geometry": { "type": "Point", "coordinates": [ 23.526958465576172, 42.776302337646484 ] } },
{ "type": "Feature", "properties": { "vehicle_id": "A2014", "latitude": 42.705398559570312, "longitude": 23.38530158996582, "raw_occupancy": 1, "timestamp": "2026-09-15 17:55:29" }, "geometry": { "type": "Point", "coordinates": [ 23.38530158996582, 42.705398559570312 ] } },
{ "type": "Feature", "properties": { "vehicle_id": "A3627", "latitude": 42.690841674804688, "longitude": 23.3323974609375, "raw_occupancy": 1, "timestamp": "2026-09-15 17:55:29" }, "geometry": { "type": "Point", "coordinates": [ 23.3323974609375, 42.690841674804688 ] } },
{ "type": "Feature", "properties": { "vehicle_id": "A3605", "latitude": 42.602382659912109, "longitude": 23.478065490722656, "raw_occupancy": 1, "timestamp": "2026-09-15 17:55:29" }, "geometry": { "type": "Point", "coordinates": [ 23.478065490722656, 42.602382659912109 ] } },
{ "type": "Feature", "properties": { "vehicle_id": "A1165", "latitude": 42.657257080078125, "longitude": 23.310134887695312, "raw_occupancy": 3, "timestamp": "2026-09-15 17:55:29" }, "geometry": { "type": "Point", "coordinates": [ 23.310134887695312, 42.657257080078125 ] } },
{ "type": "Feature", "properties": { "vehicle_id": "A2046", "latitude": 42.725360870361328, "longitude": 23.255193710327148, "raw_occupancy": 1, "timestamp": "2026-09-15 17:55:29" }, "geometry": { "type": "Point", "coordinates": [ 23.255193710327148, 42.725360870361328 ] } },
{ "type": "Feature", "properties": { "vehicle_id": "A2314", "latitude": 42.6904296875, "longitude": 23.331827163696289, "raw_occupancy": 1, "timestamp": "2026-09-15 17:55:29" }, "geometry": { "type": "Point", "coordinates": [ 23.331827163696289, 42.6904296875 ] } },
{ "type": "Feature", "properties": { "vehicle_id": "A2515", "latitude": 42.683864593505859, "longitude": 23.363466262817383, "raw_occupancy": 3, "timestamp": "2026-09-15 17:55:29" }, "geometry": { "type": "Point", "coordinates": [ 23.363466262817383, 42.683864593505859 ] } },
{ "type": "Feature", "properties": { "vehicle_id": "A3617", "latitude": 42.686195373535156, "longitude": 23.307727813720703, "raw_occupancy": 0, "timestamp": "2026-09-15 17:55:29" }, "geometry": { "type": "Point", "coordinates": [ 23.307727813720703, 42.686195373535156 ] } },
{ "type": "Feature", "properties": { "vehicle_id": "A1231", "latitude": 42.699962615966797, "longitude": 23.286371231079102, "raw_occupancy": 2, "timestamp": "2026-09-15 17:55:29" }, "geometry": { "type": "Point", "coordinates": [ 23.286371231079102, 42.699962615966797 ] } },
{ "type": "Feature", "properties": { "vehicle_id": "A3651", "latitude": 42.653331756591797, "longitude": 23.372714996337891, "raw_occupancy": 1, "timestamp": "2026-09-15 17:55:29" }, "geometry": { "type": "Point", "coordinates": [ 23.372714996337891, 42.653331756591797 ] } },
{ "type": "Feature", "properties": { "vehicle_id": "A1612", "latitude": 42.69024658203125, "longitude": 23.336362838745117, "raw_occupancy": 3, "timestamp": "2026-09-15 17:55:29" }, "geometry": { "type": "Point", "coordinates": [ 23.336362838745117, 42.69024658203125 ] } },
{ "type": "Feature", "properties": { "vehicle_id": "A2305", "latitude": 42.705951690673828, "longitude": 23.344877243041992, "raw_occupancy": 3, "timestamp": "2026-09-15 17:55:29" }, "geometry": { "type": "Point", "coordinates": [ 23.344877243041992, 42.705951690673828 ] } },
{ "type": "Feature", "properties": { "vehicle_id": "A3017", "latitude": 42.678028106689453, "longitude": 23.3704833984375, "raw_occupancy": 0, "timestamp": "2026-09-15 17:55:29" }, "geometry": { "type": "Point", "coordinates": [ 23.3704833984375, 42.678028106689453 ] } },
{ "type": "Feature", "properties": { "vehicle_id": "A7129", "latitude": 42.716255187988281, "longitude": 23.52967643737793, "raw_occupancy": 3, "timestamp": "2026-09-15 17:55:29" }, "geometry": { "type": "Point", "coordinates": [ 23.52967643737793, 42.716255187988281 ] } },
{ "type": "Feature", "properties": { "vehicle_id": "A2025", "latitude": 42.64532470703125, "longitude": 23.34211540222168, "raw_occupancy": 1, "timestamp": "2026-09-15 17:55:29" }, "geometry": { "type": "Point", "coordinates": [ 23.34211540222168, 42.64532470703125 ] } },
{ "type": "Feature", "properties": { "vehicle_id": "A3129", "latitude": 42.703319549560547, "longitude": 23.336807250976562, "raw_occupancy": 3, "timestamp": "2026-09-15 17:55:29" }, "geometry": { "type": "Point", "coordinates": [ 23.336807250976562, 42.703319549560547 ] } },
{ "type": "Feature", "properties": { "vehicle_id": "A1230", "latitude": 42.721168518066406, "longitude": 23.264570236206055, "raw_occupancy": 1, "timestamp": "2026-09-15 17:55:29" }, "geometry": { "type": "Point", "coordinates": [ 23.264570236206055, 42.721168518066406 ] } },
{ "type": "Feature", "properties": { "vehicle_id": "A3102", "latitude": 42.676128387451172, "longitude": 23.343482971191406, "raw_occupancy": 2, "timestamp": "2026-09-15 17:55:29" }, "geometry": { "type": "Point", "coordinates": [ 23.343482971191406, 42.676128387451172 ] } },
{ "type": "Feature", "properties": { "vehicle_id": "A3608", "latitude": 42.641223907470703, "longitude": 23.381326675415039, "raw_occupancy": 4, "timestamp": "2026-09-15 17:55:29" }, "geometry": { "type": "Point", "coordinates": [ 23.381326675415039, 42.641223907470703 ] } },
{ "type": "Feature", "properties": { "vehicle_id": "A1189", "latitude": 42.683887481689453, "longitude": 23.24180793762207, "raw_occupancy": 1, "timestamp": "2026-09-15 17:55:29" }, "geometry": { "type": "Point", "coordinates": [ 23.24180793762207, 42.683887481689453 ] } },
{ "type": "Feature", "properties": { "vehicle_id": "A7193", "latitude": 42.728973388671875, "longitude": 23.344167709350586, "raw_occupancy": 0, "timestamp": "2026-09-15 17:55:29" }, "geometry": { "type": "Point", "coordinates": [ 23.344167709350586, 42.728973388671875 ] } },
{ "type": "Feature", "properties": { "vehicle_id": "A7061", "latitude": 42.734317779541016, "longitude": 23.317441940307617, "raw_occupancy": 3, "timestamp": "2026-09-15 17:55:29" }, "geometry": { "type": "Point", "coordinates": [ 23.317441940307617, 42.734317779541016 ] } },
{ "type": "Feature", "properties": { "vehicle_id": "A7067", "latitude": 42.704982757568359, "longitude": 23.358636856079102, "raw_occupancy": 1, "timestamp": "2026-09-15 17:55:29" }, "geometry": { "type": "Point", "coordinates": [ 23.358636856079102, 42.704982757568359 ] } },
{ "type": "Feature", "properties": { "vehicle_id": "A2039", "latitude": 42.733760833740234, "longitude": 23.309543609619141, "raw_occupancy": 2, "timestamp": "2026-09-15 17:55:29" }, "geometry": { "type": "Point", "coordinates": [ 23.309543609619141, 42.733760833740234 ] } },
{ "type": "Feature", "properties": { "vehicle_id": "A2517", "latitude": 42.649078369140625, "longitude": 23.315374374389648, "raw_occupancy": 3, "timestamp": "2026-09-15 17:55:29" }, "geometry": { "type": "Point", "coordinates": [ 23.315374374389648, 42.649078369140625 ] } },
{ "type": "Feature", "properties": { "vehicle_id": "A1839", "latitude": 42.706783294677734, "longitude": 23.284687042236328, "raw_occupancy": 2, "timestamp": "2026-09-15 17:55:29" }, "geometry": { "type": "Point", "coordinates": [ 23.284687042236328, 42.706783294677734 ] } },
{ "type": "Feature", "properties": { "vehicle_id": "A1010", "latitude": 42.638404846191406, "longitude": 23.334299087524414, "raw_occupancy": 5, "timestamp": "2026-09-15 17:55:29" }, "geometry": { "type": "Point", "coordinates": [ 23.334299087524414, 42.638404846191406 ] } },
{ "type": "Feature", "properties": { "vehicle_id": "A3117", "latitude": 42.670253753662109, "longitude": 23.365913391113281, "raw_occupancy": 5, "timestamp": "2026-09-15 17:55:29" }, "geometry": { "type": "Point", "coordinates": [ 23.365913391113281, 42.670253753662109 ] } },
{ "type": "Feature", "properties": { "vehicle_id": "A7143", "latitude": 42.737625122070312, "longitude": 23.397144317626953, "raw_occupancy": 1, "timestamp": "2026-09-15 17:55:29" }, "geometry": { "type": "Point", "coordinates": [ 23.397144317626953, 42.737625122070312 ] } },
{ "type": "Feature", "properties": { "vehicle_id": "A3132", "latitude": 42.640701293945312, "longitude": 23.381618499755859, "raw_occupancy": 3, "timestamp": "2026-09-15 17:55:29" }, "geometry": { "type": "Point", "coordinates": [ 23.381618499755859, 42.640701293945312 ] } },
{ "type": "Feature", "properties": { "vehicle_id": "A2814", "latitude": 42.622379302978516, "longitude": 23.40101432800293, "raw_occupancy": 0, "timestamp": "2026-09-15 17:55:29" }, "geometry": { "type": "Point", "coordinates": [ 23.40101432800293, 42.622379302978516 ] } },
{ "type": "Feature", "properties": { "vehicle_id": "A3119", "latitude": 42.666843414306641, "longitude": 23.353519439697266, "raw_occupancy": 0, "timestamp": "2026-09-15 17:55:29" }, "geometry": { "type": "Point", "coordinates": [ 23.353519439697266, 42.666843414306641 ] } },
{ "type": "Feature", "properties": { "vehicle_id": "A3125", "latitude": 42.640384674072266, "longitude": 23.3746337890625, "raw_occupancy": 3, "timestamp": "2026-09-15 17:55:29" }, "geometry": { "type": "Point", "coordinates": [ 23.3746337890625, 42.640384674072266 ] } },
{ "type": "Feature", "properties": { "vehicle_id": "A7065", "latitude": 42.720035552978516, "longitude": 23.310724258422852, "raw_occupancy": 5, "timestamp": "2026-09-15 17:55:29" }, "geometry": { "type": "Point", "coordinates": [ 23.310724258422852, 42.720035552978516 ] } },
{ "type": "Feature", "properties": { "vehicle_id": "A7149", "latitude": 42.776119232177734, "longitude": 23.444238662719727, "raw_occupancy": 0, "timestamp": "2026-09-15 17:55:29" }, "geometry": { "type": "Point", "coordinates": [ 23.444238662719727, 42.776119232177734 ] } },
{ "type": "Feature", "properties": { "vehicle_id": "A1861", "latitude": 42.718360900878906, "longitude": 23.230527877807617, "raw_occupancy": 4, "timestamp": "2026-09-15 17:55:29" }, "geometry": { "type": "Point", "coordinates": [ 23.230527877807617, 42.718360900878906 ] } },
{ "type": "Feature", "properties": { "vehicle_id": "A1186", "latitude": 42.657733917236328, "longitude": 23.340238571166992, "raw_occupancy": 2, "timestamp": "2026-09-15 17:55:29" }, "geometry": { "type": "Point", "coordinates": [ 23.340238571166992, 42.657733917236328 ] } },
{ "type": "Feature", "properties": { "vehicle_id": "A3601", "latitude": 42.674312591552734, "longitude": 23.403987884521484, "raw_occupancy": 0, "timestamp": "2026-09-15 17:55:29" }, "geometry": { "type": "Point", "coordinates": [ 23.403987884521484, 42.674312591552734 ] } },
{ "type": "Feature", "properties": { "vehicle_id": "A2085", "latitude": 42.574653625488281, "longitude": 23.358983993530273, "raw_occupancy": 0, "timestamp": "2026-09-15 17:55:29" }, "geometry": { "type": "Point", "coordinates": [ 23.358983993530273, 42.574653625488281 ] } },
{ "type": "Feature", "properties": { "vehicle_id": "A1833", "latitude": 42.738178253173828, "longitude": 23.317007064819336, "raw_occupancy": 0, "timestamp": "2026-09-15 17:55:29" }, "geometry": { "type": "Point", "coordinates": [ 23.317007064819336, 42.738178253173828 ] } },
{ "type": "Feature", "properties": { "vehicle_id": "A3144", "latitude": 42.690219879150391, "longitude": 23.337324142456055, "raw_occupancy": 2, "timestamp": "2026-09-15 17:55:29" }, "geometry": { "type": "Point", "coordinates": [ 23.337324142456055, 42.690219879150391 ] } },
{ "type": "Feature", "properties": { "vehicle_id": "A2722", "latitude": 42.798595428466797, "longitude": 23.421964645385742, "raw_occupancy": 0, "timestamp": "2026-09-15 17:55:29" }, "geometry": { "type": "Point", "coordinates": [ 23.421964645385742, 42.798595428466797 ] } },
{ "type": "Feature", "properties": { "vehicle_id": "A3655", "latitude": 42.666553497314453, "longitude": 23.353858947753906, "raw_occupancy": 1, "timestamp": "2026-09-15 17:55:29" }, "geometry": { "type": "Point", "coordinates": [ 23.353858947753906, 42.666553497314453 ] } },
{ "type": "Feature", "properties": { "vehicle_id": "A2153", "latitude": 42.715450286865234, "longitude": 23.324081420898438, "raw_occupancy": 0, "timestamp": "2026-09-15 17:55:29" }, "geometry": { "type": "Point", "coordinates": [ 23.324081420898438, 42.715450286865234 ] } },
{ "type": "Feature", "properties": { "vehicle_id": "A3143", "latitude": 42.684513092041016, "longitude": 23.324304580688477, "raw_occupancy": 3, "timestamp": "2026-09-15 17:55:29" }, "geometry": { "type": "Point", "coordinates": [ 23.324304580688477, 42.684513092041016 ] } },
{ "type": "Feature", "properties": { "vehicle_id": "A2076", "latitude": 42.622665405273438, "longitude": 23.404706954956055, "raw_occupancy": 2, "timestamp": "2026-09-15 17:55:29" }, "geometry": { "type": "Point", "coordinates": [ 23.404706954956055, 42.622665405273438 ] } },
{ "type": "Feature", "properties": { "vehicle_id": "A2319", "latitude": 42.651592254638672, "longitude": 23.355022430419922, "raw_occupancy": 3, "timestamp": "2026-09-15 17:55:29" }, "geometry": { "type": "Point", "coordinates": [ 23.355022430419922, 42.651592254638672 ] } },
{ "type": "Feature", "properties": { "vehicle_id": "A2002", "latitude": 42.660923004150391, "longitude": 23.35174560546875, "raw_occupancy": 1, "timestamp": "2026-09-15 17:55:29" }, "geometry": { "type": "Point", "coordinates": [ 23.35174560546875, 42.660923004150391 ] } },
{ "type": "Feature", "properties": { "vehicle_id": "A2055", "latitude": 42.712127685546875, "longitude": 23.299821853637695, "raw_occupancy": 2, "timestamp": "2026-09-15 17:55:29" }, "geometry": { "type": "Point", "coordinates": [ 23.299821853637695, 42.712127685546875 ] } },
{ "type": "Feature", "properties": { "vehicle_id": "A1206", "latitude": 42.640300750732422, "longitude": 23.372829437255859, "raw_occupancy": 0, "timestamp": "2026-09-15 17:55:29" }, "geometry": { "type": "Point", "coordinates": [ 23.372829437255859, 42.640300750732422 ] } },
{ "type": "Feature", "properties": { "vehicle_id": "A1809", "latitude": 42.642608642578125, "longitude": 23.309656143188477, "raw_occupancy": 3, "timestamp": "2026-09-15 17:55:29" }, "geometry": { "type": "Point", "coordinates": [ 23.309656143188477, 42.642608642578125 ] } },
{ "type": "Feature", "properties": { "vehicle_id": "A1030", "latitude": 42.656898498535156, "longitude": 23.312200546264648, "raw_occupancy": 1, "timestamp": "2026-09-15 17:55:29" }, "geometry": { "type": "Point", "coordinates": [ 23.312200546264648, 42.656898498535156 ] } },
{ "type": "Feature", "properties": { "vehicle_id": "A2316", "latitude": 42.663955688476562, "longitude": 23.358909606933594, "raw_occupancy": 2, "timestamp": "2026-09-15 17:55:29" }, "geometry": { "type": "Point", "coordinates": [ 23.358909606933594, 42.663955688476562 ] } },
{ "type": "Feature", "properties": { "vehicle_id": "A1421", "latitude": 42.678646087646484, "longitude": 23.299102783203125, "raw_occupancy": 1, "timestamp": "2026-09-15 17:55:29" }, "geometry": { "type": "Point", "coordinates": [ 23.299102783203125, 42.678646087646484 ] } },
{ "type": "Feature", "properties": { "vehicle_id": "A3012", "latitude": 42.680068969726562, "longitude": 23.357761383056641, "raw_occupancy": 2, "timestamp": "2026-09-15 17:55:29" }, "geometry": { "type": "Point", "coordinates": [ 23.357761383056641, 42.680068969726562 ] } },
{ "type": "Feature", "properties": { "vehicle_id": "A3603", "latitude": 42.658802032470703, "longitude": 23.459100723266602, "raw_occupancy": 1, "timestamp": "2026-09-15 17:55:29" }, "geometry": { "type": "Point", "coordinates": [ 23.459100723266602, 42.658802032470703 ] } },
{ "type": "Feature", "properties": { "vehicle_id": "A7123", "latitude": 42.706951141357422, "longitude": 23.382770538330078, "raw_occupancy": 1, "timestamp": "2026-09-15 17:55:29" }, "geometry": { "type": "Point", "coordinates": [ 23.382770538330078, 42.706951141357422 ] } },
{ "type": "Feature", "properties": { "vehicle_id": "A1849", "latitude": 42.716575622558594, "longitude": 23.280670166015625, "raw_occupancy": 3, "timestamp": "2026-09-15 17:55:29" }, "geometry": { "type": "Point", "coordinates": [ 23.280670166015625, 42.716575622558594 ] } },
{ "type": "Feature", "properties": { "vehicle_id": "A1172", "latitude": 42.642951965332031, "longitude": 23.336484909057617, "raw_occupancy": 1, "timestamp": "2026-09-15 17:55:29" }, "geometry": { "type": "Point", "coordinates": [ 23.336484909057617, 42.642951965332031 ] } },
{ "type": "Feature", "properties": { "vehicle_id": "A1855", "latitude": 42.673187255859375, "longitude": 23.240297317504883, "raw_occupancy": 1, "timestamp": "2026-09-15 17:55:29" }, "geometry": { "type": "Point", "coordinates": [ 23.240297317504883, 42.673187255859375 ] } },
{ "type": "Feature", "properties": { "vehicle_id": "A2012", "latitude": 42.664905548095703, "longitude": 23.317636489868164, "raw_occupancy": 1, "timestamp": "2026-09-15 17:55:29" }, "geometry": { "type": "Point", "coordinates": [ 23.317636489868164, 42.664905548095703 ] } },
{ "type": "Feature", "properties": { "vehicle_id": "A7119", "latitude": 42.713970184326172, "longitude": 23.312854766845703, "raw_occupancy": 2, "timestamp": "2026-09-15 17:55:29" }, "geometry": { "type": "Point", "coordinates": [ 23.312854766845703, 42.713970184326172 ] } },
{ "type": "Feature", "properties": { "vehicle_id": "A3159", "latitude": 42.665912628173828, "longitude": 23.303129196166992, "raw_occupancy": 1, "timestamp": "2026-09-15 17:55:29" }, "geometry": { "type": "Point", "coordinates": [ 23.303129196166992, 42.665912628173828 ] } },
{ "type": "Feature", "properties": { "vehicle_id": "A1851", "latitude": 42.67755126953125, "longitude": 23.240390777587891, "raw_occupancy": 2, "timestamp": "2026-09-15 17:55:29" }, "geometry": { "type": "Point", "coordinates": [ 23.240390777587891, 42.67755126953125 ] } },
{ "type": "Feature", "properties": { "vehicle_id": "A2817", "latitude": 42.721885681152344, "longitude": 23.331108093261719, "raw_occupancy": 1, "timestamp": "2026-09-15 17:55:29" }, "geometry": { "type": "Point", "coordinates": [ 23.331108093261719, 42.721885681152344 ] } },
{ "type": "Feature", "properties": { "vehicle_id": "A1606", "latitude": 42.716079711914062, "longitude": 23.250864028930664, "raw_occupancy": 2, "timestamp": "2026-09-15 17:55:29" }, "geometry": { "type": "Point", "coordinates": [ 23.250864028930664, 42.716079711914062 ] } },
{ "type": "Feature", "properties": { "vehicle_id": "A3149", "latitude": 42.675228118896484, "longitude": 23.287847518920898, "raw_occupancy": 2, "timestamp": "2026-09-15 17:55:29" }, "geometry": { "type": "Point", "coordinates": [ 23.287847518920898, 42.675228118896484 ] } },
{ "type": "Feature", "properties": { "vehicle_id": "A1825", "latitude": 42.695827484130859, "longitude": 23.232452392578125, "raw_occupancy": 1, "timestamp": "2026-09-15 17:55:29" }, "geometry": { "type": "Point", "coordinates": [ 23.232452392578125, 42.695827484130859 ] } },
{ "type": "Feature", "properties": { "vehicle_id": "A1301", "latitude": 42.600494384765625, "longitude": 23.169866561889648, "raw_occupancy": 0, "timestamp": "2026-09-15 17:55:29" }, "geometry": { "type": "Point", "coordinates": [ 23.169866561889648, 42.600494384765625 ] } },
{ "type": "Feature", "properties": { "vehicle_id": "A7069", "latitude": 42.800678253173828, "longitude": 23.275825500488281, "raw_occupancy": 1, "timestamp": "2026-09-15 17:55:29" }, "geometry": { "type": "Point", "coordinates": [ 23.275825500488281, 42.800678253173828 ] } },
{ "type": "Feature", "properties": { "vehicle_id": "A3671", "latitude": 42.623977661132812, "longitude": 23.357807159423828, "raw_occupancy": 3, "timestamp": "2026-09-15 17:55:29" }, "geometry": { "type": "Point", "coordinates": [ 23.357807159423828, 42.623977661132812 ] } },
{ "type": "Feature", "properties": { "vehicle_id": "A2078", "latitude": 42.596561431884766, "longitude": 23.412338256835938, "raw_occupancy": 1, "timestamp": "2026-09-15 17:55:29" }, "geometry": { "type": "Point", "coordinates": [ 23.412338256835938, 42.596561431884766 ] } },
{ "type": "Feature", "properties": { "vehicle_id": "A2024", "latitude": 42.651275634765625, "longitude": 23.358190536499023, "raw_occupancy": 2, "timestamp": "2026-09-15 17:55:29" }, "geometry": { "type": "Point", "coordinates": [ 23.358190536499023, 42.651275634765625 ] } },
{ "type": "Feature", "properties": { "vehicle_id": "A2065", "latitude": 42.779487609863281, "longitude": 23.371057510375977, "raw_occupancy": 1, "timestamp": "2026-09-15 17:55:29" }, "geometry": { "type": "Point", "coordinates": [ 23.371057510375977, 42.779487609863281 ] } },
{ "type": "Feature", "properties": { "vehicle_id": "A2077", "latitude": 42.812328338623047, "longitude": 23.377285003662109, "raw_occupancy": 1, "timestamp": "2026-09-15 17:55:29" }, "geometry": { "type": "Point", "coordinates": [ 23.377285003662109, 42.812328338623047 ] } },
{ "type": "Feature", "properties": { "vehicle_id": "A2518", "latitude": 42.656944274902344, "longitude": 23.385044097900391, "raw_occupancy": 3, "timestamp": "2026-09-15 17:55:29" }, "geometry": { "type": "Point", "coordinates": [ 23.385044097900391, 42.656944274902344 ] } },
{ "type": "Feature", "properties": { "vehicle_id": "A3140", "latitude": 42.650749206542969, "longitude": 23.358484268188477, "raw_occupancy": 2, "timestamp": "2026-09-15 17:55:29" }, "geometry": { "type": "Point", "coordinates": [ 23.358484268188477, 42.650749206542969 ] } },
{ "type": "Feature", "properties": { "vehicle_id": "A7127", "latitude": 42.718753814697266, "longitude": 23.532527923583984, "raw_occupancy": 2, "timestamp": "2026-09-15 17:55:29" }, "geometry": { "type": "Point", "coordinates": [ 23.532527923583984, 42.718753814697266 ] } },
{ "type": "Feature", "properties": { "vehicle_id": "A1164", "latitude": 42.731998443603516, "longitude": 23.31298828125, "raw_occupancy": 0, "timestamp": "2026-09-15 17:55:29" }, "geometry": { "type": "Point", "coordinates": [ 23.31298828125, 42.731998443603516 ] } },
{ "type": "Feature", "properties": { "vehicle_id": "A2064", "latitude": 42.812660217285156, "longitude": 23.376697540283203, "raw_occupancy": 1, "timestamp": "2026-09-15 17:55:29" }, "geometry": { "type": "Point", "coordinates": [ 23.376697540283203, 42.812660217285156 ] } },
{ "type": "Feature", "properties": { "vehicle_id": "A7147", "latitude": 42.780620574951172, "longitude": 23.273952484130859, "raw_occupancy": 1, "timestamp": "2026-09-15 17:55:29" }, "geometry": { "type": "Point", "coordinates": [ 23.273952484130859, 42.780620574951172 ] } },
{ "type": "Feature", "properties": { "vehicle_id": "A1152", "latitude": 42.677345275878906, "longitude": 23.298070907592773, "raw_occupancy": 2, "timestamp": "2026-09-15 17:55:29" }, "geometry": { "type": "Point", "coordinates": [ 23.298070907592773, 42.677345275878906 ] } },
{ "type": "Feature", "properties": { "vehicle_id": "A3620", "latitude": 42.654434204101562, "longitude": 23.371370315551758, "raw_occupancy": 1, "timestamp": "2026-09-15 17:55:29" }, "geometry": { "type": "Point", "coordinates": [ 23.371370315551758, 42.654434204101562 ] } },
{ "type": "Feature", "properties": { "vehicle_id": "A1311", "latitude": 42.590938568115234, "longitude": 23.299636840820312, "raw_occupancy": 0, "timestamp": "2026-09-15 17:55:29" }, "geometry": { "type": "Point", "coordinates": [ 23.299636840820312, 42.590938568115234 ] } },
{ "type": "Feature", "properties": { "vehicle_id": "A2010", "latitude": 42.705833435058594, "longitude": 23.304988861083984, "raw_occupancy": 1, "timestamp": "2026-09-15 17:55:29" }, "geometry": { "type": "Point", "coordinates": [ 23.304988861083984, 42.705833435058594 ] } },
{ "type": "Feature", "properties": { "vehicle_id": "A2310", "latitude": 42.645168304443359, "longitude": 23.345233917236328, "raw_occupancy": 0, "timestamp": "2026-09-15 17:55:29" }, "geometry": { "type": "Point", "coordinates": [ 23.345233917236328, 42.645168304443359 ] } },
{ "type": "Feature", "properties": { "vehicle_id": "A1183", "latitude": 42.6444091796875, "longitude": 23.345148086547852, "raw_occupancy": 0, "timestamp": "2026-09-15 17:55:29" }, "geometry": { "type": "Point", "coordinates": [ 23.345148086547852, 42.6444091796875 ] } },
{ "type": "Feature", "properties": { "vehicle_id": "A2811", "latitude": 42.674434661865234, "longitude": 23.221883773803711, "raw_occupancy": 0, "timestamp": "2026-09-15 17:55:29" }, "geometry": { "type": "Point", "coordinates": [ 23.221883773803711, 42.674434661865234 ] } },
{ "type": "Feature", "properties": { "vehicle_id": "A3142", "latitude": 42.654327392578125, "longitude": 23.380817413330078, "raw_occupancy": 2, "timestamp": "2026-09-15 17:55:29" }, "geometry": { "type": "Point", "coordinates": [ 23.380817413330078, 42.654327392578125 ] } },
{ "type": "Feature", "properties": { "vehicle_id": "A1117", "latitude": 42.725440979003906, "longitude": 23.260946273803711, "raw_occupancy": 2, "timestamp": "2026-09-15 17:55:29" }, "geometry": { "type": "Point", "coordinates": [ 23.260946273803711, 42.725440979003906 ] } },
{ "type": "Feature", "properties": { "vehicle_id": "A1610", "latitude": 42.644500732421875, "longitude": 23.374610900878906, "raw_occupancy": 2, "timestamp": "2026-09-15 17:55:29" }, "geometry": { "type": "Point", "coordinates": [ 23.374610900878906, 42.644500732421875 ] } },
{ "type": "Feature", "properties": { "vehicle_id": "A3409", "latitude": 42.688728332519531, "longitude": 23.403421401977539, "raw_occupancy": 1, "timestamp": "2026-09-15 17:55:29" }, "geometry": { "type": "Point", "coordinates": [ 23.403421401977539, 42.688728332519531 ] } },
{ "type": "Feature", "properties": { "vehicle_id": "A3615", "latitude": 42.655616760253906, "longitude": 23.381877899169922, "raw_occupancy": 5, "timestamp": "2026-09-15 17:55:29" }, "geometry": { "type": "Point", "coordinates": [ 23.381877899169922, 42.655616760253906 ] } },
{ "type": "Feature", "properties": { "vehicle_id": "A1219", "latitude": 42.718067169189453, "longitude": 23.261974334716797, "raw_occupancy": 2, "timestamp": "2026-09-15 17:55:29" }, "geometry": { "type": "Point", "coordinates": [ 23.261974334716797, 42.718067169189453 ] } },
{ "type": "Feature", "properties": { "vehicle_id": "A7089", "latitude": 42.824459075927734, "longitude": 23.284576416015625, "raw_occupancy": 0, "timestamp": "2026-09-15 17:55:29" }, "geometry": { "type": "Point", "coordinates": [ 23.284576416015625, 42.824459075927734 ] } },
{ "type": "Feature", "properties": { "vehicle_id": "A3633", "latitude": 42.626514434814453, "longitude": 23.406705856323242, "raw_occupancy": 1, "timestamp": "2026-09-15 17:55:29" }, "geometry": { "type": "Point", "coordinates": [ 23.406705856323242, 42.626514434814453 ] } },
{ "type": "Feature", "properties": { "vehicle_id": "A3145", "latitude": 42.667575836181641, "longitude": 23.281520843505859, "raw_occupancy": 2, "timestamp": "2026-09-15 17:55:29" }, "geometry": { "type": "Point", "coordinates": [ 23.281520843505859, 42.667575836181641 ] } },
{ "type": "Feature", "properties": { "vehicle_id": "A1833", "latitude": 42.736476898193359, "longitude": 23.317533493041992, "raw_occupancy": 0, "timestamp": "2026-09-15 17:55:29" }, "geometry": { "type": "Point", "coordinates": [ 23.317533493041992, 42.736476898193359 ] } },
{ "type": "Feature", "properties": { "vehicle_id": "A3410", "latitude": 42.686420440673828, "longitude": 23.330102920532227, "raw_occupancy": 3, "timestamp": "2026-09-15 17:55:29" }, "geometry": { "type": "Point", "coordinates": [ 23.330102920532227, 42.686420440673828 ] } },
{ "type": "Feature", "properties": { "vehicle_id": "A1425", "latitude": 42.728370666503906, "longitude": 23.2496337890625, "raw_occupancy": 2, "timestamp": "2026-09-15 17:55:29" }, "geometry": { "type": "Point", "coordinates": [ 23.2496337890625, 42.728370666503906 ] } },
{ "type": "Feature", "properties": { "vehicle_id": "A7161", "latitude": 42.784442901611328, "longitude": 23.321775436401367, "raw_occupancy": 2, "timestamp": "2026-09-15 17:55:29" }, "geometry": { "type": "Point", "coordinates": [ 23.321775436401367, 42.784442901611328 ] } },
{ "type": "Feature", "properties": { "vehicle_id": "A7135", "latitude": 42.74737548828125, "longitude": 23.279792785644531, "raw_occupancy": 2, "timestamp": "2026-09-15 17:55:29" }, "geometry": { "type": "Point", "coordinates": [ 23.279792785644531, 42.74737548828125 ] } },
{ "type": "Feature", "properties": { "vehicle_id": "A1205", "latitude": 42.678237915039062, "longitude": 23.320480346679688, "raw_occupancy": 1, "timestamp": "2026-09-15 17:55:29" }, "geometry": { "type": "Point", "coordinates": [ 23.320480346679688, 42.678237915039062 ] } },
{ "type": "Feature", "properties": { "vehicle_id": "A2301", "latitude": 42.668239593505859, "longitude": 23.368417739868164, "raw_occupancy": 2, "timestamp": "2026-09-15 17:55:29" }, "geometry": { "type": "Point", "coordinates": [ 23.368417739868164, 42.668239593505859 ] } },
{ "type": "Feature", "properties": { "vehicle_id": "A1160", "latitude": 42.662498474121094, "longitude": 23.345314025878906, "raw_occupancy": 2, "timestamp": "2026-09-15 17:55:29" }, "geometry": { "type": "Point", "coordinates": [ 23.345314025878906, 42.662498474121094 ] } },
{ "type": "Feature", "properties": { "vehicle_id": "A1180", "latitude": 42.677288055419922, "longitude": 23.331577301025391, "raw_occupancy": 2, "timestamp": "2026-09-15 17:55:29" }, "geometry": { "type": "Point", "coordinates": [ 23.331577301025391, 42.677288055419922 ] } },
{ "type": "Feature", "properties": { "vehicle_id": "A3662", "latitude": 42.632705688476562, "longitude": 23.333730697631836, "raw_occupancy": 1, "timestamp": "2026-09-15 17:55:29" }, "geometry": { "type": "Point", "coordinates": [ 23.333730697631836, 42.632705688476562 ] } },
{ "type": "Feature", "properties": { "vehicle_id": "A1185", "latitude": 42.6898193359375, "longitude": 23.249814987182617, "raw_occupancy": 0, "timestamp": "2026-09-15 17:55:29" }, "geometry": { "type": "Point", "coordinates": [ 23.249814987182617, 42.6898193359375 ] } },
{ "type": "Feature", "properties": { "vehicle_id": "A3664", "latitude": 42.66290283203125, "longitude": 23.415664672851562, "raw_occupancy": 0, "timestamp": "2026-09-15 17:55:29" }, "geometry": { "type": "Point", "coordinates": [ 23.415664672851562, 42.66290283203125 ] } },
{ "type": "Feature", "properties": { "vehicle_id": "A1613", "latitude": 42.761322021484375, "longitude": 23.201236724853516, "raw_occupancy": 1, "timestamp": "2026-09-15 17:55:29" }, "geometry": { "type": "Point", "coordinates": [ 23.201236724853516, 42.761322021484375 ] } },
{ "type": "Feature", "properties": { "vehicle_id": "A2048", "latitude": 42.674922943115234, "longitude": 23.376123428344727, "raw_occupancy": 1, "timestamp": "2026-09-15 17:55:29" }, "geometry": { "type": "Point", "coordinates": [ 23.376123428344727, 42.674922943115234 ] } },
{ "type": "Feature", "properties": { "vehicle_id": "A2060", "latitude": 42.679080963134766, "longitude": 23.35346794128418, "raw_occupancy": 3, "timestamp": "2026-09-15 17:55:29" }, "geometry": { "type": "Point", "coordinates": [ 23.35346794128418, 42.679080963134766 ] } },
{ "type": "Feature", "properties": { "vehicle_id": "A7121", "latitude": 42.705074310302734, "longitude": 23.325468063354492, "raw_occupancy": 1, "timestamp": "2026-09-15 17:55:29" }, "geometry": { "type": "Point", "coordinates": [ 23.325468063354492, 42.705074310302734 ] } },
{ "type": "Feature", "properties": { "vehicle_id": "A2036", "latitude": 42.64678955078125, "longitude": 23.345365524291992, "raw_occupancy": 0, "timestamp": "2026-09-15 17:55:29" }, "geometry": { "type": "Point", "coordinates": [ 23.345365524291992, 42.64678955078125 ] } },
{ "type": "Feature", "properties": { "vehicle_id": "A2058", "latitude": 42.698631286621094, "longitude": 23.275796890258789, "raw_occupancy": 0, "timestamp": "2026-09-15 17:55:29" }, "geometry": { "type": "Point", "coordinates": [ 23.275796890258789, 42.698631286621094 ] } },
{ "type": "Feature", "properties": { "vehicle_id": "A3614", "latitude": 42.602626800537109, "longitude": 23.402769088745117, "raw_occupancy": 1, "timestamp": "2026-09-15 17:55:29" }, "geometry": { "type": "Point", "coordinates": [ 23.402769088745117, 42.602626800537109 ] } },
{ "type": "Feature", "properties": { "vehicle_id": "A2015", "latitude": 42.712490081787109, "longitude": 23.247806549072266, "raw_occupancy": 3, "timestamp": "2026-09-15 17:55:29" }, "geometry": { "type": "Point", "coordinates": [ 23.247806549072266, 42.712490081787109 ] } },
{ "type": "Feature", "properties": { "vehicle_id": "A1837", "latitude": 42.730064392089844, "longitude": 23.265300750732422, "raw_occupancy": 1, "timestamp": "2026-09-15 17:55:29" }, "geometry": { "type": "Point", "coordinates": [ 23.265300750732422, 42.730064392089844 ] } },
{ "type": "Feature", "properties": { "vehicle_id": "A7117", "latitude": 42.705406188964844, "longitude": 23.332742691040039, "raw_occupancy": 1, "timestamp": "2026-09-15 17:55:29" }, "geometry": { "type": "Point", "coordinates": [ 23.332742691040039, 42.705406188964844 ] } },
{ "type": "Feature", "properties": { "vehicle_id": "A1819", "latitude": 42.747211456298828, "longitude": 23.279895782470703, "raw_occupancy": 1, "timestamp": "2026-09-15 17:55:29" }, "geometry": { "type": "Point", "coordinates": [ 23.279895782470703, 42.747211456298828 ] } },
{ "type": "Feature", "properties": { "vehicle_id": "A1603", "latitude": 42.660255432128906, "longitude": 23.264486312866211, "raw_occupancy": 1, "timestamp": "2026-09-15 17:55:29" }, "geometry": { "type": "Point", "coordinates": [ 23.264486312866211, 42.660255432128906 ] } },
{ "type": "Feature", "properties": { "vehicle_id": "A2081", "latitude": 42.541427612304688, "longitude": 23.497779846191406, "raw_occupancy": 0, "timestamp": "2026-09-15 17:55:29" }, "geometry": { "type": "Point", "coordinates": [ 23.497779846191406, 42.541427612304688 ] } },
{ "type": "Feature", "properties": { "vehicle_id": "A2066", "latitude": 42.701679229736328, "longitude": 23.31648063659668, "raw_occupancy": 1, "timestamp": "2026-09-15 17:55:29" }, "geometry": { "type": "Point", "coordinates": [ 23.31648063659668, 42.701679229736328 ] } },
{ "type": "Feature", "properties": { "vehicle_id": "A3158", "latitude": 42.640090942382812, "longitude": 23.41588020324707, "raw_occupancy": 0, "timestamp": "2026-09-15 17:55:29" }, "geometry": { "type": "Point", "coordinates": [ 23.41588020324707, 42.640090942382812 ] } },
{ "type": "Feature", "properties": { "vehicle_id": "A1410", "latitude": 42.649551391601562, "longitude": 23.261070251464844, "raw_occupancy": 2, "timestamp": "2026-09-15 17:55:29" }, "geometry": { "type": "Point", "coordinates": [ 23.261070251464844, 42.649551391601562 ] } },
{ "type": "Feature", "properties": { "vehicle_id": "A3115", "latitude": 42.705108642578125, "longitude": 23.324922561645508, "raw_occupancy": 0, "timestamp": "2026-09-15 17:55:29" }, "geometry": { "type": "Point", "coordinates": [ 23.324922561645508, 42.705108642578125 ] } },
{ "type": "Feature", "properties": { "vehicle_id": "A3127", "latitude": 42.652561187744141, "longitude": 23.379949569702148, "raw_occupancy": 2, "timestamp": "2026-09-15 17:55:29" }, "geometry": { "type": "Point", "coordinates": [ 23.379949569702148, 42.652561187744141 ] } },
{ "type": "Feature", "properties": { "vehicle_id": "A1127", "latitude": 42.754734039306641, "longitude": 23.212289810180664, "raw_occupancy": 3, "timestamp": "2026-09-15 17:55:29" }, "geometry": { "type": "Point", "coordinates": [ 23.212289810180664, 42.754734039306641 ] } },
{ "type": "Feature", "properties": { "vehicle_id": "A1211", "latitude": 42.696903228759766, "longitude": 23.190849304199219, "raw_occupancy": 1, "timestamp": "2026-09-15 17:55:29" }, "geometry": { "type": "Point", "coordinates": [ 23.190849304199219, 42.696903228759766 ] } },
{ "type": "Feature", "properties": { "vehicle_id": "A2807", "latitude": 42.713710784912109, "longitude": 23.298572540283203, "raw_occupancy": 2, "timestamp": "2026-09-15 17:55:29" }, "geometry": { "type": "Point", "coordinates": [ 23.298572540283203, 42.713710784912109 ] } },
{ "type": "Feature", "properties": { "vehicle_id": "A7139", "latitude": 42.730983734130859, "longitude": 23.596593856811523, "raw_occupancy": 1, "timestamp": "2026-09-15 17:55:29" }, "geometry": { "type": "Point", "coordinates": [ 23.596593856811523, 42.730983734130859 ] } },
{ "type": "Feature", "properties": { "vehicle_id": "A3141", "latitude": 42.671138763427734, "longitude": 23.364669799804688, "raw_occupancy": 5, "timestamp": "2026-09-15 17:55:29" }, "geometry": { "type": "Point", "coordinates": [ 23.364669799804688, 42.671138763427734 ] } },
{ "type": "Feature", "properties": { "vehicle_id": "A3402", "latitude": 42.672641754150391, "longitude": 23.348514556884766, "raw_occupancy": 0, "timestamp": "2026-09-15 17:55:29" }, "geometry": { "type": "Point", "coordinates": [ 23.348514556884766, 42.672641754150391 ] } },
{ "type": "Feature", "properties": { "vehicle_id": "A7187", "latitude": 42.73858642578125, "longitude": 23.399011611938477, "raw_occupancy": 0, "timestamp": "2026-09-15 17:55:29" }, "geometry": { "type": "Point", "coordinates": [ 23.399011611938477, 42.73858642578125 ] } },
{ "type": "Feature", "properties": { "vehicle_id": "A2516", "latitude": 42.659515380859375, "longitude": 23.323701858520508, "raw_occupancy": 0, "timestamp": "2026-09-15 17:55:29" }, "geometry": { "type": "Point", "coordinates": [ 23.323701858520508, 42.659515380859375 ] } },
{ "type": "Feature", "properties": { "vehicle_id": "A2313", "latitude": 42.677330017089844, "longitude": 23.356019973754883, "raw_occupancy": 2, "timestamp": "2026-09-15 17:55:29" }, "geometry": { "type": "Point", "coordinates": [ 23.356019973754883, 42.677330017089844 ] } },
{ "type": "Feature", "properties": { "vehicle_id": "A7133", "latitude": 42.753704071044922, "longitude": 23.318740844726562, "raw_occupancy": 2, "timestamp": "2026-09-15 17:55:29" }, "geometry": { "type": "Point", "coordinates": [ 23.318740844726562, 42.753704071044922 ] } },
{ "type": "Feature", "properties": { "vehicle_id": "A7043", "latitude": 42.797992706298828, "longitude": 23.34028434753418, "raw_occupancy": 3, "timestamp": "2026-09-15 17:55:29" }, "geometry": { "type": "Point", "coordinates": [ 23.34028434753418, 42.797992706298828 ] } },
{ "type": "Feature", "properties": { "vehicle_id": "A1618", "latitude": 42.705356597900391, "longitude": 23.314336776733398, "raw_occupancy": 3, "timestamp": "2026-09-15 17:55:29" }, "geometry": { "type": "Point", "coordinates": [ 23.314336776733398, 42.705356597900391 ] } },
{ "type": "Feature", "properties": { "vehicle_id": "A1012", "latitude": 42.642215728759766, "longitude": 23.345001220703125, "raw_occupancy": 2, "timestamp": "2026-09-15 17:55:29" }, "geometry": { "type": "Point", "coordinates": [ 23.345001220703125, 42.642215728759766 ] } },
{ "type": "Feature", "properties": { "vehicle_id": "A7113", "latitude": 42.705852508544922, "longitude": 23.334432601928711, "raw_occupancy": 1, "timestamp": "2026-09-15 17:55:29" }, "geometry": { "type": "Point", "coordinates": [ 23.334432601928711, 42.705852508544922 ] } },
{ "type": "Feature", "properties": { "vehicle_id": "A7185", "latitude": 42.705738067626953, "longitude": 23.384563446044922, "raw_occupancy": 1, "timestamp": "2026-09-15 17:55:29" }, "geometry": { "type": "Point", "coordinates": [ 23.384563446044922, 42.705738067626953 ] } },
{ "type": "Feature", "properties": { "vehicle_id": "A2304", "latitude": 42.655170440673828, "longitude": 23.359392166137695, "raw_occupancy": 3, "timestamp": "2026-09-15 17:55:29" }, "geometry": { "type": "Point", "coordinates": [ 23.359392166137695, 42.655170440673828 ] } },
{ "type": "Feature", "properties": { "vehicle_id": "A2086", "latitude": 42.705722808837891, "longitude": 23.317667007446289, "raw_occupancy": 1, "timestamp": "2026-09-15 17:55:29" }, "geometry": { "type": "Point", "coordinates": [ 23.317667007446289, 42.705722808837891 ] } },
{ "type": "Feature", "properties": { "vehicle_id": "A7169", "latitude": 42.786178588867188, "longitude": 23.501007080078125, "raw_occupancy": 0, "timestamp": "2026-09-15 17:55:29" }, "geometry": { "type": "Point", "coordinates": [ 23.501007080078125, 42.786178588867188 ] } },
{ "type": "Feature", "properties": { "vehicle_id": "A7075", "latitude": 42.705062866210938, "longitude": 23.331075668334961, "raw_occupancy": 2, "timestamp": "2026-09-15 17:55:29" }, "geometry": { "type": "Point", "coordinates": [ 23.331075668334961, 42.705062866210938 ] } },
{ "type": "Feature", "properties": { "vehicle_id": "A2018", "latitude": 42.666587829589844, "longitude": 23.337697982788086, "raw_occupancy": 3, "timestamp": "2026-09-15 17:55:29" }, "geometry": { "type": "Point", "coordinates": [ 23.337697982788086, 42.666587829589844 ] } },
{ "type": "Feature", "properties": { "vehicle_id": "A1188", "latitude": 42.678058624267578, "longitude": 23.328117370605469, "raw_occupancy": 3, "timestamp": "2026-09-15 17:55:29" }, "geometry": { "type": "Point", "coordinates": [ 23.328117370605469, 42.678058624267578 ] } },
{ "type": "Feature", "properties": { "vehicle_id": "A2140", "latitude": 42.698966979980469, "longitude": 23.334674835205078, "raw_occupancy": 1, "timestamp": "2026-09-15 17:55:29" }, "geometry": { "type": "Point", "coordinates": [ 23.334674835205078, 42.698966979980469 ] } },
{ "type": "Feature", "properties": { "vehicle_id": "A7087", "latitude": 42.853591918945312, "longitude": 23.265424728393555, "raw_occupancy": 0, "timestamp": "2026-09-15 17:55:29" }, "geometry": { "type": "Point", "coordinates": [ 23.265424728393555, 42.853591918945312 ] } },
{ "type": "Feature", "properties": { "vehicle_id": "A3108", "latitude": 42.661151885986328, "longitude": 23.351552963256836, "raw_occupancy": 3, "timestamp": "2026-09-15 17:55:29" }, "geometry": { "type": "Point", "coordinates": [ 23.351552963256836, 42.661151885986328 ] } },
{ "type": "Feature", "properties": { "vehicle_id": "A3101", "latitude": 42.63189697265625, "longitude": 23.380332946777344, "raw_occupancy": 2, "timestamp": "2026-09-15 17:55:29" }, "geometry": { "type": "Point", "coordinates": [ 23.380332946777344, 42.63189697265625 ] } },
{ "type": "Feature", "properties": { "vehicle_id": "A1212", "latitude": 42.681964874267578, "longitude": 23.301456451416016, "raw_occupancy": 0, "timestamp": "2026-09-15 17:55:29" }, "geometry": { "type": "Point", "coordinates": [ 23.301456451416016, 42.681964874267578 ] } },
{ "type": "Feature", "properties": { "vehicle_id": "A3019", "latitude": 42.686252593994141, "longitude": 23.351171493530273, "raw_occupancy": 3, "timestamp": "2026-09-15 17:55:29" }, "geometry": { "type": "Point", "coordinates": [ 23.351171493530273, 42.686252593994141 ] } },
{ "type": "Feature", "properties": { "vehicle_id": "A2831", "latitude": 42.666110992431641, "longitude": 23.244033813476562, "raw_occupancy": 2, "timestamp": "2026-09-15 17:55:29" }, "geometry": { "type": "Point", "coordinates": [ 23.244033813476562, 42.666110992431641 ] } },
{ "type": "Feature", "properties": { "vehicle_id": "A3401", "latitude": 42.643745422363281, "longitude": 23.334007263183594, "raw_occupancy": 3, "timestamp": "2026-09-15 17:55:29" }, "geometry": { "type": "Point", "coordinates": [ 23.334007263183594, 42.643745422363281 ] } },
{ "type": "Feature", "properties": { "vehicle_id": "A2500", "latitude": 42.694084167480469, "longitude": 23.347095489501953, "raw_occupancy": 3, "timestamp": "2026-09-15 17:55:29" }, "geometry": { "type": "Point", "coordinates": [ 23.347095489501953, 42.694084167480469 ] } },
{ "type": "Feature", "properties": { "vehicle_id": "A2505", "latitude": 42.689350128173828, "longitude": 23.364406585693359, "raw_occupancy": 1, "timestamp": "2026-09-15 17:55:29" }, "geometry": { "type": "Point", "coordinates": [ 23.364406585693359, 42.689350128173828 ] } },
{ "type": "Feature", "properties": { "vehicle_id": "A1222", "latitude": 42.709915161132812, "longitude": 23.141780853271484, "raw_occupancy": 1, "timestamp": "2026-09-15 17:55:29" }, "geometry": { "type": "Point", "coordinates": [ 23.141780853271484, 42.709915161132812 ] } },
{ "type": "Feature", "properties": { "vehicle_id": "A3112", "latitude": 42.6234130859375, "longitude": 23.385108947753906, "raw_occupancy": 0, "timestamp": "2026-09-15 17:55:29" }, "geometry": { "type": "Point", "coordinates": [ 23.385108947753906, 42.6234130859375 ] } },
{ "type": "Feature", "properties": { "vehicle_id": "A2000", "latitude": 42.704364776611328, "longitude": 23.328010559082031, "raw_occupancy": 0, "timestamp": "2026-09-15 17:55:29" }, "geometry": { "type": "Point", "coordinates": [ 23.328010559082031, 42.704364776611328 ] } },
{ "type": "Feature", "properties": { "vehicle_id": "A1617", "latitude": 42.682876586914062, "longitude": 23.270851135253906, "raw_occupancy": 2, "timestamp": "2026-09-15 17:55:29" }, "geometry": { "type": "Point", "coordinates": [ 23.270851135253906, 42.682876586914062 ] } },
{ "type": "Feature", "properties": { "vehicle_id": "A2303", "latitude": 42.705718994140625, "longitude": 23.317138671875, "raw_occupancy": 2, "timestamp": "2026-09-15 17:55:29" }, "geometry": { "type": "Point", "coordinates": [ 23.317138671875, 42.705718994140625 ] } },
{ "type": "Feature", "properties": { "vehicle_id": "A3146", "latitude": 42.640396118164062, "longitude": 23.415828704833984, "raw_occupancy": 0, "timestamp": "2026-09-15 17:55:29" }, "geometry": { "type": "Point", "coordinates": [ 23.415828704833984, 42.640396118164062 ] } },
{ "type": "Feature", "properties": { "vehicle_id": "A2507", "latitude": 42.695835113525391, "longitude": 23.284694671630859, "raw_occupancy": 2, "timestamp": "2026-09-15 17:55:29" }, "geometry": { "type": "Point", "coordinates": [ 23.284694671630859, 42.695835113525391 ] } },
{ "type": "Feature", "properties": { "vehicle_id": "A7163", "latitude": 42.715511322021484, "longitude": 23.43780517578125, "raw_occupancy": 3, "timestamp": "2026-09-15 17:55:29" }, "geometry": { "type": "Point", "coordinates": [ 23.43780517578125, 42.715511322021484 ] } },
{ "type": "Feature", "properties": { "vehicle_id": "A3663", "latitude": 42.649227142333984, "longitude": 23.415983200073242, "raw_occupancy": 0, "timestamp": "2026-09-15 17:55:29" }, "geometry": { "type": "Point", "coordinates": [ 23.415983200073242, 42.649227142333984 ] } },
{ "type": "Feature", "properties": { "vehicle_id": "A3015", "latitude": 42.684516906738281, "longitude": 23.376827239990234, "raw_occupancy": 2, "timestamp": "2026-09-15 17:55:29" }, "geometry": { "type": "Point", "coordinates": [ 23.376827239990234, 42.684516906738281 ] } },
{ "type": "Feature", "properties": { "vehicle_id": "A2072", "latitude": 42.698894500732422, "longitude": 23.362283706665039, "raw_occupancy": 0, "timestamp": "2026-09-15 17:55:29" }, "geometry": { "type": "Point", "coordinates": [ 23.362283706665039, 42.698894500732422 ] } },
{ "type": "Feature", "properties": { "vehicle_id": "A1170", "latitude": 42.707172393798828, "longitude": 23.298982620239258, "raw_occupancy": 2, "timestamp": "2026-09-15 17:55:29" }, "geometry": { "type": "Point", "coordinates": [ 23.298982620239258, 42.707172393798828 ] } },
{ "type": "Feature", "properties": { "vehicle_id": "A2005", "latitude": 42.679691314697266, "longitude": 23.344331741333008, "raw_occupancy": 2, "timestamp": "2026-09-15 17:55:29" }, "geometry": { "type": "Point", "coordinates": [ 23.344331741333008, 42.679691314697266 ] } },
{ "type": "Feature", "properties": { "vehicle_id": "A2311", "latitude": 42.6513671875, "longitude": 23.342384338378906, "raw_occupancy": 1, "timestamp": "2026-09-15 17:55:29" }, "geometry": { "type": "Point", "coordinates": [ 23.342384338378906, 42.6513671875 ] } },
{ "type": "Feature", "properties": { "vehicle_id": "A1031", "latitude": 42.655735015869141, "longitude": 23.265443801879883, "raw_occupancy": 3, "timestamp": "2026-09-15 17:55:29" }, "geometry": { "type": "Point", "coordinates": [ 23.265443801879883, 42.655735015869141 ] } },
{ "type": "Feature", "properties": { "vehicle_id": "A3152", "latitude": 42.650943756103516, "longitude": 23.413862228393555, "raw_occupancy": 1, "timestamp": "2026-09-15 17:55:29" }, "geometry": { "type": "Point", "coordinates": [ 23.413862228393555, 42.650943756103516 ] } },
{ "type": "Feature", "properties": { "vehicle_id": "A1126", "latitude": 42.623046875, "longitude": 23.373617172241211, "raw_occupancy": 2, "timestamp": "2026-09-15 17:55:29" }, "geometry": { "type": "Point", "coordinates": [ 23.373617172241211, 42.623046875 ] } },
{ "type": "Feature", "properties": { "vehicle_id": "A3659", "latitude": 42.690303802490234, "longitude": 23.337501525878906, "raw_occupancy": 4, "timestamp": "2026-09-15 17:55:29" }, "geometry": { "type": "Point", "coordinates": [ 23.337501525878906, 42.690303802490234 ] } },
{ "type": "Feature", "properties": { "vehicle_id": "A3622", "latitude": 42.673061370849609, "longitude": 23.465885162353516, "raw_occupancy": 1, "timestamp": "2026-09-15 17:55:29" }, "geometry": { "type": "Point", "coordinates": [ 23.465885162353516, 42.673061370849609 ] } },
{ "type": "Feature", "properties": { "vehicle_id": "A1604", "latitude": 42.677646636962891, "longitude": 23.370452880859375, "raw_occupancy": 1, "timestamp": "2026-09-15 17:55:29" }, "geometry": { "type": "Point", "coordinates": [ 23.370452880859375, 42.677646636962891 ] } },
{ "type": "Feature", "properties": { "vehicle_id": "A7051", "latitude": 42.70550537109375, "longitude": 23.400760650634766, "raw_occupancy": 4, "timestamp": "2026-09-15 17:55:29" }, "geometry": { "type": "Point", "coordinates": [ 23.400760650634766, 42.70550537109375 ] } },
{ "type": "Feature", "properties": { "vehicle_id": "A7141", "latitude": 42.741176605224609, "longitude": 23.345005035400391, "raw_occupancy": 3, "timestamp": "2026-09-15 17:55:29" }, "geometry": { "type": "Point", "coordinates": [ 23.345005035400391, 42.741176605224609 ] } },
{ "type": "Feature", "properties": { "vehicle_id": "A2035", "latitude": 42.666252136230469, "longitude": 23.342201232910156, "raw_occupancy": 2, "timestamp": "2026-09-15 17:55:29" }, "geometry": { "type": "Point", "coordinates": [ 23.342201232910156, 42.666252136230469 ] } },
{ "type": "Feature", "properties": { "vehicle_id": "A1315", "latitude": 42.628746032714844, "longitude": 23.309576034545898, "raw_occupancy": 0, "timestamp": "2026-09-15 17:55:29" }, "geometry": { "type": "Point", "coordinates": [ 23.309576034545898, 42.628746032714844 ] } },
{ "type": "Feature", "properties": { "vehicle_id": "A2029", "latitude": 42.666763305664062, "longitude": 23.340538024902344, "raw_occupancy": 2, "timestamp": "2026-09-15 17:55:29" }, "geometry": { "type": "Point", "coordinates": [ 23.340538024902344, 42.666763305664062 ] } },
{ "type": "Feature", "properties": { "vehicle_id": "A3116", "latitude": 42.65753173828125, "longitude": 23.339302062988281, "raw_occupancy": 2, "timestamp": "2026-09-15 17:55:29" }, "geometry": { "type": "Point", "coordinates": [ 23.339302062988281, 42.65753173828125 ] } },
{ "type": "Feature", "properties": { "vehicle_id": "A1404", "latitude": 42.656494140625, "longitude": 23.316028594970703, "raw_occupancy": 5, "timestamp": "2026-09-15 17:55:29" }, "geometry": { "type": "Point", "coordinates": [ 23.316028594970703, 42.656494140625 ] } },
{ "type": "Feature", "properties": { "vehicle_id": "A2816", "latitude": 42.713993072509766, "longitude": 23.312664031982422, "raw_occupancy": 4, "timestamp": "2026-09-15 17:55:29" }, "geometry": { "type": "Point", "coordinates": [ 23.312664031982422, 42.713993072509766 ] } },
{ "type": "Feature", "properties": { "vehicle_id": "A1413", "latitude": 42.679153442382812, "longitude": 23.285533905029297, "raw_occupancy": 2, "timestamp": "2026-09-15 17:55:29" }, "geometry": { "type": "Point", "coordinates": [ 23.285533905029297, 42.679153442382812 ] } },
{ "type": "Feature", "properties": { "vehicle_id": "A1614", "latitude": 42.687370300292969, "longitude": 23.232414245605469, "raw_occupancy": 1, "timestamp": "2026-09-15 17:55:29" }, "geometry": { "type": "Point", "coordinates": [ 23.232414245605469, 42.687370300292969 ] } },
{ "type": "Feature", "properties": { "vehicle_id": "A3656", "latitude": 42.659587860107422, "longitude": 23.392278671264648, "raw_occupancy": 1, "timestamp": "2026-09-15 17:55:29" }, "geometry": { "type": "Point", "coordinates": [ 23.392278671264648, 42.659587860107422 ] } },
{ "type": "Feature", "properties": { "vehicle_id": "A2043", "latitude": 42.709861755371094, "longitude": 23.361124038696289, "raw_occupancy": 0, "timestamp": "2026-09-15 17:55:29" }, "geometry": { "type": "Point", "coordinates": [ 23.361124038696289, 42.709861755371094 ] } },
{ "type": "Feature", "properties": { "vehicle_id": "A2054", "latitude": 42.692832946777344, "longitude": 23.345382690429688, "raw_occupancy": 4, "timestamp": "2026-09-15 17:55:29" }, "geometry": { "type": "Point", "coordinates": [ 23.345382690429688, 42.692832946777344 ] } },
{ "type": "Feature", "properties": { "vehicle_id": "A1408", "latitude": 42.633407592773438, "longitude": 23.304752349853516, "raw_occupancy": 2, "timestamp": "2026-09-15 17:55:29" }, "geometry": { "type": "Point", "coordinates": [ 23.304752349853516, 42.633407592773438 ] } },
{ "type": "Feature", "properties": { "vehicle_id": "A1154", "latitude": 42.674568176269531, "longitude": 23.290794372558594, "raw_occupancy": 2, "timestamp": "2026-09-15 17:55:29" }, "geometry": { "type": "Point", "coordinates": [ 23.290794372558594, 42.674568176269531 ] } },
{ "type": "Feature", "properties": { "vehicle_id": "A3153", "latitude": 42.696567535400391, "longitude": 23.350391387939453, "raw_occupancy": 1, "timestamp": "2026-09-15 17:55:29" }, "geometry": { "type": "Point", "coordinates": [ 23.350391387939453, 42.696567535400391 ] } },
{ "type": "Feature", "properties": { "vehicle_id": "A3135", "latitude": 42.661735534667969, "longitude": 23.316915512084961, "raw_occupancy": 1, "timestamp": "2026-09-15 17:55:29" }, "geometry": { "type": "Point", "coordinates": [ 23.316915512084961, 42.661735534667969 ] } },
{ "type": "Feature", "properties": { "vehicle_id": "A2822", "latitude": 42.7105712890625, "longitude": 23.34931755065918, "raw_occupancy": 0, "timestamp": "2026-09-15 17:55:29" }, "geometry": { "type": "Point", "coordinates": [ 23.34931755065918, 42.7105712890625 ] } },
{ "type": "Feature", "properties": { "vehicle_id": "A3107", "latitude": 42.665882110595703, "longitude": 23.299673080444336, "raw_occupancy": 1, "timestamp": "2026-09-15 17:55:29" }, "geometry": { "type": "Point", "coordinates": [ 23.299673080444336, 42.665882110595703 ] } },
{ "type": "Feature", "properties": { "vehicle_id": "A2053", "latitude": 42.600959777832031, "longitude": 23.403469085693359, "raw_occupancy": 2, "timestamp": "2026-09-15 17:55:29" }, "geometry": { "type": "Point", "coordinates": [ 23.403469085693359, 42.600959777832031 ] } },
{ "type": "Feature", "properties": { "vehicle_id": "A7103", "latitude": 42.715446472167969, "longitude": 23.360818862915039, "raw_occupancy": 0, "timestamp": "2026-09-15 17:55:29" }, "geometry": { "type": "Point", "coordinates": [ 23.360818862915039, 42.715446472167969 ] } },
{ "type": "Feature", "properties": { "vehicle_id": "A2502", "latitude": 42.617805480957031, "longitude": 23.335386276245117, "raw_occupancy": 1, "timestamp": "2026-09-15 17:55:29" }, "geometry": { "type": "Point", "coordinates": [ 23.335386276245117, 42.617805480957031 ] } },
{ "type": "Feature", "properties": { "vehicle_id": "A1305", "latitude": 42.672142028808594, "longitude": 23.25172233581543, "raw_occupancy": 1, "timestamp": "2026-09-15 17:55:29" }, "geometry": { "type": "Point", "coordinates": [ 23.25172233581543, 42.672142028808594 ] } },
{ "type": "Feature", "properties": { "vehicle_id": "A3147", "latitude": 42.672229766845703, "longitude": 23.294076919555664, "raw_occupancy": 2, "timestamp": "2026-09-15 17:55:29" }, "geometry": { "type": "Point", "coordinates": [ 23.294076919555664, 42.672229766845703 ] } },
{ "type": "Feature", "properties": { "vehicle_id": "A1021", "latitude": 42.671295166015625, "longitude": 23.227973937988281, "raw_occupancy": 2, "timestamp": "2026-09-15 17:55:29" }, "geometry": { "type": "Point", "coordinates": [ 23.227973937988281, 42.671295166015625 ] } },
{ "type": "Feature", "properties": { "vehicle_id": "A1214", "latitude": 42.654571533203125, "longitude": 23.283168792724609, "raw_occupancy": 1, "timestamp": "2026-09-15 17:55:29" }, "geometry": { "type": "Point", "coordinates": [ 23.283168792724609, 42.654571533203125 ] } },
{ "type": "Feature", "properties": { "vehicle_id": "A7155", "latitude": 42.710102081298828, "longitude": 23.387737274169922, "raw_occupancy": 3, "timestamp": "2026-09-15 17:55:29" }, "geometry": { "type": "Point", "coordinates": [ 23.387737274169922, 42.710102081298828 ] } },
{ "type": "Feature", "properties": { "vehicle_id": "A2051", "latitude": 42.686576843261719, "longitude": 23.331945419311523, "raw_occupancy": 2, "timestamp": "2026-09-15 17:55:29" }, "geometry": { "type": "Point", "coordinates": [ 23.331945419311523, 42.686576843261719 ] } },
{ "type": "Feature", "properties": { "vehicle_id": "A3613", "latitude": 42.664012908935547, "longitude": 23.424951553344727, "raw_occupancy": 0, "timestamp": "2026-09-15 17:55:29" }, "geometry": { "type": "Point", "coordinates": [ 23.424951553344727, 42.664012908935547 ] } },
{ "type": "Feature", "properties": { "vehicle_id": "A7173", "latitude": 42.733406066894531, "longitude": 23.302764892578125, "raw_occupancy": 2, "timestamp": "2026-09-15 17:55:29" }, "geometry": { "type": "Point", "coordinates": [ 23.302764892578125, 42.733406066894531 ] } },
{ "type": "Feature", "properties": { "vehicle_id": "A2300", "latitude": 42.735706329345703, "longitude": 23.305332183837891, "raw_occupancy": 1, "timestamp": "2026-09-15 17:55:29" }, "geometry": { "type": "Point", "coordinates": [ 23.305332183837891, 42.735706329345703 ] } },
{ "type": "Feature", "properties": { "vehicle_id": "A1015", "latitude": 42.650333404541016, "longitude": 23.332302093505859, "raw_occupancy": 3, "timestamp": "2026-09-15 17:55:29" }, "geometry": { "type": "Point", "coordinates": [ 23.332302093505859, 42.650333404541016 ] } },
{ "type": "Feature", "properties": { "vehicle_id": "A7055", "latitude": 42.710014343261719, "longitude": 23.388862609863281, "raw_occupancy": 1, "timestamp": "2026-09-15 17:55:29" }, "geometry": { "type": "Point", "coordinates": [ 23.388862609863281, 42.710014343261719 ] } },
{ "type": "Feature", "properties": { "vehicle_id": "A2056", "latitude": 42.717411041259766, "longitude": 23.339298248291016, "raw_occupancy": 2, "timestamp": "2026-09-15 17:55:29" }, "geometry": { "type": "Point", "coordinates": [ 23.339298248291016, 42.717411041259766 ] } },
{ "type": "Feature", "properties": { "vehicle_id": "A3616", "latitude": 42.626502990722656, "longitude": 23.381820678710938, "raw_occupancy": 0, "timestamp": "2026-09-15 17:55:29" }, "geometry": { "type": "Point", "coordinates": [ 23.381820678710938, 42.626502990722656 ] } },
{ "type": "Feature", "properties": { "vehicle_id": "A1037", "latitude": 42.656684875488281, "longitude": 23.317131042480469, "raw_occupancy": 5, "timestamp": "2026-09-15 17:55:29" }, "geometry": { "type": "Point", "coordinates": [ 23.317131042480469, 42.656684875488281 ] } },
{ "type": "Feature", "properties": { "vehicle_id": "A2733", "latitude": 42.789443969726562, "longitude": 23.309749603271484, "raw_occupancy": 1, "timestamp": "2026-09-15 17:55:29" }, "geometry": { "type": "Point", "coordinates": [ 23.309749603271484, 42.789443969726562 ] } },
{ "type": "Feature", "properties": { "vehicle_id": "A3110", "latitude": 42.681655883789062, "longitude": 23.317628860473633, "raw_occupancy": 3, "timestamp": "2026-09-15 17:55:29" }, "geometry": { "type": "Point", "coordinates": [ 23.317628860473633, 42.681655883789062 ] } },
{ "type": "Feature", "properties": { "vehicle_id": "A2020", "latitude": 42.662246704101562, "longitude": 23.345575332641602, "raw_occupancy": 0, "timestamp": "2026-09-15 17:55:29" }, "geometry": { "type": "Point", "coordinates": [ 23.345575332641602, 42.662246704101562 ] } },
{ "type": "Feature", "properties": { "vehicle_id": "A2509", "latitude": 42.6834716796875, "longitude": 23.321203231811523, "raw_occupancy": 2, "timestamp": "2026-09-15 17:55:29" }, "geometry": { "type": "Point", "coordinates": [ 23.321203231811523, 42.6834716796875 ] } },
{ "type": "Feature", "properties": { "vehicle_id": "A1406", "latitude": 42.6611328125, "longitude": 23.320171356201172, "raw_occupancy": 1, "timestamp": "2026-09-15 17:55:29" }, "geometry": { "type": "Point", "coordinates": [ 23.320171356201172, 42.6611328125 ] } },
{ "type": "Feature", "properties": { "vehicle_id": "A7109", "latitude": 42.738525390625, "longitude": 23.504856109619141, "raw_occupancy": 3, "timestamp": "2026-09-15 17:55:29" }, "geometry": { "type": "Point", "coordinates": [ 23.504856109619141, 42.738525390625 ] } },
{ "type": "Feature", "properties": { "vehicle_id": "A3319", "latitude": 42.687286376953125, "longitude": 23.352407455444336, "raw_occupancy": 3, "timestamp": "2026-09-15 17:55:29" }, "geometry": { "type": "Point", "coordinates": [ 23.352407455444336, 42.687286376953125 ] } },
{ "type": "Feature", "properties": { "vehicle_id": "A1845", "latitude": 42.707138061523438, "longitude": 23.147405624389648, "raw_occupancy": 1, "timestamp": "2026-09-15 17:55:29" }, "geometry": { "type": "Point", "coordinates": [ 23.147405624389648, 42.707138061523438 ] } },
{ "type": "Feature", "properties": { "vehicle_id": "A2026", "latitude": 42.710414886474609, "longitude": 23.379941940307617, "raw_occupancy": 2, "timestamp": "2026-09-15 17:55:29" }, "geometry": { "type": "Point", "coordinates": [ 23.379941940307617, 42.710414886474609 ] } },
{ "type": "Feature", "properties": { "vehicle_id": "A1220", "latitude": 42.701625823974609, "longitude": 23.276372909545898, "raw_occupancy": 1, "timestamp": "2026-09-15 17:55:29" }, "geometry": { "type": "Point", "coordinates": [ 23.276372909545898, 42.701625823974609 ] } },
{ "type": "Feature", "properties": { "vehicle_id": "A1405", "latitude": 42.629367828369141, "longitude": 23.312641143798828, "raw_occupancy": 3, "timestamp": "2026-09-15 17:55:29" }, "geometry": { "type": "Point", "coordinates": [ 23.312641143798828, 42.629367828369141 ] } },
{ "type": "Feature", "properties": { "vehicle_id": "A1208", "latitude": 42.633636474609375, "longitude": 23.332063674926758, "raw_occupancy": 4, "timestamp": "2026-09-15 17:55:29" }, "geometry": { "type": "Point", "coordinates": [ 23.332063674926758, 42.633636474609375 ] } },
{ "type": "Feature", "properties": { "vehicle_id": "A1209", "latitude": 42.687404632568359, "longitude": 23.310796737670898, "raw_occupancy": 1, "timestamp": "2026-09-15 17:55:29" }, "geometry": { "type": "Point", "coordinates": [ 23.310796737670898, 42.687404632568359 ] } },
{ "type": "Feature", "properties": { "vehicle_id": "A3670", "latitude": 42.661670684814453, "longitude": 23.389335632324219, "raw_occupancy": 3, "timestamp": "2026-09-15 17:55:29" }, "geometry": { "type": "Point", "coordinates": [ 23.389335632324219, 42.661670684814453 ] } },
{ "type": "Feature", "properties": { "vehicle_id": "A1620", "latitude": 42.629798889160156, "longitude": 23.37327766418457, "raw_occupancy": 3, "timestamp": "2026-09-15 17:55:29" }, "geometry": { "type": "Point", "coordinates": [ 23.37327766418457, 42.629798889160156 ] } },
{ "type": "Feature", "properties": { "vehicle_id": "A7081", "latitude": 42.794876098632812, "longitude": 23.4139404296875, "raw_occupancy": 0, "timestamp": "2026-09-15 17:55:29" }, "geometry": { "type": "Point", "coordinates": [ 23.4139404296875, 42.794876098632812 ] } },
{ "type": "Feature", "properties": { "vehicle_id": "A3104", "latitude": 42.664867401123047, "longitude": 23.373884201049805, "raw_occupancy": 3, "timestamp": "2026-09-15 17:55:29" }, "geometry": { "type": "Point", "coordinates": [ 23.373884201049805, 42.664867401123047 ] } },
{ "type": "Feature", "properties": { "vehicle_id": "A3138", "latitude": 42.657615661621094, "longitude": 23.383552551269531, "raw_occupancy": 3, "timestamp": "2026-09-15 17:55:29" }, "geometry": { "type": "Point", "coordinates": [ 23.383552551269531, 42.657615661621094 ] } },
{ "type": "Feature", "properties": { "vehicle_id": "A7093", "latitude": 42.728729248046875, "longitude": 23.258363723754883, "raw_occupancy": 1, "timestamp": "2026-09-15 17:55:29" }, "geometry": { "type": "Point", "coordinates": [ 23.258363723754883, 42.728729248046875 ] } },
{ "type": "Feature", "properties": { "vehicle_id": "A1226", "latitude": 42.671760559082031, "longitude": 23.251787185668945, "raw_occupancy": 2, "timestamp": "2026-09-15 17:55:29" }, "geometry": { "type": "Point", "coordinates": [ 23.251787185668945, 42.671760559082031 ] } },
{ "type": "Feature", "properties": { "vehicle_id": "A3126", "latitude": 42.702972412109375, "longitude": 23.33738899230957, "raw_occupancy": 2, "timestamp": "2026-09-15 17:55:29" }, "geometry": { "type": "Point", "coordinates": [ 23.33738899230957, 42.702972412109375 ] } },
{ "type": "Feature", "properties": { "vehicle_id": "A1424", "latitude": 42.722568511962891, "longitude": 23.249485015869141, "raw_occupancy": 1, "timestamp": "2026-09-15 17:55:29" }, "geometry": { "type": "Point", "coordinates": [ 23.249485015869141, 42.722568511962891 ] } },
{ "type": "Feature", "properties": { "vehicle_id": "A7115", "latitude": 42.821914672851562, "longitude": 23.35386848449707, "raw_occupancy": 1, "timestamp": "2026-09-15 17:55:29" }, "geometry": { "type": "Point", "coordinates": [ 23.35386848449707, 42.821914672851562 ] } },
{ "type": "Feature", "properties": { "vehicle_id": "A2006", "latitude": 42.715427398681641, "longitude": 23.27702522277832, "raw_occupancy": 1, "timestamp": "2026-09-15 17:55:29" }, "geometry": { "type": "Point", "coordinates": [ 23.27702522277832, 42.715427398681641 ] } },
{ "type": "Feature", "properties": { "vehicle_id": "A3013", "latitude": 42.675537109375, "longitude": 23.358814239501953, "raw_occupancy": 3, "timestamp": "2026-09-15 17:55:29" }, "geometry": { "type": "Point", "coordinates": [ 23.358814239501953, 42.675537109375 ] } },
{ "type": "Feature", "properties": { "vehicle_id": "A2309", "latitude": 42.694374084472656, "longitude": 23.335186004638672, "raw_occupancy": 1, "timestamp": "2026-09-15 17:55:29" }, "geometry": { "type": "Point", "coordinates": [ 23.335186004638672, 42.694374084472656 ] } },
{ "type": "Feature", "properties": { "vehicle_id": "A3626", "latitude": 42.636859893798828, "longitude": 23.374967575073242, "raw_occupancy": 3, "timestamp": "2026-09-15 17:55:29" }, "geometry": { "type": "Point", "coordinates": [ 23.374967575073242, 42.636859893798828 ] } },
{ "type": "Feature", "properties": { "vehicle_id": "A1313", "latitude": 42.684371948242188, "longitude": 23.300603866577148, "raw_occupancy": 0, "timestamp": "2026-09-15 17:55:29" }, "geometry": { "type": "Point", "coordinates": [ 23.300603866577148, 42.684371948242188 ] } },
{ "type": "Feature", "properties": { "vehicle_id": "A1232", "latitude": 42.746204376220703, "longitude": 23.269994735717773, "raw_occupancy": 3, "timestamp": "2026-09-15 17:55:29" }, "geometry": { "type": "Point", "coordinates": [ 23.269994735717773, 42.746204376220703 ] } },
{ "type": "Feature", "properties": { "vehicle_id": "A3623", "latitude": 42.710494995117188, "longitude": 23.384443283081055, "raw_occupancy": 1, "timestamp": "2026-09-15 17:55:29" }, "geometry": { "type": "Point", "coordinates": [ 23.384443283081055, 42.710494995117188 ] } },
{ "type": "Feature", "properties": { "vehicle_id": "A1176", "latitude": 42.711738586425781, "longitude": 23.318914413452148, "raw_occupancy": 0, "timestamp": "2026-09-15 17:55:29" }, "geometry": { "type": "Point", "coordinates": [ 23.318914413452148, 42.711738586425781 ] } },
{ "type": "Feature", "properties": { "vehicle_id": "A2083", "latitude": 42.705921173095703, "longitude": 23.332700729370117, "raw_occupancy": 1, "timestamp": "2026-09-15 17:55:29" }, "geometry": { "type": "Point", "coordinates": [ 23.332700729370117, 42.705921173095703 ] } },
{ "type": "Feature", "properties": { "vehicle_id": "A7099", "latitude": 42.780838012695312, "longitude": 23.313796997070312, "raw_occupancy": 1, "timestamp": "2026-09-15 17:55:29" }, "geometry": { "type": "Point", "coordinates": [ 23.313796997070312, 42.780838012695312 ] } },
{ "type": "Feature", "properties": { "vehicle_id": "A3606", "latitude": 42.623157501220703, "longitude": 23.371028900146484, "raw_occupancy": 2, "timestamp": "2026-09-15 17:55:29" }, "geometry": { "type": "Point", "coordinates": [ 23.371028900146484, 42.623157501220703 ] } },
{ "type": "Feature", "properties": { "vehicle_id": "A2001", "latitude": 42.684612274169922, "longitude": 23.349216461181641, "raw_occupancy": 3, "timestamp": "2026-09-15 17:55:29" }, "geometry": { "type": "Point", "coordinates": [ 23.349216461181641, 42.684612274169922 ] } },
{ "type": "Feature", "properties": { "vehicle_id": "A2023", "latitude": 42.704044342041016, "longitude": 23.36614990234375, "raw_occupancy": 1, "timestamp": "2026-09-15 17:55:29" }, "geometry": { "type": "Point", "coordinates": [ 23.36614990234375, 42.704044342041016 ] } }
]
}
