{
"type": "FeatureCollection",
"name": "bus_occupancy_remainder_20260915_1925",
"crs": { "type": "name", "properties": { "name": "urn:ogc:def:crs:OGC:1.3:CRS84" } },
"features": [
{ "type": "Feature", "properties": { "vehicle_id": "A2072", "latitude": 42.702938079833984, "longitude": 23.353269577026367, "raw_occupancy": 1, "timestamp": "2026-09-15 19:05:33" }, "geometry": { "type": "Point", "coordinates": [ 23.353269577026367, 42.702938079833984 ] } },
{ "type": "Feature", "properties": { "vehicle_id": "A3136", "latitude": 42.630657196044922, "longitude": 23.379968643188477, "raw_occupancy": 1, "timestamp": "2026-09-15 19:05:33" }, "geometry": { "type": "Point", "coordinates": [ 23.379968643188477, 42.630657196044922 ] } },
{ "type": "Feature", "properties": { "vehicle_id": "A3120", "latitude": 42.683643341064453, "longitude": 23.348598480224609, "raw_occupancy": 1, "timestamp": "2026-09-15 19:05:33" }, "geometry": { "type": "Point", "coordinates": [ 23.348598480224609, 42.683643341064453 ] } },
{ "type": "Feature", "properties": { "vehicle_id": "A7073", "latitude": 42.708137512207031, "longitude": 23.413122177124023, "raw_occupancy": 0, "timestamp": "2026-09-15 19:05:33" }, "geometry": { "type": "Point", "coordinates": [ 23.413122177124023, 42.708137512207031 ] } },
{ "type": "Feature", "properties": { "vehicle_id": "A3407", "latitude": 42.686717987060547, "longitude": 23.330846786499023, "raw_occupancy": 2, "timestamp": "2026-09-15 19:05:33" }, "geometry": { "type": "Point", "coordinates": [ 23.330846786499023, 42.686717987060547 ] } },
{ "type": "Feature", "properties": { "vehicle_id": "A1424", "latitude": 42.731399536132812, "longitude": 23.313299179077148, "raw_occupancy": 0, "timestamp": "2026-09-15 19:05:33" }, "geometry": { "type": "Point", "coordinates": [ 23.313299179077148, 42.731399536132812 ] } },
{ "type": "Feature", "properties": { "vehicle_id": "A7165", "latitude": 42.713531494140625, "longitude": 23.41642951965332, "raw_occupancy": 1, "timestamp": "2026-09-15 19:05:33" }, "geometry": { "type": "Point", "coordinates": [ 23.41642951965332, 42.713531494140625 ] } },
{ "type": "Feature", "properties": { "vehicle_id": "A1409", "latitude": 42.674842834472656, "longitude": 23.277975082397461, "raw_occupancy": 0, "timestamp": "2026-09-15 19:05:33" }, "geometry": { "type": "Point", "coordinates": [ 23.277975082397461, 42.674842834472656 ] } },
{ "type": "Feature", "properties": { "vehicle_id": "A3137", "latitude": 42.675987243652344, "longitude": 23.288646697998047, "raw_occupancy": 2, "timestamp": "2026-09-15 19:05:33" }, "geometry": { "type": "Point", "coordinates": [ 23.288646697998047, 42.675987243652344 ] } },
{ "type": "Feature", "properties": { "vehicle_id": "A2502", "latitude": 42.645133972167969, "longitude": 23.314132690429688, "raw_occupancy": 1, "timestamp": "2026-09-15 19:05:33" }, "geometry": { "type": "Point", "coordinates": [ 23.314132690429688, 42.645133972167969 ] } },
{ "type": "Feature", "properties": { "vehicle_id": "A3600", "latitude": 42.656333923339844, "longitude": 23.465419769287109, "raw_occupancy": 1, "timestamp": "2026-09-15 19:05:33" }, "geometry": { "type": "Point", "coordinates": [ 23.465419769287109, 42.656333923339844 ] } },
{ "type": "Feature", "properties": { "vehicle_id": "A7041", "latitude": 42.788475036621094, "longitude": 23.272674560546875, "raw_occupancy": 0, "timestamp": "2026-09-15 19:05:33" }, "geometry": { "type": "Point", "coordinates": [ 23.272674560546875, 42.788475036621094 ] } },
{ "type": "Feature", "properties": { "vehicle_id": "A2015", "latitude": 42.712631225585938, "longitude": 23.274023056030273, "raw_occupancy": 2, "timestamp": "2026-09-15 19:05:33" }, "geometry": { "type": "Point", "coordinates": [ 23.274023056030273, 42.712631225585938 ] } },
{ "type": "Feature", "properties": { "vehicle_id": "A1612", "latitude": 42.659725189208984, "longitude": 23.392168045043945, "raw_occupancy": 3, "timestamp": "2026-09-15 19:05:33" }, "geometry": { "type": "Point", "coordinates": [ 23.392168045043945, 42.659725189208984 ] } },
{ "type": "Feature", "properties": { "vehicle_id": "A3654", "latitude": 42.618232727050781, "longitude": 23.336200714111328, "raw_occupancy": 1, "timestamp": "2026-09-15 19:05:33" }, "geometry": { "type": "Point", "coordinates": [ 23.336200714111328, 42.618232727050781 ] } },
{ "type": "Feature", "properties": { "vehicle_id": "A3141", "latitude": 42.665470123291016, "longitude": 23.287248611450195, "raw_occupancy": 1, "timestamp": "2026-09-15 19:05:33" }, "geometry": { "type": "Point", "coordinates": [ 23.287248611450195, 42.665470123291016 ] } },
{ "type": "Feature", "properties": { "vehicle_id": "A1603", "latitude": 42.628036499023438, "longitude": 23.372880935668945, "raw_occupancy": 1, "timestamp": "2026-09-15 19:05:33" }, "geometry": { "type": "Point", "coordinates": [ 23.372880935668945, 42.628036499023438 ] } },
{ "type": "Feature", "properties": { "vehicle_id": "A1208", "latitude": 42.6748046875, "longitude": 23.322134017944336, "raw_occupancy": 1, "timestamp": "2026-09-15 19:05:33" }, "geometry": { "type": "Point", "coordinates": [ 23.322134017944336, 42.6748046875 ] } },
{ "type": "Feature", "properties": { "vehicle_id": "A1172", "latitude": 42.690570831298828, "longitude": 23.256244659423828, "raw_occupancy": 1, "timestamp": "2026-09-15 19:05:33" }, "geometry": { "type": "Point", "coordinates": [ 23.256244659423828, 42.690570831298828 ] } },
{ "type": "Feature", "properties": { "vehicle_id": "A3670", "latitude": 42.670814514160156, "longitude": 23.393487930297852, "raw_occupancy": 3, "timestamp": "2026-09-15 19:05:33" }, "geometry": { "type": "Point", "coordinates": [ 23.393487930297852, 42.670814514160156 ] } },
{ "type": "Feature", "properties": { "vehicle_id": "A3621", "latitude": 42.668254852294922, "longitude": 23.402097702026367, "raw_occupancy": 1, "timestamp": "2026-09-15 19:05:33" }, "geometry": { "type": "Point", "coordinates": [ 23.402097702026367, 42.668254852294922 ] } },
{ "type": "Feature", "properties": { "vehicle_id": "A1174", "latitude": 42.728931427001953, "longitude": 23.248628616333008, "raw_occupancy": 0, "timestamp": "2026-09-15 19:05:33" }, "geometry": { "type": "Point", "coordinates": [ 23.248628616333008, 42.728931427001953 ] } },
{ "type": "Feature", "properties": { "vehicle_id": "A7119", "latitude": 42.828727722167969, "longitude": 23.341499328613281, "raw_occupancy": 1, "timestamp": "2026-09-15 19:05:33" }, "geometry": { "type": "Point", "coordinates": [ 23.341499328613281, 42.828727722167969 ] } },
{ "type": "Feature", "properties": { "vehicle_id": "A7161", "latitude": 42.739261627197266, "longitude": 23.316905975341797, "raw_occupancy": 1, "timestamp": "2026-09-15 19:05:33" }, "geometry": { "type": "Point", "coordinates": [ 23.316905975341797, 42.739261627197266 ] } },
{ "type": "Feature", "properties": { "vehicle_id": "A1851", "latitude": 42.676429748535156, "longitude": 23.233524322509766, "raw_occupancy": 1, "timestamp": "2026-09-15 19:05:33" }, "geometry": { "type": "Point", "coordinates": [ 23.233524322509766, 42.676429748535156 ] } },
{ "type": "Feature", "properties": { "vehicle_id": "A2014", "latitude": 42.713039398193359, "longitude": 23.40214729309082, "raw_occupancy": 1, "timestamp": "2026-09-15 19:05:33" }, "geometry": { "type": "Point", "coordinates": [ 23.40214729309082, 42.713039398193359 ] } },
{ "type": "Feature", "properties": { "vehicle_id": "A3115", "latitude": 42.671558380126953, "longitude": 23.382213592529297, "raw_occupancy": 0, "timestamp": "2026-09-15 19:05:33" }, "geometry": { "type": "Point", "coordinates": [ 23.382213592529297, 42.671558380126953 ] } },
{ "type": "Feature", "properties": { "vehicle_id": "A7141", "latitude": 42.708454132080078, "longitude": 23.334211349487305, "raw_occupancy": 2, "timestamp": "2026-09-15 19:05:33" }, "geometry": { "type": "Point", "coordinates": [ 23.334211349487305, 42.708454132080078 ] } },
{ "type": "Feature", "properties": { "vehicle_id": "A7111", "latitude": 42.742019653320312, "longitude": 23.278400421142578, "raw_occupancy": 1, "timestamp": "2026-09-15 19:05:33" }, "geometry": { "type": "Point", "coordinates": [ 23.278400421142578, 42.742019653320312 ] } },
{ "type": "Feature", "properties": { "vehicle_id": "A1833", "latitude": 42.719058990478516, "longitude": 23.285743713378906, "raw_occupancy": 1, "timestamp": "2026-09-15 19:05:33" }, "geometry": { "type": "Point", "coordinates": [ 23.285743713378906, 42.719058990478516 ] } },
{ "type": "Feature", "properties": { "vehicle_id": "A1220", "latitude": 42.696598052978516, "longitude": 23.279924392700195, "raw_occupancy": 1, "timestamp": "2026-09-15 19:05:33" }, "geometry": { "type": "Point", "coordinates": [ 23.279924392700195, 42.696598052978516 ] } },
{ "type": "Feature", "properties": { "vehicle_id": "A7151", "latitude": 42.729850769042969, "longitude": 23.344114303588867, "raw_occupancy": 3, "timestamp": "2026-09-15 19:05:33" }, "geometry": { "type": "Point", "coordinates": [ 23.344114303588867, 42.729850769042969 ] } },
{ "type": "Feature", "properties": { "vehicle_id": "A1150", "latitude": 42.696800231933594, "longitude": 23.296226501464844, "raw_occupancy": 1, "timestamp": "2026-09-15 19:05:33" }, "geometry": { "type": "Point", "coordinates": [ 23.296226501464844, 42.696800231933594 ] } },
{ "type": "Feature", "properties": { "vehicle_id": "A1406", "latitude": 42.665718078613281, "longitude": 23.288063049316406, "raw_occupancy": 0, "timestamp": "2026-09-15 19:05:33" }, "geometry": { "type": "Point", "coordinates": [ 23.288063049316406, 42.665718078613281 ] } },
{ "type": "Feature", "properties": { "vehicle_id": "A2069", "latitude": 42.670169830322266, "longitude": 23.369138717651367, "raw_occupancy": 1, "timestamp": "2026-09-15 19:05:33" }, "geometry": { "type": "Point", "coordinates": [ 23.369138717651367, 42.670169830322266 ] } },
{ "type": "Feature", "properties": { "vehicle_id": "A3622", "latitude": 42.681652069091797, "longitude": 23.463027954101562, "raw_occupancy": 0, "timestamp": "2026-09-15 19:05:33" }, "geometry": { "type": "Point", "coordinates": [ 23.463027954101562, 42.681652069091797 ] } },
{ "type": "Feature", "properties": { "vehicle_id": "A1619", "latitude": 42.694400787353516, "longitude": 23.294988632202148, "raw_occupancy": 2, "timestamp": "2026-09-15 19:05:33" }, "geometry": { "type": "Point", "coordinates": [ 23.294988632202148, 42.694400787353516 ] } },
{ "type": "Feature", "properties": { "vehicle_id": "A1823", "latitude": 42.723804473876953, "longitude": 23.258796691894531, "raw_occupancy": 1, "timestamp": "2026-09-15 19:05:33" }, "geometry": { "type": "Point", "coordinates": [ 23.258796691894531, 42.723804473876953 ] } },
{ "type": "Feature", "properties": { "vehicle_id": "A7061", "latitude": 42.789535522460938, "longitude": 23.329927444458008, "raw_occupancy": 1, "timestamp": "2026-09-15 19:05:33" }, "geometry": { "type": "Point", "coordinates": [ 23.329927444458008, 42.789535522460938 ] } },
{ "type": "Feature", "properties": { "vehicle_id": "A7043", "latitude": 42.726898193359375, "longitude": 23.312383651733398, "raw_occupancy": 3, "timestamp": "2026-09-15 19:05:33" }, "geometry": { "type": "Point", "coordinates": [ 23.312383651733398, 42.726898193359375 ] } },
{ "type": "Feature", "properties": { "vehicle_id": "A2042", "latitude": 42.646965026855469, "longitude": 23.346349716186523, "raw_occupancy": 0, "timestamp": "2026-09-15 19:05:33" }, "geometry": { "type": "Point", "coordinates": [ 23.346349716186523, 42.646965026855469 ] } },
{ "type": "Feature", "properties": { "vehicle_id": "A1159", "latitude": 42.674346923828125, "longitude": 23.310726165771484, "raw_occupancy": 2, "timestamp": "2026-09-15 19:05:33" }, "geometry": { "type": "Point", "coordinates": [ 23.310726165771484, 42.674346923828125 ] } },
{ "type": "Feature", "properties": { "vehicle_id": "A1127", "latitude": 42.763092041015625, "longitude": 23.198213577270508, "raw_occupancy": 1, "timestamp": "2026-09-15 19:05:33" }, "geometry": { "type": "Point", "coordinates": [ 23.198213577270508, 42.763092041015625 ] } },
{ "type": "Feature", "properties": { "vehicle_id": "A7071", "latitude": 42.803817749023438, "longitude": 23.262123107910156, "raw_occupancy": 1, "timestamp": "2026-09-15 19:05:33" }, "geometry": { "type": "Point", "coordinates": [ 23.262123107910156, 42.803817749023438 ] } },
{ "type": "Feature", "properties": { "vehicle_id": "A2036", "latitude": 42.650337219238281, "longitude": 23.342008590698242, "raw_occupancy": 2, "timestamp": "2026-09-15 19:05:33" }, "geometry": { "type": "Point", "coordinates": [ 23.342008590698242, 42.650337219238281 ] } },
{ "type": "Feature", "properties": { "vehicle_id": "A1152", "latitude": 42.658180236816406, "longitude": 23.342397689819336, "raw_occupancy": 1, "timestamp": "2026-09-15 19:05:33" }, "geometry": { "type": "Point", "coordinates": [ 23.342397689819336, 42.658180236816406 ] } },
{ "type": "Feature", "properties": { "vehicle_id": "A7181", "latitude": 42.853984832763672, "longitude": 23.264251708984375, "raw_occupancy": 0, "timestamp": "2026-09-15 19:05:33" }, "geometry": { "type": "Point", "coordinates": [ 23.264251708984375, 42.853984832763672 ] } },
{ "type": "Feature", "properties": { "vehicle_id": "A3157", "latitude": 42.623893737792969, "longitude": 23.375410079956055, "raw_occupancy": 1, "timestamp": "2026-09-15 19:05:33" }, "geometry": { "type": "Point", "coordinates": [ 23.375410079956055, 42.623893737792969 ] } },
{ "type": "Feature", "properties": { "vehicle_id": "A1616", "latitude": 42.704345703125, "longitude": 23.329719543457031, "raw_occupancy": 2, "timestamp": "2026-09-15 19:05:33" }, "geometry": { "type": "Point", "coordinates": [ 23.329719543457031, 42.704345703125 ] } },
{ "type": "Feature", "properties": { "vehicle_id": "A7097", "latitude": 42.784465789794922, "longitude": 23.395647048950195, "raw_occupancy": 1, "timestamp": "2026-09-15 19:05:33" }, "geometry": { "type": "Point", "coordinates": [ 23.395647048950195, 42.784465789794922 ] } },
{ "type": "Feature", "properties": { "vehicle_id": "A2313", "latitude": 42.672016143798828, "longitude": 23.363777160644531, "raw_occupancy": 1, "timestamp": "2026-09-15 19:05:33" }, "geometry": { "type": "Point", "coordinates": [ 23.363777160644531, 42.672016143798828 ] } },
{ "type": "Feature", "properties": { "vehicle_id": "A3140", "latitude": 42.686317443847656, "longitude": 23.35108757019043, "raw_occupancy": 1, "timestamp": "2026-09-15 19:05:33" }, "geometry": { "type": "Point", "coordinates": [ 23.35108757019043, 42.686317443847656 ] } },
{ "type": "Feature", "properties": { "vehicle_id": "A2053", "latitude": 42.656856536865234, "longitude": 23.385225296020508, "raw_occupancy": 3, "timestamp": "2026-09-15 19:05:33" }, "geometry": { "type": "Point", "coordinates": [ 23.385225296020508, 42.656856536865234 ] } },
{ "type": "Feature", "properties": { "vehicle_id": "A1165", "latitude": 42.733222961425781, "longitude": 23.310581207275391, "raw_occupancy": 1, "timestamp": "2026-09-15 19:05:33" }, "geometry": { "type": "Point", "coordinates": [ 23.310581207275391, 42.733222961425781 ] } },
{ "type": "Feature", "properties": { "vehicle_id": "A1232", "latitude": 42.737342834472656, "longitude": 23.270223617553711, "raw_occupancy": 1, "timestamp": "2026-09-15 19:05:33" }, "geometry": { "type": "Point", "coordinates": [ 23.270223617553711, 42.737342834472656 ] } },
{ "type": "Feature", "properties": { "vehicle_id": "A3616", "latitude": 42.695590972900391, "longitude": 23.346540451049805, "raw_occupancy": 2, "timestamp": "2026-09-15 19:05:33" }, "geometry": { "type": "Point", "coordinates": [ 23.346540451049805, 42.695590972900391 ] } },
{ "type": "Feature", "properties": { "vehicle_id": "A7127", "latitude": 42.69989013671875, "longitude": 23.369766235351562, "raw_occupancy": 1, "timestamp": "2026-09-15 19:05:33" }, "geometry": { "type": "Point", "coordinates": [ 23.369766235351562, 42.69989013671875 ] } },
{ "type": "Feature", "properties": { "vehicle_id": "A3402", "latitude": 42.659908294677734, "longitude": 23.348850250244141, "raw_occupancy": 1, "timestamp": "2026-09-15 19:05:33" }, "geometry": { "type": "Point", "coordinates": [ 23.348850250244141, 42.659908294677734 ] } },
{ "type": "Feature", "properties": { "vehicle_id": "A1821", "latitude": 42.659194946289062, "longitude": 23.267446517944336, "raw_occupancy": 1, "timestamp": "2026-09-15 19:05:33" }, "geometry": { "type": "Point", "coordinates": [ 23.267446517944336, 42.659194946289062 ] } },
{ "type": "Feature", "properties": { "vehicle_id": "A3127", "latitude": 42.647846221923828, "longitude": 23.376657485961914, "raw_occupancy": 1, "timestamp": "2026-09-15 19:05:33" }, "geometry": { "type": "Point", "coordinates": [ 23.376657485961914, 42.647846221923828 ] } },
{ "type": "Feature", "properties": { "vehicle_id": "A1179", "latitude": 42.674934387207031, "longitude": 23.307680130004883, "raw_occupancy": 2, "timestamp": "2026-09-15 19:05:33" }, "geometry": { "type": "Point", "coordinates": [ 23.307680130004883, 42.674934387207031 ] } },
{ "type": "Feature", "properties": { "vehicle_id": "A1166", "latitude": 42.693470001220703, "longitude": 23.282205581665039, "raw_occupancy": 2, "timestamp": "2026-09-15 19:05:33" }, "geometry": { "type": "Point", "coordinates": [ 23.282205581665039, 42.693470001220703 ] } },
{ "type": "Feature", "properties": { "vehicle_id": "A2308", "latitude": 42.669479370117188, "longitude": 23.368816375732422, "raw_occupancy": 1, "timestamp": "2026-09-15 19:05:33" }, "geometry": { "type": "Point", "coordinates": [ 23.368816375732422, 42.669479370117188 ] } },
{ "type": "Feature", "properties": { "vehicle_id": "A2018", "latitude": 42.682518005371094, "longitude": 23.321039199829102, "raw_occupancy": 1, "timestamp": "2026-09-15 19:05:33" }, "geometry": { "type": "Point", "coordinates": [ 23.321039199829102, 42.682518005371094 ] } },
{ "type": "Feature", "properties": { "vehicle_id": "A2067", "latitude": 42.821971893310547, "longitude": 23.355501174926758, "raw_occupancy": 1, "timestamp": "2026-09-15 19:05:33" }, "geometry": { "type": "Point", "coordinates": [ 23.355501174926758, 42.821971893310547 ] } },
{ "type": "Feature", "properties": { "vehicle_id": "A3669", "latitude": 42.681648254394531, "longitude": 23.317548751831055, "raw_occupancy": 1, "timestamp": "2026-09-15 19:05:33" }, "geometry": { "type": "Point", "coordinates": [ 23.317548751831055, 42.681648254394531 ] } },
{ "type": "Feature", "properties": { "vehicle_id": "A3133", "latitude": 42.699378967285156, "longitude": 23.347576141357422, "raw_occupancy": 1, "timestamp": "2026-09-15 19:05:33" }, "geometry": { "type": "Point", "coordinates": [ 23.347576141357422, 42.699378967285156 ] } },
{ "type": "Feature", "properties": { "vehicle_id": "A1405", "latitude": 42.643146514892578, "longitude": 23.281936645507812, "raw_occupancy": 1, "timestamp": "2026-09-15 19:05:33" }, "geometry": { "type": "Point", "coordinates": [ 23.281936645507812, 42.643146514892578 ] } },
{ "type": "Feature", "properties": { "vehicle_id": "A1155", "latitude": 42.666316986083984, "longitude": 23.288619995117188, "raw_occupancy": 2, "timestamp": "2026-09-15 19:05:33" }, "geometry": { "type": "Point", "coordinates": [ 23.288619995117188, 42.666316986083984 ] } },
{ "type": "Feature", "properties": { "vehicle_id": "A1609", "latitude": 42.691268920898438, "longitude": 23.369462966918945, "raw_occupancy": 2, "timestamp": "2026-09-15 19:05:33" }, "geometry": { "type": "Point", "coordinates": [ 23.369462966918945, 42.691268920898438 ] } },
{ "type": "Feature", "properties": { "vehicle_id": "A2009", "latitude": 42.690467834472656, "longitude": 23.331857681274414, "raw_occupancy": 1, "timestamp": "2026-09-15 19:05:33" }, "geometry": { "type": "Point", "coordinates": [ 23.331857681274414, 42.690467834472656 ] } },
{ "type": "Feature", "properties": { "vehicle_id": "A3400", "latitude": 42.683055877685547, "longitude": 23.348342895507812, "raw_occupancy": 2, "timestamp": "2026-09-15 19:05:33" }, "geometry": { "type": "Point", "coordinates": [ 23.348342895507812, 42.683055877685547 ] } },
{ "type": "Feature", "properties": { "vehicle_id": "A3301", "latitude": 42.670810699462891, "longitude": 23.397008895874023, "raw_occupancy": 0, "timestamp": "2026-09-15 19:05:33" }, "geometry": { "type": "Point", "coordinates": [ 23.397008895874023, 42.670810699462891 ] } },
{ "type": "Feature", "properties": { "vehicle_id": "A2066", "latitude": 42.707302093505859, "longitude": 23.318063735961914, "raw_occupancy": 1, "timestamp": "2026-09-15 19:05:33" }, "geometry": { "type": "Point", "coordinates": [ 23.318063735961914, 42.707302093505859 ] } },
{ "type": "Feature", "properties": { "vehicle_id": "A7115", "latitude": 42.806896209716797, "longitude": 23.348421096801758, "raw_occupancy": 1, "timestamp": "2026-09-15 19:05:33" }, "geometry": { "type": "Point", "coordinates": [ 23.348421096801758, 42.806896209716797 ] } },
{ "type": "Feature", "properties": { "vehicle_id": "A7157", "latitude": 42.756881713867188, "longitude": 23.488815307617188, "raw_occupancy": 1, "timestamp": "2026-09-15 19:05:33" }, "geometry": { "type": "Point", "coordinates": [ 23.488815307617188, 42.756881713867188 ] } },
{ "type": "Feature", "properties": { "vehicle_id": "A1168", "latitude": 42.662696838378906, "longitude": 23.286554336547852, "raw_occupancy": 1, "timestamp": "2026-09-15 19:05:33" }, "geometry": { "type": "Point", "coordinates": [ 23.286554336547852, 42.662696838378906 ] } },
{ "type": "Feature", "properties": { "vehicle_id": "A3156", "latitude": 42.685909271240234, "longitude": 23.330595016479492, "raw_occupancy": 2, "timestamp": "2026-09-15 19:05:33" }, "geometry": { "type": "Point", "coordinates": [ 23.330595016479492, 42.685909271240234 ] } },
{ "type": "Feature", "properties": { "vehicle_id": "A2055", "latitude": 42.721206665039062, "longitude": 23.284385681152344, "raw_occupancy": 1, "timestamp": "2026-09-15 19:05:33" }, "geometry": { "type": "Point", "coordinates": [ 23.284385681152344, 42.721206665039062 ] } },
{ "type": "Feature", "properties": { "vehicle_id": "A1156", "latitude": 42.658035278320312, "longitude": 23.328458786010742, "raw_occupancy": 0, "timestamp": "2026-09-15 19:05:33" }, "geometry": { "type": "Point", "coordinates": [ 23.328458786010742, 42.658035278320312 ] } },
{ "type": "Feature", "properties": { "vehicle_id": "A2817", "latitude": 42.711357116699219, "longitude": 23.37040901184082, "raw_occupancy": 0, "timestamp": "2026-09-15 19:05:33" }, "geometry": { "type": "Point", "coordinates": [ 23.37040901184082, 42.711357116699219 ] } },
{ "type": "Feature", "properties": { "vehicle_id": "A2301", "latitude": 42.65185546875, "longitude": 23.342512130737305, "raw_occupancy": 2, "timestamp": "2026-09-15 19:05:33" }, "geometry": { "type": "Point", "coordinates": [ 23.342512130737305, 42.65185546875 ] } },
{ "type": "Feature", "properties": { "vehicle_id": "A2076", "latitude": 42.649520874023438, "longitude": 23.393234252929688, "raw_occupancy": 3, "timestamp": "2026-09-15 19:05:33" }, "geometry": { "type": "Point", "coordinates": [ 23.393234252929688, 42.649520874023438 ] } },
{ "type": "Feature", "properties": { "vehicle_id": "A1314", "latitude": 42.675907135009766, "longitude": 23.279827117919922, "raw_occupancy": 1, "timestamp": "2026-09-15 19:05:33" }, "geometry": { "type": "Point", "coordinates": [ 23.279827117919922, 42.675907135009766 ] } },
{ "type": "Feature", "properties": { "vehicle_id": "A1305", "latitude": 42.658927917480469, "longitude": 23.240928649902344, "raw_occupancy": 0, "timestamp": "2026-09-15 19:05:33" }, "geometry": { "type": "Point", "coordinates": [ 23.240928649902344, 42.658927917480469 ] } },
{ "type": "Feature", "properties": { "vehicle_id": "A2506", "latitude": 42.691017150878906, "longitude": 23.33824348449707, "raw_occupancy": 2, "timestamp": "2026-09-15 19:05:33" }, "geometry": { "type": "Point", "coordinates": [ 23.33824348449707, 42.691017150878906 ] } },
{ "type": "Feature", "properties": { "vehicle_id": "A2028", "latitude": 42.712860107421875, "longitude": 23.412958145141602, "raw_occupancy": 0, "timestamp": "2026-09-15 19:05:33" }, "geometry": { "type": "Point", "coordinates": [ 23.412958145141602, 42.712860107421875 ] } },
{ "type": "Feature", "properties": { "vehicle_id": "A7163", "latitude": 42.781410217285156, "longitude": 23.517990112304688, "raw_occupancy": 0, "timestamp": "2026-09-15 19:05:33" }, "geometry": { "type": "Point", "coordinates": [ 23.517990112304688, 42.781410217285156 ] } },
{ "type": "Feature", "properties": { "vehicle_id": "A2307", "latitude": 42.651096343994141, "longitude": 23.342279434204102, "raw_occupancy": 2, "timestamp": "2026-09-15 19:05:33" }, "geometry": { "type": "Point", "coordinates": [ 23.342279434204102, 42.651096343994141 ] } },
{ "type": "Feature", "properties": { "vehicle_id": "A2500", "latitude": 42.688224792480469, "longitude": 23.334201812744141, "raw_occupancy": 2, "timestamp": "2026-09-15 19:05:33" }, "geometry": { "type": "Point", "coordinates": [ 23.334201812744141, 42.688224792480469 ] } },
{ "type": "Feature", "properties": { "vehicle_id": "A2059", "latitude": 42.728664398193359, "longitude": 23.32110595703125, "raw_occupancy": 0, "timestamp": "2026-09-15 19:05:33" }, "geometry": { "type": "Point", "coordinates": [ 23.32110595703125, 42.728664398193359 ] } },
{ "type": "Feature", "properties": { "vehicle_id": "A7159", "latitude": 42.758907318115234, "longitude": 23.320037841796875, "raw_occupancy": 3, "timestamp": "2026-09-15 19:05:33" }, "geometry": { "type": "Point", "coordinates": [ 23.320037841796875, 42.758907318115234 ] } },
{ "type": "Feature", "properties": { "vehicle_id": "A2306", "latitude": 42.651298522949219, "longitude": 23.357065200805664, "raw_occupancy": 3, "timestamp": "2026-09-15 19:05:33" }, "geometry": { "type": "Point", "coordinates": [ 23.357065200805664, 42.651298522949219 ] } },
{ "type": "Feature", "properties": { "vehicle_id": "A3406", "latitude": 42.638954162597656, "longitude": 23.397783279418945, "raw_occupancy": 0, "timestamp": "2026-09-15 19:05:33" }, "geometry": { "type": "Point", "coordinates": [ 23.397783279418945, 42.638954162597656 ] } },
{ "type": "Feature", "properties": { "vehicle_id": "A3134", "latitude": 42.681510925292969, "longitude": 23.346004486083984, "raw_occupancy": 3, "timestamp": "2026-09-15 19:05:33" }, "geometry": { "type": "Point", "coordinates": [ 23.346004486083984, 42.681510925292969 ] } },
{ "type": "Feature", "properties": { "vehicle_id": "A3620", "latitude": 42.636157989501953, "longitude": 23.380344390869141, "raw_occupancy": 1, "timestamp": "2026-09-15 19:05:33" }, "geometry": { "type": "Point", "coordinates": [ 23.380344390869141, 42.636157989501953 ] } },
{ "type": "Feature", "properties": { "vehicle_id": "A2085", "latitude": 42.613700866699219, "longitude": 23.338724136352539, "raw_occupancy": 2, "timestamp": "2026-09-15 19:05:33" }, "geometry": { "type": "Point", "coordinates": [ 23.338724136352539, 42.613700866699219 ] } },
{ "type": "Feature", "properties": { "vehicle_id": "A2061", "latitude": 42.706764221191406, "longitude": 23.332252502441406, "raw_occupancy": 0, "timestamp": "2026-09-15 19:05:33" }, "geometry": { "type": "Point", "coordinates": [ 23.332252502441406, 42.706764221191406 ] } },
{ "type": "Feature", "properties": { "vehicle_id": "A1154", "latitude": 42.669193267822266, "longitude": 23.337724685668945, "raw_occupancy": 2, "timestamp": "2026-09-15 19:05:33" }, "geometry": { "type": "Point", "coordinates": [ 23.337724685668945, 42.669193267822266 ] } },
{ "type": "Feature", "properties": { "vehicle_id": "A2024", "latitude": 42.684844970703125, "longitude": 23.345367431640625, "raw_occupancy": 1, "timestamp": "2026-09-15 19:05:33" }, "geometry": { "type": "Point", "coordinates": [ 23.345367431640625, 42.684844970703125 ] } },
{ "type": "Feature", "properties": { "vehicle_id": "A7091", "latitude": 42.710300445556641, "longitude": 23.384506225585938, "raw_occupancy": 1, "timestamp": "2026-09-15 19:05:33" }, "geometry": { "type": "Point", "coordinates": [ 23.384506225585938, 42.710300445556641 ] } },
{ "type": "Feature", "properties": { "vehicle_id": "A3613", "latitude": 42.669452667236328, "longitude": 23.411138534545898, "raw_occupancy": 0, "timestamp": "2026-09-15 19:05:33" }, "geometry": { "type": "Point", "coordinates": [ 23.411138534545898, 42.669452667236328 ] } },
{ "type": "Feature", "properties": { "vehicle_id": "A7147", "latitude": 42.823192596435547, "longitude": 23.284578323364258, "raw_occupancy": 0, "timestamp": "2026-09-15 19:05:33" }, "geometry": { "type": "Point", "coordinates": [ 23.284578323364258, 42.823192596435547 ] } },
{ "type": "Feature", "properties": { "vehicle_id": "A3603", "latitude": 42.709964752197266, "longitude": 23.389169692993164, "raw_occupancy": 1, "timestamp": "2026-09-15 19:05:33" }, "geometry": { "type": "Point", "coordinates": [ 23.389169692993164, 42.709964752197266 ] } },
{ "type": "Feature", "properties": { "vehicle_id": "A3138", "latitude": 42.701839447021484, "longitude": 23.339807510375977, "raw_occupancy": 2, "timestamp": "2026-09-15 19:05:33" }, "geometry": { "type": "Point", "coordinates": [ 23.339807510375977, 42.701839447021484 ] } },
{ "type": "Feature", "properties": { "vehicle_id": "A1031", "latitude": 42.656806945800781, "longitude": 23.265090942382812, "raw_occupancy": 1, "timestamp": "2026-09-15 19:05:33" }, "geometry": { "type": "Point", "coordinates": [ 23.265090942382812, 42.656806945800781 ] } },
{ "type": "Feature", "properties": { "vehicle_id": "A3139", "latitude": 42.652812957763672, "longitude": 23.403491973876953, "raw_occupancy": 1, "timestamp": "2026-09-15 19:05:33" }, "geometry": { "type": "Point", "coordinates": [ 23.403491973876953, 42.652812957763672 ] } },
{ "type": "Feature", "properties": { "vehicle_id": "A7051", "latitude": 42.709861755371094, "longitude": 23.464672088623047, "raw_occupancy": 1, "timestamp": "2026-09-15 19:05:33" }, "geometry": { "type": "Point", "coordinates": [ 23.464672088623047, 42.709861755371094 ] } },
{ "type": "Feature", "properties": { "vehicle_id": "A1839", "latitude": 42.711811065673828, "longitude": 23.300149917602539, "raw_occupancy": 1, "timestamp": "2026-09-15 19:05:33" }, "geometry": { "type": "Point", "coordinates": [ 23.300149917602539, 42.711811065673828 ] } },
{ "type": "Feature", "properties": { "vehicle_id": "A2046", "latitude": 42.715961456298828, "longitude": 23.237894058227539, "raw_occupancy": 0, "timestamp": "2026-09-15 19:05:33" }, "geometry": { "type": "Point", "coordinates": [ 23.237894058227539, 42.715961456298828 ] } },
{ "type": "Feature", "properties": { "vehicle_id": "A2012", "latitude": 42.712947845458984, "longitude": 23.379545211791992, "raw_occupancy": 0, "timestamp": "2026-09-15 19:05:33" }, "geometry": { "type": "Point", "coordinates": [ 23.379545211791992, 42.712947845458984 ] } },
{ "type": "Feature", "properties": { "vehicle_id": "A1157", "latitude": 42.694652557373047, "longitude": 23.295133590698242, "raw_occupancy": 1, "timestamp": "2026-09-15 19:05:33" }, "geometry": { "type": "Point", "coordinates": [ 23.295133590698242, 42.694652557373047 ] } },
{ "type": "Feature", "properties": { "vehicle_id": "A2037", "latitude": 42.653667449951172, "longitude": 23.342750549316406, "raw_occupancy": 1, "timestamp": "2026-09-15 19:05:33" }, "geometry": { "type": "Point", "coordinates": [ 23.342750549316406, 42.653667449951172 ] } },
{ "type": "Feature", "properties": { "vehicle_id": "A1404", "latitude": 42.666202545166016, "longitude": 23.28849983215332, "raw_occupancy": 2, "timestamp": "2026-09-15 19:05:33" }, "geometry": { "type": "Point", "coordinates": [ 23.28849983215332, 42.666202545166016 ] } },
{ "type": "Feature", "properties": { "vehicle_id": "A7191", "latitude": 42.748462677001953, "longitude": 23.399309158325195, "raw_occupancy": 0, "timestamp": "2026-09-15 19:05:33" }, "geometry": { "type": "Point", "coordinates": [ 23.399309158325195, 42.748462677001953 ] } },
{ "type": "Feature", "properties": { "vehicle_id": "A3659", "latitude": 42.684192657470703, "longitude": 23.323335647583008, "raw_occupancy": 1, "timestamp": "2026-09-15 19:05:33" }, "geometry": { "type": "Point", "coordinates": [ 23.323335647583008, 42.684192657470703 ] } },
{ "type": "Feature", "properties": { "vehicle_id": "A2811", "latitude": 42.674434661865234, "longitude": 23.24024772644043, "raw_occupancy": 1, "timestamp": "2026-09-15 19:05:33" }, "geometry": { "type": "Point", "coordinates": [ 23.24024772644043, 42.674434661865234 ] } },
{ "type": "Feature", "properties": { "vehicle_id": "A1308", "latitude": 42.611381530761719, "longitude": 23.179723739624023, "raw_occupancy": 1, "timestamp": "2026-09-15 19:05:33" }, "geometry": { "type": "Point", "coordinates": [ 23.179723739624023, 42.611381530761719 ] } },
{ "type": "Feature", "properties": { "vehicle_id": "A3102", "latitude": 42.650844573974609, "longitude": 23.358606338500977, "raw_occupancy": 2, "timestamp": "2026-09-15 19:05:33" }, "geometry": { "type": "Point", "coordinates": [ 23.358606338500977, 42.650844573974609 ] } },
{ "type": "Feature", "properties": { "vehicle_id": "A1620", "latitude": 42.665878295898438, "longitude": 23.25914192199707, "raw_occupancy": 3, "timestamp": "2026-09-15 19:05:33" }, "geometry": { "type": "Point", "coordinates": [ 23.25914192199707, 42.665878295898438 ] } },
{ "type": "Feature", "properties": { "vehicle_id": "A3101", "latitude": 42.702884674072266, "longitude": 23.337247848510742, "raw_occupancy": 0, "timestamp": "2026-09-15 19:05:33" }, "geometry": { "type": "Point", "coordinates": [ 23.337247848510742, 42.702884674072266 ] } },
{ "type": "Feature", "properties": { "vehicle_id": "A1421", "latitude": 42.657848358154297, "longitude": 23.316043853759766, "raw_occupancy": 0, "timestamp": "2026-09-15 19:05:33" }, "geometry": { "type": "Point", "coordinates": [ 23.316043853759766, 42.657848358154297 ] } },
{ "type": "Feature", "properties": { "vehicle_id": "A2309", "latitude": 42.651798248291016, "longitude": 23.350873947143555, "raw_occupancy": 1, "timestamp": "2026-09-15 19:05:33" }, "geometry": { "type": "Point", "coordinates": [ 23.350873947143555, 42.651798248291016 ] } },
{ "type": "Feature", "properties": { "vehicle_id": "A3408", "latitude": 42.659435272216797, "longitude": 23.381078720092773, "raw_occupancy": 2, "timestamp": "2026-09-15 19:05:33" }, "geometry": { "type": "Point", "coordinates": [ 23.381078720092773, 42.659435272216797 ] } },
{ "type": "Feature", "properties": { "vehicle_id": "A3124", "latitude": 42.68365478515625, "longitude": 23.323713302612305, "raw_occupancy": 2, "timestamp": "2026-09-15 19:05:33" }, "geometry": { "type": "Point", "coordinates": [ 23.323713302612305, 42.68365478515625 ] } },
{ "type": "Feature", "properties": { "vehicle_id": "A7153", "latitude": 42.726535797119141, "longitude": 23.261543273925781, "raw_occupancy": 2, "timestamp": "2026-09-15 19:05:33" }, "geometry": { "type": "Point", "coordinates": [ 23.261543273925781, 42.726535797119141 ] } },
{ "type": "Feature", "properties": { "vehicle_id": "A1618", "latitude": 42.683155059814453, "longitude": 23.270467758178711, "raw_occupancy": 2, "timestamp": "2026-09-15 19:05:33" }, "geometry": { "type": "Point", "coordinates": [ 23.270467758178711, 42.683155059814453 ] } },
{ "type": "Feature", "properties": { "vehicle_id": "A3019", "latitude": 42.686454772949219, "longitude": 23.351408004760742, "raw_occupancy": 1, "timestamp": "2026-09-15 19:05:33" }, "geometry": { "type": "Point", "coordinates": [ 23.351408004760742, 42.686454772949219 ] } },
{ "type": "Feature", "properties": { "vehicle_id": "A2819", "latitude": 42.718128204345703, "longitude": 23.27802848815918, "raw_occupancy": 2, "timestamp": "2026-09-15 19:05:33" }, "geometry": { "type": "Point", "coordinates": [ 23.27802848815918, 42.718128204345703 ] } },
{ "type": "Feature", "properties": { "vehicle_id": "A2026", "latitude": 42.705448150634766, "longitude": 23.320953369140625, "raw_occupancy": 0, "timestamp": "2026-09-15 19:05:33" }, "geometry": { "type": "Point", "coordinates": [ 23.320953369140625, 42.705448150634766 ] } },
{ "type": "Feature", "properties": { "vehicle_id": "A2060", "latitude": 42.550727844238281, "longitude": 23.472877502441406, "raw_occupancy": 0, "timestamp": "2026-09-15 19:05:33" }, "geometry": { "type": "Point", "coordinates": [ 23.472877502441406, 42.550727844238281 ] } },
{ "type": "Feature", "properties": { "vehicle_id": "A2043", "latitude": 42.7044677734375, "longitude": 23.326841354370117, "raw_occupancy": 1, "timestamp": "2026-09-15 19:05:33" }, "geometry": { "type": "Point", "coordinates": [ 23.326841354370117, 42.7044677734375 ] } },
{ "type": "Feature", "properties": { "vehicle_id": "A2086", "latitude": 42.735221862792969, "longitude": 23.292999267578125, "raw_occupancy": 0, "timestamp": "2026-09-15 19:05:33" }, "geometry": { "type": "Point", "coordinates": [ 23.292999267578125, 42.735221862792969 ] } },
{ "type": "Feature", "properties": { "vehicle_id": "A7053", "latitude": 42.706138610839844, "longitude": 23.473716735839844, "raw_occupancy": 2, "timestamp": "2026-09-15 19:05:33" }, "geometry": { "type": "Point", "coordinates": [ 23.473716735839844, 42.706138610839844 ] } },
{ "type": "Feature", "properties": { "vehicle_id": "A3112", "latitude": 42.662200927734375, "longitude": 23.295783996582031, "raw_occupancy": 0, "timestamp": "2026-09-15 19:05:33" }, "geometry": { "type": "Point", "coordinates": [ 23.295783996582031, 42.662200927734375 ] } },
{ "type": "Feature", "properties": { "vehicle_id": "A7103", "latitude": 42.707679748535156, "longitude": 23.312789916992188, "raw_occupancy": 1, "timestamp": "2026-09-15 19:05:33" }, "geometry": { "type": "Point", "coordinates": [ 23.312789916992188, 42.707679748535156 ] } },
{ "type": "Feature", "properties": { "vehicle_id": "A3154", "latitude": 42.681980133056641, "longitude": 23.318643569946289, "raw_occupancy": 1, "timestamp": "2026-09-15 19:05:33" }, "geometry": { "type": "Point", "coordinates": [ 23.318643569946289, 42.681980133056641 ] } },
{ "type": "Feature", "properties": { "vehicle_id": "A1310", "latitude": 42.708423614501953, "longitude": 23.151676177978516, "raw_occupancy": 1, "timestamp": "2026-09-15 19:05:33" }, "geometry": { "type": "Point", "coordinates": [ 23.151676177978516, 42.708423614501953 ] } },
{ "type": "Feature", "properties": { "vehicle_id": "A2504", "latitude": 42.705730438232422, "longitude": 23.316844940185547, "raw_occupancy": 1, "timestamp": "2026-09-15 19:05:33" }, "geometry": { "type": "Point", "coordinates": [ 23.316844940185547, 42.705730438232422 ] } },
{ "type": "Feature", "properties": { "vehicle_id": "A1037", "latitude": 42.652961730957031, "longitude": 23.294231414794922, "raw_occupancy": 0, "timestamp": "2026-09-15 19:05:33" }, "geometry": { "type": "Point", "coordinates": [ 23.294231414794922, 42.652961730957031 ] } },
{ "type": "Feature", "properties": { "vehicle_id": "A1186", "latitude": 42.689121246337891, "longitude": 23.261079788208008, "raw_occupancy": 1, "timestamp": "2026-09-15 19:05:33" }, "geometry": { "type": "Point", "coordinates": [ 23.261079788208008, 42.689121246337891 ] } },
{ "type": "Feature", "properties": { "vehicle_id": "A2822", "latitude": 42.738227844238281, "longitude": 23.335344314575195, "raw_occupancy": 0, "timestamp": "2026-09-15 19:05:33" }, "geometry": { "type": "Point", "coordinates": [ 23.335344314575195, 42.738227844238281 ] } },
{ "type": "Feature", "properties": { "vehicle_id": "A3017", "latitude": 42.693981170654297, "longitude": 23.346706390380859, "raw_occupancy": 0, "timestamp": "2026-09-15 19:05:33" }, "geometry": { "type": "Point", "coordinates": [ 23.346706390380859, 42.693981170654297 ] } },
{ "type": "Feature", "properties": { "vehicle_id": "A3605", "latitude": 42.625823974609375, "longitude": 23.511350631713867, "raw_occupancy": 0, "timestamp": "2026-09-15 19:05:33" }, "geometry": { "type": "Point", "coordinates": [ 23.511350631713867, 42.625823974609375 ] } },
{ "type": "Feature", "properties": { "vehicle_id": "A1036", "latitude": 42.653129577636719, "longitude": 23.29401969909668, "raw_occupancy": 0, "timestamp": "2026-09-15 19:05:33" }, "geometry": { "type": "Point", "coordinates": [ 23.29401969909668, 42.653129577636719 ] } },
{ "type": "Feature", "properties": { "vehicle_id": "A1831", "latitude": 42.71661376953125, "longitude": 23.249828338623047, "raw_occupancy": 1, "timestamp": "2026-09-15 19:05:33" }, "geometry": { "type": "Point", "coordinates": [ 23.249828338623047, 42.71661376953125 ] } },
{ "type": "Feature", "properties": { "vehicle_id": "A3145", "latitude": 42.661655426025391, "longitude": 23.391407012939453, "raw_occupancy": 1, "timestamp": "2026-09-15 19:05:33" }, "geometry": { "type": "Point", "coordinates": [ 23.391407012939453, 42.661655426025391 ] } },
{ "type": "Feature", "properties": { "vehicle_id": "A2720", "latitude": 42.807472229003906, "longitude": 23.259222030639648, "raw_occupancy": 0, "timestamp": "2026-09-15 19:05:33" }, "geometry": { "type": "Point", "coordinates": [ 23.259222030639648, 42.807472229003906 ] } },
{ "type": "Feature", "properties": { "vehicle_id": "A1223", "latitude": 42.641075134277344, "longitude": 23.373733520507812, "raw_occupancy": 1, "timestamp": "2026-09-15 19:05:33" }, "geometry": { "type": "Point", "coordinates": [ 23.373733520507812, 42.641075134277344 ] } },
{ "type": "Feature", "properties": { "vehicle_id": "A7045", "latitude": 42.730007171630859, "longitude": 23.298839569091797, "raw_occupancy": 2, "timestamp": "2026-09-15 19:05:33" }, "geometry": { "type": "Point", "coordinates": [ 23.298839569091797, 42.730007171630859 ] } },
{ "type": "Feature", "properties": { "vehicle_id": "A2047", "latitude": 42.731269836425781, "longitude": 23.317071914672852, "raw_occupancy": 1, "timestamp": "2026-09-15 19:05:33" }, "geometry": { "type": "Point", "coordinates": [ 23.317071914672852, 42.731269836425781 ] } },
{ "type": "Feature", "properties": { "vehicle_id": "A7101", "latitude": 42.742942810058594, "longitude": 23.271240234375, "raw_occupancy": 1, "timestamp": "2026-09-15 19:05:33" }, "geometry": { "type": "Point", "coordinates": [ 23.271240234375, 42.742942810058594 ] } },
{ "type": "Feature", "properties": { "vehicle_id": "A1837", "latitude": 42.737594604492188, "longitude": 23.273111343383789, "raw_occupancy": 2, "timestamp": "2026-09-15 19:05:33" }, "geometry": { "type": "Point", "coordinates": [ 23.273111343383789, 42.737594604492188 ] } },
{ "type": "Feature", "properties": { "vehicle_id": "A1117", "latitude": 42.758724212646484, "longitude": 23.205572128295898, "raw_occupancy": 1, "timestamp": "2026-09-15 19:05:33" }, "geometry": { "type": "Point", "coordinates": [ 23.205572128295898, 42.758724212646484 ] } },
{ "type": "Feature", "properties": { "vehicle_id": "A2039", "latitude": 42.708724975585938, "longitude": 23.322885513305664, "raw_occupancy": 1, "timestamp": "2026-09-15 19:05:33" }, "geometry": { "type": "Point", "coordinates": [ 23.322885513305664, 42.708724975585938 ] } },
{ "type": "Feature", "properties": { "vehicle_id": "A3664", "latitude": 42.675052642822266, "longitude": 23.359153747558594, "raw_occupancy": 2, "timestamp": "2026-09-15 19:05:33" }, "geometry": { "type": "Point", "coordinates": [ 23.359153747558594, 42.675052642822266 ] } },
{ "type": "Feature", "properties": { "vehicle_id": "A7169", "latitude": 42.743721008300781, "longitude": 23.506168365478516, "raw_occupancy": 1, "timestamp": "2026-09-15 19:05:33" }, "geometry": { "type": "Point", "coordinates": [ 23.506168365478516, 42.743721008300781 ] } },
{ "type": "Feature", "properties": { "vehicle_id": "A3655", "latitude": 42.672626495361328, "longitude": 23.348489761352539, "raw_occupancy": 1, "timestamp": "2026-09-15 19:05:33" }, "geometry": { "type": "Point", "coordinates": [ 23.348489761352539, 42.672626495361328 ] } },
{ "type": "Feature", "properties": { "vehicle_id": "A1809", "latitude": 42.634265899658203, "longitude": 23.331066131591797, "raw_occupancy": 2, "timestamp": "2026-09-15 19:05:33" }, "geometry": { "type": "Point", "coordinates": [ 23.331066131591797, 42.634265899658203 ] } },
{ "type": "Feature", "properties": { "vehicle_id": "A1420", "latitude": 42.629379272460938, "longitude": 23.312707901000977, "raw_occupancy": 3, "timestamp": "2026-09-15 19:05:33" }, "geometry": { "type": "Point", "coordinates": [ 23.312707901000977, 42.629379272460938 ] } },
{ "type": "Feature", "properties": { "vehicle_id": "A2315", "latitude": 42.693386077880859, "longitude": 23.334474563598633, "raw_occupancy": 1, "timestamp": "2026-09-15 19:05:33" }, "geometry": { "type": "Point", "coordinates": [ 23.334474563598633, 42.693386077880859 ] } },
{ "type": "Feature", "properties": { "vehicle_id": "A3146", "latitude": 42.670516967773438, "longitude": 23.281843185424805, "raw_occupancy": 2, "timestamp": "2026-09-15 19:05:33" }, "geometry": { "type": "Point", "coordinates": [ 23.281843185424805, 42.670516967773438 ] } },
{ "type": "Feature", "properties": { "vehicle_id": "A2501", "latitude": 42.707309722900391, "longitude": 23.355051040649414, "raw_occupancy": 1, "timestamp": "2026-09-15 19:05:33" }, "geometry": { "type": "Point", "coordinates": [ 23.355051040649414, 42.707309722900391 ] } },
{ "type": "Feature", "properties": { "vehicle_id": "A2516", "latitude": 42.652767181396484, "longitude": 23.316070556640625, "raw_occupancy": 1, "timestamp": "2026-09-15 19:05:33" }, "geometry": { "type": "Point", "coordinates": [ 23.316070556640625, 42.652767181396484 ] } },
{ "type": "Feature", "properties": { "vehicle_id": "A3152", "latitude": 42.659351348876953, "longitude": 23.325494766235352, "raw_occupancy": 1, "timestamp": "2026-09-15 19:05:33" }, "geometry": { "type": "Point", "coordinates": [ 23.325494766235352, 42.659351348876953 ] } },
{ "type": "Feature", "properties": { "vehicle_id": "A1181", "latitude": 42.698333740234375, "longitude": 23.296714782714844, "raw_occupancy": 0, "timestamp": "2026-09-15 19:05:33" }, "geometry": { "type": "Point", "coordinates": [ 23.296714782714844, 42.698333740234375 ] } },
{ "type": "Feature", "properties": { "vehicle_id": "A3633", "latitude": 42.642013549804688, "longitude": 23.36944580078125, "raw_occupancy": 1, "timestamp": "2026-09-15 19:05:33" }, "geometry": { "type": "Point", "coordinates": [ 23.36944580078125, 42.642013549804688 ] } },
{ "type": "Feature", "properties": { "vehicle_id": "A2065", "latitude": 42.819850921630859, "longitude": 23.373039245605469, "raw_occupancy": 1, "timestamp": "2026-09-15 19:05:33" }, "geometry": { "type": "Point", "coordinates": [ 23.373039245605469, 42.819850921630859 ] } },
{ "type": "Feature", "properties": { "vehicle_id": "A2727", "latitude": 42.796112060546875, "longitude": 23.339584350585938, "raw_occupancy": 1, "timestamp": "2026-09-15 19:05:33" }, "geometry": { "type": "Point", "coordinates": [ 23.339584350585938, 42.796112060546875 ] } },
{ "type": "Feature", "properties": { "vehicle_id": "A7149", "latitude": 42.706619262695312, "longitude": 23.332456588745117, "raw_occupancy": 4, "timestamp": "2026-09-15 19:05:33" }, "geometry": { "type": "Point", "coordinates": [ 23.332456588745117, 42.706619262695312 ] } },
{ "type": "Feature", "properties": { "vehicle_id": "A1185", "latitude": 42.651317596435547, "longitude": 23.335723876953125, "raw_occupancy": 2, "timestamp": "2026-09-15 19:05:33" }, "geometry": { "type": "Point", "coordinates": [ 23.335723876953125, 42.651317596435547 ] } },
{ "type": "Feature", "properties": { "vehicle_id": "A2058", "latitude": 42.676769256591797, "longitude": 23.359888076782227, "raw_occupancy": 1, "timestamp": "2026-09-15 19:05:33" }, "geometry": { "type": "Point", "coordinates": [ 23.359888076782227, 42.676769256591797 ] } },
{ "type": "Feature", "properties": { "vehicle_id": "A2823", "latitude": 42.663711547851562, "longitude": 23.246438980102539, "raw_occupancy": 1, "timestamp": "2026-09-15 19:05:33" }, "geometry": { "type": "Point", "coordinates": [ 23.246438980102539, 42.663711547851562 ] } },
{ "type": "Feature", "properties": { "vehicle_id": "A7069", "latitude": 42.754779815673828, "longitude": 23.275550842285156, "raw_occupancy": 1, "timestamp": "2026-09-15 19:05:33" }, "geometry": { "type": "Point", "coordinates": [ 23.275550842285156, 42.754779815673828 ] } },
{ "type": "Feature", "properties": { "vehicle_id": "A2030", "latitude": 42.705135345458984, "longitude": 23.368511199951172, "raw_occupancy": 1, "timestamp": "2026-09-15 19:05:33" }, "geometry": { "type": "Point", "coordinates": [ 23.368511199951172, 42.705135345458984 ] } },
{ "type": "Feature", "properties": { "vehicle_id": "A3663", "latitude": 42.690567016601562, "longitude": 23.371732711791992, "raw_occupancy": 3, "timestamp": "2026-09-15 19:05:33" }, "geometry": { "type": "Point", "coordinates": [ 23.371732711791992, 42.690567016601562 ] } },
{ "type": "Feature", "properties": { "vehicle_id": "A3656", "latitude": 42.7086181640625, "longitude": 23.318279266357422, "raw_occupancy": 1, "timestamp": "2026-09-15 19:05:33" }, "geometry": { "type": "Point", "coordinates": [ 23.318279266357422, 42.7086181640625 ] } },
{ "type": "Feature", "properties": { "vehicle_id": "A1807", "latitude": 42.695537567138672, "longitude": 23.243705749511719, "raw_occupancy": 2, "timestamp": "2026-09-15 19:05:33" }, "geometry": { "type": "Point", "coordinates": [ 23.243705749511719, 42.695537567138672 ] } },
{ "type": "Feature", "properties": { "vehicle_id": "A3312", "latitude": 42.626598358154297, "longitude": 23.381423950195312, "raw_occupancy": 1, "timestamp": "2026-09-15 19:05:33" }, "geometry": { "type": "Point", "coordinates": [ 23.381423950195312, 42.626598358154297 ] } },
{ "type": "Feature", "properties": { "vehicle_id": "A7185", "latitude": 42.730667114257812, "longitude": 23.577064514160156, "raw_occupancy": 0, "timestamp": "2026-09-15 19:05:33" }, "geometry": { "type": "Point", "coordinates": [ 23.577064514160156, 42.730667114257812 ] } },
{ "type": "Feature", "properties": { "vehicle_id": "A2010", "latitude": 42.711410522460938, "longitude": 23.271884918212891, "raw_occupancy": 1, "timestamp": "2026-09-15 19:05:33" }, "geometry": { "type": "Point", "coordinates": [ 23.271884918212891, 42.711410522460938 ] } },
{ "type": "Feature", "properties": { "vehicle_id": "A2078", "latitude": 42.579666137695312, "longitude": 23.418323516845703, "raw_occupancy": 1, "timestamp": "2026-09-15 19:05:33" }, "geometry": { "type": "Point", "coordinates": [ 23.418323516845703, 42.579666137695312 ] } },
{ "type": "Feature", "properties": { "vehicle_id": "A1601", "latitude": 42.684215545654297, "longitude": 23.371906280517578, "raw_occupancy": 1, "timestamp": "2026-09-15 19:05:33" }, "geometry": { "type": "Point", "coordinates": [ 23.371906280517578, 42.684215545654297 ] } },
{ "type": "Feature", "properties": { "vehicle_id": "A1169", "latitude": 42.719032287597656, "longitude": 23.27961540222168, "raw_occupancy": 2, "timestamp": "2026-09-15 19:05:33" }, "geometry": { "type": "Point", "coordinates": [ 23.27961540222168, 42.719032287597656 ] } },
{ "type": "Feature", "properties": { "vehicle_id": "A3401", "latitude": 42.659782409667969, "longitude": 23.347967147827148, "raw_occupancy": 5, "timestamp": "2026-09-15 19:05:33" }, "geometry": { "type": "Point", "coordinates": [ 23.347967147827148, 42.659782409667969 ] } },
{ "type": "Feature", "properties": { "vehicle_id": "A1605", "latitude": 42.694137573242188, "longitude": 23.293949127197266, "raw_occupancy": 1, "timestamp": "2026-09-15 19:05:33" }, "geometry": { "type": "Point", "coordinates": [ 23.293949127197266, 42.694137573242188 ] } },
{ "type": "Feature", "properties": { "vehicle_id": "A2310", "latitude": 42.652782440185547, "longitude": 23.342588424682617, "raw_occupancy": 1, "timestamp": "2026-09-15 19:05:33" }, "geometry": { "type": "Point", "coordinates": [ 23.342588424682617, 42.652782440185547 ] } },
{ "type": "Feature", "properties": { "vehicle_id": "A1410", "latitude": 42.656387329101562, "longitude": 23.316041946411133, "raw_occupancy": 3, "timestamp": "2026-09-15 19:05:33" }, "geometry": { "type": "Point", "coordinates": [ 23.316041946411133, 42.656387329101562 ] } },
{ "type": "Feature", "properties": { "vehicle_id": "A2728", "latitude": 42.698780059814453, "longitude": 23.335666656494141, "raw_occupancy": 1, "timestamp": "2026-09-15 19:05:33" }, "geometry": { "type": "Point", "coordinates": [ 23.335666656494141, 42.698780059814453 ] } },
{ "type": "Feature", "properties": { "vehicle_id": "A1825", "latitude": 42.702274322509766, "longitude": 23.285465240478516, "raw_occupancy": 1, "timestamp": "2026-09-15 19:05:33" }, "geometry": { "type": "Point", "coordinates": [ 23.285465240478516, 42.702274322509766 ] } },
{ "type": "Feature", "properties": { "vehicle_id": "A7065", "latitude": 42.710521697998047, "longitude": 23.347419738769531, "raw_occupancy": 1, "timestamp": "2026-09-15 19:05:33" }, "geometry": { "type": "Point", "coordinates": [ 23.347419738769531, 42.710521697998047 ] } },
{ "type": "Feature", "properties": { "vehicle_id": "A3012", "latitude": 42.679912567138672, "longitude": 23.378093719482422, "raw_occupancy": 1, "timestamp": "2026-09-15 19:05:33" }, "geometry": { "type": "Point", "coordinates": [ 23.378093719482422, 42.679912567138672 ] } },
{ "type": "Feature", "properties": { "vehicle_id": "A7055", "latitude": 42.710502624511719, "longitude": 23.386129379272461, "raw_occupancy": 1, "timestamp": "2026-09-15 19:05:33" }, "geometry": { "type": "Point", "coordinates": [ 23.386129379272461, 42.710502624511719 ] } },
{ "type": "Feature", "properties": { "vehicle_id": "A3014", "latitude": 42.690601348876953, "longitude": 23.336908340454102, "raw_occupancy": 2, "timestamp": "2026-09-15 19:05:33" }, "geometry": { "type": "Point", "coordinates": [ 23.336908340454102, 42.690601348876953 ] } },
{ "type": "Feature", "properties": { "vehicle_id": "A7137", "latitude": 42.767055511474609, "longitude": 23.402191162109375, "raw_occupancy": 1, "timestamp": "2026-09-15 19:05:33" }, "geometry": { "type": "Point", "coordinates": [ 23.402191162109375, 42.767055511474609 ] } },
{ "type": "Feature", "properties": { "vehicle_id": "A2831", "latitude": 42.666030883789062, "longitude": 23.248552322387695, "raw_occupancy": 1, "timestamp": "2026-09-15 19:05:33" }, "geometry": { "type": "Point", "coordinates": [ 23.248552322387695, 42.666030883789062 ] } },
{ "type": "Feature", "properties": { "vehicle_id": "A3628", "latitude": 42.668003082275391, "longitude": 23.369457244873047, "raw_occupancy": 3, "timestamp": "2026-09-15 19:05:33" }, "geometry": { "type": "Point", "coordinates": [ 23.369457244873047, 42.668003082275391 ] } },
{ "type": "Feature", "properties": { "vehicle_id": "A2605", "latitude": 42.686126708984375, "longitude": 23.351261138916016, "raw_occupancy": 2, "timestamp": "2026-09-15 19:05:33" }, "geometry": { "type": "Point", "coordinates": [ 23.351261138916016, 42.686126708984375 ] } },
{ "type": "Feature", "properties": { "vehicle_id": "A1407", "latitude": 42.713970184326172, "longitude": 23.307901382446289, "raw_occupancy": 1, "timestamp": "2026-09-15 19:05:33" }, "geometry": { "type": "Point", "coordinates": [ 23.307901382446289, 42.713970184326172 ] } },
{ "type": "Feature", "properties": { "vehicle_id": "A1010", "latitude": 42.650707244873047, "longitude": 23.332374572753906, "raw_occupancy": 5, "timestamp": "2026-09-15 19:05:33" }, "geometry": { "type": "Point", "coordinates": [ 23.332374572753906, 42.650707244873047 ] } },
{ "type": "Feature", "properties": { "vehicle_id": "A7135", "latitude": 42.741481781005859, "longitude": 23.277742385864258, "raw_occupancy": 1, "timestamp": "2026-09-15 19:05:33" }, "geometry": { "type": "Point", "coordinates": [ 23.277742385864258, 42.741481781005859 ] } },
{ "type": "Feature", "properties": { "vehicle_id": "A1211", "latitude": 42.684013366699219, "longitude": 23.163599014282227, "raw_occupancy": 0, "timestamp": "2026-09-15 19:05:33" }, "geometry": { "type": "Point", "coordinates": [ 23.163599014282227, 42.684013366699219 ] } },
{ "type": "Feature", "properties": { "vehicle_id": "A1162", "latitude": 42.730247497558594, "longitude": 23.293773651123047, "raw_occupancy": 1, "timestamp": "2026-09-15 19:05:33" }, "geometry": { "type": "Point", "coordinates": [ 23.293773651123047, 42.730247497558594 ] } },
{ "type": "Feature", "properties": { "vehicle_id": "A3611", "latitude": 42.675846099853516, "longitude": 23.433002471923828, "raw_occupancy": 1, "timestamp": "2026-09-15 19:05:33" }, "geometry": { "type": "Point", "coordinates": [ 23.433002471923828, 42.675846099853516 ] } },
{ "type": "Feature", "properties": { "vehicle_id": "A7113", "latitude": 42.732402801513672, "longitude": 23.296493530273438, "raw_occupancy": 1, "timestamp": "2026-09-15 19:05:33" }, "geometry": { "type": "Point", "coordinates": [ 23.296493530273438, 42.732402801513672 ] } },
{ "type": "Feature", "properties": { "vehicle_id": "A1608", "latitude": 42.653980255126953, "longitude": 23.401992797851562, "raw_occupancy": 1, "timestamp": "2026-09-15 19:05:33" }, "geometry": { "type": "Point", "coordinates": [ 23.401992797851562, 42.653980255126953 ] } },
{ "type": "Feature", "properties": { "vehicle_id": "A2088", "latitude": 42.704856872558594, "longitude": 23.358499526977539, "raw_occupancy": 2, "timestamp": "2026-09-15 19:05:33" }, "geometry": { "type": "Point", "coordinates": [ 23.358499526977539, 42.704856872558594 ] } },
{ "type": "Feature", "properties": { "vehicle_id": "A1170", "latitude": 42.672611236572266, "longitude": 23.293613433837891, "raw_occupancy": 2, "timestamp": "2026-09-15 19:05:33" }, "geometry": { "type": "Point", "coordinates": [ 23.293613433837891, 42.672611236572266 ] } },
{ "type": "Feature", "properties": { "vehicle_id": "A1229", "latitude": 42.717426300048828, "longitude": 23.200248718261719, "raw_occupancy": 2, "timestamp": "2026-09-15 19:05:33" }, "geometry": { "type": "Point", "coordinates": [ 23.200248718261719, 42.717426300048828 ] } },
{ "type": "Feature", "properties": { "vehicle_id": "A1425", "latitude": 42.629722595214844, "longitude": 23.37322998046875, "raw_occupancy": 2, "timestamp": "2026-09-15 19:05:33" }, "geometry": { "type": "Point", "coordinates": [ 23.37322998046875, 42.629722595214844 ] } },
{ "type": "Feature", "properties": { "vehicle_id": "A2319", "latitude": 42.671600341796875, "longitude": 23.36400032043457, "raw_occupancy": 2, "timestamp": "2026-09-15 19:05:33" }, "geometry": { "type": "Point", "coordinates": [ 23.36400032043457, 42.671600341796875 ] } },
{ "type": "Feature", "properties": { "vehicle_id": "A2505", "latitude": 42.6973876953125, "longitude": 23.276769638061523, "raw_occupancy": 2, "timestamp": "2026-09-15 19:05:33" }, "geometry": { "type": "Point", "coordinates": [ 23.276769638061523, 42.6973876953125 ] } },
{ "type": "Feature", "properties": { "vehicle_id": "A1606", "latitude": 42.63323974609375, "longitude": 23.332574844360352, "raw_occupancy": 1, "timestamp": "2026-09-15 19:05:33" }, "geometry": { "type": "Point", "coordinates": [ 23.332574844360352, 42.63323974609375 ] } },
{ "type": "Feature", "properties": { "vehicle_id": "A3153", "latitude": 42.643230438232422, "longitude": 23.412284851074219, "raw_occupancy": 0, "timestamp": "2026-09-15 19:05:33" }, "geometry": { "type": "Point", "coordinates": [ 23.412284851074219, 42.643230438232422 ] } },
{ "type": "Feature", "properties": { "vehicle_id": "A2807", "latitude": 42.716449737548828, "longitude": 23.237682342529297, "raw_occupancy": 0, "timestamp": "2026-09-15 19:05:33" }, "geometry": { "type": "Point", "coordinates": [ 23.237682342529297, 42.716449737548828 ] } },
{ "type": "Feature", "properties": { "vehicle_id": "A1215", "latitude": 42.636196136474609, "longitude": 23.32611083984375, "raw_occupancy": 2, "timestamp": "2026-09-15 19:05:33" }, "geometry": { "type": "Point", "coordinates": [ 23.32611083984375, 42.636196136474609 ] } },
{ "type": "Feature", "properties": { "vehicle_id": "A2032", "latitude": 42.679595947265625, "longitude": 23.321659088134766, "raw_occupancy": 2, "timestamp": "2026-09-15 19:05:33" }, "geometry": { "type": "Point", "coordinates": [ 23.321659088134766, 42.679595947265625 ] } },
{ "type": "Feature", "properties": { "vehicle_id": "A7093", "latitude": 42.719375610351562, "longitude": 23.220621109008789, "raw_occupancy": 1, "timestamp": "2026-09-15 19:05:33" }, "geometry": { "type": "Point", "coordinates": [ 23.220621109008789, 42.719375610351562 ] } },
{ "type": "Feature", "properties": { "vehicle_id": "A2733", "latitude": 42.737724304199219, "longitude": 23.273332595825195, "raw_occupancy": 1, "timestamp": "2026-09-15 19:05:33" }, "geometry": { "type": "Point", "coordinates": [ 23.273332595825195, 42.737724304199219 ] } },
{ "type": "Feature", "properties": { "vehicle_id": "A2825", "latitude": 42.707958221435547, "longitude": 23.332975387573242, "raw_occupancy": 1, "timestamp": "2026-09-15 19:05:33" }, "geometry": { "type": "Point", "coordinates": [ 23.332975387573242, 42.707958221435547 ] } },
{ "type": "Feature", "properties": { "vehicle_id": "A2023", "latitude": 42.702816009521484, "longitude": 23.362783432006836, "raw_occupancy": 1, "timestamp": "2026-09-15 19:05:33" }, "geometry": { "type": "Point", "coordinates": [ 23.362783432006836, 42.702816009521484 ] } },
{ "type": "Feature", "properties": { "vehicle_id": "A3150", "latitude": 42.640392303466797, "longitude": 23.415075302124023, "raw_occupancy": 0, "timestamp": "2026-09-15 19:05:33" }, "geometry": { "type": "Point", "coordinates": [ 23.415075302124023, 42.640392303466797 ] } },
{ "type": "Feature", "properties": { "vehicle_id": "A3108", "latitude": 42.672580718994141, "longitude": 23.348627090454102, "raw_occupancy": 1, "timestamp": "2026-09-15 19:05:33" }, "geometry": { "type": "Point", "coordinates": [ 23.348627090454102, 42.672580718994141 ] } },
{ "type": "Feature", "properties": { "vehicle_id": "A2074", "latitude": 42.677104949951172, "longitude": 23.369388580322266, "raw_occupancy": 0, "timestamp": "2026-09-15 19:05:33" }, "geometry": { "type": "Point", "coordinates": [ 23.369388580322266, 42.677104949951172 ] } },
{ "type": "Feature", "properties": { "vehicle_id": "A3129", "latitude": 42.646404266357422, "longitude": 23.376003265380859, "raw_occupancy": 1, "timestamp": "2026-09-15 19:05:33" }, "geometry": { "type": "Point", "coordinates": [ 23.376003265380859, 42.646404266357422 ] } },
{ "type": "Feature", "properties": { "vehicle_id": "A1614", "latitude": 42.641780853271484, "longitude": 23.311733245849609, "raw_occupancy": 1, "timestamp": "2026-09-15 19:05:33" }, "geometry": { "type": "Point", "coordinates": [ 23.311733245849609, 42.641780853271484 ] } },
{ "type": "Feature", "properties": { "vehicle_id": "A3111", "latitude": 42.660572052001953, "longitude": 23.389692306518555, "raw_occupancy": 1, "timestamp": "2026-09-15 19:05:33" }, "geometry": { "type": "Point", "coordinates": [ 23.389692306518555, 42.660572052001953 ] } },
{ "type": "Feature", "properties": { "vehicle_id": "A1315", "latitude": 42.588428497314453, "longitude": 23.296749114990234, "raw_occupancy": 0, "timestamp": "2026-09-15 19:05:33" }, "geometry": { "type": "Point", "coordinates": [ 23.296749114990234, 42.588428497314453 ] } },
{ "type": "Feature", "properties": { "vehicle_id": "A2016", "latitude": 42.677631378173828, "longitude": 23.330680847167969, "raw_occupancy": 0, "timestamp": "2026-09-15 19:05:33" }, "geometry": { "type": "Point", "coordinates": [ 23.330680847167969, 42.677631378173828 ] } },
{ "type": "Feature", "properties": { "vehicle_id": "A2518", "latitude": 42.607826232910156, "longitude": 23.468338012695312, "raw_occupancy": 1, "timestamp": "2026-09-15 19:05:33" }, "geometry": { "type": "Point", "coordinates": [ 23.468338012695312, 42.607826232910156 ] } },
{ "type": "Feature", "properties": { "vehicle_id": "A3634", "latitude": 42.666126251220703, "longitude": 23.422880172729492, "raw_occupancy": 1, "timestamp": "2026-09-15 19:05:33" }, "geometry": { "type": "Point", "coordinates": [ 23.422880172729492, 42.666126251220703 ] } },
{ "type": "Feature", "properties": { "vehicle_id": "A2003", "latitude": 42.705684661865234, "longitude": 23.318012237548828, "raw_occupancy": 2, "timestamp": "2026-09-15 19:05:33" }, "geometry": { "type": "Point", "coordinates": [ 23.318012237548828, 42.705684661865234 ] } },
{ "type": "Feature", "properties": { "vehicle_id": "A2318", "latitude": 42.652790069580078, "longitude": 23.359687805175781, "raw_occupancy": 2, "timestamp": "2026-09-15 19:05:33" }, "geometry": { "type": "Point", "coordinates": [ 23.359687805175781, 42.652790069580078 ] } },
{ "type": "Feature", "properties": { "vehicle_id": "A3410", "latitude": 42.663337707519531, "longitude": 23.416545867919922, "raw_occupancy": 0, "timestamp": "2026-09-15 19:05:33" }, "geometry": { "type": "Point", "coordinates": [ 23.416545867919922, 42.663337707519531 ] } },
{ "type": "Feature", "properties": { "vehicle_id": "A3109", "latitude": 42.663761138916016, "longitude": 23.375406265258789, "raw_occupancy": 4, "timestamp": "2026-09-15 19:05:33" }, "geometry": { "type": "Point", "coordinates": [ 23.375406265258789, 42.663761138916016 ] } },
{ "type": "Feature", "properties": { "vehicle_id": "A1026", "latitude": 42.622222900390625, "longitude": 23.407962799072266, "raw_occupancy": 1, "timestamp": "2026-09-15 19:05:33" }, "geometry": { "type": "Point", "coordinates": [ 23.407962799072266, 42.622222900390625 ] } },
{ "type": "Feature", "properties": { "vehicle_id": "A3652", "latitude": 42.660125732421875, "longitude": 23.35894775390625, "raw_occupancy": 1, "timestamp": "2026-09-15 19:05:33" }, "geometry": { "type": "Point", "coordinates": [ 23.35894775390625, 42.660125732421875 ] } },
{ "type": "Feature", "properties": { "vehicle_id": "A1205", "latitude": 42.656505584716797, "longitude": 23.316043853759766, "raw_occupancy": 3, "timestamp": "2026-09-15 19:05:33" }, "geometry": { "type": "Point", "coordinates": [ 23.316043853759766, 42.656505584716797 ] } },
{ "type": "Feature", "properties": { "vehicle_id": "A3626", "latitude": 42.709793090820312, "longitude": 23.318351745605469, "raw_occupancy": 1, "timestamp": "2026-09-15 19:05:33" }, "geometry": { "type": "Point", "coordinates": [ 23.318351745605469, 42.709793090820312 ] } },
{ "type": "Feature", "properties": { "vehicle_id": "A1163", "latitude": 42.662853240966797, "longitude": 23.261991500854492, "raw_occupancy": 1, "timestamp": "2026-09-15 19:05:33" }, "geometry": { "type": "Point", "coordinates": [ 23.261991500854492, 42.662853240966797 ] } },
{ "type": "Feature", "properties": { "vehicle_id": "A2035", "latitude": 42.650035858154297, "longitude": 23.341909408569336, "raw_occupancy": 1, "timestamp": "2026-09-15 19:05:33" }, "geometry": { "type": "Point", "coordinates": [ 23.341909408569336, 42.650035858154297 ] } },
{ "type": "Feature", "properties": { "vehicle_id": "A2087", "latitude": 42.739032745361328, "longitude": 23.316808700561523, "raw_occupancy": 2, "timestamp": "2026-09-15 19:05:33" }, "geometry": { "type": "Point", "coordinates": [ 23.316808700561523, 42.739032745361328 ] } },
{ "type": "Feature", "properties": { "vehicle_id": "A2816", "latitude": 42.714847564697266, "longitude": 23.311893463134766, "raw_occupancy": 1, "timestamp": "2026-09-15 19:05:33" }, "geometry": { "type": "Point", "coordinates": [ 23.311893463134766, 42.714847564697266 ] } },
{ "type": "Feature", "properties": { "vehicle_id": "A2056", "latitude": 42.748649597167969, "longitude": 23.350900650024414, "raw_occupancy": 0, "timestamp": "2026-09-15 19:05:33" }, "geometry": { "type": "Point", "coordinates": [ 23.350900650024414, 42.748649597167969 ] } },
{ "type": "Feature", "properties": { "vehicle_id": "A2044", "latitude": 42.658130645751953, "longitude": 23.328481674194336, "raw_occupancy": 0, "timestamp": "2026-09-15 19:05:33" }, "geometry": { "type": "Point", "coordinates": [ 23.328481674194336, 42.658130645751953 ] } },
{ "type": "Feature", "properties": { "vehicle_id": "A2020", "latitude": 42.670772552490234, "longitude": 23.337743759155273, "raw_occupancy": 0, "timestamp": "2026-09-15 19:05:33" }, "geometry": { "type": "Point", "coordinates": [ 23.337743759155273, 42.670772552490234 ] } },
{ "type": "Feature", "properties": { "vehicle_id": "A3637", "latitude": 42.546337127685547, "longitude": 23.363138198852539, "raw_occupancy": 1, "timestamp": "2026-09-15 19:05:33" }, "geometry": { "type": "Point", "coordinates": [ 23.363138198852539, 42.546337127685547 ] } },
{ "type": "Feature", "properties": { "vehicle_id": "A2041", "latitude": 42.713081359863281, "longitude": 23.247325897216797, "raw_occupancy": 1, "timestamp": "2026-09-15 19:05:33" }, "geometry": { "type": "Point", "coordinates": [ 23.247325897216797, 42.713081359863281 ] } },
{ "type": "Feature", "properties": { "vehicle_id": "A2033", "latitude": 42.695476531982422, "longitude": 23.351730346679688, "raw_occupancy": 1, "timestamp": "2026-09-15 19:05:33" }, "geometry": { "type": "Point", "coordinates": [ 23.351730346679688, 42.695476531982422 ] } },
{ "type": "Feature", "properties": { "vehicle_id": "A3149", "latitude": 42.640338897705078, "longitude": 23.412609100341797, "raw_occupancy": 0, "timestamp": "2026-09-15 19:05:33" }, "geometry": { "type": "Point", "coordinates": [ 23.412609100341797, 42.640338897705078 ] } },
{ "type": "Feature", "properties": { "vehicle_id": "A1209", "latitude": 42.689571380615234, "longitude": 23.313716888427734, "raw_occupancy": 0, "timestamp": "2026-09-15 19:05:33" }, "geometry": { "type": "Point", "coordinates": [ 23.313716888427734, 42.689571380615234 ] } },
{ "type": "Feature", "properties": { "vehicle_id": "A2001", "latitude": 42.665718078613281, "longitude": 23.319835662841797, "raw_occupancy": 1, "timestamp": "2026-09-15 19:05:33" }, "geometry": { "type": "Point", "coordinates": [ 23.319835662841797, 42.665718078613281 ] } },
{ "type": "Feature", "properties": { "vehicle_id": "A2311", "latitude": 42.664066314697266, "longitude": 23.359155654907227, "raw_occupancy": 2, "timestamp": "2026-09-15 19:05:33" }, "geometry": { "type": "Point", "coordinates": [ 23.359155654907227, 42.664066314697266 ] } },
{ "type": "Feature", "properties": { "vehicle_id": "A2312", "latitude": 42.646995544433594, "longitude": 23.345668792724609, "raw_occupancy": 0, "timestamp": "2026-09-15 19:05:33" }, "geometry": { "type": "Point", "coordinates": [ 23.345668792724609, 42.646995544433594 ] } },
{ "type": "Feature", "properties": { "vehicle_id": "A2038", "latitude": 42.662151336669922, "longitude": 23.345735549926758, "raw_occupancy": 1, "timestamp": "2026-09-15 19:05:33" }, "geometry": { "type": "Point", "coordinates": [ 23.345735549926758, 42.662151336669922 ] } },
{ "type": "Feature", "properties": { "vehicle_id": "A1819", "latitude": 42.771259307861328, "longitude": 23.241569519042969, "raw_occupancy": 1, "timestamp": "2026-09-15 19:05:33" }, "geometry": { "type": "Point", "coordinates": [ 23.241569519042969, 42.771259307861328 ] } },
{ "type": "Feature", "properties": { "vehicle_id": "A7171", "latitude": 42.7171630859375, "longitude": 23.216522216796875, "raw_occupancy": 0, "timestamp": "2026-09-15 19:05:33" }, "geometry": { "type": "Point", "coordinates": [ 23.216522216796875, 42.7171630859375 ] } },
{ "type": "Feature", "properties": { "vehicle_id": "A1213", "latitude": 42.729450225830078, "longitude": 23.257101058959961, "raw_occupancy": 1, "timestamp": "2026-09-15 19:05:33" }, "geometry": { "type": "Point", "coordinates": [ 23.257101058959961, 42.729450225830078 ] } },
{ "type": "Feature", "properties": { "vehicle_id": "A1012", "latitude": 42.649169921875, "longitude": 23.332412719726562, "raw_occupancy": 2, "timestamp": "2026-09-15 19:05:33" }, "geometry": { "type": "Point", "coordinates": [ 23.332412719726562, 42.649169921875 ] } },
{ "type": "Feature", "properties": { "vehicle_id": "A3104", "latitude": 42.664115905761719, "longitude": 23.374517440795898, "raw_occupancy": 3, "timestamp": "2026-09-15 19:05:33" }, "geometry": { "type": "Point", "coordinates": [ 23.374517440795898, 42.664115905761719 ] } },
{ "type": "Feature", "properties": { "vehicle_id": "A2040", "latitude": 42.668506622314453, "longitude": 23.32940673828125, "raw_occupancy": 2, "timestamp": "2026-09-15 19:05:33" }, "geometry": { "type": "Point", "coordinates": [ 23.32940673828125, 42.668506622314453 ] } },
{ "type": "Feature", "properties": { "vehicle_id": "A3131", "latitude": 42.634613037109375, "longitude": 23.372932434082031, "raw_occupancy": 1, "timestamp": "2026-09-15 19:05:33" }, "geometry": { "type": "Point", "coordinates": [ 23.372932434082031, 42.634613037109375 ] } },
{ "type": "Feature", "properties": { "vehicle_id": "A1413", "latitude": 42.681411743164062, "longitude": 23.289531707763672, "raw_occupancy": 1, "timestamp": "2026-09-15 19:05:33" }, "geometry": { "type": "Point", "coordinates": [ 23.289531707763672, 42.681411743164062 ] } },
{ "type": "Feature", "properties": { "vehicle_id": "A1187", "latitude": 42.658992767333984, "longitude": 23.315654754638672, "raw_occupancy": 2, "timestamp": "2026-09-15 19:05:33" }, "geometry": { "type": "Point", "coordinates": [ 23.315654754638672, 42.658992767333984 ] } },
{ "type": "Feature", "properties": { "vehicle_id": "A7145", "latitude": 42.754798889160156, "longitude": 23.558567047119141, "raw_occupancy": 1, "timestamp": "2026-09-15 19:05:33" }, "geometry": { "type": "Point", "coordinates": [ 23.558567047119141, 42.754798889160156 ] } },
{ "type": "Feature", "properties": { "vehicle_id": "A2027", "latitude": 42.710651397705078, "longitude": 23.384559631347656, "raw_occupancy": 0, "timestamp": "2026-09-15 19:05:33" }, "geometry": { "type": "Point", "coordinates": [ 23.384559631347656, 42.710651397705078 ] } },
{ "type": "Feature", "properties": { "vehicle_id": "A3151", "latitude": 42.672214508056641, "longitude": 23.335391998291016, "raw_occupancy": 1, "timestamp": "2026-09-15 19:05:33" }, "geometry": { "type": "Point", "coordinates": [ 23.335391998291016, 42.672214508056641 ] } },
{ "type": "Feature", "properties": { "vehicle_id": "A3159", "latitude": 42.6302490234375, "longitude": 23.375011444091797, "raw_occupancy": 1, "timestamp": "2026-09-15 19:05:33" }, "geometry": { "type": "Point", "coordinates": [ 23.375011444091797, 42.6302490234375 ] } },
{ "type": "Feature", "properties": { "vehicle_id": "A2005", "latitude": 42.711143493652344, "longitude": 23.38446044921875, "raw_occupancy": 1, "timestamp": "2026-09-15 19:05:33" }, "geometry": { "type": "Point", "coordinates": [ 23.38446044921875, 42.711143493652344 ] } },
{ "type": "Feature", "properties": { "vehicle_id": "A3147", "latitude": 42.682666778564453, "longitude": 23.34870719909668, "raw_occupancy": 3, "timestamp": "2026-09-15 19:05:33" }, "geometry": { "type": "Point", "coordinates": [ 23.34870719909668, 42.682666778564453 ] } },
{ "type": "Feature", "properties": { "vehicle_id": "A3657", "latitude": 42.659317016601562, "longitude": 23.394693374633789, "raw_occupancy": 0, "timestamp": "2026-09-15 19:05:33" }, "geometry": { "type": "Point", "coordinates": [ 23.394693374633789, 42.659317016601562 ] } },
{ "type": "Feature", "properties": { "vehicle_id": "A3100", "latitude": 42.696113586425781, "longitude": 23.354787826538086, "raw_occupancy": 1, "timestamp": "2026-09-15 19:05:33" }, "geometry": { "type": "Point", "coordinates": [ 23.354787826538086, 42.696113586425781 ] } },
{ "type": "Feature", "properties": { "vehicle_id": "A3143", "latitude": 42.671230316162109, "longitude": 23.364564895629883, "raw_occupancy": 2, "timestamp": "2026-09-15 19:05:33" }, "geometry": { "type": "Point", "coordinates": [ 23.364564895629883, 42.671230316162109 ] } },
{ "type": "Feature", "properties": { "vehicle_id": "A2300", "latitude": 42.739414215087891, "longitude": 23.294416427612305, "raw_occupancy": 1, "timestamp": "2026-09-15 19:05:33" }, "geometry": { "type": "Point", "coordinates": [ 23.294416427612305, 42.739414215087891 ] } },
{ "type": "Feature", "properties": { "vehicle_id": "A1231", "latitude": 42.700340270996094, "longitude": 23.276067733764648, "raw_occupancy": 0, "timestamp": "2026-09-15 19:05:33" }, "geometry": { "type": "Point", "coordinates": [ 23.276067733764648, 42.700340270996094 ] } },
{ "type": "Feature", "properties": { "vehicle_id": "A2025", "latitude": 42.646568298339844, "longitude": 23.346080780029297, "raw_occupancy": 0, "timestamp": "2026-09-15 19:05:33" }, "geometry": { "type": "Point", "coordinates": [ 23.346080780029297, 42.646568298339844 ] } },
{ "type": "Feature", "properties": { "vehicle_id": "A3601", "latitude": 42.675445556640625, "longitude": 23.408893585205078, "raw_occupancy": 1, "timestamp": "2026-09-15 19:05:33" }, "geometry": { "type": "Point", "coordinates": [ 23.408893585205078, 42.675445556640625 ] } },
{ "type": "Feature", "properties": { "vehicle_id": "A2317", "latitude": 42.644477844238281, "longitude": 23.34516716003418, "raw_occupancy": 0, "timestamp": "2026-09-15 19:05:33" }, "geometry": { "type": "Point", "coordinates": [ 23.34516716003418, 42.644477844238281 ] } },
{ "type": "Feature", "properties": { "vehicle_id": "A3625", "latitude": 42.660057067871094, "longitude": 23.464841842651367, "raw_occupancy": 1, "timestamp": "2026-09-15 19:05:33" }, "geometry": { "type": "Point", "coordinates": [ 23.464841842651367, 42.660057067871094 ] } },
{ "type": "Feature", "properties": { "vehicle_id": "A2029", "latitude": 42.658859252929688, "longitude": 23.348299026489258, "raw_occupancy": 0, "timestamp": "2026-09-15 19:05:33" }, "geometry": { "type": "Point", "coordinates": [ 23.348299026489258, 42.658859252929688 ] } },
{ "type": "Feature", "properties": { "vehicle_id": "A2514", "latitude": 42.685867309570312, "longitude": 23.311761856079102, "raw_occupancy": 2, "timestamp": "2026-09-15 19:05:33" }, "geometry": { "type": "Point", "coordinates": [ 23.311761856079102, 42.685867309570312 ] } },
{ "type": "Feature", "properties": { "vehicle_id": "A1030", "latitude": 42.6529541015625, "longitude": 23.294528961181641, "raw_occupancy": 0, "timestamp": "2026-09-15 19:05:33" }, "geometry": { "type": "Point", "coordinates": [ 23.294528961181641, 42.6529541015625 ] } },
{ "type": "Feature", "properties": { "vehicle_id": "A2070", "latitude": 42.652225494384766, "longitude": 23.390968322753906, "raw_occupancy": 1, "timestamp": "2026-09-15 19:05:33" }, "geometry": { "type": "Point", "coordinates": [ 23.390968322753906, 42.652225494384766 ] } },
{ "type": "Feature", "properties": { "vehicle_id": "A3651", "latitude": 42.635589599609375, "longitude": 23.403593063354492, "raw_occupancy": 1, "timestamp": "2026-09-15 19:05:33" }, "geometry": { "type": "Point", "coordinates": [ 23.403593063354492, 42.635589599609375 ] } },
{ "type": "Feature", "properties": { "vehicle_id": "A1805", "latitude": 42.716358184814453, "longitude": 23.250480651855469, "raw_occupancy": 2, "timestamp": "2026-09-15 19:05:33" }, "geometry": { "type": "Point", "coordinates": [ 23.250480651855469, 42.716358184814453 ] } },
{ "type": "Feature", "properties": { "vehicle_id": "A2077", "latitude": 42.7454833984375, "longitude": 23.348690032958984, "raw_occupancy": 1, "timestamp": "2026-09-15 19:05:33" }, "geometry": { "type": "Point", "coordinates": [ 23.348690032958984, 42.7454833984375 ] } },
{ "type": "Feature", "properties": { "vehicle_id": "A3117", "latitude": 42.682296752929688, "longitude": 23.317792892456055, "raw_occupancy": 2, "timestamp": "2026-09-15 19:05:33" }, "geometry": { "type": "Point", "coordinates": [ 23.317792892456055, 42.682296752929688 ] } },
{ "type": "Feature", "properties": { "vehicle_id": "A1180", "latitude": 42.674350738525391, "longitude": 23.31280517578125, "raw_occupancy": 2, "timestamp": "2026-09-15 19:05:33" }, "geometry": { "type": "Point", "coordinates": [ 23.31280517578125, 42.674350738525391 ] } },
{ "type": "Feature", "properties": { "vehicle_id": "A3650", "latitude": 42.599845886230469, "longitude": 23.367719650268555, "raw_occupancy": 2, "timestamp": "2026-09-15 19:05:33" }, "geometry": { "type": "Point", "coordinates": [ 23.367719650268555, 42.599845886230469 ] } },
{ "type": "Feature", "properties": { "vehicle_id": "A3610", "latitude": 42.62310791015625, "longitude": 23.369997024536133, "raw_occupancy": 2, "timestamp": "2026-09-15 19:05:33" }, "geometry": { "type": "Point", "coordinates": [ 23.369997024536133, 42.62310791015625 ] } },
{ "type": "Feature", "properties": { "vehicle_id": "A7087", "latitude": 42.828243255615234, "longitude": 23.284824371337891, "raw_occupancy": 1, "timestamp": "2026-09-15 19:05:33" }, "geometry": { "type": "Point", "coordinates": [ 23.284824371337891, 42.828243255615234 ] } },
{ "type": "Feature", "properties": { "vehicle_id": "A1610", "latitude": 42.723365783691406, "longitude": 23.258495330810547, "raw_occupancy": 1, "timestamp": "2026-09-15 19:05:33" }, "geometry": { "type": "Point", "coordinates": [ 23.258495330810547, 42.723365783691406 ] } },
{ "type": "Feature", "properties": { "vehicle_id": "A2034", "latitude": 42.656723022460938, "longitude": 23.327445983886719, "raw_occupancy": 0, "timestamp": "2026-09-15 19:05:33" }, "geometry": { "type": "Point", "coordinates": [ 23.327445983886719, 42.656723022460938 ] } },
{ "type": "Feature", "properties": { "vehicle_id": "A1216", "latitude": 42.757308959960938, "longitude": 23.269599914550781, "raw_occupancy": 1, "timestamp": "2026-09-15 19:05:33" }, "geometry": { "type": "Point", "coordinates": [ 23.269599914550781, 42.757308959960938 ] } },
{ "type": "Feature", "properties": { "vehicle_id": "A1222", "latitude": 42.718505859375, "longitude": 23.257272720336914, "raw_occupancy": 1, "timestamp": "2026-09-15 19:05:33" }, "geometry": { "type": "Point", "coordinates": [ 23.257272720336914, 42.718505859375 ] } },
{ "type": "Feature", "properties": { "vehicle_id": "A2075", "latitude": 42.638328552246094, "longitude": 23.412393569946289, "raw_occupancy": 3, "timestamp": "2026-09-15 19:05:33" }, "geometry": { "type": "Point", "coordinates": [ 23.412393569946289, 42.638328552246094 ] } },
{ "type": "Feature", "properties": { "vehicle_id": "A1849", "latitude": 42.720954895019531, "longitude": 23.240535736083984, "raw_occupancy": 1, "timestamp": "2026-09-15 19:05:33" }, "geometry": { "type": "Point", "coordinates": [ 23.240535736083984, 42.720954895019531 ] } },
{ "type": "Feature", "properties": { "vehicle_id": "A2054", "latitude": 42.690528869628906, "longitude": 23.296735763549805, "raw_occupancy": 3, "timestamp": "2026-09-15 19:05:33" }, "geometry": { "type": "Point", "coordinates": [ 23.296735763549805, 42.690528869628906 ] } },
{ "type": "Feature", "properties": { "vehicle_id": "A1426", "latitude": 42.727027893066406, "longitude": 23.252178192138672, "raw_occupancy": 0, "timestamp": "2026-09-15 19:05:33" }, "geometry": { "type": "Point", "coordinates": [ 23.252178192138672, 42.727027893066406 ] } },
{ "type": "Feature", "properties": { "vehicle_id": "A1408", "latitude": 42.676506042480469, "longitude": 23.297586441040039, "raw_occupancy": 1, "timestamp": "2026-09-15 19:05:33" }, "geometry": { "type": "Point", "coordinates": [ 23.297586441040039, 42.676506042480469 ] } },
{ "type": "Feature", "properties": { "vehicle_id": "A7193", "latitude": 42.72540283203125, "longitude": 23.344390869140625, "raw_occupancy": 1, "timestamp": "2026-09-15 19:05:33" }, "geometry": { "type": "Point", "coordinates": [ 23.344390869140625, 42.72540283203125 ] } },
{ "type": "Feature", "properties": { "vehicle_id": "A2804", "latitude": 42.695865631103516, "longitude": 23.284608840942383, "raw_occupancy": 2, "timestamp": "2026-09-15 19:05:33" }, "geometry": { "type": "Point", "coordinates": [ 23.284608840942383, 42.695865631103516 ] } },
{ "type": "Feature", "properties": { "vehicle_id": "A1025", "latitude": 42.649734497070312, "longitude": 23.261344909667969, "raw_occupancy": 1, "timestamp": "2026-09-15 19:05:33" }, "geometry": { "type": "Point", "coordinates": [ 23.261344909667969, 42.649734497070312 ] } },
{ "type": "Feature", "properties": { "vehicle_id": "A2000", "latitude": 42.70733642578125, "longitude": 23.362974166870117, "raw_occupancy": 1, "timestamp": "2026-09-15 19:05:33" }, "geometry": { "type": "Point", "coordinates": [ 23.362974166870117, 42.70733642578125 ] } },
{ "type": "Feature", "properties": { "vehicle_id": "A7063", "latitude": 42.742252349853516, "longitude": 23.265748977661133, "raw_occupancy": 1, "timestamp": "2026-09-15 19:05:33" }, "geometry": { "type": "Point", "coordinates": [ 23.265748977661133, 42.742252349853516 ] } },
{ "type": "Feature", "properties": { "vehicle_id": "A7187", "latitude": 42.71514892578125, "longitude": 23.347835540771484, "raw_occupancy": 0, "timestamp": "2026-09-15 19:05:33" }, "geometry": { "type": "Point", "coordinates": [ 23.347835540771484, 42.71514892578125 ] } },
{ "type": "Feature", "properties": { "vehicle_id": "A3665", "latitude": 42.66876220703125, "longitude": 23.400857925415039, "raw_occupancy": 1, "timestamp": "2026-09-15 19:05:33" }, "geometry": { "type": "Point", "coordinates": [ 23.400857925415039, 42.66876220703125 ] } },
{ "type": "Feature", "properties": { "vehicle_id": "A1301", "latitude": 42.658805847167969, "longitude": 23.240316390991211, "raw_occupancy": 0, "timestamp": "2026-09-15 19:05:33" }, "geometry": { "type": "Point", "coordinates": [ 23.240316390991211, 42.658805847167969 ] } },
{ "type": "Feature", "properties": { "vehicle_id": "A1607", "latitude": 42.6900634765625, "longitude": 23.25206184387207, "raw_occupancy": 1, "timestamp": "2026-09-15 19:05:33" }, "geometry": { "type": "Point", "coordinates": [ 23.25206184387207, 42.6900634765625 ] } },
{ "type": "Feature", "properties": { "vehicle_id": "A2079", "latitude": 42.613922119140625, "longitude": 23.338907241821289, "raw_occupancy": 1, "timestamp": "2026-09-15 19:05:33" }, "geometry": { "type": "Point", "coordinates": [ 23.338907241821289, 42.613922119140625 ] } },
{ "type": "Feature", "properties": { "vehicle_id": "A7129", "latitude": 42.7010498046875, "longitude": 23.360095977783203, "raw_occupancy": 1, "timestamp": "2026-09-15 19:05:33" }, "geometry": { "type": "Point", "coordinates": [ 23.360095977783203, 42.7010498046875 ] } },
{ "type": "Feature", "properties": { "vehicle_id": "A3666", "latitude": 42.685592651367188, "longitude": 23.403268814086914, "raw_occupancy": 0, "timestamp": "2026-09-15 19:05:33" }, "geometry": { "type": "Point", "coordinates": [ 23.403268814086914, 42.685592651367188 ] } },
{ "type": "Feature", "properties": { "vehicle_id": "A2316", "latitude": 42.669677734375, "longitude": 23.368452072143555, "raw_occupancy": 2, "timestamp": "2026-09-15 19:05:33" }, "geometry": { "type": "Point", "coordinates": [ 23.368452072143555, 42.669677734375 ] } },
{ "type": "Feature", "properties": { "vehicle_id": "A2165", "latitude": 42.707435607910156, "longitude": 23.359323501586914, "raw_occupancy": 0, "timestamp": "2026-09-15 19:05:33" }, "geometry": { "type": "Point", "coordinates": [ 23.359323501586914, 42.707435607910156 ] } },
{ "type": "Feature", "properties": { "vehicle_id": "A3409", "latitude": 42.685916900634766, "longitude": 23.402139663696289, "raw_occupancy": 1, "timestamp": "2026-09-15 19:05:33" }, "geometry": { "type": "Point", "coordinates": [ 23.402139663696289, 42.685916900634766 ] } },
{ "type": "Feature", "properties": { "vehicle_id": "A2140", "latitude": 42.691997528076172, "longitude": 23.382654190063477, "raw_occupancy": 1, "timestamp": "2026-09-15 19:05:33" }, "geometry": { "type": "Point", "coordinates": [ 23.382654190063477, 42.691997528076172 ] } },
{ "type": "Feature", "properties": { "vehicle_id": "A2305", "latitude": 42.724811553955078, "longitude": 23.311819076538086, "raw_occupancy": 1, "timestamp": "2026-09-15 19:05:33" }, "geometry": { "type": "Point", "coordinates": [ 23.311819076538086, 42.724811553955078 ] } },
{ "type": "Feature", "properties": { "vehicle_id": "A3700", "latitude": 42.657707214355469, "longitude": 23.465829849243164, "raw_occupancy": 0, "timestamp": "2026-09-15 19:05:33" }, "geometry": { "type": "Point", "coordinates": [ 23.465829849243164, 42.657707214355469 ] } },
{ "type": "Feature", "properties": { "vehicle_id": "A3107", "latitude": 42.622871398925781, "longitude": 23.384807586669922, "raw_occupancy": 0, "timestamp": "2026-09-15 19:05:33" }, "geometry": { "type": "Point", "coordinates": [ 23.384807586669922, 42.622871398925781 ] } },
{ "type": "Feature", "properties": { "vehicle_id": "A3121", "latitude": 42.661930084228516, "longitude": 23.377580642700195, "raw_occupancy": 2, "timestamp": "2026-09-15 19:05:33" }, "geometry": { "type": "Point", "coordinates": [ 23.377580642700195, 42.661930084228516 ] } },
{ "type": "Feature", "properties": { "vehicle_id": "A1226", "latitude": 42.673885345458984, "longitude": 23.250040054321289, "raw_occupancy": 1, "timestamp": "2026-09-15 19:05:33" }, "geometry": { "type": "Point", "coordinates": [ 23.250040054321289, 42.673885345458984 ] } },
{ "type": "Feature", "properties": { "vehicle_id": "A2006", "latitude": 42.716381072998047, "longitude": 23.237834930419922, "raw_occupancy": 0, "timestamp": "2026-09-15 19:05:33" }, "geometry": { "type": "Point", "coordinates": [ 23.237834930419922, 42.716381072998047 ] } },
{ "type": "Feature", "properties": { "vehicle_id": "A7083", "latitude": 42.738651275634766, "longitude": 23.506135940551758, "raw_occupancy": 1, "timestamp": "2026-09-15 19:05:33" }, "geometry": { "type": "Point", "coordinates": [ 23.506135940551758, 42.738651275634766 ] } },
{ "type": "Feature", "properties": { "vehicle_id": "A3114", "latitude": 42.693992614746094, "longitude": 23.366598129272461, "raw_occupancy": 2, "timestamp": "2026-09-15 19:05:33" }, "geometry": { "type": "Point", "coordinates": [ 23.366598129272461, 42.693992614746094 ] } },
{ "type": "Feature", "properties": { "vehicle_id": "A7067", "latitude": 42.744094848632812, "longitude": 23.555866241455078, "raw_occupancy": 2, "timestamp": "2026-09-15 19:05:33" }, "geometry": { "type": "Point", "coordinates": [ 23.555866241455078, 42.744094848632812 ] } },
{ "type": "Feature", "properties": { "vehicle_id": "A1857", "latitude": 42.59991455078125, "longitude": 23.171249389648438, "raw_occupancy": 1, "timestamp": "2026-09-15 19:05:33" }, "geometry": { "type": "Point", "coordinates": [ 23.171249389648438, 42.59991455078125 ] } },
{ "type": "Feature", "properties": { "vehicle_id": "A3110", "latitude": 42.653484344482422, "longitude": 23.380519866943359, "raw_occupancy": 2, "timestamp": "2026-09-15 19:05:33" }, "geometry": { "type": "Point", "coordinates": [ 23.380519866943359, 42.653484344482422 ] } },
{ "type": "Feature", "properties": { "vehicle_id": "A7189", "latitude": 42.757484436035156, "longitude": 23.353633880615234, "raw_occupancy": 0, "timestamp": "2026-09-15 19:05:33" }, "geometry": { "type": "Point", "coordinates": [ 23.353633880615234, 42.757484436035156 ] } },
{ "type": "Feature", "properties": { "vehicle_id": "A2303", "latitude": 42.705574035644531, "longitude": 23.311403274536133, "raw_occupancy": 1, "timestamp": "2026-09-15 19:05:33" }, "geometry": { "type": "Point", "coordinates": [ 23.311403274536133, 42.705574035644531 ] } },
{ "type": "Feature", "properties": { "vehicle_id": "A3403", "latitude": 42.661655426025391, "longitude": 23.358913421630859, "raw_occupancy": 1, "timestamp": "2026-09-15 19:05:33" }, "geometry": { "type": "Point", "coordinates": [ 23.358913421630859, 42.661655426025391 ] } },
{ "type": "Feature", "properties": { "vehicle_id": "A3125", "latitude": 42.705287933349609, "longitude": 23.324413299560547, "raw_occupancy": 2, "timestamp": "2026-09-15 19:05:33" }, "geometry": { "type": "Point", "coordinates": [ 23.324413299560547, 42.705287933349609 ] } },
{ "type": "Feature", "properties": { "vehicle_id": "A2153", "latitude": 42.733844757080078, "longitude": 23.328348159790039, "raw_occupancy": 0, "timestamp": "2026-09-15 19:05:33" }, "geometry": { "type": "Point", "coordinates": [ 23.328348159790039, 42.733844757080078 ] } },
{ "type": "Feature", "properties": { "vehicle_id": "A3132", "latitude": 42.641117095947266, "longitude": 23.38139533996582, "raw_occupancy": 2, "timestamp": "2026-09-15 19:05:33" }, "geometry": { "type": "Point", "coordinates": [ 23.38139533996582, 42.641117095947266 ] } },
{ "type": "Feature", "properties": { "vehicle_id": "A3617", "latitude": 42.664756774902344, "longitude": 23.399194717407227, "raw_occupancy": 1, "timestamp": "2026-09-15 19:05:33" }, "geometry": { "type": "Point", "coordinates": [ 23.399194717407227, 42.664756774902344 ] } },
{ "type": "Feature", "properties": { "vehicle_id": "A7085", "latitude": 42.708831787109375, "longitude": 23.398693084716797, "raw_occupancy": 1, "timestamp": "2026-09-15 19:05:33" }, "geometry": { "type": "Point", "coordinates": [ 23.398693084716797, 42.708831787109375 ] } },
{ "type": "Feature", "properties": { "vehicle_id": "A1845", "latitude": 42.725605010986328, "longitude": 23.261058807373047, "raw_occupancy": 0, "timestamp": "2026-09-15 19:05:33" }, "geometry": { "type": "Point", "coordinates": [ 23.261058807373047, 42.725605010986328 ] } },
{ "type": "Feature", "properties": { "vehicle_id": "A3126", "latitude": 42.64947509765625, "longitude": 23.358139038085938, "raw_occupancy": 3, "timestamp": "2026-09-15 19:05:33" }, "geometry": { "type": "Point", "coordinates": [ 23.358139038085938, 42.64947509765625 ] } },
{ "type": "Feature", "properties": { "vehicle_id": "A1182", "latitude": 42.678844451904297, "longitude": 23.284425735473633, "raw_occupancy": 0, "timestamp": "2026-09-15 19:05:33" }, "geometry": { "type": "Point", "coordinates": [ 23.284425735473633, 42.678844451904297 ] } },
{ "type": "Feature", "properties": { "vehicle_id": "A3662", "latitude": 42.625358581542969, "longitude": 23.330894470214844, "raw_occupancy": 1, "timestamp": "2026-09-15 19:05:33" }, "geometry": { "type": "Point", "coordinates": [ 23.330894470214844, 42.625358581542969 ] } },
{ "type": "Feature", "properties": { "vehicle_id": "A3144", "latitude": 42.679828643798828, "longitude": 23.303779602050781, "raw_occupancy": 1, "timestamp": "2026-09-15 19:05:33" }, "geometry": { "type": "Point", "coordinates": [ 23.303779602050781, 42.679828643798828 ] } },
{ "type": "Feature", "properties": { "vehicle_id": "A2083", "latitude": 42.731605529785156, "longitude": 23.253362655639648, "raw_occupancy": 0, "timestamp": "2026-09-15 19:05:33" }, "geometry": { "type": "Point", "coordinates": [ 23.253362655639648, 42.731605529785156 ] } },
{ "type": "Feature", "properties": { "vehicle_id": "A3671", "latitude": 42.524993896484375, "longitude": 23.365327835083008, "raw_occupancy": 1, "timestamp": "2026-09-15 19:05:33" }, "geometry": { "type": "Point", "coordinates": [ 23.365327835083008, 42.524993896484375 ] } },
{ "type": "Feature", "properties": { "vehicle_id": "A1188", "latitude": 42.6756591796875, "longitude": 23.289152145385742, "raw_occupancy": 1, "timestamp": "2026-09-15 19:05:33" }, "geometry": { "type": "Point", "coordinates": [ 23.289152145385742, 42.6756591796875 ] } },
{ "type": "Feature", "properties": { "vehicle_id": "A1189", "latitude": 42.642894744873047, "longitude": 23.343475341796875, "raw_occupancy": 1, "timestamp": "2026-09-15 19:05:33" }, "geometry": { "type": "Point", "coordinates": [ 23.343475341796875, 42.642894744873047 ] } },
{ "type": "Feature", "properties": { "vehicle_id": "A3606", "latitude": 42.594738006591797, "longitude": 23.364303588867188, "raw_occupancy": 1, "timestamp": "2026-09-15 19:05:33" }, "geometry": { "type": "Point", "coordinates": [ 23.364303588867188, 42.594738006591797 ] } },
{ "type": "Feature", "properties": { "vehicle_id": "A2051", "latitude": 42.686012268066406, "longitude": 23.311788558959961, "raw_occupancy": 1, "timestamp": "2026-09-15 19:05:33" }, "geometry": { "type": "Point", "coordinates": [ 23.311788558959961, 42.686012268066406 ] } },
{ "type": "Feature", "properties": { "vehicle_id": "A3142", "latitude": 42.660888671875, "longitude": 23.3468017578125, "raw_occupancy": 1, "timestamp": "2026-09-15 19:05:33" }, "geometry": { "type": "Point", "coordinates": [ 23.3468017578125, 42.660888671875 ] } },
{ "type": "Feature", "properties": { "vehicle_id": "A1861", "latitude": 42.717056274414062, "longitude": 23.26097297668457, "raw_occupancy": 2, "timestamp": "2026-09-15 19:05:33" }, "geometry": { "type": "Point", "coordinates": [ 23.26097297668457, 42.717056274414062 ] } },
{ "type": "Feature", "properties": { "vehicle_id": "A1125", "latitude": 42.737030029296875, "longitude": 23.243919372558594, "raw_occupancy": 2, "timestamp": "2026-09-15 19:05:33" }, "geometry": { "type": "Point", "coordinates": [ 23.243919372558594, 42.737030029296875 ] } },
{ "type": "Feature", "properties": { "vehicle_id": "A1184", "latitude": 42.64300537109375, "longitude": 23.341947555541992, "raw_occupancy": 0, "timestamp": "2026-09-15 19:05:33" }, "geometry": { "type": "Point", "coordinates": [ 23.341947555541992, 42.64300537109375 ] } },
{ "type": "Feature", "properties": { "vehicle_id": "A1855", "latitude": 42.675876617431641, "longitude": 23.229255676269531, "raw_occupancy": 0, "timestamp": "2026-09-15 19:05:33" }, "geometry": { "type": "Point", "coordinates": [ 23.229255676269531, 42.675876617431641 ] } },
{ "type": "Feature", "properties": { "vehicle_id": "A1217", "latitude": 42.726291656494141, "longitude": 23.214265823364258, "raw_occupancy": 0, "timestamp": "2026-09-15 19:05:33" }, "geometry": { "type": "Point", "coordinates": [ 23.214265823364258, 42.726291656494141 ] } },
{ "type": "Feature", "properties": { "vehicle_id": "A2064", "latitude": 42.742095947265625, "longitude": 23.277788162231445, "raw_occupancy": 0, "timestamp": "2026-09-15 19:05:33" }, "geometry": { "type": "Point", "coordinates": [ 23.277788162231445, 42.742095947265625 ] } },
{ "type": "Feature", "properties": { "vehicle_id": "A1176", "latitude": 42.709636688232422, "longitude": 23.318328857421875, "raw_occupancy": 0, "timestamp": "2026-09-15 19:05:33" }, "geometry": { "type": "Point", "coordinates": [ 23.318328857421875, 42.709636688232422 ] } },
{ "type": "Feature", "properties": { "vehicle_id": "A2304", "latitude": 42.644485473632812, "longitude": 23.345125198364258, "raw_occupancy": 0, "timestamp": "2026-09-15 19:05:33" }, "geometry": { "type": "Point", "coordinates": [ 23.345125198364258, 42.644485473632812 ] } },
{ "type": "Feature", "properties": { "vehicle_id": "A1230", "latitude": 42.718311309814453, "longitude": 23.227163314819336, "raw_occupancy": 1, "timestamp": "2026-09-15 19:05:33" }, "geometry": { "type": "Point", "coordinates": [ 23.227163314819336, 42.718311309814453 ] } },
{ "type": "Feature", "properties": { "vehicle_id": "A2815", "latitude": 42.737258911132812, "longitude": 23.328149795532227, "raw_occupancy": 1, "timestamp": "2026-09-15 19:05:33" }, "geometry": { "type": "Point", "coordinates": [ 23.328149795532227, 42.737258911132812 ] } },
{ "type": "Feature", "properties": { "vehicle_id": "A7175", "latitude": 42.707221984863281, "longitude": 23.336309432983398, "raw_occupancy": 0, "timestamp": "2026-09-15 19:05:33" }, "geometry": { "type": "Point", "coordinates": [ 23.336309432983398, 42.707221984863281 ] } },
{ "type": "Feature", "properties": { "vehicle_id": "A2509", "latitude": 42.693794250488281, "longitude": 23.355409622192383, "raw_occupancy": 2, "timestamp": "2026-09-15 19:05:33" }, "geometry": { "type": "Point", "coordinates": [ 23.355409622192383, 42.693794250488281 ] } },
{ "type": "Feature", "properties": { "vehicle_id": "A7173", "latitude": 42.705619812011719, "longitude": 23.318475723266602, "raw_occupancy": 2, "timestamp": "2026-09-15 19:05:33" }, "geometry": { "type": "Point", "coordinates": [ 23.318475723266602, 42.705619812011719 ] } },
{ "type": "Feature", "properties": { "vehicle_id": "A1829", "latitude": 42.702907562255859, "longitude": 23.127426147460938, "raw_occupancy": 1, "timestamp": "2026-09-15 19:05:33" }, "geometry": { "type": "Point", "coordinates": [ 23.127426147460938, 42.702907562255859 ] } },
{ "type": "Feature", "properties": { "vehicle_id": "A2017", "latitude": 42.723472595214844, "longitude": 23.305868148803711, "raw_occupancy": 2, "timestamp": "2026-09-15 19:05:33" }, "geometry": { "type": "Point", "coordinates": [ 23.305868148803711, 42.723472595214844 ] } },
{ "type": "Feature", "properties": { "vehicle_id": "A1015", "latitude": 42.652725219726562, "longitude": 23.333303451538086, "raw_occupancy": 2, "timestamp": "2026-09-15 19:05:33" }, "geometry": { "type": "Point", "coordinates": [ 23.333303451538086, 42.652725219726562 ] } },
{ "type": "Feature", "properties": { "vehicle_id": "A1219", "latitude": 42.702415466308594, "longitude": 23.127300262451172, "raw_occupancy": 0, "timestamp": "2026-09-15 19:05:33" }, "geometry": { "type": "Point", "coordinates": [ 23.127300262451172, 42.702415466308594 ] } },
{ "type": "Feature", "properties": { "vehicle_id": "A3122", "latitude": 42.636940002441406, "longitude": 23.341009140014648, "raw_occupancy": 1, "timestamp": "2026-09-15 19:05:33" }, "geometry": { "type": "Point", "coordinates": [ 23.341009140014648, 42.636940002441406 ] } },
{ "type": "Feature", "properties": { "vehicle_id": "A1164", "latitude": 42.676120758056641, "longitude": 23.288518905639648, "raw_occupancy": 2, "timestamp": "2026-09-15 19:05:33" }, "geometry": { "type": "Point", "coordinates": [ 23.288518905639648, 42.676120758056641 ] } },
{ "type": "Feature", "properties": { "vehicle_id": "A3623", "latitude": 42.650943756103516, "longitude": 23.413782119750977, "raw_occupancy": 2, "timestamp": "2026-09-15 19:05:33" }, "geometry": { "type": "Point", "coordinates": [ 23.413782119750977, 42.650943756103516 ] } },
{ "type": "Feature", "properties": { "vehicle_id": "A7109", "latitude": 42.715682983398438, "longitude": 23.438074111938477, "raw_occupancy": 2, "timestamp": "2026-09-15 19:05:33" }, "geometry": { "type": "Point", "coordinates": [ 23.438074111938477, 42.715682983398438 ] } },
{ "type": "Feature", "properties": { "vehicle_id": "A1617", "latitude": 42.705677032470703, "longitude": 23.318229675292969, "raw_occupancy": 2, "timestamp": "2026-09-15 19:05:33" }, "geometry": { "type": "Point", "coordinates": [ 23.318229675292969, 42.705677032470703 ] } },
{ "type": "Feature", "properties": { "vehicle_id": "A1613", "latitude": 42.749259948730469, "longitude": 23.221513748168945, "raw_occupancy": 0, "timestamp": "2026-09-15 19:05:33" }, "geometry": { "type": "Point", "coordinates": [ 23.221513748168945, 42.749259948730469 ] } },
{ "type": "Feature", "properties": { "vehicle_id": "A2507", "latitude": 42.693279266357422, "longitude": 23.359806060791016, "raw_occupancy": 1, "timestamp": "2026-09-15 19:05:33" }, "geometry": { "type": "Point", "coordinates": [ 23.359806060791016, 42.693279266357422 ] } },
{ "type": "Feature", "properties": { "vehicle_id": "A2081", "latitude": 42.669429779052734, "longitude": 23.367038726806641, "raw_occupancy": 1, "timestamp": "2026-09-15 19:05:33" }, "geometry": { "type": "Point", "coordinates": [ 23.367038726806641, 42.669429779052734 ] } },
{ "type": "Feature", "properties": { "vehicle_id": "A2314", "latitude": 42.666744232177734, "longitude": 23.341218948364258, "raw_occupancy": 2, "timestamp": "2026-09-15 19:05:33" }, "geometry": { "type": "Point", "coordinates": [ 23.341218948364258, 42.666744232177734 ] } },
{ "type": "Feature", "properties": { "vehicle_id": "A3016", "latitude": 42.678123474121094, "longitude": 23.378696441650391, "raw_occupancy": 1, "timestamp": "2026-09-15 19:05:33" }, "geometry": { "type": "Point", "coordinates": [ 23.378696441650391, 42.678123474121094 ] } },
{ "type": "Feature", "properties": { "vehicle_id": "A2810", "latitude": 42.721515655517578, "longitude": 23.280420303344727, "raw_occupancy": 1, "timestamp": "2026-09-15 19:05:33" }, "geometry": { "type": "Point", "coordinates": [ 23.280420303344727, 42.721515655517578 ] } },
{ "type": "Feature", "properties": { "vehicle_id": "A3614", "latitude": 42.597896575927734, "longitude": 23.406232833862305, "raw_occupancy": 1, "timestamp": "2026-09-15 19:05:33" }, "geometry": { "type": "Point", "coordinates": [ 23.406232833862305, 42.597896575927734 ] } },
{ "type": "Feature", "properties": { "vehicle_id": "A7059", "latitude": 42.780136108398438, "longitude": 23.514123916625977, "raw_occupancy": 1, "timestamp": "2026-09-15 19:05:33" }, "geometry": { "type": "Point", "coordinates": [ 23.514123916625977, 42.780136108398438 ] } },
{ "type": "Feature", "properties": { "vehicle_id": "A3621", "latitude": 42.668922424316406, "longitude": 23.400711059570312, "raw_occupancy": 2, "timestamp": "2026-09-15 19:05:33" }, "geometry": { "type": "Point", "coordinates": [ 23.400711059570312, 42.668922424316406 ] } },
{ "type": "Feature", "properties": { "vehicle_id": "A3615", "latitude": 42.705524444580078, "longitude": 23.320051193237305, "raw_occupancy": 1, "timestamp": "2026-09-15 19:05:33" }, "geometry": { "type": "Point", "coordinates": [ 23.320051193237305, 42.705524444580078 ] } },
{ "type": "Feature", "properties": { "vehicle_id": "A7099", "latitude": 42.843780517578125, "longitude": 23.321872711181641, "raw_occupancy": 0, "timestamp": "2026-09-15 19:05:33" }, "geometry": { "type": "Point", "coordinates": [ 23.321872711181641, 42.843780517578125 ] } },
{ "type": "Feature", "properties": { "vehicle_id": "A1212", "latitude": 42.642307281494141, "longitude": 23.312520980834961, "raw_occupancy": 2, "timestamp": "2026-09-15 19:05:33" }, "geometry": { "type": "Point", "coordinates": [ 23.312520980834961, 42.642307281494141 ] } },
{ "type": "Feature", "properties": { "vehicle_id": "A3128", "latitude": 42.66534423828125, "longitude": 23.355278015136719, "raw_occupancy": 0, "timestamp": "2026-09-15 19:05:33" }, "geometry": { "type": "Point", "coordinates": [ 23.355278015136719, 42.66534423828125 ] } },
{ "type": "Feature", "properties": { "vehicle_id": "A3013", "latitude": 42.663505554199219, "longitude": 23.413173675537109, "raw_occupancy": 0, "timestamp": "2026-09-15 19:05:33" }, "geometry": { "type": "Point", "coordinates": [ 23.413173675537109, 42.663505554199219 ] } },
{ "type": "Feature", "properties": { "vehicle_id": "A2048", "latitude": 42.617523193359375, "longitude": 23.402246475219727, "raw_occupancy": 1, "timestamp": "2026-09-15 19:05:33" }, "geometry": { "type": "Point", "coordinates": [ 23.402246475219727, 42.617523193359375 ] } },
{ "type": "Feature", "properties": { "vehicle_id": "A1185", "latitude": 42.643692016601562, "longitude": 23.345129013061523, "raw_occupancy": 0, "timestamp": "2026-09-15 19:15:33" }, "geometry": { "type": "Point", "coordinates": [ 23.345129013061523, 42.643692016601562 ] } },
{ "type": "Feature", "properties": { "vehicle_id": "A7159", "latitude": 42.797073364257812, "longitude": 23.33991813659668, "raw_occupancy": 2, "timestamp": "2026-09-15 19:15:33" }, "geometry": { "type": "Point", "coordinates": [ 23.33991813659668, 42.797073364257812 ] } },
{ "type": "Feature", "properties": { "vehicle_id": "A1232", "latitude": 42.748180389404297, "longitude": 23.272188186645508, "raw_occupancy": 1, "timestamp": "2026-09-15 19:15:33" }, "geometry": { "type": "Point", "coordinates": [ 23.272188186645508, 42.748180389404297 ] } },
{ "type": "Feature", "properties": { "vehicle_id": "A7093", "latitude": 42.728004455566406, "longitude": 23.246253967285156, "raw_occupancy": 1, "timestamp": "2026-09-15 19:15:33" }, "geometry": { "type": "Point", "coordinates": [ 23.246253967285156, 42.728004455566406 ] } },
{ "type": "Feature", "properties": { "vehicle_id": "A1010", "latitude": 42.637470245361328, "longitude": 23.335350036621094, "raw_occupancy": 2, "timestamp": "2026-09-15 19:15:33" }, "geometry": { "type": "Point", "coordinates": [ 23.335350036621094, 42.637470245361328 ] } },
{ "type": "Feature", "properties": { "vehicle_id": "A3615", "latitude": 42.704410552978516, "longitude": 23.334335327148438, "raw_occupancy": 1, "timestamp": "2026-09-15 19:15:33" }, "geometry": { "type": "Point", "coordinates": [ 23.334335327148438, 42.704410552978516 ] } },
{ "type": "Feature", "properties": { "vehicle_id": "A1176", "latitude": 42.703224182128906, "longitude": 23.317022323608398, "raw_occupancy": 0, "timestamp": "2026-09-15 19:15:33" }, "geometry": { "type": "Point", "coordinates": [ 23.317022323608398, 42.703224182128906 ] } },
{ "type": "Feature", "properties": { "vehicle_id": "A2059", "latitude": 42.708053588867188, "longitude": 23.332752227783203, "raw_occupancy": 0, "timestamp": "2026-09-15 19:15:33" }, "geometry": { "type": "Point", "coordinates": [ 23.332752227783203, 42.708053588867188 ] } },
{ "type": "Feature", "properties": { "vehicle_id": "A2733", "latitude": 42.746723175048828, "longitude": 23.280166625976562, "raw_occupancy": 1, "timestamp": "2026-09-15 19:15:33" }, "geometry": { "type": "Point", "coordinates": [ 23.280166625976562, 42.746723175048828 ] } },
{ "type": "Feature", "properties": { "vehicle_id": "A7095", "latitude": 42.715057373046875, "longitude": 23.360050201416016, "raw_occupancy": 0, "timestamp": "2026-09-15 19:15:33" }, "geometry": { "type": "Point", "coordinates": [ 23.360050201416016, 42.715057373046875 ] } },
{ "type": "Feature", "properties": { "vehicle_id": "A7135", "latitude": 42.781551361083984, "longitude": 23.273956298828125, "raw_occupancy": 1, "timestamp": "2026-09-15 19:15:33" }, "geometry": { "type": "Point", "coordinates": [ 23.273956298828125, 42.781551361083984 ] } },
{ "type": "Feature", "properties": { "vehicle_id": "A1180", "latitude": 42.674568176269531, "longitude": 23.290817260742188, "raw_occupancy": 1, "timestamp": "2026-09-15 19:15:33" }, "geometry": { "type": "Point", "coordinates": [ 23.290817260742188, 42.674568176269531 ] } },
{ "type": "Feature", "properties": { "vehicle_id": "A1026", "latitude": 42.616062164306641, "longitude": 23.416385650634766, "raw_occupancy": 0, "timestamp": "2026-09-15 19:15:33" }, "geometry": { "type": "Point", "coordinates": [ 23.416385650634766, 42.616062164306641 ] } },
{ "type": "Feature", "properties": { "vehicle_id": "A2308", "latitude": 42.694011688232422, "longitude": 23.334659576416016, "raw_occupancy": 1, "timestamp": "2026-09-15 19:15:33" }, "geometry": { "type": "Point", "coordinates": [ 23.334659576416016, 42.694011688232422 ] } },
{ "type": "Feature", "properties": { "vehicle_id": "A1849", "latitude": 42.721820831298828, "longitude": 23.241376876831055, "raw_occupancy": 0, "timestamp": "2026-09-15 19:15:33" }, "geometry": { "type": "Point", "coordinates": [ 23.241376876831055, 42.721820831298828 ] } },
{ "type": "Feature", "properties": { "vehicle_id": "A2035", "latitude": 42.667629241943359, "longitude": 23.337568283081055, "raw_occupancy": 3, "timestamp": "2026-09-15 19:15:33" }, "geometry": { "type": "Point", "coordinates": [ 23.337568283081055, 42.667629241943359 ] } },
{ "type": "Feature", "properties": { "vehicle_id": "A7051", "latitude": 42.7080078125, "longitude": 23.412445068359375, "raw_occupancy": 2, "timestamp": "2026-09-15 19:15:33" }, "geometry": { "type": "Point", "coordinates": [ 23.412445068359375, 42.7080078125 ] } },
{ "type": "Feature", "properties": { "vehicle_id": "A2079", "latitude": 42.639518737792969, "longitude": 23.311845779418945, "raw_occupancy": 1, "timestamp": "2026-09-15 19:15:33" }, "geometry": { "type": "Point", "coordinates": [ 23.311845779418945, 42.639518737792969 ] } },
{ "type": "Feature", "properties": { "vehicle_id": "A1162", "latitude": 42.738174438476562, "longitude": 23.316429138183594, "raw_occupancy": 0, "timestamp": "2026-09-15 19:15:33" }, "geometry": { "type": "Point", "coordinates": [ 23.316429138183594, 42.738174438476562 ] } },
{ "type": "Feature", "properties": { "vehicle_id": "A3128", "latitude": 42.663364410400391, "longitude": 23.357269287109375, "raw_occupancy": 1, "timestamp": "2026-09-15 19:15:33" }, "geometry": { "type": "Point", "coordinates": [ 23.357269287109375, 42.663364410400391 ] } },
{ "type": "Feature", "properties": { "vehicle_id": "A2025", "latitude": 42.642963409423828, "longitude": 23.341854095458984, "raw_occupancy": 1, "timestamp": "2026-09-15 19:15:33" }, "geometry": { "type": "Point", "coordinates": [ 23.341854095458984, 42.642963409423828 ] } },
{ "type": "Feature", "properties": { "vehicle_id": "A2012", "latitude": 42.703121185302734, "longitude": 23.364023208618164, "raw_occupancy": 0, "timestamp": "2026-09-15 19:15:33" }, "geometry": { "type": "Point", "coordinates": [ 23.364023208618164, 42.703121185302734 ] } },
{ "type": "Feature", "properties": { "vehicle_id": "A3138", "latitude": 42.710853576660156, "longitude": 23.320169448852539, "raw_occupancy": 0, "timestamp": "2026-09-15 19:15:33" }, "geometry": { "type": "Point", "coordinates": [ 23.320169448852539, 42.710853576660156 ] } },
{ "type": "Feature", "properties": { "vehicle_id": "A2087", "latitude": 42.722179412841797, "longitude": 23.30767822265625, "raw_occupancy": 1, "timestamp": "2026-09-15 19:15:33" }, "geometry": { "type": "Point", "coordinates": [ 23.30767822265625, 42.722179412841797 ] } },
{ "type": "Feature", "properties": { "vehicle_id": "A1012", "latitude": 42.637393951416016, "longitude": 23.335475921630859, "raw_occupancy": 2, "timestamp": "2026-09-15 19:15:33" }, "geometry": { "type": "Point", "coordinates": [ 23.335475921630859, 42.637393951416016 ] } },
{ "type": "Feature", "properties": { "vehicle_id": "A7123", "latitude": 42.760993957519531, "longitude": 23.562250137329102, "raw_occupancy": 1, "timestamp": "2026-09-15 19:15:33" }, "geometry": { "type": "Point", "coordinates": [ 23.562250137329102, 42.760993957519531 ] } },
{ "type": "Feature", "properties": { "vehicle_id": "A3012", "latitude": 42.686073303222656, "longitude": 23.351226806640625, "raw_occupancy": 1, "timestamp": "2026-09-15 19:15:33" }, "geometry": { "type": "Point", "coordinates": [ 23.351226806640625, 42.686073303222656 ] } },
{ "type": "Feature", "properties": { "vehicle_id": "A1230", "latitude": 42.718837738037109, "longitude": 23.254114151000977, "raw_occupancy": 1, "timestamp": "2026-09-15 19:15:33" }, "geometry": { "type": "Point", "coordinates": [ 23.254114151000977, 42.718837738037109 ] } },
{ "type": "Feature", "properties": { "vehicle_id": "A1614", "latitude": 42.623222351074219, "longitude": 23.369873046875, "raw_occupancy": 0, "timestamp": "2026-09-15 19:15:33" }, "geometry": { "type": "Point", "coordinates": [ 23.369873046875, 42.623222351074219 ] } },
{ "type": "Feature", "properties": { "vehicle_id": "A3100", "latitude": 42.673492431640625, "longitude": 23.361370086669922, "raw_occupancy": 2, "timestamp": "2026-09-15 19:15:33" }, "geometry": { "type": "Point", "coordinates": [ 23.361370086669922, 42.673492431640625 ] } },
{ "type": "Feature", "properties": { "vehicle_id": "A3620", "latitude": 42.653964996337891, "longitude": 23.372129440307617, "raw_occupancy": 1, "timestamp": "2026-09-15 19:15:33" }, "geometry": { "type": "Point", "coordinates": [ 23.372129440307617, 42.653964996337891 ] } },
{ "type": "Feature", "properties": { "vehicle_id": "A2061", "latitude": 42.706367492675781, "longitude": 23.308088302612305, "raw_occupancy": 2, "timestamp": "2026-09-15 19:15:33" }, "geometry": { "type": "Point", "coordinates": [ 23.308088302612305, 42.706367492675781 ] } },
{ "type": "Feature", "properties": { "vehicle_id": "A3111", "latitude": 42.661975860595703, "longitude": 23.415477752685547, "raw_occupancy": 1, "timestamp": "2026-09-15 19:15:33" }, "geometry": { "type": "Point", "coordinates": [ 23.415477752685547, 42.661975860595703 ] } },
{ "type": "Feature", "properties": { "vehicle_id": "A7061", "latitude": 42.750526428222656, "longitude": 23.318470001220703, "raw_occupancy": 2, "timestamp": "2026-09-15 19:15:33" }, "geometry": { "type": "Point", "coordinates": [ 23.318470001220703, 42.750526428222656 ] } },
{ "type": "Feature", "properties": { "vehicle_id": "A3616", "latitude": 42.671619415283203, "longitude": 23.364053726196289, "raw_occupancy": 4, "timestamp": "2026-09-15 19:15:33" }, "geometry": { "type": "Point", "coordinates": [ 23.364053726196289, 42.671619415283203 ] } },
{ "type": "Feature", "properties": { "vehicle_id": "A2043", "latitude": 42.707344055175781, "longitude": 23.357246398925781, "raw_occupancy": 1, "timestamp": "2026-09-15 19:15:33" }, "geometry": { "type": "Point", "coordinates": [ 23.357246398925781, 42.707344055175781 ] } },
{ "type": "Feature", "properties": { "vehicle_id": "A7043", "latitude": 42.750072479248047, "longitude": 23.320339202880859, "raw_occupancy": 3, "timestamp": "2026-09-15 19:15:33" }, "geometry": { "type": "Point", "coordinates": [ 23.320339202880859, 42.750072479248047 ] } },
{ "type": "Feature", "properties": { "vehicle_id": "A2817", "latitude": 42.703952789306641, "longitude": 23.354892730712891, "raw_occupancy": 0, "timestamp": "2026-09-15 19:15:33" }, "geometry": { "type": "Point", "coordinates": [ 23.354892730712891, 42.703952789306641 ] } },
{ "type": "Feature", "properties": { "vehicle_id": "A3652", "latitude": 42.651901245117188, "longitude": 23.348236083984375, "raw_occupancy": 1, "timestamp": "2026-09-15 19:15:33" }, "geometry": { "type": "Point", "coordinates": [ 23.348236083984375, 42.651901245117188 ] } },
{ "type": "Feature", "properties": { "vehicle_id": "A1159", "latitude": 42.675289154052734, "longitude": 23.289751052856445, "raw_occupancy": 2, "timestamp": "2026-09-15 19:15:33" }, "geometry": { "type": "Point", "coordinates": [ 23.289751052856445, 42.675289154052734 ] } },
{ "type": "Feature", "properties": { "vehicle_id": "A2053", "latitude": 42.690013885498047, "longitude": 23.336017608642578, "raw_occupancy": 1, "timestamp": "2026-09-15 19:15:33" }, "geometry": { "type": "Point", "coordinates": [ 23.336017608642578, 42.690013885498047 ] } },
{ "type": "Feature", "properties": { "vehicle_id": "A3140", "latitude": 42.660617828369141, "longitude": 23.350341796875, "raw_occupancy": 1, "timestamp": "2026-09-15 19:15:33" }, "geometry": { "type": "Point", "coordinates": [ 23.350341796875, 42.660617828369141 ] } },
{ "type": "Feature", "properties": { "vehicle_id": "A1855", "latitude": 42.6683349609375, "longitude": 23.255697250366211, "raw_occupancy": 1, "timestamp": "2026-09-15 19:15:33" }, "geometry": { "type": "Point", "coordinates": [ 23.255697250366211, 42.6683349609375 ] } },
{ "type": "Feature", "properties": { "vehicle_id": "A3655", "latitude": 42.671653747558594, "longitude": 23.350625991821289, "raw_occupancy": 1, "timestamp": "2026-09-15 19:15:33" }, "geometry": { "type": "Point", "coordinates": [ 23.350625991821289, 42.671653747558594 ] } },
{ "type": "Feature", "properties": { "vehicle_id": "A2509", "latitude": 42.686927795410156, "longitude": 23.365859985351562, "raw_occupancy": 1, "timestamp": "2026-09-15 19:15:33" }, "geometry": { "type": "Point", "coordinates": [ 23.365859985351562, 42.686927795410156 ] } },
{ "type": "Feature", "properties": { "vehicle_id": "A2819", "latitude": 42.732532501220703, "longitude": 23.252035140991211, "raw_occupancy": 1, "timestamp": "2026-09-15 19:15:33" }, "geometry": { "type": "Point", "coordinates": [ 23.252035140991211, 42.732532501220703 ] } },
{ "type": "Feature", "properties": { "vehicle_id": "A1823", "latitude": 42.716156005859375, "longitude": 23.237419128417969, "raw_occupancy": 1, "timestamp": "2026-09-15 19:15:33" }, "geometry": { "type": "Point", "coordinates": [ 23.237419128417969, 42.716156005859375 ] } },
{ "type": "Feature", "properties": { "vehicle_id": "A1413", "latitude": 42.668857574462891, "longitude": 23.255336761474609, "raw_occupancy": 2, "timestamp": "2026-09-15 19:15:33" }, "geometry": { "type": "Point", "coordinates": [ 23.255336761474609, 42.668857574462891 ] } },
{ "type": "Feature", "properties": { "vehicle_id": "A1205", "latitude": 42.676582336425781, "longitude": 23.316892623901367, "raw_occupancy": 0, "timestamp": "2026-09-15 19:15:33" }, "geometry": { "type": "Point", "coordinates": [ 23.316892623901367, 42.676582336425781 ] } },
{ "type": "Feature", "properties": { "vehicle_id": "A2316", "latitude": 42.694244384765625, "longitude": 23.335908889770508, "raw_occupancy": 0, "timestamp": "2026-09-15 19:15:33" }, "geometry": { "type": "Point", "coordinates": [ 23.335908889770508, 42.694244384765625 ] } },
{ "type": "Feature", "properties": { "vehicle_id": "A3125", "latitude": 42.726882934570312, "longitude": 23.313615798950195, "raw_occupancy": 1, "timestamp": "2026-09-15 19:15:33" }, "geometry": { "type": "Point", "coordinates": [ 23.313615798950195, 42.726882934570312 ] } },
{ "type": "Feature", "properties": { "vehicle_id": "A1163", "latitude": 42.682735443115234, "longitude": 23.241550445556641, "raw_occupancy": 0, "timestamp": "2026-09-15 19:15:33" }, "geometry": { "type": "Point", "coordinates": [ 23.241550445556641, 42.682735443115234 ] } },
{ "type": "Feature", "properties": { "vehicle_id": "A1319", "latitude": 42.669235229492188, "longitude": 23.254636764526367, "raw_occupancy": 0, "timestamp": "2026-09-15 19:15:33" }, "geometry": { "type": "Point", "coordinates": [ 23.254636764526367, 42.669235229492188 ] } },
{ "type": "Feature", "properties": { "vehicle_id": "A3117", "latitude": 42.668495178222656, "longitude": 23.303493499755859, "raw_occupancy": 1, "timestamp": "2026-09-15 19:15:33" }, "geometry": { "type": "Point", "coordinates": [ 23.303493499755859, 42.668495178222656 ] } },
{ "type": "Feature", "properties": { "vehicle_id": "A1605", "latitude": 42.705471038818359, "longitude": 23.313304901123047, "raw_occupancy": 1, "timestamp": "2026-09-15 19:15:33" }, "geometry": { "type": "Point", "coordinates": [ 23.313304901123047, 42.705471038818359 ] } },
{ "type": "Feature", "properties": { "vehicle_id": "A1825", "latitude": 42.695480346679688, "longitude": 23.254463195800781, "raw_occupancy": 1, "timestamp": "2026-09-15 19:15:33" }, "geometry": { "type": "Point", "coordinates": [ 23.254463195800781, 42.695480346679688 ] } },
{ "type": "Feature", "properties": { "vehicle_id": "A2301", "latitude": 42.658130645751953, "longitude": 23.359138488769531, "raw_occupancy": 2, "timestamp": "2026-09-15 19:15:33" }, "geometry": { "type": "Point", "coordinates": [ 23.359138488769531, 42.658130645751953 ] } },
{ "type": "Feature", "properties": { "vehicle_id": "A2319", "latitude": 42.653171539306641, "longitude": 23.359725952148438, "raw_occupancy": 3, "timestamp": "2026-09-15 19:15:33" }, "geometry": { "type": "Point", "coordinates": [ 23.359725952148438, 42.653171539306641 ] } },
{ "type": "Feature", "properties": { "vehicle_id": "A3408", "latitude": 42.678886413574219, "longitude": 23.399875640869141, "raw_occupancy": 1, "timestamp": "2026-09-15 19:15:33" }, "geometry": { "type": "Point", "coordinates": [ 23.399875640869141, 42.678886413574219 ] } },
{ "type": "Feature", "properties": { "vehicle_id": "A7045", "latitude": 42.738853454589844, "longitude": 23.303031921386719, "raw_occupancy": 0, "timestamp": "2026-09-15 19:15:33" }, "geometry": { "type": "Point", "coordinates": [ 23.303031921386719, 42.738853454589844 ] } },
{ "type": "Feature", "properties": { "vehicle_id": "A7087", "latitude": 42.854515075683594, "longitude": 23.264678955078125, "raw_occupancy": 0, "timestamp": "2026-09-15 19:15:33" }, "geometry": { "type": "Point", "coordinates": [ 23.264678955078125, 42.854515075683594 ] } },
{ "type": "Feature", "properties": { "vehicle_id": "A1174", "latitude": 42.718364715576172, "longitude": 23.246730804443359, "raw_occupancy": 1, "timestamp": "2026-09-15 19:15:33" }, "geometry": { "type": "Point", "coordinates": [ 23.246730804443359, 42.718364715576172 ] } },
{ "type": "Feature", "properties": { "vehicle_id": "A3625", "latitude": 42.6685791015625, "longitude": 23.425014495849609, "raw_occupancy": 2, "timestamp": "2026-09-15 19:15:33" }, "geometry": { "type": "Point", "coordinates": [ 23.425014495849609, 42.6685791015625 ] } },
{ "type": "Feature", "properties": { "vehicle_id": "A3650", "latitude": 42.561309814453125, "longitude": 23.3651123046875, "raw_occupancy": 1, "timestamp": "2026-09-15 19:15:33" }, "geometry": { "type": "Point", "coordinates": [ 23.3651123046875, 42.561309814453125 ] } },
{ "type": "Feature", "properties": { "vehicle_id": "A2069", "latitude": 42.636447906494141, "longitude": 23.421665191650391, "raw_occupancy": 1, "timestamp": "2026-09-15 19:15:33" }, "geometry": { "type": "Point", "coordinates": [ 23.421665191650391, 42.636447906494141 ] } },
{ "type": "Feature", "properties": { "vehicle_id": "A2504", "latitude": 42.711505889892578, "longitude": 23.300327301025391, "raw_occupancy": 1, "timestamp": "2026-09-15 19:15:33" }, "geometry": { "type": "Point", "coordinates": [ 23.300327301025391, 42.711505889892578 ] } },
{ "type": "Feature", "properties": { "vehicle_id": "A7117", "latitude": 42.710948944091797, "longitude": 23.35057258605957, "raw_occupancy": 1, "timestamp": "2026-09-15 19:15:33" }, "geometry": { "type": "Point", "coordinates": [ 23.35057258605957, 42.710948944091797 ] } },
{ "type": "Feature", "properties": { "vehicle_id": "A7127", "latitude": 42.707450866699219, "longitude": 23.411338806152344, "raw_occupancy": 1, "timestamp": "2026-09-15 19:15:33" }, "geometry": { "type": "Point", "coordinates": [ 23.411338806152344, 42.707450866699219 ] } },
{ "type": "Feature", "properties": { "vehicle_id": "A2039", "latitude": 42.731109619140625, "longitude": 23.313262939453125, "raw_occupancy": 1, "timestamp": "2026-09-15 19:15:33" }, "geometry": { "type": "Point", "coordinates": [ 23.313262939453125, 42.731109619140625 ] } },
{ "type": "Feature", "properties": { "vehicle_id": "A2822", "latitude": 42.725051879882812, "longitude": 23.319316864013672, "raw_occupancy": 1, "timestamp": "2026-09-15 19:15:33" }, "geometry": { "type": "Point", "coordinates": [ 23.319316864013672, 42.725051879882812 ] } },
{ "type": "Feature", "properties": { "vehicle_id": "A1036", "latitude": 42.654106140136719, "longitude": 23.331012725830078, "raw_occupancy": 3, "timestamp": "2026-09-15 19:15:33" }, "geometry": { "type": "Point", "coordinates": [ 23.331012725830078, 42.654106140136719 ] } },
{ "type": "Feature", "properties": { "vehicle_id": "A1833", "latitude": 42.737884521484375, "longitude": 23.297359466552734, "raw_occupancy": 1, "timestamp": "2026-09-15 19:15:33" }, "geometry": { "type": "Point", "coordinates": [ 23.297359466552734, 42.737884521484375 ] } },
{ "type": "Feature", "properties": { "vehicle_id": "A7053", "latitude": 42.719646453857422, "longitude": 23.535282135009766, "raw_occupancy": 2, "timestamp": "2026-09-15 19:15:33" }, "geometry": { "type": "Point", "coordinates": [ 23.535282135009766, 42.719646453857422 ] } },
{ "type": "Feature", "properties": { "vehicle_id": "A1035", "latitude": 42.669502258300781, "longitude": 23.244806289672852, "raw_occupancy": 0, "timestamp": "2026-09-15 19:15:33" }, "geometry": { "type": "Point", "coordinates": [ 23.244806289672852, 42.669502258300781 ] } },
{ "type": "Feature", "properties": { "vehicle_id": "A1212", "latitude": 42.637115478515625, "longitude": 23.297849655151367, "raw_occupancy": 1, "timestamp": "2026-09-15 19:15:33" }, "geometry": { "type": "Point", "coordinates": [ 23.297849655151367, 42.637115478515625 ] } },
{ "type": "Feature", "properties": { "vehicle_id": "A2028", "latitude": 42.70428466796875, "longitude": 23.386455535888672, "raw_occupancy": 1, "timestamp": "2026-09-15 19:15:33" }, "geometry": { "type": "Point", "coordinates": [ 23.386455535888672, 42.70428466796875 ] } },
{ "type": "Feature", "properties": { "vehicle_id": "A3664", "latitude": 42.671089172363281, "longitude": 23.393768310546875, "raw_occupancy": 1, "timestamp": "2026-09-15 19:15:33" }, "geometry": { "type": "Point", "coordinates": [ 23.393768310546875, 42.671089172363281 ] } },
{ "type": "Feature", "properties": { "vehicle_id": "A7181", "latitude": 42.821533203125, "longitude": 23.290565490722656, "raw_occupancy": 0, "timestamp": "2026-09-15 19:15:33" }, "geometry": { "type": "Point", "coordinates": [ 23.290565490722656, 42.821533203125 ] } },
{ "type": "Feature", "properties": { "vehicle_id": "A1301", "latitude": 42.646476745605469, "longitude": 23.207382202148438, "raw_occupancy": 1, "timestamp": "2026-09-15 19:15:33" }, "geometry": { "type": "Point", "coordinates": [ 23.207382202148438, 42.646476745605469 ] } },
{ "type": "Feature", "properties": { "vehicle_id": "A3666", "latitude": 42.684131622314453, "longitude": 23.409267425537109, "raw_occupancy": 1, "timestamp": "2026-09-15 19:15:33" }, "geometry": { "type": "Point", "coordinates": [ 23.409267425537109, 42.684131622314453 ] } },
{ "type": "Feature", "properties": { "vehicle_id": "A3104", "latitude": 42.640579223632812, "longitude": 23.372234344482422, "raw_occupancy": 1, "timestamp": "2026-09-15 19:15:33" }, "geometry": { "type": "Point", "coordinates": [ 23.372234344482422, 42.640579223632812 ] } },
{ "type": "Feature", "properties": { "vehicle_id": "A3633", "latitude": 42.634376525878906, "longitude": 23.398809432983398, "raw_occupancy": 1, "timestamp": "2026-09-15 19:15:33" }, "geometry": { "type": "Point", "coordinates": [ 23.398809432983398, 42.634376525878906 ] } },
{ "type": "Feature", "properties": { "vehicle_id": "A2312", "latitude": 42.653717041015625, "longitude": 23.344442367553711, "raw_occupancy": 1, "timestamp": "2026-09-15 19:15:33" }, "geometry": { "type": "Point", "coordinates": [ 23.344442367553711, 42.653717041015625 ] } },
{ "type": "Feature", "properties": { "vehicle_id": "A7091", "latitude": 42.713161468505859, "longitude": 23.434087753295898, "raw_occupancy": 1, "timestamp": "2026-09-15 19:15:33" }, "geometry": { "type": "Point", "coordinates": [ 23.434087753295898, 42.713161468505859 ] } },
{ "type": "Feature", "properties": { "vehicle_id": "A3133", "latitude": 42.712894439697266, "longitude": 23.316516876220703, "raw_occupancy": 1, "timestamp": "2026-09-15 19:15:33" }, "geometry": { "type": "Point", "coordinates": [ 23.316516876220703, 42.712894439697266 ] } },
{ "type": "Feature", "properties": { "vehicle_id": "A1807", "latitude": 42.702724456787109, "longitude": 23.285778045654297, "raw_occupancy": 1, "timestamp": "2026-09-15 19:15:33" }, "geometry": { "type": "Point", "coordinates": [ 23.285778045654297, 42.702724456787109 ] } },
{ "type": "Feature", "properties": { "vehicle_id": "A2088", "latitude": 42.710811614990234, "longitude": 23.384454727172852, "raw_occupancy": 1, "timestamp": "2026-09-15 19:15:33" }, "geometry": { "type": "Point", "coordinates": [ 23.384454727172852, 42.710811614990234 ] } },
{ "type": "Feature", "properties": { "vehicle_id": "A3632", "latitude": 42.637916564941406, "longitude": 23.411392211914062, "raw_occupancy": 1, "timestamp": "2026-09-15 19:15:33" }, "geometry": { "type": "Point", "coordinates": [ 23.411392211914062, 42.637916564941406 ] } },
{ "type": "Feature", "properties": { "vehicle_id": "A7149", "latitude": 42.717388153076172, "longitude": 23.354833602905273, "raw_occupancy": 3, "timestamp": "2026-09-15 19:15:33" }, "geometry": { "type": "Point", "coordinates": [ 23.354833602905273, 42.717388153076172 ] } },
{ "type": "Feature", "properties": { "vehicle_id": "A2082", "latitude": 42.653621673583984, "longitude": 23.315774917602539, "raw_occupancy": 4, "timestamp": "2026-09-15 19:15:33" }, "geometry": { "type": "Point", "coordinates": [ 23.315774917602539, 42.653621673583984 ] } },
{ "type": "Feature", "properties": { "vehicle_id": "A2074", "latitude": 42.6541748046875, "longitude": 23.388200759887695, "raw_occupancy": 1, "timestamp": "2026-09-15 19:15:33" }, "geometry": { "type": "Point", "coordinates": [ 23.388200759887695, 42.6541748046875 ] } },
{ "type": "Feature", "properties": { "vehicle_id": "A3605", "latitude": 42.606430053710938, "longitude": 23.469942092895508, "raw_occupancy": 0, "timestamp": "2026-09-15 19:15:33" }, "geometry": { "type": "Point", "coordinates": [ 23.469942092895508, 42.606430053710938 ] } },
{ "type": "Feature", "properties": { "vehicle_id": "A2038", "latitude": 42.679275512695312, "longitude": 23.321788787841797, "raw_occupancy": 1, "timestamp": "2026-09-15 19:15:33" }, "geometry": { "type": "Point", "coordinates": [ 23.321788787841797, 42.679275512695312 ] } },
{ "type": "Feature", "properties": { "vehicle_id": "A2814", "latitude": 42.628227233886719, "longitude": 23.372961044311523, "raw_occupancy": 0, "timestamp": "2026-09-15 19:15:33" }, "geometry": { "type": "Point", "coordinates": [ 23.372961044311523, 42.628227233886719 ] } },
{ "type": "Feature", "properties": { "vehicle_id": "A1170", "latitude": 42.686374664306641, "longitude": 23.274930953979492, "raw_occupancy": 3, "timestamp": "2026-09-15 19:15:33" }, "geometry": { "type": "Point", "coordinates": [ 23.274930953979492, 42.686374664306641 ] } },
{ "type": "Feature", "properties": { "vehicle_id": "A2010", "latitude": 42.706253051757812, "longitude": 23.301658630371094, "raw_occupancy": 1, "timestamp": "2026-09-15 19:15:33" }, "geometry": { "type": "Point", "coordinates": [ 23.301658630371094, 42.706253051757812 ] } },
{ "type": "Feature", "properties": { "vehicle_id": "A3603", "latitude": 42.709861755371094, "longitude": 23.418844223022461, "raw_occupancy": 1, "timestamp": "2026-09-15 19:15:33" }, "geometry": { "type": "Point", "coordinates": [ 23.418844223022461, 42.709861755371094 ] } },
{ "type": "Feature", "properties": { "vehicle_id": "A1215", "latitude": 42.666793823242188, "longitude": 23.275938034057617, "raw_occupancy": 1, "timestamp": "2026-09-15 19:15:33" }, "geometry": { "type": "Point", "coordinates": [ 23.275938034057617, 42.666793823242188 ] } },
{ "type": "Feature", "properties": { "vehicle_id": "A3659", "latitude": 42.688434600830078, "longitude": 23.303356170654297, "raw_occupancy": 0, "timestamp": "2026-09-15 19:15:33" }, "geometry": { "type": "Point", "coordinates": [ 23.303356170654297, 42.688434600830078 ] } },
{ "type": "Feature", "properties": { "vehicle_id": "A1313", "latitude": 42.622356414794922, "longitude": 23.228878021240234, "raw_occupancy": 0, "timestamp": "2026-09-15 19:15:33" }, "geometry": { "type": "Point", "coordinates": [ 23.228878021240234, 42.622356414794922 ] } },
{ "type": "Feature", "properties": { "vehicle_id": "A1229", "latitude": 42.707836151123047, "longitude": 23.145809173583984, "raw_occupancy": 1, "timestamp": "2026-09-15 19:15:33" }, "geometry": { "type": "Point", "coordinates": [ 23.145809173583984, 42.707836151123047 ] } },
{ "type": "Feature", "properties": { "vehicle_id": "A2807", "latitude": 42.726421356201172, "longitude": 23.262487411499023, "raw_occupancy": 2, "timestamp": "2026-09-15 19:15:33" }, "geometry": { "type": "Point", "coordinates": [ 23.262487411499023, 42.726421356201172 ] } },
{ "type": "Feature", "properties": { "vehicle_id": "A7141", "latitude": 42.709270477294922, "longitude": 23.318428039550781, "raw_occupancy": 0, "timestamp": "2026-09-15 19:15:33" }, "geometry": { "type": "Point", "coordinates": [ 23.318428039550781, 42.709270477294922 ] } },
{ "type": "Feature", "properties": { "vehicle_id": "A3153", "latitude": 42.657932281494141, "longitude": 23.397762298583984, "raw_occupancy": 1, "timestamp": "2026-09-15 19:15:33" }, "geometry": { "type": "Point", "coordinates": [ 23.397762298583984, 42.657932281494141 ] } },
{ "type": "Feature", "properties": { "vehicle_id": "A2033", "latitude": 42.667552947998047, "longitude": 23.325508117675781, "raw_occupancy": 1, "timestamp": "2026-09-15 19:15:33" }, "geometry": { "type": "Point", "coordinates": [ 23.325508117675781, 42.667552947998047 ] } },
{ "type": "Feature", "properties": { "vehicle_id": "A3606", "latitude": 42.603870391845703, "longitude": 23.367635726928711, "raw_occupancy": 0, "timestamp": "2026-09-15 19:15:33" }, "geometry": { "type": "Point", "coordinates": [ 23.367635726928711, 42.603870391845703 ] } },
{ "type": "Feature", "properties": { "vehicle_id": "A2501", "latitude": 42.707359313964844, "longitude": 23.356115341186523, "raw_occupancy": 0, "timestamp": "2026-09-15 19:15:33" }, "geometry": { "type": "Point", "coordinates": [ 23.356115341186523, 42.707359313964844 ] } },
{ "type": "Feature", "properties": { "vehicle_id": "A2058", "latitude": 42.695629119873047, "longitude": 23.360696792602539, "raw_occupancy": 2, "timestamp": "2026-09-15 19:15:33" }, "geometry": { "type": "Point", "coordinates": [ 23.360696792602539, 42.695629119873047 ] } },
{ "type": "Feature", "properties": { "vehicle_id": "A7111", "latitude": 42.727123260498047, "longitude": 23.262401580810547, "raw_occupancy": 0, "timestamp": "2026-09-15 19:15:33" }, "geometry": { "type": "Point", "coordinates": [ 23.262401580810547, 42.727123260498047 ] } },
{ "type": "Feature", "properties": { "vehicle_id": "A1404", "latitude": 42.648548126220703, "longitude": 23.263620376586914, "raw_occupancy": 1, "timestamp": "2026-09-15 19:15:33" }, "geometry": { "type": "Point", "coordinates": [ 23.263620376586914, 42.648548126220703 ] } },
{ "type": "Feature", "properties": { "vehicle_id": "A1821", "latitude": 42.639701843261719, "longitude": 23.316749572753906, "raw_occupancy": 1, "timestamp": "2026-09-15 19:15:33" }, "geometry": { "type": "Point", "coordinates": [ 23.316749572753906, 42.639701843261719 ] } },
{ "type": "Feature", "properties": { "vehicle_id": "A2165", "latitude": 42.705303192138672, "longitude": 23.332468032836914, "raw_occupancy": 0, "timestamp": "2026-09-15 19:15:33" }, "geometry": { "type": "Point", "coordinates": [ 23.332468032836914, 42.705303192138672 ] } },
{ "type": "Feature", "properties": { "vehicle_id": "A1405", "latitude": 42.634437561035156, "longitude": 23.310390472412109, "raw_occupancy": 1, "timestamp": "2026-09-15 19:15:33" }, "geometry": { "type": "Point", "coordinates": [ 23.310390472412109, 42.634437561035156 ] } },
{ "type": "Feature", "properties": { "vehicle_id": "A2507", "latitude": 42.69244384765625, "longitude": 23.343917846679688, "raw_occupancy": 3, "timestamp": "2026-09-15 19:15:33" }, "geometry": { "type": "Point", "coordinates": [ 23.343917846679688, 42.69244384765625 ] } },
{ "type": "Feature", "properties": { "vehicle_id": "A1618", "latitude": 42.684619903564453, "longitude": 23.240322113037109, "raw_occupancy": 1, "timestamp": "2026-09-15 19:15:33" }, "geometry": { "type": "Point", "coordinates": [ 23.240322113037109, 42.684619903564453 ] } },
{ "type": "Feature", "properties": { "vehicle_id": "A3410", "latitude": 42.657268524169922, "longitude": 23.401481628417969, "raw_occupancy": 1, "timestamp": "2026-09-15 19:15:33" }, "geometry": { "type": "Point", "coordinates": [ 23.401481628417969, 42.657268524169922 ] } },
{ "type": "Feature", "properties": { "vehicle_id": "A2720", "latitude": 42.821830749511719, "longitude": 23.282861709594727, "raw_occupancy": 0, "timestamp": "2026-09-15 19:15:33" }, "geometry": { "type": "Point", "coordinates": [ 23.282861709594727, 42.821830749511719 ] } },
{ "type": "Feature", "properties": { "vehicle_id": "A2001", "latitude": 42.656570434570312, "longitude": 23.327659606933594, "raw_occupancy": 0, "timestamp": "2026-09-15 19:15:33" }, "geometry": { "type": "Point", "coordinates": [ 23.327659606933594, 42.656570434570312 ] } },
{ "type": "Feature", "properties": { "vehicle_id": "A1179", "latitude": 42.672798156738281, "longitude": 23.335803985595703, "raw_occupancy": 3, "timestamp": "2026-09-15 19:15:33" }, "geometry": { "type": "Point", "coordinates": [ 23.335803985595703, 42.672798156738281 ] } },
{ "type": "Feature", "properties": { "vehicle_id": "A3014", "latitude": 42.692623138427734, "longitude": 23.343950271606445, "raw_occupancy": 2, "timestamp": "2026-09-15 19:15:33" }, "geometry": { "type": "Point", "coordinates": [ 23.343950271606445, 42.692623138427734 ] } },
{ "type": "Feature", "properties": { "vehicle_id": "A2517", "latitude": 42.535076141357422, "longitude": 23.365667343139648, "raw_occupancy": 0, "timestamp": "2026-09-15 19:15:33" }, "geometry": { "type": "Point", "coordinates": [ 23.365667343139648, 42.535076141357422 ] } },
{ "type": "Feature", "properties": { "vehicle_id": "A3131", "latitude": 42.624992370605469, "longitude": 23.385360717773438, "raw_occupancy": 0, "timestamp": "2026-09-15 19:15:33" }, "geometry": { "type": "Point", "coordinates": [ 23.385360717773438, 42.624992370605469 ] } },
{ "type": "Feature", "properties": { "vehicle_id": "A2060", "latitude": 42.576164245605469, "longitude": 23.42799186706543, "raw_occupancy": 0, "timestamp": "2026-09-15 19:15:33" }, "geometry": { "type": "Point", "coordinates": [ 23.42799186706543, 42.576164245605469 ] } },
{ "type": "Feature", "properties": { "vehicle_id": "A1150", "latitude": 42.684967041015625, "longitude": 23.274837493896484, "raw_occupancy": 1, "timestamp": "2026-09-15 19:15:33" }, "geometry": { "type": "Point", "coordinates": [ 23.274837493896484, 42.684967041015625 ] } },
{ "type": "Feature", "properties": { "vehicle_id": "A7151", "latitude": 42.772346496582031, "longitude": 23.362335205078125, "raw_occupancy": 1, "timestamp": "2026-09-15 19:15:33" }, "geometry": { "type": "Point", "coordinates": [ 23.362335205078125, 42.772346496582031 ] } },
{ "type": "Feature", "properties": { "vehicle_id": "A3136", "latitude": 42.652912139892578, "longitude": 23.380144119262695, "raw_occupancy": 2, "timestamp": "2026-09-15 19:15:33" }, "geometry": { "type": "Point", "coordinates": [ 23.380144119262695, 42.652912139892578 ] } },
{ "type": "Feature", "properties": { "vehicle_id": "A1421", "latitude": 42.632450103759766, "longitude": 23.312091827392578, "raw_occupancy": 3, "timestamp": "2026-09-15 19:15:33" }, "geometry": { "type": "Point", "coordinates": [ 23.312091827392578, 42.632450103759766 ] } },
{ "type": "Feature", "properties": { "vehicle_id": "A2076", "latitude": 42.628013610839844, "longitude": 23.407541275024414, "raw_occupancy": 3, "timestamp": "2026-09-15 19:15:33" }, "geometry": { "type": "Point", "coordinates": [ 23.407541275024414, 42.628013610839844 ] } },
{ "type": "Feature", "properties": { "vehicle_id": "A3119", "latitude": 42.658229827880859, "longitude": 23.342090606689453, "raw_occupancy": 2, "timestamp": "2026-09-15 19:15:33" }, "geometry": { "type": "Point", "coordinates": [ 23.342090606689453, 42.658229827880859 ] } },
{ "type": "Feature", "properties": { "vehicle_id": "A3158", "latitude": 42.671737670898438, "longitude": 23.283710479736328, "raw_occupancy": 1, "timestamp": "2026-09-15 19:15:33" }, "geometry": { "type": "Point", "coordinates": [ 23.283710479736328, 42.671737670898438 ] } },
{ "type": "Feature", "properties": { "vehicle_id": "A7147", "latitude": 42.781608581542969, "longitude": 23.273880004882812, "raw_occupancy": 0, "timestamp": "2026-09-15 19:15:33" }, "geometry": { "type": "Point", "coordinates": [ 23.273880004882812, 42.781608581542969 ] } },
{ "type": "Feature", "properties": { "vehicle_id": "A2519", "latitude": 42.677745819091797, "longitude": 23.360311508178711, "raw_occupancy": 1, "timestamp": "2026-09-15 19:15:33" }, "geometry": { "type": "Point", "coordinates": [ 23.360311508178711, 42.677745819091797 ] } },
{ "type": "Feature", "properties": { "vehicle_id": "A2502", "latitude": 42.630245208740234, "longitude": 23.315439224243164, "raw_occupancy": 1, "timestamp": "2026-09-15 19:15:33" }, "geometry": { "type": "Point", "coordinates": [ 23.315439224243164, 42.630245208740234 ] } },
{ "type": "Feature", "properties": { "vehicle_id": "A1616", "latitude": 42.696090698242188, "longitude": 23.361492156982422, "raw_occupancy": 2, "timestamp": "2026-09-15 19:15:33" }, "geometry": { "type": "Point", "coordinates": [ 23.361492156982422, 42.696090698242188 ] } },
{ "type": "Feature", "properties": { "vehicle_id": "A2020", "latitude": 42.653694152832031, "longitude": 23.345165252685547, "raw_occupancy": 0, "timestamp": "2026-09-15 19:15:33" }, "geometry": { "type": "Point", "coordinates": [ 23.345165252685547, 42.653694152832031 ] } },
{ "type": "Feature", "properties": { "vehicle_id": "A1169", "latitude": 42.701023101806641, "longitude": 23.297452926635742, "raw_occupancy": 2, "timestamp": "2026-09-15 19:15:33" }, "geometry": { "type": "Point", "coordinates": [ 23.297452926635742, 42.701023101806641 ] } },
{ "type": "Feature", "properties": { "vehicle_id": "A3651", "latitude": 42.640331268310547, "longitude": 23.374666213989258, "raw_occupancy": 1, "timestamp": "2026-09-15 19:15:33" }, "geometry": { "type": "Point", "coordinates": [ 23.374666213989258, 42.640331268310547 ] } },
{ "type": "Feature", "properties": { "vehicle_id": "A3134", "latitude": 42.660377502441406, "longitude": 23.34965705871582, "raw_occupancy": 2, "timestamp": "2026-09-15 19:15:33" }, "geometry": { "type": "Point", "coordinates": [ 23.34965705871582, 42.660377502441406 ] } },
{ "type": "Feature", "properties": { "vehicle_id": "A3112", "latitude": 42.676998138427734, "longitude": 23.303300857543945, "raw_occupancy": 1, "timestamp": "2026-09-15 19:15:33" }, "geometry": { "type": "Point", "coordinates": [ 23.303300857543945, 42.676998138427734 ] } },
{ "type": "Feature", "properties": { "vehicle_id": "A1604", "latitude": 42.684268951416016, "longitude": 23.24119758605957, "raw_occupancy": 0, "timestamp": "2026-09-15 19:15:33" }, "geometry": { "type": "Point", "coordinates": [ 23.24119758605957, 42.684268951416016 ] } },
{ "type": "Feature", "properties": { "vehicle_id": "A1182", "latitude": 42.6636962890625, "longitude": 23.302707672119141, "raw_occupancy": 1, "timestamp": "2026-09-15 19:15:33" }, "geometry": { "type": "Point", "coordinates": [ 23.302707672119141, 42.6636962890625 ] } },
{ "type": "Feature", "properties": { "vehicle_id": "A1619", "latitude": 42.686614990234375, "longitude": 23.265876770019531, "raw_occupancy": 1, "timestamp": "2026-09-15 19:15:33" }, "geometry": { "type": "Point", "coordinates": [ 23.265876770019531, 42.686614990234375 ] } },
{ "type": "Feature", "properties": { "vehicle_id": "A1425", "latitude": 42.646926879882812, "longitude": 23.3763427734375, "raw_occupancy": 1, "timestamp": "2026-09-15 19:15:33" }, "geometry": { "type": "Point", "coordinates": [ 23.3763427734375, 42.646926879882812 ] } },
{ "type": "Feature", "properties": { "vehicle_id": "A7169", "latitude": 42.776973724365234, "longitude": 23.495559692382812, "raw_occupancy": 1, "timestamp": "2026-09-15 19:15:33" }, "geometry": { "type": "Point", "coordinates": [ 23.495559692382812, 42.776973724365234 ] } },
{ "type": "Feature", "properties": { "vehicle_id": "A2000", "latitude": 42.698860168457031, "longitude": 23.335384368896484, "raw_occupancy": 0, "timestamp": "2026-09-15 19:15:33" }, "geometry": { "type": "Point", "coordinates": [ 23.335384368896484, 42.698860168457031 ] } },
{ "type": "Feature", "properties": { "vehicle_id": "A1617", "latitude": 42.701950073242188, "longitude": 23.297708511352539, "raw_occupancy": 1, "timestamp": "2026-09-15 19:15:33" }, "geometry": { "type": "Point", "coordinates": [ 23.297708511352539, 42.701950073242188 ] } },
{ "type": "Feature", "properties": { "vehicle_id": "A1127", "latitude": 42.745132446289062, "longitude": 23.228963851928711, "raw_occupancy": 1, "timestamp": "2026-09-15 19:15:33" }, "geometry": { "type": "Point", "coordinates": [ 23.228963851928711, 42.745132446289062 ] } },
{ "type": "Feature", "properties": { "vehicle_id": "A1175", "latitude": 42.659141540527344, "longitude": 23.315811157226562, "raw_occupancy": 1, "timestamp": "2026-09-15 19:15:33" }, "geometry": { "type": "Point", "coordinates": [ 23.315811157226562, 42.659141540527344 ] } },
{ "type": "Feature", "properties": { "vehicle_id": "A1157", "latitude": 42.684112548828125, "longitude": 23.276506423950195, "raw_occupancy": 2, "timestamp": "2026-09-15 19:15:33" }, "geometry": { "type": "Point", "coordinates": [ 23.276506423950195, 42.684112548828125 ] } },
{ "type": "Feature", "properties": { "vehicle_id": "A3124", "latitude": 42.67864990234375, "longitude": 23.354148864746094, "raw_occupancy": 1, "timestamp": "2026-09-15 19:15:33" }, "geometry": { "type": "Point", "coordinates": [ 23.354148864746094, 42.67864990234375 ] } },
{ "type": "Feature", "properties": { "vehicle_id": "A1613", "latitude": 42.727214813232422, "longitude": 23.261054992675781, "raw_occupancy": 1, "timestamp": "2026-09-15 19:15:33" }, "geometry": { "type": "Point", "coordinates": [ 23.261054992675781, 42.727214813232422 ] } },
{ "type": "Feature", "properties": { "vehicle_id": "A3149", "latitude": 42.641044616699219, "longitude": 23.412530899047852, "raw_occupancy": 0, "timestamp": "2026-09-15 19:15:33" }, "geometry": { "type": "Point", "coordinates": [ 23.412530899047852, 42.641044616699219 ] } },
{ "type": "Feature", "properties": { "vehicle_id": "A7103", "latitude": 42.706951141357422, "longitude": 23.339303970336914, "raw_occupancy": 1, "timestamp": "2026-09-15 19:15:33" }, "geometry": { "type": "Point", "coordinates": [ 23.339303970336914, 42.706951141357422 ] } },
{ "type": "Feature", "properties": { "vehicle_id": "A2315", "latitude": 42.685554504394531, "longitude": 23.344379425048828, "raw_occupancy": 1, "timestamp": "2026-09-15 19:15:33" }, "geometry": { "type": "Point", "coordinates": [ 23.344379425048828, 42.685554504394531 ] } },
{ "type": "Feature", "properties": { "vehicle_id": "A1125", "latitude": 42.759647369384766, "longitude": 23.203977584838867, "raw_occupancy": 1, "timestamp": "2026-09-15 19:15:33" }, "geometry": { "type": "Point", "coordinates": [ 23.203977584838867, 42.759647369384766 ] } },
{ "type": "Feature", "properties": { "vehicle_id": "A1152", "latitude": 42.673408508300781, "longitude": 23.335386276245117, "raw_occupancy": 1, "timestamp": "2026-09-15 19:15:33" }, "geometry": { "type": "Point", "coordinates": [ 23.335386276245117, 42.673408508300781 ] } },
{ "type": "Feature", "properties": { "vehicle_id": "A7157", "latitude": 42.736492156982422, "longitude": 23.48328971862793, "raw_occupancy": 1, "timestamp": "2026-09-15 19:15:33" }, "geometry": { "type": "Point", "coordinates": [ 23.48328971862793, 42.736492156982422 ] } },
{ "type": "Feature", "properties": { "vehicle_id": "A7083", "latitude": 42.719692230224609, "longitude": 23.444198608398438, "raw_occupancy": 1, "timestamp": "2026-09-15 19:15:33" }, "geometry": { "type": "Point", "coordinates": [ 23.444198608398438, 42.719692230224609 ] } },
{ "type": "Feature", "properties": { "vehicle_id": "A7161", "latitude": 42.711055755615234, "longitude": 23.309934616088867, "raw_occupancy": 2, "timestamp": "2026-09-15 19:15:33" }, "geometry": { "type": "Point", "coordinates": [ 23.309934616088867, 42.711055755615234 ] } },
{ "type": "Feature", "properties": { "vehicle_id": "A3621", "latitude": 42.669143676757812, "longitude": 23.425624847412109, "raw_occupancy": 2, "timestamp": "2026-09-15 19:15:33" }, "geometry": { "type": "Point", "coordinates": [ 23.425624847412109, 42.669143676757812 ] } },
{ "type": "Feature", "properties": { "vehicle_id": "A1426", "latitude": 42.708225250244141, "longitude": 23.23033332824707, "raw_occupancy": 0, "timestamp": "2026-09-15 19:15:33" }, "geometry": { "type": "Point", "coordinates": [ 23.23033332824707, 42.708225250244141 ] } },
{ "type": "Feature", "properties": { "vehicle_id": "A1853", "latitude": 42.70831298828125, "longitude": 23.151317596435547, "raw_occupancy": 1, "timestamp": "2026-09-15 19:15:33" }, "geometry": { "type": "Point", "coordinates": [ 23.151317596435547, 42.70831298828125 ] } },
{ "type": "Feature", "properties": { "vehicle_id": "A1609", "latitude": 42.702190399169922, "longitude": 23.33892822265625, "raw_occupancy": 1, "timestamp": "2026-09-15 19:15:33" }, "geometry": { "type": "Point", "coordinates": [ 23.33892822265625, 42.702190399169922 ] } },
{ "type": "Feature", "properties": { "vehicle_id": "A1208", "latitude": 42.645950317382812, "longitude": 23.314380645751953, "raw_occupancy": 2, "timestamp": "2026-09-15 19:15:33" }, "geometry": { "type": "Point", "coordinates": [ 23.314380645751953, 42.645950317382812 ] } },
{ "type": "Feature", "properties": { "vehicle_id": "A7129", "latitude": 42.713424682617188, "longitude": 23.356832504272461, "raw_occupancy": 0, "timestamp": "2026-09-15 19:15:33" }, "geometry": { "type": "Point", "coordinates": [ 23.356832504272461, 42.713424682617188 ] } },
{ "type": "Feature", "properties": { "vehicle_id": "A3135", "latitude": 42.651237487792969, "longitude": 23.413904190063477, "raw_occupancy": 1, "timestamp": "2026-09-15 19:15:33" }, "geometry": { "type": "Point", "coordinates": [ 23.413904190063477, 42.651237487792969 ] } },
{ "type": "Feature", "properties": { "vehicle_id": "A7119", "latitude": 42.803913116455078, "longitude": 23.345193862915039, "raw_occupancy": 1, "timestamp": "2026-09-15 19:15:33" }, "geometry": { "type": "Point", "coordinates": [ 23.345193862915039, 42.803913116455078 ] } },
{ "type": "Feature", "properties": { "vehicle_id": "A2034", "latitude": 42.667751312255859, "longitude": 23.327056884765625, "raw_occupancy": 2, "timestamp": "2026-09-15 19:15:33" }, "geometry": { "type": "Point", "coordinates": [ 23.327056884765625, 42.667751312255859 ] } },
{ "type": "Feature", "properties": { "vehicle_id": "A2728", "latitude": 42.716335296630859, "longitude": 23.32227897644043, "raw_occupancy": 0, "timestamp": "2026-09-15 19:15:33" }, "geometry": { "type": "Point", "coordinates": [ 23.32227897644043, 42.716335296630859 ] } },
{ "type": "Feature", "properties": { "vehicle_id": "A2065", "latitude": 42.820724487304688, "longitude": 23.368940353393555, "raw_occupancy": 1, "timestamp": "2026-09-15 19:15:33" }, "geometry": { "type": "Point", "coordinates": [ 23.368940353393555, 42.820724487304688 ] } },
{ "type": "Feature", "properties": { "vehicle_id": "A3151", "latitude": 42.658149719238281, "longitude": 23.328474044799805, "raw_occupancy": 0, "timestamp": "2026-09-15 19:15:33" }, "geometry": { "type": "Point", "coordinates": [ 23.328474044799805, 42.658149719238281 ] } },
{ "type": "Feature", "properties": { "vehicle_id": "A3115", "latitude": 42.696090698242188, "longitude": 23.361955642700195, "raw_occupancy": 1, "timestamp": "2026-09-15 19:15:33" }, "geometry": { "type": "Point", "coordinates": [ 23.361955642700195, 42.696090698242188 ] } },
{ "type": "Feature", "properties": { "vehicle_id": "A1835", "latitude": 42.727535247802734, "longitude": 23.112939834594727, "raw_occupancy": 0, "timestamp": "2026-09-15 19:15:33" }, "geometry": { "type": "Point", "coordinates": [ 23.112939834594727, 42.727535247802734 ] } },
{ "type": "Feature", "properties": { "vehicle_id": "A2032", "latitude": 42.688911437988281, "longitude": 23.334306716918945, "raw_occupancy": 0, "timestamp": "2026-09-15 19:15:33" }, "geometry": { "type": "Point", "coordinates": [ 23.334306716918945, 42.688911437988281 ] } },
{ "type": "Feature", "properties": { "vehicle_id": "A1168", "latitude": 42.682571411132812, "longitude": 23.320430755615234, "raw_occupancy": 2, "timestamp": "2026-09-15 19:15:33" }, "geometry": { "type": "Point", "coordinates": [ 23.320430755615234, 42.682571411132812 ] } },
{ "type": "Feature", "properties": { "vehicle_id": "A7065", "latitude": 42.705730438232422, "longitude": 23.316938400268555, "raw_occupancy": 1, "timestamp": "2026-09-15 19:15:33" }, "geometry": { "type": "Point", "coordinates": [ 23.316938400268555, 42.705730438232422 ] } },
{ "type": "Feature", "properties": { "vehicle_id": "A2302", "latitude": 42.647716522216797, "longitude": 23.341682434082031, "raw_occupancy": 1, "timestamp": "2026-09-15 19:15:33" }, "geometry": { "type": "Point", "coordinates": [ 23.341682434082031, 42.647716522216797 ] } },
{ "type": "Feature", "properties": { "vehicle_id": "A3656", "latitude": 42.696483612060547, "longitude": 23.346794128417969, "raw_occupancy": 2, "timestamp": "2026-09-15 19:15:33" }, "geometry": { "type": "Point", "coordinates": [ 23.346794128417969, 42.696483612060547 ] } },
{ "type": "Feature", "properties": { "vehicle_id": "A2815", "latitude": 42.745121002197266, "longitude": 23.348249435424805, "raw_occupancy": 1, "timestamp": "2026-09-15 19:15:33" }, "geometry": { "type": "Point", "coordinates": [ 23.348249435424805, 42.745121002197266 ] } },
{ "type": "Feature", "properties": { "vehicle_id": "A2605", "latitude": 42.702072143554688, "longitude": 23.355274200439453, "raw_occupancy": 1, "timestamp": "2026-09-15 19:15:33" }, "geometry": { "type": "Point", "coordinates": [ 23.355274200439453, 42.702072143554688 ] } },
{ "type": "Feature", "properties": { "vehicle_id": "A2047", "latitude": 42.758724212646484, "longitude": 23.320831298828125, "raw_occupancy": 1, "timestamp": "2026-09-15 19:15:33" }, "geometry": { "type": "Point", "coordinates": [ 23.320831298828125, 42.758724212646484 ] } },
{ "type": "Feature", "properties": { "vehicle_id": "A2514", "latitude": 42.688068389892578, "longitude": 23.333930969238281, "raw_occupancy": 2, "timestamp": "2026-09-15 19:15:33" }, "geometry": { "type": "Point", "coordinates": [ 23.333930969238281, 42.688068389892578 ] } },
{ "type": "Feature", "properties": { "vehicle_id": "A1154", "latitude": 42.657516479492188, "longitude": 23.337242126464844, "raw_occupancy": 1, "timestamp": "2026-09-15 19:15:33" }, "geometry": { "type": "Point", "coordinates": [ 23.337242126464844, 42.657516479492188 ] } },
{ "type": "Feature", "properties": { "vehicle_id": "A2048", "latitude": 42.642940521240234, "longitude": 23.40144157409668, "raw_occupancy": 1, "timestamp": "2026-09-15 19:15:33" }, "geometry": { "type": "Point", "coordinates": [ 23.40144157409668, 42.642940521240234 ] } },
{ "type": "Feature", "properties": { "vehicle_id": "A1181", "latitude": 42.717514038085938, "longitude": 23.279197692871094, "raw_occupancy": 0, "timestamp": "2026-09-15 19:15:33" }, "geometry": { "type": "Point", "coordinates": [ 23.279197692871094, 42.717514038085938 ] } },
{ "type": "Feature", "properties": { "vehicle_id": "A3110", "latitude": 42.684837341308594, "longitude": 23.345745086669922, "raw_occupancy": 2, "timestamp": "2026-09-15 19:15:33" }, "geometry": { "type": "Point", "coordinates": [ 23.345745086669922, 42.684837341308594 ] } },
{ "type": "Feature", "properties": { "vehicle_id": "A2075", "latitude": 42.605461120605469, "longitude": 23.471385955810547, "raw_occupancy": 1, "timestamp": "2026-09-15 19:15:33" }, "geometry": { "type": "Point", "coordinates": [ 23.471385955810547, 42.605461120605469 ] } },
{ "type": "Feature", "properties": { "vehicle_id": "A2140", "latitude": 42.703128814697266, "longitude": 23.359659194946289, "raw_occupancy": 1, "timestamp": "2026-09-15 19:15:33" }, "geometry": { "type": "Point", "coordinates": [ 23.359659194946289, 42.703128814697266 ] } },
{ "type": "Feature", "properties": { "vehicle_id": "A3144", "latitude": 42.671382904052734, "longitude": 23.283102035522461, "raw_occupancy": 1, "timestamp": "2026-09-15 19:15:33" }, "geometry": { "type": "Point", "coordinates": [ 23.283102035522461, 42.671382904052734 ] } },
{ "type": "Feature", "properties": { "vehicle_id": "A1620", "latitude": 42.686023712158203, "longitude": 23.234983444213867, "raw_occupancy": 3, "timestamp": "2026-09-15 19:15:33" }, "geometry": { "type": "Point", "coordinates": [ 23.234983444213867, 42.686023712158203 ] } },
{ "type": "Feature", "properties": { "vehicle_id": "A2030", "latitude": 42.696922302246094, "longitude": 23.35175895690918, "raw_occupancy": 2, "timestamp": "2026-09-15 19:15:33" }, "geometry": { "type": "Point", "coordinates": [ 23.35175895690918, 42.696922302246094 ] } },
{ "type": "Feature", "properties": { "vehicle_id": "A1837", "latitude": 42.725276947021484, "longitude": 23.260763168334961, "raw_occupancy": 1, "timestamp": "2026-09-15 19:15:33" }, "geometry": { "type": "Point", "coordinates": [ 23.260763168334961, 42.725276947021484 ] } },
{ "type": "Feature", "properties": { "vehicle_id": "A7099", "latitude": 42.843330383300781, "longitude": 23.322032928466797, "raw_occupancy": 0, "timestamp": "2026-09-15 19:15:33" }, "geometry": { "type": "Point", "coordinates": [ 23.322032928466797, 42.843330383300781 ] } },
{ "type": "Feature", "properties": { "vehicle_id": "A1030", "latitude": 42.656829833984375, "longitude": 23.308935165405273, "raw_occupancy": 1, "timestamp": "2026-09-15 19:15:33" }, "geometry": { "type": "Point", "coordinates": [ 23.308935165405273, 42.656829833984375 ] } },
{ "type": "Feature", "properties": { "vehicle_id": "A3101", "latitude": 42.685100555419922, "longitude": 23.34507942199707, "raw_occupancy": 0, "timestamp": "2026-09-15 19:15:33" }, "geometry": { "type": "Point", "coordinates": [ 23.34507942199707, 42.685100555419922 ] } },
{ "type": "Feature", "properties": { "vehicle_id": "A7191", "latitude": 42.717700958251953, "longitude": 23.355974197387695, "raw_occupancy": 0, "timestamp": "2026-09-15 19:15:33" }, "geometry": { "type": "Point", "coordinates": [ 23.355974197387695, 42.717700958251953 ] } },
{ "type": "Feature", "properties": { "vehicle_id": "A3147", "latitude": 42.680160522460938, "longitude": 23.304697036743164, "raw_occupancy": 2, "timestamp": "2026-09-15 19:15:33" }, "geometry": { "type": "Point", "coordinates": [ 23.304697036743164, 42.680160522460938 ] } },
{ "type": "Feature", "properties": { "vehicle_id": "A7115", "latitude": 42.832012176513672, "longitude": 23.334392547607422, "raw_occupancy": 0, "timestamp": "2026-09-15 19:15:33" }, "geometry": { "type": "Point", "coordinates": [ 23.334392547607422, 42.832012176513672 ] } },
{ "type": "Feature", "properties": { "vehicle_id": "A7085", "latitude": 42.708454132080078, "longitude": 23.418844223022461, "raw_occupancy": 1, "timestamp": "2026-09-15 19:15:33" }, "geometry": { "type": "Point", "coordinates": [ 23.418844223022461, 42.708454132080078 ] } },
{ "type": "Feature", "properties": { "vehicle_id": "A1187", "latitude": 42.672595977783203, "longitude": 23.293725967407227, "raw_occupancy": 2, "timestamp": "2026-09-15 19:15:33" }, "geometry": { "type": "Point", "coordinates": [ 23.293725967407227, 42.672595977783203 ] } },
{ "type": "Feature", "properties": { "vehicle_id": "A7189", "latitude": 42.722679138183594, "longitude": 23.342781066894531, "raw_occupancy": 1, "timestamp": "2026-09-15 19:15:33" }, "geometry": { "type": "Point", "coordinates": [ 23.342781066894531, 42.722679138183594 ] } },
{ "type": "Feature", "properties": { "vehicle_id": "A3401", "latitude": 42.647109985351562, "longitude": 23.335077285766602, "raw_occupancy": 4, "timestamp": "2026-09-15 19:15:33" }, "geometry": { "type": "Point", "coordinates": [ 23.335077285766602, 42.647109985351562 ] } },
{ "type": "Feature", "properties": { "vehicle_id": "A2313", "latitude": 42.693622589111328, "longitude": 23.339059829711914, "raw_occupancy": 0, "timestamp": "2026-09-15 19:15:33" }, "geometry": { "type": "Point", "coordinates": [ 23.339059829711914, 42.693622589111328 ] } },
{ "type": "Feature", "properties": { "vehicle_id": "A2051", "latitude": 42.689090728759766, "longitude": 23.297948837280273, "raw_occupancy": 1, "timestamp": "2026-09-15 19:15:33" }, "geometry": { "type": "Point", "coordinates": [ 23.297948837280273, 42.689090728759766 ] } },
{ "type": "Feature", "properties": { "vehicle_id": "A2018", "latitude": 42.688777923583984, "longitude": 23.334081649780273, "raw_occupancy": 1, "timestamp": "2026-09-15 19:15:33" }, "geometry": { "type": "Point", "coordinates": [ 23.334081649780273, 42.688777923583984 ] } },
{ "type": "Feature", "properties": { "vehicle_id": "A1857", "latitude": 42.623638153076172, "longitude": 23.192024230957031, "raw_occupancy": 0, "timestamp": "2026-09-15 19:15:33" }, "geometry": { "type": "Point", "coordinates": [ 23.192024230957031, 42.623638153076172 ] } },
{ "type": "Feature", "properties": { "vehicle_id": "A3406", "latitude": 42.640411376953125, "longitude": 23.377639770507812, "raw_occupancy": 1, "timestamp": "2026-09-15 19:15:33" }, "geometry": { "type": "Point", "coordinates": [ 23.377639770507812, 42.640411376953125 ] } },
{ "type": "Feature", "properties": { "vehicle_id": "A2823", "latitude": 42.670917510986328, "longitude": 23.270669937133789, "raw_occupancy": 1, "timestamp": "2026-09-15 19:15:33" }, "geometry": { "type": "Point", "coordinates": [ 23.270669937133789, 42.670917510986328 ] } },
{ "type": "Feature", "properties": { "vehicle_id": "A3107", "latitude": 42.631660461425781, "longitude": 23.380496978759766, "raw_occupancy": 0, "timestamp": "2026-09-15 19:15:33" }, "geometry": { "type": "Point", "coordinates": [ 23.380496978759766, 42.631660461425781 ] } },
{ "type": "Feature", "properties": { "vehicle_id": "A1305", "latitude": 42.677680969238281, "longitude": 23.253816604614258, "raw_occupancy": 1, "timestamp": "2026-09-15 19:15:33" }, "geometry": { "type": "Point", "coordinates": [ 23.253816604614258, 42.677680969238281 ] } },
{ "type": "Feature", "properties": { "vehicle_id": "A3102", "latitude": 42.659999847412109, "longitude": 23.349025726318359, "raw_occupancy": 2, "timestamp": "2026-09-15 19:15:33" }, "geometry": { "type": "Point", "coordinates": [ 23.349025726318359, 42.659999847412109 ] } },
{ "type": "Feature", "properties": { "vehicle_id": "A2017", "latitude": 42.732841491699219, "longitude": 23.295825958251953, "raw_occupancy": 1, "timestamp": "2026-09-15 19:15:33" }, "geometry": { "type": "Point", "coordinates": [ 23.295825958251953, 42.732841491699219 ] } },
{ "type": "Feature", "properties": { "vehicle_id": "A1424", "latitude": 42.734279632568359, "longitude": 23.290798187255859, "raw_occupancy": 1, "timestamp": "2026-09-15 19:15:33" }, "geometry": { "type": "Point", "coordinates": [ 23.290798187255859, 42.734279632568359 ] } },
{ "type": "Feature", "properties": { "vehicle_id": "A2040", "latitude": 42.692398071289062, "longitude": 23.351413726806641, "raw_occupancy": 1, "timestamp": "2026-09-15 19:15:33" }, "geometry": { "type": "Point", "coordinates": [ 23.351413726806641, 42.692398071289062 ] } },
{ "type": "Feature", "properties": { "vehicle_id": "A7137", "latitude": 42.76617431640625, "longitude": 23.4395751953125, "raw_occupancy": 0, "timestamp": "2026-09-15 19:15:33" }, "geometry": { "type": "Point", "coordinates": [ 23.4395751953125, 42.76617431640625 ] } },
{ "type": "Feature", "properties": { "vehicle_id": "A2072", "latitude": 42.700393676757812, "longitude": 23.372611999511719, "raw_occupancy": 1, "timestamp": "2026-09-15 19:15:33" }, "geometry": { "type": "Point", "coordinates": [ 23.372611999511719, 42.700393676757812 ] } },
{ "type": "Feature", "properties": { "vehicle_id": "A2015", "latitude": 42.712825775146484, "longitude": 23.247867584228516, "raw_occupancy": 2, "timestamp": "2026-09-15 19:15:33" }, "geometry": { "type": "Point", "coordinates": [ 23.247867584228516, 42.712825775146484 ] } },
{ "type": "Feature", "properties": { "vehicle_id": "A2003", "latitude": 42.715152740478516, "longitude": 23.283527374267578, "raw_occupancy": 1, "timestamp": "2026-09-15 19:15:33" }, "geometry": { "type": "Point", "coordinates": [ 23.283527374267578, 42.715152740478516 ] } },
{ "type": "Feature", "properties": { "vehicle_id": "A3156", "latitude": 42.675052642822266, "longitude": 23.359153747558594, "raw_occupancy": 3, "timestamp": "2026-09-15 19:15:33" }, "geometry": { "type": "Point", "coordinates": [ 23.359153747558594, 42.675052642822266 ] } },
{ "type": "Feature", "properties": { "vehicle_id": "A2816", "latitude": 42.745193481445312, "longitude": 23.330059051513672, "raw_occupancy": 1, "timestamp": "2026-09-15 19:15:33" }, "geometry": { "type": "Point", "coordinates": [ 23.330059051513672, 42.745193481445312 ] } },
{ "type": "Feature", "properties": { "vehicle_id": "A2823", "latitude": 42.671783447265625, "longitude": 23.272171020507812, "raw_occupancy": 1, "timestamp": "2026-09-15 19:15:33" }, "geometry": { "type": "Point", "coordinates": [ 23.272171020507812, 42.671783447265625 ] } },
{ "type": "Feature", "properties": { "vehicle_id": "A2506", "latitude": 42.685295104980469, "longitude": 23.3126220703125, "raw_occupancy": 2, "timestamp": "2026-09-15 19:15:33" }, "geometry": { "type": "Point", "coordinates": [ 23.3126220703125, 42.685295104980469 ] } },
{ "type": "Feature", "properties": { "vehicle_id": "A3129", "latitude": 42.667678833007812, "longitude": 23.370105743408203, "raw_occupancy": 2, "timestamp": "2026-09-15 19:15:33" }, "geometry": { "type": "Point", "coordinates": [ 23.370105743408203, 42.667678833007812 ] } },
{ "type": "Feature", "properties": { "vehicle_id": "A7069", "latitude": 42.801532745361328, "longitude": 23.276094436645508, "raw_occupancy": 1, "timestamp": "2026-09-15 19:15:33" }, "geometry": { "type": "Point", "coordinates": [ 23.276094436645508, 42.801532745361328 ] } },
{ "type": "Feature", "properties": { "vehicle_id": "A1165", "latitude": 42.731239318847656, "longitude": 23.286483764648438, "raw_occupancy": 1, "timestamp": "2026-09-15 19:15:33" }, "geometry": { "type": "Point", "coordinates": [ 23.286483764648438, 42.731239318847656 ] } },
{ "type": "Feature", "properties": { "vehicle_id": "A3132", "latitude": 42.626617431640625, "longitude": 23.381345748901367, "raw_occupancy": 1, "timestamp": "2026-09-15 19:15:33" }, "geometry": { "type": "Point", "coordinates": [ 23.381345748901367, 42.626617431640625 ] } },
{ "type": "Feature", "properties": { "vehicle_id": "A3670", "latitude": 42.677787780761719, "longitude": 23.355705261230469, "raw_occupancy": 2, "timestamp": "2026-09-15 19:15:33" }, "geometry": { "type": "Point", "coordinates": [ 23.355705261230469, 42.677787780761719 ] } },
{ "type": "Feature", "properties": { "vehicle_id": "A2009", "latitude": 42.682052612304688, "longitude": 23.320770263671875, "raw_occupancy": 3, "timestamp": "2026-09-15 19:15:33" }, "geometry": { "type": "Point", "coordinates": [ 23.320770263671875, 42.682052612304688 ] } },
{ "type": "Feature", "properties": { "vehicle_id": "A1184", "latitude": 42.657405853271484, "longitude": 23.337394714355469, "raw_occupancy": 2, "timestamp": "2026-09-15 19:15:33" }, "geometry": { "type": "Point", "coordinates": [ 23.337394714355469, 42.657405853271484 ] } },
{ "type": "Feature", "properties": { "vehicle_id": "A3407", "latitude": 42.682460784912109, "longitude": 23.301740646362305, "raw_occupancy": 1, "timestamp": "2026-09-15 19:15:33" }, "geometry": { "type": "Point", "coordinates": [ 23.301740646362305, 42.682460784912109 ] } },
{ "type": "Feature", "properties": { "vehicle_id": "A2005", "latitude": 42.713344573974609, "longitude": 23.383998870849609, "raw_occupancy": 0, "timestamp": "2026-09-15 19:15:33" }, "geometry": { "type": "Point", "coordinates": [ 23.383998870849609, 42.713344573974609 ] } },
{ "type": "Feature", "properties": { "vehicle_id": "A2016", "latitude": 42.690910339355469, "longitude": 23.336837768554688, "raw_occupancy": 0, "timestamp": "2026-09-15 19:15:33" }, "geometry": { "type": "Point", "coordinates": [ 23.336837768554688, 42.690910339355469 ] } },
{ "type": "Feature", "properties": { "vehicle_id": "A2085", "latitude": 42.584560394287109, "longitude": 23.359386444091797, "raw_occupancy": 0, "timestamp": "2026-09-15 19:15:33" }, "geometry": { "type": "Point", "coordinates": [ 23.359386444091797, 42.584560394287109 ] } },
{ "type": "Feature", "properties": { "vehicle_id": "A3665", "latitude": 42.6649169921875, "longitude": 23.40852165222168, "raw_occupancy": 0, "timestamp": "2026-09-15 19:15:33" }, "geometry": { "type": "Point", "coordinates": [ 23.40852165222168, 42.6649169921875 ] } },
{ "type": "Feature", "properties": { "vehicle_id": "A2304", "latitude": 42.651882171630859, "longitude": 23.348709106445312, "raw_occupancy": 1, "timestamp": "2026-09-15 19:15:33" }, "geometry": { "type": "Point", "coordinates": [ 23.348709106445312, 42.651882171630859 ] } },
{ "type": "Feature", "properties": { "vehicle_id": "A2311", "latitude": 42.653617858886719, "longitude": 23.347183227539062, "raw_occupancy": 2, "timestamp": "2026-09-15 19:15:33" }, "geometry": { "type": "Point", "coordinates": [ 23.347183227539062, 42.653617858886719 ] } },
{ "type": "Feature", "properties": { "vehicle_id": "A3142", "latitude": 42.650138854980469, "longitude": 23.357711791992188, "raw_occupancy": 2, "timestamp": "2026-09-15 19:15:33" }, "geometry": { "type": "Point", "coordinates": [ 23.357711791992188, 42.650138854980469 ] } },
{ "type": "Feature", "properties": { "vehicle_id": "A1610", "latitude": 42.728645324707031, "longitude": 23.249135971069336, "raw_occupancy": 0, "timestamp": "2026-09-15 19:15:33" }, "geometry": { "type": "Point", "coordinates": [ 23.249135971069336, 42.728645324707031 ] } },
{ "type": "Feature", "properties": { "vehicle_id": "A1831", "latitude": 42.728713989257812, "longitude": 23.249080657958984, "raw_occupancy": 1, "timestamp": "2026-09-15 19:15:33" }, "geometry": { "type": "Point", "coordinates": [ 23.249080657958984, 42.728713989257812 ] } },
{ "type": "Feature", "properties": { "vehicle_id": "A3143", "latitude": 42.654167175292969, "longitude": 23.401443481445312, "raw_occupancy": 2, "timestamp": "2026-09-15 19:15:33" }, "geometry": { "type": "Point", "coordinates": [ 23.401443481445312, 42.654167175292969 ] } },
{ "type": "Feature", "properties": { "vehicle_id": "A1845", "latitude": 42.728534698486328, "longitude": 23.220691680908203, "raw_occupancy": 3, "timestamp": "2026-09-15 19:15:33" }, "geometry": { "type": "Point", "coordinates": [ 23.220691680908203, 42.728534698486328 ] } },
{ "type": "Feature", "properties": { "vehicle_id": "A7109", "latitude": 42.737075805664062, "longitude": 23.498662948608398, "raw_occupancy": 2, "timestamp": "2026-09-15 19:15:33" }, "geometry": { "type": "Point", "coordinates": [ 23.498662948608398, 42.737075805664062 ] } },
{ "type": "Feature", "properties": { "vehicle_id": "A7139", "latitude": 42.710147857666016, "longitude": 23.387378692626953, "raw_occupancy": 3, "timestamp": "2026-09-15 19:15:33" }, "geometry": { "type": "Point", "coordinates": [ 23.387378692626953, 42.710147857666016 ] } },
{ "type": "Feature", "properties": { "vehicle_id": "A3661", "latitude": 42.482875823974609, "longitude": 23.389394760131836, "raw_occupancy": 0, "timestamp": "2026-09-15 19:15:33" }, "geometry": { "type": "Point", "coordinates": [ 23.389394760131836, 42.482875823974609 ] } },
{ "type": "Feature", "properties": { "vehicle_id": "A3108", "latitude": 42.696636199951172, "longitude": 23.355123519897461, "raw_occupancy": 1, "timestamp": "2026-09-15 19:15:33" }, "geometry": { "type": "Point", "coordinates": [ 23.355123519897461, 42.696636199951172 ] } },
{ "type": "Feature", "properties": { "vehicle_id": "A2303", "latitude": 42.705665588378906, "longitude": 23.318080902099609, "raw_occupancy": 1, "timestamp": "2026-09-15 19:15:33" }, "geometry": { "type": "Point", "coordinates": [ 23.318080902099609, 42.705665588378906 ] } },
{ "type": "Feature", "properties": { "vehicle_id": "A1216", "latitude": 42.76031494140625, "longitude": 23.244146347045898, "raw_occupancy": 0, "timestamp": "2026-09-15 19:15:33" }, "geometry": { "type": "Point", "coordinates": [ 23.244146347045898, 42.76031494140625 ] } },
{ "type": "Feature", "properties": { "vehicle_id": "A1223", "latitude": 42.624671936035156, "longitude": 23.356874465942383, "raw_occupancy": 2, "timestamp": "2026-09-15 19:15:33" }, "geometry": { "type": "Point", "coordinates": [ 23.356874465942383, 42.624671936035156 ] } },
{ "type": "Feature", "properties": { "vehicle_id": "A2055", "latitude": 42.713912963867188, "longitude": 23.307273864746094, "raw_occupancy": 1, "timestamp": "2026-09-15 19:15:33" }, "geometry": { "type": "Point", "coordinates": [ 23.307273864746094, 42.713912963867188 ] } },
{ "type": "Feature", "properties": { "vehicle_id": "A1308", "latitude": 42.594463348388672, "longitude": 23.160560607910156, "raw_occupancy": 1, "timestamp": "2026-09-15 19:15:33" }, "geometry": { "type": "Point", "coordinates": [ 23.160560607910156, 42.594463348388672 ] } },
{ "type": "Feature", "properties": { "vehicle_id": "A3150", "latitude": 42.660137176513672, "longitude": 23.392177581787109, "raw_occupancy": 1, "timestamp": "2026-09-15 19:15:33" }, "geometry": { "type": "Point", "coordinates": [ 23.392177581787109, 42.660137176513672 ] } },
{ "type": "Feature", "properties": { "vehicle_id": "A2006", "latitude": 42.709720611572266, "longitude": 23.263025283813477, "raw_occupancy": 1, "timestamp": "2026-09-15 19:15:33" }, "geometry": { "type": "Point", "coordinates": [ 23.263025283813477, 42.709720611572266 ] } },
{ "type": "Feature", "properties": { "vehicle_id": "A7041", "latitude": 42.7452392578125, "longitude": 23.282081604003906, "raw_occupancy": 0, "timestamp": "2026-09-15 19:15:33" }, "geometry": { "type": "Point", "coordinates": [ 23.282081604003906, 42.7452392578125 ] } },
{ "type": "Feature", "properties": { "vehicle_id": "A1015", "latitude": 42.657760620117188, "longitude": 23.303125381469727, "raw_occupancy": 1, "timestamp": "2026-09-15 19:15:33" }, "geometry": { "type": "Point", "coordinates": [ 23.303125381469727, 42.657760620117188 ] } },
{ "type": "Feature", "properties": { "vehicle_id": "A7113", "latitude": 42.712615966796875, "longitude": 23.314903259277344, "raw_occupancy": 1, "timestamp": "2026-09-15 19:15:33" }, "geometry": { "type": "Point", "coordinates": [ 23.314903259277344, 42.712615966796875 ] } },
{ "type": "Feature", "properties": { "vehicle_id": "A3146", "latitude": 42.680648803710938, "longitude": 23.306783676147461, "raw_occupancy": 2, "timestamp": "2026-09-15 19:15:33" }, "geometry": { "type": "Point", "coordinates": [ 23.306783676147461, 42.680648803710938 ] } },
{ "type": "Feature", "properties": { "vehicle_id": "A2086", "latitude": 42.720169067382812, "longitude": 23.310165405273438, "raw_occupancy": 1, "timestamp": "2026-09-15 19:15:33" }, "geometry": { "type": "Point", "coordinates": [ 23.310165405273438, 42.720169067382812 ] } },
{ "type": "Feature", "properties": { "vehicle_id": "A3608", "latitude": 42.650062561035156, "longitude": 23.37727165222168, "raw_occupancy": 1, "timestamp": "2026-09-15 19:15:33" }, "geometry": { "type": "Point", "coordinates": [ 23.37727165222168, 42.650062561035156 ] } },
{ "type": "Feature", "properties": { "vehicle_id": "A7073", "latitude": 42.70404052734375, "longitude": 23.386465072631836, "raw_occupancy": 1, "timestamp": "2026-09-15 19:15:33" }, "geometry": { "type": "Point", "coordinates": [ 23.386465072631836, 42.70404052734375 ] } },
{ "type": "Feature", "properties": { "vehicle_id": "A2515", "latitude": 42.69464111328125, "longitude": 23.291538238525391, "raw_occupancy": 1, "timestamp": "2026-09-15 19:15:33" }, "geometry": { "type": "Point", "coordinates": [ 23.291538238525391, 42.69464111328125 ] } },
{ "type": "Feature", "properties": { "vehicle_id": "A3654", "latitude": 42.644618988037109, "longitude": 23.333730697631836, "raw_occupancy": 2, "timestamp": "2026-09-15 19:15:33" }, "geometry": { "type": "Point", "coordinates": [ 23.333730697631836, 42.644618988037109 ] } },
{ "type": "Feature", "properties": { "vehicle_id": "A1603", "latitude": 42.633018493652344, "longitude": 23.334173202514648, "raw_occupancy": 2, "timestamp": "2026-09-15 19:15:33" }, "geometry": { "type": "Point", "coordinates": [ 23.334173202514648, 42.633018493652344 ] } },
{ "type": "Feature", "properties": { "vehicle_id": "A2500", "latitude": 42.693191528320312, "longitude": 23.354793548583984, "raw_occupancy": 2, "timestamp": "2026-09-15 19:15:33" }, "geometry": { "type": "Point", "coordinates": [ 23.354793548583984, 42.693191528320312 ] } },
{ "type": "Feature", "properties": { "vehicle_id": "A7059", "latitude": 42.772186279296875, "longitude": 23.535100936889648, "raw_occupancy": 0, "timestamp": "2026-09-15 19:15:33" }, "geometry": { "type": "Point", "coordinates": [ 23.535100936889648, 42.772186279296875 ] } },
{ "type": "Feature", "properties": { "vehicle_id": "A2054", "latitude": 42.698780059814453, "longitude": 23.275711059570312, "raw_occupancy": 1, "timestamp": "2026-09-15 19:15:33" }, "geometry": { "type": "Point", "coordinates": [ 23.275711059570312, 42.698780059814453 ] } },
{ "type": "Feature", "properties": { "vehicle_id": "A2081", "latitude": 42.641933441162109, "longitude": 23.402669906616211, "raw_occupancy": 2, "timestamp": "2026-09-15 19:15:33" }, "geometry": { "type": "Point", "coordinates": [ 23.402669906616211, 42.641933441162109 ] } },
{ "type": "Feature", "properties": { "vehicle_id": "A3159", "latitude": 42.647197723388672, "longitude": 23.376527786254883, "raw_occupancy": 2, "timestamp": "2026-09-15 19:15:33" }, "geometry": { "type": "Point", "coordinates": [ 23.376527786254883, 42.647197723388672 ] } },
{ "type": "Feature", "properties": { "vehicle_id": "A1153", "latitude": 42.732219696044922, "longitude": 23.312557220458984, "raw_occupancy": 0, "timestamp": "2026-09-15 19:15:33" }, "geometry": { "type": "Point", "coordinates": [ 23.312557220458984, 42.732219696044922 ] } },
{ "type": "Feature", "properties": { "vehicle_id": "A3154", "latitude": 42.682971954345703, "longitude": 23.348098754882812, "raw_occupancy": 2, "timestamp": "2026-09-15 19:15:33" }, "geometry": { "type": "Point", "coordinates": [ 23.348098754882812, 42.682971954345703 ] } },
{ "type": "Feature", "properties": { "vehicle_id": "A1612", "latitude": 42.640098571777344, "longitude": 23.415876388549805, "raw_occupancy": 0, "timestamp": "2026-09-15 19:15:33" }, "geometry": { "type": "Point", "coordinates": [ 23.415876388549805, 42.640098571777344 ] } },
{ "type": "Feature", "properties": { "vehicle_id": "A2067", "latitude": 42.793025970458984, "longitude": 23.329444885253906, "raw_occupancy": 1, "timestamp": "2026-09-15 19:15:33" }, "geometry": { "type": "Point", "coordinates": [ 23.329444885253906, 42.793025970458984 ] } },
{ "type": "Feature", "properties": { "vehicle_id": "A1188", "latitude": 42.674392700195312, "longitude": 23.310230255126953, "raw_occupancy": 1, "timestamp": "2026-09-15 19:15:33" }, "geometry": { "type": "Point", "coordinates": [ 23.310230255126953, 42.674392700195312 ] } },
{ "type": "Feature", "properties": { "vehicle_id": "A3613", "latitude": 42.667949676513672, "longitude": 23.424428939819336, "raw_occupancy": 0, "timestamp": "2026-09-15 19:15:33" }, "geometry": { "type": "Point", "coordinates": [ 23.424428939819336, 42.667949676513672 ] } },
{ "type": "Feature", "properties": { "vehicle_id": "A3671", "latitude": 42.490447998046875, "longitude": 23.381498336791992, "raw_occupancy": 0, "timestamp": "2026-09-15 19:15:33" }, "geometry": { "type": "Point", "coordinates": [ 23.381498336791992, 42.490447998046875 ] } },
{ "type": "Feature", "properties": { "vehicle_id": "A1809", "latitude": 42.659439086914062, "longitude": 23.267007827758789, "raw_occupancy": 3, "timestamp": "2026-09-15 19:15:33" }, "geometry": { "type": "Point", "coordinates": [ 23.267007827758789, 42.659439086914062 ] } },
{ "type": "Feature", "properties": { "vehicle_id": "A3611", "latitude": 42.674602508544922, "longitude": 23.465301513671875, "raw_occupancy": 0, "timestamp": "2026-09-15 19:15:33" }, "geometry": { "type": "Point", "coordinates": [ 23.465301513671875, 42.674602508544922 ] } },
{ "type": "Feature", "properties": { "vehicle_id": "A1231", "latitude": 42.701896667480469, "longitude": 23.285976409912109, "raw_occupancy": 1, "timestamp": "2026-09-15 19:15:33" }, "geometry": { "type": "Point", "coordinates": [ 23.285976409912109, 42.701896667480469 ] } },
{ "type": "Feature", "properties": { "vehicle_id": "A2077", "latitude": 42.781978607177734, "longitude": 23.384397506713867, "raw_occupancy": 1, "timestamp": "2026-09-15 19:15:33" }, "geometry": { "type": "Point", "coordinates": [ 23.384397506713867, 42.781978607177734 ] } },
{ "type": "Feature", "properties": { "vehicle_id": "A3109", "latitude": 42.692989349365234, "longitude": 23.345605850219727, "raw_occupancy": 1, "timestamp": "2026-09-15 19:15:33" }, "geometry": { "type": "Point", "coordinates": [ 23.345605850219727, 42.692989349365234 ] } },
{ "type": "Feature", "properties": { "vehicle_id": "A1183", "latitude": 42.684074401855469, "longitude": 23.241521835327148, "raw_occupancy": 0, "timestamp": "2026-09-15 19:15:33" }, "geometry": { "type": "Point", "coordinates": [ 23.241521835327148, 42.684074401855469 ] } },
{ "type": "Feature", "properties": { "vehicle_id": "A7079", "latitude": 42.731067657470703, "longitude": 23.297571182250977, "raw_occupancy": 1, "timestamp": "2026-09-15 19:15:33" }, "geometry": { "type": "Point", "coordinates": [ 23.297571182250977, 42.731067657470703 ] } },
{ "type": "Feature", "properties": { "vehicle_id": "A2306", "latitude": 42.668190002441406, "longitude": 23.367033004760742, "raw_occupancy": 2, "timestamp": "2026-09-15 19:15:33" }, "geometry": { "type": "Point", "coordinates": [ 23.367033004760742, 42.668190002441406 ] } },
{ "type": "Feature", "properties": { "vehicle_id": "A3626", "latitude": 42.701850891113281, "longitude": 23.339357376098633, "raw_occupancy": 3, "timestamp": "2026-09-15 19:15:33" }, "geometry": { "type": "Point", "coordinates": [ 23.339357376098633, 42.701850891113281 ] } },
{ "type": "Feature", "properties": { "vehicle_id": "A2052", "latitude": 42.601741790771484, "longitude": 23.48760986328125, "raw_occupancy": 0, "timestamp": "2026-09-15 19:15:33" }, "geometry": { "type": "Point", "coordinates": [ 23.48760986328125, 42.601741790771484 ] } },
{ "type": "Feature", "properties": { "vehicle_id": "A3122", "latitude": 42.651226043701172, "longitude": 23.335849761962891, "raw_occupancy": 2, "timestamp": "2026-09-15 19:15:33" }, "geometry": { "type": "Point", "coordinates": [ 23.335849761962891, 42.651226043701172 ] } },
{ "type": "Feature", "properties": { "vehicle_id": "A3127", "latitude": 42.638290405273438, "longitude": 23.385671615600586, "raw_occupancy": 1, "timestamp": "2026-09-15 19:15:33" }, "geometry": { "type": "Point", "coordinates": [ 23.385671615600586, 42.638290405273438 ] } },
{ "type": "Feature", "properties": { "vehicle_id": "A3019", "latitude": 42.678226470947266, "longitude": 23.365955352783203, "raw_occupancy": 1, "timestamp": "2026-09-15 19:15:33" }, "geometry": { "type": "Point", "coordinates": [ 23.365955352783203, 42.678226470947266 ] } },
{ "type": "Feature", "properties": { "vehicle_id": "A2083", "latitude": 42.711498260498047, "longitude": 23.290571212768555, "raw_occupancy": 1, "timestamp": "2026-09-15 19:15:33" }, "geometry": { "type": "Point", "coordinates": [ 23.290571212768555, 42.711498260498047 ] } },
{ "type": "Feature", "properties": { "vehicle_id": "A2029", "latitude": 42.678306579589844, "longitude": 23.322910308837891, "raw_occupancy": 0, "timestamp": "2026-09-15 19:15:33" }, "geometry": { "type": "Point", "coordinates": [ 23.322910308837891, 42.678306579589844 ] } },
{ "type": "Feature", "properties": { "vehicle_id": "A2317", "latitude": 42.644390106201172, "longitude": 23.345151901245117, "raw_occupancy": 0, "timestamp": "2026-09-15 19:15:33" }, "geometry": { "type": "Point", "coordinates": [ 23.345151901245117, 42.644390106201172 ] } },
{ "type": "Feature", "properties": { "vehicle_id": "A1226", "latitude": 42.644584655761719, "longitude": 23.304899215698242, "raw_occupancy": 1, "timestamp": "2026-09-15 19:15:33" }, "geometry": { "type": "Point", "coordinates": [ 23.304899215698242, 42.644584655761719 ] } },
{ "type": "Feature", "properties": { "vehicle_id": "A7063", "latitude": 42.727176666259766, "longitude": 23.261438369750977, "raw_occupancy": 2, "timestamp": "2026-09-15 19:15:33" }, "geometry": { "type": "Point", "coordinates": [ 23.261438369750977, 42.727176666259766 ] } },
{ "type": "Feature", "properties": { "vehicle_id": "A1315", "latitude": 42.608474731445312, "longitude": 23.295558929443359, "raw_occupancy": 0, "timestamp": "2026-09-15 19:15:33" }, "geometry": { "type": "Point", "coordinates": [ 23.295558929443359, 42.608474731445312 ] } },
{ "type": "Feature", "properties": { "vehicle_id": "A1819", "latitude": 42.7469482421875, "longitude": 23.279537200927734, "raw_occupancy": 1, "timestamp": "2026-09-15 19:15:33" }, "geometry": { "type": "Point", "coordinates": [ 23.279537200927734, 42.7469482421875 ] } },
{ "type": "Feature", "properties": { "vehicle_id": "A3402", "latitude": 42.674282073974609, "longitude": 23.337850570678711, "raw_occupancy": 1, "timestamp": "2026-09-15 19:15:33" }, "geometry": { "type": "Point", "coordinates": [ 23.337850570678711, 42.674282073974609 ] } },
{ "type": "Feature", "properties": { "vehicle_id": "A7145", "latitude": 42.720287322998047, "longitude": 23.535287857055664, "raw_occupancy": 1, "timestamp": "2026-09-15 19:15:33" }, "geometry": { "type": "Point", "coordinates": [ 23.535287857055664, 42.720287322998047 ] } },
{ "type": "Feature", "properties": { "vehicle_id": "A1839", "latitude": 42.700889587402344, "longitude": 23.285699844360352, "raw_occupancy": 2, "timestamp": "2026-09-15 19:15:33" }, "geometry": { "type": "Point", "coordinates": [ 23.285699844360352, 42.700889587402344 ] } },
{ "type": "Feature", "properties": { "vehicle_id": "A2044", "latitude": 42.656723022460938, "longitude": 23.327329635620117, "raw_occupancy": 0, "timestamp": "2026-09-15 19:15:33" }, "geometry": { "type": "Point", "coordinates": [ 23.327329635620117, 42.656723022460938 ] } },
{ "type": "Feature", "properties": { "vehicle_id": "A1607", "latitude": 42.688198089599609, "longitude": 23.276269912719727, "raw_occupancy": 2, "timestamp": "2026-09-15 19:15:33" }, "geometry": { "type": "Point", "coordinates": [ 23.276269912719727, 42.688198089599609 ] } },
{ "type": "Feature", "properties": { "vehicle_id": "A3610", "latitude": 42.591400146484375, "longitude": 23.364816665649414, "raw_occupancy": 2, "timestamp": "2026-09-15 19:15:33" }, "geometry": { "type": "Point", "coordinates": [ 23.364816665649414, 42.591400146484375 ] } },
{ "type": "Feature", "properties": { "vehicle_id": "A3152", "latitude": 42.668922424316406, "longitude": 23.330789566040039, "raw_occupancy": 2, "timestamp": "2026-09-15 19:15:33" }, "geometry": { "type": "Point", "coordinates": [ 23.330789566040039, 42.668922424316406 ] } },
{ "type": "Feature", "properties": { "vehicle_id": "A3403", "latitude": 42.670463562011719, "longitude": 23.337860107421875, "raw_occupancy": 1, "timestamp": "2026-09-15 19:15:33" }, "geometry": { "type": "Point", "coordinates": [ 23.337860107421875, 42.670463562011719 ] } },
{ "type": "Feature", "properties": { "vehicle_id": "A1217", "latitude": 42.726516723632812, "longitude": 23.261482238769531, "raw_occupancy": 0, "timestamp": "2026-09-15 19:15:33" }, "geometry": { "type": "Point", "coordinates": [ 23.261482238769531, 42.726516723632812 ] } },
{ "type": "Feature", "properties": { "vehicle_id": "A1310", "latitude": 42.724918365478516, "longitude": 23.126972198486328, "raw_occupancy": 1, "timestamp": "2026-09-15 19:15:33" }, "geometry": { "type": "Point", "coordinates": [ 23.126972198486328, 42.724918365478516 ] } },
{ "type": "Feature", "properties": { "vehicle_id": "A3700", "latitude": 42.686405181884766, "longitude": 23.454128265380859, "raw_occupancy": 1, "timestamp": "2026-09-15 19:15:33" }, "geometry": { "type": "Point", "coordinates": [ 23.454128265380859, 42.686405181884766 ] } },
{ "type": "Feature", "properties": { "vehicle_id": "A3627", "latitude": 42.675514221191406, "longitude": 23.358531951904297, "raw_occupancy": 2, "timestamp": "2026-09-15 19:15:33" }, "geometry": { "type": "Point", "coordinates": [ 23.358531951904297, 42.675514221191406 ] } },
{ "type": "Feature", "properties": { "vehicle_id": "A7173", "latitude": 42.722557067871094, "longitude": 23.30706787109375, "raw_occupancy": 2, "timestamp": "2026-09-15 19:15:33" }, "geometry": { "type": "Point", "coordinates": [ 23.30706787109375, 42.722557067871094 ] } },
{ "type": "Feature", "properties": { "vehicle_id": "A2305", "latitude": 42.705074310302734, "longitude": 23.318429946899414, "raw_occupancy": 1, "timestamp": "2026-09-15 19:15:33" }, "geometry": { "type": "Point", "coordinates": [ 23.318429946899414, 42.705074310302734 ] } },
{ "type": "Feature", "properties": { "vehicle_id": "A7163", "latitude": 42.784069061279297, "longitude": 23.499580383300781, "raw_occupancy": 0, "timestamp": "2026-09-15 19:15:33" }, "geometry": { "type": "Point", "coordinates": [ 23.499580383300781, 42.784069061279297 ] } },
{ "type": "Feature", "properties": { "vehicle_id": "A2810", "latitude": 42.7266845703125, "longitude": 23.252838134765625, "raw_occupancy": 2, "timestamp": "2026-09-15 19:15:33" }, "geometry": { "type": "Point", "coordinates": [ 23.252838134765625, 42.7266845703125 ] } },
{ "type": "Feature", "properties": { "vehicle_id": "A1164", "latitude": 42.660228729248047, "longitude": 23.305351257324219, "raw_occupancy": 2, "timestamp": "2026-09-15 19:15:33" }, "geometry": { "type": "Point", "coordinates": [ 23.305351257324219, 42.660228729248047 ] } },
{ "type": "Feature", "properties": { "vehicle_id": "A1219", "latitude": 42.714054107666016, "longitude": 23.168771743774414, "raw_occupancy": 1, "timestamp": "2026-09-15 19:15:33" }, "geometry": { "type": "Point", "coordinates": [ 23.168771743774414, 42.714054107666016 ] } },
{ "type": "Feature", "properties": { "vehicle_id": "A2056", "latitude": 42.717567443847656, "longitude": 23.339067459106445, "raw_occupancy": 0, "timestamp": "2026-09-15 19:15:33" }, "geometry": { "type": "Point", "coordinates": [ 23.339067459106445, 42.717567443847656 ] } },
{ "type": "Feature", "properties": { "vehicle_id": "A2309", "latitude": 42.665214538574219, "longitude": 23.362136840820312, "raw_occupancy": 0, "timestamp": "2026-09-15 19:15:33" }, "geometry": { "type": "Point", "coordinates": [ 23.362136840820312, 42.665214538574219 ] } },
{ "type": "Feature", "properties": { "vehicle_id": "A1406", "latitude": 42.642124176025391, "longitude": 23.312625885009766, "raw_occupancy": 0, "timestamp": "2026-09-15 19:15:33" }, "geometry": { "type": "Point", "coordinates": [ 23.312625885009766, 42.642124176025391 ] } },
{ "type": "Feature", "properties": { "vehicle_id": "A1314", "latitude": 42.657131195068359, "longitude": 23.273212432861328, "raw_occupancy": 1, "timestamp": "2026-09-15 19:15:33" }, "geometry": { "type": "Point", "coordinates": [ 23.273212432861328, 42.657131195068359 ] } },
{ "type": "Feature", "properties": { "vehicle_id": "A7075", "latitude": 42.783535003662109, "longitude": 23.394527435302734, "raw_occupancy": 0, "timestamp": "2026-09-15 19:15:33" }, "geometry": { "type": "Point", "coordinates": [ 23.394527435302734, 42.783535003662109 ] } },
{ "type": "Feature", "properties": { "vehicle_id": "A3312", "latitude": 42.625968933105469, "longitude": 23.384725570678711, "raw_occupancy": 0, "timestamp": "2026-09-15 19:15:33" }, "geometry": { "type": "Point", "coordinates": [ 23.384725570678711, 42.625968933105469 ] } },
{ "type": "Feature", "properties": { "vehicle_id": "A1407", "latitude": 42.709896087646484, "longitude": 23.313913345336914, "raw_occupancy": 1, "timestamp": "2026-09-15 19:15:33" }, "geometry": { "type": "Point", "coordinates": [ 23.313913345336914, 42.709896087646484 ] } },
{ "type": "Feature", "properties": { "vehicle_id": "A1166", "latitude": 42.707633972167969, "longitude": 23.298583984375, "raw_occupancy": 1, "timestamp": "2026-09-15 19:15:33" }, "geometry": { "type": "Point", "coordinates": [ 23.298583984375, 42.707633972167969 ] } },
{ "type": "Feature", "properties": { "vehicle_id": "A2057", "latitude": 42.539955139160156, "longitude": 23.499212265014648, "raw_occupancy": 1, "timestamp": "2026-09-15 19:15:33" }, "geometry": { "type": "Point", "coordinates": [ 23.499212265014648, 42.539955139160156 ] } },
{ "type": "Feature", "properties": { "vehicle_id": "A3120", "latitude": 42.702098846435547, "longitude": 23.339181900024414, "raw_occupancy": 1, "timestamp": "2026-09-15 19:15:33" }, "geometry": { "type": "Point", "coordinates": [ 23.339181900024414, 42.702098846435547 ] } },
{ "type": "Feature", "properties": { "vehicle_id": "A1601", "latitude": 42.680469512939453, "longitude": 23.371997833251953, "raw_occupancy": 1, "timestamp": "2026-09-15 19:15:33" }, "geometry": { "type": "Point", "coordinates": [ 23.371997833251953, 42.680469512939453 ] } },
{ "type": "Feature", "properties": { "vehicle_id": "A3157", "latitude": 42.642227172851562, "longitude": 23.368471145629883, "raw_occupancy": 2, "timestamp": "2026-09-15 19:15:33" }, "geometry": { "type": "Point", "coordinates": [ 23.368471145629883, 42.642227172851562 ] } },
{ "type": "Feature", "properties": { "vehicle_id": "A1408", "latitude": 42.677890777587891, "longitude": 23.298084259033203, "raw_occupancy": 1, "timestamp": "2026-09-15 19:15:33" }, "geometry": { "type": "Point", "coordinates": [ 23.298084259033203, 42.677890777587891 ] } },
{ "type": "Feature", "properties": { "vehicle_id": "A1186", "latitude": 42.676124572753906, "longitude": 23.288518905639648, "raw_occupancy": 1, "timestamp": "2026-09-15 19:15:33" }, "geometry": { "type": "Point", "coordinates": [ 23.288518905639648, 42.676124572753906 ] } },
{ "type": "Feature", "properties": { "vehicle_id": "A3301", "latitude": 42.654285430908203, "longitude": 23.380739212036133, "raw_occupancy": 1, "timestamp": "2026-09-15 19:15:33" }, "geometry": { "type": "Point", "coordinates": [ 23.380739212036133, 42.654285430908203 ] } },
{ "type": "Feature", "properties": { "vehicle_id": "A3669", "latitude": 42.683727264404297, "longitude": 23.347066879272461, "raw_occupancy": 2, "timestamp": "2026-09-15 19:15:33" }, "geometry": { "type": "Point", "coordinates": [ 23.347066879272461, 42.683727264404297 ] } },
{ "type": "Feature", "properties": { "vehicle_id": "A1037", "latitude": 42.656509399414062, "longitude": 23.327678680419922, "raw_occupancy": 2, "timestamp": "2026-09-15 19:15:33" }, "geometry": { "type": "Point", "coordinates": [ 23.327678680419922, 42.656509399414062 ] } },
{ "type": "Feature", "properties": { "vehicle_id": "A3409", "latitude": 42.671955108642578, "longitude": 23.394142150878906, "raw_occupancy": 2, "timestamp": "2026-09-15 19:15:33" }, "geometry": { "type": "Point", "coordinates": [ 23.394142150878906, 42.671955108642578 ] } },
{ "type": "Feature", "properties": { "vehicle_id": "A2727", "latitude": 42.821861267089844, "longitude": 23.36341667175293, "raw_occupancy": 1, "timestamp": "2026-09-15 19:15:33" }, "geometry": { "type": "Point", "coordinates": [ 23.36341667175293, 42.821861267089844 ] } },
{ "type": "Feature", "properties": { "vehicle_id": "A3017", "latitude": 42.685897827148438, "longitude": 23.377052307128906, "raw_occupancy": 1, "timestamp": "2026-09-15 19:15:33" }, "geometry": { "type": "Point", "coordinates": [ 23.377052307128906, 42.685897827148438 ] } },
{ "type": "Feature", "properties": { "vehicle_id": "A2318", "latitude": 42.646736145019531, "longitude": 23.342018127441406, "raw_occupancy": 1, "timestamp": "2026-09-15 19:15:33" }, "geometry": { "type": "Point", "coordinates": [ 23.342018127441406, 42.646736145019531 ] } },
{ "type": "Feature", "properties": { "vehicle_id": "A2023", "latitude": 42.713043212890625, "longitude": 23.38447380065918, "raw_occupancy": 1, "timestamp": "2026-09-15 19:15:33" }, "geometry": { "type": "Point", "coordinates": [ 23.38447380065918, 42.713043212890625 ] } },
{ "type": "Feature", "properties": { "vehicle_id": "A7165", "latitude": 42.71063232421875, "longitude": 23.384807586669922, "raw_occupancy": 0, "timestamp": "2026-09-15 19:15:33" }, "geometry": { "type": "Point", "coordinates": [ 23.384807586669922, 42.71063232421875 ] } },
{ "type": "Feature", "properties": { "vehicle_id": "A3637", "latitude": 42.590114593505859, "longitude": 23.364677429199219, "raw_occupancy": 1, "timestamp": "2026-09-15 19:15:33" }, "geometry": { "type": "Point", "coordinates": [ 23.364677429199219, 42.590114593505859 ] } },
{ "type": "Feature", "properties": { "vehicle_id": "A2314", "latitude": 42.678138732910156, "longitude": 23.32752799987793, "raw_occupancy": 2, "timestamp": "2026-09-15 19:15:33" }, "geometry": { "type": "Point", "coordinates": [ 23.32752799987793, 42.678138732910156 ] } },
{ "type": "Feature", "properties": { "vehicle_id": "A2066", "latitude": 42.713790893554688, "longitude": 23.314456939697266, "raw_occupancy": 0, "timestamp": "2026-09-15 19:15:33" }, "geometry": { "type": "Point", "coordinates": [ 23.314456939697266, 42.713790893554688 ] } },
{ "type": "Feature", "properties": { "vehicle_id": "A3121", "latitude": 42.640789031982422, "longitude": 23.373981475830078, "raw_occupancy": 1, "timestamp": "2026-09-15 19:15:33" }, "geometry": { "type": "Point", "coordinates": [ 23.373981475830078, 42.640789031982422 ] } },
{ "type": "Feature", "properties": { "vehicle_id": "A3114", "latitude": 42.702285766601562, "longitude": 23.338773727416992, "raw_occupancy": 2, "timestamp": "2026-09-15 19:15:33" }, "geometry": { "type": "Point", "coordinates": [ 23.338773727416992, 42.702285766601562 ] } },
{ "type": "Feature", "properties": { "vehicle_id": "A3137", "latitude": 42.665733337402344, "longitude": 23.286544799804688, "raw_occupancy": 1, "timestamp": "2026-09-15 19:15:33" }, "geometry": { "type": "Point", "coordinates": [ 23.286544799804688, 42.665733337402344 ] } },
{ "type": "Feature", "properties": { "vehicle_id": "A3628", "latitude": 42.684871673583984, "longitude": 23.325321197509766, "raw_occupancy": 2, "timestamp": "2026-09-15 19:15:33" }, "geometry": { "type": "Point", "coordinates": [ 23.325321197509766, 42.684871673583984 ] } },
{ "type": "Feature", "properties": { "vehicle_id": "A2026", "latitude": 42.704502105712891, "longitude": 23.325077056884766, "raw_occupancy": 0, "timestamp": "2026-09-15 19:15:33" }, "geometry": { "type": "Point", "coordinates": [ 23.325077056884766, 42.704502105712891 ] } },
{ "type": "Feature", "properties": { "vehicle_id": "A1608", "latitude": 42.675445556640625, "longitude": 23.358991622924805, "raw_occupancy": 3, "timestamp": "2026-09-15 19:15:33" }, "geometry": { "type": "Point", "coordinates": [ 23.358991622924805, 42.675445556640625 ] } },
{ "type": "Feature", "properties": { "vehicle_id": "A1606", "latitude": 42.629261016845703, "longitude": 23.373287200927734, "raw_occupancy": 1, "timestamp": "2026-09-15 19:15:33" }, "geometry": { "type": "Point", "coordinates": [ 23.373287200927734, 42.629261016845703 ] } },
{ "type": "Feature", "properties": { "vehicle_id": "A2518", "latitude": 42.636177062988281, "longitude": 23.426292419433594, "raw_occupancy": 1, "timestamp": "2026-09-15 19:15:33" }, "geometry": { "type": "Point", "coordinates": [ 23.426292419433594, 42.636177062988281 ] } },
{ "type": "Feature", "properties": { "vehicle_id": "A3126", "latitude": 42.634860992431641, "longitude": 23.374973297119141, "raw_occupancy": 2, "timestamp": "2026-09-15 19:15:33" }, "geometry": { "type": "Point", "coordinates": [ 23.374973297119141, 42.634860992431641 ] } },
{ "type": "Feature", "properties": { "vehicle_id": "A2804", "latitude": 42.686916351318359, "longitude": 23.310344696044922, "raw_occupancy": 1, "timestamp": "2026-09-15 19:15:33" }, "geometry": { "type": "Point", "coordinates": [ 23.310344696044922, 42.686916351318359 ] } },
{ "type": "Feature", "properties": { "vehicle_id": "A3634", "latitude": 42.67626953125, "longitude": 23.397174835205078, "raw_occupancy": 1, "timestamp": "2026-09-15 19:15:33" }, "geometry": { "type": "Point", "coordinates": [ 23.397174835205078, 42.67626953125 ] } },
{ "type": "Feature", "properties": { "vehicle_id": "A1025", "latitude": 42.671001434326172, "longitude": 23.271251678466797, "raw_occupancy": 1, "timestamp": "2026-09-15 19:15:33" }, "geometry": { "type": "Point", "coordinates": [ 23.271251678466797, 42.671001434326172 ] } },
{ "type": "Feature", "properties": { "vehicle_id": "A7125", "latitude": 42.704540252685547, "longitude": 23.324827194213867, "raw_occupancy": 1, "timestamp": "2026-09-15 19:15:33" }, "geometry": { "type": "Point", "coordinates": [ 23.324827194213867, 42.704540252685547 ] } },
{ "type": "Feature", "properties": { "vehicle_id": "A2042", "latitude": 42.652397155761719, "longitude": 23.342510223388672, "raw_occupancy": 1, "timestamp": "2026-09-15 19:15:33" }, "geometry": { "type": "Point", "coordinates": [ 23.342510223388672, 42.652397155761719 ] } },
{ "type": "Feature", "properties": { "vehicle_id": "A3663", "latitude": 42.669082641601562, "longitude": 23.384092330932617, "raw_occupancy": 2, "timestamp": "2026-09-15 19:15:33" }, "geometry": { "type": "Point", "coordinates": [ 23.384092330932617, 42.669082641601562 ] } },
{ "type": "Feature", "properties": { "vehicle_id": "A1409", "latitude": 42.689502716064453, "longitude": 23.305219650268555, "raw_occupancy": 0, "timestamp": "2026-09-15 19:15:33" }, "geometry": { "type": "Point", "coordinates": [ 23.305219650268555, 42.689502716064453 ] } },
{ "type": "Feature", "properties": { "vehicle_id": "A7097", "latitude": 42.811450958251953, "longitude": 23.406326293945312, "raw_occupancy": 1, "timestamp": "2026-09-15 19:15:33" }, "geometry": { "type": "Point", "coordinates": [ 23.406326293945312, 42.811450958251953 ] } },
{ "type": "Feature", "properties": { "vehicle_id": "A3601", "latitude": 42.66522216796875, "longitude": 23.407905578613281, "raw_occupancy": 1, "timestamp": "2026-09-15 19:15:33" }, "geometry": { "type": "Point", "coordinates": [ 23.407905578613281, 42.66522216796875 ] } },
{ "type": "Feature", "properties": { "vehicle_id": "A1222", "latitude": 42.720844268798828, "longitude": 23.242250442504883, "raw_occupancy": 5, "timestamp": "2026-09-15 19:15:33" }, "geometry": { "type": "Point", "coordinates": [ 23.242250442504883, 42.720844268798828 ] } },
{ "type": "Feature", "properties": { "vehicle_id": "A3145", "latitude": 42.689525604248047, "longitude": 23.339021682739258, "raw_occupancy": 3, "timestamp": "2026-09-15 19:15:33" }, "geometry": { "type": "Point", "coordinates": [ 23.339021682739258, 42.689525604248047 ] } },
{ "type": "Feature", "properties": { "vehicle_id": "A1420", "latitude": 42.642574310302734, "longitude": 23.285638809204102, "raw_occupancy": 1, "timestamp": "2026-09-15 19:15:33" }, "geometry": { "type": "Point", "coordinates": [ 23.285638809204102, 42.642574310302734 ] } },
{ "type": "Feature", "properties": { "vehicle_id": "A3617", "latitude": 42.660007476806641, "longitude": 23.380836486816406, "raw_occupancy": 1, "timestamp": "2026-09-15 19:15:33" }, "geometry": { "type": "Point", "coordinates": [ 23.380836486816406, 42.660007476806641 ] } },
{ "type": "Feature", "properties": { "vehicle_id": "A2078", "latitude": 42.594062805175781, "longitude": 23.415676116943359, "raw_occupancy": 0, "timestamp": "2026-09-15 19:15:33" }, "geometry": { "type": "Point", "coordinates": [ 23.415676116943359, 42.594062805175781 ] } },
{ "type": "Feature", "properties": { "vehicle_id": "A2024", "latitude": 42.662349700927734, "longitude": 23.358427047729492, "raw_occupancy": 3, "timestamp": "2026-09-15 19:15:33" }, "geometry": { "type": "Point", "coordinates": [ 23.358427047729492, 42.662349700927734 ] } },
{ "type": "Feature", "properties": { "vehicle_id": "A2070", "latitude": 42.677700042724609, "longitude": 23.36998176574707, "raw_occupancy": 1, "timestamp": "2026-09-15 19:15:33" }, "geometry": { "type": "Point", "coordinates": [ 23.36998176574707, 42.677700042724609 ] } },
{ "type": "Feature", "properties": { "vehicle_id": "A3657", "latitude": 42.640338897705078, "longitude": 23.412273406982422, "raw_occupancy": 0, "timestamp": "2026-09-15 19:15:33" }, "geometry": { "type": "Point", "coordinates": [ 23.412273406982422, 42.640338897705078 ] } },
{ "type": "Feature", "properties": { "vehicle_id": "A1805", "latitude": 42.717693328857422, "longitude": 23.234094619750977, "raw_occupancy": 3, "timestamp": "2026-09-15 19:15:33" }, "geometry": { "type": "Point", "coordinates": [ 23.234094619750977, 42.717693328857422 ] } },
{ "type": "Feature", "properties": { "vehicle_id": "A7185", "latitude": 42.72344970703125, "longitude": 23.544435501098633, "raw_occupancy": 0, "timestamp": "2026-09-15 19:15:33" }, "geometry": { "type": "Point", "coordinates": [ 23.544435501098633, 42.72344970703125 ] } },
{ "type": "Feature", "properties": { "vehicle_id": "A1209", "latitude": 42.686504364013672, "longitude": 23.298973083496094, "raw_occupancy": 1, "timestamp": "2026-09-15 19:15:33" }, "geometry": { "type": "Point", "coordinates": [ 23.298973083496094, 42.686504364013672 ] } },
{ "type": "Feature", "properties": { "vehicle_id": "A7089", "latitude": 42.742267608642578, "longitude": 23.318130493164062, "raw_occupancy": 0, "timestamp": "2026-09-15 19:15:33" }, "geometry": { "type": "Point", "coordinates": [ 23.318130493164062, 42.742267608642578 ] } },
{ "type": "Feature", "properties": { "vehicle_id": "A1189", "latitude": 42.642890930175781, "longitude": 23.344009399414062, "raw_occupancy": 0, "timestamp": "2026-09-15 19:15:33" }, "geometry": { "type": "Point", "coordinates": [ 23.344009399414062, 42.642890930175781 ] } },
{ "type": "Feature", "properties": { "vehicle_id": "A2165", "latitude": 42.715461730957031, "longitude": 23.310293197631836, "raw_occupancy": 1, "timestamp": "2026-09-15 19:25:33" }, "geometry": { "type": "Point", "coordinates": [ 23.310293197631836, 42.715461730957031 ] } },
{ "type": "Feature", "properties": { "vehicle_id": "A3632", "latitude": 42.6153564453125, "longitude": 23.415945053100586, "raw_occupancy": 1, "timestamp": "2026-09-15 19:25:33" }, "geometry": { "type": "Point", "coordinates": [ 23.415945053100586, 42.6153564453125 ] } },
{ "type": "Feature", "properties": { "vehicle_id": "A7147", "latitude": 42.742244720458984, "longitude": 23.27961540222168, "raw_occupancy": 0, "timestamp": "2026-09-15 19:25:33" }, "geometry": { "type": "Point", "coordinates": [ 23.27961540222168, 42.742244720458984 ] } },
{ "type": "Feature", "properties": { "vehicle_id": "A2047", "latitude": 42.790546417236328, "longitude": 23.305656433105469, "raw_occupancy": 1, "timestamp": "2026-09-15 19:25:33" }, "geometry": { "type": "Point", "coordinates": [ 23.305656433105469, 42.790546417236328 ] } },
{ "type": "Feature", "properties": { "vehicle_id": "A7065", "latitude": 42.725357055664062, "longitude": 23.303842544555664, "raw_occupancy": 3, "timestamp": "2026-09-15 19:25:33" }, "geometry": { "type": "Point", "coordinates": [ 23.303842544555664, 42.725357055664062 ] } },
{ "type": "Feature", "properties": { "vehicle_id": "A3153", "latitude": 42.677383422851562, "longitude": 23.379238128662109, "raw_occupancy": 1, "timestamp": "2026-09-15 19:25:33" }, "geometry": { "type": "Point", "coordinates": [ 23.379238128662109, 42.677383422851562 ] } },
{ "type": "Feature", "properties": { "vehicle_id": "A2006", "latitude": 42.708408355712891, "longitude": 23.296798706054688, "raw_occupancy": 1, "timestamp": "2026-09-15 19:25:33" }, "geometry": { "type": "Point", "coordinates": [ 23.296798706054688, 42.708408355712891 ] } },
{ "type": "Feature", "properties": { "vehicle_id": "A1837", "latitude": 42.73797607421875, "longitude": 23.270801544189453, "raw_occupancy": 1, "timestamp": "2026-09-15 19:25:33" }, "geometry": { "type": "Point", "coordinates": [ 23.270801544189453, 42.73797607421875 ] } },
{ "type": "Feature", "properties": { "vehicle_id": "A1315", "latitude": 42.621017456054688, "longitude": 23.307802200317383, "raw_occupancy": 0, "timestamp": "2026-09-15 19:25:33" }, "geometry": { "type": "Point", "coordinates": [ 23.307802200317383, 42.621017456054688 ] } },
{ "type": "Feature", "properties": { "vehicle_id": "A3138", "latitude": 42.699081420898438, "longitude": 23.345029830932617, "raw_occupancy": 0, "timestamp": "2026-09-15 19:25:33" }, "geometry": { "type": "Point", "coordinates": [ 23.345029830932617, 42.699081420898438 ] } },
{ "type": "Feature", "properties": { "vehicle_id": "A1232", "latitude": 42.774967193603516, "longitude": 23.250040054321289, "raw_occupancy": 1, "timestamp": "2026-09-15 19:25:33" }, "geometry": { "type": "Point", "coordinates": [ 23.250040054321289, 42.774967193603516 ] } },
{ "type": "Feature", "properties": { "vehicle_id": "A7099", "latitude": 42.819000244140625, "longitude": 23.355829238891602, "raw_occupancy": 1, "timestamp": "2026-09-15 19:25:33" }, "geometry": { "type": "Point", "coordinates": [ 23.355829238891602, 42.819000244140625 ] } },
{ "type": "Feature", "properties": { "vehicle_id": "A3656", "latitude": 42.684677124023438, "longitude": 23.376762390136719, "raw_occupancy": 2, "timestamp": "2026-09-15 19:25:33" }, "geometry": { "type": "Point", "coordinates": [ 23.376762390136719, 42.684677124023438 ] } },
{ "type": "Feature", "properties": { "vehicle_id": "A1424", "latitude": 42.717506408691406, "longitude": 23.279180526733398, "raw_occupancy": 1, "timestamp": "2026-09-15 19:25:33" }, "geometry": { "type": "Point", "coordinates": [ 23.279180526733398, 42.717506408691406 ] } },
{ "type": "Feature", "properties": { "vehicle_id": "A2082", "latitude": 42.633735656738281, "longitude": 23.310579299926758, "raw_occupancy": 3, "timestamp": "2026-09-15 19:25:33" }, "geometry": { "type": "Point", "coordinates": [ 23.310579299926758, 42.633735656738281 ] } },
{ "type": "Feature", "properties": { "vehicle_id": "A3625", "latitude": 42.671764373779297, "longitude": 23.394515991210938, "raw_occupancy": 2, "timestamp": "2026-09-15 19:25:33" }, "geometry": { "type": "Point", "coordinates": [ 23.394515991210938, 42.671764373779297 ] } },
{ "type": "Feature", "properties": { "vehicle_id": "A3608", "latitude": 42.634754180908203, "longitude": 23.380168914794922, "raw_occupancy": 3, "timestamp": "2026-09-15 19:25:33" }, "geometry": { "type": "Point", "coordinates": [ 23.380168914794922, 42.634754180908203 ] } },
{ "type": "Feature", "properties": { "vehicle_id": "A2804", "latitude": 42.686599731445312, "longitude": 23.331926345825195, "raw_occupancy": 2, "timestamp": "2026-09-15 19:25:33" }, "geometry": { "type": "Point", "coordinates": [ 23.331926345825195, 42.686599731445312 ] } },
{ "type": "Feature", "properties": { "vehicle_id": "A2003", "latitude": 42.709514617919922, "longitude": 23.259531021118164, "raw_occupancy": 3, "timestamp": "2026-09-15 19:25:33" }, "geometry": { "type": "Point", "coordinates": [ 23.259531021118164, 42.709514617919922 ] } },
{ "type": "Feature", "properties": { "vehicle_id": "A2078", "latitude": 42.628406524658203, "longitude": 23.407875061035156, "raw_occupancy": 1, "timestamp": "2026-09-15 19:25:33" }, "geometry": { "type": "Point", "coordinates": [ 23.407875061035156, 42.628406524658203 ] } },
{ "type": "Feature", "properties": { "vehicle_id": "A2085", "latitude": 42.534599304199219, "longitude": 23.365890502929688, "raw_occupancy": 1, "timestamp": "2026-09-15 19:25:33" }, "geometry": { "type": "Point", "coordinates": [ 23.365890502929688, 42.534599304199219 ] } },
{ "type": "Feature", "properties": { "vehicle_id": "A2076", "latitude": 42.59576416015625, "longitude": 23.414350509643555, "raw_occupancy": 2, "timestamp": "2026-09-15 19:25:33" }, "geometry": { "type": "Point", "coordinates": [ 23.414350509643555, 42.59576416015625 ] } },
{ "type": "Feature", "properties": { "vehicle_id": "A3104", "latitude": 42.631801605224609, "longitude": 23.380353927612305, "raw_occupancy": 0, "timestamp": "2026-09-15 19:25:33" }, "geometry": { "type": "Point", "coordinates": [ 23.380353927612305, 42.631801605224609 ] } },
{ "type": "Feature", "properties": { "vehicle_id": "A1025", "latitude": 42.665981292724609, "longitude": 23.266073226928711, "raw_occupancy": 3, "timestamp": "2026-09-15 19:25:33" }, "geometry": { "type": "Point", "coordinates": [ 23.266073226928711, 42.665981292724609 ] } },
{ "type": "Feature", "properties": { "vehicle_id": "A7043", "latitude": 42.772735595703125, "longitude": 23.316028594970703, "raw_occupancy": 3, "timestamp": "2026-09-15 19:25:33" }, "geometry": { "type": "Point", "coordinates": [ 23.316028594970703, 42.772735595703125 ] } },
{ "type": "Feature", "properties": { "vehicle_id": "A3626", "latitude": 42.677837371826172, "longitude": 23.341997146606445, "raw_occupancy": 3, "timestamp": "2026-09-15 19:25:33" }, "geometry": { "type": "Point", "coordinates": [ 23.341997146606445, 42.677837371826172 ] } },
{ "type": "Feature", "properties": { "vehicle_id": "A2069", "latitude": 42.606304168701172, "longitude": 23.470083236694336, "raw_occupancy": 1, "timestamp": "2026-09-15 19:25:33" }, "geometry": { "type": "Point", "coordinates": [ 23.470083236694336, 42.606304168701172 ] } },
{ "type": "Feature", "properties": { "vehicle_id": "A7185", "latitude": 42.739387512207031, "longitude": 23.514373779296875, "raw_occupancy": 0, "timestamp": "2026-09-15 19:25:33" }, "geometry": { "type": "Point", "coordinates": [ 23.514373779296875, 42.739387512207031 ] } },
{ "type": "Feature", "properties": { "vehicle_id": "A7111", "latitude": 42.752994537353516, "longitude": 23.275600433349609, "raw_occupancy": 1, "timestamp": "2026-09-15 19:25:33" }, "geometry": { "type": "Point", "coordinates": [ 23.275600433349609, 42.752994537353516 ] } },
{ "type": "Feature", "properties": { "vehicle_id": "A7157", "latitude": 42.709114074707031, "longitude": 23.418674468994141, "raw_occupancy": 1, "timestamp": "2026-09-15 19:25:33" }, "geometry": { "type": "Point", "coordinates": [ 23.418674468994141, 42.709114074707031 ] } },
{ "type": "Feature", "properties": { "vehicle_id": "A1213", "latitude": 42.725723266601562, "longitude": 23.261062622070312, "raw_occupancy": 3, "timestamp": "2026-09-15 19:25:33" }, "geometry": { "type": "Point", "coordinates": [ 23.261062622070312, 42.725723266601562 ] } },
{ "type": "Feature", "properties": { "vehicle_id": "A7175", "latitude": 42.714710235595703, "longitude": 23.359453201293945, "raw_occupancy": 0, "timestamp": "2026-09-15 19:25:33" }, "geometry": { "type": "Point", "coordinates": [ 23.359453201293945, 42.714710235595703 ] } },
{ "type": "Feature", "properties": { "vehicle_id": "A2024", "latitude": 42.653667449951172, "longitude": 23.345535278320312, "raw_occupancy": 2, "timestamp": "2026-09-15 19:25:33" }, "geometry": { "type": "Point", "coordinates": [ 23.345535278320312, 42.653667449951172 ] } },
{ "type": "Feature", "properties": { "vehicle_id": "A2811", "latitude": 42.673709869384766, "longitude": 23.221296310424805, "raw_occupancy": 0, "timestamp": "2026-09-15 19:25:33" }, "geometry": { "type": "Point", "coordinates": [ 23.221296310424805, 42.673709869384766 ] } },
{ "type": "Feature", "properties": { "vehicle_id": "A3622", "latitude": 42.670234680175781, "longitude": 23.442878723144531, "raw_occupancy": 1, "timestamp": "2026-09-15 19:25:33" }, "geometry": { "type": "Point", "coordinates": [ 23.442878723144531, 42.670234680175781 ] } },
{ "type": "Feature", "properties": { "vehicle_id": "A7163", "latitude": 42.751274108886719, "longitude": 23.497797012329102, "raw_occupancy": 1, "timestamp": "2026-09-15 19:25:33" }, "geometry": { "type": "Point", "coordinates": [ 23.497797012329102, 42.751274108886719 ] } },
{ "type": "Feature", "properties": { "vehicle_id": "A1152", "latitude": 42.674816131591797, "longitude": 23.30560302734375, "raw_occupancy": 2, "timestamp": "2026-09-15 19:25:33" }, "geometry": { "type": "Point", "coordinates": [ 23.30560302734375, 42.674816131591797 ] } },
{ "type": "Feature", "properties": { "vehicle_id": "A7083", "latitude": 42.710258483886719, "longitude": 23.386800765991211, "raw_occupancy": 1, "timestamp": "2026-09-15 19:25:33" }, "geometry": { "type": "Point", "coordinates": [ 23.386800765991211, 42.710258483886719 ] } },
{ "type": "Feature", "properties": { "vehicle_id": "A3012", "latitude": 42.690715789794922, "longitude": 23.33720588684082, "raw_occupancy": 2, "timestamp": "2026-09-15 19:25:33" }, "geometry": { "type": "Point", "coordinates": [ 23.33720588684082, 42.690715789794922 ] } },
{ "type": "Feature", "properties": { "vehicle_id": "A7117", "latitude": 42.705726623535156, "longitude": 23.316858291625977, "raw_occupancy": 1, "timestamp": "2026-09-15 19:25:33" }, "geometry": { "type": "Point", "coordinates": [ 23.316858291625977, 42.705726623535156 ] } },
{ "type": "Feature", "properties": { "vehicle_id": "A1413", "latitude": 42.676120758056641, "longitude": 23.232101440429688, "raw_occupancy": 1, "timestamp": "2026-09-15 19:25:33" }, "geometry": { "type": "Point", "coordinates": [ 23.232101440429688, 42.676120758056641 ] } },
{ "type": "Feature", "properties": { "vehicle_id": "A2316", "latitude": 42.668754577636719, "longitude": 23.366861343383789, "raw_occupancy": 0, "timestamp": "2026-09-15 19:25:33" }, "geometry": { "type": "Point", "coordinates": [ 23.366861343383789, 42.668754577636719 ] } },
{ "type": "Feature", "properties": { "vehicle_id": "A3601", "latitude": 42.659496307373047, "longitude": 23.424293518066406, "raw_occupancy": 1, "timestamp": "2026-09-15 19:25:33" }, "geometry": { "type": "Point", "coordinates": [ 23.424293518066406, 42.659496307373047 ] } },
{ "type": "Feature", "properties": { "vehicle_id": "A2058", "latitude": 42.692310333251953, "longitude": 23.343631744384766, "raw_occupancy": 2, "timestamp": "2026-09-15 19:25:33" }, "geometry": { "type": "Point", "coordinates": [ 23.343631744384766, 42.692310333251953 ] } },
{ "type": "Feature", "properties": { "vehicle_id": "A1184", "latitude": 42.672935485839844, "longitude": 23.335813522338867, "raw_occupancy": 2, "timestamp": "2026-09-15 19:25:33" }, "geometry": { "type": "Point", "coordinates": [ 23.335813522338867, 42.672935485839844 ] } },
{ "type": "Feature", "properties": { "vehicle_id": "A2312", "latitude": 42.662601470947266, "longitude": 23.358230590820312, "raw_occupancy": 1, "timestamp": "2026-09-15 19:25:33" }, "geometry": { "type": "Point", "coordinates": [ 23.358230590820312, 42.662601470947266 ] } },
{ "type": "Feature", "properties": { "vehicle_id": "A2066", "latitude": 42.700538635253906, "longitude": 23.316112518310547, "raw_occupancy": 0, "timestamp": "2026-09-15 19:25:33" }, "geometry": { "type": "Point", "coordinates": [ 23.316112518310547, 42.700538635253906 ] } },
{ "type": "Feature", "properties": { "vehicle_id": "A7193", "latitude": 42.731876373291016, "longitude": 23.343832015991211, "raw_occupancy": 0, "timestamp": "2026-09-15 19:25:33" }, "geometry": { "type": "Point", "coordinates": [ 23.343832015991211, 42.731876373291016 ] } },
{ "type": "Feature", "properties": { "vehicle_id": "A3628", "latitude": 42.686370849609375, "longitude": 23.300800323486328, "raw_occupancy": 1, "timestamp": "2026-09-15 19:25:33" }, "geometry": { "type": "Point", "coordinates": [ 23.300800323486328, 42.686370849609375 ] } },
{ "type": "Feature", "properties": { "vehicle_id": "A3013", "latitude": 42.65728759765625, "longitude": 23.401519775390625, "raw_occupancy": 0, "timestamp": "2026-09-15 19:25:33" }, "geometry": { "type": "Point", "coordinates": [ 23.401519775390625, 42.65728759765625 ] } },
{ "type": "Feature", "properties": { "vehicle_id": "A3603", "latitude": 42.683483123779297, "longitude": 23.459091186523438, "raw_occupancy": 1, "timestamp": "2026-09-15 19:25:33" }, "geometry": { "type": "Point", "coordinates": [ 23.459091186523438, 42.683483123779297 ] } },
{ "type": "Feature", "properties": { "vehicle_id": "A2079", "latitude": 42.659492492675781, "longitude": 23.324052810668945, "raw_occupancy": 0, "timestamp": "2026-09-15 19:25:33" }, "geometry": { "type": "Point", "coordinates": [ 23.324052810668945, 42.659492492675781 ] } },
{ "type": "Feature", "properties": { "vehicle_id": "A1179", "latitude": 42.658397674560547, "longitude": 23.342763900756836, "raw_occupancy": 2, "timestamp": "2026-09-15 19:25:33" }, "geometry": { "type": "Point", "coordinates": [ 23.342763900756836, 42.658397674560547 ] } },
{ "type": "Feature", "properties": { "vehicle_id": "A2153", "latitude": 42.731174468994141, "longitude": 23.325929641723633, "raw_occupancy": 0, "timestamp": "2026-09-15 19:25:33" }, "geometry": { "type": "Point", "coordinates": [ 23.325929641723633, 42.731174468994141 ] } },
{ "type": "Feature", "properties": { "vehicle_id": "A2515", "latitude": 42.685562133789062, "longitude": 23.312065124511719, "raw_occupancy": 1, "timestamp": "2026-09-15 19:25:33" }, "geometry": { "type": "Point", "coordinates": [ 23.312065124511719, 42.685562133789062 ] } },
{ "type": "Feature", "properties": { "vehicle_id": "A7067", "latitude": 42.752796173095703, "longitude": 23.557937622070312, "raw_occupancy": 1, "timestamp": "2026-09-15 19:25:33" }, "geometry": { "type": "Point", "coordinates": [ 23.557937622070312, 42.752796173095703 ] } },
{ "type": "Feature", "properties": { "vehicle_id": "A1185", "latitude": 42.643524169921875, "longitude": 23.345067977905273, "raw_occupancy": 0, "timestamp": "2026-09-15 19:25:33" }, "geometry": { "type": "Point", "coordinates": [ 23.345067977905273, 42.643524169921875 ] } },
{ "type": "Feature", "properties": { "vehicle_id": "A3019", "latitude": 42.677970886230469, "longitude": 23.389373779296875, "raw_occupancy": 1, "timestamp": "2026-09-15 19:25:33" }, "geometry": { "type": "Point", "coordinates": [ 23.389373779296875, 42.677970886230469 ] } },
{ "type": "Feature", "properties": { "vehicle_id": "A1421", "latitude": 42.643013000488281, "longitude": 23.282625198364258, "raw_occupancy": 1, "timestamp": "2026-09-15 19:25:33" }, "geometry": { "type": "Point", "coordinates": [ 23.282625198364258, 42.643013000488281 ] } },
{ "type": "Feature", "properties": { "vehicle_id": "A3149", "latitude": 42.661949157714844, "longitude": 23.391195297241211, "raw_occupancy": 1, "timestamp": "2026-09-15 19:25:33" }, "geometry": { "type": "Point", "coordinates": [ 23.391195297241211, 42.661949157714844 ] } },
{ "type": "Feature", "properties": { "vehicle_id": "A1601", "latitude": 42.696903228759766, "longitude": 23.352277755737305, "raw_occupancy": 2, "timestamp": "2026-09-15 19:25:33" }, "geometry": { "type": "Point", "coordinates": [ 23.352277755737305, 42.696903228759766 ] } },
{ "type": "Feature", "properties": { "vehicle_id": "A2305", "latitude": 42.705520629882812, "longitude": 23.350563049316406, "raw_occupancy": 1, "timestamp": "2026-09-15 19:25:33" }, "geometry": { "type": "Point", "coordinates": [ 23.350563049316406, 42.705520629882812 ] } },
{ "type": "Feature", "properties": { "vehicle_id": "A2038", "latitude": 42.692493438720703, "longitude": 23.335006713867188, "raw_occupancy": 0, "timestamp": "2026-09-15 19:25:33" }, "geometry": { "type": "Point", "coordinates": [ 23.335006713867188, 42.692493438720703 ] } },
{ "type": "Feature", "properties": { "vehicle_id": "A3152", "latitude": 42.660224914550781, "longitude": 23.349571228027344, "raw_occupancy": 2, "timestamp": "2026-09-15 19:25:33" }, "geometry": { "type": "Point", "coordinates": [ 23.349571228027344, 42.660224914550781 ] } },
{ "type": "Feature", "properties": { "vehicle_id": "A2051", "latitude": 42.699115753173828, "longitude": 23.275979995727539, "raw_occupancy": 0, "timestamp": "2026-09-15 19:25:33" }, "geometry": { "type": "Point", "coordinates": [ 23.275979995727539, 42.699115753173828 ] } },
{ "type": "Feature", "properties": { "vehicle_id": "A1226", "latitude": 42.625869750976562, "longitude": 23.350950241088867, "raw_occupancy": 1, "timestamp": "2026-09-15 19:25:33" }, "geometry": { "type": "Point", "coordinates": [ 23.350950241088867, 42.625869750976562 ] } },
{ "type": "Feature", "properties": { "vehicle_id": "A1182", "latitude": 42.659130096435547, "longitude": 23.327274322509766, "raw_occupancy": 0, "timestamp": "2026-09-15 19:25:33" }, "geometry": { "type": "Point", "coordinates": [ 23.327274322509766, 42.659130096435547 ] } },
{ "type": "Feature", "properties": { "vehicle_id": "A3120", "latitude": 42.710922241210938, "longitude": 23.319938659667969, "raw_occupancy": 0, "timestamp": "2026-09-15 19:25:33" }, "geometry": { "type": "Point", "coordinates": [ 23.319938659667969, 42.710922241210938 ] } },
{ "type": "Feature", "properties": { "vehicle_id": "A1604", "latitude": 42.682945251464844, "longitude": 23.270664215087891, "raw_occupancy": 1, "timestamp": "2026-09-15 19:25:33" }, "geometry": { "type": "Point", "coordinates": [ 23.270664215087891, 42.682945251464844 ] } },
{ "type": "Feature", "properties": { "vehicle_id": "A7087", "latitude": 42.824298858642578, "longitude": 23.284496307373047, "raw_occupancy": 1, "timestamp": "2026-09-15 19:25:33" }, "geometry": { "type": "Point", "coordinates": [ 23.284496307373047, 42.824298858642578 ] } },
{ "type": "Feature", "properties": { "vehicle_id": "A2043", "latitude": 42.708377838134766, "longitude": 23.361125946044922, "raw_occupancy": 0, "timestamp": "2026-09-15 19:25:33" }, "geometry": { "type": "Point", "coordinates": [ 23.361125946044922, 42.708377838134766 ] } },
{ "type": "Feature", "properties": { "vehicle_id": "A2005", "latitude": 42.702972412109375, "longitude": 23.363498687744141, "raw_occupancy": 0, "timestamp": "2026-09-15 19:25:33" }, "geometry": { "type": "Point", "coordinates": [ 23.363498687744141, 42.702972412109375 ] } },
{ "type": "Feature", "properties": { "vehicle_id": "A3627", "latitude": 42.66571044921875, "longitude": 23.391361236572266, "raw_occupancy": 1, "timestamp": "2026-09-15 19:25:33" }, "geometry": { "type": "Point", "coordinates": [ 23.391361236572266, 42.66571044921875 ] } },
{ "type": "Feature", "properties": { "vehicle_id": "A3101", "latitude": 42.651691436767578, "longitude": 23.379077911376953, "raw_occupancy": 0, "timestamp": "2026-09-15 19:25:33" }, "geometry": { "type": "Point", "coordinates": [ 23.379077911376953, 42.651691436767578 ] } },
{ "type": "Feature", "properties": { "vehicle_id": "A3654", "latitude": 42.662082672119141, "longitude": 23.35426139831543, "raw_occupancy": 2, "timestamp": "2026-09-15 19:25:33" }, "geometry": { "type": "Point", "coordinates": [ 23.35426139831543, 42.662082672119141 ] } },
{ "type": "Feature", "properties": { "vehicle_id": "A2518", "latitude": 42.662757873535156, "longitude": 23.376850128173828, "raw_occupancy": 1, "timestamp": "2026-09-15 19:25:33" }, "geometry": { "type": "Point", "coordinates": [ 23.376850128173828, 42.662757873535156 ] } },
{ "type": "Feature", "properties": { "vehicle_id": "A3124", "latitude": 42.649410247802734, "longitude": 23.377658843994141, "raw_occupancy": 2, "timestamp": "2026-09-15 19:25:33" }, "geometry": { "type": "Point", "coordinates": [ 23.377658843994141, 42.649410247802734 ] } },
{ "type": "Feature", "properties": { "vehicle_id": "A1845", "latitude": 42.711257934570312, "longitude": 23.157354354858398, "raw_occupancy": 2, "timestamp": "2026-09-15 19:25:33" }, "geometry": { "type": "Point", "coordinates": [ 23.157354354858398, 42.711257934570312 ] } },
{ "type": "Feature", "properties": { "vehicle_id": "A2504", "latitude": 42.718883514404297, "longitude": 23.276535034179688, "raw_occupancy": 1, "timestamp": "2026-09-15 19:25:33" }, "geometry": { "type": "Point", "coordinates": [ 23.276535034179688, 42.718883514404297 ] } },
{ "type": "Feature", "properties": { "vehicle_id": "A2081", "latitude": 42.606960296630859, "longitude": 23.400602340698242, "raw_occupancy": 2, "timestamp": "2026-09-15 19:25:33" }, "geometry": { "type": "Point", "coordinates": [ 23.400602340698242, 42.606960296630859 ] } },
{ "type": "Feature", "properties": { "vehicle_id": "A1426", "latitude": 42.668743133544922, "longitude": 23.255212783813477, "raw_occupancy": 1, "timestamp": "2026-09-15 19:25:33" }, "geometry": { "type": "Point", "coordinates": [ 23.255212783813477, 42.668743133544922 ] } },
{ "type": "Feature", "properties": { "vehicle_id": "A3108", "latitude": 42.711326599121094, "longitude": 23.319969177246094, "raw_occupancy": 1, "timestamp": "2026-09-15 19:25:33" }, "geometry": { "type": "Point", "coordinates": [ 23.319969177246094, 42.711326599121094 ] } },
{ "type": "Feature", "properties": { "vehicle_id": "A2000", "latitude": 42.707321166992188, "longitude": 23.317991256713867, "raw_occupancy": 1, "timestamp": "2026-09-15 19:25:33" }, "geometry": { "type": "Point", "coordinates": [ 23.317991256713867, 42.707321166992188 ] } },
{ "type": "Feature", "properties": { "vehicle_id": "A3401", "latitude": 42.626266479492188, "longitude": 23.330287933349609, "raw_occupancy": 2, "timestamp": "2026-09-15 19:25:33" }, "geometry": { "type": "Point", "coordinates": [ 23.330287933349609, 42.626266479492188 ] } },
{ "type": "Feature", "properties": { "vehicle_id": "A1805", "latitude": 42.677371978759766, "longitude": 23.24937629699707, "raw_occupancy": 1, "timestamp": "2026-09-15 19:25:33" }, "geometry": { "type": "Point", "coordinates": [ 23.24937629699707, 42.677371978759766 ] } },
{ "type": "Feature", "properties": { "vehicle_id": "A2605", "latitude": 42.709728240966797, "longitude": 23.384342193603516, "raw_occupancy": 1, "timestamp": "2026-09-15 19:25:33" }, "geometry": { "type": "Point", "coordinates": [ 23.384342193603516, 42.709728240966797 ] } },
{ "type": "Feature", "properties": { "vehicle_id": "A2026", "latitude": 42.703807830810547, "longitude": 23.35552978515625, "raw_occupancy": 1, "timestamp": "2026-09-15 19:25:33" }, "geometry": { "type": "Point", "coordinates": [ 23.35552978515625, 42.703807830810547 ] } },
{ "type": "Feature", "properties": { "vehicle_id": "A7171", "latitude": 42.712741851806641, "longitude": 23.198574066162109, "raw_occupancy": 0, "timestamp": "2026-09-15 19:25:33" }, "geometry": { "type": "Point", "coordinates": [ 23.198574066162109, 42.712741851806641 ] } },
{ "type": "Feature", "properties": { "vehicle_id": "A1181", "latitude": 42.731178283691406, "longitude": 23.294851303100586, "raw_occupancy": 0, "timestamp": "2026-09-15 19:25:33" }, "geometry": { "type": "Point", "coordinates": [ 23.294851303100586, 42.731178283691406 ] } },
{ "type": "Feature", "properties": { "vehicle_id": "A1220", "latitude": 42.697196960449219, "longitude": 23.277238845825195, "raw_occupancy": 0, "timestamp": "2026-09-15 19:25:33" }, "geometry": { "type": "Point", "coordinates": [ 23.277238845825195, 42.697196960449219 ] } },
{ "type": "Feature", "properties": { "vehicle_id": "A7051", "latitude": 42.699138641357422, "longitude": 23.36125373840332, "raw_occupancy": 1, "timestamp": "2026-09-15 19:25:33" }, "geometry": { "type": "Point", "coordinates": [ 23.36125373840332, 42.699138641357422 ] } },
{ "type": "Feature", "properties": { "vehicle_id": "A2304", "latitude": 42.663166046142578, "longitude": 23.357843399047852, "raw_occupancy": 2, "timestamp": "2026-09-15 19:25:33" }, "geometry": { "type": "Point", "coordinates": [ 23.357843399047852, 42.663166046142578 ] } },
{ "type": "Feature", "properties": { "vehicle_id": "A1153", "latitude": 42.730133056640625, "longitude": 23.287136077880859, "raw_occupancy": 1, "timestamp": "2026-09-15 19:25:33" }, "geometry": { "type": "Point", "coordinates": [ 23.287136077880859, 42.730133056640625 ] } },
{ "type": "Feature", "properties": { "vehicle_id": "A2733", "latitude": 42.724918365478516, "longitude": 23.292276382446289, "raw_occupancy": 1, "timestamp": "2026-09-15 19:25:33" }, "geometry": { "type": "Point", "coordinates": [ 23.292276382446289, 42.724918365478516 ] } },
{ "type": "Feature", "properties": { "vehicle_id": "A2506", "latitude": 42.688720703125, "longitude": 23.298234939575195, "raw_occupancy": 3, "timestamp": "2026-09-15 19:25:33" }, "geometry": { "type": "Point", "coordinates": [ 23.298234939575195, 42.688720703125 ] } },
{ "type": "Feature", "properties": { "vehicle_id": "A2823", "latitude": 42.662063598632812, "longitude": 23.244424819946289, "raw_occupancy": 1, "timestamp": "2026-09-15 19:25:33" }, "geometry": { "type": "Point", "coordinates": [ 23.244424819946289, 42.662063598632812 ] } },
{ "type": "Feature", "properties": { "vehicle_id": "A1819", "latitude": 42.739681243896484, "longitude": 23.275218963623047, "raw_occupancy": 0, "timestamp": "2026-09-15 19:25:33" }, "geometry": { "type": "Point", "coordinates": [ 23.275218963623047, 42.739681243896484 ] } },
{ "type": "Feature", "properties": { "vehicle_id": "A3107", "latitude": 42.637744903564453, "longitude": 23.373104095458984, "raw_occupancy": 1, "timestamp": "2026-09-15 19:25:33" }, "geometry": { "type": "Point", "coordinates": [ 23.373104095458984, 42.637744903564453 ] } },
{ "type": "Feature", "properties": { "vehicle_id": "A1163", "latitude": 42.722881317138672, "longitude": 23.238704681396484, "raw_occupancy": 1, "timestamp": "2026-09-15 19:25:33" }, "geometry": { "type": "Point", "coordinates": [ 23.238704681396484, 42.722881317138672 ] } },
{ "type": "Feature", "properties": { "vehicle_id": "A2029", "latitude": 42.692462921142578, "longitude": 23.334989547729492, "raw_occupancy": 0, "timestamp": "2026-09-15 19:25:33" }, "geometry": { "type": "Point", "coordinates": [ 23.334989547729492, 42.692462921142578 ] } },
{ "type": "Feature", "properties": { "vehicle_id": "A3014", "latitude": 42.684562683105469, "longitude": 23.352275848388672, "raw_occupancy": 3, "timestamp": "2026-09-15 19:25:33" }, "geometry": { "type": "Point", "coordinates": [ 23.352275848388672, 42.684562683105469 ] } },
{ "type": "Feature", "properties": { "vehicle_id": "A3146", "latitude": 42.689327239990234, "longitude": 23.338863372802734, "raw_occupancy": 2, "timestamp": "2026-09-15 19:25:33" }, "geometry": { "type": "Point", "coordinates": [ 23.338863372802734, 42.689327239990234 ] } },
{ "type": "Feature", "properties": { "vehicle_id": "A1189", "latitude": 42.65740966796875, "longitude": 23.33807373046875, "raw_occupancy": 1, "timestamp": "2026-09-15 19:25:33" }, "geometry": { "type": "Point", "coordinates": [ 23.33807373046875, 42.65740966796875 ] } },
{ "type": "Feature", "properties": { "vehicle_id": "A1036", "latitude": 42.637199401855469, "longitude": 23.337869644165039, "raw_occupancy": 1, "timestamp": "2026-09-15 19:25:33" }, "geometry": { "type": "Point", "coordinates": [ 23.337869644165039, 42.637199401855469 ] } },
{ "type": "Feature", "properties": { "vehicle_id": "A1216", "latitude": 42.76806640625, "longitude": 23.243757247924805, "raw_occupancy": 0, "timestamp": "2026-09-15 19:25:33" }, "geometry": { "type": "Point", "coordinates": [ 23.243757247924805, 42.76806640625 ] } },
{ "type": "Feature", "properties": { "vehicle_id": "A3151", "latitude": 42.659305572509766, "longitude": 23.325695037841797, "raw_occupancy": 0, "timestamp": "2026-09-15 19:25:33" }, "geometry": { "type": "Point", "coordinates": [ 23.325695037841797, 42.659305572509766 ] } },
{ "type": "Feature", "properties": { "vehicle_id": "A3410", "latitude": 42.667446136474609, "longitude": 23.391973495483398, "raw_occupancy": 2, "timestamp": "2026-09-15 19:25:33" }, "geometry": { "type": "Point", "coordinates": [ 23.391973495483398, 42.667446136474609 ] } },
{ "type": "Feature", "properties": { "vehicle_id": "A3408", "latitude": 42.686042785644531, "longitude": 23.412075042724609, "raw_occupancy": 0, "timestamp": "2026-09-15 19:25:33" }, "geometry": { "type": "Point", "coordinates": [ 23.412075042724609, 42.686042785644531 ] } },
{ "type": "Feature", "properties": { "vehicle_id": "A3158", "latitude": 42.680721282958984, "longitude": 23.307188034057617, "raw_occupancy": 1, "timestamp": "2026-09-15 19:25:33" }, "geometry": { "type": "Point", "coordinates": [ 23.307188034057617, 42.680721282958984 ] } },
{ "type": "Feature", "properties": { "vehicle_id": "A1219", "latitude": 42.71826171875, "longitude": 23.228271484375, "raw_occupancy": 0, "timestamp": "2026-09-15 19:25:33" }, "geometry": { "type": "Point", "coordinates": [ 23.228271484375, 42.71826171875 ] } },
{ "type": "Feature", "properties": { "vehicle_id": "A1425", "latitude": 42.654685974121094, "longitude": 23.369644165039062, "raw_occupancy": 0, "timestamp": "2026-09-15 19:25:33" }, "geometry": { "type": "Point", "coordinates": [ 23.369644165039062, 42.654685974121094 ] } },
{ "type": "Feature", "properties": { "vehicle_id": "A1212", "latitude": 42.649749755859375, "longitude": 23.261013031005859, "raw_occupancy": 1, "timestamp": "2026-09-15 19:25:33" }, "geometry": { "type": "Point", "coordinates": [ 23.261013031005859, 42.649749755859375 ] } },
{ "type": "Feature", "properties": { "vehicle_id": "A7085", "latitude": 42.705417633056641, "longitude": 23.48701286315918, "raw_occupancy": 1, "timestamp": "2026-09-15 19:25:33" }, "geometry": { "type": "Point", "coordinates": [ 23.48701286315918, 42.705417633056641 ] } },
{ "type": "Feature", "properties": { "vehicle_id": "A7045", "latitude": 42.732040405273438, "longitude": 23.296468734741211, "raw_occupancy": 1, "timestamp": "2026-09-15 19:25:33" }, "geometry": { "type": "Point", "coordinates": [ 23.296468734741211, 42.732040405273438 ] } },
{ "type": "Feature", "properties": { "vehicle_id": "A3102", "latitude": 42.684806823730469, "longitude": 23.3494873046875, "raw_occupancy": 2, "timestamp": "2026-09-15 19:25:33" }, "geometry": { "type": "Point", "coordinates": [ 23.3494873046875, 42.684806823730469 ] } },
{ "type": "Feature", "properties": { "vehicle_id": "A2016", "latitude": 42.678970336914062, "longitude": 23.321624755859375, "raw_occupancy": 0, "timestamp": "2026-09-15 19:25:33" }, "geometry": { "type": "Point", "coordinates": [ 23.321624755859375, 42.678970336914062 ] } },
{ "type": "Feature", "properties": { "vehicle_id": "A1026", "latitude": 42.6229248046875, "longitude": 23.39240837097168, "raw_occupancy": 0, "timestamp": "2026-09-15 19:25:33" }, "geometry": { "type": "Point", "coordinates": [ 23.39240837097168, 42.6229248046875 ] } },
{ "type": "Feature", "properties": { "vehicle_id": "A7113", "latitude": 42.706348419189453, "longitude": 23.334964752197266, "raw_occupancy": 1, "timestamp": "2026-09-15 19:25:33" }, "geometry": { "type": "Point", "coordinates": [ 23.334964752197266, 42.706348419189453 ] } },
{ "type": "Feature", "properties": { "vehicle_id": "A2519", "latitude": 42.695590972900391, "longitude": 23.360647201538086, "raw_occupancy": 2, "timestamp": "2026-09-15 19:25:33" }, "geometry": { "type": "Point", "coordinates": [ 23.360647201538086, 42.695590972900391 ] } },
{ "type": "Feature", "properties": { "vehicle_id": "A3614", "latitude": 42.604526519775391, "longitude": 23.401798248291016, "raw_occupancy": 0, "timestamp": "2026-09-15 19:25:33" }, "geometry": { "type": "Point", "coordinates": [ 23.401798248291016, 42.604526519775391 ] } },
{ "type": "Feature", "properties": { "vehicle_id": "A1186", "latitude": 42.674888610839844, "longitude": 23.307083129882812, "raw_occupancy": 1, "timestamp": "2026-09-15 19:25:33" }, "geometry": { "type": "Point", "coordinates": [ 23.307083129882812, 42.674888610839844 ] } },
{ "type": "Feature", "properties": { "vehicle_id": "A7063", "latitude": 42.719966888427734, "longitude": 23.239778518676758, "raw_occupancy": 2, "timestamp": "2026-09-15 19:25:33" }, "geometry": { "type": "Point", "coordinates": [ 23.239778518676758, 42.719966888427734 ] } },
{ "type": "Feature", "properties": { "vehicle_id": "A3671", "latitude": 42.485996246337891, "longitude": 23.407419204711914, "raw_occupancy": 0, "timestamp": "2026-09-15 19:25:33" }, "geometry": { "type": "Point", "coordinates": [ 23.407419204711914, 42.485996246337891 ] } },
{ "type": "Feature", "properties": { "vehicle_id": "A1420", "latitude": 42.649757385253906, "longitude": 23.261154174804688, "raw_occupancy": 2, "timestamp": "2026-09-15 19:25:33" }, "geometry": { "type": "Point", "coordinates": [ 23.261154174804688, 42.649757385253906 ] } },
{ "type": "Feature", "properties": { "vehicle_id": "A3605", "latitude": 42.625537872314453, "longitude": 23.384967803955078, "raw_occupancy": 1, "timestamp": "2026-09-15 19:25:33" }, "geometry": { "type": "Point", "coordinates": [ 23.384967803955078, 42.625537872314453 ] } },
{ "type": "Feature", "properties": { "vehicle_id": "A1609", "latitude": 42.706130981445312, "longitude": 23.311429977416992, "raw_occupancy": 2, "timestamp": "2026-09-15 19:25:33" }, "geometry": { "type": "Point", "coordinates": [ 23.311429977416992, 42.706130981445312 ] } },
{ "type": "Feature", "properties": { "vehicle_id": "A3403", "latitude": 42.660060882568359, "longitude": 23.318077087402344, "raw_occupancy": 0, "timestamp": "2026-09-15 19:25:33" }, "geometry": { "type": "Point", "coordinates": [ 23.318077087402344, 42.660060882568359 ] } },
{ "type": "Feature", "properties": { "vehicle_id": "A1208", "latitude": 42.623180389404297, "longitude": 23.368213653564453, "raw_occupancy": 2, "timestamp": "2026-09-15 19:25:33" }, "geometry": { "type": "Point", "coordinates": [ 23.368213653564453, 42.623180389404297 ] } },
{ "type": "Feature", "properties": { "vehicle_id": "A3110", "latitude": 42.683444976806641, "longitude": 23.321113586425781, "raw_occupancy": 2, "timestamp": "2026-09-15 19:25:33" }, "geometry": { "type": "Point", "coordinates": [ 23.321113586425781, 42.683444976806641 ] } },
{ "type": "Feature", "properties": { "vehicle_id": "A3659", "latitude": 42.679664611816406, "longitude": 23.30232048034668, "raw_occupancy": 2, "timestamp": "2026-09-15 19:25:33" }, "geometry": { "type": "Point", "coordinates": [ 23.30232048034668, 42.679664611816406 ] } },
{ "type": "Feature", "properties": { "vehicle_id": "A3100", "latitude": 42.648643493652344, "longitude": 23.377153396606445, "raw_occupancy": 2, "timestamp": "2026-09-15 19:25:33" }, "geometry": { "type": "Point", "coordinates": [ 23.377153396606445, 42.648643493652344 ] } },
{ "type": "Feature", "properties": { "vehicle_id": "A3145", "latitude": 42.679729461669922, "longitude": 23.303464889526367, "raw_occupancy": 2, "timestamp": "2026-09-15 19:25:33" }, "geometry": { "type": "Point", "coordinates": [ 23.303464889526367, 42.679729461669922 ] } },
{ "type": "Feature", "properties": { "vehicle_id": "A3666", "latitude": 42.670024871826172, "longitude": 23.393110275268555, "raw_occupancy": 1, "timestamp": "2026-09-15 19:25:33" }, "geometry": { "type": "Point", "coordinates": [ 23.393110275268555, 42.670024871826172 ] } },
{ "type": "Feature", "properties": { "vehicle_id": "A2303", "latitude": 42.715057373046875, "longitude": 23.283796310424805, "raw_occupancy": 1, "timestamp": "2026-09-15 19:25:33" }, "geometry": { "type": "Point", "coordinates": [ 23.283796310424805, 42.715057373046875 ] } },
{ "type": "Feature", "properties": { "vehicle_id": "A2067", "latitude": 42.773887634277344, "longitude": 23.315666198730469, "raw_occupancy": 1, "timestamp": "2026-09-15 19:25:33" }, "geometry": { "type": "Point", "coordinates": [ 23.315666198730469, 42.773887634277344 ] } },
{ "type": "Feature", "properties": { "vehicle_id": "A1405", "latitude": 42.658706665039062, "longitude": 23.316423416137695, "raw_occupancy": 0, "timestamp": "2026-09-15 19:25:33" }, "geometry": { "type": "Point", "coordinates": [ 23.316423416137695, 42.658706665039062 ] } },
{ "type": "Feature", "properties": { "vehicle_id": "A2807", "latitude": 42.721569061279297, "longitude": 23.282434463500977, "raw_occupancy": 1, "timestamp": "2026-09-15 19:25:33" }, "geometry": { "type": "Point", "coordinates": [ 23.282434463500977, 42.721569061279297 ] } },
{ "type": "Feature", "properties": { "vehicle_id": "A1156", "latitude": 42.660305023193359, "longitude": 23.321134567260742, "raw_occupancy": 0, "timestamp": "2026-09-15 19:25:33" }, "geometry": { "type": "Point", "coordinates": [ 23.321134567260742, 42.660305023193359 ] } },
{ "type": "Feature", "properties": { "vehicle_id": "A2032", "latitude": 42.678134918212891, "longitude": 23.32666015625, "raw_occupancy": 1, "timestamp": "2026-09-15 19:25:33" }, "geometry": { "type": "Point", "coordinates": [ 23.32666015625, 42.678134918212891 ] } },
{ "type": "Feature", "properties": { "vehicle_id": "A1602", "latitude": 42.641536712646484, "longitude": 23.313169479370117, "raw_occupancy": 0, "timestamp": "2026-09-15 19:25:33" }, "geometry": { "type": "Point", "coordinates": [ 23.313169479370117, 42.641536712646484 ] } },
{ "type": "Feature", "properties": { "vehicle_id": "A3136", "latitude": 42.678321838378906, "longitude": 23.354894638061523, "raw_occupancy": 2, "timestamp": "2026-09-15 19:25:33" }, "geometry": { "type": "Point", "coordinates": [ 23.354894638061523, 42.678321838378906 ] } },
{ "type": "Feature", "properties": { "vehicle_id": "A2059", "latitude": 42.701969146728516, "longitude": 23.355403900146484, "raw_occupancy": 1, "timestamp": "2026-09-15 19:25:33" }, "geometry": { "type": "Point", "coordinates": [ 23.355403900146484, 42.701969146728516 ] } },
{ "type": "Feature", "properties": { "vehicle_id": "A2045", "latitude": 42.709014892578125, "longitude": 23.246448516845703, "raw_occupancy": 1, "timestamp": "2026-09-15 19:25:33" }, "geometry": { "type": "Point", "coordinates": [ 23.246448516845703, 42.709014892578125 ] } },
{ "type": "Feature", "properties": { "vehicle_id": "A1835", "latitude": 42.712448120117188, "longitude": 23.144220352172852, "raw_occupancy": 0, "timestamp": "2026-09-15 19:25:33" }, "geometry": { "type": "Point", "coordinates": [ 23.144220352172852, 42.712448120117188 ] } },
{ "type": "Feature", "properties": { "vehicle_id": "A7091", "latitude": 42.739128112792969, "longitude": 23.504497528076172, "raw_occupancy": 1, "timestamp": "2026-09-15 19:25:33" }, "geometry": { "type": "Point", "coordinates": [ 23.504497528076172, 42.739128112792969 ] } },
{ "type": "Feature", "properties": { "vehicle_id": "A7139", "latitude": 42.714931488037109, "longitude": 23.436853408813477, "raw_occupancy": 3, "timestamp": "2026-09-15 19:25:33" }, "geometry": { "type": "Point", "coordinates": [ 23.436853408813477, 42.714931488037109 ] } },
{ "type": "Feature", "properties": { "vehicle_id": "A7161", "latitude": 42.733997344970703, "longitude": 23.317407608032227, "raw_occupancy": 5, "timestamp": "2026-09-15 19:25:33" }, "geometry": { "type": "Point", "coordinates": [ 23.317407608032227, 42.733997344970703 ] } },
{ "type": "Feature", "properties": { "vehicle_id": "A7151", "latitude": 42.791599273681641, "longitude": 23.407865524291992, "raw_occupancy": 0, "timestamp": "2026-09-15 19:25:33" }, "geometry": { "type": "Point", "coordinates": [ 23.407865524291992, 42.791599273681641 ] } },
{ "type": "Feature", "properties": { "vehicle_id": "A2018", "latitude": 42.678142547607422, "longitude": 23.326381683349609, "raw_occupancy": 2, "timestamp": "2026-09-15 19:25:33" }, "geometry": { "type": "Point", "coordinates": [ 23.326381683349609, 42.678142547607422 ] } },
{ "type": "Feature", "properties": { "vehicle_id": "A3661", "latitude": 42.522285461425781, "longitude": 23.362422943115234, "raw_occupancy": 0, "timestamp": "2026-09-15 19:25:33" }, "geometry": { "type": "Point", "coordinates": [ 23.362422943115234, 42.522285461425781 ] } },
{ "type": "Feature", "properties": { "vehicle_id": "A1231", "latitude": 42.713008880615234, "longitude": 23.302194595336914, "raw_occupancy": 1, "timestamp": "2026-09-15 19:25:33" }, "geometry": { "type": "Point", "coordinates": [ 23.302194595336914, 42.713008880615234 ] } },
{ "type": "Feature", "properties": { "vehicle_id": "A7189", "latitude": 42.705135345458984, "longitude": 23.331365585327148, "raw_occupancy": 1, "timestamp": "2026-09-15 19:25:33" }, "geometry": { "type": "Point", "coordinates": [ 23.331365585327148, 42.705135345458984 ] } },
{ "type": "Feature", "properties": { "vehicle_id": "A3119", "latitude": 42.642929077148438, "longitude": 23.336431503295898, "raw_occupancy": 1, "timestamp": "2026-09-15 19:25:33" }, "geometry": { "type": "Point", "coordinates": [ 23.336431503295898, 42.642929077148438 ] } },
{ "type": "Feature", "properties": { "vehicle_id": "A2001", "latitude": 42.656700134277344, "longitude": 23.326726913452148, "raw_occupancy": 0, "timestamp": "2026-09-15 19:25:33" }, "geometry": { "type": "Point", "coordinates": [ 23.326726913452148, 42.656700134277344 ] } },
{ "type": "Feature", "properties": { "vehicle_id": "A1166", "latitude": 42.729801177978516, "longitude": 23.287221908569336, "raw_occupancy": 0, "timestamp": "2026-09-15 19:25:33" }, "geometry": { "type": "Point", "coordinates": [ 23.287221908569336, 42.729801177978516 ] } },
{ "type": "Feature", "properties": { "vehicle_id": "A1607", "latitude": 42.701396942138672, "longitude": 23.297599792480469, "raw_occupancy": 1, "timestamp": "2026-09-15 19:25:33" }, "geometry": { "type": "Point", "coordinates": [ 23.297599792480469, 42.701396942138672 ] } },
{ "type": "Feature", "properties": { "vehicle_id": "A2086", "latitude": 42.704334259033203, "longitude": 23.328166961669922, "raw_occupancy": 1, "timestamp": "2026-09-15 19:25:33" }, "geometry": { "type": "Point", "coordinates": [ 23.328166961669922, 42.704334259033203 ] } },
{ "type": "Feature", "properties": { "vehicle_id": "A3139", "latitude": 42.640396118164062, "longitude": 23.413833618164062, "raw_occupancy": 0, "timestamp": "2026-09-15 19:25:33" }, "geometry": { "type": "Point", "coordinates": [ 23.413833618164062, 42.640396118164062 ] } },
{ "type": "Feature", "properties": { "vehicle_id": "A1215", "latitude": 42.665191650390625, "longitude": 23.287548065185547, "raw_occupancy": 1, "timestamp": "2026-09-15 19:25:33" }, "geometry": { "type": "Point", "coordinates": [ 23.287548065185547, 42.665191650390625 ] } },
{ "type": "Feature", "properties": { "vehicle_id": "A2044", "latitude": 42.668437957763672, "longitude": 23.329187393188477, "raw_occupancy": 2, "timestamp": "2026-09-15 19:25:33" }, "geometry": { "type": "Point", "coordinates": [ 23.329187393188477, 42.668437957763672 ] } },
{ "type": "Feature", "properties": { "vehicle_id": "A7187", "latitude": 42.727455139160156, "longitude": 23.377958297729492, "raw_occupancy": 1, "timestamp": "2026-09-15 19:25:33" }, "geometry": { "type": "Point", "coordinates": [ 23.377958297729492, 42.727455139160156 ] } },
{ "type": "Feature", "properties": { "vehicle_id": "A2046", "latitude": 42.717395782470703, "longitude": 23.237829208374023, "raw_occupancy": 0, "timestamp": "2026-09-15 19:25:33" }, "geometry": { "type": "Point", "coordinates": [ 23.237829208374023, 42.717395782470703 ] } },
{ "type": "Feature", "properties": { "vehicle_id": "A3617", "latitude": 42.687137603759766, "longitude": 23.331476211547852, "raw_occupancy": 3, "timestamp": "2026-09-15 19:25:33" }, "geometry": { "type": "Point", "coordinates": [ 23.331476211547852, 42.687137603759766 ] } },
{ "type": "Feature", "properties": { "vehicle_id": "A2037", "latitude": 42.64697265625, "longitude": 23.345640182495117, "raw_occupancy": 0, "timestamp": "2026-09-15 19:25:33" }, "geometry": { "type": "Point", "coordinates": [ 23.345640182495117, 42.64697265625 ] } },
{ "type": "Feature", "properties": { "vehicle_id": "A3663", "latitude": 42.651603698730469, "longitude": 23.405263900756836, "raw_occupancy": 1, "timestamp": "2026-09-15 19:25:33" }, "geometry": { "type": "Point", "coordinates": [ 23.405263900756836, 42.651603698730469 ] } },
{ "type": "Feature", "properties": { "vehicle_id": "A3616", "latitude": 42.647087097167969, "longitude": 23.37628173828125, "raw_occupancy": 3, "timestamp": "2026-09-15 19:25:33" }, "geometry": { "type": "Point", "coordinates": [ 23.37628173828125, 42.647087097167969 ] } },
{ "type": "Feature", "properties": { "vehicle_id": "A1301", "latitude": 42.615432739257812, "longitude": 23.183452606201172, "raw_occupancy": 1, "timestamp": "2026-09-15 19:25:33" }, "geometry": { "type": "Point", "coordinates": [ 23.183452606201172, 42.615432739257812 ] } },
{ "type": "Feature", "properties": { "vehicle_id": "A1851", "latitude": 42.674304962158203, "longitude": 23.240234375, "raw_occupancy": 0, "timestamp": "2026-09-15 19:25:33" }, "geometry": { "type": "Point", "coordinates": [ 23.240234375, 42.674304962158203 ] } },
{ "type": "Feature", "properties": { "vehicle_id": "A2017", "latitude": 42.733924865722656, "longitude": 23.294469833374023, "raw_occupancy": 0, "timestamp": "2026-09-15 19:25:33" }, "geometry": { "type": "Point", "coordinates": [ 23.294469833374023, 42.733924865722656 ] } },
{ "type": "Feature", "properties": { "vehicle_id": "A1406", "latitude": 42.658077239990234, "longitude": 23.328453063964844, "raw_occupancy": 0, "timestamp": "2026-09-15 19:25:33" }, "geometry": { "type": "Point", "coordinates": [ 23.328453063964844, 42.658077239990234 ] } },
{ "type": "Feature", "properties": { "vehicle_id": "A2025", "latitude": 42.658298492431641, "longitude": 23.348682403564453, "raw_occupancy": 1, "timestamp": "2026-09-15 19:25:33" }, "geometry": { "type": "Point", "coordinates": [ 23.348682403564453, 42.658298492431641 ] } },
{ "type": "Feature", "properties": { "vehicle_id": "A1021", "latitude": 42.668998718261719, "longitude": 23.243921279907227, "raw_occupancy": 0, "timestamp": "2026-09-15 19:25:33" }, "geometry": { "type": "Point", "coordinates": [ 23.243921279907227, 42.668998718261719 ] } },
{ "type": "Feature", "properties": { "vehicle_id": "A2319", "latitude": 42.6485595703125, "longitude": 23.341594696044922, "raw_occupancy": 2, "timestamp": "2026-09-15 19:25:33" }, "geometry": { "type": "Point", "coordinates": [ 23.341594696044922, 42.6485595703125 ] } },
{ "type": "Feature", "properties": { "vehicle_id": "A2517", "latitude": 42.580818176269531, "longitude": 23.360565185546875, "raw_occupancy": 0, "timestamp": "2026-09-15 19:25:33" }, "geometry": { "type": "Point", "coordinates": [ 23.360565185546875, 42.580818176269531 ] } },
{ "type": "Feature", "properties": { "vehicle_id": "A2507", "latitude": 42.682502746582031, "longitude": 23.318084716796875, "raw_occupancy": 2, "timestamp": "2026-09-15 19:25:33" }, "geometry": { "type": "Point", "coordinates": [ 23.318084716796875, 42.682502746582031 ] } },
{ "type": "Feature", "properties": { "vehicle_id": "A3103", "latitude": 42.665328979492188, "longitude": 23.302608489990234, "raw_occupancy": 1, "timestamp": "2026-09-15 19:25:33" }, "geometry": { "type": "Point", "coordinates": [ 23.302608489990234, 42.665328979492188 ] } },
{ "type": "Feature", "properties": { "vehicle_id": "A3633", "latitude": 42.620819091796875, "longitude": 23.403938293457031, "raw_occupancy": 1, "timestamp": "2026-09-15 19:25:33" }, "geometry": { "type": "Point", "coordinates": [ 23.403938293457031, 42.620819091796875 ] } },
{ "type": "Feature", "properties": { "vehicle_id": "A3634", "latitude": 42.675243377685547, "longitude": 23.433992385864258, "raw_occupancy": 0, "timestamp": "2026-09-15 19:25:33" }, "geometry": { "type": "Point", "coordinates": [ 23.433992385864258, 42.675243377685547 ] } },
{ "type": "Feature", "properties": { "vehicle_id": "A1169", "latitude": 42.68701171875, "longitude": 23.275367736816406, "raw_occupancy": 2, "timestamp": "2026-09-15 19:25:33" }, "geometry": { "type": "Point", "coordinates": [ 23.275367736816406, 42.68701171875 ] } },
{ "type": "Feature", "properties": { "vehicle_id": "A1127", "latitude": 42.726467132568359, "longitude": 23.261447906494141, "raw_occupancy": 1, "timestamp": "2026-09-15 19:25:33" }, "geometry": { "type": "Point", "coordinates": [ 23.261447906494141, 42.726467132568359 ] } },
{ "type": "Feature", "properties": { "vehicle_id": "A3615", "latitude": 42.685073852539062, "longitude": 23.349445343017578, "raw_occupancy": 3, "timestamp": "2026-09-15 19:25:33" }, "geometry": { "type": "Point", "coordinates": [ 23.349445343017578, 42.685073852539062 ] } },
{ "type": "Feature", "properties": { "vehicle_id": "A3157", "latitude": 42.651496887207031, "longitude": 23.35661506652832, "raw_occupancy": 3, "timestamp": "2026-09-15 19:25:33" }, "geometry": { "type": "Point", "coordinates": [ 23.35661506652832, 42.651496887207031 ] } },
{ "type": "Feature", "properties": { "vehicle_id": "A2817", "latitude": 42.721889495849609, "longitude": 23.331123352050781, "raw_occupancy": 1, "timestamp": "2026-09-15 19:25:33" }, "geometry": { "type": "Point", "coordinates": [ 23.331123352050781, 42.721889495849609 ] } },
{ "type": "Feature", "properties": { "vehicle_id": "A3129", "latitude": 42.690902709960938, "longitude": 23.35453987121582, "raw_occupancy": 2, "timestamp": "2026-09-15 19:25:33" }, "geometry": { "type": "Point", "coordinates": [ 23.35453987121582, 42.690902709960938 ] } },
{ "type": "Feature", "properties": { "vehicle_id": "A1168", "latitude": 42.682323455810547, "longitude": 23.349008560180664, "raw_occupancy": 3, "timestamp": "2026-09-15 19:25:33" }, "geometry": { "type": "Point", "coordinates": [ 23.349008560180664, 42.682323455810547 ] } },
{ "type": "Feature", "properties": { "vehicle_id": "A3114", "latitude": 42.710865020751953, "longitude": 23.320159912109375, "raw_occupancy": 1, "timestamp": "2026-09-15 19:25:33" }, "geometry": { "type": "Point", "coordinates": [ 23.320159912109375, 42.710865020751953 ] } },
{ "type": "Feature", "properties": { "vehicle_id": "A1157", "latitude": 42.668975830078125, "longitude": 23.297950744628906, "raw_occupancy": 1, "timestamp": "2026-09-15 19:25:33" }, "geometry": { "type": "Point", "coordinates": [ 23.297950744628906, 42.668975830078125 ] } },
{ "type": "Feature", "properties": { "vehicle_id": "A1833", "latitude": 42.738113403320312, "longitude": 23.317075729370117, "raw_occupancy": 0, "timestamp": "2026-09-15 19:25:33" }, "geometry": { "type": "Point", "coordinates": [ 23.317075729370117, 42.738113403320312 ] } },
{ "type": "Feature", "properties": { "vehicle_id": "A7069", "latitude": 42.838760375976562, "longitude": 23.280242919921875, "raw_occupancy": 1, "timestamp": "2026-09-15 19:25:33" }, "geometry": { "type": "Point", "coordinates": [ 23.280242919921875, 42.838760375976562 ] } },
{ "type": "Feature", "properties": { "vehicle_id": "A3406", "latitude": 42.659996032714844, "longitude": 23.380886077880859, "raw_occupancy": 2, "timestamp": "2026-09-15 19:25:33" }, "geometry": { "type": "Point", "coordinates": [ 23.380886077880859, 42.659996032714844 ] } },
{ "type": "Feature", "properties": { "vehicle_id": "A2317", "latitude": 42.652606964111328, "longitude": 23.347377777099609, "raw_occupancy": 1, "timestamp": "2026-09-15 19:25:33" }, "geometry": { "type": "Point", "coordinates": [ 23.347377777099609, 42.652606964111328 ] } },
{ "type": "Feature", "properties": { "vehicle_id": "A7169", "latitude": 42.781276702880859, "longitude": 23.50617790222168, "raw_occupancy": 1, "timestamp": "2026-09-15 19:25:33" }, "geometry": { "type": "Point", "coordinates": [ 23.50617790222168, 42.781276702880859 ] } },
{ "type": "Feature", "properties": { "vehicle_id": "A2301", "latitude": 42.681869506835938, "longitude": 23.349987030029297, "raw_occupancy": 2, "timestamp": "2026-09-15 19:25:33" }, "geometry": { "type": "Point", "coordinates": [ 23.349987030029297, 42.681869506835938 ] } },
{ "type": "Feature", "properties": { "vehicle_id": "A7109", "latitude": 42.737911224365234, "longitude": 23.501670837402344, "raw_occupancy": 0, "timestamp": "2026-09-15 19:25:33" }, "geometry": { "type": "Point", "coordinates": [ 23.501670837402344, 42.737911224365234 ] } },
{ "type": "Feature", "properties": { "vehicle_id": "A1610", "latitude": 42.720600128173828, "longitude": 23.242607116699219, "raw_occupancy": 2, "timestamp": "2026-09-15 19:25:33" }, "geometry": { "type": "Point", "coordinates": [ 23.242607116699219, 42.720600128173828 ] } },
{ "type": "Feature", "properties": { "vehicle_id": "A1409", "latitude": 42.684761047363281, "longitude": 23.301969528198242, "raw_occupancy": 1, "timestamp": "2026-09-15 19:25:33" }, "geometry": { "type": "Point", "coordinates": [ 23.301969528198242, 42.684761047363281 ] } },
{ "type": "Feature", "properties": { "vehicle_id": "A1809", "latitude": 42.681514739990234, "longitude": 23.24382209777832, "raw_occupancy": 1, "timestamp": "2026-09-15 19:25:33" }, "geometry": { "type": "Point", "coordinates": [ 23.24382209777832, 42.681514739990234 ] } },
{ "type": "Feature", "properties": { "vehicle_id": "A2315", "latitude": 42.661716461181641, "longitude": 23.358739852905273, "raw_occupancy": 3, "timestamp": "2026-09-15 19:25:33" }, "geometry": { "type": "Point", "coordinates": [ 23.358739852905273, 42.661716461181641 ] } },
{ "type": "Feature", "properties": { "vehicle_id": "A2050", "latitude": 42.727073669433594, "longitude": 23.261280059814453, "raw_occupancy": 1, "timestamp": "2026-09-15 19:25:33" }, "geometry": { "type": "Point", "coordinates": [ 23.261280059814453, 42.727073669433594 ] } },
{ "type": "Feature", "properties": { "vehicle_id": "A2033", "latitude": 42.656669616699219, "longitude": 23.319559097290039, "raw_occupancy": 0, "timestamp": "2026-09-15 19:25:33" }, "geometry": { "type": "Point", "coordinates": [ 23.319559097290039, 42.656669616699219 ] } },
{ "type": "Feature", "properties": { "vehicle_id": "A2501", "latitude": 42.705089569091797, "longitude": 23.325357437133789, "raw_occupancy": 1, "timestamp": "2026-09-15 19:25:33" }, "geometry": { "type": "Point", "coordinates": [ 23.325357437133789, 42.705089569091797 ] } },
{ "type": "Feature", "properties": { "vehicle_id": "A2040", "latitude": 42.702766418457031, "longitude": 23.362529754638672, "raw_occupancy": 2, "timestamp": "2026-09-15 19:25:33" }, "geometry": { "type": "Point", "coordinates": [ 23.362529754638672, 42.702766418457031 ] } },
{ "type": "Feature", "properties": { "vehicle_id": "A3606", "latitude": 42.624420166015625, "longitude": 23.374691009521484, "raw_occupancy": 2, "timestamp": "2026-09-15 19:25:33" }, "geometry": { "type": "Point", "coordinates": [ 23.374691009521484, 42.624420166015625 ] } },
{ "type": "Feature", "properties": { "vehicle_id": "A7123", "latitude": 42.786235809326172, "longitude": 23.520931243896484, "raw_occupancy": 0, "timestamp": "2026-09-15 19:25:33" }, "geometry": { "type": "Point", "coordinates": [ 23.520931243896484, 42.786235809326172 ] } },
{ "type": "Feature", "properties": { "vehicle_id": "A1829", "latitude": 42.709941864013672, "longitude": 23.139961242675781, "raw_occupancy": 0, "timestamp": "2026-09-15 19:25:33" }, "geometry": { "type": "Point", "coordinates": [ 23.139961242675781, 42.709941864013672 ] } },
{ "type": "Feature", "properties": { "vehicle_id": "A7145", "latitude": 42.706012725830078, "longitude": 23.478004455566406, "raw_occupancy": 1, "timestamp": "2026-09-15 19:25:33" }, "geometry": { "type": "Point", "coordinates": [ 23.478004455566406, 42.706012725830078 ] } },
{ "type": "Feature", "properties": { "vehicle_id": "A3156", "latitude": 42.656909942626953, "longitude": 23.395515441894531, "raw_occupancy": 2, "timestamp": "2026-09-15 19:25:33" }, "geometry": { "type": "Point", "coordinates": [ 23.395515441894531, 42.656909942626953 ] } },
{ "type": "Feature", "properties": { "vehicle_id": "A2072", "latitude": 42.690643310546875, "longitude": 23.384149551391602, "raw_occupancy": 1, "timestamp": "2026-09-15 19:25:33" }, "geometry": { "type": "Point", "coordinates": [ 23.384149551391602, 42.690643310546875 ] } },
{ "type": "Feature", "properties": { "vehicle_id": "A2075", "latitude": 42.601509094238281, "longitude": 23.49586296081543, "raw_occupancy": 0, "timestamp": "2026-09-15 19:25:33" }, "geometry": { "type": "Point", "coordinates": [ 23.49586296081543, 42.601509094238281 ] } },
{ "type": "Feature", "properties": { "vehicle_id": "A2012", "latitude": 42.692703247070312, "longitude": 23.351436614990234, "raw_occupancy": 1, "timestamp": "2026-09-15 19:25:33" }, "geometry": { "type": "Point", "coordinates": [ 23.351436614990234, 42.692703247070312 ] } },
{ "type": "Feature", "properties": { "vehicle_id": "A3409", "latitude": 42.674381256103516, "longitude": 23.3604736328125, "raw_occupancy": 2, "timestamp": "2026-09-15 19:25:33" }, "geometry": { "type": "Point", "coordinates": [ 23.3604736328125, 42.674381256103516 ] } },
{ "type": "Feature", "properties": { "vehicle_id": "A2510", "latitude": 42.621826171875, "longitude": 23.324134826660156, "raw_occupancy": 1, "timestamp": "2026-09-15 19:25:33" }, "geometry": { "type": "Point", "coordinates": [ 23.324134826660156, 42.621826171875 ] } },
{ "type": "Feature", "properties": { "vehicle_id": "A1821", "latitude": 42.623443603515625, "longitude": 23.366449356079102, "raw_occupancy": 1, "timestamp": "2026-09-15 19:25:33" }, "geometry": { "type": "Point", "coordinates": [ 23.366449356079102, 42.623443603515625 ] } },
{ "type": "Feature", "properties": { "vehicle_id": "A2034", "latitude": 42.689750671386719, "longitude": 23.351583480834961, "raw_occupancy": 0, "timestamp": "2026-09-15 19:25:33" }, "geometry": { "type": "Point", "coordinates": [ 23.351583480834961, 42.689750671386719 ] } },
{ "type": "Feature", "properties": { "vehicle_id": "A2010", "latitude": 42.705074310302734, "longitude": 23.33116340637207, "raw_occupancy": 1, "timestamp": "2026-09-15 19:25:33" }, "geometry": { "type": "Point", "coordinates": [ 23.33116340637207, 42.705074310302734 ] } },
{ "type": "Feature", "properties": { "vehicle_id": "A1030", "latitude": 42.646366119384766, "longitude": 23.332096099853516, "raw_occupancy": 1, "timestamp": "2026-09-15 19:25:33" }, "geometry": { "type": "Point", "coordinates": [ 23.332096099853516, 42.646366119384766 ] } },
{ "type": "Feature", "properties": { "vehicle_id": "A7159", "latitude": 42.826835632324219, "longitude": 23.353343963623047, "raw_occupancy": 1, "timestamp": "2026-09-15 19:25:33" }, "geometry": { "type": "Point", "coordinates": [ 23.353343963623047, 42.826835632324219 ] } },
{ "type": "Feature", "properties": { "vehicle_id": "A1410", "latitude": 42.652439117431641, "longitude": 23.315921783447266, "raw_occupancy": 2, "timestamp": "2026-09-15 19:25:33" }, "geometry": { "type": "Point", "coordinates": [ 23.315921783447266, 42.652439117431641 ] } },
{ "type": "Feature", "properties": { "vehicle_id": "A3106", "latitude": 42.629676818847656, "longitude": 23.373311996459961, "raw_occupancy": 1, "timestamp": "2026-09-15 19:25:33" }, "geometry": { "type": "Point", "coordinates": [ 23.373311996459961, 42.629676818847656 ] } },
{ "type": "Feature", "properties": { "vehicle_id": "A1620", "latitude": 42.726009368896484, "longitude": 23.242977142333984, "raw_occupancy": 3, "timestamp": "2026-09-15 19:25:33" }, "geometry": { "type": "Point", "coordinates": [ 23.242977142333984, 42.726009368896484 ] } },
{ "type": "Feature", "properties": { "vehicle_id": "A7053", "latitude": 42.749256134033203, "longitude": 23.557125091552734, "raw_occupancy": 1, "timestamp": "2026-09-15 19:25:33" }, "geometry": { "type": "Point", "coordinates": [ 23.557125091552734, 42.749256134033203 ] } },
{ "type": "Feature", "properties": { "vehicle_id": "A1613", "latitude": 42.737545013427734, "longitude": 23.242984771728516, "raw_occupancy": 2, "timestamp": "2026-09-15 19:25:33" }, "geometry": { "type": "Point", "coordinates": [ 23.242984771728516, 42.737545013427734 ] } },
{ "type": "Feature", "properties": { "vehicle_id": "A2308", "latitude": 42.690528869628906, "longitude": 23.33729362487793, "raw_occupancy": 0, "timestamp": "2026-09-15 19:25:33" }, "geometry": { "type": "Point", "coordinates": [ 23.33729362487793, 42.690528869628906 ] } },
{ "type": "Feature", "properties": { "vehicle_id": "A3015", "latitude": 42.650577545166016, "longitude": 23.405509948730469, "raw_occupancy": 1, "timestamp": "2026-09-15 19:25:33" }, "geometry": { "type": "Point", "coordinates": [ 23.405509948730469, 42.650577545166016 ] } },
{ "type": "Feature", "properties": { "vehicle_id": "A3664", "latitude": 42.657020568847656, "longitude": 23.401359558105469, "raw_occupancy": 1, "timestamp": "2026-09-15 19:25:33" }, "geometry": { "type": "Point", "coordinates": [ 23.401359558105469, 42.657020568847656 ] } },
{ "type": "Feature", "properties": { "vehicle_id": "A2306", "latitude": 42.693149566650391, "longitude": 23.334440231323242, "raw_occupancy": 1, "timestamp": "2026-09-15 19:25:33" }, "geometry": { "type": "Point", "coordinates": [ 23.334440231323242, 42.693149566650391 ] } },
{ "type": "Feature", "properties": { "vehicle_id": "A3402", "latitude": 42.675388336181641, "longitude": 23.339506149291992, "raw_occupancy": 0, "timestamp": "2026-09-15 19:25:33" }, "geometry": { "type": "Point", "coordinates": [ 23.339506149291992, 42.675388336181641 ] } },
{ "type": "Feature", "properties": { "vehicle_id": "A2077", "latitude": 42.805587768554688, "longitude": 23.378173828125, "raw_occupancy": 1, "timestamp": "2026-09-15 19:25:33" }, "geometry": { "type": "Point", "coordinates": [ 23.378173828125, 42.805587768554688 ] } },
{ "type": "Feature", "properties": { "vehicle_id": "A1154", "latitude": 42.643146514892578, "longitude": 23.337211608886719, "raw_occupancy": 1, "timestamp": "2026-09-15 19:25:33" }, "geometry": { "type": "Point", "coordinates": [ 23.337211608886719, 42.643146514892578 ] } },
{ "type": "Feature", "properties": { "vehicle_id": "A2029", "latitude": 42.692104339599609, "longitude": 23.335412979125977, "raw_occupancy": 0, "timestamp": "2026-09-15 19:25:33" }, "geometry": { "type": "Point", "coordinates": [ 23.335412979125977, 42.692104339599609 ] } },
{ "type": "Feature", "properties": { "vehicle_id": "A3147", "latitude": 42.6689453125, "longitude": 23.279815673828125, "raw_occupancy": 2, "timestamp": "2026-09-15 19:25:33" }, "geometry": { "type": "Point", "coordinates": [ 23.279815673828125, 42.6689453125 ] } },
{ "type": "Feature", "properties": { "vehicle_id": "A1605", "latitude": 42.696403503417969, "longitude": 23.3468017578125, "raw_occupancy": 3, "timestamp": "2026-09-15 19:25:33" }, "geometry": { "type": "Point", "coordinates": [ 23.3468017578125, 42.696403503417969 ] } },
{ "type": "Feature", "properties": { "vehicle_id": "A2083", "latitude": 42.704257965087891, "longitude": 23.328489303588867, "raw_occupancy": 1, "timestamp": "2026-09-15 19:25:33" }, "geometry": { "type": "Point", "coordinates": [ 23.328489303588867, 42.704257965087891 ] } },
{ "type": "Feature", "properties": { "vehicle_id": "A2825", "latitude": 42.706092834472656, "longitude": 23.332460403442383, "raw_occupancy": 0, "timestamp": "2026-09-15 19:25:33" }, "geometry": { "type": "Point", "coordinates": [ 23.332460403442383, 42.706092834472656 ] } },
{ "type": "Feature", "properties": { "vehicle_id": "A3141", "latitude": 42.672870635986328, "longitude": 23.285261154174805, "raw_occupancy": 1, "timestamp": "2026-09-15 19:25:33" }, "geometry": { "type": "Point", "coordinates": [ 23.285261154174805, 42.672870635986328 ] } },
{ "type": "Feature", "properties": { "vehicle_id": "A2073", "latitude": 42.585346221923828, "longitude": 23.421791076660156, "raw_occupancy": 0, "timestamp": "2026-09-15 19:25:33" }, "geometry": { "type": "Point", "coordinates": [ 23.421791076660156, 42.585346221923828 ] } },
{ "type": "Feature", "properties": { "vehicle_id": "A2310", "latitude": 42.642959594726562, "longitude": 23.342796325683594, "raw_occupancy": 0, "timestamp": "2026-09-15 19:25:33" }, "geometry": { "type": "Point", "coordinates": [ 23.342796325683594, 42.642959594726562 ] } },
{ "type": "Feature", "properties": { "vehicle_id": "A3154", "latitude": 42.65765380859375, "longitude": 23.393838882446289, "raw_occupancy": 1, "timestamp": "2026-09-15 19:25:33" }, "geometry": { "type": "Point", "coordinates": [ 23.393838882446289, 42.65765380859375 ] } },
{ "type": "Feature", "properties": { "vehicle_id": "A3312", "latitude": 42.640724182128906, "longitude": 23.381610870361328, "raw_occupancy": 2, "timestamp": "2026-09-15 19:25:33" }, "geometry": { "type": "Point", "coordinates": [ 23.381610870361328, 42.640724182128906 ] } },
{ "type": "Feature", "properties": { "vehicle_id": "A2505", "latitude": 42.694473266601562, "longitude": 23.292064666748047, "raw_occupancy": 1, "timestamp": "2026-09-15 19:25:33" }, "geometry": { "type": "Point", "coordinates": [ 23.292064666748047, 42.694473266601562 ] } },
{ "type": "Feature", "properties": { "vehicle_id": "A1180", "latitude": 42.687568664550781, "longitude": 23.265983581542969, "raw_occupancy": 1, "timestamp": "2026-09-15 19:25:33" }, "geometry": { "type": "Point", "coordinates": [ 23.265983581542969, 42.687568664550781 ] } },
{ "type": "Feature", "properties": { "vehicle_id": "A3637", "latitude": 42.622062683105469, "longitude": 23.35841178894043, "raw_occupancy": 1, "timestamp": "2026-09-15 19:25:33" }, "geometry": { "type": "Point", "coordinates": [ 23.35841178894043, 42.622062683105469 ] } },
{ "type": "Feature", "properties": { "vehicle_id": "A2311", "latitude": 42.64410400390625, "longitude": 23.345186233520508, "raw_occupancy": 0, "timestamp": "2026-09-15 19:25:33" }, "geometry": { "type": "Point", "coordinates": [ 23.345186233520508, 42.64410400390625 ] } },
{ "type": "Feature", "properties": { "vehicle_id": "A2028", "latitude": 42.708663940429688, "longitude": 23.370006561279297, "raw_occupancy": 1, "timestamp": "2026-09-15 19:25:33" }, "geometry": { "type": "Point", "coordinates": [ 23.370006561279297, 42.708663940429688 ] } },
{ "type": "Feature", "properties": { "vehicle_id": "A1170", "latitude": 42.700187683105469, "longitude": 23.297250747680664, "raw_occupancy": 2, "timestamp": "2026-09-15 19:25:33" }, "geometry": { "type": "Point", "coordinates": [ 23.297250747680664, 42.700187683105469 ] } },
{ "type": "Feature", "properties": { "vehicle_id": "A2065", "latitude": 42.788772583007812, "longitude": 23.398506164550781, "raw_occupancy": 0, "timestamp": "2026-09-15 19:25:33" }, "geometry": { "type": "Point", "coordinates": [ 23.398506164550781, 42.788772583007812 ] } },
{ "type": "Feature", "properties": { "vehicle_id": "A7155", "latitude": 42.707057952880859, "longitude": 23.409351348876953, "raw_occupancy": 1, "timestamp": "2026-09-15 19:25:33" }, "geometry": { "type": "Point", "coordinates": [ 23.409351348876953, 42.707057952880859 ] } },
{ "type": "Feature", "properties": { "vehicle_id": "A7093", "latitude": 42.738601684570312, "longitude": 23.274213790893555, "raw_occupancy": 2, "timestamp": "2026-09-15 19:25:33" }, "geometry": { "type": "Point", "coordinates": [ 23.274213790893555, 42.738601684570312 ] } },
{ "type": "Feature", "properties": { "vehicle_id": "A1010", "latitude": 42.642410278320312, "longitude": 23.344970703125, "raw_occupancy": 5, "timestamp": "2026-09-15 19:25:33" }, "geometry": { "type": "Point", "coordinates": [ 23.344970703125, 42.642410278320312 ] } },
{ "type": "Feature", "properties": { "vehicle_id": "A1855", "latitude": 42.67803955078125, "longitude": 23.283674240112305, "raw_occupancy": 1, "timestamp": "2026-09-15 19:25:33" }, "geometry": { "type": "Point", "coordinates": [ 23.283674240112305, 42.67803955078125 ] } },
{ "type": "Feature", "properties": { "vehicle_id": "A1223", "latitude": 42.658638000488281, "longitude": 23.316413879394531, "raw_occupancy": 1, "timestamp": "2026-09-15 19:25:33" }, "geometry": { "type": "Point", "coordinates": [ 23.316413879394531, 42.658638000488281 ] } },
{ "type": "Feature", "properties": { "vehicle_id": "A3109", "latitude": 42.707149505615234, "longitude": 23.317930221557617, "raw_occupancy": 0, "timestamp": "2026-09-15 19:25:33" }, "geometry": { "type": "Point", "coordinates": [ 23.317930221557617, 42.707149505615234 ] } },
{ "type": "Feature", "properties": { "vehicle_id": "A1034", "latitude": 42.653125762939453, "longitude": 23.266050338745117, "raw_occupancy": 2, "timestamp": "2026-09-15 19:25:33" }, "geometry": { "type": "Point", "coordinates": [ 23.266050338745117, 42.653125762939453 ] } },
{ "type": "Feature", "properties": { "vehicle_id": "A1614", "latitude": 42.640968322753906, "longitude": 23.373102188110352, "raw_occupancy": 0, "timestamp": "2026-09-15 19:25:33" }, "geometry": { "type": "Point", "coordinates": [ 23.373102188110352, 42.640968322753906 ] } },
{ "type": "Feature", "properties": { "vehicle_id": "A1035", "latitude": 42.679027557373047, "longitude": 23.22944450378418, "raw_occupancy": 1, "timestamp": "2026-09-15 19:25:33" }, "geometry": { "type": "Point", "coordinates": [ 23.22944450378418, 42.679027557373047 ] } },
{ "type": "Feature", "properties": { "vehicle_id": "A2020", "latitude": 42.646858215332031, "longitude": 23.34539794921875, "raw_occupancy": 0, "timestamp": "2026-09-15 19:25:33" }, "geometry": { "type": "Point", "coordinates": [ 23.34539794921875, 42.646858215332031 ] } },
{ "type": "Feature", "properties": { "vehicle_id": "A1313", "latitude": 42.642959594726562, "longitude": 23.226417541503906, "raw_occupancy": 0, "timestamp": "2026-09-15 19:25:33" }, "geometry": { "type": "Point", "coordinates": [ 23.226417541503906, 42.642959594726562 ] } },
{ "type": "Feature", "properties": { "vehicle_id": "A2030", "latitude": 42.666149139404297, "longitude": 23.321287155151367, "raw_occupancy": 1, "timestamp": "2026-09-15 19:25:33" }, "geometry": { "type": "Point", "coordinates": [ 23.321287155151367, 42.666149139404297 ] } },
{ "type": "Feature", "properties": { "vehicle_id": "A1229", "latitude": 42.692569732666016, "longitude": 23.120489120483398, "raw_occupancy": 0, "timestamp": "2026-09-15 19:25:33" }, "geometry": { "type": "Point", "coordinates": [ 23.120489120483398, 42.692569732666016 ] } },
{ "type": "Feature", "properties": { "vehicle_id": "A3651", "latitude": 42.652553558349609, "longitude": 23.373842239379883, "raw_occupancy": 0, "timestamp": "2026-09-15 19:25:33" }, "geometry": { "type": "Point", "coordinates": [ 23.373842239379883, 42.652553558349609 ] } },
{ "type": "Feature", "properties": { "vehicle_id": "A2090", "latitude": 42.653839111328125, "longitude": 23.388616561889648, "raw_occupancy": 2, "timestamp": "2026-09-15 19:25:33" }, "geometry": { "type": "Point", "coordinates": [ 23.388616561889648, 42.653839111328125 ] } },
{ "type": "Feature", "properties": { "vehicle_id": "A2036", "latitude": 42.651805877685547, "longitude": 23.342475891113281, "raw_occupancy": 2, "timestamp": "2026-09-15 19:25:33" }, "geometry": { "type": "Point", "coordinates": [ 23.342475891113281, 42.651805877685547 ] } },
{ "type": "Feature", "properties": { "vehicle_id": "A1188", "latitude": 42.670169830322266, "longitude": 23.337814331054688, "raw_occupancy": 1, "timestamp": "2026-09-15 19:25:33" }, "geometry": { "type": "Point", "coordinates": [ 23.337814331054688, 42.670169830322266 ] } },
{ "type": "Feature", "properties": { "vehicle_id": "A1849", "latitude": 42.726520538330078, "longitude": 23.261850357055664, "raw_occupancy": 1, "timestamp": "2026-09-15 19:25:33" }, "geometry": { "type": "Point", "coordinates": [ 23.261850357055664, 42.726520538330078 ] } },
{ "type": "Feature", "properties": { "vehicle_id": "A3122", "latitude": 42.665008544921875, "longitude": 23.355705261230469, "raw_occupancy": 2, "timestamp": "2026-09-15 19:25:33" }, "geometry": { "type": "Point", "coordinates": [ 23.355705261230469, 42.665008544921875 ] } },
{ "type": "Feature", "properties": { "vehicle_id": "A1603", "latitude": 42.658702850341797, "longitude": 23.269044876098633, "raw_occupancy": 2, "timestamp": "2026-09-15 19:25:33" }, "geometry": { "type": "Point", "coordinates": [ 23.269044876098633, 42.658702850341797 ] } },
{ "type": "Feature", "properties": { "vehicle_id": "A2055", "latitude": 42.706081390380859, "longitude": 23.312549591064453, "raw_occupancy": 1, "timestamp": "2026-09-15 19:25:33" }, "geometry": { "type": "Point", "coordinates": [ 23.312549591064453, 42.706081390380859 ] } },
{ "type": "Feature", "properties": { "vehicle_id": "A2313", "latitude": 42.671531677246094, "longitude": 23.364051818847656, "raw_occupancy": 1, "timestamp": "2026-09-15 19:25:33" }, "geometry": { "type": "Point", "coordinates": [ 23.364051818847656, 42.671531677246094 ] } },
{ "type": "Feature", "properties": { "vehicle_id": "A1869", "latitude": 42.724472045898438, "longitude": 23.123651504516602, "raw_occupancy": 0, "timestamp": "2026-09-15 19:25:33" }, "geometry": { "type": "Point", "coordinates": [ 23.123651504516602, 42.724472045898438 ] } },
{ "type": "Feature", "properties": { "vehicle_id": "A2052", "latitude": 42.633247375488281, "longitude": 23.448665618896484, "raw_occupancy": 1, "timestamp": "2026-09-15 19:25:33" }, "geometry": { "type": "Point", "coordinates": [ 23.448665618896484, 42.633247375488281 ] } },
{ "type": "Feature", "properties": { "vehicle_id": "A3134", "latitude": 42.649856567382812, "longitude": 23.360225677490234, "raw_occupancy": 2, "timestamp": "2026-09-15 19:25:33" }, "geometry": { "type": "Point", "coordinates": [ 23.360225677490234, 42.649856567382812 ] } },
{ "type": "Feature", "properties": { "vehicle_id": "A3662", "latitude": 42.62188720703125, "longitude": 23.333646774291992, "raw_occupancy": 0, "timestamp": "2026-09-15 19:25:33" }, "geometry": { "type": "Point", "coordinates": [ 23.333646774291992, 42.62188720703125 ] } },
{ "type": "Feature", "properties": { "vehicle_id": "A3142", "latitude": 42.653186798095703, "longitude": 23.380325317382812, "raw_occupancy": 1, "timestamp": "2026-09-15 19:25:33" }, "geometry": { "type": "Point", "coordinates": [ 23.380325317382812, 42.653186798095703 ] } },
{ "type": "Feature", "properties": { "vehicle_id": "A2010", "latitude": 42.704887390136719, "longitude": 23.329862594604492, "raw_occupancy": 1, "timestamp": "2026-09-15 19:25:33" }, "geometry": { "type": "Point", "coordinates": [ 23.329862594604492, 42.704887390136719 ] } },
{ "type": "Feature", "properties": { "vehicle_id": "A1174", "latitude": 42.698554992675781, "longitude": 23.230287551879883, "raw_occupancy": 0, "timestamp": "2026-09-15 19:25:33" }, "geometry": { "type": "Point", "coordinates": [ 23.230287551879883, 42.698554992675781 ] } },
{ "type": "Feature", "properties": { "vehicle_id": "A7119", "latitude": 42.772472381591797, "longitude": 23.315944671630859, "raw_occupancy": 1, "timestamp": "2026-09-15 19:25:33" }, "geometry": { "type": "Point", "coordinates": [ 23.315944671630859, 42.772472381591797 ] } },
{ "type": "Feature", "properties": { "vehicle_id": "A3400", "latitude": 42.683368682861328, "longitude": 23.347560882568359, "raw_occupancy": 2, "timestamp": "2026-09-15 19:25:33" }, "geometry": { "type": "Point", "coordinates": [ 23.347560882568359, 42.683368682861328 ] } },
{ "type": "Feature", "properties": { "vehicle_id": "A2061", "latitude": 42.720748901367188, "longitude": 23.273172378540039, "raw_occupancy": 2, "timestamp": "2026-09-15 19:25:33" }, "geometry": { "type": "Point", "coordinates": [ 23.273172378540039, 42.720748901367188 ] } },
{ "type": "Feature", "properties": { "vehicle_id": "A2048", "latitude": 42.674674987792969, "longitude": 23.375741958618164, "raw_occupancy": 0, "timestamp": "2026-09-15 19:25:33" }, "geometry": { "type": "Point", "coordinates": [ 23.375741958618164, 42.674674987792969 ] } },
{ "type": "Feature", "properties": { "vehicle_id": "A3133", "latitude": 42.726955413818359, "longitude": 23.31358528137207, "raw_occupancy": 0, "timestamp": "2026-09-15 19:25:33" }, "geometry": { "type": "Point", "coordinates": [ 23.31358528137207, 42.726955413818359 ] } },
{ "type": "Feature", "properties": { "vehicle_id": "A1308", "latitude": 42.603496551513672, "longitude": 23.175704956054688, "raw_occupancy": 1, "timestamp": "2026-09-15 19:25:33" }, "geometry": { "type": "Point", "coordinates": [ 23.175704956054688, 42.603496551513672 ] } },
{ "type": "Feature", "properties": { "vehicle_id": "A1404", "latitude": 42.635456085205078, "longitude": 23.301094055175781, "raw_occupancy": 1, "timestamp": "2026-09-15 19:25:33" }, "geometry": { "type": "Point", "coordinates": [ 23.301094055175781, 42.635456085205078 ] } },
{ "type": "Feature", "properties": { "vehicle_id": "A1159", "latitude": 42.688663482666016, "longitude": 23.262277603149414, "raw_occupancy": 2, "timestamp": "2026-09-15 19:25:33" }, "geometry": { "type": "Point", "coordinates": [ 23.262277603149414, 42.688663482666016 ] } },
{ "type": "Feature", "properties": { "vehicle_id": "A7079", "latitude": 42.708412170410156, "longitude": 23.313144683837891, "raw_occupancy": 1, "timestamp": "2026-09-15 19:25:33" }, "geometry": { "type": "Point", "coordinates": [ 23.313144683837891, 42.708412170410156 ] } },
{ "type": "Feature", "properties": { "vehicle_id": "A7135", "latitude": 42.820785522460938, "longitude": 23.24894905090332, "raw_occupancy": 0, "timestamp": "2026-09-15 19:25:33" }, "geometry": { "type": "Point", "coordinates": [ 23.24894905090332, 42.820785522460938 ] } },
{ "type": "Feature", "properties": { "vehicle_id": "A1833", "latitude": 42.735980987548828, "longitude": 23.317487716674805, "raw_occupancy": 0, "timestamp": "2026-09-15 19:25:33" }, "geometry": { "type": "Point", "coordinates": [ 23.317487716674805, 42.735980987548828 ] } },
{ "type": "Feature", "properties": { "vehicle_id": "A1165", "latitude": 42.708728790283203, "longitude": 23.296138763427734, "raw_occupancy": 1, "timestamp": "2026-09-15 19:25:33" }, "geometry": { "type": "Point", "coordinates": [ 23.296138763427734, 42.708728790283203 ] } },
{ "type": "Feature", "properties": { "vehicle_id": "A2039", "latitude": 42.740016937255859, "longitude": 23.291040420532227, "raw_occupancy": 1, "timestamp": "2026-09-15 19:25:33" }, "geometry": { "type": "Point", "coordinates": [ 23.291040420532227, 42.740016937255859 ] } },
{ "type": "Feature", "properties": { "vehicle_id": "A2720", "latitude": 42.800556182861328, "longitude": 23.341056823730469, "raw_occupancy": 0, "timestamp": "2026-09-15 19:25:33" }, "geometry": { "type": "Point", "coordinates": [ 23.341056823730469, 42.800556182861328 ] } },
{ "type": "Feature", "properties": { "vehicle_id": "A2314", "latitude": 42.690635681152344, "longitude": 23.332023620605469, "raw_occupancy": 1, "timestamp": "2026-09-15 19:25:33" }, "geometry": { "type": "Point", "coordinates": [ 23.332023620605469, 42.690635681152344 ] } },
{ "type": "Feature", "properties": { "vehicle_id": "A1162", "latitude": 42.731174468994141, "longitude": 23.316856384277344, "raw_occupancy": 0, "timestamp": "2026-09-15 19:25:33" }, "geometry": { "type": "Point", "coordinates": [ 23.316856384277344, 42.731174468994141 ] } },
{ "type": "Feature", "properties": { "vehicle_id": "A2088", "latitude": 42.712574005126953, "longitude": 23.402120590209961, "raw_occupancy": 1, "timestamp": "2026-09-15 19:25:33" }, "geometry": { "type": "Point", "coordinates": [ 23.402120590209961, 42.712574005126953 ] } },
{ "type": "Feature", "properties": { "vehicle_id": "A2038", "latitude": 42.692211151123047, "longitude": 23.335298538208008, "raw_occupancy": 0, "timestamp": "2026-09-15 19:25:33" }, "geometry": { "type": "Point", "coordinates": [ 23.335298538208008, 42.692211151123047 ] } },
{ "type": "Feature", "properties": { "vehicle_id": "A1857", "latitude": 42.654342651367188, "longitude": 23.228174209594727, "raw_occupancy": 0, "timestamp": "2026-09-15 19:25:33" }, "geometry": { "type": "Point", "coordinates": [ 23.228174209594727, 42.654342651367188 ] } },
{ "type": "Feature", "properties": { "vehicle_id": "A1222", "latitude": 42.718189239501953, "longitude": 23.189550399780273, "raw_occupancy": 1, "timestamp": "2026-09-15 19:25:33" }, "geometry": { "type": "Point", "coordinates": [ 23.189550399780273, 42.718189239501953 ] } },
{ "type": "Feature", "properties": { "vehicle_id": "A2009", "latitude": 42.66937255859375, "longitude": 23.337728500366211, "raw_occupancy": 3, "timestamp": "2026-09-15 19:25:33" }, "geometry": { "type": "Point", "coordinates": [ 23.337728500366211, 42.66937255859375 ] } },
{ "type": "Feature", "properties": { "vehicle_id": "A1037", "latitude": 42.637199401855469, "longitude": 23.337484359741211, "raw_occupancy": 1, "timestamp": "2026-09-15 19:25:33" }, "geometry": { "type": "Point", "coordinates": [ 23.337484359741211, 42.637199401855469 ] } },
{ "type": "Feature", "properties": { "vehicle_id": "A1117", "latitude": 42.754142761230469, "longitude": 23.213020324707031, "raw_occupancy": 1, "timestamp": "2026-09-15 19:25:33" }, "geometry": { "type": "Point", "coordinates": [ 23.213020324707031, 42.754142761230469 ] } },
{ "type": "Feature", "properties": { "vehicle_id": "A2074", "latitude": 42.634654998779297, "longitude": 23.408769607543945, "raw_occupancy": 1, "timestamp": "2026-09-15 19:25:33" }, "geometry": { "type": "Point", "coordinates": [ 23.408769607543945, 42.634654998779297 ] } },
{ "type": "Feature", "properties": { "vehicle_id": "A3016", "latitude": 42.679130554199219, "longitude": 23.383529663085938, "raw_occupancy": 0, "timestamp": "2026-09-15 19:25:33" }, "geometry": { "type": "Point", "coordinates": [ 23.383529663085938, 42.679130554199219 ] } },
{ "type": "Feature", "properties": { "vehicle_id": "A2727", "latitude": 42.807136535644531, "longitude": 23.377138137817383, "raw_occupancy": 0, "timestamp": "2026-09-15 19:25:33" }, "geometry": { "type": "Point", "coordinates": [ 23.377138137817383, 42.807136535644531 ] } },
{ "type": "Feature", "properties": { "vehicle_id": "A3112", "latitude": 42.686508178710938, "longitude": 23.331745147705078, "raw_occupancy": 2, "timestamp": "2026-09-15 19:25:33" }, "geometry": { "type": "Point", "coordinates": [ 23.331745147705078, 42.686508178710938 ] } },
{ "type": "Feature", "properties": { "vehicle_id": "A7173", "latitude": 42.736412048339844, "longitude": 23.310230255126953, "raw_occupancy": 1, "timestamp": "2026-09-15 19:25:33" }, "geometry": { "type": "Point", "coordinates": [ 23.310230255126953, 42.736412048339844 ] } },
{ "type": "Feature", "properties": { "vehicle_id": "A2814", "latitude": 42.613224029541016, "longitude": 23.394403457641602, "raw_occupancy": 0, "timestamp": "2026-09-15 19:25:33" }, "geometry": { "type": "Point", "coordinates": [ 23.394403457641602, 42.613224029541016 ] } },
{ "type": "Feature", "properties": { "vehicle_id": "A7097", "latitude": 42.809322357177734, "longitude": 23.404542922973633, "raw_occupancy": 0, "timestamp": "2026-09-15 19:25:33" }, "geometry": { "type": "Point", "coordinates": [ 23.404542922973633, 42.809322357177734 ] } },
{ "type": "Feature", "properties": { "vehicle_id": "A3650", "latitude": 42.52606201171875, "longitude": 23.36915397644043, "raw_occupancy": 1, "timestamp": "2026-09-15 19:25:33" }, "geometry": { "type": "Point", "coordinates": [ 23.36915397644043, 42.52606201171875 ] } },
{ "type": "Feature", "properties": { "vehicle_id": "A3159", "latitude": 42.666484832763672, "longitude": 23.371593475341797, "raw_occupancy": 2, "timestamp": "2026-09-15 19:25:33" }, "geometry": { "type": "Point", "coordinates": [ 23.371593475341797, 42.666484832763672 ] } },
{ "type": "Feature", "properties": { "vehicle_id": "A3115", "latitude": 42.704818725585938, "longitude": 23.328908920288086, "raw_occupancy": 1, "timestamp": "2026-09-15 19:25:33" }, "geometry": { "type": "Point", "coordinates": [ 23.328908920288086, 42.704818725585938 ] } },
{ "type": "Feature", "properties": { "vehicle_id": "A1606", "latitude": 42.647480010986328, "longitude": 23.376640319824219, "raw_occupancy": 1, "timestamp": "2026-09-15 19:25:33" }, "geometry": { "type": "Point", "coordinates": [ 23.376640319824219, 42.647480010986328 ] } },
{ "type": "Feature", "properties": { "vehicle_id": "A3127", "latitude": 42.638694763183594, "longitude": 23.395505905151367, "raw_occupancy": 0, "timestamp": "2026-09-15 19:25:33" }, "geometry": { "type": "Point", "coordinates": [ 23.395505905151367, 42.638694763183594 ] } },
{ "type": "Feature", "properties": { "vehicle_id": "A7181", "latitude": 42.798320770263672, "longitude": 23.340381622314453, "raw_occupancy": 0, "timestamp": "2026-09-15 19:25:33" }, "geometry": { "type": "Point", "coordinates": [ 23.340381622314453, 42.798320770263672 ] } },
{ "type": "Feature", "properties": { "vehicle_id": "A7149", "latitude": 42.744426727294922, "longitude": 23.399585723876953, "raw_occupancy": 3, "timestamp": "2026-09-15 19:25:33" }, "geometry": { "type": "Point", "coordinates": [ 23.399585723876953, 42.744426727294922 ] } },
{ "type": "Feature", "properties": { "vehicle_id": "A1319", "latitude": 42.658546447753906, "longitude": 23.240423202514648, "raw_occupancy": 1, "timestamp": "2026-09-15 19:25:33" }, "geometry": { "type": "Point", "coordinates": [ 23.240423202514648, 42.658546447753906 ] } },
{ "type": "Feature", "properties": { "vehicle_id": "A3407", "latitude": 42.684612274169922, "longitude": 23.301795959472656, "raw_occupancy": 0, "timestamp": "2026-09-15 19:25:33" }, "geometry": { "type": "Point", "coordinates": [ 23.301795959472656, 42.684612274169922 ] } },
{ "type": "Feature", "properties": { "vehicle_id": "A7073", "latitude": 42.710090637207031, "longitude": 23.387939453125, "raw_occupancy": 1, "timestamp": "2026-09-15 19:25:33" }, "geometry": { "type": "Point", "coordinates": [ 23.387939453125, 42.710090637207031 ] } },
{ "type": "Feature", "properties": { "vehicle_id": "A1211", "latitude": 42.697750091552734, "longitude": 23.19294548034668, "raw_occupancy": 0, "timestamp": "2026-09-15 19:25:33" }, "geometry": { "type": "Point", "coordinates": [ 23.19294548034668, 42.697750091552734 ] } },
{ "type": "Feature", "properties": { "vehicle_id": "A7071", "latitude": 42.788848876953125, "longitude": 23.272468566894531, "raw_occupancy": 0, "timestamp": "2026-09-15 19:25:33" }, "geometry": { "type": "Point", "coordinates": [ 23.272468566894531, 42.788848876953125 ] } },
{ "type": "Feature", "properties": { "vehicle_id": "A1408", "latitude": 42.654071807861328, "longitude": 23.282976150512695, "raw_occupancy": 2, "timestamp": "2026-09-15 19:25:33" }, "geometry": { "type": "Point", "coordinates": [ 23.282976150512695, 42.654071807861328 ] } },
{ "type": "Feature", "properties": { "vehicle_id": "A7075", "latitude": 42.760353088378906, "longitude": 23.354560852050781, "raw_occupancy": 1, "timestamp": "2026-09-15 19:25:33" }, "geometry": { "type": "Point", "coordinates": [ 23.354560852050781, 42.760353088378906 ] } },
{ "type": "Feature", "properties": { "vehicle_id": "A2300", "latitude": 42.732109069824219, "longitude": 23.312662124633789, "raw_occupancy": 1, "timestamp": "2026-09-15 19:25:33" }, "geometry": { "type": "Point", "coordinates": [ 23.312662124633789, 42.732109069824219 ] } },
{ "type": "Feature", "properties": { "vehicle_id": "A2057", "latitude": 42.540500640869141, "longitude": 23.498794555664062, "raw_occupancy": 0, "timestamp": "2026-09-15 19:25:33" }, "geometry": { "type": "Point", "coordinates": [ 23.498794555664062, 42.540500640869141 ] } },
{ "type": "Feature", "properties": { "vehicle_id": "A1407", "latitude": 42.714302062988281, "longitude": 23.297975540161133, "raw_occupancy": 1, "timestamp": "2026-09-15 19:25:33" }, "geometry": { "type": "Point", "coordinates": [ 23.297975540161133, 42.714302062988281 ] } },
{ "type": "Feature", "properties": { "vehicle_id": "A2035", "latitude": 42.684028625488281, "longitude": 23.320894241333008, "raw_occupancy": 2, "timestamp": "2026-09-15 19:25:33" }, "geometry": { "type": "Point", "coordinates": [ 23.320894241333008, 42.684028625488281 ] } },
{ "type": "Feature", "properties": { "vehicle_id": "A3125", "latitude": 42.714321136474609, "longitude": 23.311607360839844, "raw_occupancy": 1, "timestamp": "2026-09-15 19:25:33" }, "geometry": { "type": "Point", "coordinates": [ 23.311607360839844, 42.714321136474609 ] } },
{ "type": "Feature", "properties": { "vehicle_id": "A7089", "latitude": 42.773242950439453, "longitude": 23.31599235534668, "raw_occupancy": 0, "timestamp": "2026-09-15 19:25:33" }, "geometry": { "type": "Point", "coordinates": [ 23.31599235534668, 42.773242950439453 ] } },
{ "type": "Feature", "properties": { "vehicle_id": "A3652", "latitude": 42.626338958740234, "longitude": 23.358827590942383, "raw_occupancy": 2, "timestamp": "2026-09-15 19:25:33" }, "geometry": { "type": "Point", "coordinates": [ 23.358827590942383, 42.626338958740234 ] } },
{ "type": "Feature", "properties": { "vehicle_id": "A2309", "latitude": 42.690399169921875, "longitude": 23.337820053100586, "raw_occupancy": 1, "timestamp": "2026-09-15 19:25:33" }, "geometry": { "type": "Point", "coordinates": [ 23.337820053100586, 42.690399169921875 ] } },
{ "type": "Feature", "properties": { "vehicle_id": "A2302", "latitude": 42.651248931884766, "longitude": 23.357589721679688, "raw_occupancy": 2, "timestamp": "2026-09-15 19:25:33" }, "geometry": { "type": "Point", "coordinates": [ 23.357589721679688, 42.651248931884766 ] } },
{ "type": "Feature", "properties": { "vehicle_id": "A7153", "latitude": 42.7274169921875, "longitude": 23.262712478637695, "raw_occupancy": 0, "timestamp": "2026-09-15 19:25:33" }, "geometry": { "type": "Point", "coordinates": [ 23.262712478637695, 42.7274169921875 ] } },
{ "type": "Feature", "properties": { "vehicle_id": "A2500", "latitude": 42.689525604248047, "longitude": 23.364355087280273, "raw_occupancy": 1, "timestamp": "2026-09-15 19:25:33" }, "geometry": { "type": "Point", "coordinates": [ 23.364355087280273, 42.689525604248047 ] } },
{ "type": "Feature", "properties": { "vehicle_id": "A7121", "latitude": 42.781627655029297, "longitude": 23.445234298706055, "raw_occupancy": 0, "timestamp": "2026-09-15 19:25:33" }, "geometry": { "type": "Point", "coordinates": [ 23.445234298706055, 42.781627655029297 ] } },
{ "type": "Feature", "properties": { "vehicle_id": "A3150", "latitude": 42.678131103515625, "longitude": 23.355222702026367, "raw_occupancy": 2, "timestamp": "2026-09-15 19:25:33" }, "geometry": { "type": "Point", "coordinates": [ 23.355222702026367, 42.678131103515625 ] } },
{ "type": "Feature", "properties": { "vehicle_id": "A3655", "latitude": 42.657562255859375, "longitude": 23.336952209472656, "raw_occupancy": 2, "timestamp": "2026-09-15 19:25:33" }, "geometry": { "type": "Point", "coordinates": [ 23.336952209472656, 42.657562255859375 ] } },
{ "type": "Feature", "properties": { "vehicle_id": "A3700", "latitude": 42.707134246826172, "longitude": 23.457866668701172, "raw_occupancy": 1, "timestamp": "2026-09-15 19:25:33" }, "geometry": { "type": "Point", "coordinates": [ 23.457866668701172, 42.707134246826172 ] } },
{ "type": "Feature", "properties": { "vehicle_id": "A2514", "latitude": 42.693435668945312, "longitude": 23.352077484130859, "raw_occupancy": 2, "timestamp": "2026-09-15 19:25:33" }, "geometry": { "type": "Point", "coordinates": [ 23.352077484130859, 42.693435668945312 ] } },
{ "type": "Feature", "properties": { "vehicle_id": "A7095", "latitude": 42.701930999755859, "longitude": 23.356908798217773, "raw_occupancy": 1, "timestamp": "2026-09-15 19:25:33" }, "geometry": { "type": "Point", "coordinates": [ 23.356908798217773, 42.701930999755859 ] } },
{ "type": "Feature", "properties": { "vehicle_id": "A2087", "latitude": 42.732505798339844, "longitude": 23.288034439086914, "raw_occupancy": 0, "timestamp": "2026-09-15 19:25:33" }, "geometry": { "type": "Point", "coordinates": [ 23.288034439086914, 42.732505798339844 ] } },
{ "type": "Feature", "properties": { "vehicle_id": "A3140", "latitude": 42.649700164794922, "longitude": 23.359035491943359, "raw_occupancy": 1, "timestamp": "2026-09-15 19:25:33" }, "geometry": { "type": "Point", "coordinates": [ 23.359035491943359, 42.649700164794922 ] } },
{ "type": "Feature", "properties": { "vehicle_id": "A1187", "latitude": 42.688251495361328, "longitude": 23.276321411132812, "raw_occupancy": 2, "timestamp": "2026-09-15 19:25:33" }, "geometry": { "type": "Point", "coordinates": [ 23.276321411132812, 42.688251495361328 ] } },
{ "type": "Feature", "properties": { "vehicle_id": "A1853", "latitude": 42.726779937744141, "longitude": 23.215681076049805, "raw_occupancy": 1, "timestamp": "2026-09-15 19:25:33" }, "geometry": { "type": "Point", "coordinates": [ 23.215681076049805, 42.726779937744141 ] } },
{ "type": "Feature", "properties": { "vehicle_id": "A1617", "latitude": 42.688472747802734, "longitude": 23.276342391967773, "raw_occupancy": 2, "timestamp": "2026-09-15 19:25:33" }, "geometry": { "type": "Point", "coordinates": [ 23.276342391967773, 42.688472747802734 ] } },
{ "type": "Feature", "properties": { "vehicle_id": "A2042", "latitude": 42.665805816650391, "longitude": 23.342540740966797, "raw_occupancy": 2, "timestamp": "2026-09-15 19:25:33" }, "geometry": { "type": "Point", "coordinates": [ 23.342540740966797, 42.665805816650391 ] } },
{ "type": "Feature", "properties": { "vehicle_id": "A3128", "latitude": 42.651165008544922, "longitude": 23.335725784301758, "raw_occupancy": 1, "timestamp": "2026-09-15 19:25:33" }, "geometry": { "type": "Point", "coordinates": [ 23.335725784301758, 42.651165008544922 ] } },
{ "type": "Feature", "properties": { "vehicle_id": "A2140", "latitude": 42.698768615722656, "longitude": 23.335046768188477, "raw_occupancy": 1, "timestamp": "2026-09-15 19:25:33" }, "geometry": { "type": "Point", "coordinates": [ 23.335046768188477, 42.698768615722656 ] } },
{ "type": "Feature", "properties": { "vehicle_id": "A7127", "latitude": 42.70660400390625, "longitude": 23.466398239135742, "raw_occupancy": 1, "timestamp": "2026-09-15 19:25:33" }, "geometry": { "type": "Point", "coordinates": [ 23.466398239135742, 42.70660400390625 ] } },
{ "type": "Feature", "properties": { "vehicle_id": "A1183", "latitude": 42.686100006103516, "longitude": 23.274387359619141, "raw_occupancy": 0, "timestamp": "2026-09-15 19:25:33" }, "geometry": { "type": "Point", "coordinates": [ 23.274387359619141, 42.686100006103516 ] } },
{ "type": "Feature", "properties": { "vehicle_id": "A3620", "latitude": 42.652847290039062, "longitude": 23.367794036865234, "raw_occupancy": 0, "timestamp": "2026-09-15 19:25:33" }, "geometry": { "type": "Point", "coordinates": [ 23.367794036865234, 42.652847290039062 ] } },
{ "type": "Feature", "properties": { "vehicle_id": "A7191", "latitude": 42.707416534423828, "longitude": 23.332057952880859, "raw_occupancy": 0, "timestamp": "2026-09-15 19:25:33" }, "geometry": { "type": "Point", "coordinates": [ 23.332057952880859, 42.707416534423828 ] } },
{ "type": "Feature", "properties": { "vehicle_id": "A1175", "latitude": 42.672626495361328, "longitude": 23.29371452331543, "raw_occupancy": 1, "timestamp": "2026-09-15 19:25:33" }, "geometry": { "type": "Point", "coordinates": [ 23.29371452331543, 42.672626495361328 ] } },
{ "type": "Feature", "properties": { "vehicle_id": "A3301", "latitude": 42.650569915771484, "longitude": 23.358373641967773, "raw_occupancy": 1, "timestamp": "2026-09-15 19:25:33" }, "geometry": { "type": "Point", "coordinates": [ 23.358373641967773, 42.650569915771484 ] } },
{ "type": "Feature", "properties": { "vehicle_id": "A1209", "latitude": 42.665290832519531, "longitude": 23.259742736816406, "raw_occupancy": 1, "timestamp": "2026-09-15 19:25:33" }, "geometry": { "type": "Point", "coordinates": [ 23.259742736816406, 42.665290832519531 ] } },
{ "type": "Feature", "properties": { "vehicle_id": "A2822", "latitude": 42.706623077392578, "longitude": 23.350736618041992, "raw_occupancy": 3, "timestamp": "2026-09-15 19:25:33" }, "geometry": { "type": "Point", "coordinates": [ 23.350736618041992, 42.706623077392578 ] } },
{ "type": "Feature", "properties": { "vehicle_id": "A1608", "latitude": 42.684333801269531, "longitude": 23.323760986328125, "raw_occupancy": 1, "timestamp": "2026-09-15 19:25:33" }, "geometry": { "type": "Point", "coordinates": [ 23.323760986328125, 42.684333801269531 ] } },
{ "type": "Feature", "properties": { "vehicle_id": "A1314", "latitude": 42.6490478515625, "longitude": 23.256221771240234, "raw_occupancy": 0, "timestamp": "2026-09-15 19:25:33" }, "geometry": { "type": "Point", "coordinates": [ 23.256221771240234, 42.6490478515625 ] } },
{ "type": "Feature", "properties": { "vehicle_id": "A3669", "latitude": 42.663608551025391, "longitude": 23.391120910644531, "raw_occupancy": 2, "timestamp": "2026-09-15 19:25:33" }, "geometry": { "type": "Point", "coordinates": [ 23.391120910644531, 42.663608551025391 ] } },
{ "type": "Feature", "properties": { "vehicle_id": "A1861", "latitude": 42.718639373779297, "longitude": 23.253610610961914, "raw_occupancy": 5, "timestamp": "2026-09-15 19:25:33" }, "geometry": { "type": "Point", "coordinates": [ 23.253610610961914, 42.718639373779297 ] } },
{ "type": "Feature", "properties": { "vehicle_id": "A7125", "latitude": 42.720664978027344, "longitude": 23.341020584106445, "raw_occupancy": 3, "timestamp": "2026-09-15 19:25:33" }, "geometry": { "type": "Point", "coordinates": [ 23.341020584106445, 42.720664978027344 ] } },
{ "type": "Feature", "properties": { "vehicle_id": "A3621", "latitude": 42.660110473632812, "longitude": 23.464809417724609, "raw_occupancy": 1, "timestamp": "2026-09-15 19:25:33" }, "geometry": { "type": "Point", "coordinates": [ 23.464809417724609, 42.660110473632812 ] } },
{ "type": "Feature", "properties": { "vehicle_id": "A3135", "latitude": 42.671566009521484, "longitude": 23.39381217956543, "raw_occupancy": 1, "timestamp": "2026-09-15 19:25:33" }, "geometry": { "type": "Point", "coordinates": [ 23.39381217956543, 42.671566009521484 ] } },
{ "type": "Feature", "properties": { "vehicle_id": "A2728", "latitude": 42.733917236328125, "longitude": 23.328500747680664, "raw_occupancy": 0, "timestamp": "2026-09-15 19:25:33" }, "geometry": { "type": "Point", "coordinates": [ 23.328500747680664, 42.733917236328125 ] } },
{ "type": "Feature", "properties": { "vehicle_id": "A7061", "latitude": 42.728206634521484, "longitude": 23.312549591064453, "raw_occupancy": 2, "timestamp": "2026-09-15 19:25:33" }, "geometry": { "type": "Point", "coordinates": [ 23.312549591064453, 42.728206634521484 ] } },
{ "type": "Feature", "properties": { "vehicle_id": "A1825", "latitude": 42.696739196777344, "longitude": 23.217430114746094, "raw_occupancy": 1, "timestamp": "2026-09-15 19:25:33" }, "geometry": { "type": "Point", "coordinates": [ 23.217430114746094, 42.696739196777344 ] } },
{ "type": "Feature", "properties": { "vehicle_id": "A2060", "latitude": 42.622898101806641, "longitude": 23.405162811279297, "raw_occupancy": 1, "timestamp": "2026-09-15 19:25:33" }, "geometry": { "type": "Point", "coordinates": [ 23.405162811279297, 42.622898101806641 ] } }
]
}
