{
"type": "FeatureCollection",
"name": "bus_occupancy_remainder_20260915_1955",
"crs": { "type": "name", "properties": { "name": "urn:ogc:def:crs:OGC:1.3:CRS84" } },
"features": [
{ "type": "Feature", "properties": { "vehicle_id": "A1209", "latitude": 42.677463531494141, "longitude": 23.237571716308594, "raw_occupancy": 1, "timestamp": "2026-09-15 19:35:34" }, "geometry": { "type": "Point", "coordinates": [ 23.237571716308594, 42.677463531494141 ] } },
{ "type": "Feature", "properties": { "vehicle_id": "A1231", "latitude": 42.708621978759766, "longitude": 23.318132400512695, "raw_occupancy": 0, "timestamp": "2026-09-15 19:35:34" }, "geometry": { "type": "Point", "coordinates": [ 23.318132400512695, 42.708621978759766 ] } },
{ "type": "Feature", "properties": { "vehicle_id": "A7155", "latitude": 42.732612609863281, "longitude": 23.465360641479492, "raw_occupancy": 2, "timestamp": "2026-09-15 19:35:34" }, "geometry": { "type": "Point", "coordinates": [ 23.465360641479492, 42.732612609863281 ] } },
{ "type": "Feature", "properties": { "vehicle_id": "A7153", "latitude": 42.756782531738281, "longitude": 23.275476455688477, "raw_occupancy": 2, "timestamp": "2026-09-15 19:35:34" }, "geometry": { "type": "Point", "coordinates": [ 23.275476455688477, 42.756782531738281 ] } },
{ "type": "Feature", "properties": { "vehicle_id": "A2040", "latitude": 42.711750030517578, "longitude": 23.384332656860352, "raw_occupancy": 1, "timestamp": "2026-09-15 19:35:34" }, "geometry": { "type": "Point", "coordinates": [ 23.384332656860352, 42.711750030517578 ] } },
{ "type": "Feature", "properties": { "vehicle_id": "A3016", "latitude": 42.679306030273438, "longitude": 23.361576080322266, "raw_occupancy": 2, "timestamp": "2026-09-15 19:35:34" }, "geometry": { "type": "Point", "coordinates": [ 23.361576080322266, 42.679306030273438 ] } },
{ "type": "Feature", "properties": { "vehicle_id": "A2078", "latitude": 42.655658721923828, "longitude": 23.3868408203125, "raw_occupancy": 1, "timestamp": "2026-09-15 19:35:34" }, "geometry": { "type": "Point", "coordinates": [ 23.3868408203125, 42.655658721923828 ] } },
{ "type": "Feature", "properties": { "vehicle_id": "A1857", "latitude": 42.669197082519531, "longitude": 23.254886627197266, "raw_occupancy": 0, "timestamp": "2026-09-15 19:35:34" }, "geometry": { "type": "Point", "coordinates": [ 23.254886627197266, 42.669197082519531 ] } },
{ "type": "Feature", "properties": { "vehicle_id": "A7051", "latitude": 42.708236694335938, "longitude": 23.35706901550293, "raw_occupancy": 1, "timestamp": "2026-09-15 19:35:34" }, "geometry": { "type": "Point", "coordinates": [ 23.35706901550293, 42.708236694335938 ] } },
{ "type": "Feature", "properties": { "vehicle_id": "A2501", "latitude": 42.724723815917969, "longitude": 23.311935424804688, "raw_occupancy": 1, "timestamp": "2026-09-15 19:35:34" }, "geometry": { "type": "Point", "coordinates": [ 23.311935424804688, 42.724723815917969 ] } },
{ "type": "Feature", "properties": { "vehicle_id": "A2315", "latitude": 42.653621673583984, "longitude": 23.346319198608398, "raw_occupancy": 2, "timestamp": "2026-09-15 19:35:34" }, "geometry": { "type": "Point", "coordinates": [ 23.346319198608398, 42.653621673583984 ] } },
{ "type": "Feature", "properties": { "vehicle_id": "A1849", "latitude": 42.720310211181641, "longitude": 23.285400390625, "raw_occupancy": 1, "timestamp": "2026-09-15 19:35:34" }, "geometry": { "type": "Point", "coordinates": [ 23.285400390625, 42.720310211181641 ] } },
{ "type": "Feature", "properties": { "vehicle_id": "A3137", "latitude": 42.67108154296875, "longitude": 23.282779693603516, "raw_occupancy": 1, "timestamp": "2026-09-15 19:35:34" }, "geometry": { "type": "Point", "coordinates": [ 23.282779693603516, 42.67108154296875 ] } },
{ "type": "Feature", "properties": { "vehicle_id": "A1851", "latitude": 42.668323516845703, "longitude": 23.266557693481445, "raw_occupancy": 1, "timestamp": "2026-09-15 19:35:34" }, "geometry": { "type": "Point", "coordinates": [ 23.266557693481445, 42.668323516845703 ] } },
{ "type": "Feature", "properties": { "vehicle_id": "A2000", "latitude": 42.704833984375, "longitude": 23.333539962768555, "raw_occupancy": 1, "timestamp": "2026-09-15 19:35:34" }, "geometry": { "type": "Point", "coordinates": [ 23.333539962768555, 42.704833984375 ] } },
{ "type": "Feature", "properties": { "vehicle_id": "A2005", "latitude": 42.694942474365234, "longitude": 23.351690292358398, "raw_occupancy": 1, "timestamp": "2026-09-15 19:35:34" }, "geometry": { "type": "Point", "coordinates": [ 23.351690292358398, 42.694942474365234 ] } },
{ "type": "Feature", "properties": { "vehicle_id": "A3605", "latitude": 42.622982025146484, "longitude": 23.384140014648438, "raw_occupancy": 1, "timestamp": "2026-09-15 19:35:34" }, "geometry": { "type": "Point", "coordinates": [ 23.384140014648438, 42.622982025146484 ] } },
{ "type": "Feature", "properties": { "vehicle_id": "A2001", "latitude": 42.669406890869141, "longitude": 23.332162857055664, "raw_occupancy": 1, "timestamp": "2026-09-15 19:35:34" }, "geometry": { "type": "Point", "coordinates": [ 23.332162857055664, 42.669406890869141 ] } },
{ "type": "Feature", "properties": { "vehicle_id": "A3408", "latitude": 42.682041168212891, "longitude": 23.401086807250977, "raw_occupancy": 1, "timestamp": "2026-09-15 19:35:34" }, "geometry": { "type": "Point", "coordinates": [ 23.401086807250977, 42.682041168212891 ] } },
{ "type": "Feature", "properties": { "vehicle_id": "A1409", "latitude": 42.670314788818359, "longitude": 23.269861221313477, "raw_occupancy": 1, "timestamp": "2026-09-15 19:35:34" }, "geometry": { "type": "Point", "coordinates": [ 23.269861221313477, 42.670314788818359 ] } },
{ "type": "Feature", "properties": { "vehicle_id": "A1185", "latitude": 42.655460357666016, "longitude": 23.336265563964844, "raw_occupancy": 1, "timestamp": "2026-09-15 19:35:34" }, "geometry": { "type": "Point", "coordinates": [ 23.336265563964844, 42.655460357666016 ] } },
{ "type": "Feature", "properties": { "vehicle_id": "A3129", "latitude": 42.705516815185547, "longitude": 23.320281982421875, "raw_occupancy": 1, "timestamp": "2026-09-15 19:35:34" }, "geometry": { "type": "Point", "coordinates": [ 23.320281982421875, 42.705516815185547 ] } },
{ "type": "Feature", "properties": { "vehicle_id": "A2073", "latitude": 42.62603759765625, "longitude": 23.406681060791016, "raw_occupancy": 1, "timestamp": "2026-09-15 19:35:34" }, "geometry": { "type": "Point", "coordinates": [ 23.406681060791016, 42.62603759765625 ] } },
{ "type": "Feature", "properties": { "vehicle_id": "A2505", "latitude": 42.685543060302734, "longitude": 23.312162399291992, "raw_occupancy": 1, "timestamp": "2026-09-15 19:35:34" }, "geometry": { "type": "Point", "coordinates": [ 23.312162399291992, 42.685543060302734 ] } },
{ "type": "Feature", "properties": { "vehicle_id": "A2720", "latitude": 42.815834045410156, "longitude": 23.373861312866211, "raw_occupancy": 0, "timestamp": "2026-09-15 19:35:34" }, "geometry": { "type": "Point", "coordinates": [ 23.373861312866211, 42.815834045410156 ] } },
{ "type": "Feature", "properties": { "vehicle_id": "A1829", "latitude": 42.716903686523438, "longitude": 23.181173324584961, "raw_occupancy": 1, "timestamp": "2026-09-15 19:35:34" }, "geometry": { "type": "Point", "coordinates": [ 23.181173324584961, 42.716903686523438 ] } },
{ "type": "Feature", "properties": { "vehicle_id": "A2054", "latitude": 42.694717407226562, "longitude": 23.291309356689453, "raw_occupancy": 1, "timestamp": "2026-09-15 19:35:34" }, "geometry": { "type": "Point", "coordinates": [ 23.291309356689453, 42.694717407226562 ] } },
{ "type": "Feature", "properties": { "vehicle_id": "A7145", "latitude": 42.708488464355469, "longitude": 23.415313720703125, "raw_occupancy": 3, "timestamp": "2026-09-15 19:35:34" }, "geometry": { "type": "Point", "coordinates": [ 23.415313720703125, 42.708488464355469 ] } },
{ "type": "Feature", "properties": { "vehicle_id": "A1607", "latitude": 42.704498291015625, "longitude": 23.325113296508789, "raw_occupancy": 1, "timestamp": "2026-09-15 19:35:34" }, "geometry": { "type": "Point", "coordinates": [ 23.325113296508789, 42.704498291015625 ] } },
{ "type": "Feature", "properties": { "vehicle_id": "A7061", "latitude": 42.722732543945312, "longitude": 23.311424255371094, "raw_occupancy": 4, "timestamp": "2026-09-15 19:35:34" }, "geometry": { "type": "Point", "coordinates": [ 23.311424255371094, 42.722732543945312 ] } },
{ "type": "Feature", "properties": { "vehicle_id": "A2025", "latitude": 42.678001403808594, "longitude": 23.329349517822266, "raw_occupancy": 1, "timestamp": "2026-09-15 19:35:34" }, "geometry": { "type": "Point", "coordinates": [ 23.329349517822266, 42.678001403808594 ] } },
{ "type": "Feature", "properties": { "vehicle_id": "A1168", "latitude": 42.656967163085938, "longitude": 23.395315170288086, "raw_occupancy": 3, "timestamp": "2026-09-15 19:35:34" }, "geometry": { "type": "Point", "coordinates": [ 23.395315170288086, 42.656967163085938 ] } },
{ "type": "Feature", "properties": { "vehicle_id": "A1219", "latitude": 42.718826293945312, "longitude": 23.254140853881836, "raw_occupancy": 1, "timestamp": "2026-09-15 19:35:34" }, "geometry": { "type": "Point", "coordinates": [ 23.254140853881836, 42.718826293945312 ] } },
{ "type": "Feature", "properties": { "vehicle_id": "A2060", "latitude": 42.650188446044922, "longitude": 23.393697738647461, "raw_occupancy": 1, "timestamp": "2026-09-15 19:35:34" }, "geometry": { "type": "Point", "coordinates": [ 23.393697738647461, 42.650188446044922 ] } },
{ "type": "Feature", "properties": { "vehicle_id": "A7065", "latitude": 42.739749908447266, "longitude": 23.305324554443359, "raw_occupancy": 1, "timestamp": "2026-09-15 19:35:34" }, "geometry": { "type": "Point", "coordinates": [ 23.305324554443359, 42.739749908447266 ] } },
{ "type": "Feature", "properties": { "vehicle_id": "A7117", "latitude": 42.725650787353516, "longitude": 23.303516387939453, "raw_occupancy": 1, "timestamp": "2026-09-15 19:35:34" }, "geometry": { "type": "Point", "coordinates": [ 23.303516387939453, 42.725650787353516 ] } },
{ "type": "Feature", "properties": { "vehicle_id": "A2506", "latitude": 42.699104309082031, "longitude": 23.275814056396484, "raw_occupancy": 1, "timestamp": "2026-09-15 19:35:34" }, "geometry": { "type": "Point", "coordinates": [ 23.275814056396484, 42.699104309082031 ] } },
{ "type": "Feature", "properties": { "vehicle_id": "A1222", "latitude": 42.709926605224609, "longitude": 23.139030456542969, "raw_occupancy": 1, "timestamp": "2026-09-15 19:35:34" }, "geometry": { "type": "Point", "coordinates": [ 23.139030456542969, 42.709926605224609 ] } },
{ "type": "Feature", "properties": { "vehicle_id": "A1183", "latitude": 42.676158905029297, "longitude": 23.288473129272461, "raw_occupancy": 1, "timestamp": "2026-09-15 19:35:34" }, "geometry": { "type": "Point", "coordinates": [ 23.288473129272461, 42.676158905029297 ] } },
{ "type": "Feature", "properties": { "vehicle_id": "A3616", "latitude": 42.629329681396484, "longitude": 23.375091552734375, "raw_occupancy": 1, "timestamp": "2026-09-15 19:35:34" }, "geometry": { "type": "Point", "coordinates": [ 23.375091552734375, 42.629329681396484 ] } },
{ "type": "Feature", "properties": { "vehicle_id": "A2140", "latitude": 42.71533203125, "longitude": 23.32490348815918, "raw_occupancy": 1, "timestamp": "2026-09-15 19:35:34" }, "geometry": { "type": "Point", "coordinates": [ 23.32490348815918, 42.71533203125 ] } },
{ "type": "Feature", "properties": { "vehicle_id": "A2052", "latitude": 42.656864166259766, "longitude": 23.385196685791016, "raw_occupancy": 1, "timestamp": "2026-09-15 19:35:34" }, "geometry": { "type": "Point", "coordinates": [ 23.385196685791016, 42.656864166259766 ] } },
{ "type": "Feature", "properties": { "vehicle_id": "A3655", "latitude": 42.628448486328125, "longitude": 23.33319091796875, "raw_occupancy": 1, "timestamp": "2026-09-15 19:35:34" }, "geometry": { "type": "Point", "coordinates": [ 23.33319091796875, 42.628448486328125 ] } },
{ "type": "Feature", "properties": { "vehicle_id": "A1614", "latitude": 42.654579162597656, "longitude": 23.369020462036133, "raw_occupancy": 0, "timestamp": "2026-09-15 19:35:34" }, "geometry": { "type": "Point", "coordinates": [ 23.369020462036133, 42.654579162597656 ] } },
{ "type": "Feature", "properties": { "vehicle_id": "A1616", "latitude": 42.694000244140625, "longitude": 23.36659049987793, "raw_occupancy": 1, "timestamp": "2026-09-15 19:35:34" }, "geometry": { "type": "Point", "coordinates": [ 23.36659049987793, 42.694000244140625 ] } },
{ "type": "Feature", "properties": { "vehicle_id": "A1809", "latitude": 42.725574493408203, "longitude": 23.243841171264648, "raw_occupancy": 2, "timestamp": "2026-09-15 19:35:34" }, "geometry": { "type": "Point", "coordinates": [ 23.243841171264648, 42.725574493408203 ] } },
{ "type": "Feature", "properties": { "vehicle_id": "A3146", "latitude": 42.656230926513672, "longitude": 23.384027481079102, "raw_occupancy": 1, "timestamp": "2026-09-15 19:35:34" }, "geometry": { "type": "Point", "coordinates": [ 23.384027481079102, 42.656230926513672 ] } },
{ "type": "Feature", "properties": { "vehicle_id": "A2302", "latitude": 42.667900085449219, "longitude": 23.366552352905273, "raw_occupancy": 1, "timestamp": "2026-09-15 19:35:34" }, "geometry": { "type": "Point", "coordinates": [ 23.366552352905273, 42.667900085449219 ] } },
{ "type": "Feature", "properties": { "vehicle_id": "A3610", "latitude": 42.610549926757812, "longitude": 23.363409042358398, "raw_occupancy": 0, "timestamp": "2026-09-15 19:35:34" }, "geometry": { "type": "Point", "coordinates": [ 23.363409042358398, 42.610549926757812 ] } },
{ "type": "Feature", "properties": { "vehicle_id": "A1157", "latitude": 42.658836364746094, "longitude": 23.315427780151367, "raw_occupancy": 0, "timestamp": "2026-09-15 19:35:34" }, "geometry": { "type": "Point", "coordinates": [ 23.315427780151367, 42.658836364746094 ] } },
{ "type": "Feature", "properties": { "vehicle_id": "A2514", "latitude": 42.689235687255859, "longitude": 23.364482879638672, "raw_occupancy": 1, "timestamp": "2026-09-15 19:35:34" }, "geometry": { "type": "Point", "coordinates": [ 23.364482879638672, 42.689235687255859 ] } },
{ "type": "Feature", "properties": { "vehicle_id": "A1025", "latitude": 42.644607543945312, "longitude": 23.265432357788086, "raw_occupancy": 0, "timestamp": "2026-09-15 19:35:34" }, "geometry": { "type": "Point", "coordinates": [ 23.265432357788086, 42.644607543945312 ] } },
{ "type": "Feature", "properties": { "vehicle_id": "A3012", "latitude": 42.694278717041016, "longitude": 23.335744857788086, "raw_occupancy": 1, "timestamp": "2026-09-15 19:35:34" }, "geometry": { "type": "Point", "coordinates": [ 23.335744857788086, 42.694278717041016 ] } },
{ "type": "Feature", "properties": { "vehicle_id": "A7073", "latitude": 42.715122222900391, "longitude": 23.437122344970703, "raw_occupancy": 0, "timestamp": "2026-09-15 19:35:34" }, "geometry": { "type": "Point", "coordinates": [ 23.437122344970703, 42.715122222900391 ] } },
{ "type": "Feature", "properties": { "vehicle_id": "A1825", "latitude": 42.682197570800781, "longitude": 23.160148620605469, "raw_occupancy": 0, "timestamp": "2026-09-15 19:35:34" }, "geometry": { "type": "Point", "coordinates": [ 23.160148620605469, 42.682197570800781 ] } },
{ "type": "Feature", "properties": { "vehicle_id": "A2733", "latitude": 42.735332489013672, "longitude": 23.317584991455078, "raw_occupancy": 2, "timestamp": "2026-09-15 19:35:34" }, "geometry": { "type": "Point", "coordinates": [ 23.317584991455078, 42.735332489013672 ] } },
{ "type": "Feature", "properties": { "vehicle_id": "A7095", "latitude": 42.702548980712891, "longitude": 23.384347915649414, "raw_occupancy": 1, "timestamp": "2026-09-15 19:35:34" }, "geometry": { "type": "Point", "coordinates": [ 23.384347915649414, 42.702548980712891 ] } },
{ "type": "Feature", "properties": { "vehicle_id": "A3301", "latitude": 42.660598754882812, "longitude": 23.350130081176758, "raw_occupancy": 1, "timestamp": "2026-09-15 19:35:34" }, "geometry": { "type": "Point", "coordinates": [ 23.350130081176758, 42.660598754882812 ] } },
{ "type": "Feature", "properties": { "vehicle_id": "A1015", "latitude": 42.656604766845703, "longitude": 23.321123123168945, "raw_occupancy": 2, "timestamp": "2026-09-15 19:35:34" }, "geometry": { "type": "Point", "coordinates": [ 23.321123123168945, 42.656604766845703 ] } },
{ "type": "Feature", "properties": { "vehicle_id": "A1030", "latitude": 42.646183013916016, "longitude": 23.345342636108398, "raw_occupancy": 0, "timestamp": "2026-09-15 19:35:34" }, "geometry": { "type": "Point", "coordinates": [ 23.345342636108398, 42.646183013916016 ] } },
{ "type": "Feature", "properties": { "vehicle_id": "A7091", "latitude": 42.766006469726562, "longitude": 23.491609573364258, "raw_occupancy": 2, "timestamp": "2026-09-15 19:35:34" }, "geometry": { "type": "Point", "coordinates": [ 23.491609573364258, 42.766006469726562 ] } },
{ "type": "Feature", "properties": { "vehicle_id": "A3153", "latitude": 42.696987152099609, "longitude": 23.355888366699219, "raw_occupancy": 0, "timestamp": "2026-09-15 19:35:34" }, "geometry": { "type": "Point", "coordinates": [ 23.355888366699219, 42.696987152099609 ] } },
{ "type": "Feature", "properties": { "vehicle_id": "A2312", "latitude": 42.653373718261719, "longitude": 23.347517013549805, "raw_occupancy": 1, "timestamp": "2026-09-15 19:35:34" }, "geometry": { "type": "Point", "coordinates": [ 23.347517013549805, 42.653373718261719 ] } },
{ "type": "Feature", "properties": { "vehicle_id": "A3662", "latitude": 42.647830963134766, "longitude": 23.335433959960938, "raw_occupancy": 2, "timestamp": "2026-09-15 19:35:34" }, "geometry": { "type": "Point", "coordinates": [ 23.335433959960938, 42.647830963134766 ] } },
{ "type": "Feature", "properties": { "vehicle_id": "A1407", "latitude": 42.699947357177734, "longitude": 23.285913467407227, "raw_occupancy": 1, "timestamp": "2026-09-15 19:35:34" }, "geometry": { "type": "Point", "coordinates": [ 23.285913467407227, 42.699947357177734 ] } },
{ "type": "Feature", "properties": { "vehicle_id": "A2300", "latitude": 42.709392547607422, "longitude": 23.318304061889648, "raw_occupancy": 0, "timestamp": "2026-09-15 19:35:34" }, "geometry": { "type": "Point", "coordinates": [ 23.318304061889648, 42.709392547607422 ] } },
{ "type": "Feature", "properties": { "vehicle_id": "A2016", "latitude": 42.663181304931641, "longitude": 23.344686508178711, "raw_occupancy": 0, "timestamp": "2026-09-15 19:35:34" }, "geometry": { "type": "Point", "coordinates": [ 23.344686508178711, 42.663181304931641 ] } },
{ "type": "Feature", "properties": { "vehicle_id": "A3138", "latitude": 42.675220489501953, "longitude": 23.358842849731445, "raw_occupancy": 0, "timestamp": "2026-09-15 19:35:34" }, "geometry": { "type": "Point", "coordinates": [ 23.358842849731445, 42.675220489501953 ] } },
{ "type": "Feature", "properties": { "vehicle_id": "A3156", "latitude": 42.640064239501953, "longitude": 23.415882110595703, "raw_occupancy": 0, "timestamp": "2026-09-15 19:35:34" }, "geometry": { "type": "Point", "coordinates": [ 23.415882110595703, 42.640064239501953 ] } },
{ "type": "Feature", "properties": { "vehicle_id": "A3312", "latitude": 42.660003662109375, "longitude": 23.380819320678711, "raw_occupancy": 1, "timestamp": "2026-09-15 19:35:34" }, "geometry": { "type": "Point", "coordinates": [ 23.380819320678711, 42.660003662109375 ] } },
{ "type": "Feature", "properties": { "vehicle_id": "A7089", "latitude": 42.793239593505859, "longitude": 23.329328536987305, "raw_occupancy": 0, "timestamp": "2026-09-15 19:35:34" }, "geometry": { "type": "Point", "coordinates": [ 23.329328536987305, 42.793239593505859 ] } },
{ "type": "Feature", "properties": { "vehicle_id": "A2317", "latitude": 42.6634521484375, "longitude": 23.35797119140625, "raw_occupancy": 1, "timestamp": "2026-09-15 19:35:34" }, "geometry": { "type": "Point", "coordinates": [ 23.35797119140625, 42.6634521484375 ] } },
{ "type": "Feature", "properties": { "vehicle_id": "A3622", "latitude": 42.662986755371094, "longitude": 23.415655136108398, "raw_occupancy": 1, "timestamp": "2026-09-15 19:35:34" }, "geometry": { "type": "Point", "coordinates": [ 23.415655136108398, 42.662986755371094 ] } },
{ "type": "Feature", "properties": { "vehicle_id": "A3606", "latitude": 42.645286560058594, "longitude": 23.378263473510742, "raw_occupancy": 1, "timestamp": "2026-09-15 19:35:34" }, "geometry": { "type": "Point", "coordinates": [ 23.378263473510742, 42.645286560058594 ] } },
{ "type": "Feature", "properties": { "vehicle_id": "A1175", "latitude": 42.688423156738281, "longitude": 23.276391983032227, "raw_occupancy": 2, "timestamp": "2026-09-15 19:35:34" }, "geometry": { "type": "Point", "coordinates": [ 23.276391983032227, 42.688423156738281 ] } },
{ "type": "Feature", "properties": { "vehicle_id": "A1125", "latitude": 42.76361083984375, "longitude": 23.197660446166992, "raw_occupancy": 0, "timestamp": "2026-09-15 19:35:34" }, "geometry": { "type": "Point", "coordinates": [ 23.197660446166992, 42.76361083984375 ] } },
{ "type": "Feature", "properties": { "vehicle_id": "A2318", "latitude": 42.643867492675781, "longitude": 23.345066070556641, "raw_occupancy": 0, "timestamp": "2026-09-15 19:35:34" }, "geometry": { "type": "Point", "coordinates": [ 23.345066070556641, 42.643867492675781 ] } },
{ "type": "Feature", "properties": { "vehicle_id": "A3135", "latitude": 42.649608612060547, "longitude": 23.369832992553711, "raw_occupancy": 2, "timestamp": "2026-09-15 19:35:34" }, "geometry": { "type": "Point", "coordinates": [ 23.369832992553711, 42.649608612060547 ] } },
{ "type": "Feature", "properties": { "vehicle_id": "A3614", "latitude": 42.635776519775391, "longitude": 23.402908325195312, "raw_occupancy": 1, "timestamp": "2026-09-15 19:35:34" }, "geometry": { "type": "Point", "coordinates": [ 23.402908325195312, 42.635776519775391 ] } },
{ "type": "Feature", "properties": { "vehicle_id": "A1404", "latitude": 42.65191650390625, "longitude": 23.31610107421875, "raw_occupancy": 1, "timestamp": "2026-09-15 19:35:34" }, "geometry": { "type": "Point", "coordinates": [ 23.31610107421875, 42.65191650390625 ] } },
{ "type": "Feature", "properties": { "vehicle_id": "A2310", "latitude": 42.651866912841797, "longitude": 23.349386215209961, "raw_occupancy": 2, "timestamp": "2026-09-15 19:35:34" }, "geometry": { "type": "Point", "coordinates": [ 23.349386215209961, 42.651866912841797 ] } },
{ "type": "Feature", "properties": { "vehicle_id": "A2012", "latitude": 42.665332794189453, "longitude": 23.318611145019531, "raw_occupancy": 1, "timestamp": "2026-09-15 19:35:34" }, "geometry": { "type": "Point", "coordinates": [ 23.318611145019531, 42.665332794189453 ] } },
{ "type": "Feature", "properties": { "vehicle_id": "A2064", "latitude": 42.741653442382812, "longitude": 23.27815055847168, "raw_occupancy": 0, "timestamp": "2026-09-15 19:35:34" }, "geometry": { "type": "Point", "coordinates": [ 23.27815055847168, 42.741653442382812 ] } },
{ "type": "Feature", "properties": { "vehicle_id": "A3101", "latitude": 42.640228271484375, "longitude": 23.381555557250977, "raw_occupancy": 0, "timestamp": "2026-09-15 19:35:34" }, "geometry": { "type": "Point", "coordinates": [ 23.381555557250977, 42.640228271484375 ] } },
{ "type": "Feature", "properties": { "vehicle_id": "A3134", "latitude": 42.636451721191406, "longitude": 23.374959945678711, "raw_occupancy": 1, "timestamp": "2026-09-15 19:35:34" }, "geometry": { "type": "Point", "coordinates": [ 23.374959945678711, 42.636451721191406 ] } },
{ "type": "Feature", "properties": { "vehicle_id": "A3651", "latitude": 42.640773773193359, "longitude": 23.374198913574219, "raw_occupancy": 1, "timestamp": "2026-09-15 19:35:34" }, "geometry": { "type": "Point", "coordinates": [ 23.374198913574219, 42.640773773193359 ] } },
{ "type": "Feature", "properties": { "vehicle_id": "A7185", "latitude": 42.726497650146484, "longitude": 23.455089569091797, "raw_occupancy": 0, "timestamp": "2026-09-15 19:35:34" }, "geometry": { "type": "Point", "coordinates": [ 23.455089569091797, 42.726497650146484 ] } },
{ "type": "Feature", "properties": { "vehicle_id": "A3632", "latitude": 42.628425598144531, "longitude": 23.407859802246094, "raw_occupancy": 0, "timestamp": "2026-09-15 19:35:34" }, "geometry": { "type": "Point", "coordinates": [ 23.407859802246094, 42.628425598144531 ] } },
{ "type": "Feature", "properties": { "vehicle_id": "A1805", "latitude": 42.658584594726562, "longitude": 23.269180297851562, "raw_occupancy": 0, "timestamp": "2026-09-15 19:35:34" }, "geometry": { "type": "Point", "coordinates": [ 23.269180297851562, 42.658584594726562 ] } },
{ "type": "Feature", "properties": { "vehicle_id": "A1603", "latitude": 42.681118011474609, "longitude": 23.244672775268555, "raw_occupancy": 2, "timestamp": "2026-09-15 19:35:34" }, "geometry": { "type": "Point", "coordinates": [ 23.244672775268555, 42.681118011474609 ] } },
{ "type": "Feature", "properties": { "vehicle_id": "A3100", "latitude": 42.639236450195312, "longitude": 23.387643814086914, "raw_occupancy": 0, "timestamp": "2026-09-15 19:35:34" }, "geometry": { "type": "Point", "coordinates": [ 23.387643814086914, 42.639236450195312 ] } },
{ "type": "Feature", "properties": { "vehicle_id": "A3127", "latitude": 42.645168304443359, "longitude": 23.375247955322266, "raw_occupancy": 1, "timestamp": "2026-09-15 19:35:34" }, "geometry": { "type": "Point", "coordinates": [ 23.375247955322266, 42.645168304443359 ] } },
{ "type": "Feature", "properties": { "vehicle_id": "A1229", "latitude": 42.69696044921875, "longitude": 23.121833801269531, "raw_occupancy": 0, "timestamp": "2026-09-15 19:35:34" }, "geometry": { "type": "Point", "coordinates": [ 23.121833801269531, 42.69696044921875 ] } },
{ "type": "Feature", "properties": { "vehicle_id": "A2086", "latitude": 42.707363128662109, "longitude": 23.357555389404297, "raw_occupancy": 0, "timestamp": "2026-09-15 19:35:34" }, "geometry": { "type": "Point", "coordinates": [ 23.357555389404297, 42.707363128662109 ] } },
{ "type": "Feature", "properties": { "vehicle_id": "A3669", "latitude": 42.658214569091797, "longitude": 23.397165298461914, "raw_occupancy": 1, "timestamp": "2026-09-15 19:35:34" }, "geometry": { "type": "Point", "coordinates": [ 23.397165298461914, 42.658214569091797 ] } },
{ "type": "Feature", "properties": { "vehicle_id": "A3014", "latitude": 42.678962707519531, "longitude": 23.378482818603516, "raw_occupancy": 1, "timestamp": "2026-09-15 19:35:34" }, "geometry": { "type": "Point", "coordinates": [ 23.378482818603516, 42.678962707519531 ] } },
{ "type": "Feature", "properties": { "vehicle_id": "A2305", "latitude": 42.710487365722656, "longitude": 23.361152648925781, "raw_occupancy": 1, "timestamp": "2026-09-15 19:35:34" }, "geometry": { "type": "Point", "coordinates": [ 23.361152648925781, 42.710487365722656 ] } },
{ "type": "Feature", "properties": { "vehicle_id": "A3661", "latitude": 42.556148529052734, "longitude": 23.36515998840332, "raw_occupancy": 0, "timestamp": "2026-09-15 19:35:34" }, "geometry": { "type": "Point", "coordinates": [ 23.36515998840332, 42.556148529052734 ] } },
{ "type": "Feature", "properties": { "vehicle_id": "A2059", "latitude": 42.694099426269531, "longitude": 23.377199172973633, "raw_occupancy": 1, "timestamp": "2026-09-15 19:35:34" }, "geometry": { "type": "Point", "coordinates": [ 23.377199172973633, 42.694099426269531 ] } },
{ "type": "Feature", "properties": { "vehicle_id": "A7187", "latitude": 42.755813598632812, "longitude": 23.430667877197266, "raw_occupancy": 0, "timestamp": "2026-09-15 19:35:34" }, "geometry": { "type": "Point", "coordinates": [ 23.430667877197266, 42.755813598632812 ] } },
{ "type": "Feature", "properties": { "vehicle_id": "A7075", "latitude": 42.724040985107422, "longitude": 23.343631744384766, "raw_occupancy": 1, "timestamp": "2026-09-15 19:35:34" }, "geometry": { "type": "Point", "coordinates": [ 23.343631744384766, 42.724040985107422 ] } },
{ "type": "Feature", "properties": { "vehicle_id": "A7149", "latitude": 42.763038635253906, "longitude": 23.420200347900391, "raw_occupancy": 1, "timestamp": "2026-09-15 19:35:34" }, "geometry": { "type": "Point", "coordinates": [ 23.420200347900391, 42.763038635253906 ] } },
{ "type": "Feature", "properties": { "vehicle_id": "A2028", "latitude": 42.699184417724609, "longitude": 23.338983535766602, "raw_occupancy": 1, "timestamp": "2026-09-15 19:35:34" }, "geometry": { "type": "Point", "coordinates": [ 23.338983535766602, 42.699184417724609 ] } },
{ "type": "Feature", "properties": { "vehicle_id": "A3157", "latitude": 42.663162231445312, "longitude": 23.357128143310547, "raw_occupancy": 2, "timestamp": "2026-09-15 19:35:34" }, "geometry": { "type": "Point", "coordinates": [ 23.357128143310547, 42.663162231445312 ] } },
{ "type": "Feature", "properties": { "vehicle_id": "A2032", "latitude": 42.659114837646484, "longitude": 23.348052978515625, "raw_occupancy": 1, "timestamp": "2026-09-15 19:35:34" }, "geometry": { "type": "Point", "coordinates": [ 23.348052978515625, 42.659114837646484 ] } },
{ "type": "Feature", "properties": { "vehicle_id": "A1153", "latitude": 42.707901000976562, "longitude": 23.297817230224609, "raw_occupancy": 1, "timestamp": "2026-09-15 19:35:34" }, "geometry": { "type": "Point", "coordinates": [ 23.297817230224609, 42.707901000976562 ] } },
{ "type": "Feature", "properties": { "vehicle_id": "A2055", "latitude": 42.714931488037109, "longitude": 23.297725677490234, "raw_occupancy": 1, "timestamp": "2026-09-15 19:35:34" }, "geometry": { "type": "Point", "coordinates": [ 23.297725677490234, 42.714931488037109 ] } },
{ "type": "Feature", "properties": { "vehicle_id": "A2038", "latitude": 42.678146362304688, "longitude": 23.326992034912109, "raw_occupancy": 2, "timestamp": "2026-09-15 19:35:34" }, "geometry": { "type": "Point", "coordinates": [ 23.326992034912109, 42.678146362304688 ] } },
{ "type": "Feature", "properties": { "vehicle_id": "A3608", "latitude": 42.621898651123047, "longitude": 23.369752883911133, "raw_occupancy": 2, "timestamp": "2026-09-15 19:35:34" }, "geometry": { "type": "Point", "coordinates": [ 23.369752883911133, 42.621898651123047 ] } },
{ "type": "Feature", "properties": { "vehicle_id": "A2817", "latitude": 42.740703582763672, "longitude": 23.32817268371582, "raw_occupancy": 1, "timestamp": "2026-09-15 19:35:34" }, "geometry": { "type": "Point", "coordinates": [ 23.32817268371582, 42.740703582763672 ] } },
{ "type": "Feature", "properties": { "vehicle_id": "A1618", "latitude": 42.689876556396484, "longitude": 23.250833511352539, "raw_occupancy": 1, "timestamp": "2026-09-15 19:35:34" }, "geometry": { "type": "Point", "coordinates": [ 23.250833511352539, 42.689876556396484 ] } },
{ "type": "Feature", "properties": { "vehicle_id": "A1172", "latitude": 42.690345764160156, "longitude": 23.253910064697266, "raw_occupancy": 1, "timestamp": "2026-09-15 19:35:34" }, "geometry": { "type": "Point", "coordinates": [ 23.253910064697266, 42.690345764160156 ] } },
{ "type": "Feature", "properties": { "vehicle_id": "A1604", "latitude": 42.694236755371094, "longitude": 23.294841766357422, "raw_occupancy": 1, "timestamp": "2026-09-15 19:35:34" }, "geometry": { "type": "Point", "coordinates": [ 23.294841766357422, 42.694236755371094 ] } },
{ "type": "Feature", "properties": { "vehicle_id": "A1613", "latitude": 42.7587890625, "longitude": 23.205522537231445, "raw_occupancy": 1, "timestamp": "2026-09-15 19:35:34" }, "geometry": { "type": "Point", "coordinates": [ 23.205522537231445, 42.7587890625 ] } },
{ "type": "Feature", "properties": { "vehicle_id": "A3017", "latitude": 42.684539794921875, "longitude": 23.376747131347656, "raw_occupancy": 1, "timestamp": "2026-09-15 19:35:34" }, "geometry": { "type": "Point", "coordinates": [ 23.376747131347656, 42.684539794921875 ] } },
{ "type": "Feature", "properties": { "vehicle_id": "A2010", "latitude": 42.710075378417969, "longitude": 23.293718338012695, "raw_occupancy": 1, "timestamp": "2026-09-15 19:35:34" }, "geometry": { "type": "Point", "coordinates": [ 23.293718338012695, 42.710075378417969 ] } },
{ "type": "Feature", "properties": { "vehicle_id": "A1845", "latitude": 42.693759918212891, "longitude": 23.147531509399414, "raw_occupancy": 1, "timestamp": "2026-09-15 19:35:34" }, "geometry": { "type": "Point", "coordinates": [ 23.147531509399414, 42.693759918212891 ] } },
{ "type": "Feature", "properties": { "vehicle_id": "A1220", "latitude": 42.705669403076172, "longitude": 23.284997940063477, "raw_occupancy": 1, "timestamp": "2026-09-15 19:35:34" }, "geometry": { "type": "Point", "coordinates": [ 23.284997940063477, 42.705669403076172 ] } },
{ "type": "Feature", "properties": { "vehicle_id": "A2509", "latitude": 42.677196502685547, "longitude": 23.360050201416016, "raw_occupancy": 1, "timestamp": "2026-09-15 19:35:34" }, "geometry": { "type": "Point", "coordinates": [ 23.360050201416016, 42.677196502685547 ] } },
{ "type": "Feature", "properties": { "vehicle_id": "A1232", "latitude": 42.753875732421875, "longitude": 23.247800827026367, "raw_occupancy": 0, "timestamp": "2026-09-15 19:35:34" }, "geometry": { "type": "Point", "coordinates": [ 23.247800827026367, 42.753875732421875 ] } },
{ "type": "Feature", "properties": { "vehicle_id": "A7173", "latitude": 42.733428955078125, "longitude": 23.303354263305664, "raw_occupancy": 1, "timestamp": "2026-09-15 19:35:34" }, "geometry": { "type": "Point", "coordinates": [ 23.303354263305664, 42.733428955078125 ] } },
{ "type": "Feature", "properties": { "vehicle_id": "A1855", "latitude": 42.689800262451172, "longitude": 23.313419342041016, "raw_occupancy": 0, "timestamp": "2026-09-15 19:35:34" }, "geometry": { "type": "Point", "coordinates": [ 23.313419342041016, 42.689800262451172 ] } },
{ "type": "Feature", "properties": { "vehicle_id": "A3634", "latitude": 42.679046630859375, "longitude": 23.464771270751953, "raw_occupancy": 0, "timestamp": "2026-09-15 19:35:34" }, "geometry": { "type": "Point", "coordinates": [ 23.464771270751953, 42.679046630859375 ] } },
{ "type": "Feature", "properties": { "vehicle_id": "A1216", "latitude": 42.750247955322266, "longitude": 23.276531219482422, "raw_occupancy": 1, "timestamp": "2026-09-15 19:35:34" }, "geometry": { "type": "Point", "coordinates": [ 23.276531219482422, 42.750247955322266 ] } },
{ "type": "Feature", "properties": { "vehicle_id": "A1833", "latitude": 42.737510681152344, "longitude": 23.296541213989258, "raw_occupancy": 1, "timestamp": "2026-09-15 19:35:34" }, "geometry": { "type": "Point", "coordinates": [ 23.296541213989258, 42.737510681152344 ] } },
{ "type": "Feature", "properties": { "vehicle_id": "A3145", "latitude": 42.668743133544922, "longitude": 23.279582977294922, "raw_occupancy": 1, "timestamp": "2026-09-15 19:35:34" }, "geometry": { "type": "Point", "coordinates": [ 23.279582977294922, 42.668743133544922 ] } },
{ "type": "Feature", "properties": { "vehicle_id": "A3103", "latitude": 42.683048248291016, "longitude": 23.321968078613281, "raw_occupancy": 1, "timestamp": "2026-09-15 19:35:34" }, "geometry": { "type": "Point", "coordinates": [ 23.321968078613281, 42.683048248291016 ] } },
{ "type": "Feature", "properties": { "vehicle_id": "A1601", "latitude": 42.705066680908203, "longitude": 23.325456619262695, "raw_occupancy": 2, "timestamp": "2026-09-15 19:35:34" }, "geometry": { "type": "Point", "coordinates": [ 23.325456619262695, 42.705066680908203 ] } },
{ "type": "Feature", "properties": { "vehicle_id": "A7125", "latitude": 42.754055023193359, "longitude": 23.352615356445312, "raw_occupancy": 2, "timestamp": "2026-09-15 19:35:34" }, "geometry": { "type": "Point", "coordinates": [ 23.352615356445312, 42.754055023193359 ] } },
{ "type": "Feature", "properties": { "vehicle_id": "A3107", "latitude": 42.657279968261719, "longitude": 23.386396408081055, "raw_occupancy": 2, "timestamp": "2026-09-15 19:35:34" }, "geometry": { "type": "Point", "coordinates": [ 23.386396408081055, 42.657279968261719 ] } },
{ "type": "Feature", "properties": { "vehicle_id": "A1169", "latitude": 42.672714233398438, "longitude": 23.293355941772461, "raw_occupancy": 2, "timestamp": "2026-09-15 19:35:34" }, "geometry": { "type": "Point", "coordinates": [ 23.293355941772461, 42.672714233398438 ] } },
{ "type": "Feature", "properties": { "vehicle_id": "A7133", "latitude": 42.829959869384766, "longitude": 23.337808609008789, "raw_occupancy": 0, "timestamp": "2026-09-15 19:35:34" }, "geometry": { "type": "Point", "coordinates": [ 23.337808609008789, 42.829959869384766 ] } },
{ "type": "Feature", "properties": { "vehicle_id": "A2153", "latitude": 42.714492797851562, "longitude": 23.326602935791016, "raw_occupancy": 0, "timestamp": "2026-09-15 19:35:34" }, "geometry": { "type": "Point", "coordinates": [ 23.326602935791016, 42.714492797851562 ] } },
{ "type": "Feature", "properties": { "vehicle_id": "A3114", "latitude": 42.69647216796875, "longitude": 23.346771240234375, "raw_occupancy": 2, "timestamp": "2026-09-15 19:35:34" }, "geometry": { "type": "Point", "coordinates": [ 23.346771240234375, 42.69647216796875 ] } },
{ "type": "Feature", "properties": { "vehicle_id": "A1410", "latitude": 42.633419036865234, "longitude": 23.310930252075195, "raw_occupancy": 2, "timestamp": "2026-09-15 19:35:34" }, "geometry": { "type": "Point", "coordinates": [ 23.310930252075195, 42.633419036865234 ] } },
{ "type": "Feature", "properties": { "vehicle_id": "A2307", "latitude": 42.651863098144531, "longitude": 23.342502593994141, "raw_occupancy": 1, "timestamp": "2026-09-15 19:35:34" }, "geometry": { "type": "Point", "coordinates": [ 23.342502593994141, 42.651863098144531 ] } },
{ "type": "Feature", "properties": { "vehicle_id": "A2313", "latitude": 42.6517333984375, "longitude": 23.359272003173828, "raw_occupancy": 1, "timestamp": "2026-09-15 19:35:34" }, "geometry": { "type": "Point", "coordinates": [ 23.359272003173828, 42.6517333984375 ] } },
{ "type": "Feature", "properties": { "vehicle_id": "A3700", "latitude": 42.709949493408203, "longitude": 23.418882369995117, "raw_occupancy": 1, "timestamp": "2026-09-15 19:35:34" }, "geometry": { "type": "Point", "coordinates": [ 23.418882369995117, 42.709949493408203 ] } },
{ "type": "Feature", "properties": { "vehicle_id": "A7087", "latitude": 42.784515380859375, "longitude": 23.273685455322266, "raw_occupancy": 1, "timestamp": "2026-09-15 19:35:34" }, "geometry": { "type": "Point", "coordinates": [ 23.273685455322266, 42.784515380859375 ] } },
{ "type": "Feature", "properties": { "vehicle_id": "A3136", "latitude": 42.702888488769531, "longitude": 23.337575912475586, "raw_occupancy": 1, "timestamp": "2026-09-15 19:35:34" }, "geometry": { "type": "Point", "coordinates": [ 23.337575912475586, 42.702888488769531 ] } },
{ "type": "Feature", "properties": { "vehicle_id": "A2056", "latitude": 42.725799560546875, "longitude": 23.344581604003906, "raw_occupancy": 0, "timestamp": "2026-09-15 19:35:34" }, "geometry": { "type": "Point", "coordinates": [ 23.344581604003906, 42.725799560546875 ] } },
{ "type": "Feature", "properties": { "vehicle_id": "A7085", "latitude": 42.705104827880859, "longitude": 23.490198135375977, "raw_occupancy": 0, "timestamp": "2026-09-15 19:35:34" }, "geometry": { "type": "Point", "coordinates": [ 23.490198135375977, 42.705104827880859 ] } },
{ "type": "Feature", "properties": { "vehicle_id": "A2303", "latitude": 42.709632873535156, "longitude": 23.260732650756836, "raw_occupancy": 2, "timestamp": "2026-09-15 19:35:34" }, "geometry": { "type": "Point", "coordinates": [ 23.260732650756836, 42.709632873535156 ] } },
{ "type": "Feature", "properties": { "vehicle_id": "A3659", "latitude": 42.688274383544922, "longitude": 23.334278106689453, "raw_occupancy": 2, "timestamp": "2026-09-15 19:35:34" }, "geometry": { "type": "Point", "coordinates": [ 23.334278106689453, 42.688274383544922 ] } },
{ "type": "Feature", "properties": { "vehicle_id": "A3410", "latitude": 42.682964324951172, "longitude": 23.348459243774414, "raw_occupancy": 2, "timestamp": "2026-09-15 19:35:34" }, "geometry": { "type": "Point", "coordinates": [ 23.348459243774414, 42.682964324951172 ] } },
{ "type": "Feature", "properties": { "vehicle_id": "A7097", "latitude": 42.783058166503906, "longitude": 23.391027450561523, "raw_occupancy": 0, "timestamp": "2026-09-15 19:35:34" }, "geometry": { "type": "Point", "coordinates": [ 23.391027450561523, 42.783058166503906 ] } },
{ "type": "Feature", "properties": { "vehicle_id": "A7163", "latitude": 42.735977172851562, "longitude": 23.467983245849609, "raw_occupancy": 1, "timestamp": "2026-09-15 19:35:34" }, "geometry": { "type": "Point", "coordinates": [ 23.467983245849609, 42.735977172851562 ] } },
{ "type": "Feature", "properties": { "vehicle_id": "A2306", "latitude": 42.686378479003906, "longitude": 23.343244552612305, "raw_occupancy": 2, "timestamp": "2026-09-15 19:35:34" }, "geometry": { "type": "Point", "coordinates": [ 23.343244552612305, 42.686378479003906 ] } },
{ "type": "Feature", "properties": { "vehicle_id": "A2034", "latitude": 42.702278137207031, "longitude": 23.359806060791016, "raw_occupancy": 2, "timestamp": "2026-09-15 19:35:34" }, "geometry": { "type": "Point", "coordinates": [ 23.359806060791016, 42.702278137207031 ] } },
{ "type": "Feature", "properties": { "vehicle_id": "A3628", "latitude": 42.684738159179688, "longitude": 23.302089691162109, "raw_occupancy": 0, "timestamp": "2026-09-15 19:35:34" }, "geometry": { "type": "Point", "coordinates": [ 23.302089691162109, 42.684738159179688 ] } },
{ "type": "Feature", "properties": { "vehicle_id": "A1608", "latitude": 42.665245056152344, "longitude": 23.287628173828125, "raw_occupancy": 2, "timestamp": "2026-09-15 19:35:34" }, "geometry": { "type": "Point", "coordinates": [ 23.287628173828125, 42.665245056152344 ] } },
{ "type": "Feature", "properties": { "vehicle_id": "A7135", "latitude": 42.818458557128906, "longitude": 23.250940322875977, "raw_occupancy": 0, "timestamp": "2026-09-15 19:35:34" }, "geometry": { "type": "Point", "coordinates": [ 23.250940322875977, 42.818458557128906 ] } },
{ "type": "Feature", "properties": { "vehicle_id": "A1821", "latitude": 42.637176513671875, "longitude": 23.372735977172852, "raw_occupancy": 1, "timestamp": "2026-09-15 19:35:34" }, "geometry": { "type": "Point", "coordinates": [ 23.372735977172852, 42.637176513671875 ] } },
{ "type": "Feature", "properties": { "vehicle_id": "A1405", "latitude": 42.659111022949219, "longitude": 23.327474594116211, "raw_occupancy": 0, "timestamp": "2026-09-15 19:35:34" }, "geometry": { "type": "Point", "coordinates": [ 23.327474594116211, 42.659111022949219 ] } },
{ "type": "Feature", "properties": { "vehicle_id": "A2090", "latitude": 42.634265899658203, "longitude": 23.43927001953125, "raw_occupancy": 2, "timestamp": "2026-09-15 19:35:34" }, "geometry": { "type": "Point", "coordinates": [ 23.43927001953125, 42.634265899658203 ] } },
{ "type": "Feature", "properties": { "vehicle_id": "A2067", "latitude": 42.738029479980469, "longitude": 23.317306518554688, "raw_occupancy": 1, "timestamp": "2026-09-15 19:35:34" }, "geometry": { "type": "Point", "coordinates": [ 23.317306518554688, 42.738029479980469 ] } },
{ "type": "Feature", "properties": { "vehicle_id": "A7123", "latitude": 42.784946441650391, "longitude": 23.500192642211914, "raw_occupancy": 1, "timestamp": "2026-09-15 19:35:34" }, "geometry": { "type": "Point", "coordinates": [ 23.500192642211914, 42.784946441650391 ] } },
{ "type": "Feature", "properties": { "vehicle_id": "A3106", "latitude": 42.645656585693359, "longitude": 23.367843627929688, "raw_occupancy": 2, "timestamp": "2026-09-15 19:35:34" }, "geometry": { "type": "Point", "coordinates": [ 23.367843627929688, 42.645656585693359 ] } },
{ "type": "Feature", "properties": { "vehicle_id": "A2081", "latitude": 42.566581726074219, "longitude": 23.423610687255859, "raw_occupancy": 0, "timestamp": "2026-09-15 19:35:34" }, "geometry": { "type": "Point", "coordinates": [ 23.423610687255859, 42.566581726074219 ] } },
{ "type": "Feature", "properties": { "vehicle_id": "A1170", "latitude": 42.717571258544922, "longitude": 23.279151916503906, "raw_occupancy": 1, "timestamp": "2026-09-15 19:35:34" }, "geometry": { "type": "Point", "coordinates": [ 23.279151916503906, 42.717571258544922 ] } },
{ "type": "Feature", "properties": { "vehicle_id": "A3652", "latitude": 42.597499847412109, "longitude": 23.36723518371582, "raw_occupancy": 2, "timestamp": "2026-09-15 19:35:34" }, "geometry": { "type": "Point", "coordinates": [ 23.36723518371582, 42.597499847412109 ] } },
{ "type": "Feature", "properties": { "vehicle_id": "A3112", "latitude": 42.668441772460938, "longitude": 23.368488311767578, "raw_occupancy": 3, "timestamp": "2026-09-15 19:35:34" }, "geometry": { "type": "Point", "coordinates": [ 23.368488311767578, 42.668441772460938 ] } },
{ "type": "Feature", "properties": { "vehicle_id": "A2515", "latitude": 42.686664581298828, "longitude": 23.331937789916992, "raw_occupancy": 1, "timestamp": "2026-09-15 19:35:34" }, "geometry": { "type": "Point", "coordinates": [ 23.331937789916992, 42.686664581298828 ] } },
{ "type": "Feature", "properties": { "vehicle_id": "A1807", "latitude": 42.70245361328125, "longitude": 23.285686492919922, "raw_occupancy": 1, "timestamp": "2026-09-15 19:35:34" }, "geometry": { "type": "Point", "coordinates": [ 23.285686492919922, 42.70245361328125 ] } },
{ "type": "Feature", "properties": { "vehicle_id": "A7157", "latitude": 42.704170227050781, "longitude": 23.386457443237305, "raw_occupancy": 1, "timestamp": "2026-09-15 19:35:34" }, "geometry": { "type": "Point", "coordinates": [ 23.386457443237305, 42.704170227050781 ] } },
{ "type": "Feature", "properties": { "vehicle_id": "A7063", "latitude": 42.711635589599609, "longitude": 23.192317962646484, "raw_occupancy": 1, "timestamp": "2026-09-15 19:35:34" }, "geometry": { "type": "Point", "coordinates": [ 23.192317962646484, 42.711635589599609 ] } },
{ "type": "Feature", "properties": { "vehicle_id": "A2043", "latitude": 42.706832885742188, "longitude": 23.337009429931641, "raw_occupancy": 1, "timestamp": "2026-09-15 19:35:34" }, "geometry": { "type": "Point", "coordinates": [ 23.337009429931641, 42.706832885742188 ] } },
{ "type": "Feature", "properties": { "vehicle_id": "A7055", "latitude": 42.709625244140625, "longitude": 23.392070770263672, "raw_occupancy": 2, "timestamp": "2026-09-15 19:35:34" }, "geometry": { "type": "Point", "coordinates": [ 23.392070770263672, 42.709625244140625 ] } },
{ "type": "Feature", "properties": { "vehicle_id": "A1212", "latitude": 42.671333312988281, "longitude": 23.293994903564453, "raw_occupancy": 1, "timestamp": "2026-09-15 19:35:34" }, "geometry": { "type": "Point", "coordinates": [ 23.293994903564453, 42.671333312988281 ] } },
{ "type": "Feature", "properties": { "vehicle_id": "A1617", "latitude": 42.689285278320312, "longitude": 23.245410919189453, "raw_occupancy": 1, "timestamp": "2026-09-15 19:35:34" }, "geometry": { "type": "Point", "coordinates": [ 23.245410919189453, 42.689285278320312 ] } },
{ "type": "Feature", "properties": { "vehicle_id": "A7111", "latitude": 42.801765441894531, "longitude": 23.276161193847656, "raw_occupancy": 1, "timestamp": "2026-09-15 19:35:34" }, "geometry": { "type": "Point", "coordinates": [ 23.276161193847656, 42.801765441894531 ] } },
{ "type": "Feature", "properties": { "vehicle_id": "A1165", "latitude": 42.694908142089844, "longitude": 23.291156768798828, "raw_occupancy": 1, "timestamp": "2026-09-15 19:35:34" }, "geometry": { "type": "Point", "coordinates": [ 23.291156768798828, 42.694908142089844 ] } },
{ "type": "Feature", "properties": { "vehicle_id": "A3654", "latitude": 42.674846649169922, "longitude": 23.334012985229492, "raw_occupancy": 0, "timestamp": "2026-09-15 19:35:34" }, "geometry": { "type": "Point", "coordinates": [ 23.334012985229492, 42.674846649169922 ] } },
{ "type": "Feature", "properties": { "vehicle_id": "A2026", "latitude": 42.709251403808594, "longitude": 23.384126663208008, "raw_occupancy": 1, "timestamp": "2026-09-15 19:35:34" }, "geometry": { "type": "Point", "coordinates": [ 23.384126663208008, 42.709251403808594 ] } },
{ "type": "Feature", "properties": { "vehicle_id": "A3143", "latitude": 42.640388488769531, "longitude": 23.413116455078125, "raw_occupancy": 0, "timestamp": "2026-09-15 19:35:34" }, "geometry": { "type": "Point", "coordinates": [ 23.413116455078125, 42.640388488769531 ] } },
{ "type": "Feature", "properties": { "vehicle_id": "A2304", "latitude": 42.688617706298828, "longitude": 23.340339660644531, "raw_occupancy": 1, "timestamp": "2026-09-15 19:35:34" }, "geometry": { "type": "Point", "coordinates": [ 23.340339660644531, 42.688617706298828 ] } },
{ "type": "Feature", "properties": { "vehicle_id": "A2309", "latitude": 42.691810607910156, "longitude": 23.341785430908203, "raw_occupancy": 1, "timestamp": "2026-09-15 19:35:34" }, "geometry": { "type": "Point", "coordinates": [ 23.341785430908203, 42.691810607910156 ] } },
{ "type": "Feature", "properties": { "vehicle_id": "A1211", "latitude": 42.695411682128906, "longitude": 23.252548217773438, "raw_occupancy": 1, "timestamp": "2026-09-15 19:35:34" }, "geometry": { "type": "Point", "coordinates": [ 23.252548217773438, 42.695411682128906 ] } },
{ "type": "Feature", "properties": { "vehicle_id": "A1034", "latitude": 42.676601409912109, "longitude": 23.281055450439453, "raw_occupancy": 1, "timestamp": "2026-09-15 19:35:34" }, "geometry": { "type": "Point", "coordinates": [ 23.281055450439453, 42.676601409912109 ] } },
{ "type": "Feature", "properties": { "vehicle_id": "A1155", "latitude": 42.664112091064453, "longitude": 23.287147521972656, "raw_occupancy": 1, "timestamp": "2026-09-15 19:35:34" }, "geometry": { "type": "Point", "coordinates": [ 23.287147521972656, 42.664112091064453 ] } },
{ "type": "Feature", "properties": { "vehicle_id": "A1205", "latitude": 42.668899536132812, "longitude": 23.319368362426758, "raw_occupancy": 1, "timestamp": "2026-09-15 19:35:34" }, "geometry": { "type": "Point", "coordinates": [ 23.319368362426758, 42.668899536132812 ] } },
{ "type": "Feature", "properties": { "vehicle_id": "A3140", "latitude": 42.636909484863281, "longitude": 23.374967575073242, "raw_occupancy": 0, "timestamp": "2026-09-15 19:35:34" }, "geometry": { "type": "Point", "coordinates": [ 23.374967575073242, 42.636909484863281 ] } },
{ "type": "Feature", "properties": { "vehicle_id": "A1152", "latitude": 42.6783447265625, "longitude": 23.285533905029297, "raw_occupancy": 1, "timestamp": "2026-09-15 19:35:34" }, "geometry": { "type": "Point", "coordinates": [ 23.285533905029297, 42.6783447265625 ] } },
{ "type": "Feature", "properties": { "vehicle_id": "A3670", "latitude": 42.692398071289062, "longitude": 23.334163665771484, "raw_occupancy": 1, "timestamp": "2026-09-15 19:35:34" }, "geometry": { "type": "Point", "coordinates": [ 23.334163665771484, 42.692398071289062 ] } },
{ "type": "Feature", "properties": { "vehicle_id": "A7093", "latitude": 42.737430572509766, "longitude": 23.256916046142578, "raw_occupancy": 0, "timestamp": "2026-09-15 19:35:34" }, "geometry": { "type": "Point", "coordinates": [ 23.256916046142578, 42.737430572509766 ] } },
{ "type": "Feature", "properties": { "vehicle_id": "A7113", "latitude": 42.715133666992188, "longitude": 23.360481262207031, "raw_occupancy": 0, "timestamp": "2026-09-15 19:35:34" }, "geometry": { "type": "Point", "coordinates": [ 23.360481262207031, 42.715133666992188 ] } },
{ "type": "Feature", "properties": { "vehicle_id": "A1208", "latitude": 42.641002655029297, "longitude": 23.373872756958008, "raw_occupancy": 1, "timestamp": "2026-09-15 19:35:34" }, "geometry": { "type": "Point", "coordinates": [ 23.373872756958008, 42.641002655029297 ] } },
{ "type": "Feature", "properties": { "vehicle_id": "A1189", "latitude": 42.673942565917969, "longitude": 23.334880828857422, "raw_occupancy": 2, "timestamp": "2026-09-15 19:35:34" }, "geometry": { "type": "Point", "coordinates": [ 23.334880828857422, 42.673942565917969 ] } },
{ "type": "Feature", "properties": { "vehicle_id": "A3601", "latitude": 42.674644470214844, "longitude": 23.396385192871094, "raw_occupancy": 1, "timestamp": "2026-09-15 19:35:34" }, "geometry": { "type": "Point", "coordinates": [ 23.396385192871094, 42.674644470214844 ] } },
{ "type": "Feature", "properties": { "vehicle_id": "A2050", "latitude": 42.710361480712891, "longitude": 23.29277229309082, "raw_occupancy": 1, "timestamp": "2026-09-15 19:35:34" }, "geometry": { "type": "Point", "coordinates": [ 23.29277229309082, 42.710361480712891 ] } },
{ "type": "Feature", "properties": { "vehicle_id": "A1162", "latitude": 42.727680206298828, "longitude": 23.289691925048828, "raw_occupancy": 1, "timestamp": "2026-09-15 19:35:34" }, "geometry": { "type": "Point", "coordinates": [ 23.289691925048828, 42.727680206298828 ] } },
{ "type": "Feature", "properties": { "vehicle_id": "A3125", "latitude": 42.70452880859375, "longitude": 23.330850601196289, "raw_occupancy": 1, "timestamp": "2026-09-15 19:35:34" }, "geometry": { "type": "Point", "coordinates": [ 23.330850601196289, 42.70452880859375 ] } },
{ "type": "Feature", "properties": { "vehicle_id": "A2061", "latitude": 42.729770660400391, "longitude": 23.247211456298828, "raw_occupancy": 0, "timestamp": "2026-09-15 19:35:34" }, "geometry": { "type": "Point", "coordinates": [ 23.247211456298828, 42.729770660400391 ] } },
{ "type": "Feature", "properties": { "vehicle_id": "A3150", "latitude": 42.684223175048828, "longitude": 23.32328987121582, "raw_occupancy": 2, "timestamp": "2026-09-15 19:35:34" }, "geometry": { "type": "Point", "coordinates": [ 23.32328987121582, 42.684223175048828 ] } },
{ "type": "Feature", "properties": { "vehicle_id": "A3666", "latitude": 42.677383422851562, "longitude": 23.356258392333984, "raw_occupancy": 1, "timestamp": "2026-09-15 19:35:34" }, "geometry": { "type": "Point", "coordinates": [ 23.356258392333984, 42.677383422851562 ] } },
{ "type": "Feature", "properties": { "vehicle_id": "A2083", "latitude": 42.718921661376953, "longitude": 23.315570831298828, "raw_occupancy": 0, "timestamp": "2026-09-15 19:35:34" }, "geometry": { "type": "Point", "coordinates": [ 23.315570831298828, 42.718921661376953 ] } },
{ "type": "Feature", "properties": { "vehicle_id": "A3133", "latitude": 42.705780029296875, "longitude": 23.317651748657227, "raw_occupancy": 0, "timestamp": "2026-09-15 19:35:34" }, "geometry": { "type": "Point", "coordinates": [ 23.317651748657227, 42.705780029296875 ] } },
{ "type": "Feature", "properties": { "vehicle_id": "A3626", "latitude": 42.658420562744141, "longitude": 23.348464965820312, "raw_occupancy": 3, "timestamp": "2026-09-15 19:35:34" }, "geometry": { "type": "Point", "coordinates": [ 23.348464965820312, 42.658420562744141 ] } },
{ "type": "Feature", "properties": { "vehicle_id": "A1184", "latitude": 42.674846649169922, "longitude": 23.30885124206543, "raw_occupancy": 1, "timestamp": "2026-09-15 19:35:34" }, "geometry": { "type": "Point", "coordinates": [ 23.30885124206543, 42.674846649169922 ] } },
{ "type": "Feature", "properties": { "vehicle_id": "A1174", "latitude": 42.669212341308594, "longitude": 23.254655838012695, "raw_occupancy": 0, "timestamp": "2026-09-15 19:35:34" }, "geometry": { "type": "Point", "coordinates": [ 23.254655838012695, 42.669212341308594 ] } },
{ "type": "Feature", "properties": { "vehicle_id": "A7121", "latitude": 42.769191741943359, "longitude": 23.404882431030273, "raw_occupancy": 1, "timestamp": "2026-09-15 19:35:34" }, "geometry": { "type": "Point", "coordinates": [ 23.404882431030273, 42.769191741943359 ] } },
{ "type": "Feature", "properties": { "vehicle_id": "A2048", "latitude": 42.668712615966797, "longitude": 23.366899490356445, "raw_occupancy": 1, "timestamp": "2026-09-15 19:35:34" }, "geometry": { "type": "Point", "coordinates": [ 23.366899490356445, 42.668712615966797 ] } },
{ "type": "Feature", "properties": { "vehicle_id": "A7079", "latitude": 42.709712982177734, "longitude": 23.345649719238281, "raw_occupancy": 1, "timestamp": "2026-09-15 19:35:34" }, "geometry": { "type": "Point", "coordinates": [ 23.345649719238281, 42.709712982177734 ] } },
{ "type": "Feature", "properties": { "vehicle_id": "A3600", "latitude": 42.658031463623047, "longitude": 23.465940475463867, "raw_occupancy": 0, "timestamp": "2026-09-15 19:35:34" }, "geometry": { "type": "Point", "coordinates": [ 23.465940475463867, 42.658031463623047 ] } },
{ "type": "Feature", "properties": { "vehicle_id": "A1837", "latitude": 42.743476867675781, "longitude": 23.269796371459961, "raw_occupancy": 2, "timestamp": "2026-09-15 19:35:34" }, "geometry": { "type": "Point", "coordinates": [ 23.269796371459961, 42.743476867675781 ] } },
{ "type": "Feature", "properties": { "vehicle_id": "A3603", "latitude": 42.653511047363281, "longitude": 23.465921401977539, "raw_occupancy": 1, "timestamp": "2026-09-15 19:35:34" }, "geometry": { "type": "Point", "coordinates": [ 23.465921401977539, 42.653511047363281 ] } },
{ "type": "Feature", "properties": { "vehicle_id": "A1181", "latitude": 42.738277435302734, "longitude": 23.316720962524414, "raw_occupancy": 0, "timestamp": "2026-09-15 19:35:34" }, "geometry": { "type": "Point", "coordinates": [ 23.316720962524414, 42.738277435302734 ] } },
{ "type": "Feature", "properties": { "vehicle_id": "A2057", "latitude": 42.556831359863281, "longitude": 23.450363159179688, "raw_occupancy": 0, "timestamp": "2026-09-15 19:35:34" }, "geometry": { "type": "Point", "coordinates": [ 23.450363159179688, 42.556831359863281 ] } },
{ "type": "Feature", "properties": { "vehicle_id": "A3120", "latitude": 42.697696685791016, "longitude": 23.353681564331055, "raw_occupancy": 2, "timestamp": "2026-09-15 19:35:34" }, "geometry": { "type": "Point", "coordinates": [ 23.353681564331055, 42.697696685791016 ] } },
{ "type": "Feature", "properties": { "vehicle_id": "A2020", "latitude": 42.642963409423828, "longitude": 23.342266082763672, "raw_occupancy": 0, "timestamp": "2026-09-15 19:35:34" }, "geometry": { "type": "Point", "coordinates": [ 23.342266082763672, 42.642963409423828 ] } },
{ "type": "Feature", "properties": { "vehicle_id": "A7161", "latitude": 42.757575988769531, "longitude": 23.32136344909668, "raw_occupancy": 5, "timestamp": "2026-09-15 19:35:34" }, "geometry": { "type": "Point", "coordinates": [ 23.32136344909668, 42.757575988769531 ] } },
{ "type": "Feature", "properties": { "vehicle_id": "A3400", "latitude": 42.658988952636719, "longitude": 23.387828826904297, "raw_occupancy": 2, "timestamp": "2026-09-15 19:35:34" }, "geometry": { "type": "Point", "coordinates": [ 23.387828826904297, 42.658988952636719 ] } },
{ "type": "Feature", "properties": { "vehicle_id": "A2519", "latitude": 42.691963195800781, "longitude": 23.34208869934082, "raw_occupancy": 3, "timestamp": "2026-09-15 19:35:34" }, "geometry": { "type": "Point", "coordinates": [ 23.34208869934082, 42.691963195800781 ] } },
{ "type": "Feature", "properties": { "vehicle_id": "A2033", "latitude": 42.656723022460938, "longitude": 23.326356887817383, "raw_occupancy": 0, "timestamp": "2026-09-15 19:35:34" }, "geometry": { "type": "Point", "coordinates": [ 23.326356887817383, 42.656723022460938 ] } },
{ "type": "Feature", "properties": { "vehicle_id": "A3407", "latitude": 42.685302734375, "longitude": 23.328733444213867, "raw_occupancy": 1, "timestamp": "2026-09-15 19:35:34" }, "geometry": { "type": "Point", "coordinates": [ 23.328733444213867, 42.685302734375 ] } },
{ "type": "Feature", "properties": { "vehicle_id": "A2516", "latitude": 42.657302856445312, "longitude": 23.315971374511719, "raw_occupancy": 3, "timestamp": "2026-09-15 19:35:34" }, "geometry": { "type": "Point", "coordinates": [ 23.315971374511719, 42.657302856445312 ] } },
{ "type": "Feature", "properties": { "vehicle_id": "A1187", "latitude": 42.701770782470703, "longitude": 23.297683715820312, "raw_occupancy": 1, "timestamp": "2026-09-15 19:35:34" }, "geometry": { "type": "Point", "coordinates": [ 23.297683715820312, 42.701770782470703 ] } },
{ "type": "Feature", "properties": { "vehicle_id": "A7139", "latitude": 42.738746643066406, "longitude": 23.509540557861328, "raw_occupancy": 2, "timestamp": "2026-09-15 19:35:34" }, "geometry": { "type": "Point", "coordinates": [ 23.509540557861328, 42.738746643066406 ] } },
{ "type": "Feature", "properties": { "vehicle_id": "A2308", "latitude": 42.663406372070312, "longitude": 23.357662200927734, "raw_occupancy": 1, "timestamp": "2026-09-15 19:35:34" }, "geometry": { "type": "Point", "coordinates": [ 23.357662200927734, 42.663406372070312 ] } },
{ "type": "Feature", "properties": { "vehicle_id": "A3141", "latitude": 42.682891845703125, "longitude": 23.321508407592773, "raw_occupancy": 1, "timestamp": "2026-09-15 19:35:34" }, "geometry": { "type": "Point", "coordinates": [ 23.321508407592773, 42.682891845703125 ] } },
{ "type": "Feature", "properties": { "vehicle_id": "A1314", "latitude": 42.64202880859375, "longitude": 23.222976684570312, "raw_occupancy": 0, "timestamp": "2026-09-15 19:35:34" }, "geometry": { "type": "Point", "coordinates": [ 23.222976684570312, 42.64202880859375 ] } },
{ "type": "Feature", "properties": { "vehicle_id": "A1602", "latitude": 42.665851593017578, "longitude": 23.259136199951172, "raw_occupancy": 1, "timestamp": "2026-09-15 19:35:34" }, "geometry": { "type": "Point", "coordinates": [ 23.259136199951172, 42.665851593017578 ] } },
{ "type": "Feature", "properties": { "vehicle_id": "A3131", "latitude": 42.630809783935547, "longitude": 23.375022888183594, "raw_occupancy": 1, "timestamp": "2026-09-15 19:35:34" }, "geometry": { "type": "Point", "coordinates": [ 23.375022888183594, 42.630809783935547 ] } },
{ "type": "Feature", "properties": { "vehicle_id": "A2087", "latitude": 42.745975494384766, "longitude": 23.269393920898438, "raw_occupancy": 0, "timestamp": "2026-09-15 19:35:34" }, "geometry": { "type": "Point", "coordinates": [ 23.269393920898438, 42.745975494384766 ] } },
{ "type": "Feature", "properties": { "vehicle_id": "A1305", "latitude": 42.671810150146484, "longitude": 23.251594543457031, "raw_occupancy": 1, "timestamp": "2026-09-15 19:35:34" }, "geometry": { "type": "Point", "coordinates": [ 23.251594543457031, 42.671810150146484 ] } },
{ "type": "Feature", "properties": { "vehicle_id": "A3620", "latitude": 42.644428253173828, "longitude": 23.378776550292969, "raw_occupancy": 1, "timestamp": "2026-09-15 19:35:34" }, "geometry": { "type": "Point", "coordinates": [ 23.378776550292969, 42.644428253173828 ] } },
{ "type": "Feature", "properties": { "vehicle_id": "A2053", "latitude": 42.685005187988281, "longitude": 23.34520149230957, "raw_occupancy": 1, "timestamp": "2026-09-15 19:35:34" }, "geometry": { "type": "Point", "coordinates": [ 23.34520149230957, 42.685005187988281 ] } },
{ "type": "Feature", "properties": { "vehicle_id": "A2027", "latitude": 42.70440673828125, "longitude": 23.366737365722656, "raw_occupancy": 1, "timestamp": "2026-09-15 19:35:34" }, "geometry": { "type": "Point", "coordinates": [ 23.366737365722656, 42.70440673828125 ] } },
{ "type": "Feature", "properties": { "vehicle_id": "A1226", "latitude": 42.637218475341797, "longitude": 23.372564315795898, "raw_occupancy": 1, "timestamp": "2026-09-15 19:35:34" }, "geometry": { "type": "Point", "coordinates": [ 23.372564315795898, 42.637218475341797 ] } },
{ "type": "Feature", "properties": { "vehicle_id": "A7171", "latitude": 42.720928192138672, "longitude": 23.240663528442383, "raw_occupancy": 1, "timestamp": "2026-09-15 19:35:34" }, "geometry": { "type": "Point", "coordinates": [ 23.240663528442383, 42.720928192138672 ] } },
{ "type": "Feature", "properties": { "vehicle_id": "A7099", "latitude": 42.788455963134766, "longitude": 23.32737922668457, "raw_occupancy": 1, "timestamp": "2026-09-15 19:35:34" }, "geometry": { "type": "Point", "coordinates": [ 23.32737922668457, 42.788455963134766 ] } },
{ "type": "Feature", "properties": { "vehicle_id": "A7101", "latitude": 42.742225646972656, "longitude": 23.277679443359375, "raw_occupancy": 2, "timestamp": "2026-09-15 19:35:34" }, "geometry": { "type": "Point", "coordinates": [ 23.277679443359375, 42.742225646972656 ] } },
{ "type": "Feature", "properties": { "vehicle_id": "A1426", "latitude": 42.642433166503906, "longitude": 23.310091018676758, "raw_occupancy": 2, "timestamp": "2026-09-15 19:35:34" }, "geometry": { "type": "Point", "coordinates": [ 23.310091018676758, 42.642433166503906 ] } },
{ "type": "Feature", "properties": { "vehicle_id": "A2077", "latitude": 42.818519592285156, "longitude": 23.356489181518555, "raw_occupancy": 0, "timestamp": "2026-09-15 19:35:34" }, "geometry": { "type": "Point", "coordinates": [ 23.356489181518555, 42.818519592285156 ] } },
{ "type": "Feature", "properties": { "vehicle_id": "A2009", "latitude": 42.653591156005859, "longitude": 23.347267150878906, "raw_occupancy": 3, "timestamp": "2026-09-15 19:35:34" }, "geometry": { "type": "Point", "coordinates": [ 23.347267150878906, 42.653591156005859 ] } },
{ "type": "Feature", "properties": { "vehicle_id": "A7071", "latitude": 42.746417999267578, "longitude": 23.28080940246582, "raw_occupancy": 0, "timestamp": "2026-09-15 19:35:34" }, "geometry": { "type": "Point", "coordinates": [ 23.28080940246582, 42.746417999267578 ] } },
{ "type": "Feature", "properties": { "vehicle_id": "A1319", "latitude": 42.633853912353516, "longitude": 23.194906234741211, "raw_occupancy": 1, "timestamp": "2026-09-15 19:35:34" }, "geometry": { "type": "Point", "coordinates": [ 23.194906234741211, 42.633853912353516 ] } },
{ "type": "Feature", "properties": { "vehicle_id": "A1166", "latitude": 42.731979370117188, "longitude": 23.313533782958984, "raw_occupancy": 0, "timestamp": "2026-09-15 19:35:34" }, "geometry": { "type": "Point", "coordinates": [ 23.313533782958984, 42.731979370117188 ] } },
{ "type": "Feature", "properties": { "vehicle_id": "A7043", "latitude": 42.803550720214844, "longitude": 23.344743728637695, "raw_occupancy": 2, "timestamp": "2026-09-15 19:35:34" }, "geometry": { "type": "Point", "coordinates": [ 23.344743728637695, 42.803550720214844 ] } },
{ "type": "Feature", "properties": { "vehicle_id": "A7143", "latitude": 42.772373199462891, "longitude": 23.440631866455078, "raw_occupancy": 0, "timestamp": "2026-09-15 19:35:34" }, "geometry": { "type": "Point", "coordinates": [ 23.440631866455078, 42.772373199462891 ] } },
{ "type": "Feature", "properties": { "vehicle_id": "A3613", "latitude": 42.665855407714844, "longitude": 23.416112899780273, "raw_occupancy": 0, "timestamp": "2026-09-15 19:35:34" }, "geometry": { "type": "Point", "coordinates": [ 23.416112899780273, 42.665855407714844 ] } },
{ "type": "Feature", "properties": { "vehicle_id": "A2825", "latitude": 42.707145690917969, "longitude": 23.29957389831543, "raw_occupancy": 1, "timestamp": "2026-09-15 19:35:34" }, "geometry": { "type": "Point", "coordinates": [ 23.29957389831543, 42.707145690917969 ] } },
{ "type": "Feature", "properties": { "vehicle_id": "A1188", "latitude": 42.657577514648438, "longitude": 23.336822509765625, "raw_occupancy": 1, "timestamp": "2026-09-15 19:35:34" }, "geometry": { "type": "Point", "coordinates": [ 23.336822509765625, 42.657577514648438 ] } },
{ "type": "Feature", "properties": { "vehicle_id": "A2076", "latitude": 42.578010559082031, "longitude": 23.414894104003906, "raw_occupancy": 1, "timestamp": "2026-09-15 19:35:34" }, "geometry": { "type": "Point", "coordinates": [ 23.414894104003906, 42.578010559082031 ] } },
{ "type": "Feature", "properties": { "vehicle_id": "A2507", "latitude": 42.689140319824219, "longitude": 23.297916412353516, "raw_occupancy": 3, "timestamp": "2026-09-15 19:35:34" }, "geometry": { "type": "Point", "coordinates": [ 23.297916412353516, 42.689140319824219 ] } },
{ "type": "Feature", "properties": { "vehicle_id": "A3110", "latitude": 42.666660308837891, "longitude": 23.300872802734375, "raw_occupancy": 1, "timestamp": "2026-09-15 19:35:34" }, "geometry": { "type": "Point", "coordinates": [ 23.300872802734375, 42.666660308837891 ] } },
{ "type": "Feature", "properties": { "vehicle_id": "A2035", "latitude": 42.688819885253906, "longitude": 23.334112167358398, "raw_occupancy": 0, "timestamp": "2026-09-15 19:35:34" }, "geometry": { "type": "Point", "coordinates": [ 23.334112167358398, 42.688819885253906 ] } },
{ "type": "Feature", "properties": { "vehicle_id": "A2003", "latitude": 42.716152191162109, "longitude": 23.23729133605957, "raw_occupancy": 0, "timestamp": "2026-09-15 19:35:34" }, "geometry": { "type": "Point", "coordinates": [ 23.23729133605957, 42.716152191162109 ] } },
{ "type": "Feature", "properties": { "vehicle_id": "A3625", "latitude": 42.672008514404297, "longitude": 23.428501129150391, "raw_occupancy": 1, "timestamp": "2026-09-15 19:35:34" }, "geometry": { "type": "Point", "coordinates": [ 23.428501129150391, 42.672008514404297 ] } },
{ "type": "Feature", "properties": { "vehicle_id": "A1313", "latitude": 42.649459838867188, "longitude": 23.264471054077148, "raw_occupancy": 1, "timestamp": "2026-09-15 19:35:34" }, "geometry": { "type": "Point", "coordinates": [ 23.264471054077148, 42.649459838867188 ] } },
{ "type": "Feature", "properties": { "vehicle_id": "A3122", "latitude": 42.661159515380859, "longitude": 23.351457595825195, "raw_occupancy": 1, "timestamp": "2026-09-15 19:35:34" }, "geometry": { "type": "Point", "coordinates": [ 23.351457595825195, 42.661159515380859 ] } },
{ "type": "Feature", "properties": { "vehicle_id": "A2044", "latitude": 42.692928314208984, "longitude": 23.351484298706055, "raw_occupancy": 2, "timestamp": "2026-09-15 19:35:34" }, "geometry": { "type": "Point", "coordinates": [ 23.351484298706055, 42.692928314208984 ] } },
{ "type": "Feature", "properties": { "vehicle_id": "A7059", "latitude": 42.754806518554688, "longitude": 23.558462142944336, "raw_occupancy": 1, "timestamp": "2026-09-15 19:35:34" }, "geometry": { "type": "Point", "coordinates": [ 23.558462142944336, 42.754806518554688 ] } },
{ "type": "Feature", "properties": { "vehicle_id": "A2082", "latitude": 42.611831665039062, "longitude": 23.339330673217773, "raw_occupancy": 2, "timestamp": "2026-09-15 19:35:34" }, "geometry": { "type": "Point", "coordinates": [ 23.339330673217773, 42.611831665039062 ] } },
{ "type": "Feature", "properties": { "vehicle_id": "A7191", "latitude": 42.708553314208984, "longitude": 23.33445930480957, "raw_occupancy": 1, "timestamp": "2026-09-15 19:35:34" }, "geometry": { "type": "Point", "coordinates": [ 23.33445930480957, 42.708553314208984 ] } },
{ "type": "Feature", "properties": { "vehicle_id": "A7147", "latitude": 42.726394653320312, "longitude": 23.261617660522461, "raw_occupancy": 1, "timestamp": "2026-09-15 19:35:34" }, "geometry": { "type": "Point", "coordinates": [ 23.261617660522461, 42.726394653320312 ] } },
{ "type": "Feature", "properties": { "vehicle_id": "A1861", "latitude": 42.718307495117188, "longitude": 23.227972030639648, "raw_occupancy": 2, "timestamp": "2026-09-15 19:35:34" }, "geometry": { "type": "Point", "coordinates": [ 23.227972030639648, 42.718307495117188 ] } },
{ "type": "Feature", "properties": { "vehicle_id": "A1186", "latitude": 42.676322937011719, "longitude": 23.33357048034668, "raw_occupancy": 2, "timestamp": "2026-09-15 19:35:34" }, "geometry": { "type": "Point", "coordinates": [ 23.33357048034668, 42.676322937011719 ] } },
{ "type": "Feature", "properties": { "vehicle_id": "A3015", "latitude": 42.671463012695312, "longitude": 23.382253646850586, "raw_occupancy": 1, "timestamp": "2026-09-15 19:35:34" }, "geometry": { "type": "Point", "coordinates": [ 23.382253646850586, 42.671463012695312 ] } },
{ "type": "Feature", "properties": { "vehicle_id": "A3402", "latitude": 42.659812927246094, "longitude": 23.348049163818359, "raw_occupancy": 3, "timestamp": "2026-09-15 19:35:34" }, "geometry": { "type": "Point", "coordinates": [ 23.348049163818359, 42.659812927246094 ] } },
{ "type": "Feature", "properties": { "vehicle_id": "A3139", "latitude": 42.661758422851562, "longitude": 23.391347885131836, "raw_occupancy": 1, "timestamp": "2026-09-15 19:35:34" }, "geometry": { "type": "Point", "coordinates": [ 23.391347885131836, 42.661758422851562 ] } },
{ "type": "Feature", "properties": { "vehicle_id": "A1308", "latitude": 42.628501892089844, "longitude": 23.195699691772461, "raw_occupancy": 1, "timestamp": "2026-09-15 19:35:34" }, "geometry": { "type": "Point", "coordinates": [ 23.195699691772461, 42.628501892089844 ] } },
{ "type": "Feature", "properties": { "vehicle_id": "A3637", "latitude": 42.656002044677734, "longitude": 23.359224319458008, "raw_occupancy": 1, "timestamp": "2026-09-15 19:35:34" }, "geometry": { "type": "Point", "coordinates": [ 23.359224319458008, 42.656002044677734 ] } },
{ "type": "Feature", "properties": { "vehicle_id": "A2006", "latitude": 42.704353332519531, "longitude": 23.327356338500977, "raw_occupancy": 1, "timestamp": "2026-09-15 19:35:34" }, "geometry": { "type": "Point", "coordinates": [ 23.327356338500977, 42.704353332519531 ] } },
{ "type": "Feature", "properties": { "vehicle_id": "A2807", "latitude": 42.713836669921875, "longitude": 23.307571411132812, "raw_occupancy": 1, "timestamp": "2026-09-15 19:35:34" }, "geometry": { "type": "Point", "coordinates": [ 23.307571411132812, 42.713836669921875 ] } },
{ "type": "Feature", "properties": { "vehicle_id": "A2069", "latitude": 42.599414825439453, "longitude": 23.499666213989258, "raw_occupancy": 0, "timestamp": "2026-09-15 19:35:34" }, "geometry": { "type": "Point", "coordinates": [ 23.499666213989258, 42.599414825439453 ] } },
{ "type": "Feature", "properties": { "vehicle_id": "A2814", "latitude": 42.616317749023438, "longitude": 23.401317596435547, "raw_occupancy": 1, "timestamp": "2026-09-15 19:35:34" }, "geometry": { "type": "Point", "coordinates": [ 23.401317596435547, 42.616317749023438 ] } },
{ "type": "Feature", "properties": { "vehicle_id": "A1612", "latitude": 42.652427673339844, "longitude": 23.404356002807617, "raw_occupancy": 0, "timestamp": "2026-09-15 19:35:34" }, "geometry": { "type": "Point", "coordinates": [ 23.404356002807617, 42.652427673339844 ] } },
{ "type": "Feature", "properties": { "vehicle_id": "A3109", "latitude": 42.704677581787109, "longitude": 23.332313537597656, "raw_occupancy": 1, "timestamp": "2026-09-15 19:35:34" }, "geometry": { "type": "Point", "coordinates": [ 23.332313537597656, 42.704677581787109 ] } },
{ "type": "Feature", "properties": { "vehicle_id": "A3149", "latitude": 42.688556671142578, "longitude": 23.340341567993164, "raw_occupancy": 2, "timestamp": "2026-09-15 19:35:34" }, "geometry": { "type": "Point", "coordinates": [ 23.340341567993164, 42.688556671142578 ] } },
{ "type": "Feature", "properties": { "vehicle_id": "A7045", "latitude": 42.709743499755859, "longitude": 23.313653945922852, "raw_occupancy": 1, "timestamp": "2026-09-15 19:35:34" }, "geometry": { "type": "Point", "coordinates": [ 23.313653945922852, 42.709743499755859 ] } },
{ "type": "Feature", "properties": { "vehicle_id": "A2074", "latitude": 42.598857879638672, "longitude": 23.404958724975586, "raw_occupancy": 1, "timestamp": "2026-09-15 19:35:34" }, "geometry": { "type": "Point", "coordinates": [ 23.404958724975586, 42.598857879638672 ] } },
{ "type": "Feature", "properties": { "vehicle_id": "A1609", "latitude": 42.694141387939453, "longitude": 23.294565200805664, "raw_occupancy": 1, "timestamp": "2026-09-15 19:35:34" }, "geometry": { "type": "Point", "coordinates": [ 23.294565200805664, 42.694141387939453 ] } },
{ "type": "Feature", "properties": { "vehicle_id": "A7169", "latitude": 42.778453826904297, "longitude": 23.521486282348633, "raw_occupancy": 0, "timestamp": "2026-09-15 19:35:34" }, "geometry": { "type": "Point", "coordinates": [ 23.521486282348633, 42.778453826904297 ] } },
{ "type": "Feature", "properties": { "vehicle_id": "A1163", "latitude": 42.719215393066406, "longitude": 23.254486083984375, "raw_occupancy": 0, "timestamp": "2026-09-15 19:35:34" }, "geometry": { "type": "Point", "coordinates": [ 23.254486083984375, 42.719215393066406 ] } },
{ "type": "Feature", "properties": { "vehicle_id": "A1421", "latitude": 42.649482727050781, "longitude": 23.276544570922852, "raw_occupancy": 0, "timestamp": "2026-09-15 19:35:34" }, "geometry": { "type": "Point", "coordinates": [ 23.276544570922852, 42.649482727050781 ] } },
{ "type": "Feature", "properties": { "vehicle_id": "A1301", "latitude": 42.599311828613281, "longitude": 23.162233352661133, "raw_occupancy": 1, "timestamp": "2026-09-15 19:35:34" }, "geometry": { "type": "Point", "coordinates": [ 23.162233352661133, 42.599311828613281 ] } },
{ "type": "Feature", "properties": { "vehicle_id": "A2036", "latitude": 42.666675567626953, "longitude": 23.337638854980469, "raw_occupancy": 1, "timestamp": "2026-09-15 19:35:34" }, "geometry": { "type": "Point", "coordinates": [ 23.337638854980469, 42.666675567626953 ] } },
{ "type": "Feature", "properties": { "vehicle_id": "A3617", "latitude": 42.6826171875, "longitude": 23.301681518554688, "raw_occupancy": 1, "timestamp": "2026-09-15 19:35:34" }, "geometry": { "type": "Point", "coordinates": [ 23.301681518554688, 42.6826171875 ] } },
{ "type": "Feature", "properties": { "vehicle_id": "A3119", "latitude": 42.641685485839844, "longitude": 23.334678649902344, "raw_occupancy": 0, "timestamp": "2026-09-15 19:35:34" }, "geometry": { "type": "Point", "coordinates": [ 23.334678649902344, 42.641685485839844 ] } },
{ "type": "Feature", "properties": { "vehicle_id": "A1823", "latitude": 42.716297149658203, "longitude": 23.237951278686523, "raw_occupancy": 0, "timestamp": "2026-09-15 19:35:34" }, "geometry": { "type": "Point", "coordinates": [ 23.237951278686523, 42.716297149658203 ] } },
{ "type": "Feature", "properties": { "vehicle_id": "A1010", "latitude": 42.649749755859375, "longitude": 23.332998275756836, "raw_occupancy": 1, "timestamp": "2026-09-15 19:35:34" }, "geometry": { "type": "Point", "coordinates": [ 23.332998275756836, 42.649749755859375 ] } },
{ "type": "Feature", "properties": { "vehicle_id": "A7175", "latitude": 42.705257415771484, "longitude": 23.333646774291992, "raw_occupancy": 1, "timestamp": "2026-09-15 19:35:34" }, "geometry": { "type": "Point", "coordinates": [ 23.333646774291992, 42.705257415771484 ] } },
{ "type": "Feature", "properties": { "vehicle_id": "A1176", "latitude": 42.708759307861328, "longitude": 23.318149566650391, "raw_occupancy": 0, "timestamp": "2026-09-15 19:35:34" }, "geometry": { "type": "Point", "coordinates": [ 23.318149566650391, 42.708759307861328 ] } },
{ "type": "Feature", "properties": { "vehicle_id": "A2046", "latitude": 42.723625183105469, "longitude": 23.258380889892578, "raw_occupancy": 1, "timestamp": "2026-09-15 19:35:34" }, "geometry": { "type": "Point", "coordinates": [ 23.258380889892578, 42.723625183105469 ] } },
{ "type": "Feature", "properties": { "vehicle_id": "A2047", "latitude": 42.797565460205078, "longitude": 23.340080261230469, "raw_occupancy": 1, "timestamp": "2026-09-15 19:35:34" }, "geometry": { "type": "Point", "coordinates": [ 23.340080261230469, 42.797565460205078 ] } },
{ "type": "Feature", "properties": { "vehicle_id": "A2018", "latitude": 42.661952972412109, "longitude": 23.345809936523438, "raw_occupancy": 2, "timestamp": "2026-09-15 19:35:34" }, "geometry": { "type": "Point", "coordinates": [ 23.345809936523438, 42.661952972412109 ] } },
{ "type": "Feature", "properties": { "vehicle_id": "A1425", "latitude": 42.638923645019531, "longitude": 23.371261596679688, "raw_occupancy": 1, "timestamp": "2026-09-15 19:35:34" }, "geometry": { "type": "Point", "coordinates": [ 23.371261596679688, 42.638923645019531 ] } },
{ "type": "Feature", "properties": { "vehicle_id": "A3124", "latitude": 42.631107330322266, "longitude": 23.375040054321289, "raw_occupancy": 1, "timestamp": "2026-09-15 19:35:34" }, "geometry": { "type": "Point", "coordinates": [ 23.375040054321289, 42.631107330322266 ] } },
{ "type": "Feature", "properties": { "vehicle_id": "A2017", "latitude": 42.722129821777344, "longitude": 23.307334899902344, "raw_occupancy": 0, "timestamp": "2026-09-15 19:35:34" }, "geometry": { "type": "Point", "coordinates": [ 23.307334899902344, 42.722129821777344 ] } },
{ "type": "Feature", "properties": { "vehicle_id": "A1835", "latitude": 42.718570709228516, "longitude": 23.175302505493164, "raw_occupancy": 1, "timestamp": "2026-09-15 19:35:34" }, "geometry": { "type": "Point", "coordinates": [ 23.175302505493164, 42.718570709228516 ] } },
{ "type": "Feature", "properties": { "vehicle_id": "A2024", "latitude": 42.646373748779297, "longitude": 23.345357894897461, "raw_occupancy": 0, "timestamp": "2026-09-15 19:35:34" }, "geometry": { "type": "Point", "coordinates": [ 23.345357894897461, 42.646373748779297 ] } },
{ "type": "Feature", "properties": { "vehicle_id": "A1408", "latitude": 42.645462036132812, "longitude": 23.271772384643555, "raw_occupancy": 1, "timestamp": "2026-09-15 19:35:34" }, "geometry": { "type": "Point", "coordinates": [ 23.271772384643555, 42.645462036132812 ] } },
{ "type": "Feature", "properties": { "vehicle_id": "A2041", "latitude": 42.713973999023438, "longitude": 23.245599746704102, "raw_occupancy": 0, "timestamp": "2026-09-15 19:35:34" }, "geometry": { "type": "Point", "coordinates": [ 23.245599746704102, 42.713973999023438 ] } },
{ "type": "Feature", "properties": { "vehicle_id": "A2058", "latitude": 42.683425903320312, "longitude": 23.315082550048828, "raw_occupancy": 2, "timestamp": "2026-09-15 19:35:34" }, "geometry": { "type": "Point", "coordinates": [ 23.315082550048828, 42.683425903320312 ] } },
{ "type": "Feature", "properties": { "vehicle_id": "A2014", "latitude": 42.709033966064453, "longitude": 23.399131774902344, "raw_occupancy": 1, "timestamp": "2026-09-15 19:35:34" }, "geometry": { "type": "Point", "coordinates": [ 23.399131774902344, 42.709033966064453 ] } },
{ "type": "Feature", "properties": { "vehicle_id": "A2165", "latitude": 42.725215911865234, "longitude": 23.292030334472656, "raw_occupancy": 2, "timestamp": "2026-09-15 19:35:34" }, "geometry": { "type": "Point", "coordinates": [ 23.292030334472656, 42.725215911865234 ] } },
{ "type": "Feature", "properties": { "vehicle_id": "A2070", "latitude": 42.667892456054688, "longitude": 23.369058609008789, "raw_occupancy": 1, "timestamp": "2026-09-15 19:35:34" }, "geometry": { "type": "Point", "coordinates": [ 23.369058609008789, 42.667892456054688 ] } },
{ "type": "Feature", "properties": { "vehicle_id": "A2075", "latitude": 42.615550994873047, "longitude": 23.45909309387207, "raw_occupancy": 0, "timestamp": "2026-09-15 19:35:34" }, "geometry": { "type": "Point", "coordinates": [ 23.45909309387207, 42.615550994873047 ] } },
{ "type": "Feature", "properties": { "vehicle_id": "A1610", "latitude": 42.687705993652344, "longitude": 23.231874465942383, "raw_occupancy": 0, "timestamp": "2026-09-15 19:35:34" }, "geometry": { "type": "Point", "coordinates": [ 23.231874465942383, 42.687705993652344 ] } },
{ "type": "Feature", "properties": { "vehicle_id": "A3102", "latitude": 42.704936981201172, "longitude": 23.333885192871094, "raw_occupancy": 1, "timestamp": "2026-09-15 19:35:34" }, "geometry": { "type": "Point", "coordinates": [ 23.333885192871094, 42.704936981201172 ] } },
{ "type": "Feature", "properties": { "vehicle_id": "A1127", "latitude": 42.737472534179688, "longitude": 23.243061065673828, "raw_occupancy": 1, "timestamp": "2026-09-15 19:35:34" }, "geometry": { "type": "Point", "coordinates": [ 23.243061065673828, 42.737472534179688 ] } },
{ "type": "Feature", "properties": { "vehicle_id": "A3319", "latitude": 42.686084747314453, "longitude": 23.351217269897461, "raw_occupancy": 2, "timestamp": "2026-09-15 19:35:34" }, "geometry": { "type": "Point", "coordinates": [ 23.351217269897461, 42.686084747314453 ] } },
{ "type": "Feature", "properties": { "vehicle_id": "A3142", "latitude": 42.669315338134766, "longitude": 23.399808883666992, "raw_occupancy": 1, "timestamp": "2026-09-15 19:35:34" }, "geometry": { "type": "Point", "coordinates": [ 23.399808883666992, 42.669315338134766 ] } },
{ "type": "Feature", "properties": { "vehicle_id": "A2727", "latitude": 42.821914672851562, "longitude": 23.353916168212891, "raw_occupancy": 1, "timestamp": "2026-09-15 19:35:34" }, "geometry": { "type": "Point", "coordinates": [ 23.353916168212891, 42.821914672851562 ] } },
{ "type": "Feature", "properties": { "vehicle_id": "A2065", "latitude": 42.765518188476562, "longitude": 23.356260299682617, "raw_occupancy": 0, "timestamp": "2026-09-15 19:35:34" }, "geometry": { "type": "Point", "coordinates": [ 23.356260299682617, 42.765518188476562 ] } },
{ "type": "Feature", "properties": { "vehicle_id": "A3633", "latitude": 42.582706451416016, "longitude": 23.424381256103516, "raw_occupancy": 0, "timestamp": "2026-09-15 19:35:34" }, "geometry": { "type": "Point", "coordinates": [ 23.424381256103516, 42.582706451416016 ] } },
{ "type": "Feature", "properties": { "vehicle_id": "A7119", "latitude": 42.737926483154297, "longitude": 23.317569732666016, "raw_occupancy": 1, "timestamp": "2026-09-15 19:35:34" }, "geometry": { "type": "Point", "coordinates": [ 23.317569732666016, 42.737926483154297 ] } },
{ "type": "Feature", "properties": { "vehicle_id": "A1424", "latitude": 42.720287322998047, "longitude": 23.25377082824707, "raw_occupancy": 1, "timestamp": "2026-09-15 19:35:34" }, "geometry": { "type": "Point", "coordinates": [ 23.25377082824707, 42.720287322998047 ] } },
{ "type": "Feature", "properties": { "vehicle_id": "A1037", "latitude": 42.637088775634766, "longitude": 23.33905029296875, "raw_occupancy": 2, "timestamp": "2026-09-15 19:35:34" }, "geometry": { "type": "Point", "coordinates": [ 23.33905029296875, 42.637088775634766 ] } },
{ "type": "Feature", "properties": { "vehicle_id": "A1315", "latitude": 42.645503997802734, "longitude": 23.314321517944336, "raw_occupancy": 1, "timestamp": "2026-09-15 19:35:34" }, "geometry": { "type": "Point", "coordinates": [ 23.314321517944336, 42.645503997802734 ] } },
{ "type": "Feature", "properties": { "vehicle_id": "A3132", "latitude": 42.630630493164062, "longitude": 23.378530502319336, "raw_occupancy": 1, "timestamp": "2026-09-15 19:35:34" }, "geometry": { "type": "Point", "coordinates": [ 23.378530502319336, 42.630630493164062 ] } },
{ "type": "Feature", "properties": { "vehicle_id": "A7181", "latitude": 42.790851593017578, "longitude": 23.304649353027344, "raw_occupancy": 0, "timestamp": "2026-09-15 19:35:34" }, "geometry": { "type": "Point", "coordinates": [ 23.304649353027344, 42.790851593017578 ] } },
{ "type": "Feature", "properties": { "vehicle_id": "A2029", "latitude": 42.679962158203125, "longitude": 23.321344375610352, "raw_occupancy": 2, "timestamp": "2026-09-15 19:35:34" }, "geometry": { "type": "Point", "coordinates": [ 23.321344375610352, 42.679962158203125 ] } },
{ "type": "Feature", "properties": { "vehicle_id": "A2045", "latitude": 42.714992523193359, "longitude": 23.276695251464844, "raw_occupancy": 1, "timestamp": "2026-09-15 19:35:34" }, "geometry": { "type": "Point", "coordinates": [ 23.276695251464844, 42.714992523193359 ] } },
{ "type": "Feature", "properties": { "vehicle_id": "A3656", "latitude": 42.663093566894531, "longitude": 23.389732360839844, "raw_occupancy": 1, "timestamp": "2026-09-15 19:35:34" }, "geometry": { "type": "Point", "coordinates": [ 23.389732360839844, 42.663093566894531 ] } },
{ "type": "Feature", "properties": { "vehicle_id": "A3615", "latitude": 42.655204772949219, "longitude": 23.381429672241211, "raw_occupancy": 4, "timestamp": "2026-09-15 19:35:34" }, "geometry": { "type": "Point", "coordinates": [ 23.381429672241211, 42.655204772949219 ] } },
{ "type": "Feature", "properties": { "vehicle_id": "A2316", "latitude": 42.651695251464844, "longitude": 23.353683471679688, "raw_occupancy": 1, "timestamp": "2026-09-15 19:35:34" }, "geometry": { "type": "Point", "coordinates": [ 23.353683471679688, 42.651695251464844 ] } },
{ "type": "Feature", "properties": { "vehicle_id": "A3154", "latitude": 42.640338897705078, "longitude": 23.41325569152832, "raw_occupancy": 0, "timestamp": "2026-09-15 19:35:34" }, "geometry": { "type": "Point", "coordinates": [ 23.41325569152832, 42.640338897705078 ] } },
{ "type": "Feature", "properties": { "vehicle_id": "A3627", "latitude": 42.686664581298828, "longitude": 23.414356231689453, "raw_occupancy": 0, "timestamp": "2026-09-15 19:35:34" }, "geometry": { "type": "Point", "coordinates": [ 23.414356231689453, 42.686664581298828 ] } },
{ "type": "Feature", "properties": { "vehicle_id": "A2314", "latitude": 42.683372497558594, "longitude": 23.321123123168945, "raw_occupancy": 1, "timestamp": "2026-09-15 19:35:34" }, "geometry": { "type": "Point", "coordinates": [ 23.321123123168945, 42.683372497558594 ] } },
{ "type": "Feature", "properties": { "vehicle_id": "A3151", "latitude": 42.667770385742188, "longitude": 23.326953887939453, "raw_occupancy": 1, "timestamp": "2026-09-15 19:35:34" }, "geometry": { "type": "Point", "coordinates": [ 23.326953887939453, 42.667770385742188 ] } },
{ "type": "Feature", "properties": { "vehicle_id": "A1605", "latitude": 42.684555053710938, "longitude": 23.371854782104492, "raw_occupancy": 1, "timestamp": "2026-09-15 19:35:34" }, "geometry": { "type": "Point", "coordinates": [ 23.371854782104492, 42.684555053710938 ] } },
{ "type": "Feature", "properties": { "vehicle_id": "A7067", "latitude": 42.719173431396484, "longitude": 23.533267974853516, "raw_occupancy": 0, "timestamp": "2026-09-15 19:35:34" }, "geometry": { "type": "Point", "coordinates": [ 23.533267974853516, 42.719173431396484 ] } },
{ "type": "Feature", "properties": { "vehicle_id": "A2037", "latitude": 42.654582977294922, "longitude": 23.34950065612793, "raw_occupancy": 1, "timestamp": "2026-09-15 19:35:34" }, "geometry": { "type": "Point", "coordinates": [ 23.34950065612793, 42.654582977294922 ] } },
{ "type": "Feature", "properties": { "vehicle_id": "A1223", "latitude": 42.675792694091797, "longitude": 23.315080642700195, "raw_occupancy": 1, "timestamp": "2026-09-15 19:35:34" }, "geometry": { "type": "Point", "coordinates": [ 23.315080642700195, 42.675792694091797 ] } },
{ "type": "Feature", "properties": { "vehicle_id": "A7127", "latitude": 42.713787078857422, "longitude": 23.524124145507812, "raw_occupancy": 1, "timestamp": "2026-09-15 19:35:34" }, "geometry": { "type": "Point", "coordinates": [ 23.524124145507812, 42.713787078857422 ] } },
{ "type": "Feature", "properties": { "vehicle_id": "A3115", "latitude": 42.707050323486328, "longitude": 23.323200225830078, "raw_occupancy": 0, "timestamp": "2026-09-15 19:35:34" }, "geometry": { "type": "Point", "coordinates": [ 23.323200225830078, 42.707050323486328 ] } },
{ "type": "Feature", "properties": { "vehicle_id": "A3158", "latitude": 42.689594268798828, "longitude": 23.338623046875, "raw_occupancy": 2, "timestamp": "2026-09-15 19:35:34" }, "geometry": { "type": "Point", "coordinates": [ 23.338623046875, 42.689594268798828 ] } },
{ "type": "Feature", "properties": { "vehicle_id": "A1606", "latitude": 42.654899597167969, "longitude": 23.370143890380859, "raw_occupancy": 0, "timestamp": "2026-09-15 19:35:34" }, "geometry": { "type": "Point", "coordinates": [ 23.370143890380859, 42.654899597167969 ] } },
{ "type": "Feature", "properties": { "vehicle_id": "A2023", "latitude": 42.712409973144531, "longitude": 23.379722595214844, "raw_occupancy": 0, "timestamp": "2026-09-15 19:35:34" }, "geometry": { "type": "Point", "coordinates": [ 23.379722595214844, 42.712409973144531 ] } },
{ "type": "Feature", "properties": { "vehicle_id": "A1831", "latitude": 42.720199584960938, "longitude": 23.255182266235352, "raw_occupancy": 1, "timestamp": "2026-09-15 19:35:34" }, "geometry": { "type": "Point", "coordinates": [ 23.255182266235352, 42.720199584960938 ] } },
{ "type": "Feature", "properties": { "vehicle_id": "A2042", "latitude": 42.685054779052734, "longitude": 23.321151733398438, "raw_occupancy": 1, "timestamp": "2026-09-15 19:35:34" }, "geometry": { "type": "Point", "coordinates": [ 23.321151733398438, 42.685054779052734 ] } },
{ "type": "Feature", "properties": { "vehicle_id": "A1420", "latitude": 42.66424560546875, "longitude": 23.287233352661133, "raw_occupancy": 2, "timestamp": "2026-09-15 19:35:34" }, "geometry": { "type": "Point", "coordinates": [ 23.287233352661133, 42.66424560546875 ] } },
{ "type": "Feature", "properties": { "vehicle_id": "A1179", "latitude": 42.643569946289062, "longitude": 23.334062576293945, "raw_occupancy": 1, "timestamp": "2026-09-15 19:35:34" }, "geometry": { "type": "Point", "coordinates": [ 23.334062576293945, 42.643569946289062 ] } },
{ "type": "Feature", "properties": { "vehicle_id": "A2030", "latitude": 42.656574249267578, "longitude": 23.327690124511719, "raw_occupancy": 0, "timestamp": "2026-09-15 19:35:34" }, "geometry": { "type": "Point", "coordinates": [ 23.327690124511719, 42.656574249267578 ] } },
{ "type": "Feature", "properties": { "vehicle_id": "A2510", "latitude": 42.653167724609375, "longitude": 23.316022872924805, "raw_occupancy": 2, "timestamp": "2026-09-15 19:35:34" }, "geometry": { "type": "Point", "coordinates": [ 23.316022872924805, 42.653167724609375 ] } },
{ "type": "Feature", "properties": { "vehicle_id": "A1213", "latitude": 42.723476409912109, "longitude": 23.205600738525391, "raw_occupancy": 2, "timestamp": "2026-09-15 19:35:34" }, "geometry": { "type": "Point", "coordinates": [ 23.205600738525391, 42.723476409912109 ] } },
{ "type": "Feature", "properties": { "vehicle_id": "A2504", "latitude": 42.726783752441406, "longitude": 23.252754211425781, "raw_occupancy": 1, "timestamp": "2026-09-15 19:35:34" }, "geometry": { "type": "Point", "coordinates": [ 23.252754211425781, 42.726783752441406 ] } },
{ "type": "Feature", "properties": { "vehicle_id": "A1117", "latitude": 42.729358673095703, "longitude": 23.257240295410156, "raw_occupancy": 1, "timestamp": "2026-09-15 19:35:34" }, "geometry": { "type": "Point", "coordinates": [ 23.257240295410156, 42.729358673095703 ] } },
{ "type": "Feature", "properties": { "vehicle_id": "A1215", "latitude": 42.628265380859375, "longitude": 23.345188140869141, "raw_occupancy": 0, "timestamp": "2026-09-15 19:35:34" }, "geometry": { "type": "Point", "coordinates": [ 23.345188140869141, 42.628265380859375 ] } },
{ "type": "Feature", "properties": { "vehicle_id": "A3013", "latitude": 42.665538787841797, "longitude": 23.391170501708984, "raw_occupancy": 1, "timestamp": "2026-09-15 19:35:34" }, "geometry": { "type": "Point", "coordinates": [ 23.391170501708984, 42.665538787841797 ] } },
{ "type": "Feature", "properties": { "vehicle_id": "A2066", "latitude": 42.708541870117188, "longitude": 23.318307876586914, "raw_occupancy": 0, "timestamp": "2026-09-15 19:35:34" }, "geometry": { "type": "Point", "coordinates": [ 23.318307876586914, 42.708541870117188 ] } },
{ "type": "Feature", "properties": { "vehicle_id": "A2517", "latitude": 42.612277984619141, "longitude": 23.338956832885742, "raw_occupancy": 1, "timestamp": "2026-09-15 19:35:34" }, "geometry": { "type": "Point", "coordinates": [ 23.338956832885742, 42.612277984619141 ] } },
{ "type": "Feature", "properties": { "vehicle_id": "A3159", "latitude": 42.68646240234375, "longitude": 23.330215454101562, "raw_occupancy": 2, "timestamp": "2026-09-15 19:35:34" }, "geometry": { "type": "Point", "coordinates": [ 23.330215454101562, 42.68646240234375 ] } },
{ "type": "Feature", "properties": { "vehicle_id": "A1156", "latitude": 42.665390014648438, "longitude": 23.302682876586914, "raw_occupancy": 2, "timestamp": "2026-09-15 19:35:34" }, "geometry": { "type": "Point", "coordinates": [ 23.302682876586914, 42.665390014648438 ] } },
{ "type": "Feature", "properties": { "vehicle_id": "A3128", "latitude": 42.642833709716797, "longitude": 23.344472885131836, "raw_occupancy": 0, "timestamp": "2026-09-15 19:35:34" }, "geometry": { "type": "Point", "coordinates": [ 23.344472885131836, 42.642833709716797 ] } },
{ "type": "Feature", "properties": { "vehicle_id": "A2831", "latitude": 42.662361145019531, "longitude": 23.244733810424805, "raw_occupancy": 0, "timestamp": "2026-09-15 19:35:34" }, "geometry": { "type": "Point", "coordinates": [ 23.244733810424805, 42.662361145019531 ] } },
{ "type": "Feature", "properties": { "vehicle_id": "A3147", "latitude": 42.663673400878906, "longitude": 23.29072380065918, "raw_occupancy": 1, "timestamp": "2026-09-15 19:35:34" }, "geometry": { "type": "Point", "coordinates": [ 23.29072380065918, 42.663673400878906 ] } },
{ "type": "Feature", "properties": { "vehicle_id": "A7141", "latitude": 42.704547882080078, "longitude": 23.324863433837891, "raw_occupancy": 1, "timestamp": "2026-09-15 19:35:34" }, "geometry": { "type": "Point", "coordinates": [ 23.324863433837891, 42.704547882080078 ] } },
{ "type": "Feature", "properties": { "vehicle_id": "A2811", "latitude": 42.674129486083984, "longitude": 23.240146636962891, "raw_occupancy": 1, "timestamp": "2026-09-15 19:35:34" }, "geometry": { "type": "Point", "coordinates": [ 23.240146636962891, 42.674129486083984 ] } },
{ "type": "Feature", "properties": { "vehicle_id": "A3663", "latitude": 42.649253845214844, "longitude": 23.415754318237305, "raw_occupancy": 1, "timestamp": "2026-09-15 19:35:34" }, "geometry": { "type": "Point", "coordinates": [ 23.415754318237305, 42.649253845214844 ] } },
{ "type": "Feature", "properties": { "vehicle_id": "A2072", "latitude": 42.701778411865234, "longitude": 23.360004425048828, "raw_occupancy": 1, "timestamp": "2026-09-15 19:35:34" }, "geometry": { "type": "Point", "coordinates": [ 23.360004425048828, 42.701778411865234 ] } },
{ "type": "Feature", "properties": { "vehicle_id": "A1620", "latitude": 42.719409942626953, "longitude": 23.254673004150391, "raw_occupancy": 1, "timestamp": "2026-09-15 19:35:34" }, "geometry": { "type": "Point", "coordinates": [ 23.254673004150391, 42.719409942626953 ] } },
{ "type": "Feature", "properties": { "vehicle_id": "A3152", "latitude": 42.649879455566406, "longitude": 23.364145278930664, "raw_occupancy": 1, "timestamp": "2026-09-15 19:35:34" }, "geometry": { "type": "Point", "coordinates": [ 23.364145278930664, 42.649879455566406 ] } },
{ "type": "Feature", "properties": { "vehicle_id": "A2815", "latitude": 42.73980712890625, "longitude": 23.331550598144531, "raw_occupancy": 1, "timestamp": "2026-09-15 19:35:34" }, "geometry": { "type": "Point", "coordinates": [ 23.331550598144531, 42.73980712890625 ] } },
{ "type": "Feature", "properties": { "vehicle_id": "A7109", "latitude": 42.723823547363281, "longitude": 23.450855255126953, "raw_occupancy": 0, "timestamp": "2026-09-15 19:35:34" }, "geometry": { "type": "Point", "coordinates": [ 23.450855255126953, 42.723823547363281 ] } },
{ "type": "Feature", "properties": { "vehicle_id": "A2804", "latitude": 42.693187713623047, "longitude": 23.354513168334961, "raw_occupancy": 3, "timestamp": "2026-09-15 19:35:34" }, "geometry": { "type": "Point", "coordinates": [ 23.354513168334961, 42.693187713623047 ] } },
{ "type": "Feature", "properties": { "vehicle_id": "A7159", "latitude": 42.830554962158203, "longitude": 23.336690902709961, "raw_occupancy": 0, "timestamp": "2026-09-15 19:45:34" }, "geometry": { "type": "Point", "coordinates": [ 23.336690902709961, 42.830554962158203 ] } },
{ "type": "Feature", "properties": { "vehicle_id": "A1183", "latitude": 42.674831390380859, "longitude": 23.303764343261719, "raw_occupancy": 2, "timestamp": "2026-09-15 19:45:34" }, "geometry": { "type": "Point", "coordinates": [ 23.303764343261719, 42.674831390380859 ] } },
{ "type": "Feature", "properties": { "vehicle_id": "A3132", "latitude": 42.649391174316406, "longitude": 23.377824783325195, "raw_occupancy": 1, "timestamp": "2026-09-15 19:45:34" }, "geometry": { "type": "Point", "coordinates": [ 23.377824783325195, 42.649391174316406 ] } },
{ "type": "Feature", "properties": { "vehicle_id": "A2044", "latitude": 42.702747344970703, "longitude": 23.362260818481445, "raw_occupancy": 2, "timestamp": "2026-09-15 19:45:34" }, "geometry": { "type": "Point", "coordinates": [ 23.362260818481445, 42.702747344970703 ] } },
{ "type": "Feature", "properties": { "vehicle_id": "A2000", "latitude": 42.707622528076172, "longitude": 23.364315032958984, "raw_occupancy": 1, "timestamp": "2026-09-15 19:45:34" }, "geometry": { "type": "Point", "coordinates": [ 23.364315032958984, 42.707622528076172 ] } },
{ "type": "Feature", "properties": { "vehicle_id": "A3657", "latitude": 42.652347564697266, "longitude": 23.404426574707031, "raw_occupancy": 1, "timestamp": "2026-09-15 19:45:34" }, "geometry": { "type": "Point", "coordinates": [ 23.404426574707031, 42.652347564697266 ] } },
{ "type": "Feature", "properties": { "vehicle_id": "A1613", "latitude": 42.776142120361328, "longitude": 23.180290222167969, "raw_occupancy": 0, "timestamp": "2026-09-15 19:45:34" }, "geometry": { "type": "Point", "coordinates": [ 23.180290222167969, 42.776142120361328 ] } },
{ "type": "Feature", "properties": { "vehicle_id": "A1618", "latitude": 42.690113067626953, "longitude": 23.277654647827148, "raw_occupancy": 1, "timestamp": "2026-09-15 19:45:34" }, "geometry": { "type": "Point", "coordinates": [ 23.277654647827148, 42.690113067626953 ] } },
{ "type": "Feature", "properties": { "vehicle_id": "A2504", "latitude": 42.716213226318359, "longitude": 23.237319946289062, "raw_occupancy": 0, "timestamp": "2026-09-15 19:45:34" }, "geometry": { "type": "Point", "coordinates": [ 23.237319946289062, 42.716213226318359 ] } },
{ "type": "Feature", "properties": { "vehicle_id": "A3135", "latitude": 42.66302490234375, "longitude": 23.357944488525391, "raw_occupancy": 1, "timestamp": "2026-09-15 19:45:34" }, "geometry": { "type": "Point", "coordinates": [ 23.357944488525391, 42.66302490234375 ] } },
{ "type": "Feature", "properties": { "vehicle_id": "A3019", "latitude": 42.680343627929688, "longitude": 23.374652862548828, "raw_occupancy": 1, "timestamp": "2026-09-15 19:45:34" }, "geometry": { "type": "Point", "coordinates": [ 23.374652862548828, 42.680343627929688 ] } },
{ "type": "Feature", "properties": { "vehicle_id": "A1602", "latitude": 42.6961669921875, "longitude": 23.230348587036133, "raw_occupancy": 1, "timestamp": "2026-09-15 19:45:34" }, "geometry": { "type": "Point", "coordinates": [ 23.230348587036133, 42.6961669921875 ] } },
{ "type": "Feature", "properties": { "vehicle_id": "A2051", "latitude": 42.695674896240234, "longitude": 23.285011291503906, "raw_occupancy": 1, "timestamp": "2026-09-15 19:45:34" }, "geometry": { "type": "Point", "coordinates": [ 23.285011291503906, 42.695674896240234 ] } },
{ "type": "Feature", "properties": { "vehicle_id": "A7055", "latitude": 42.714057922363281, "longitude": 23.435214996337891, "raw_occupancy": 2, "timestamp": "2026-09-15 19:45:34" }, "geometry": { "type": "Point", "coordinates": [ 23.435214996337891, 42.714057922363281 ] } },
{ "type": "Feature", "properties": { "vehicle_id": "A3400", "latitude": 42.683845520019531, "longitude": 23.410221099853516, "raw_occupancy": 0, "timestamp": "2026-09-15 19:45:34" }, "geometry": { "type": "Point", "coordinates": [ 23.410221099853516, 42.683845520019531 ] } },
{ "type": "Feature", "properties": { "vehicle_id": "A7161", "latitude": 42.792037963867188, "longitude": 23.335025787353516, "raw_occupancy": 4, "timestamp": "2026-09-15 19:45:34" }, "geometry": { "type": "Point", "coordinates": [ 23.335025787353516, 42.792037963867188 ] } },
{ "type": "Feature", "properties": { "vehicle_id": "A7175", "latitude": 42.712921142578125, "longitude": 23.315275192260742, "raw_occupancy": 2, "timestamp": "2026-09-15 19:45:34" }, "geometry": { "type": "Point", "coordinates": [ 23.315275192260742, 42.712921142578125 ] } },
{ "type": "Feature", "properties": { "vehicle_id": "A3662", "latitude": 42.6634521484375, "longitude": 23.357439041137695, "raw_occupancy": 1, "timestamp": "2026-09-15 19:45:34" }, "geometry": { "type": "Point", "coordinates": [ 23.357439041137695, 42.6634521484375 ] } },
{ "type": "Feature", "properties": { "vehicle_id": "A3652", "latitude": 42.556552886962891, "longitude": 23.367025375366211, "raw_occupancy": 1, "timestamp": "2026-09-15 19:45:34" }, "geometry": { "type": "Point", "coordinates": [ 23.367025375366211, 42.556552886962891 ] } },
{ "type": "Feature", "properties": { "vehicle_id": "A3141", "latitude": 42.675025939941406, "longitude": 23.359201431274414, "raw_occupancy": 1, "timestamp": "2026-09-15 19:45:34" }, "geometry": { "type": "Point", "coordinates": [ 23.359201431274414, 42.675025939941406 ] } },
{ "type": "Feature", "properties": { "vehicle_id": "A2727", "latitude": 42.789665222167969, "longitude": 23.33155632019043, "raw_occupancy": 0, "timestamp": "2026-09-15 19:45:34" }, "geometry": { "type": "Point", "coordinates": [ 23.33155632019043, 42.789665222167969 ] } },
{ "type": "Feature", "properties": { "vehicle_id": "A2304", "latitude": 42.693611145019531, "longitude": 23.339084625244141, "raw_occupancy": 0, "timestamp": "2026-09-15 19:45:34" }, "geometry": { "type": "Point", "coordinates": [ 23.339084625244141, 42.693611145019531 ] } },
{ "type": "Feature", "properties": { "vehicle_id": "A3125", "latitude": 42.690994262695312, "longitude": 23.354166030883789, "raw_occupancy": 2, "timestamp": "2026-09-15 19:45:34" }, "geometry": { "type": "Point", "coordinates": [ 23.354166030883789, 42.690994262695312 ] } },
{ "type": "Feature", "properties": { "vehicle_id": "A1612", "latitude": 42.661773681640625, "longitude": 23.378242492675781, "raw_occupancy": 1, "timestamp": "2026-09-15 19:45:34" }, "geometry": { "type": "Point", "coordinates": [ 23.378242492675781, 42.661773681640625 ] } },
{ "type": "Feature", "properties": { "vehicle_id": "A1605", "latitude": 42.679969787597656, "longitude": 23.371637344360352, "raw_occupancy": 0, "timestamp": "2026-09-15 19:45:34" }, "geometry": { "type": "Point", "coordinates": [ 23.371637344360352, 42.679969787597656 ] } },
{ "type": "Feature", "properties": { "vehicle_id": "A3016", "latitude": 42.694049835205078, "longitude": 23.347429275512695, "raw_occupancy": 1, "timestamp": "2026-09-15 19:45:34" }, "geometry": { "type": "Point", "coordinates": [ 23.347429275512695, 42.694049835205078 ] } },
{ "type": "Feature", "properties": { "vehicle_id": "A1170", "latitude": 42.732501983642578, "longitude": 23.296770095825195, "raw_occupancy": 1, "timestamp": "2026-09-15 19:45:34" }, "geometry": { "type": "Point", "coordinates": [ 23.296770095825195, 42.732501983642578 ] } },
{ "type": "Feature", "properties": { "vehicle_id": "A7043", "latitude": 42.830154418945312, "longitude": 23.337326049804688, "raw_occupancy": 1, "timestamp": "2026-09-15 19:45:34" }, "geometry": { "type": "Point", "coordinates": [ 23.337326049804688, 42.830154418945312 ] } },
{ "type": "Feature", "properties": { "vehicle_id": "A7067", "latitude": 42.708648681640625, "longitude": 23.467708587646484, "raw_occupancy": 0, "timestamp": "2026-09-15 19:45:34" }, "geometry": { "type": "Point", "coordinates": [ 23.467708587646484, 42.708648681640625 ] } },
{ "type": "Feature", "properties": { "vehicle_id": "A2517", "latitude": 42.636821746826172, "longitude": 23.31077766418457, "raw_occupancy": 1, "timestamp": "2026-09-15 19:45:34" }, "geometry": { "type": "Point", "coordinates": [ 23.31077766418457, 42.636821746826172 ] } },
{ "type": "Feature", "properties": { "vehicle_id": "A1172", "latitude": 42.678279876708984, "longitude": 23.285348892211914, "raw_occupancy": 1, "timestamp": "2026-09-15 19:45:34" }, "geometry": { "type": "Point", "coordinates": [ 23.285348892211914, 42.678279876708984 ] } },
{ "type": "Feature", "properties": { "vehicle_id": "A1829", "latitude": 42.71893310546875, "longitude": 23.238792419433594, "raw_occupancy": 1, "timestamp": "2026-09-15 19:45:34" }, "geometry": { "type": "Point", "coordinates": [ 23.238792419433594, 42.71893310546875 ] } },
{ "type": "Feature", "properties": { "vehicle_id": "A3603", "latitude": 42.668773651123047, "longitude": 23.445680618286133, "raw_occupancy": 1, "timestamp": "2026-09-15 19:45:34" }, "geometry": { "type": "Point", "coordinates": [ 23.445680618286133, 42.668773651123047 ] } },
{ "type": "Feature", "properties": { "vehicle_id": "A3122", "latitude": 42.642742156982422, "longitude": 23.335687637329102, "raw_occupancy": 1, "timestamp": "2026-09-15 19:45:34" }, "geometry": { "type": "Point", "coordinates": [ 23.335687637329102, 42.642742156982422 ] } },
{ "type": "Feature", "properties": { "vehicle_id": "A3651", "latitude": 42.634796142578125, "longitude": 23.404991149902344, "raw_occupancy": 0, "timestamp": "2026-09-15 19:45:34" }, "geometry": { "type": "Point", "coordinates": [ 23.404991149902344, 42.634796142578125 ] } },
{ "type": "Feature", "properties": { "vehicle_id": "A3613", "latitude": 42.671371459960938, "longitude": 23.395662307739258, "raw_occupancy": 0, "timestamp": "2026-09-15 19:45:34" }, "geometry": { "type": "Point", "coordinates": [ 23.395662307739258, 42.671371459960938 ] } },
{ "type": "Feature", "properties": { "vehicle_id": "A7075", "latitude": 42.705104827880859, "longitude": 23.331253051757812, "raw_occupancy": 1, "timestamp": "2026-09-15 19:45:34" }, "geometry": { "type": "Point", "coordinates": [ 23.331253051757812, 42.705104827880859 ] } },
{ "type": "Feature", "properties": { "vehicle_id": "A3656", "latitude": 42.647819519042969, "longitude": 23.403642654418945, "raw_occupancy": 0, "timestamp": "2026-09-15 19:45:34" }, "geometry": { "type": "Point", "coordinates": [ 23.403642654418945, 42.647819519042969 ] } },
{ "type": "Feature", "properties": { "vehicle_id": "A1616", "latitude": 42.70477294921875, "longitude": 23.334056854248047, "raw_occupancy": 1, "timestamp": "2026-09-15 19:45:34" }, "geometry": { "type": "Point", "coordinates": [ 23.334056854248047, 42.70477294921875 ] } },
{ "type": "Feature", "properties": { "vehicle_id": "A2050", "latitude": 42.704715728759766, "longitude": 23.323219299316406, "raw_occupancy": 1, "timestamp": "2026-09-15 19:45:34" }, "geometry": { "type": "Point", "coordinates": [ 23.323219299316406, 42.704715728759766 ] } },
{ "type": "Feature", "properties": { "vehicle_id": "A3632", "latitude": 42.662937164306641, "longitude": 23.417608261108398, "raw_occupancy": 1, "timestamp": "2026-09-15 19:45:34" }, "geometry": { "type": "Point", "coordinates": [ 23.417608261108398, 42.662937164306641 ] } },
{ "type": "Feature", "properties": { "vehicle_id": "A3654", "latitude": 42.676025390625, "longitude": 23.340200424194336, "raw_occupancy": 1, "timestamp": "2026-09-15 19:45:34" }, "geometry": { "type": "Point", "coordinates": [ 23.340200424194336, 42.676025390625 ] } },
{ "type": "Feature", "properties": { "vehicle_id": "A1855", "latitude": 42.686199188232422, "longitude": 23.298583984375, "raw_occupancy": 1, "timestamp": "2026-09-15 19:45:34" }, "geometry": { "type": "Point", "coordinates": [ 23.298583984375, 42.686199188232422 ] } },
{ "type": "Feature", "properties": { "vehicle_id": "A1821", "latitude": 42.652389526367188, "longitude": 23.374361038208008, "raw_occupancy": 1, "timestamp": "2026-09-15 19:45:34" }, "geometry": { "type": "Point", "coordinates": [ 23.374361038208008, 42.652389526367188 ] } },
{ "type": "Feature", "properties": { "vehicle_id": "A2814", "latitude": 42.629234313964844, "longitude": 23.37285041809082, "raw_occupancy": 0, "timestamp": "2026-09-15 19:45:34" }, "geometry": { "type": "Point", "coordinates": [ 23.37285041809082, 42.629234313964844 ] } },
{ "type": "Feature", "properties": { "vehicle_id": "A3312", "latitude": 42.690845489501953, "longitude": 23.338836669921875, "raw_occupancy": 2, "timestamp": "2026-09-15 19:45:34" }, "geometry": { "type": "Point", "coordinates": [ 23.338836669921875, 42.690845489501953 ] } },
{ "type": "Feature", "properties": { "vehicle_id": "A1164", "latitude": 42.665283203125, "longitude": 23.302762985229492, "raw_occupancy": 2, "timestamp": "2026-09-15 19:45:34" }, "geometry": { "type": "Point", "coordinates": [ 23.302762985229492, 42.665283203125 ] } },
{ "type": "Feature", "properties": { "vehicle_id": "A7103", "latitude": 42.710781097412109, "longitude": 23.348949432373047, "raw_occupancy": 1, "timestamp": "2026-09-15 19:45:34" }, "geometry": { "type": "Point", "coordinates": [ 23.348949432373047, 42.710781097412109 ] } },
{ "type": "Feature", "properties": { "vehicle_id": "A2047", "latitude": 42.820907592773438, "longitude": 23.362419128417969, "raw_occupancy": 1, "timestamp": "2026-09-15 19:45:34" }, "geometry": { "type": "Point", "coordinates": [ 23.362419128417969, 42.820907592773438 ] } },
{ "type": "Feature", "properties": { "vehicle_id": "A2819", "latitude": 42.726718902587891, "longitude": 23.261962890625, "raw_occupancy": 1, "timestamp": "2026-09-15 19:45:34" }, "geometry": { "type": "Point", "coordinates": [ 23.261962890625, 42.726718902587891 ] } },
{ "type": "Feature", "properties": { "vehicle_id": "A1220", "latitude": 42.714504241943359, "longitude": 23.305654525756836, "raw_occupancy": 1, "timestamp": "2026-09-15 19:45:34" }, "geometry": { "type": "Point", "coordinates": [ 23.305654525756836, 42.714504241943359 ] } },
{ "type": "Feature", "properties": { "vehicle_id": "A2046", "latitude": 42.720130920410156, "longitude": 23.285306930541992, "raw_occupancy": 0, "timestamp": "2026-09-15 19:45:34" }, "geometry": { "type": "Point", "coordinates": [ 23.285306930541992, 42.720130920410156 ] } },
{ "type": "Feature", "properties": { "vehicle_id": "A7099", "latitude": 42.754310607910156, "longitude": 23.318767547607422, "raw_occupancy": 1, "timestamp": "2026-09-15 19:45:34" }, "geometry": { "type": "Point", "coordinates": [ 23.318767547607422, 42.754310607910156 ] } },
{ "type": "Feature", "properties": { "vehicle_id": "A1153", "latitude": 42.692733764648438, "longitude": 23.280864715576172, "raw_occupancy": 1, "timestamp": "2026-09-15 19:45:34" }, "geometry": { "type": "Point", "coordinates": [ 23.280864715576172, 42.692733764648438 ] } },
{ "type": "Feature", "properties": { "vehicle_id": "A7121", "latitude": 42.724311828613281, "longitude": 23.371206283569336, "raw_occupancy": 0, "timestamp": "2026-09-15 19:45:34" }, "geometry": { "type": "Point", "coordinates": [ 23.371206283569336, 42.724311828613281 ] } },
{ "type": "Feature", "properties": { "vehicle_id": "A7147", "latitude": 42.751174926757812, "longitude": 23.275684356689453, "raw_occupancy": 2, "timestamp": "2026-09-15 19:45:34" }, "geometry": { "type": "Point", "coordinates": [ 23.275684356689453, 42.751174926757812 ] } },
{ "type": "Feature", "properties": { "vehicle_id": "A1217", "latitude": 42.737014770507812, "longitude": 23.243263244628906, "raw_occupancy": 2, "timestamp": "2026-09-15 19:45:34" }, "geometry": { "type": "Point", "coordinates": [ 23.243263244628906, 42.737014770507812 ] } },
{ "type": "Feature", "properties": { "vehicle_id": "A1805", "latitude": 42.634529113769531, "longitude": 23.329494476318359, "raw_occupancy": 0, "timestamp": "2026-09-15 19:45:34" }, "geometry": { "type": "Point", "coordinates": [ 23.329494476318359, 42.634529113769531 ] } },
{ "type": "Feature", "properties": { "vehicle_id": "A3601", "latitude": 42.66522216796875, "longitude": 23.41859245300293, "raw_occupancy": 1, "timestamp": "2026-09-15 19:45:34" }, "geometry": { "type": "Point", "coordinates": [ 23.41859245300293, 42.66522216796875 ] } },
{ "type": "Feature", "properties": { "vehicle_id": "A2069", "latitude": 42.601665496826172, "longitude": 23.486166000366211, "raw_occupancy": 0, "timestamp": "2026-09-15 19:45:34" }, "geometry": { "type": "Point", "coordinates": [ 23.486166000366211, 42.601665496826172 ] } },
{ "type": "Feature", "properties": { "vehicle_id": "A1012", "latitude": 42.656730651855469, "longitude": 23.315406799316406, "raw_occupancy": 0, "timestamp": "2026-09-15 19:45:34" }, "geometry": { "type": "Point", "coordinates": [ 23.315406799316406, 42.656730651855469 ] } },
{ "type": "Feature", "properties": { "vehicle_id": "A2032", "latitude": 42.642841339111328, "longitude": 23.344215393066406, "raw_occupancy": 0, "timestamp": "2026-09-15 19:45:34" }, "geometry": { "type": "Point", "coordinates": [ 23.344215393066406, 42.642841339111328 ] } },
{ "type": "Feature", "properties": { "vehicle_id": "A2303", "latitude": 42.717399597167969, "longitude": 23.23784065246582, "raw_occupancy": 0, "timestamp": "2026-09-15 19:45:34" }, "geometry": { "type": "Point", "coordinates": [ 23.23784065246582, 42.717399597167969 ] } },
{ "type": "Feature", "properties": { "vehicle_id": "A3106", "latitude": 42.654464721679688, "longitude": 23.348091125488281, "raw_occupancy": 2, "timestamp": "2026-09-15 19:45:34" }, "geometry": { "type": "Point", "coordinates": [ 23.348091125488281, 42.654464721679688 ] } },
{ "type": "Feature", "properties": { "vehicle_id": "A3402", "latitude": 42.646324157714844, "longitude": 23.334493637084961, "raw_occupancy": 2, "timestamp": "2026-09-15 19:45:34" }, "geometry": { "type": "Point", "coordinates": [ 23.334493637084961, 42.646324157714844 ] } },
{ "type": "Feature", "properties": { "vehicle_id": "A2037", "latitude": 42.677085876464844, "longitude": 23.332305908203125, "raw_occupancy": 1, "timestamp": "2026-09-15 19:45:34" }, "geometry": { "type": "Point", "coordinates": [ 23.332305908203125, 42.677085876464844 ] } },
{ "type": "Feature", "properties": { "vehicle_id": "A3627", "latitude": 42.685993194580078, "longitude": 23.401626586914062, "raw_occupancy": 0, "timestamp": "2026-09-15 19:45:34" }, "geometry": { "type": "Point", "coordinates": [ 23.401626586914062, 42.685993194580078 ] } },
{ "type": "Feature", "properties": { "vehicle_id": "A2500", "latitude": 42.679161071777344, "longitude": 23.361051559448242, "raw_occupancy": 2, "timestamp": "2026-09-15 19:45:34" }, "geometry": { "type": "Point", "coordinates": [ 23.361051559448242, 42.679161071777344 ] } },
{ "type": "Feature", "properties": { "vehicle_id": "A1169", "latitude": 42.658203125, "longitude": 23.314191818237305, "raw_occupancy": 1, "timestamp": "2026-09-15 19:45:34" }, "geometry": { "type": "Point", "coordinates": [ 23.314191818237305, 42.658203125 ] } },
{ "type": "Feature", "properties": { "vehicle_id": "A7111", "latitude": 42.83697509765625, "longitude": 23.28162956237793, "raw_occupancy": 0, "timestamp": "2026-09-15 19:45:34" }, "geometry": { "type": "Point", "coordinates": [ 23.28162956237793, 42.83697509765625 ] } },
{ "type": "Feature", "properties": { "vehicle_id": "A3401", "latitude": 42.616096496582031, "longitude": 23.337688446044922, "raw_occupancy": 0, "timestamp": "2026-09-15 19:45:34" }, "geometry": { "type": "Point", "coordinates": [ 23.337688446044922, 42.616096496582031 ] } },
{ "type": "Feature", "properties": { "vehicle_id": "A2026", "latitude": 42.713119506835938, "longitude": 23.402996063232422, "raw_occupancy": 1, "timestamp": "2026-09-15 19:45:34" }, "geometry": { "type": "Point", "coordinates": [ 23.402996063232422, 42.713119506835938 ] } },
{ "type": "Feature", "properties": { "vehicle_id": "A2020", "latitude": 42.660587310791016, "longitude": 23.347068786621094, "raw_occupancy": 0, "timestamp": "2026-09-15 19:45:34" }, "geometry": { "type": "Point", "coordinates": [ 23.347068786621094, 42.660587310791016 ] } },
{ "type": "Feature", "properties": { "vehicle_id": "A1125", "latitude": 42.740615844726562, "longitude": 23.237154006958008, "raw_occupancy": 1, "timestamp": "2026-09-15 19:45:34" }, "geometry": { "type": "Point", "coordinates": [ 23.237154006958008, 42.740615844726562 ] } },
{ "type": "Feature", "properties": { "vehicle_id": "A3157", "latitude": 42.685436248779297, "longitude": 23.35029411315918, "raw_occupancy": 2, "timestamp": "2026-09-15 19:45:34" }, "geometry": { "type": "Point", "coordinates": [ 23.35029411315918, 42.685436248779297 ] } },
{ "type": "Feature", "properties": { "vehicle_id": "A1163", "latitude": 42.717788696289062, "longitude": 23.2528076171875, "raw_occupancy": 1, "timestamp": "2026-09-15 19:45:34" }, "geometry": { "type": "Point", "coordinates": [ 23.2528076171875, 42.717788696289062 ] } },
{ "type": "Feature", "properties": { "vehicle_id": "A1231", "latitude": 42.712669372558594, "longitude": 23.303102493286133, "raw_occupancy": 1, "timestamp": "2026-09-15 19:45:34" }, "geometry": { "type": "Point", "coordinates": [ 23.303102493286133, 42.712669372558594 ] } },
{ "type": "Feature", "properties": { "vehicle_id": "A3150", "latitude": 42.675601959228516, "longitude": 23.288156509399414, "raw_occupancy": 2, "timestamp": "2026-09-15 19:45:34" }, "geometry": { "type": "Point", "coordinates": [ 23.288156509399414, 42.675601959228516 ] } },
{ "type": "Feature", "properties": { "vehicle_id": "A2318", "latitude": 42.651897430419922, "longitude": 23.348678588867188, "raw_occupancy": 1, "timestamp": "2026-09-15 19:45:34" }, "geometry": { "type": "Point", "coordinates": [ 23.348678588867188, 42.651897430419922 ] } },
{ "type": "Feature", "properties": { "vehicle_id": "A2082", "latitude": 42.582042694091797, "longitude": 23.360073089599609, "raw_occupancy": 1, "timestamp": "2026-09-15 19:45:34" }, "geometry": { "type": "Point", "coordinates": [ 23.360073089599609, 42.582042694091797 ] } },
{ "type": "Feature", "properties": { "vehicle_id": "A2034", "latitude": 42.709693908691406, "longitude": 23.384332656860352, "raw_occupancy": 1, "timestamp": "2026-09-15 19:45:34" }, "geometry": { "type": "Point", "coordinates": [ 23.384332656860352, 42.709693908691406 ] } },
{ "type": "Feature", "properties": { "vehicle_id": "A2043", "latitude": 42.713485717773438, "longitude": 23.315637588500977, "raw_occupancy": 1, "timestamp": "2026-09-15 19:45:34" }, "geometry": { "type": "Point", "coordinates": [ 23.315637588500977, 42.713485717773438 ] } },
{ "type": "Feature", "properties": { "vehicle_id": "A1301", "latitude": 42.601898193359375, "longitude": 23.17340087890625, "raw_occupancy": 0, "timestamp": "2026-09-15 19:45:34" }, "geometry": { "type": "Point", "coordinates": [ 23.17340087890625, 42.601898193359375 ] } },
{ "type": "Feature", "properties": { "vehicle_id": "A2035", "latitude": 42.676521301269531, "longitude": 23.333478927612305, "raw_occupancy": 1, "timestamp": "2026-09-15 19:45:34" }, "geometry": { "type": "Point", "coordinates": [ 23.333478927612305, 42.676521301269531 ] } },
{ "type": "Feature", "properties": { "vehicle_id": "A7109", "latitude": 42.710048675537109, "longitude": 23.388565063476562, "raw_occupancy": 1, "timestamp": "2026-09-15 19:45:34" }, "geometry": { "type": "Point", "coordinates": [ 23.388565063476562, 42.710048675537109 ] } },
{ "type": "Feature", "properties": { "vehicle_id": "A3128", "latitude": 42.653366088867188, "longitude": 23.336074829101562, "raw_occupancy": 0, "timestamp": "2026-09-15 19:45:34" }, "geometry": { "type": "Point", "coordinates": [ 23.336074829101562, 42.653366088867188 ] } },
{ "type": "Feature", "properties": { "vehicle_id": "A1861", "latitude": 42.714805603027344, "longitude": 23.172611236572266, "raw_occupancy": 1, "timestamp": "2026-09-15 19:45:34" }, "geometry": { "type": "Point", "coordinates": [ 23.172611236572266, 42.714805603027344 ] } },
{ "type": "Feature", "properties": { "vehicle_id": "A2083", "latitude": 42.709823608398438, "longitude": 23.33143424987793, "raw_occupancy": 1, "timestamp": "2026-09-15 19:45:34" }, "geometry": { "type": "Point", "coordinates": [ 23.33143424987793, 42.709823608398438 ] } },
{ "type": "Feature", "properties": { "vehicle_id": "A3616", "latitude": 42.623497009277344, "longitude": 23.385086059570312, "raw_occupancy": 0, "timestamp": "2026-09-15 19:45:34" }, "geometry": { "type": "Point", "coordinates": [ 23.385086059570312, 42.623497009277344 ] } },
{ "type": "Feature", "properties": { "vehicle_id": "A1833", "latitude": 42.721084594726562, "longitude": 23.284963607788086, "raw_occupancy": 1, "timestamp": "2026-09-15 19:45:34" }, "geometry": { "type": "Point", "coordinates": [ 23.284963607788086, 42.721084594726562 ] } },
{ "type": "Feature", "properties": { "vehicle_id": "A2306", "latitude": 42.663734436035156, "longitude": 23.358358383178711, "raw_occupancy": 2, "timestamp": "2026-09-15 19:45:34" }, "geometry": { "type": "Point", "coordinates": [ 23.358358383178711, 42.663734436035156 ] } },
{ "type": "Feature", "properties": { "vehicle_id": "A2314", "latitude": 42.670101165771484, "longitude": 23.337846755981445, "raw_occupancy": 1, "timestamp": "2026-09-15 19:45:34" }, "geometry": { "type": "Point", "coordinates": [ 23.337846755981445, 42.670101165771484 ] } },
{ "type": "Feature", "properties": { "vehicle_id": "A3013", "latitude": 42.681308746337891, "longitude": 23.350719451904297, "raw_occupancy": 1, "timestamp": "2026-09-15 19:45:34" }, "geometry": { "type": "Point", "coordinates": [ 23.350719451904297, 42.681308746337891 ] } },
{ "type": "Feature", "properties": { "vehicle_id": "A3151", "latitude": 42.663028717041016, "longitude": 23.357780456542969, "raw_occupancy": 1, "timestamp": "2026-09-15 19:45:34" }, "geometry": { "type": "Point", "coordinates": [ 23.357780456542969, 42.663028717041016 ] } },
{ "type": "Feature", "properties": { "vehicle_id": "A3111", "latitude": 42.640384674072266, "longitude": 23.415012359619141, "raw_occupancy": 0, "timestamp": "2026-09-15 19:45:34" }, "geometry": { "type": "Point", "coordinates": [ 23.415012359619141, 42.640384674072266 ] } },
{ "type": "Feature", "properties": { "vehicle_id": "A2010", "latitude": 42.709819793701172, "longitude": 23.26362419128418, "raw_occupancy": 2, "timestamp": "2026-09-15 19:45:34" }, "geometry": { "type": "Point", "coordinates": [ 23.26362419128418, 42.709819793701172 ] } },
{ "type": "Feature", "properties": { "vehicle_id": "A2042", "latitude": 42.688796997070312, "longitude": 23.334095001220703, "raw_occupancy": 0, "timestamp": "2026-09-15 19:45:34" }, "geometry": { "type": "Point", "coordinates": [ 23.334095001220703, 42.688796997070312 ] } },
{ "type": "Feature", "properties": { "vehicle_id": "A2038", "latitude": 42.658393859863281, "longitude": 23.348455429077148, "raw_occupancy": 2, "timestamp": "2026-09-15 19:45:34" }, "geometry": { "type": "Point", "coordinates": [ 23.348455429077148, 42.658393859863281 ] } },
{ "type": "Feature", "properties": { "vehicle_id": "A1127", "latitude": 42.761470794677734, "longitude": 23.201042175292969, "raw_occupancy": 1, "timestamp": "2026-09-15 19:45:34" }, "geometry": { "type": "Point", "coordinates": [ 23.201042175292969, 42.761470794677734 ] } },
{ "type": "Feature", "properties": { "vehicle_id": "A7087", "latitude": 42.742790222167969, "longitude": 23.281734466552734, "raw_occupancy": 0, "timestamp": "2026-09-15 19:45:34" }, "geometry": { "type": "Point", "coordinates": [ 23.281734466552734, 42.742790222167969 ] } },
{ "type": "Feature", "properties": { "vehicle_id": "A3149", "latitude": 42.679569244384766, "longitude": 23.302751541137695, "raw_occupancy": 2, "timestamp": "2026-09-15 19:45:34" }, "geometry": { "type": "Point", "coordinates": [ 23.302751541137695, 42.679569244384766 ] } },
{ "type": "Feature", "properties": { "vehicle_id": "A2009", "latitude": 42.644428253173828, "longitude": 23.34520149230957, "raw_occupancy": 0, "timestamp": "2026-09-15 19:45:34" }, "geometry": { "type": "Point", "coordinates": [ 23.34520149230957, 42.644428253173828 ] } },
{ "type": "Feature", "properties": { "vehicle_id": "A1413", "latitude": 42.669143676757812, "longitude": 23.254755020141602, "raw_occupancy": 1, "timestamp": "2026-09-15 19:45:34" }, "geometry": { "type": "Point", "coordinates": [ 23.254755020141602, 42.669143676757812 ] } },
{ "type": "Feature", "properties": { "vehicle_id": "A3117", "latitude": 42.676933288574219, "longitude": 23.303300857543945, "raw_occupancy": 1, "timestamp": "2026-09-15 19:45:34" }, "geometry": { "type": "Point", "coordinates": [ 23.303300857543945, 42.676933288574219 ] } },
{ "type": "Feature", "properties": { "vehicle_id": "A1175", "latitude": 42.703704833984375, "longitude": 23.298225402832031, "raw_occupancy": 2, "timestamp": "2026-09-15 19:45:34" }, "geometry": { "type": "Point", "coordinates": [ 23.298225402832031, 42.703704833984375 ] } },
{ "type": "Feature", "properties": { "vehicle_id": "A1425", "latitude": 42.624656677246094, "longitude": 23.358095169067383, "raw_occupancy": 3, "timestamp": "2026-09-15 19:45:34" }, "geometry": { "type": "Point", "coordinates": [ 23.358095169067383, 42.624656677246094 ] } },
{ "type": "Feature", "properties": { "vehicle_id": "A2006", "latitude": 42.706138610839844, "longitude": 23.311614990234375, "raw_occupancy": 2, "timestamp": "2026-09-15 19:45:34" }, "geometry": { "type": "Point", "coordinates": [ 23.311614990234375, 42.706138610839844 ] } },
{ "type": "Feature", "properties": { "vehicle_id": "A7123", "latitude": 42.75518798828125, "longitude": 23.491552352905273, "raw_occupancy": 1, "timestamp": "2026-09-15 19:45:34" }, "geometry": { "type": "Point", "coordinates": [ 23.491552352905273, 42.75518798828125 ] } },
{ "type": "Feature", "properties": { "vehicle_id": "A1213", "latitude": 42.708534240722656, "longitude": 23.151748657226562, "raw_occupancy": 2, "timestamp": "2026-09-15 19:45:34" }, "geometry": { "type": "Point", "coordinates": [ 23.151748657226562, 42.708534240722656 ] } },
{ "type": "Feature", "properties": { "vehicle_id": "A2312", "latitude": 42.643043518066406, "longitude": 23.345113754272461, "raw_occupancy": 1, "timestamp": "2026-09-15 19:45:34" }, "geometry": { "type": "Point", "coordinates": [ 23.345113754272461, 42.643043518066406 ] } },
{ "type": "Feature", "properties": { "vehicle_id": "A7101", "latitude": 42.732795715332031, "longitude": 23.251632690429688, "raw_occupancy": 1, "timestamp": "2026-09-15 19:45:34" }, "geometry": { "type": "Point", "coordinates": [ 23.251632690429688, 42.732795715332031 ] } },
{ "type": "Feature", "properties": { "vehicle_id": "A2077", "latitude": 42.820858001708984, "longitude": 23.354320526123047, "raw_occupancy": 0, "timestamp": "2026-09-15 19:45:34" }, "geometry": { "type": "Point", "coordinates": [ 23.354320526123047, 42.820858001708984 ] } },
{ "type": "Feature", "properties": { "vehicle_id": "A1606", "latitude": 42.634624481201172, "longitude": 23.372962951660156, "raw_occupancy": 0, "timestamp": "2026-09-15 19:45:34" }, "geometry": { "type": "Point", "coordinates": [ 23.372962951660156, 42.634624481201172 ] } },
{ "type": "Feature", "properties": { "vehicle_id": "A1021", "latitude": 42.669479370117188, "longitude": 23.244718551635742, "raw_occupancy": 1, "timestamp": "2026-09-15 19:45:34" }, "geometry": { "type": "Point", "coordinates": [ 23.244718551635742, 42.669479370117188 ] } },
{ "type": "Feature", "properties": { "vehicle_id": "A7169", "latitude": 42.764675140380859, "longitude": 23.568141937255859, "raw_occupancy": 0, "timestamp": "2026-09-15 19:45:34" }, "geometry": { "type": "Point", "coordinates": [ 23.568141937255859, 42.764675140380859 ] } },
{ "type": "Feature", "properties": { "vehicle_id": "A2076", "latitude": 42.602584838867188, "longitude": 23.402774810791016, "raw_occupancy": 1, "timestamp": "2026-09-15 19:45:34" }, "geometry": { "type": "Point", "coordinates": [ 23.402774810791016, 42.602584838867188 ] } },
{ "type": "Feature", "properties": { "vehicle_id": "A2072", "latitude": 42.699470520019531, "longitude": 23.341718673706055, "raw_occupancy": 1, "timestamp": "2026-09-15 19:45:34" }, "geometry": { "type": "Point", "coordinates": [ 23.341718673706055, 42.699470520019531 ] } },
{ "type": "Feature", "properties": { "vehicle_id": "A1155", "latitude": 42.683666229248047, "longitude": 23.323520660400391, "raw_occupancy": 2, "timestamp": "2026-09-15 19:45:34" }, "geometry": { "type": "Point", "coordinates": [ 23.323520660400391, 42.683666229248047 ] } },
{ "type": "Feature", "properties": { "vehicle_id": "A7053", "latitude": 42.744068145751953, "longitude": 23.555831909179688, "raw_occupancy": 1, "timestamp": "2026-09-15 19:45:34" }, "geometry": { "type": "Point", "coordinates": [ 23.555831909179688, 42.744068145751953 ] } },
{ "type": "Feature", "properties": { "vehicle_id": "A2302", "latitude": 42.694217681884766, "longitude": 23.334733963012695, "raw_occupancy": 1, "timestamp": "2026-09-15 19:45:34" }, "geometry": { "type": "Point", "coordinates": [ 23.334733963012695, 42.694217681884766 ] } },
{ "type": "Feature", "properties": { "vehicle_id": "A1188", "latitude": 42.643115997314453, "longitude": 23.339555740356445, "raw_occupancy": 1, "timestamp": "2026-09-15 19:45:34" }, "geometry": { "type": "Point", "coordinates": [ 23.339555740356445, 42.643115997314453 ] } },
{ "type": "Feature", "properties": { "vehicle_id": "A1831", "latitude": 42.721199035644531, "longitude": 23.236867904663086, "raw_occupancy": 1, "timestamp": "2026-09-15 19:45:34" }, "geometry": { "type": "Point", "coordinates": [ 23.236867904663086, 42.721199035644531 ] } },
{ "type": "Feature", "properties": { "vehicle_id": "A1152", "latitude": 42.690353393554688, "longitude": 23.253787994384766, "raw_occupancy": 1, "timestamp": "2026-09-15 19:45:34" }, "geometry": { "type": "Point", "coordinates": [ 23.253787994384766, 42.690353393554688 ] } },
{ "type": "Feature", "properties": { "vehicle_id": "A3102", "latitude": 42.72076416015625, "longitude": 23.310764312744141, "raw_occupancy": 1, "timestamp": "2026-09-15 19:45:34" }, "geometry": { "type": "Point", "coordinates": [ 23.310764312744141, 42.72076416015625 ] } },
{ "type": "Feature", "properties": { "vehicle_id": "A7193", "latitude": 42.716121673583984, "longitude": 23.340463638305664, "raw_occupancy": 0, "timestamp": "2026-09-15 19:45:34" }, "geometry": { "type": "Point", "coordinates": [ 23.340463638305664, 42.716121673583984 ] } },
{ "type": "Feature", "properties": { "vehicle_id": "A7185", "latitude": 42.709339141845703, "longitude": 23.39649772644043, "raw_occupancy": 0, "timestamp": "2026-09-15 19:45:34" }, "geometry": { "type": "Point", "coordinates": [ 23.39649772644043, 42.709339141845703 ] } },
{ "type": "Feature", "properties": { "vehicle_id": "A2315", "latitude": 42.646595001220703, "longitude": 23.346139907836914, "raw_occupancy": 0, "timestamp": "2026-09-15 19:45:34" }, "geometry": { "type": "Point", "coordinates": [ 23.346139907836914, 42.646595001220703 ] } },
{ "type": "Feature", "properties": { "vehicle_id": "A1230", "latitude": 42.7188720703125, "longitude": 23.253808975219727, "raw_occupancy": 2, "timestamp": "2026-09-15 19:45:34" }, "geometry": { "type": "Point", "coordinates": [ 23.253808975219727, 42.7188720703125 ] } },
{ "type": "Feature", "properties": { "vehicle_id": "A2039", "latitude": 42.731777191162109, "longitude": 23.313283920288086, "raw_occupancy": 1, "timestamp": "2026-09-15 19:45:34" }, "geometry": { "type": "Point", "coordinates": [ 23.313283920288086, 42.731777191162109 ] } },
{ "type": "Feature", "properties": { "vehicle_id": "A2515", "latitude": 42.693996429443359, "longitude": 23.347766876220703, "raw_occupancy": 2, "timestamp": "2026-09-15 19:45:34" }, "geometry": { "type": "Point", "coordinates": [ 23.347766876220703, 42.693996429443359 ] } },
{ "type": "Feature", "properties": { "vehicle_id": "A3614", "latitude": 42.640132904052734, "longitude": 23.374942779541016, "raw_occupancy": 1, "timestamp": "2026-09-15 19:45:34" }, "geometry": { "type": "Point", "coordinates": [ 23.374942779541016, 42.640132904052734 ] } },
{ "type": "Feature", "properties": { "vehicle_id": "A2310", "latitude": 42.665271759033203, "longitude": 23.362260818481445, "raw_occupancy": 1, "timestamp": "2026-09-15 19:45:34" }, "geometry": { "type": "Point", "coordinates": [ 23.362260818481445, 42.665271759033203 ] } },
{ "type": "Feature", "properties": { "vehicle_id": "A1613", "latitude": 42.773746490478516, "longitude": 23.18408203125, "raw_occupancy": 0, "timestamp": "2026-09-15 19:45:34" }, "geometry": { "type": "Point", "coordinates": [ 23.18408203125, 42.773746490478516 ] } },
{ "type": "Feature", "properties": { "vehicle_id": "A3319", "latitude": 42.703441619873047, "longitude": 23.336544036865234, "raw_occupancy": 1, "timestamp": "2026-09-15 19:45:34" }, "geometry": { "type": "Point", "coordinates": [ 23.336544036865234, 42.703441619873047 ] } },
{ "type": "Feature", "properties": { "vehicle_id": "A3617", "latitude": 42.685855865478516, "longitude": 23.306221008300781, "raw_occupancy": 0, "timestamp": "2026-09-15 19:45:34" }, "geometry": { "type": "Point", "coordinates": [ 23.306221008300781, 42.685855865478516 ] } },
{ "type": "Feature", "properties": { "vehicle_id": "A2807", "latitude": 42.705913543701172, "longitude": 23.314443588256836, "raw_occupancy": 1, "timestamp": "2026-09-15 19:45:34" }, "geometry": { "type": "Point", "coordinates": [ 23.314443588256836, 42.705913543701172 ] } },
{ "type": "Feature", "properties": { "vehicle_id": "A3408", "latitude": 42.662773132324219, "longitude": 23.376859664916992, "raw_occupancy": 2, "timestamp": "2026-09-15 19:45:34" }, "geometry": { "type": "Point", "coordinates": [ 23.376859664916992, 42.662773132324219 ] } },
{ "type": "Feature", "properties": { "vehicle_id": "A7061", "latitude": 42.74505615234375, "longitude": 23.318328857421875, "raw_occupancy": 3, "timestamp": "2026-09-15 19:45:34" }, "geometry": { "type": "Point", "coordinates": [ 23.318328857421875, 42.74505615234375 ] } },
{ "type": "Feature", "properties": { "vehicle_id": "A2048", "latitude": 42.638156890869141, "longitude": 23.406402587890625, "raw_occupancy": 1, "timestamp": "2026-09-15 19:45:34" }, "geometry": { "type": "Point", "coordinates": [ 23.406402587890625, 42.638156890869141 ] } },
{ "type": "Feature", "properties": { "vehicle_id": "A2028", "latitude": 42.705692291259766, "longitude": 23.317905426025391, "raw_occupancy": 1, "timestamp": "2026-09-15 19:45:34" }, "geometry": { "type": "Point", "coordinates": [ 23.317905426025391, 42.705692291259766 ] } },
{ "type": "Feature", "properties": { "vehicle_id": "A3608", "latitude": 42.592510223388672, "longitude": 23.366573333740234, "raw_occupancy": 1, "timestamp": "2026-09-15 19:45:34" }, "geometry": { "type": "Point", "coordinates": [ 23.366573333740234, 42.592510223388672 ] } },
{ "type": "Feature", "properties": { "vehicle_id": "A1181", "latitude": 42.73321533203125, "longitude": 23.298591613769531, "raw_occupancy": 0, "timestamp": "2026-09-15 19:45:34" }, "geometry": { "type": "Point", "coordinates": [ 23.298591613769531, 42.73321533203125 ] } },
{ "type": "Feature", "properties": { "vehicle_id": "A7145", "latitude": 42.699138641357422, "longitude": 23.36125373840332, "raw_occupancy": 2, "timestamp": "2026-09-15 19:45:34" }, "geometry": { "type": "Point", "coordinates": [ 23.36125373840332, 42.699138641357422 ] } },
{ "type": "Feature", "properties": { "vehicle_id": "A1176", "latitude": 42.700298309326172, "longitude": 23.316120147705078, "raw_occupancy": 0, "timestamp": "2026-09-15 19:45:34" }, "geometry": { "type": "Point", "coordinates": [ 23.316120147705078, 42.700298309326172 ] } },
{ "type": "Feature", "properties": { "vehicle_id": "A1026", "latitude": 42.627437591552734, "longitude": 23.372907638549805, "raw_occupancy": 0, "timestamp": "2026-09-15 19:45:34" }, "geometry": { "type": "Point", "coordinates": [ 23.372907638549805, 42.627437591552734 ] } },
{ "type": "Feature", "properties": { "vehicle_id": "A2509", "latitude": 42.696273803710938, "longitude": 23.360504150390625, "raw_occupancy": 1, "timestamp": "2026-09-15 19:45:34" }, "geometry": { "type": "Point", "coordinates": [ 23.360504150390625, 42.696273803710938 ] } },
{ "type": "Feature", "properties": { "vehicle_id": "A1314", "latitude": 42.613208770751953, "longitude": 23.233514785766602, "raw_occupancy": 0, "timestamp": "2026-09-15 19:45:34" }, "geometry": { "type": "Point", "coordinates": [ 23.233514785766602, 42.613208770751953 ] } },
{ "type": "Feature", "properties": { "vehicle_id": "A7141", "latitude": 42.717781066894531, "longitude": 23.338953018188477, "raw_occupancy": 2, "timestamp": "2026-09-15 19:45:34" }, "geometry": { "type": "Point", "coordinates": [ 23.338953018188477, 42.717781066894531 ] } },
{ "type": "Feature", "properties": { "vehicle_id": "A7127", "latitude": 42.73345947265625, "longitude": 23.553277969360352, "raw_occupancy": 1, "timestamp": "2026-09-15 19:45:34" }, "geometry": { "type": "Point", "coordinates": [ 23.553277969360352, 42.73345947265625 ] } },
{ "type": "Feature", "properties": { "vehicle_id": "A3700", "latitude": 42.709518432617188, "longitude": 23.394199371337891, "raw_occupancy": 1, "timestamp": "2026-09-15 19:45:34" }, "geometry": { "type": "Point", "coordinates": [ 23.394199371337891, 42.709518432617188 ] } },
{ "type": "Feature", "properties": { "vehicle_id": "A3137", "latitude": 42.680995941162109, "longitude": 23.308176040649414, "raw_occupancy": 1, "timestamp": "2026-09-15 19:45:34" }, "geometry": { "type": "Point", "coordinates": [ 23.308176040649414, 42.680995941162109 ] } },
{ "type": "Feature", "properties": { "vehicle_id": "A2001", "latitude": 42.692264556884766, "longitude": 23.351417541503906, "raw_occupancy": 1, "timestamp": "2026-09-15 19:45:34" }, "geometry": { "type": "Point", "coordinates": [ 23.351417541503906, 42.692264556884766 ] } },
{ "type": "Feature", "properties": { "vehicle_id": "A1184", "latitude": 42.67657470703125, "longitude": 23.288026809692383, "raw_occupancy": 1, "timestamp": "2026-09-15 19:45:34" }, "geometry": { "type": "Point", "coordinates": [ 23.288026809692383, 42.67657470703125 ] } },
{ "type": "Feature", "properties": { "vehicle_id": "A3120", "latitude": 42.672054290771484, "longitude": 23.363378524780273, "raw_occupancy": 2, "timestamp": "2026-09-15 19:45:34" }, "geometry": { "type": "Point", "coordinates": [ 23.363378524780273, 42.672054290771484 ] } },
{ "type": "Feature", "properties": { "vehicle_id": "A2059", "latitude": 42.697074890136719, "longitude": 23.375221252441406, "raw_occupancy": 1, "timestamp": "2026-09-15 19:45:34" }, "geometry": { "type": "Point", "coordinates": [ 23.375221252441406, 42.697074890136719 ] } },
{ "type": "Feature", "properties": { "vehicle_id": "A2815", "latitude": 42.72503662109375, "longitude": 23.3184814453125, "raw_occupancy": 0, "timestamp": "2026-09-15 19:45:34" }, "geometry": { "type": "Point", "coordinates": [ 23.3184814453125, 42.72503662109375 ] } },
{ "type": "Feature", "properties": { "vehicle_id": "A2313", "latitude": 42.651954650878906, "longitude": 23.342483520507812, "raw_occupancy": 1, "timestamp": "2026-09-15 19:45:34" }, "geometry": { "type": "Point", "coordinates": [ 23.342483520507812, 42.651954650878906 ] } },
{ "type": "Feature", "properties": { "vehicle_id": "A3104", "latitude": 42.630477905273438, "longitude": 23.381734848022461, "raw_occupancy": 0, "timestamp": "2026-09-15 19:45:34" }, "geometry": { "type": "Point", "coordinates": [ 23.381734848022461, 42.630477905273438 ] } },
{ "type": "Feature", "properties": { "vehicle_id": "A3628", "latitude": 42.68359375, "longitude": 23.323532104492188, "raw_occupancy": 1, "timestamp": "2026-09-15 19:45:34" }, "geometry": { "type": "Point", "coordinates": [ 23.323532104492188, 42.68359375 ] } },
{ "type": "Feature", "properties": { "vehicle_id": "A2090", "latitude": 42.603107452392578, "longitude": 23.4752197265625, "raw_occupancy": 1, "timestamp": "2026-09-15 19:45:34" }, "geometry": { "type": "Point", "coordinates": [ 23.4752197265625, 42.603107452392578 ] } },
{ "type": "Feature", "properties": { "vehicle_id": "A2012", "latitude": 42.656566619873047, "longitude": 23.327625274658203, "raw_occupancy": 0, "timestamp": "2026-09-15 19:45:34" }, "geometry": { "type": "Point", "coordinates": [ 23.327625274658203, 42.656566619873047 ] } },
{ "type": "Feature", "properties": { "vehicle_id": "A3620", "latitude": 42.623241424560547, "longitude": 23.37043571472168, "raw_occupancy": 1, "timestamp": "2026-09-15 19:45:34" }, "geometry": { "type": "Point", "coordinates": [ 23.37043571472168, 42.623241424560547 ] } },
{ "type": "Feature", "properties": { "vehicle_id": "A3131", "latitude": 42.651325225830078, "longitude": 23.379087448120117, "raw_occupancy": 1, "timestamp": "2026-09-15 19:45:34" }, "geometry": { "type": "Point", "coordinates": [ 23.379087448120117, 42.651325225830078 ] } },
{ "type": "Feature", "properties": { "vehicle_id": "A2316", "latitude": 42.642955780029297, "longitude": 23.341915130615234, "raw_occupancy": 0, "timestamp": "2026-09-15 19:45:34" }, "geometry": { "type": "Point", "coordinates": [ 23.341915130615234, 42.642955780029297 ] } },
{ "type": "Feature", "properties": { "vehicle_id": "A2029", "latitude": 42.667179107666016, "longitude": 23.337509155273438, "raw_occupancy": 1, "timestamp": "2026-09-15 19:45:34" }, "geometry": { "type": "Point", "coordinates": [ 23.337509155273438, 42.667179107666016 ] } },
{ "type": "Feature", "properties": { "vehicle_id": "A1408", "latitude": 42.629108428955078, "longitude": 23.309991836547852, "raw_occupancy": 1, "timestamp": "2026-09-15 19:45:34" }, "geometry": { "type": "Point", "coordinates": [ 23.309991836547852, 42.629108428955078 ] } },
{ "type": "Feature", "properties": { "vehicle_id": "A1405", "latitude": 42.658088684082031, "longitude": 23.316093444824219, "raw_occupancy": 0, "timestamp": "2026-09-15 19:45:34" }, "geometry": { "type": "Point", "coordinates": [ 23.316093444824219, 42.658088684082031 ] } },
{ "type": "Feature", "properties": { "vehicle_id": "A1226", "latitude": 42.652240753173828, "longitude": 23.374547958374023, "raw_occupancy": 0, "timestamp": "2026-09-15 19:45:34" }, "geometry": { "type": "Point", "coordinates": [ 23.374547958374023, 42.652240753173828 ] } },
{ "type": "Feature", "properties": { "vehicle_id": "A3600", "latitude": 42.673324584960938, "longitude": 23.429956436157227, "raw_occupancy": 0, "timestamp": "2026-09-15 19:45:34" }, "geometry": { "type": "Point", "coordinates": [ 23.429956436157227, 42.673324584960938 ] } },
{ "type": "Feature", "properties": { "vehicle_id": "A7073", "latitude": 42.738571166992188, "longitude": 23.503900527954102, "raw_occupancy": 1, "timestamp": "2026-09-15 19:45:34" }, "geometry": { "type": "Point", "coordinates": [ 23.503900527954102, 42.738571166992188 ] } },
{ "type": "Feature", "properties": { "vehicle_id": "A3410", "latitude": 42.680019378662109, "longitude": 23.304296493530273, "raw_occupancy": 1, "timestamp": "2026-09-15 19:45:34" }, "geometry": { "type": "Point", "coordinates": [ 23.304296493530273, 42.680019378662109 ] } },
{ "type": "Feature", "properties": { "vehicle_id": "A3626", "latitude": 42.649871826171875, "longitude": 23.36488151550293, "raw_occupancy": 2, "timestamp": "2026-09-15 19:45:34" }, "geometry": { "type": "Point", "coordinates": [ 23.36488151550293, 42.649871826171875 ] } },
{ "type": "Feature", "properties": { "vehicle_id": "A1601", "latitude": 42.702236175537109, "longitude": 23.297800064086914, "raw_occupancy": 1, "timestamp": "2026-09-15 19:45:34" }, "geometry": { "type": "Point", "coordinates": [ 23.297800064086914, 42.702236175537109 ] } },
{ "type": "Feature", "properties": { "vehicle_id": "A2720", "latitude": 42.805858612060547, "longitude": 23.404359817504883, "raw_occupancy": 0, "timestamp": "2026-09-15 19:45:34" }, "geometry": { "type": "Point", "coordinates": [ 23.404359817504883, 42.805858612060547 ] } },
{ "type": "Feature", "properties": { "vehicle_id": "A1162", "latitude": 42.710498809814453, "longitude": 23.292564392089844, "raw_occupancy": 1, "timestamp": "2026-09-15 19:45:34" }, "geometry": { "type": "Point", "coordinates": [ 23.292564392089844, 42.710498809814453 ] } },
{ "type": "Feature", "properties": { "vehicle_id": "A3112", "latitude": 42.640888214111328, "longitude": 23.372695922851562, "raw_occupancy": 2, "timestamp": "2026-09-15 19:45:34" }, "geometry": { "type": "Point", "coordinates": [ 23.372695922851562, 42.640888214111328 ] } },
{ "type": "Feature", "properties": { "vehicle_id": "A3136", "latitude": 42.707298278808594, "longitude": 23.323150634765625, "raw_occupancy": 1, "timestamp": "2026-09-15 19:45:34" }, "geometry": { "type": "Point", "coordinates": [ 23.323150634765625, 42.707298278808594 ] } },
{ "type": "Feature", "properties": { "vehicle_id": "A1229", "latitude": 42.707904815673828, "longitude": 23.155994415283203, "raw_occupancy": 1, "timestamp": "2026-09-15 19:45:34" }, "geometry": { "type": "Point", "coordinates": [ 23.155994415283203, 42.707904815673828 ] } },
{ "type": "Feature", "properties": { "vehicle_id": "A7173", "latitude": 42.712425231933594, "longitude": 23.314834594726562, "raw_occupancy": 0, "timestamp": "2026-09-15 19:45:34" }, "geometry": { "type": "Point", "coordinates": [ 23.314834594726562, 42.712425231933594 ] } },
{ "type": "Feature", "properties": { "vehicle_id": "A7163", "latitude": 42.708812713623047, "longitude": 23.416955947875977, "raw_occupancy": 0, "timestamp": "2026-09-15 19:45:34" }, "geometry": { "type": "Point", "coordinates": [ 23.416955947875977, 42.708812713623047 ] } },
{ "type": "Feature", "properties": { "vehicle_id": "A1421", "latitude": 42.682613372802734, "longitude": 23.301704406738281, "raw_occupancy": 0, "timestamp": "2026-09-15 19:45:34" }, "geometry": { "type": "Point", "coordinates": [ 23.301704406738281, 42.682613372802734 ] } },
{ "type": "Feature", "properties": { "vehicle_id": "A3015", "latitude": 42.692588806152344, "longitude": 23.36871337890625, "raw_occupancy": 1, "timestamp": "2026-09-15 19:45:34" }, "geometry": { "type": "Point", "coordinates": [ 23.36871337890625, 42.692588806152344 ] } },
{ "type": "Feature", "properties": { "vehicle_id": "A2064", "latitude": 42.741584777832031, "longitude": 23.285802841186523, "raw_occupancy": 0, "timestamp": "2026-09-15 19:45:34" }, "geometry": { "type": "Point", "coordinates": [ 23.285802841186523, 42.741584777832031 ] } },
{ "type": "Feature", "properties": { "vehicle_id": "A1835", "latitude": 42.731346130371094, "longitude": 23.25390625, "raw_occupancy": 1, "timestamp": "2026-09-15 19:45:34" }, "geometry": { "type": "Point", "coordinates": [ 23.25390625, 42.731346130371094 ] } },
{ "type": "Feature", "properties": { "vehicle_id": "A2033", "latitude": 42.668388366699219, "longitude": 23.328880310058594, "raw_occupancy": 1, "timestamp": "2026-09-15 19:45:34" }, "geometry": { "type": "Point", "coordinates": [ 23.328880310058594, 42.668388366699219 ] } },
{ "type": "Feature", "properties": { "vehicle_id": "A3653", "latitude": 42.654468536376953, "longitude": 23.34766960144043, "raw_occupancy": 1, "timestamp": "2026-09-15 19:45:34" }, "geometry": { "type": "Point", "coordinates": [ 23.34766960144043, 42.654468536376953 ] } },
{ "type": "Feature", "properties": { "vehicle_id": "A2023", "latitude": 42.703083038330078, "longitude": 23.363992691040039, "raw_occupancy": 0, "timestamp": "2026-09-15 19:45:34" }, "geometry": { "type": "Point", "coordinates": [ 23.363992691040039, 42.703083038330078 ] } },
{ "type": "Feature", "properties": { "vehicle_id": "A1185", "latitude": 42.674468994140625, "longitude": 23.334388732910156, "raw_occupancy": 1, "timestamp": "2026-09-15 19:45:34" }, "geometry": { "type": "Point", "coordinates": [ 23.334388732910156, 42.674468994140625 ] } },
{ "type": "Feature", "properties": { "vehicle_id": "A3605", "latitude": 42.612991333007812, "longitude": 23.462213516235352, "raw_occupancy": 1, "timestamp": "2026-09-15 19:45:34" }, "geometry": { "type": "Point", "coordinates": [ 23.462213516235352, 42.612991333007812 ] } },
{ "type": "Feature", "properties": { "vehicle_id": "A2825", "latitude": 42.726535797119141, "longitude": 23.262430191040039, "raw_occupancy": 1, "timestamp": "2026-09-15 19:45:34" }, "geometry": { "type": "Point", "coordinates": [ 23.262430191040039, 42.726535797119141 ] } },
{ "type": "Feature", "properties": { "vehicle_id": "A1869", "latitude": 42.721939086914062, "longitude": 23.129232406616211, "raw_occupancy": 0, "timestamp": "2026-09-15 19:45:34" }, "geometry": { "type": "Point", "coordinates": [ 23.129232406616211, 42.721939086914062 ] } },
{ "type": "Feature", "properties": { "vehicle_id": "A2025", "latitude": 42.690258026123047, "longitude": 23.331535339355469, "raw_occupancy": 0, "timestamp": "2026-09-15 19:45:34" }, "geometry": { "type": "Point", "coordinates": [ 23.331535339355469, 42.690258026123047 ] } },
{ "type": "Feature", "properties": { "vehicle_id": "A3119", "latitude": 42.659355163574219, "longitude": 23.347227096557617, "raw_occupancy": 1, "timestamp": "2026-09-15 19:45:34" }, "geometry": { "type": "Point", "coordinates": [ 23.347227096557617, 42.659355163574219 ] } },
{ "type": "Feature", "properties": { "vehicle_id": "A2079", "latitude": 42.660999298095703, "longitude": 23.31965446472168, "raw_occupancy": 1, "timestamp": "2026-09-15 19:45:34" }, "geometry": { "type": "Point", "coordinates": [ 23.31965446472168, 42.660999298095703 ] } },
{ "type": "Feature", "properties": { "vehicle_id": "A3670", "latitude": 42.665298461914062, "longitude": 23.372882843017578, "raw_occupancy": 1, "timestamp": "2026-09-15 19:45:34" }, "geometry": { "type": "Point", "coordinates": [ 23.372882843017578, 42.665298461914062 ] } },
{ "type": "Feature", "properties": { "vehicle_id": "A7171", "latitude": 42.728347778320312, "longitude": 23.263637542724609, "raw_occupancy": 1, "timestamp": "2026-09-15 19:45:34" }, "geometry": { "type": "Point", "coordinates": [ 23.263637542724609, 42.728347778320312 ] } },
{ "type": "Feature", "properties": { "vehicle_id": "A1845", "latitude": 42.699268341064453, "longitude": 23.14997673034668, "raw_occupancy": 0, "timestamp": "2026-09-15 19:45:34" }, "geometry": { "type": "Point", "coordinates": [ 23.14997673034668, 42.699268341064453 ] } },
{ "type": "Feature", "properties": { "vehicle_id": "A3109", "latitude": 42.685371398925781, "longitude": 23.34473991394043, "raw_occupancy": 1, "timestamp": "2026-09-15 19:45:34" }, "geometry": { "type": "Point", "coordinates": [ 23.34473991394043, 42.685371398925781 ] } },
{ "type": "Feature", "properties": { "vehicle_id": "A2070", "latitude": 42.637001037597656, "longitude": 23.416896820068359, "raw_occupancy": 1, "timestamp": "2026-09-15 19:45:34" }, "geometry": { "type": "Point", "coordinates": [ 23.416896820068359, 42.637001037597656 ] } },
{ "type": "Feature", "properties": { "vehicle_id": "A1208", "latitude": 42.626026153564453, "longitude": 23.351049423217773, "raw_occupancy": 2, "timestamp": "2026-09-15 19:45:34" }, "geometry": { "type": "Point", "coordinates": [ 23.351049423217773, 42.626026153564453 ] } },
{ "type": "Feature", "properties": { "vehicle_id": "A2822", "latitude": 42.703617095947266, "longitude": 23.354513168334961, "raw_occupancy": 1, "timestamp": "2026-09-15 19:45:34" }, "geometry": { "type": "Point", "coordinates": [ 23.354513168334961, 42.703617095947266 ] } },
{ "type": "Feature", "properties": { "vehicle_id": "A2066", "latitude": 42.714344024658203, "longitude": 23.312982559204102, "raw_occupancy": 0, "timestamp": "2026-09-15 19:45:34" }, "geometry": { "type": "Point", "coordinates": [ 23.312982559204102, 42.714344024658203 ] } },
{ "type": "Feature", "properties": { "vehicle_id": "A2060", "latitude": 42.686424255371094, "longitude": 23.343503952026367, "raw_occupancy": 1, "timestamp": "2026-09-15 19:45:34" }, "geometry": { "type": "Point", "coordinates": [ 23.343503952026367, 42.686424255371094 ] } },
{ "type": "Feature", "properties": { "vehicle_id": "A7119", "latitude": 42.713935852050781, "longitude": 23.313011169433594, "raw_occupancy": 1, "timestamp": "2026-09-15 19:45:34" }, "geometry": { "type": "Point", "coordinates": [ 23.313011169433594, 42.713935852050781 ] } },
{ "type": "Feature", "properties": { "vehicle_id": "A7149", "latitude": 42.776660919189453, "longitude": 23.444740295410156, "raw_occupancy": 0, "timestamp": "2026-09-15 19:45:34" }, "geometry": { "type": "Point", "coordinates": [ 23.444740295410156, 42.776660919189453 ] } },
{ "type": "Feature", "properties": { "vehicle_id": "A3407", "latitude": 42.668834686279297, "longitude": 23.367935180664062, "raw_occupancy": 1, "timestamp": "2026-09-15 19:45:34" }, "geometry": { "type": "Point", "coordinates": [ 23.367935180664062, 42.668834686279297 ] } },
{ "type": "Feature", "properties": { "vehicle_id": "A1426", "latitude": 42.623046875, "longitude": 23.372943878173828, "raw_occupancy": 2, "timestamp": "2026-09-15 19:45:34" }, "geometry": { "type": "Point", "coordinates": [ 23.372943878173828, 42.623046875 ] } },
{ "type": "Feature", "properties": { "vehicle_id": "A1807", "latitude": 42.695362091064453, "longitude": 23.25166130065918, "raw_occupancy": 0, "timestamp": "2026-09-15 19:45:34" }, "geometry": { "type": "Point", "coordinates": [ 23.25166130065918, 42.695362091064453 ] } },
{ "type": "Feature", "properties": { "vehicle_id": "A7157", "latitude": 42.703975677490234, "longitude": 23.386829376220703, "raw_occupancy": 0, "timestamp": "2026-09-15 19:45:34" }, "geometry": { "type": "Point", "coordinates": [ 23.386829376220703, 42.703975677490234 ] } },
{ "type": "Feature", "properties": { "vehicle_id": "A7059", "latitude": 42.785789489746094, "longitude": 23.51922607421875, "raw_occupancy": 1, "timestamp": "2026-09-15 19:45:34" }, "geometry": { "type": "Point", "coordinates": [ 23.51922607421875, 42.785789489746094 ] } },
{ "type": "Feature", "properties": { "vehicle_id": "A3625", "latitude": 42.661540985107422, "longitude": 23.464626312255859, "raw_occupancy": 1, "timestamp": "2026-09-15 19:45:34" }, "geometry": { "type": "Point", "coordinates": [ 23.464626312255859, 42.661540985107422 ] } },
{ "type": "Feature", "properties": { "vehicle_id": "A3138", "latitude": 42.646171569824219, "longitude": 23.377336502075195, "raw_occupancy": 1, "timestamp": "2026-09-15 19:45:34" }, "geometry": { "type": "Point", "coordinates": [ 23.377336502075195, 42.646171569824219 ] } },
{ "type": "Feature", "properties": { "vehicle_id": "A7135", "latitude": 42.773670196533203, "longitude": 23.274421691894531, "raw_occupancy": 0, "timestamp": "2026-09-15 19:45:34" }, "geometry": { "type": "Point", "coordinates": [ 23.274421691894531, 42.773670196533203 ] } },
{ "type": "Feature", "properties": { "vehicle_id": "A2045", "latitude": 42.705619812011719, "longitude": 23.311075210571289, "raw_occupancy": 0, "timestamp": "2026-09-15 19:45:34" }, "geometry": { "type": "Point", "coordinates": [ 23.311075210571289, 42.705619812011719 ] } },
{ "type": "Feature", "properties": { "vehicle_id": "A3133", "latitude": 42.697345733642578, "longitude": 23.354074478149414, "raw_occupancy": 1, "timestamp": "2026-09-15 19:45:34" }, "geometry": { "type": "Point", "coordinates": [ 23.354074478149414, 42.697345733642578 ] } },
{ "type": "Feature", "properties": { "vehicle_id": "A1319", "latitude": 42.603214263916016, "longitude": 23.175554275512695, "raw_occupancy": 0, "timestamp": "2026-09-15 19:45:34" }, "geometry": { "type": "Point", "coordinates": [ 23.175554275512695, 42.603214263916016 ] } },
{ "type": "Feature", "properties": { "vehicle_id": "A3143", "latitude": 42.66180419921875, "longitude": 23.391315460205078, "raw_occupancy": 1, "timestamp": "2026-09-15 19:45:34" }, "geometry": { "type": "Point", "coordinates": [ 23.391315460205078, 42.66180419921875 ] } },
{ "type": "Feature", "properties": { "vehicle_id": "A3659", "latitude": 42.656700134277344, "longitude": 23.384880065917969, "raw_occupancy": 2, "timestamp": "2026-09-15 19:45:34" }, "geometry": { "type": "Point", "coordinates": [ 23.384880065917969, 42.656700134277344 ] } },
{ "type": "Feature", "properties": { "vehicle_id": "A2081", "latitude": 42.546154022216797, "longitude": 23.479290008544922, "raw_occupancy": 0, "timestamp": "2026-09-15 19:45:34" }, "geometry": { "type": "Point", "coordinates": [ 23.479290008544922, 42.546154022216797 ] } },
{ "type": "Feature", "properties": { "vehicle_id": "A2015", "latitude": 42.714347839355469, "longitude": 23.244874954223633, "raw_occupancy": 0, "timestamp": "2026-09-15 19:45:34" }, "geometry": { "type": "Point", "coordinates": [ 23.244874954223633, 42.714347839355469 ] } },
{ "type": "Feature", "properties": { "vehicle_id": "A3606", "latitude": 42.646404266357422, "longitude": 23.368158340454102, "raw_occupancy": 0, "timestamp": "2026-09-15 19:45:34" }, "geometry": { "type": "Point", "coordinates": [ 23.368158340454102, 42.646404266357422 ] } },
{ "type": "Feature", "properties": { "vehicle_id": "A7139", "latitude": 42.71478271484375, "longitude": 23.526432037353516, "raw_occupancy": 0, "timestamp": "2026-09-15 19:45:34" }, "geometry": { "type": "Point", "coordinates": [ 23.526432037353516, 42.71478271484375 ] } },
{ "type": "Feature", "properties": { "vehicle_id": "A2018", "latitude": 42.646137237548828, "longitude": 23.342130661010742, "raw_occupancy": 1, "timestamp": "2026-09-15 19:45:34" }, "geometry": { "type": "Point", "coordinates": [ 23.342130661010742, 42.646137237548828 ] } },
{ "type": "Feature", "properties": { "vehicle_id": "A3665", "latitude": 42.661727905273438, "longitude": 23.396732330322266, "raw_occupancy": 0, "timestamp": "2026-09-15 19:45:34" }, "geometry": { "type": "Point", "coordinates": [ 23.396732330322266, 42.661727905273438 ] } },
{ "type": "Feature", "properties": { "vehicle_id": "A2005", "latitude": 42.667068481445312, "longitude": 23.324403762817383, "raw_occupancy": 0, "timestamp": "2026-09-15 19:45:34" }, "geometry": { "type": "Point", "coordinates": [ 23.324403762817383, 42.667068481445312 ] } },
{ "type": "Feature", "properties": { "vehicle_id": "A3121", "latitude": 42.639778137207031, "longitude": 23.381698608398438, "raw_occupancy": 0, "timestamp": "2026-09-15 19:45:34" }, "geometry": { "type": "Point", "coordinates": [ 23.381698608398438, 42.639778137207031 ] } },
{ "type": "Feature", "properties": { "vehicle_id": "A2016", "latitude": 42.650127410888672, "longitude": 23.341894149780273, "raw_occupancy": 0, "timestamp": "2026-09-15 19:45:34" }, "geometry": { "type": "Point", "coordinates": [ 23.341894149780273, 42.650127410888672 ] } },
{ "type": "Feature", "properties": { "vehicle_id": "A2317", "latitude": 42.687705993652344, "longitude": 23.341684341430664, "raw_occupancy": 1, "timestamp": "2026-09-15 19:45:34" }, "geometry": { "type": "Point", "coordinates": [ 23.341684341430664, 42.687705993652344 ] } },
{ "type": "Feature", "properties": { "vehicle_id": "A2014", "latitude": 42.711708068847656, "longitude": 23.379976272583008, "raw_occupancy": 1, "timestamp": "2026-09-15 19:45:34" }, "geometry": { "type": "Point", "coordinates": [ 23.379976272583008, 42.711708068847656 ] } },
{ "type": "Feature", "properties": { "vehicle_id": "A2307", "latitude": 42.655498504638672, "longitude": 23.359302520751953, "raw_occupancy": 1, "timestamp": "2026-09-15 19:45:34" }, "geometry": { "type": "Point", "coordinates": [ 23.359302520751953, 42.655498504638672 ] } },
{ "type": "Feature", "properties": { "vehicle_id": "A3610", "latitude": 42.630592346191406, "longitude": 23.378789901733398, "raw_occupancy": 0, "timestamp": "2026-09-15 19:45:34" }, "geometry": { "type": "Point", "coordinates": [ 23.378789901733398, 42.630592346191406 ] } },
{ "type": "Feature", "properties": { "vehicle_id": "A2804", "latitude": 42.689781188964844, "longitude": 23.363605499267578, "raw_occupancy": 1, "timestamp": "2026-09-15 19:45:34" }, "geometry": { "type": "Point", "coordinates": [ 23.363605499267578, 42.689781188964844 ] } },
{ "type": "Feature", "properties": { "vehicle_id": "A3156", "latitude": 42.640407562255859, "longitude": 23.413097381591797, "raw_occupancy": 0, "timestamp": "2026-09-15 19:45:34" }, "geometry": { "type": "Point", "coordinates": [ 23.413097381591797, 42.640407562255859 ] } },
{ "type": "Feature", "properties": { "vehicle_id": "A7155", "latitude": 42.737098693847656, "longitude": 23.512426376342773, "raw_occupancy": 1, "timestamp": "2026-09-15 19:45:34" }, "geometry": { "type": "Point", "coordinates": [ 23.512426376342773, 42.737098693847656 ] } },
{ "type": "Feature", "properties": { "vehicle_id": "A7091", "latitude": 42.780735015869141, "longitude": 23.508056640625, "raw_occupancy": 1, "timestamp": "2026-09-15 19:45:34" }, "geometry": { "type": "Point", "coordinates": [ 23.508056640625, 42.780735015869141 ] } },
{ "type": "Feature", "properties": { "vehicle_id": "A2165", "latitude": 42.739475250244141, "longitude": 23.294338226318359, "raw_occupancy": 0, "timestamp": "2026-09-15 19:45:34" }, "geometry": { "type": "Point", "coordinates": [ 23.294338226318359, 42.739475250244141 ] } },
{ "type": "Feature", "properties": { "vehicle_id": "A2308", "latitude": 42.6536865234375, "longitude": 23.345094680786133, "raw_occupancy": 1, "timestamp": "2026-09-15 19:45:34" }, "geometry": { "type": "Point", "coordinates": [ 23.345094680786133, 42.6536865234375 ] } },
{ "type": "Feature", "properties": { "vehicle_id": "A2507", "latitude": 42.698749542236328, "longitude": 23.275693893432617, "raw_occupancy": 0, "timestamp": "2026-09-15 19:45:34" }, "geometry": { "type": "Point", "coordinates": [ 23.275693893432617, 42.698749542236328 ] } },
{ "type": "Feature", "properties": { "vehicle_id": "A3159", "latitude": 42.679092407226562, "longitude": 23.302433013916016, "raw_occupancy": 1, "timestamp": "2026-09-15 19:45:34" }, "geometry": { "type": "Point", "coordinates": [ 23.302433013916016, 42.679092407226562 ] } },
{ "type": "Feature", "properties": { "vehicle_id": "A1189", "latitude": 42.675003051757812, "longitude": 23.307918548583984, "raw_occupancy": 2, "timestamp": "2026-09-15 19:45:34" }, "geometry": { "type": "Point", "coordinates": [ 23.307918548583984, 42.675003051757812 ] } },
{ "type": "Feature", "properties": { "vehicle_id": "A3107", "latitude": 42.686000823974609, "longitude": 23.344156265258789, "raw_occupancy": 3, "timestamp": "2026-09-15 19:45:34" }, "geometry": { "type": "Point", "coordinates": [ 23.344156265258789, 42.686000823974609 ] } },
{ "type": "Feature", "properties": { "vehicle_id": "A2301", "latitude": 42.6856689453125, "longitude": 23.344226837158203, "raw_occupancy": 1, "timestamp": "2026-09-15 19:45:34" }, "geometry": { "type": "Point", "coordinates": [ 23.344226837158203, 42.6856689453125 ] } },
{ "type": "Feature", "properties": { "vehicle_id": "A7153", "latitude": 42.803256988525391, "longitude": 23.262561798095703, "raw_occupancy": 2, "timestamp": "2026-09-15 19:45:34" }, "geometry": { "type": "Point", "coordinates": [ 23.262561798095703, 42.803256988525391 ] } },
{ "type": "Feature", "properties": { "vehicle_id": "A2811", "latitude": 42.657386779785156, "longitude": 23.20391845703125, "raw_occupancy": 0, "timestamp": "2026-09-15 19:45:34" }, "geometry": { "type": "Point", "coordinates": [ 23.20391845703125, 42.657386779785156 ] } },
{ "type": "Feature", "properties": { "vehicle_id": "A2056", "latitude": 42.768230438232422, "longitude": 23.357986450195312, "raw_occupancy": 0, "timestamp": "2026-09-15 19:45:34" }, "geometry": { "type": "Point", "coordinates": [ 23.357986450195312, 42.768230438232422 ] } },
{ "type": "Feature", "properties": { "vehicle_id": "A3615", "latitude": 42.638313293457031, "longitude": 23.381259918212891, "raw_occupancy": 1, "timestamp": "2026-09-15 19:45:34" }, "geometry": { "type": "Point", "coordinates": [ 23.381259918212891, 42.638313293457031 ] } },
{ "type": "Feature", "properties": { "vehicle_id": "A1823", "latitude": 42.719833374023438, "longitude": 23.254526138305664, "raw_occupancy": 1, "timestamp": "2026-09-15 19:45:34" }, "geometry": { "type": "Point", "coordinates": [ 23.254526138305664, 42.719833374023438 ] } },
{ "type": "Feature", "properties": { "vehicle_id": "A1015", "latitude": 42.645244598388672, "longitude": 23.3336181640625, "raw_occupancy": 2, "timestamp": "2026-09-15 19:45:34" }, "geometry": { "type": "Point", "coordinates": [ 23.3336181640625, 42.645244598388672 ] } },
{ "type": "Feature", "properties": { "vehicle_id": "A2017", "latitude": 42.705013275146484, "longitude": 23.319618225097656, "raw_occupancy": 1, "timestamp": "2026-09-15 19:45:34" }, "geometry": { "type": "Point", "coordinates": [ 23.319618225097656, 42.705013275146484 ] } },
{ "type": "Feature", "properties": { "vehicle_id": "A1851", "latitude": 42.691970825195312, "longitude": 23.310016632080078, "raw_occupancy": 0, "timestamp": "2026-09-15 19:45:34" }, "geometry": { "type": "Point", "coordinates": [ 23.310016632080078, 42.691970825195312 ] } },
{ "type": "Feature", "properties": { "vehicle_id": "A2041", "latitude": 42.710906982421875, "longitude": 23.270456314086914, "raw_occupancy": 1, "timestamp": "2026-09-15 19:45:34" }, "geometry": { "type": "Point", "coordinates": [ 23.270456314086914, 42.710906982421875 ] } },
{ "type": "Feature", "properties": { "vehicle_id": "A3158", "latitude": 42.660816192626953, "longitude": 23.389972686767578, "raw_occupancy": 2, "timestamp": "2026-09-15 19:45:34" }, "geometry": { "type": "Point", "coordinates": [ 23.389972686767578, 42.660816192626953 ] } },
{ "type": "Feature", "properties": { "vehicle_id": "A1154", "latitude": 42.642929077148438, "longitude": 23.336099624633789, "raw_occupancy": 1, "timestamp": "2026-09-15 19:45:34" }, "geometry": { "type": "Point", "coordinates": [ 23.336099624633789, 42.642929077148438 ] } },
{ "type": "Feature", "properties": { "vehicle_id": "A7119", "latitude": 42.711658477783203, "longitude": 23.311464309692383, "raw_occupancy": 2, "timestamp": "2026-09-15 19:45:34" }, "geometry": { "type": "Point", "coordinates": [ 23.311464309692383, 42.711658477783203 ] } },
{ "type": "Feature", "properties": { "vehicle_id": "A7143", "latitude": 42.768276214599609, "longitude": 23.406402587890625, "raw_occupancy": 1, "timestamp": "2026-09-15 19:45:34" }, "geometry": { "type": "Point", "coordinates": [ 23.406402587890625, 42.768276214599609 ] } },
{ "type": "Feature", "properties": { "vehicle_id": "A7125", "latitude": 42.78302001953125, "longitude": 23.390815734863281, "raw_occupancy": 1, "timestamp": "2026-09-15 19:45:34" }, "geometry": { "type": "Point", "coordinates": [ 23.390815734863281, 42.78302001953125 ] } },
{ "type": "Feature", "properties": { "vehicle_id": "A1310", "latitude": 42.725936889648438, "longitude": 23.104757308959961, "raw_occupancy": 0, "timestamp": "2026-09-15 19:45:34" }, "geometry": { "type": "Point", "coordinates": [ 23.104757308959961, 42.725936889648438 ] } },
{ "type": "Feature", "properties": { "vehicle_id": "A2733", "latitude": 42.758388519287109, "longitude": 23.321666717529297, "raw_occupancy": 1, "timestamp": "2026-09-15 19:45:34" }, "geometry": { "type": "Point", "coordinates": [ 23.321666717529297, 42.758388519287109 ] } },
{ "type": "Feature", "properties": { "vehicle_id": "A3129", "latitude": 42.704170227050781, "longitude": 23.334806442260742, "raw_occupancy": 0, "timestamp": "2026-09-15 19:45:34" }, "geometry": { "type": "Point", "coordinates": [ 23.334806442260742, 42.704170227050781 ] } },
{ "type": "Feature", "properties": { "vehicle_id": "A1165", "latitude": 42.678939819335938, "longitude": 23.284383773803711, "raw_occupancy": 2, "timestamp": "2026-09-15 19:45:34" }, "geometry": { "type": "Point", "coordinates": [ 23.284383773803711, 42.678939819335938 ] } },
{ "type": "Feature", "properties": { "vehicle_id": "A2311", "latitude": 42.64434814453125, "longitude": 23.34197998046875, "raw_occupancy": 1, "timestamp": "2026-09-15 19:45:34" }, "geometry": { "type": "Point", "coordinates": [ 23.34197998046875, 42.64434814453125 ] } },
{ "type": "Feature", "properties": { "vehicle_id": "A7063", "latitude": 42.706417083740234, "longitude": 23.18109130859375, "raw_occupancy": 0, "timestamp": "2026-09-15 19:45:34" }, "geometry": { "type": "Point", "coordinates": [ 23.18109130859375, 42.706417083740234 ] } },
{ "type": "Feature", "properties": { "vehicle_id": "A3108", "latitude": 42.711219787597656, "longitude": 23.318929672241211, "raw_occupancy": 0, "timestamp": "2026-09-15 19:45:34" }, "geometry": { "type": "Point", "coordinates": [ 23.318929672241211, 42.711219787597656 ] } },
{ "type": "Feature", "properties": { "vehicle_id": "A2053", "latitude": 42.640613555908203, "longitude": 23.404199600219727, "raw_occupancy": 2, "timestamp": "2026-09-15 19:45:34" }, "geometry": { "type": "Point", "coordinates": [ 23.404199600219727, 42.640613555908203 ] } },
{ "type": "Feature", "properties": { "vehicle_id": "A2054", "latitude": 42.686363220214844, "longitude": 23.311119079589844, "raw_occupancy": 1, "timestamp": "2026-09-15 19:45:34" }, "geometry": { "type": "Point", "coordinates": [ 23.311119079589844, 42.686363220214844 ] } },
{ "type": "Feature", "properties": { "vehicle_id": "A3017", "latitude": 42.695396423339844, "longitude": 23.346502304077148, "raw_occupancy": 0, "timestamp": "2026-09-15 19:45:34" }, "geometry": { "type": "Point", "coordinates": [ 23.346502304077148, 42.695396423339844 ] } },
{ "type": "Feature", "properties": { "vehicle_id": "A3142", "latitude": 42.643257141113281, "longitude": 23.412284851074219, "raw_occupancy": 1, "timestamp": "2026-09-15 19:45:34" }, "geometry": { "type": "Point", "coordinates": [ 23.412284851074219, 42.643257141113281 ] } },
{ "type": "Feature", "properties": { "vehicle_id": "A1117", "latitude": 42.725719451904297, "longitude": 23.261032104492188, "raw_occupancy": 1, "timestamp": "2026-09-15 19:45:34" }, "geometry": { "type": "Point", "coordinates": [ 23.261032104492188, 42.725719451904297 ] } },
{ "type": "Feature", "properties": { "vehicle_id": "A1216", "latitude": 42.741893768310547, "longitude": 23.278285980224609, "raw_occupancy": 0, "timestamp": "2026-09-15 19:45:34" }, "geometry": { "type": "Point", "coordinates": [ 23.278285980224609, 42.741893768310547 ] } },
{ "type": "Feature", "properties": { "vehicle_id": "A2728", "latitude": 42.730751037597656, "longitude": 23.325668334960938, "raw_occupancy": 0, "timestamp": "2026-09-15 19:45:34" }, "geometry": { "type": "Point", "coordinates": [ 23.325668334960938, 42.730751037597656 ] } },
{ "type": "Feature", "properties": { "vehicle_id": "A2516", "latitude": 42.634555816650391, "longitude": 23.310379028320312, "raw_occupancy": 2, "timestamp": "2026-09-15 19:45:34" }, "geometry": { "type": "Point", "coordinates": [ 23.310379028320312, 42.634555816650391 ] } },
{ "type": "Feature", "properties": { "vehicle_id": "A2057", "latitude": 42.590373992919922, "longitude": 23.418542861938477, "raw_occupancy": 1, "timestamp": "2026-09-15 19:45:34" }, "geometry": { "type": "Point", "coordinates": [ 23.418542861938477, 42.590373992919922 ] } },
{ "type": "Feature", "properties": { "vehicle_id": "A2073", "latitude": 42.653976440429688, "longitude": 23.388978958129883, "raw_occupancy": 1, "timestamp": "2026-09-15 19:45:34" }, "geometry": { "type": "Point", "coordinates": [ 23.388978958129883, 42.653976440429688 ] } },
{ "type": "Feature", "properties": { "vehicle_id": "A1409", "latitude": 42.671615600585938, "longitude": 23.240989685058594, "raw_occupancy": 2, "timestamp": "2026-09-15 19:45:34" }, "geometry": { "type": "Point", "coordinates": [ 23.240989685058594, 42.671615600585938 ] } },
{ "type": "Feature", "properties": { "vehicle_id": "A1010", "latitude": 42.656955718994141, "longitude": 23.311262130737305, "raw_occupancy": 1, "timestamp": "2026-09-15 19:45:34" }, "geometry": { "type": "Point", "coordinates": [ 23.311262130737305, 42.656955718994141 ] } },
{ "type": "Feature", "properties": { "vehicle_id": "A2058", "latitude": 42.6883544921875, "longitude": 23.298681259155273, "raw_occupancy": 2, "timestamp": "2026-09-15 19:45:34" }, "geometry": { "type": "Point", "coordinates": [ 23.298681259155273, 42.6883544921875 ] } },
{ "type": "Feature", "properties": { "vehicle_id": "A7089", "latitude": 42.814441680908203, "longitude": 23.321376800537109, "raw_occupancy": 0, "timestamp": "2026-09-15 19:45:34" }, "geometry": { "type": "Point", "coordinates": [ 23.321376800537109, 42.814441680908203 ] } },
{ "type": "Feature", "properties": { "vehicle_id": "A3115", "latitude": 42.696601867675781, "longitude": 23.351127624511719, "raw_occupancy": 1, "timestamp": "2026-09-15 19:45:34" }, "geometry": { "type": "Point", "coordinates": [ 23.351127624511719, 42.696601867675781 ] } },
{ "type": "Feature", "properties": { "vehicle_id": "A1837", "latitude": 42.760143280029297, "longitude": 23.267065048217773, "raw_occupancy": 1, "timestamp": "2026-09-15 19:45:34" }, "geometry": { "type": "Point", "coordinates": [ 23.267065048217773, 42.760143280029297 ] } },
{ "type": "Feature", "properties": { "vehicle_id": "A2501", "latitude": 42.739330291748047, "longitude": 23.294471740722656, "raw_occupancy": 1, "timestamp": "2026-09-15 19:45:34" }, "geometry": { "type": "Point", "coordinates": [ 23.294471740722656, 42.739330291748047 ] } },
{ "type": "Feature", "properties": { "vehicle_id": "A3650", "latitude": 42.516216278076172, "longitude": 23.351299285888672, "raw_occupancy": 0, "timestamp": "2026-09-15 19:45:34" }, "geometry": { "type": "Point", "coordinates": [ 23.351299285888672, 42.516216278076172 ] } },
{ "type": "Feature", "properties": { "vehicle_id": "A7041", "latitude": 42.726589202880859, "longitude": 23.261865615844727, "raw_occupancy": 0, "timestamp": "2026-09-15 19:45:34" }, "geometry": { "type": "Point", "coordinates": [ 23.261865615844727, 42.726589202880859 ] } },
{ "type": "Feature", "properties": { "vehicle_id": "A2300", "latitude": 42.707035064697266, "longitude": 23.340757369995117, "raw_occupancy": 1, "timestamp": "2026-09-15 19:45:34" }, "geometry": { "type": "Point", "coordinates": [ 23.340757369995117, 42.707035064697266 ] } },
{ "type": "Feature", "properties": { "vehicle_id": "A3622", "latitude": 42.667831420898438, "longitude": 23.413570404052734, "raw_occupancy": 1, "timestamp": "2026-09-15 19:45:34" }, "geometry": { "type": "Point", "coordinates": [ 23.413570404052734, 42.667831420898438 ] } },
{ "type": "Feature", "properties": { "vehicle_id": "A1610", "latitude": 42.664329528808594, "longitude": 23.260747909545898, "raw_occupancy": 1, "timestamp": "2026-09-15 19:45:34" }, "geometry": { "type": "Point", "coordinates": [ 23.260747909545898, 42.664329528808594 ] } },
{ "type": "Feature", "properties": { "vehicle_id": "A1609", "latitude": 42.683197021484375, "longitude": 23.270330429077148, "raw_occupancy": 1, "timestamp": "2026-09-15 19:45:34" }, "geometry": { "type": "Point", "coordinates": [ 23.270330429077148, 42.683197021484375 ] } },
{ "type": "Feature", "properties": { "vehicle_id": "A2605", "latitude": 42.712764739990234, "longitude": 23.379587173461914, "raw_occupancy": 0, "timestamp": "2026-09-15 19:45:34" }, "geometry": { "type": "Point", "coordinates": [ 23.379587173461914, 42.712764739990234 ] } },
{ "type": "Feature", "properties": { "vehicle_id": "A3152", "latitude": 42.661308288574219, "longitude": 23.390523910522461, "raw_occupancy": 2, "timestamp": "2026-09-15 19:45:34" }, "geometry": { "type": "Point", "coordinates": [ 23.390523910522461, 42.661308288574219 ] } },
{ "type": "Feature", "properties": { "vehicle_id": "A1410", "latitude": 42.644859313964844, "longitude": 23.278362274169922, "raw_occupancy": 1, "timestamp": "2026-09-15 19:45:34" }, "geometry": { "type": "Point", "coordinates": [ 23.278362274169922, 42.644859313964844 ] } },
{ "type": "Feature", "properties": { "vehicle_id": "A1232", "latitude": 42.769130706787109, "longitude": 23.243049621582031, "raw_occupancy": 1, "timestamp": "2026-09-15 19:45:34" }, "geometry": { "type": "Point", "coordinates": [ 23.243049621582031, 42.769130706787109 ] } },
{ "type": "Feature", "properties": { "vehicle_id": "A2519", "latitude": 42.682884216308594, "longitude": 23.319303512573242, "raw_occupancy": 2, "timestamp": "2026-09-15 19:45:34" }, "geometry": { "type": "Point", "coordinates": [ 23.319303512573242, 42.682884216308594 ] } },
{ "type": "Feature", "properties": { "vehicle_id": "A3126", "latitude": 42.631637573242188, "longitude": 23.375083923339844, "raw_occupancy": 1, "timestamp": "2026-09-15 19:45:34" }, "geometry": { "type": "Point", "coordinates": [ 23.375083923339844, 42.631637573242188 ] } },
{ "type": "Feature", "properties": { "vehicle_id": "A1156", "latitude": 42.679485321044922, "longitude": 23.283811569213867, "raw_occupancy": 2, "timestamp": "2026-09-15 19:45:34" }, "geometry": { "type": "Point", "coordinates": [ 23.283811569213867, 42.679485321044922 ] } },
{ "type": "Feature", "properties": { "vehicle_id": "A3127", "latitude": 42.668491363525391, "longitude": 23.369239807128906, "raw_occupancy": 1, "timestamp": "2026-09-15 19:45:34" }, "geometry": { "type": "Point", "coordinates": [ 23.369239807128906, 42.668491363525391 ] } },
{ "type": "Feature", "properties": { "vehicle_id": "A2065", "latitude": 42.721633911132812, "longitude": 23.341943740844727, "raw_occupancy": 0, "timestamp": "2026-09-15 19:45:34" }, "geometry": { "type": "Point", "coordinates": [ 23.341943740844727, 42.721633911132812 ] } },
{ "type": "Feature", "properties": { "vehicle_id": "A2305", "latitude": 42.708221435546875, "longitude": 23.342790603637695, "raw_occupancy": 0, "timestamp": "2026-09-15 19:45:34" }, "geometry": { "type": "Point", "coordinates": [ 23.342790603637695, 42.708221435546875 ] } },
{ "type": "Feature", "properties": { "vehicle_id": "A2036", "latitude": 42.682449340820312, "longitude": 23.321046829223633, "raw_occupancy": 1, "timestamp": "2026-09-15 19:45:34" }, "geometry": { "type": "Point", "coordinates": [ 23.321046829223633, 42.682449340820312 ] } },
{ "type": "Feature", "properties": { "vehicle_id": "A3145", "latitude": 42.664909362792969, "longitude": 23.28826904296875, "raw_occupancy": 0, "timestamp": "2026-09-15 19:45:34" }, "geometry": { "type": "Point", "coordinates": [ 23.28826904296875, 42.664909362792969 ] } },
{ "type": "Feature", "properties": { "vehicle_id": "A3114", "latitude": 42.685779571533203, "longitude": 23.377073287963867, "raw_occupancy": 2, "timestamp": "2026-09-15 19:45:34" }, "geometry": { "type": "Point", "coordinates": [ 23.377073287963867, 42.685779571533203 ] } },
{ "type": "Feature", "properties": { "vehicle_id": "A7065", "latitude": 42.731807708740234, "longitude": 23.296680450439453, "raw_occupancy": 1, "timestamp": "2026-09-15 19:45:34" }, "geometry": { "type": "Point", "coordinates": [ 23.296680450439453, 42.731807708740234 ] } },
{ "type": "Feature", "properties": { "vehicle_id": "A2309", "latitude": 42.665904998779297, "longitude": 23.363225936889648, "raw_occupancy": 1, "timestamp": "2026-09-15 19:45:34" }, "geometry": { "type": "Point", "coordinates": [ 23.363225936889648, 42.665904998779297 ] } },
{ "type": "Feature", "properties": { "vehicle_id": "A7117", "latitude": 42.739536285400391, "longitude": 23.309530258178711, "raw_occupancy": 1, "timestamp": "2026-09-15 19:45:34" }, "geometry": { "type": "Point", "coordinates": [ 23.309530258178711, 42.739536285400391 ] } },
{ "type": "Feature", "properties": { "vehicle_id": "A1215", "latitude": 42.635257720947266, "longitude": 23.373189926147461, "raw_occupancy": 1, "timestamp": "2026-09-15 19:45:34" }, "geometry": { "type": "Point", "coordinates": [ 23.373189926147461, 42.635257720947266 ] } },
{ "type": "Feature", "properties": { "vehicle_id": "A2055", "latitude": 42.721229553222656, "longitude": 23.27226448059082, "raw_occupancy": 1, "timestamp": "2026-09-15 19:45:34" }, "geometry": { "type": "Point", "coordinates": [ 23.27226448059082, 42.721229553222656 ] } },
{ "type": "Feature", "properties": { "vehicle_id": "A1186", "latitude": 42.659786224365234, "longitude": 23.34754753112793, "raw_occupancy": 2, "timestamp": "2026-09-15 19:45:34" }, "geometry": { "type": "Point", "coordinates": [ 23.34754753112793, 42.659786224365234 ] } },
{ "type": "Feature", "properties": { "vehicle_id": "A1849", "latitude": 42.737545013427734, "longitude": 23.298439025878906, "raw_occupancy": 2, "timestamp": "2026-09-15 19:45:34" }, "geometry": { "type": "Point", "coordinates": [ 23.298439025878906, 42.737545013427734 ] } },
{ "type": "Feature", "properties": { "vehicle_id": "A3103", "latitude": 42.67633056640625, "longitude": 23.357427597045898, "raw_occupancy": 1, "timestamp": "2026-09-15 19:45:34" }, "geometry": { "type": "Point", "coordinates": [ 23.357427597045898, 42.67633056640625 ] } },
{ "type": "Feature", "properties": { "vehicle_id": "A1313", "latitude": 42.669364929199219, "longitude": 23.276695251464844, "raw_occupancy": 1, "timestamp": "2026-09-15 19:45:34" }, "geometry": { "type": "Point", "coordinates": [ 23.276695251464844, 42.669364929199219 ] } },
{ "type": "Feature", "properties": { "vehicle_id": "A1212", "latitude": 42.679122924804688, "longitude": 23.300418853759766, "raw_occupancy": 1, "timestamp": "2026-09-15 19:45:34" }, "geometry": { "type": "Point", "coordinates": [ 23.300418853759766, 42.679122924804688 ] } },
{ "type": "Feature", "properties": { "vehicle_id": "A1420", "latitude": 42.680149078369141, "longitude": 23.302436828613281, "raw_occupancy": 1, "timestamp": "2026-09-15 19:45:34" }, "geometry": { "type": "Point", "coordinates": [ 23.302436828613281, 42.680149078369141 ] } },
{ "type": "Feature", "properties": { "vehicle_id": "A2319", "latitude": 42.646968841552734, "longitude": 23.346218109130859, "raw_occupancy": 0, "timestamp": "2026-09-15 19:45:34" }, "geometry": { "type": "Point", "coordinates": [ 23.346218109130859, 42.646968841552734 ] } },
{ "type": "Feature", "properties": { "vehicle_id": "A2505", "latitude": 42.688320159912109, "longitude": 23.334342956542969, "raw_occupancy": 1, "timestamp": "2026-09-15 19:45:34" }, "geometry": { "type": "Point", "coordinates": [ 23.334342956542969, 42.688320159912109 ] } },
{ "type": "Feature", "properties": { "vehicle_id": "A7069", "latitude": 42.823348999023438, "longitude": 23.284439086914062, "raw_occupancy": 0, "timestamp": "2026-09-15 19:45:34" }, "geometry": { "type": "Point", "coordinates": [ 23.284439086914062, 42.823348999023438 ] } },
{ "type": "Feature", "properties": { "vehicle_id": "A1603", "latitude": 42.726276397705078, "longitude": 23.241317749023438, "raw_occupancy": 1, "timestamp": "2026-09-15 19:45:34" }, "geometry": { "type": "Point", "coordinates": [ 23.241317749023438, 42.726276397705078 ] } },
{ "type": "Feature", "properties": { "vehicle_id": "A7097", "latitude": 42.758758544921875, "longitude": 23.354076385498047, "raw_occupancy": 0, "timestamp": "2026-09-15 19:45:34" }, "geometry": { "type": "Point", "coordinates": [ 23.354076385498047, 42.758758544921875 ] } },
{ "type": "Feature", "properties": { "vehicle_id": "A7191", "latitude": 42.717967987060547, "longitude": 23.356931686401367, "raw_occupancy": 1, "timestamp": "2026-09-15 19:45:34" }, "geometry": { "type": "Point", "coordinates": [ 23.356931686401367, 42.717967987060547 ] } },
{ "type": "Feature", "properties": { "vehicle_id": "A1604", "latitude": 42.705047607421875, "longitude": 23.318668365478516, "raw_occupancy": 0, "timestamp": "2026-09-15 19:45:34" }, "geometry": { "type": "Point", "coordinates": [ 23.318668365478516, 42.705047607421875 ] } },
{ "type": "Feature", "properties": { "vehicle_id": "A1037", "latitude": 42.654239654541016, "longitude": 23.330961227416992, "raw_occupancy": 2, "timestamp": "2026-09-15 19:45:34" }, "geometry": { "type": "Point", "coordinates": [ 23.330961227416992, 42.654239654541016 ] } },
{ "type": "Feature", "properties": { "vehicle_id": "A7085", "latitude": 42.708892822265625, "longitude": 23.434125900268555, "raw_occupancy": 0, "timestamp": "2026-09-15 19:45:34" }, "geometry": { "type": "Point", "coordinates": [ 23.434125900268555, 42.708892822265625 ] } },
{ "type": "Feature", "properties": { "vehicle_id": "A1205", "latitude": 42.643173217773438, "longitude": 23.312976837158203, "raw_occupancy": 2, "timestamp": "2026-09-15 19:45:34" }, "geometry": { "type": "Point", "coordinates": [ 23.312976837158203, 42.643173217773438 ] } },
{ "type": "Feature", "properties": { "vehicle_id": "A2140", "latitude": 42.733802795410156, "longitude": 23.328388214111328, "raw_occupancy": 0, "timestamp": "2026-09-15 19:45:34" }, "geometry": { "type": "Point", "coordinates": [ 23.328388214111328, 42.733802795410156 ] } },
{ "type": "Feature", "properties": { "vehicle_id": "A2075", "latitude": 42.637004852294922, "longitude": 23.419223785400391, "raw_occupancy": 0, "timestamp": "2026-09-15 19:45:34" }, "geometry": { "type": "Point", "coordinates": [ 23.419223785400391, 42.637004852294922 ] } },
{ "type": "Feature", "properties": { "vehicle_id": "A3139", "latitude": 42.681968688964844, "longitude": 23.349830627441406, "raw_occupancy": 2, "timestamp": "2026-09-15 19:45:34" }, "geometry": { "type": "Point", "coordinates": [ 23.349830627441406, 42.681968688964844 ] } },
{ "type": "Feature", "properties": { "vehicle_id": "A2153", "latitude": 42.701854705810547, "longitude": 23.350399017333984, "raw_occupancy": 1, "timestamp": "2026-09-15 19:45:34" }, "geometry": { "type": "Point", "coordinates": [ 23.350399017333984, 42.701854705810547 ] } },
{ "type": "Feature", "properties": { "vehicle_id": "A2816", "latitude": 42.738292694091797, "longitude": 23.326383590698242, "raw_occupancy": 0, "timestamp": "2026-09-15 19:45:34" }, "geometry": { "type": "Point", "coordinates": [ 23.326383590698242, 42.738292694091797 ] } },
{ "type": "Feature", "properties": { "vehicle_id": "A1211", "latitude": 42.702194213867188, "longitude": 23.285121917724609, "raw_occupancy": 0, "timestamp": "2026-09-15 19:45:34" }, "geometry": { "type": "Point", "coordinates": [ 23.285121917724609, 42.702194213867188 ] } },
{ "type": "Feature", "properties": { "vehicle_id": "A7129", "latitude": 42.715297698974609, "longitude": 23.360319137573242, "raw_occupancy": 0, "timestamp": "2026-09-15 19:45:34" }, "geometry": { "type": "Point", "coordinates": [ 23.360319137573242, 42.715297698974609 ] } },
{ "type": "Feature", "properties": { "vehicle_id": "A7181", "latitude": 42.757362365722656, "longitude": 23.321100234985352, "raw_occupancy": 0, "timestamp": "2026-09-15 19:45:34" }, "geometry": { "type": "Point", "coordinates": [ 23.321100234985352, 42.757362365722656 ] } },
{ "type": "Feature", "properties": { "vehicle_id": "A1174", "latitude": 42.647640228271484, "longitude": 23.297513961791992, "raw_occupancy": 1, "timestamp": "2026-09-15 19:45:34" }, "geometry": { "type": "Point", "coordinates": [ 23.297513961791992, 42.647640228271484 ] } },
{ "type": "Feature", "properties": { "vehicle_id": "A1034", "latitude": 42.660320281982422, "longitude": 23.264959335327148, "raw_occupancy": 2, "timestamp": "2026-09-15 19:45:34" }, "geometry": { "type": "Point", "coordinates": [ 23.264959335327148, 42.660320281982422 ] } },
{ "type": "Feature", "properties": { "vehicle_id": "A7095", "latitude": 42.707771301269531, "longitude": 23.447977066040039, "raw_occupancy": 1, "timestamp": "2026-09-15 19:45:34" }, "geometry": { "type": "Point", "coordinates": [ 23.447977066040039, 42.707771301269531 ] } },
{ "type": "Feature", "properties": { "vehicle_id": "A1305", "latitude": 42.658531188964844, "longitude": 23.240383148193359, "raw_occupancy": 1, "timestamp": "2026-09-15 19:45:34" }, "geometry": { "type": "Point", "coordinates": [ 23.240383148193359, 42.658531188964844 ] } },
{ "type": "Feature", "properties": { "vehicle_id": "A7045", "latitude": 42.706951141357422, "longitude": 23.335735321044922, "raw_occupancy": 1, "timestamp": "2026-09-15 19:45:34" }, "geometry": { "type": "Point", "coordinates": [ 23.335735321044922, 42.706951141357422 ] } },
{ "type": "Feature", "properties": { "vehicle_id": "A2078", "latitude": 42.677768707275391, "longitude": 23.370359420776367, "raw_occupancy": 0, "timestamp": "2026-09-15 19:45:34" }, "geometry": { "type": "Point", "coordinates": [ 23.370359420776367, 42.677768707275391 ] } },
{ "type": "Feature", "properties": { "vehicle_id": "A7187", "latitude": 42.751491546630859, "longitude": 23.435564041137695, "raw_occupancy": 0, "timestamp": "2026-09-15 19:45:34" }, "geometry": { "type": "Point", "coordinates": [ 23.435564041137695, 42.751491546630859 ] } },
{ "type": "Feature", "properties": { "vehicle_id": "A1036", "latitude": 42.643707275390625, "longitude": 23.334121704101562, "raw_occupancy": 1, "timestamp": "2026-09-15 19:45:34" }, "geometry": { "type": "Point", "coordinates": [ 23.334121704101562, 42.643707275390625 ] } },
{ "type": "Feature", "properties": { "vehicle_id": "A2030", "latitude": 42.656723022460938, "longitude": 23.326541900634766, "raw_occupancy": 0, "timestamp": "2026-09-15 19:45:34" }, "geometry": { "type": "Point", "coordinates": [ 23.326541900634766, 42.656723022460938 ] } },
{ "type": "Feature", "properties": { "vehicle_id": "A2087", "latitude": 42.737152099609375, "longitude": 23.26837158203125, "raw_occupancy": 1, "timestamp": "2026-09-15 19:45:34" }, "geometry": { "type": "Point", "coordinates": [ 23.26837158203125, 42.737152099609375 ] } },
{ "type": "Feature", "properties": { "vehicle_id": "A2067", "latitude": 42.723556518554688, "longitude": 23.302444458007812, "raw_occupancy": 2, "timestamp": "2026-09-15 19:45:34" }, "geometry": { "type": "Point", "coordinates": [ 23.302444458007812, 42.723556518554688 ] } },
{ "type": "Feature", "properties": { "vehicle_id": "A2027", "latitude": 42.696853637695312, "longitude": 23.35179328918457, "raw_occupancy": 1, "timestamp": "2026-09-15 19:45:34" }, "geometry": { "type": "Point", "coordinates": [ 23.35179328918457, 42.696853637695312 ] } },
{ "type": "Feature", "properties": { "vehicle_id": "A3403", "latitude": 42.659519195556641, "longitude": 23.324552536010742, "raw_occupancy": 0, "timestamp": "2026-09-15 19:45:34" }, "geometry": { "type": "Point", "coordinates": [ 23.324552536010742, 42.659519195556641 ] } },
{ "type": "Feature", "properties": { "vehicle_id": "A3301", "latitude": 42.667903900146484, "longitude": 23.326669692993164, "raw_occupancy": 1, "timestamp": "2026-09-15 19:45:34" }, "geometry": { "type": "Point", "coordinates": [ 23.326669692993164, 42.667903900146484 ] } },
{ "type": "Feature", "properties": { "vehicle_id": "A2831", "latitude": 42.669158935546875, "longitude": 23.267940521240234, "raw_occupancy": 0, "timestamp": "2026-09-15 19:45:34" }, "geometry": { "type": "Point", "coordinates": [ 23.267940521240234, 42.669158935546875 ] } },
{ "type": "Feature", "properties": { "vehicle_id": "A3146", "latitude": 42.643459320068359, "longitude": 23.412237167358398, "raw_occupancy": 1, "timestamp": "2026-09-15 19:45:34" }, "geometry": { "type": "Point", "coordinates": [ 23.412237167358398, 42.643459320068359 ] } },
{ "type": "Feature", "properties": { "vehicle_id": "A1607", "latitude": 42.696418762207031, "longitude": 23.360389709472656, "raw_occupancy": 1, "timestamp": "2026-09-15 19:45:34" }, "geometry": { "type": "Point", "coordinates": [ 23.360389709472656, 42.696418762207031 ] } },
{ "type": "Feature", "properties": { "vehicle_id": "A3144", "latitude": 42.674289703369141, "longitude": 23.287189483642578, "raw_occupancy": 1, "timestamp": "2026-09-15 19:45:34" }, "geometry": { "type": "Point", "coordinates": [ 23.287189483642578, 42.674289703369141 ] } },
{ "type": "Feature", "properties": { "vehicle_id": "A1187", "latitude": 42.724925994873047, "longitude": 23.281641006469727, "raw_occupancy": 1, "timestamp": "2026-09-15 19:45:34" }, "geometry": { "type": "Point", "coordinates": [ 23.281641006469727, 42.724925994873047 ] } },
{ "type": "Feature", "properties": { "vehicle_id": "A3153", "latitude": 42.704841613769531, "longitude": 23.329130172729492, "raw_occupancy": 1, "timestamp": "2026-09-15 19:45:34" }, "geometry": { "type": "Point", "coordinates": [ 23.329130172729492, 42.704841613769531 ] } },
{ "type": "Feature", "properties": { "vehicle_id": "A1308", "latitude": 42.658500671386719, "longitude": 23.239589691162109, "raw_occupancy": 1, "timestamp": "2026-09-15 19:45:34" }, "geometry": { "type": "Point", "coordinates": [ 23.239589691162109, 42.658500671386719 ] } },
{ "type": "Feature", "properties": { "vehicle_id": "A3012", "latitude": 42.691162109375, "longitude": 23.354251861572266, "raw_occupancy": 3, "timestamp": "2026-09-15 19:45:34" }, "geometry": { "type": "Point", "coordinates": [ 23.354251861572266, 42.691162109375 ] } },
{ "type": "Feature", "properties": { "vehicle_id": "A3661", "latitude": 42.599723815917969, "longitude": 23.367885589599609, "raw_occupancy": 0, "timestamp": "2026-09-15 19:45:34" }, "geometry": { "type": "Point", "coordinates": [ 23.367885589599609, 42.599723815917969 ] } },
{ "type": "Feature", "properties": { "vehicle_id": "A7133", "latitude": 42.806854248046875, "longitude": 23.348272323608398, "raw_occupancy": 1, "timestamp": "2026-09-15 19:45:34" }, "geometry": { "type": "Point", "coordinates": [ 23.348272323608398, 42.806854248046875 ] } },
{ "type": "Feature", "properties": { "vehicle_id": "A1809", "latitude": 42.722076416015625, "longitude": 23.257209777832031, "raw_occupancy": 1, "timestamp": "2026-09-15 19:45:34" }, "geometry": { "type": "Point", "coordinates": [ 23.257209777832031, 42.722076416015625 ] } },
{ "type": "Feature", "properties": { "vehicle_id": "A1310", "latitude": 42.722373962402344, "longitude": 23.101106643676758, "raw_occupancy": 0, "timestamp": "2026-09-15 19:45:34" }, "geometry": { "type": "Point", "coordinates": [ 23.101106643676758, 42.722373962402344 ] } },
{ "type": "Feature", "properties": { "vehicle_id": "A7187", "latitude": 42.735832214355469, "longitude": 23.394161224365234, "raw_occupancy": 0, "timestamp": "2026-09-15 19:55:35" }, "geometry": { "type": "Point", "coordinates": [ 23.394161224365234, 42.735832214355469 ] } },
{ "type": "Feature", "properties": { "vehicle_id": "A2306", "latitude": 42.651878356933594, "longitude": 23.350088119506836, "raw_occupancy": 2, "timestamp": "2026-09-15 19:55:35" }, "geometry": { "type": "Point", "coordinates": [ 23.350088119506836, 42.651878356933594 ] } },
{ "type": "Feature", "properties": { "vehicle_id": "A2023", "latitude": 42.691631317138672, "longitude": 23.351348876953125, "raw_occupancy": 0, "timestamp": "2026-09-15 19:55:35" }, "geometry": { "type": "Point", "coordinates": [ 23.351348876953125, 42.691631317138672 ] } },
{ "type": "Feature", "properties": { "vehicle_id": "A2005", "latitude": 42.656593322753906, "longitude": 23.327630996704102, "raw_occupancy": 0, "timestamp": "2026-09-15 19:55:35" }, "geometry": { "type": "Point", "coordinates": [ 23.327630996704102, 42.656593322753906 ] } },
{ "type": "Feature", "properties": { "vehicle_id": "A2518", "latitude": 42.671302795410156, "longitude": 23.370532989501953, "raw_occupancy": 0, "timestamp": "2026-09-15 19:55:35" }, "geometry": { "type": "Point", "coordinates": [ 23.370532989501953, 42.671302795410156 ] } },
{ "type": "Feature", "properties": { "vehicle_id": "A1301", "latitude": 42.625694274902344, "longitude": 23.192901611328125, "raw_occupancy": 0, "timestamp": "2026-09-15 19:55:35" }, "geometry": { "type": "Point", "coordinates": [ 23.192901611328125, 42.625694274902344 ] } },
{ "type": "Feature", "properties": { "vehicle_id": "A1037", "latitude": 42.652980804443359, "longitude": 23.294330596923828, "raw_occupancy": 1, "timestamp": "2026-09-15 19:55:35" }, "geometry": { "type": "Point", "coordinates": [ 23.294330596923828, 42.652980804443359 ] } },
{ "type": "Feature", "properties": { "vehicle_id": "A3403", "latitude": 42.667736053466797, "longitude": 23.326820373535156, "raw_occupancy": 1, "timestamp": "2026-09-15 19:55:35" }, "geometry": { "type": "Point", "coordinates": [ 23.326820373535156, 42.667736053466797 ] } },
{ "type": "Feature", "properties": { "vehicle_id": "A3017", "latitude": 42.696117401123047, "longitude": 23.347784042358398, "raw_occupancy": 0, "timestamp": "2026-09-15 19:55:35" }, "geometry": { "type": "Point", "coordinates": [ 23.347784042358398, 42.696117401123047 ] } },
{ "type": "Feature", "properties": { "vehicle_id": "A7093", "latitude": 42.737590789794922, "longitude": 23.263618469238281, "raw_occupancy": 1, "timestamp": "2026-09-15 19:55:35" }, "geometry": { "type": "Point", "coordinates": [ 23.263618469238281, 42.737590789794922 ] } },
{ "type": "Feature", "properties": { "vehicle_id": "A1232", "latitude": 42.747463226318359, "longitude": 23.279581069946289, "raw_occupancy": 0, "timestamp": "2026-09-15 19:55:35" }, "geometry": { "type": "Point", "coordinates": [ 23.279581069946289, 42.747463226318359 ] } },
{ "type": "Feature", "properties": { "vehicle_id": "A2507", "latitude": 42.701057434082031, "longitude": 23.275917053222656, "raw_occupancy": 0, "timestamp": "2026-09-15 19:55:35" }, "geometry": { "type": "Point", "coordinates": [ 23.275917053222656, 42.701057434082031 ] } },
{ "type": "Feature", "properties": { "vehicle_id": "A2505", "latitude": 42.696723937988281, "longitude": 23.355657577514648, "raw_occupancy": 2, "timestamp": "2026-09-15 19:55:35" }, "geometry": { "type": "Point", "coordinates": [ 23.355657577514648, 42.696723937988281 ] } },
{ "type": "Feature", "properties": { "vehicle_id": "A2811", "latitude": 42.672073364257812, "longitude": 23.220973968505859, "raw_occupancy": 0, "timestamp": "2026-09-15 19:55:35" }, "geometry": { "type": "Point", "coordinates": [ 23.220973968505859, 42.672073364257812 ] } },
{ "type": "Feature", "properties": { "vehicle_id": "A7083", "latitude": 42.709197998046875, "longitude": 23.384183883666992, "raw_occupancy": 1, "timestamp": "2026-09-15 19:55:35" }, "geometry": { "type": "Point", "coordinates": [ 23.384183883666992, 42.709197998046875 ] } },
{ "type": "Feature", "properties": { "vehicle_id": "A3651", "latitude": 42.601970672607422, "longitude": 23.402988433837891, "raw_occupancy": 0, "timestamp": "2026-09-15 19:55:35" }, "geometry": { "type": "Point", "coordinates": [ 23.402988433837891, 42.601970672607422 ] } },
{ "type": "Feature", "properties": { "vehicle_id": "A7061", "latitude": 42.770397186279297, "longitude": 23.315574645996094, "raw_occupancy": 4, "timestamp": "2026-09-15 19:55:35" }, "geometry": { "type": "Point", "coordinates": [ 23.315574645996094, 42.770397186279297 ] } },
{ "type": "Feature", "properties": { "vehicle_id": "A3135", "latitude": 42.671131134033203, "longitude": 23.334188461303711, "raw_occupancy": 1, "timestamp": "2026-09-15 19:55:35" }, "geometry": { "type": "Point", "coordinates": [ 23.334188461303711, 42.671131134033203 ] } },
{ "type": "Feature", "properties": { "vehicle_id": "A2014", "latitude": 42.699501037597656, "longitude": 23.342941284179688, "raw_occupancy": 1, "timestamp": "2026-09-15 19:55:35" }, "geometry": { "type": "Point", "coordinates": [ 23.342941284179688, 42.699501037597656 ] } },
{ "type": "Feature", "properties": { "vehicle_id": "A2302", "latitude": 42.690452575683594, "longitude": 23.337421417236328, "raw_occupancy": 0, "timestamp": "2026-09-15 19:55:35" }, "geometry": { "type": "Point", "coordinates": [ 23.337421417236328, 42.690452575683594 ] } },
{ "type": "Feature", "properties": { "vehicle_id": "A2041", "latitude": 42.706348419189453, "longitude": 23.300996780395508, "raw_occupancy": 1, "timestamp": "2026-09-15 19:55:35" }, "geometry": { "type": "Point", "coordinates": [ 23.300996780395508, 42.706348419189453 ] } },
{ "type": "Feature", "properties": { "vehicle_id": "A2831", "latitude": 42.664871215820312, "longitude": 23.247673034667969, "raw_occupancy": 1, "timestamp": "2026-09-15 19:55:35" }, "geometry": { "type": "Point", "coordinates": [ 23.247673034667969, 42.664871215820312 ] } },
{ "type": "Feature", "properties": { "vehicle_id": "A1182", "latitude": 42.660133361816406, "longitude": 23.305553436279297, "raw_occupancy": 1, "timestamp": "2026-09-15 19:55:35" }, "geometry": { "type": "Point", "coordinates": [ 23.305553436279297, 42.660133361816406 ] } },
{ "type": "Feature", "properties": { "vehicle_id": "A1181", "latitude": 42.721279144287109, "longitude": 23.280361175537109, "raw_occupancy": 0, "timestamp": "2026-09-15 19:55:35" }, "geometry": { "type": "Point", "coordinates": [ 23.280361175537109, 42.721279144287109 ] } },
{ "type": "Feature", "properties": { "vehicle_id": "A2086", "latitude": 42.707557678222656, "longitude": 23.344194412231445, "raw_occupancy": 0, "timestamp": "2026-09-15 19:55:35" }, "geometry": { "type": "Point", "coordinates": [ 23.344194412231445, 42.707557678222656 ] } },
{ "type": "Feature", "properties": { "vehicle_id": "A1231", "latitude": 42.698184967041016, "longitude": 23.28632926940918, "raw_occupancy": 1, "timestamp": "2026-09-15 19:55:35" }, "geometry": { "type": "Point", "coordinates": [ 23.28632926940918, 42.698184967041016 ] } },
{ "type": "Feature", "properties": { "vehicle_id": "A1166", "latitude": 42.733634948730469, "longitude": 23.308177947998047, "raw_occupancy": 1, "timestamp": "2026-09-15 19:55:35" }, "geometry": { "type": "Point", "coordinates": [ 23.308177947998047, 42.733634948730469 ] } },
{ "type": "Feature", "properties": { "vehicle_id": "A3670", "latitude": 42.673599243164062, "longitude": 23.395593643188477, "raw_occupancy": 1, "timestamp": "2026-09-15 19:55:35" }, "geometry": { "type": "Point", "coordinates": [ 23.395593643188477, 42.673599243164062 ] } },
{ "type": "Feature", "properties": { "vehicle_id": "A2020", "latitude": 42.679172515869141, "longitude": 23.321819305419922, "raw_occupancy": 0, "timestamp": "2026-09-15 19:55:35" }, "geometry": { "type": "Point", "coordinates": [ 23.321819305419922, 42.679172515869141 ] } },
{ "type": "Feature", "properties": { "vehicle_id": "A2042", "latitude": 42.678153991699219, "longitude": 23.327333450317383, "raw_occupancy": 1, "timestamp": "2026-09-15 19:55:35" }, "geometry": { "type": "Point", "coordinates": [ 23.327333450317383, 42.678153991699219 ] } },
{ "type": "Feature", "properties": { "vehicle_id": "A3622", "latitude": 42.664844512939453, "longitude": 23.453128814697266, "raw_occupancy": 1, "timestamp": "2026-09-15 19:55:35" }, "geometry": { "type": "Point", "coordinates": [ 23.453128814697266, 42.664844512939453 ] } },
{ "type": "Feature", "properties": { "vehicle_id": "A1829", "latitude": 42.718532562255859, "longitude": 23.262393951416016, "raw_occupancy": 1, "timestamp": "2026-09-15 19:55:35" }, "geometry": { "type": "Point", "coordinates": [ 23.262393951416016, 42.718532562255859 ] } },
{ "type": "Feature", "properties": { "vehicle_id": "A3661", "latitude": 42.632846832275391, "longitude": 23.354473114013672, "raw_occupancy": 1, "timestamp": "2026-09-15 19:55:35" }, "geometry": { "type": "Point", "coordinates": [ 23.354473114013672, 42.632846832275391 ] } },
{ "type": "Feature", "properties": { "vehicle_id": "A1613", "latitude": 42.752742767333984, "longitude": 23.215579986572266, "raw_occupancy": 0, "timestamp": "2026-09-15 19:55:35" }, "geometry": { "type": "Point", "coordinates": [ 23.215579986572266, 42.752742767333984 ] } },
{ "type": "Feature", "properties": { "vehicle_id": "A7087", "latitude": 42.726020812988281, "longitude": 23.261268615722656, "raw_occupancy": 0, "timestamp": "2026-09-15 19:55:35" }, "geometry": { "type": "Point", "coordinates": [ 23.261268615722656, 42.726020812988281 ] } },
{ "type": "Feature", "properties": { "vehicle_id": "A2001", "latitude": 42.702342987060547, "longitude": 23.360466003417969, "raw_occupancy": 2, "timestamp": "2026-09-15 19:55:35" }, "geometry": { "type": "Point", "coordinates": [ 23.360466003417969, 42.702342987060547 ] } },
{ "type": "Feature", "properties": { "vehicle_id": "A3139", "latitude": 42.681709289550781, "longitude": 23.314609527587891, "raw_occupancy": 2, "timestamp": "2026-09-15 19:55:35" }, "geometry": { "type": "Point", "coordinates": [ 23.314609527587891, 42.681709289550781 ] } },
{ "type": "Feature", "properties": { "vehicle_id": "A3600", "latitude": 42.669155120849609, "longitude": 23.400245666503906, "raw_occupancy": 1, "timestamp": "2026-09-15 19:55:35" }, "geometry": { "type": "Point", "coordinates": [ 23.400245666503906, 42.669155120849609 ] } },
{ "type": "Feature", "properties": { "vehicle_id": "A2072", "latitude": 42.70947265625, "longitude": 23.335273742675781, "raw_occupancy": 0, "timestamp": "2026-09-15 19:55:35" }, "geometry": { "type": "Point", "coordinates": [ 23.335273742675781, 42.70947265625 ] } },
{ "type": "Feature", "properties": { "vehicle_id": "A2083", "latitude": 42.706382751464844, "longitude": 23.302455902099609, "raw_occupancy": 1, "timestamp": "2026-09-15 19:55:35" }, "geometry": { "type": "Point", "coordinates": [ 23.302455902099609, 42.706382751464844 ] } },
{ "type": "Feature", "properties": { "vehicle_id": "A1212", "latitude": 42.651840209960938, "longitude": 23.280092239379883, "raw_occupancy": 2, "timestamp": "2026-09-15 19:55:35" }, "geometry": { "type": "Point", "coordinates": [ 23.280092239379883, 42.651840209960938 ] } },
{ "type": "Feature", "properties": { "vehicle_id": "A7171", "latitude": 42.738018035888672, "longitude": 23.262746810913086, "raw_occupancy": 0, "timestamp": "2026-09-15 19:55:35" }, "geometry": { "type": "Point", "coordinates": [ 23.262746810913086, 42.738018035888672 ] } },
{ "type": "Feature", "properties": { "vehicle_id": "A1831", "latitude": 42.679988861083984, "longitude": 23.246797561645508, "raw_occupancy": 1, "timestamp": "2026-09-15 19:55:35" }, "geometry": { "type": "Point", "coordinates": [ 23.246797561645508, 42.679988861083984 ] } },
{ "type": "Feature", "properties": { "vehicle_id": "A1607", "latitude": 42.67767333984375, "longitude": 23.370412826538086, "raw_occupancy": 0, "timestamp": "2026-09-15 19:55:35" }, "geometry": { "type": "Point", "coordinates": [ 23.370412826538086, 42.67767333984375 ] } },
{ "type": "Feature", "properties": { "vehicle_id": "A3409", "latitude": 42.6810302734375, "longitude": 23.350788116455078, "raw_occupancy": 2, "timestamp": "2026-09-15 19:55:35" }, "geometry": { "type": "Point", "coordinates": [ 23.350788116455078, 42.6810302734375 ] } },
{ "type": "Feature", "properties": { "vehicle_id": "A1606", "latitude": 42.63287353515625, "longitude": 23.334539413452148, "raw_occupancy": 1, "timestamp": "2026-09-15 19:55:35" }, "geometry": { "type": "Point", "coordinates": [ 23.334539413452148, 42.63287353515625 ] } },
{ "type": "Feature", "properties": { "vehicle_id": "A7097", "latitude": 42.726413726806641, "longitude": 23.344667434692383, "raw_occupancy": 0, "timestamp": "2026-09-15 19:55:35" }, "geometry": { "type": "Point", "coordinates": [ 23.344667434692383, 42.726413726806641 ] } },
{ "type": "Feature", "properties": { "vehicle_id": "A7159", "latitude": 42.803852081298828, "longitude": 23.345054626464844, "raw_occupancy": 0, "timestamp": "2026-09-15 19:55:35" }, "geometry": { "type": "Point", "coordinates": [ 23.345054626464844, 42.803852081298828 ] } },
{ "type": "Feature", "properties": { "vehicle_id": "A1217", "latitude": 42.714851379394531, "longitude": 23.166431427001953, "raw_occupancy": 1, "timestamp": "2026-09-15 19:55:35" }, "geometry": { "type": "Point", "coordinates": [ 23.166431427001953, 42.714851379394531 ] } },
{ "type": "Feature", "properties": { "vehicle_id": "A3665", "latitude": 42.660259246826172, "longitude": 23.388660430908203, "raw_occupancy": 1, "timestamp": "2026-09-15 19:55:35" }, "geometry": { "type": "Point", "coordinates": [ 23.388660430908203, 42.660259246826172 ] } },
{ "type": "Feature", "properties": { "vehicle_id": "A7193", "latitude": 42.714805603027344, "longitude": 23.341583251953125, "raw_occupancy": 0, "timestamp": "2026-09-15 19:55:35" }, "geometry": { "type": "Point", "coordinates": [ 23.341583251953125, 42.714805603027344 ] } },
{ "type": "Feature", "properties": { "vehicle_id": "A7089", "latitude": 42.848045349121094, "longitude": 23.268447875976562, "raw_occupancy": 0, "timestamp": "2026-09-15 19:55:35" }, "geometry": { "type": "Point", "coordinates": [ 23.268447875976562, 42.848045349121094 ] } },
{ "type": "Feature", "properties": { "vehicle_id": "A2035", "latitude": 42.660797119140625, "longitude": 23.346895217895508, "raw_occupancy": 1, "timestamp": "2026-09-15 19:55:35" }, "geometry": { "type": "Point", "coordinates": [ 23.346895217895508, 42.660797119140625 ] } },
{ "type": "Feature", "properties": { "vehicle_id": "A3121", "latitude": 42.657001495361328, "longitude": 23.386430740356445, "raw_occupancy": 1, "timestamp": "2026-09-15 19:55:35" }, "geometry": { "type": "Point", "coordinates": [ 23.386430740356445, 42.657001495361328 ] } },
{ "type": "Feature", "properties": { "vehicle_id": "A1229", "latitude": 42.718807220458984, "longitude": 23.223577499389648, "raw_occupancy": 1, "timestamp": "2026-09-15 19:55:35" }, "geometry": { "type": "Point", "coordinates": [ 23.223577499389648, 42.718807220458984 ] } },
{ "type": "Feature", "properties": { "vehicle_id": "A3603", "latitude": 42.662185668945312, "longitude": 23.415525436401367, "raw_occupancy": 0, "timestamp": "2026-09-15 19:55:35" }, "geometry": { "type": "Point", "coordinates": [ 23.415525436401367, 42.662185668945312 ] } },
{ "type": "Feature", "properties": { "vehicle_id": "A7169", "latitude": 42.755325317382812, "longitude": 23.557859420776367, "raw_occupancy": 0, "timestamp": "2026-09-15 19:55:35" }, "geometry": { "type": "Point", "coordinates": [ 23.557859420776367, 42.755325317382812 ] } },
{ "type": "Feature", "properties": { "vehicle_id": "A2318", "latitude": 42.664344787597656, "longitude": 23.36033821105957, "raw_occupancy": 1, "timestamp": "2026-09-15 19:55:35" }, "geometry": { "type": "Point", "coordinates": [ 23.36033821105957, 42.664344787597656 ] } },
{ "type": "Feature", "properties": { "vehicle_id": "A2044", "latitude": 42.713237762451172, "longitude": 23.380744934082031, "raw_occupancy": 1, "timestamp": "2026-09-15 19:55:35" }, "geometry": { "type": "Point", "coordinates": [ 23.380744934082031, 42.713237762451172 ] } },
{ "type": "Feature", "properties": { "vehicle_id": "A2069", "latitude": 42.633335113525391, "longitude": 23.449609756469727, "raw_occupancy": 0, "timestamp": "2026-09-15 19:55:35" }, "geometry": { "type": "Point", "coordinates": [ 23.449609756469727, 42.633335113525391 ] } },
{ "type": "Feature", "properties": { "vehicle_id": "A2309", "latitude": 42.651771545410156, "longitude": 23.351526260375977, "raw_occupancy": 1, "timestamp": "2026-09-15 19:55:35" }, "geometry": { "type": "Point", "coordinates": [ 23.351526260375977, 42.651771545410156 ] } },
{ "type": "Feature", "properties": { "vehicle_id": "A1616", "latitude": 42.706718444824219, "longitude": 23.300243377685547, "raw_occupancy": 1, "timestamp": "2026-09-15 19:55:35" }, "geometry": { "type": "Point", "coordinates": [ 23.300243377685547, 42.706718444824219 ] } },
{ "type": "Feature", "properties": { "vehicle_id": "A3151", "latitude": 42.649066925048828, "longitude": 23.372562408447266, "raw_occupancy": 1, "timestamp": "2026-09-15 19:55:35" }, "geometry": { "type": "Point", "coordinates": [ 23.372562408447266, 42.649066925048828 ] } },
{ "type": "Feature", "properties": { "vehicle_id": "A1021", "latitude": 42.670421600341797, "longitude": 23.228855133056641, "raw_occupancy": 1, "timestamp": "2026-09-15 19:55:35" }, "geometry": { "type": "Point", "coordinates": [ 23.228855133056641, 42.670421600341797 ] } },
{ "type": "Feature", "properties": { "vehicle_id": "A2077", "latitude": 42.807632446289062, "longitude": 23.376779556274414, "raw_occupancy": 1, "timestamp": "2026-09-15 19:55:35" }, "geometry": { "type": "Point", "coordinates": [ 23.376779556274414, 42.807632446289062 ] } },
{ "type": "Feature", "properties": { "vehicle_id": "A3614", "latitude": 42.652595520019531, "longitude": 23.373752593994141, "raw_occupancy": 0, "timestamp": "2026-09-15 19:55:35" }, "geometry": { "type": "Point", "coordinates": [ 23.373752593994141, 42.652595520019531 ] } },
{ "type": "Feature", "properties": { "vehicle_id": "A1425", "latitude": 42.649280548095703, "longitude": 23.294334411621094, "raw_occupancy": 3, "timestamp": "2026-09-15 19:55:35" }, "geometry": { "type": "Point", "coordinates": [ 23.294334411621094, 42.649280548095703 ] } },
{ "type": "Feature", "properties": { "vehicle_id": "A3407", "latitude": 42.671520233154297, "longitude": 23.395084381103516, "raw_occupancy": 0, "timestamp": "2026-09-15 19:55:35" }, "geometry": { "type": "Point", "coordinates": [ 23.395084381103516, 42.671520233154297 ] } },
{ "type": "Feature", "properties": { "vehicle_id": "A3152", "latitude": 42.662841796875, "longitude": 23.415489196777344, "raw_occupancy": 1, "timestamp": "2026-09-15 19:55:35" }, "geometry": { "type": "Point", "coordinates": [ 23.415489196777344, 42.662841796875 ] } },
{ "type": "Feature", "properties": { "vehicle_id": "A2308", "latitude": 42.646709442138672, "longitude": 23.345371246337891, "raw_occupancy": 0, "timestamp": "2026-09-15 19:55:35" }, "geometry": { "type": "Point", "coordinates": [ 23.345371246337891, 42.646709442138672 ] } },
{ "type": "Feature", "properties": { "vehicle_id": "A1015", "latitude": 42.643486022949219, "longitude": 23.345178604125977, "raw_occupancy": 1, "timestamp": "2026-09-15 19:55:35" }, "geometry": { "type": "Point", "coordinates": [ 23.345178604125977, 42.643486022949219 ] } },
{ "type": "Feature", "properties": { "vehicle_id": "A1612", "latitude": 42.686420440673828, "longitude": 23.330083847045898, "raw_occupancy": 1, "timestamp": "2026-09-15 19:55:35" }, "geometry": { "type": "Point", "coordinates": [ 23.330083847045898, 42.686420440673828 ] } },
{ "type": "Feature", "properties": { "vehicle_id": "A1819", "latitude": 42.73712158203125, "longitude": 23.269931793212891, "raw_occupancy": 1, "timestamp": "2026-09-15 19:55:35" }, "geometry": { "type": "Point", "coordinates": [ 23.269931793212891, 42.73712158203125 ] } },
{ "type": "Feature", "properties": { "vehicle_id": "A1117", "latitude": 42.748584747314453, "longitude": 23.22313117980957, "raw_occupancy": 2, "timestamp": "2026-09-15 19:55:35" }, "geometry": { "type": "Point", "coordinates": [ 23.22313117980957, 42.748584747314453 ] } },
{ "type": "Feature", "properties": { "vehicle_id": "A2029", "latitude": 42.653640747070312, "longitude": 23.346729278564453, "raw_occupancy": 2, "timestamp": "2026-09-15 19:55:35" }, "geometry": { "type": "Point", "coordinates": [ 23.346729278564453, 42.653640747070312 ] } },
{ "type": "Feature", "properties": { "vehicle_id": "A3106", "latitude": 42.671619415283203, "longitude": 23.350849151611328, "raw_occupancy": 2, "timestamp": "2026-09-15 19:55:35" }, "geometry": { "type": "Point", "coordinates": [ 23.350849151611328, 42.671619415283203 ] } },
{ "type": "Feature", "properties": { "vehicle_id": "A2076", "latitude": 42.638420104980469, "longitude": 23.406398773193359, "raw_occupancy": 1, "timestamp": "2026-09-15 19:55:35" }, "geometry": { "type": "Point", "coordinates": [ 23.406398773193359, 42.638420104980469 ] } },
{ "type": "Feature", "properties": { "vehicle_id": "A2516", "latitude": 42.612255096435547, "longitude": 23.338788986206055, "raw_occupancy": 1, "timestamp": "2026-09-15 19:55:35" }, "geometry": { "type": "Point", "coordinates": [ 23.338788986206055, 42.612255096435547 ] } },
{ "type": "Feature", "properties": { "vehicle_id": "A1216", "latitude": 42.727062225341797, "longitude": 23.262039184570312, "raw_occupancy": 1, "timestamp": "2026-09-15 19:55:35" }, "geometry": { "type": "Point", "coordinates": [ 23.262039184570312, 42.727062225341797 ] } },
{ "type": "Feature", "properties": { "vehicle_id": "A3610", "latitude": 42.652313232421875, "longitude": 23.374444961547852, "raw_occupancy": 0, "timestamp": "2026-09-15 19:55:35" }, "geometry": { "type": "Point", "coordinates": [ 23.374444961547852, 42.652313232421875 ] } },
{ "type": "Feature", "properties": { "vehicle_id": "A7173", "latitude": 42.707019805908203, "longitude": 23.339326858520508, "raw_occupancy": 1, "timestamp": "2026-09-15 19:55:35" }, "geometry": { "type": "Point", "coordinates": [ 23.339326858520508, 42.707019805908203 ] } },
{ "type": "Feature", "properties": { "vehicle_id": "A2312", "latitude": 42.646991729736328, "longitude": 23.345874786376953, "raw_occupancy": 0, "timestamp": "2026-09-15 19:55:35" }, "geometry": { "type": "Point", "coordinates": [ 23.345874786376953, 42.646991729736328 ] } },
{ "type": "Feature", "properties": { "vehicle_id": "A7139", "latitude": 42.727252960205078, "longitude": 23.558074951171875, "raw_occupancy": 0, "timestamp": "2026-09-15 19:55:35" }, "geometry": { "type": "Point", "coordinates": [ 23.558074951171875, 42.727252960205078 ] } },
{ "type": "Feature", "properties": { "vehicle_id": "A2067", "latitude": 42.737140655517578, "longitude": 23.291110992431641, "raw_occupancy": 1, "timestamp": "2026-09-15 19:55:35" }, "geometry": { "type": "Point", "coordinates": [ 23.291110992431641, 42.737140655517578 ] } },
{ "type": "Feature", "properties": { "vehicle_id": "A2000", "latitude": 42.706615447998047, "longitude": 23.382705688476562, "raw_occupancy": 1, "timestamp": "2026-09-15 19:55:35" }, "geometry": { "type": "Point", "coordinates": [ 23.382705688476562, 42.706615447998047 ] } },
{ "type": "Feature", "properties": { "vehicle_id": "A2500", "latitude": 42.696739196777344, "longitude": 23.359685897827148, "raw_occupancy": 1, "timestamp": "2026-09-15 19:55:35" }, "geometry": { "type": "Point", "coordinates": [ 23.359685897827148, 42.696739196777344 ] } },
{ "type": "Feature", "properties": { "vehicle_id": "A3104", "latitude": 42.640830993652344, "longitude": 23.373106002807617, "raw_occupancy": 1, "timestamp": "2026-09-15 19:55:35" }, "geometry": { "type": "Point", "coordinates": [ 23.373106002807617, 42.640830993652344 ] } },
{ "type": "Feature", "properties": { "vehicle_id": "A1010", "latitude": 42.656780242919922, "longitude": 23.311603546142578, "raw_occupancy": 1, "timestamp": "2026-09-15 19:55:35" }, "geometry": { "type": "Point", "coordinates": [ 23.311603546142578, 42.656780242919922 ] } },
{ "type": "Feature", "properties": { "vehicle_id": "A2015", "latitude": 42.710826873779297, "longitude": 23.270294189453125, "raw_occupancy": 1, "timestamp": "2026-09-15 19:55:35" }, "geometry": { "type": "Point", "coordinates": [ 23.270294189453125, 42.710826873779297 ] } },
{ "type": "Feature", "properties": { "vehicle_id": "A3120", "latitude": 42.648536682128906, "longitude": 23.377090454101562, "raw_occupancy": 1, "timestamp": "2026-09-15 19:55:35" }, "geometry": { "type": "Point", "coordinates": [ 23.377090454101562, 42.648536682128906 ] } },
{ "type": "Feature", "properties": { "vehicle_id": "A3112", "latitude": 42.631790161132812, "longitude": 23.380334854125977, "raw_occupancy": 1, "timestamp": "2026-09-15 19:55:35" }, "geometry": { "type": "Point", "coordinates": [ 23.380334854125977, 42.631790161132812 ] } },
{ "type": "Feature", "properties": { "vehicle_id": "A1308", "latitude": 42.680923461914062, "longitude": 23.255037307739258, "raw_occupancy": 1, "timestamp": "2026-09-15 19:55:35" }, "geometry": { "type": "Point", "coordinates": [ 23.255037307739258, 42.680923461914062 ] } },
{ "type": "Feature", "properties": { "vehicle_id": "A1208", "latitude": 42.663276672363281, "longitude": 23.317285537719727, "raw_occupancy": 1, "timestamp": "2026-09-15 19:55:35" }, "geometry": { "type": "Point", "coordinates": [ 23.317285537719727, 42.663276672363281 ] } },
{ "type": "Feature", "properties": { "vehicle_id": "A2006", "latitude": 42.715023040771484, "longitude": 23.276395797729492, "raw_occupancy": 2, "timestamp": "2026-09-15 19:55:35" }, "geometry": { "type": "Point", "coordinates": [ 23.276395797729492, 42.715023040771484 ] } },
{ "type": "Feature", "properties": { "vehicle_id": "A1620", "latitude": 42.718711853027344, "longitude": 23.253665924072266, "raw_occupancy": 1, "timestamp": "2026-09-15 19:55:35" }, "geometry": { "type": "Point", "coordinates": [ 23.253665924072266, 42.718711853027344 ] } },
{ "type": "Feature", "properties": { "vehicle_id": "A1213", "latitude": 42.722324371337891, "longitude": 23.128877639770508, "raw_occupancy": 0, "timestamp": "2026-09-15 19:55:35" }, "geometry": { "type": "Point", "coordinates": [ 23.128877639770508, 42.722324371337891 ] } },
{ "type": "Feature", "properties": { "vehicle_id": "A7041", "latitude": 42.750644683837891, "longitude": 23.276224136352539, "raw_occupancy": 1, "timestamp": "2026-09-15 19:55:35" }, "geometry": { "type": "Point", "coordinates": [ 23.276224136352539, 42.750644683837891 ] } },
{ "type": "Feature", "properties": { "vehicle_id": "A3015", "latitude": 42.702060699462891, "longitude": 23.339252471923828, "raw_occupancy": 1, "timestamp": "2026-09-15 19:55:35" }, "geometry": { "type": "Point", "coordinates": [ 23.339252471923828, 42.702060699462891 ] } },
{ "type": "Feature", "properties": { "vehicle_id": "A7113", "latitude": 42.715274810791016, "longitude": 23.360296249389648, "raw_occupancy": 0, "timestamp": "2026-09-15 19:55:35" }, "geometry": { "type": "Point", "coordinates": [ 23.360296249389648, 42.715274810791016 ] } },
{ "type": "Feature", "properties": { "vehicle_id": "A3633", "latitude": 42.602638244628906, "longitude": 23.40275764465332, "raw_occupancy": 0, "timestamp": "2026-09-15 19:55:35" }, "geometry": { "type": "Point", "coordinates": [ 23.40275764465332, 42.602638244628906 ] } },
{ "type": "Feature", "properties": { "vehicle_id": "A2033", "latitude": 42.692985534667969, "longitude": 23.351449966430664, "raw_occupancy": 1, "timestamp": "2026-09-15 19:55:35" }, "geometry": { "type": "Point", "coordinates": [ 23.351449966430664, 42.692985534667969 ] } },
{ "type": "Feature", "properties": { "vehicle_id": "A7075", "latitude": 42.710548400878906, "longitude": 23.31884765625, "raw_occupancy": 0, "timestamp": "2026-09-15 19:55:35" }, "geometry": { "type": "Point", "coordinates": [ 23.31884765625, 42.710548400878906 ] } },
{ "type": "Feature", "properties": { "vehicle_id": "A3617", "latitude": 42.683643341064453, "longitude": 23.323755264282227, "raw_occupancy": 1, "timestamp": "2026-09-15 19:55:35" }, "geometry": { "type": "Point", "coordinates": [ 23.323755264282227, 42.683643341064453 ] } },
{ "type": "Feature", "properties": { "vehicle_id": "A7181", "latitude": 42.726913452148438, "longitude": 23.314098358154297, "raw_occupancy": 0, "timestamp": "2026-09-15 19:55:35" }, "geometry": { "type": "Point", "coordinates": [ 23.314098358154297, 42.726913452148438 ] } },
{ "type": "Feature", "properties": { "vehicle_id": "A3128", "latitude": 42.667926788330078, "longitude": 23.353054046630859, "raw_occupancy": 0, "timestamp": "2026-09-15 19:55:35" }, "geometry": { "type": "Point", "coordinates": [ 23.353054046630859, 42.667926788330078 ] } },
{ "type": "Feature", "properties": { "vehicle_id": "A7155", "latitude": 42.732593536376953, "longitude": 23.481403350830078, "raw_occupancy": 0, "timestamp": "2026-09-15 19:55:35" }, "geometry": { "type": "Point", "coordinates": [ 23.481403350830078, 42.732593536376953 ] } },
{ "type": "Feature", "properties": { "vehicle_id": "A1172", "latitude": 42.675010681152344, "longitude": 23.303688049316406, "raw_occupancy": 1, "timestamp": "2026-09-15 19:55:35" }, "geometry": { "type": "Point", "coordinates": [ 23.303688049316406, 42.675010681152344 ] } },
{ "type": "Feature", "properties": { "vehicle_id": "A7085", "latitude": 42.713142395019531, "longitude": 23.402946472167969, "raw_occupancy": 1, "timestamp": "2026-09-15 19:55:35" }, "geometry": { "type": "Point", "coordinates": [ 23.402946472167969, 42.713142395019531 ] } },
{ "type": "Feature", "properties": { "vehicle_id": "A2027", "latitude": 42.667575836181641, "longitude": 23.325582504272461, "raw_occupancy": 1, "timestamp": "2026-09-15 19:55:35" }, "geometry": { "type": "Point", "coordinates": [ 23.325582504272461, 42.667575836181641 ] } },
{ "type": "Feature", "properties": { "vehicle_id": "A2819", "latitude": 42.706592559814453, "longitude": 23.300304412841797, "raw_occupancy": 1, "timestamp": "2026-09-15 19:55:35" }, "geometry": { "type": "Point", "coordinates": [ 23.300304412841797, 42.706592559814453 ] } },
{ "type": "Feature", "properties": { "vehicle_id": "A3154", "latitude": 42.640396118164062, "longitude": 23.414571762084961, "raw_occupancy": 0, "timestamp": "2026-09-15 19:55:35" }, "geometry": { "type": "Point", "coordinates": [ 23.414571762084961, 42.640396118164062 ] } },
{ "type": "Feature", "properties": { "vehicle_id": "A7067", "latitude": 42.707256317138672, "longitude": 23.408510208129883, "raw_occupancy": 1, "timestamp": "2026-09-15 19:55:35" }, "geometry": { "type": "Point", "coordinates": [ 23.408510208129883, 42.707256317138672 ] } },
{ "type": "Feature", "properties": { "vehicle_id": "A2025", "latitude": 42.684280395507812, "longitude": 23.323593139648438, "raw_occupancy": 1, "timestamp": "2026-09-15 19:55:35" }, "geometry": { "type": "Point", "coordinates": [ 23.323593139648438, 42.684280395507812 ] } },
{ "type": "Feature", "properties": { "vehicle_id": "A3016", "latitude": 42.693229675292969, "longitude": 23.340818405151367, "raw_occupancy": 1, "timestamp": "2026-09-15 19:55:35" }, "geometry": { "type": "Point", "coordinates": [ 23.340818405151367, 42.693229675292969 ] } },
{ "type": "Feature", "properties": { "vehicle_id": "A2153", "latitude": 42.700656890869141, "longitude": 23.375417709350586, "raw_occupancy": 2, "timestamp": "2026-09-15 19:55:35" }, "geometry": { "type": "Point", "coordinates": [ 23.375417709350586, 42.700656890869141 ] } },
{ "type": "Feature", "properties": { "vehicle_id": "A1849", "latitude": 42.736122131347656, "longitude": 23.31749153137207, "raw_occupancy": 0, "timestamp": "2026-09-15 19:55:35" }, "geometry": { "type": "Point", "coordinates": [ 23.31749153137207, 42.736122131347656 ] } },
{ "type": "Feature", "properties": { "vehicle_id": "A3019", "latitude": 42.684864044189453, "longitude": 23.351972579956055, "raw_occupancy": 1, "timestamp": "2026-09-15 19:55:35" }, "geometry": { "type": "Point", "coordinates": [ 23.351972579956055, 42.684864044189453 ] } },
{ "type": "Feature", "properties": { "vehicle_id": "A2032", "latitude": 42.645709991455078, "longitude": 23.342082977294922, "raw_occupancy": 1, "timestamp": "2026-09-15 19:55:35" }, "geometry": { "type": "Point", "coordinates": [ 23.342082977294922, 42.645709991455078 ] } },
{ "type": "Feature", "properties": { "vehicle_id": "A1036", "latitude": 42.656867980957031, "longitude": 23.316781997680664, "raw_occupancy": 1, "timestamp": "2026-09-15 19:55:35" }, "geometry": { "type": "Point", "coordinates": [ 23.316781997680664, 42.656867980957031 ] } },
{ "type": "Feature", "properties": { "vehicle_id": "A2728", "latitude": 42.714332580566406, "longitude": 23.327056884765625, "raw_occupancy": 0, "timestamp": "2026-09-15 19:55:35" }, "geometry": { "type": "Point", "coordinates": [ 23.327056884765625, 42.714332580566406 ] } },
{ "type": "Feature", "properties": { "vehicle_id": "A1180", "latitude": 42.689022064208984, "longitude": 23.244256973266602, "raw_occupancy": 0, "timestamp": "2026-09-15 19:55:35" }, "geometry": { "type": "Point", "coordinates": [ 23.244256973266602, 42.689022064208984 ] } },
{ "type": "Feature", "properties": { "vehicle_id": "A7117", "latitude": 42.733451843261719, "longitude": 23.304775238037109, "raw_occupancy": 1, "timestamp": "2026-09-15 19:55:35" }, "geometry": { "type": "Point", "coordinates": [ 23.304775238037109, 42.733451843261719 ] } },
{ "type": "Feature", "properties": { "vehicle_id": "A2319", "latitude": 42.653770446777344, "longitude": 23.344396591186523, "raw_occupancy": 1, "timestamp": "2026-09-15 19:55:35" }, "geometry": { "type": "Point", "coordinates": [ 23.344396591186523, 42.653770446777344 ] } },
{ "type": "Feature", "properties": { "vehicle_id": "A1159", "latitude": 42.690166473388672, "longitude": 23.258550643920898, "raw_occupancy": 1, "timestamp": "2026-09-15 19:55:35" }, "geometry": { "type": "Point", "coordinates": [ 23.258550643920898, 42.690166473388672 ] } },
{ "type": "Feature", "properties": { "vehicle_id": "A7147", "latitude": 42.796909332275391, "longitude": 23.274587631225586, "raw_occupancy": 1, "timestamp": "2026-09-15 19:55:35" }, "geometry": { "type": "Point", "coordinates": [ 23.274587631225586, 42.796909332275391 ] } },
{ "type": "Feature", "properties": { "vehicle_id": "A3654", "latitude": 42.659812927246094, "longitude": 23.348108291625977, "raw_occupancy": 2, "timestamp": "2026-09-15 19:55:35" }, "geometry": { "type": "Point", "coordinates": [ 23.348108291625977, 42.659812927246094 ] } },
{ "type": "Feature", "properties": { "vehicle_id": "A1807", "latitude": 42.699073791503906, "longitude": 23.195907592773438, "raw_occupancy": 1, "timestamp": "2026-09-15 19:55:35" }, "geometry": { "type": "Point", "coordinates": [ 23.195907592773438, 42.699073791503906 ] } },
{ "type": "Feature", "properties": { "vehicle_id": "A3144", "latitude": 42.682563781738281, "longitude": 23.32036018371582, "raw_occupancy": 1, "timestamp": "2026-09-15 19:55:35" }, "geometry": { "type": "Point", "coordinates": [ 23.32036018371582, 42.682563781738281 ] } },
{ "type": "Feature", "properties": { "vehicle_id": "A2057", "latitude": 42.632156372070312, "longitude": 23.409088134765625, "raw_occupancy": 0, "timestamp": "2026-09-15 19:55:35" }, "geometry": { "type": "Point", "coordinates": [ 23.409088134765625, 42.632156372070312 ] } },
{ "type": "Feature", "properties": { "vehicle_id": "A2305", "latitude": 42.712562561035156, "longitude": 23.31767463684082, "raw_occupancy": 1, "timestamp": "2026-09-15 19:55:35" }, "geometry": { "type": "Point", "coordinates": [ 23.31767463684082, 42.712562561035156 ] } },
{ "type": "Feature", "properties": { "vehicle_id": "A7065", "latitude": 42.708747863769531, "longitude": 23.31321907043457, "raw_occupancy": 1, "timestamp": "2026-09-15 19:55:35" }, "geometry": { "type": "Point", "coordinates": [ 23.31321907043457, 42.708747863769531 ] } },
{ "type": "Feature", "properties": { "vehicle_id": "A1012", "latitude": 42.643089294433594, "longitude": 23.334312438964844, "raw_occupancy": 1, "timestamp": "2026-09-15 19:55:35" }, "geometry": { "type": "Point", "coordinates": [ 23.334312438964844, 42.643089294433594 ] } },
{ "type": "Feature", "properties": { "vehicle_id": "A3408", "latitude": 42.6903076171875, "longitude": 23.336406707763672, "raw_occupancy": 0, "timestamp": "2026-09-15 19:55:35" }, "geometry": { "type": "Point", "coordinates": [ 23.336406707763672, 42.6903076171875 ] } },
{ "type": "Feature", "properties": { "vehicle_id": "A7101", "latitude": 42.718212127685547, "longitude": 23.232093811035156, "raw_occupancy": 1, "timestamp": "2026-09-15 19:55:35" }, "geometry": { "type": "Point", "coordinates": [ 23.232093811035156, 42.718212127685547 ] } },
{ "type": "Feature", "properties": { "vehicle_id": "A2028", "latitude": 42.704319000244141, "longitude": 23.334455490112305, "raw_occupancy": 1, "timestamp": "2026-09-15 19:55:35" }, "geometry": { "type": "Point", "coordinates": [ 23.334455490112305, 42.704319000244141 ] } },
{ "type": "Feature", "properties": { "vehicle_id": "A1610", "latitude": 42.638668060302734, "longitude": 23.319313049316406, "raw_occupancy": 1, "timestamp": "2026-09-15 19:55:35" }, "geometry": { "type": "Point", "coordinates": [ 23.319313049316406, 42.638668060302734 ] } },
{ "type": "Feature", "properties": { "vehicle_id": "A1222", "latitude": 42.707965850830078, "longitude": 23.12916374206543, "raw_occupancy": 0, "timestamp": "2026-09-15 19:55:35" }, "geometry": { "type": "Point", "coordinates": [ 23.12916374206543, 42.707965850830078 ] } },
{ "type": "Feature", "properties": { "vehicle_id": "A3012", "latitude": 42.677337646484375, "longitude": 23.369667053222656, "raw_occupancy": 2, "timestamp": "2026-09-15 19:55:35" }, "geometry": { "type": "Point", "coordinates": [ 23.369667053222656, 42.677337646484375 ] } },
{ "type": "Feature", "properties": { "vehicle_id": "A1426", "latitude": 42.640983581542969, "longitude": 23.373092651367188, "raw_occupancy": 1, "timestamp": "2026-09-15 19:55:35" }, "geometry": { "type": "Point", "coordinates": [ 23.373092651367188, 42.640983581542969 ] } },
{ "type": "Feature", "properties": { "vehicle_id": "A3401", "latitude": 42.641853332519531, "longitude": 23.33465576171875, "raw_occupancy": 1, "timestamp": "2026-09-15 19:55:35" }, "geometry": { "type": "Point", "coordinates": [ 23.33465576171875, 42.641853332519531 ] } },
{ "type": "Feature", "properties": { "vehicle_id": "A3159", "latitude": 42.662322998046875, "longitude": 23.29570198059082, "raw_occupancy": 0, "timestamp": "2026-09-15 19:55:35" }, "geometry": { "type": "Point", "coordinates": [ 23.29570198059082, 42.662322998046875 ] } },
{ "type": "Feature", "properties": { "vehicle_id": "A2720", "latitude": 42.795028686523438, "longitude": 23.414499282836914, "raw_occupancy": 0, "timestamp": "2026-09-15 19:55:35" }, "geometry": { "type": "Point", "coordinates": [ 23.414499282836914, 42.795028686523438 ] } },
{ "type": "Feature", "properties": { "vehicle_id": "A1869", "latitude": 42.708370208740234, "longitude": 23.152315139770508, "raw_occupancy": 0, "timestamp": "2026-09-15 19:55:35" }, "geometry": { "type": "Point", "coordinates": [ 23.152315139770508, 42.708370208740234 ] } },
{ "type": "Feature", "properties": { "vehicle_id": "A3126", "latitude": 42.648502349853516, "longitude": 23.367834091186523, "raw_occupancy": 2, "timestamp": "2026-09-15 19:55:35" }, "geometry": { "type": "Point", "coordinates": [ 23.367834091186523, 42.648502349853516 ] } },
{ "type": "Feature", "properties": { "vehicle_id": "A1855", "latitude": 42.665420532226562, "longitude": 23.260358810424805, "raw_occupancy": 1, "timestamp": "2026-09-15 19:55:35" }, "geometry": { "type": "Point", "coordinates": [ 23.260358810424805, 42.665420532226562 ] } },
{ "type": "Feature", "properties": { "vehicle_id": "A2300", "latitude": 42.709869384765625, "longitude": 23.359796524047852, "raw_occupancy": 1, "timestamp": "2026-09-15 19:55:35" }, "geometry": { "type": "Point", "coordinates": [ 23.359796524047852, 42.709869384765625 ] } },
{ "type": "Feature", "properties": { "vehicle_id": "A2056", "latitude": 42.785545349121094, "longitude": 23.397682189941406, "raw_occupancy": 1, "timestamp": "2026-09-15 19:55:35" }, "geometry": { "type": "Point", "coordinates": [ 23.397682189941406, 42.785545349121094 ] } },
{ "type": "Feature", "properties": { "vehicle_id": "A2082", "latitude": 42.534584045410156, "longitude": 23.365852355957031, "raw_occupancy": 1, "timestamp": "2026-09-15 19:55:35" }, "geometry": { "type": "Point", "coordinates": [ 23.365852355957031, 42.534584045410156 ] } },
{ "type": "Feature", "properties": { "vehicle_id": "A3108", "latitude": 42.700790405273438, "longitude": 23.341938018798828, "raw_occupancy": 1, "timestamp": "2026-09-15 19:55:35" }, "geometry": { "type": "Point", "coordinates": [ 23.341938018798828, 42.700790405273438 ] } },
{ "type": "Feature", "properties": { "vehicle_id": "A1305", "latitude": 42.633880615234375, "longitude": 23.194948196411133, "raw_occupancy": 1, "timestamp": "2026-09-15 19:55:35" }, "geometry": { "type": "Point", "coordinates": [ 23.194948196411133, 42.633880615234375 ] } },
{ "type": "Feature", "properties": { "vehicle_id": "A1025", "latitude": 42.647972106933594, "longitude": 23.264869689941406, "raw_occupancy": 0, "timestamp": "2026-09-15 19:55:35" }, "geometry": { "type": "Point", "coordinates": [ 23.264869689941406, 42.647972106933594 ] } },
{ "type": "Feature", "properties": { "vehicle_id": "A2070", "latitude": 42.609279632568359, "longitude": 23.466838836669922, "raw_occupancy": 1, "timestamp": "2026-09-15 19:55:35" }, "geometry": { "type": "Point", "coordinates": [ 23.466838836669922, 42.609279632568359 ] } },
{ "type": "Feature", "properties": { "vehicle_id": "A1220", "latitude": 42.708461761474609, "longitude": 23.313274383544922, "raw_occupancy": 1, "timestamp": "2026-09-15 19:55:35" }, "geometry": { "type": "Point", "coordinates": [ 23.313274383544922, 42.708461761474609 ] } },
{ "type": "Feature", "properties": { "vehicle_id": "A3132", "latitude": 42.67547607421875, "longitude": 23.359012603759766, "raw_occupancy": 1, "timestamp": "2026-09-15 19:55:35" }, "geometry": { "type": "Point", "coordinates": [ 23.359012603759766, 42.67547607421875 ] } },
{ "type": "Feature", "properties": { "vehicle_id": "A3110", "latitude": 42.669368743896484, "longitude": 23.303747177124023, "raw_occupancy": 1, "timestamp": "2026-09-15 19:55:35" }, "geometry": { "type": "Point", "coordinates": [ 23.303747177124023, 42.669368743896484 ] } },
{ "type": "Feature", "properties": { "vehicle_id": "A2314", "latitude": 42.653545379638672, "longitude": 23.347400665283203, "raw_occupancy": 1, "timestamp": "2026-09-15 19:55:35" }, "geometry": { "type": "Point", "coordinates": [ 23.347400665283203, 42.653545379638672 ] } },
{ "type": "Feature", "properties": { "vehicle_id": "A2307", "latitude": 42.675315856933594, "longitude": 23.359195709228516, "raw_occupancy": 1, "timestamp": "2026-09-15 19:55:35" }, "geometry": { "type": "Point", "coordinates": [ 23.359195709228516, 42.675315856933594 ] } },
{ "type": "Feature", "properties": { "vehicle_id": "A3312", "latitude": 42.705116271972656, "longitude": 23.331613540649414, "raw_occupancy": 1, "timestamp": "2026-09-15 19:55:35" }, "geometry": { "type": "Point", "coordinates": [ 23.331613540649414, 42.705116271972656 ] } },
{ "type": "Feature", "properties": { "vehicle_id": "A7133", "latitude": 42.774295806884766, "longitude": 23.315515518188477, "raw_occupancy": 1, "timestamp": "2026-09-15 19:55:35" }, "geometry": { "type": "Point", "coordinates": [ 23.315515518188477, 42.774295806884766 ] } },
{ "type": "Feature", "properties": { "vehicle_id": "A2304", "latitude": 42.671283721923828, "longitude": 23.364448547363281, "raw_occupancy": 1, "timestamp": "2026-09-15 19:55:35" }, "geometry": { "type": "Point", "coordinates": [ 23.364448547363281, 42.671283721923828 ] } },
{ "type": "Feature", "properties": { "vehicle_id": "A1313", "latitude": 42.684955596923828, "longitude": 23.301214218139648, "raw_occupancy": 0, "timestamp": "2026-09-15 19:55:35" }, "geometry": { "type": "Point", "coordinates": [ 23.301214218139648, 42.684955596923828 ] } },
{ "type": "Feature", "properties": { "vehicle_id": "A3653", "latitude": 42.628852844238281, "longitude": 23.357294082641602, "raw_occupancy": 1, "timestamp": "2026-09-15 19:55:35" }, "geometry": { "type": "Point", "coordinates": [ 23.357294082641602, 42.628852844238281 ] } },
{ "type": "Feature", "properties": { "vehicle_id": "A1835", "latitude": 42.725822448730469, "longitude": 23.260982513427734, "raw_occupancy": 2, "timestamp": "2026-09-15 19:55:35" }, "geometry": { "type": "Point", "coordinates": [ 23.260982513427734, 42.725822448730469 ] } },
{ "type": "Feature", "properties": { "vehicle_id": "A7095", "latitude": 42.706165313720703, "longitude": 23.512630462646484, "raw_occupancy": 2, "timestamp": "2026-09-15 19:55:35" }, "geometry": { "type": "Point", "coordinates": [ 23.512630462646484, 42.706165313720703 ] } },
{ "type": "Feature", "properties": { "vehicle_id": "A1601", "latitude": 42.692691802978516, "longitude": 23.280803680419922, "raw_occupancy": 1, "timestamp": "2026-09-15 19:55:35" }, "geometry": { "type": "Point", "coordinates": [ 23.280803680419922, 42.692691802978516 ] } },
{ "type": "Feature", "properties": { "vehicle_id": "A1805", "latitude": 42.625762939453125, "longitude": 23.373788833618164, "raw_occupancy": 2, "timestamp": "2026-09-15 19:55:35" }, "geometry": { "type": "Point", "coordinates": [ 23.373788833618164, 42.625762939453125 ] } },
{ "type": "Feature", "properties": { "vehicle_id": "A7135", "latitude": 42.736377716064453, "longitude": 23.271825790405273, "raw_occupancy": 0, "timestamp": "2026-09-15 19:55:35" }, "geometry": { "type": "Point", "coordinates": [ 23.271825790405273, 42.736377716064453 ] } },
{ "type": "Feature", "properties": { "vehicle_id": "A1179", "latitude": 42.644634246826172, "longitude": 23.333745956420898, "raw_occupancy": 1, "timestamp": "2026-09-15 19:55:35" }, "geometry": { "type": "Point", "coordinates": [ 23.333745956420898, 42.644634246826172 ] } },
{ "type": "Feature", "properties": { "vehicle_id": "A1861", "latitude": 42.70794677734375, "longitude": 23.1290283203125, "raw_occupancy": 1, "timestamp": "2026-09-15 19:55:35" }, "geometry": { "type": "Point", "coordinates": [ 23.1290283203125, 42.70794677734375 ] } },
{ "type": "Feature", "properties": { "vehicle_id": "A3616", "latitude": 42.637977600097656, "longitude": 23.381097793579102, "raw_occupancy": 2, "timestamp": "2026-09-15 19:55:35" }, "geometry": { "type": "Point", "coordinates": [ 23.381097793579102, 42.637977600097656 ] } },
{ "type": "Feature", "properties": { "vehicle_id": "A1184", "latitude": 42.687980651855469, "longitude": 23.263704299926758, "raw_occupancy": 1, "timestamp": "2026-09-15 19:55:35" }, "geometry": { "type": "Point", "coordinates": [ 23.263704299926758, 42.687980651855469 ] } },
{ "type": "Feature", "properties": { "vehicle_id": "A1174", "latitude": 42.623905181884766, "longitude": 23.359737396240234, "raw_occupancy": 1, "timestamp": "2026-09-15 19:55:35" }, "geometry": { "type": "Point", "coordinates": [ 23.359737396240234, 42.623905181884766 ] } },
{ "type": "Feature", "properties": { "vehicle_id": "A2165", "latitude": 42.726047515869141, "longitude": 23.290599822998047, "raw_occupancy": 0, "timestamp": "2026-09-15 19:55:35" }, "geometry": { "type": "Point", "coordinates": [ 23.290599822998047, 42.726047515869141 ] } },
{ "type": "Feature", "properties": { "vehicle_id": "A2816", "latitude": 42.713737487792969, "longitude": 23.313831329345703, "raw_occupancy": 0, "timestamp": "2026-09-15 19:55:35" }, "geometry": { "type": "Point", "coordinates": [ 23.313831329345703, 42.713737487792969 ] } },
{ "type": "Feature", "properties": { "vehicle_id": "A7129", "latitude": 42.701892852783203, "longitude": 23.356298446655273, "raw_occupancy": 2, "timestamp": "2026-09-15 19:55:35" }, "geometry": { "type": "Point", "coordinates": [ 23.356298446655273, 42.701892852783203 ] } },
{ "type": "Feature", "properties": { "vehicle_id": "A7069", "latitude": 42.778362274169922, "longitude": 23.274101257324219, "raw_occupancy": 0, "timestamp": "2026-09-15 19:55:35" }, "geometry": { "type": "Point", "coordinates": [ 23.274101257324219, 42.778362274169922 ] } },
{ "type": "Feature", "properties": { "vehicle_id": "A2051", "latitude": 42.685596466064453, "longitude": 23.312026977539062, "raw_occupancy": 1, "timestamp": "2026-09-15 19:55:35" }, "geometry": { "type": "Point", "coordinates": [ 23.312026977539062, 42.685596466064453 ] } },
{ "type": "Feature", "properties": { "vehicle_id": "A3153", "latitude": 42.704380035400391, "longitude": 23.326921463012695, "raw_occupancy": 1, "timestamp": "2026-09-15 19:55:35" }, "geometry": { "type": "Point", "coordinates": [ 23.326921463012695, 42.704380035400391 ] } },
{ "type": "Feature", "properties": { "vehicle_id": "A3138", "latitude": 42.627155303955078, "longitude": 23.378530502319336, "raw_occupancy": 1, "timestamp": "2026-09-15 19:55:35" }, "geometry": { "type": "Point", "coordinates": [ 23.378530502319336, 42.627155303955078 ] } },
{ "type": "Feature", "properties": { "vehicle_id": "A7103", "latitude": 42.705989837646484, "longitude": 23.313388824462891, "raw_occupancy": 1, "timestamp": "2026-09-15 19:55:35" }, "geometry": { "type": "Point", "coordinates": [ 23.313388824462891, 42.705989837646484 ] } },
{ "type": "Feature", "properties": { "vehicle_id": "A3131", "latitude": 42.675579071044922, "longitude": 23.358846664428711, "raw_occupancy": 2, "timestamp": "2026-09-15 19:55:35" }, "geometry": { "type": "Point", "coordinates": [ 23.358846664428711, 42.675579071044922 ] } },
{ "type": "Feature", "properties": { "vehicle_id": "A1187", "latitude": 42.7335205078125, "longitude": 23.305793762207031, "raw_occupancy": 0, "timestamp": "2026-09-15 19:55:35" }, "geometry": { "type": "Point", "coordinates": [ 23.305793762207031, 42.7335205078125 ] } },
{ "type": "Feature", "properties": { "vehicle_id": "A2053", "latitude": 42.605869293212891, "longitude": 23.401142120361328, "raw_occupancy": 1, "timestamp": "2026-09-15 19:55:35" }, "geometry": { "type": "Point", "coordinates": [ 23.401142120361328, 42.605869293212891 ] } },
{ "type": "Feature", "properties": { "vehicle_id": "A3122", "latitude": 42.637866973876953, "longitude": 23.334512710571289, "raw_occupancy": 0, "timestamp": "2026-09-15 19:55:35" }, "geometry": { "type": "Point", "coordinates": [ 23.334512710571289, 42.637866973876953 ] } },
{ "type": "Feature", "properties": { "vehicle_id": "A3129", "latitude": 42.685276031494141, "longitude": 23.34965705871582, "raw_occupancy": 1, "timestamp": "2026-09-15 19:55:35" }, "geometry": { "type": "Point", "coordinates": [ 23.34965705871582, 42.685276031494141 ] } },
{ "type": "Feature", "properties": { "vehicle_id": "A1823", "latitude": 42.718338012695312, "longitude": 23.277389526367188, "raw_occupancy": 1, "timestamp": "2026-09-15 19:55:35" }, "geometry": { "type": "Point", "coordinates": [ 23.277389526367188, 42.718338012695312 ] } },
{ "type": "Feature", "properties": { "vehicle_id": "A1175", "latitude": 42.725353240966797, "longitude": 23.28173828125, "raw_occupancy": 1, "timestamp": "2026-09-15 19:55:35" }, "geometry": { "type": "Point", "coordinates": [ 23.28173828125, 42.725353240966797 ] } },
{ "type": "Feature", "properties": { "vehicle_id": "A2066", "latitude": 42.699150085449219, "longitude": 23.315681457519531, "raw_occupancy": 0, "timestamp": "2026-09-15 19:55:35" }, "geometry": { "type": "Point", "coordinates": [ 23.315681457519531, 42.699150085449219 ] } },
{ "type": "Feature", "properties": { "vehicle_id": "A3150", "latitude": 42.665397644042969, "longitude": 23.287521362304688, "raw_occupancy": 1, "timestamp": "2026-09-15 19:55:35" }, "geometry": { "type": "Point", "coordinates": [ 23.287521362304688, 42.665397644042969 ] } },
{ "type": "Feature", "properties": { "vehicle_id": "A2012", "latitude": 42.656700134277344, "longitude": 23.327053070068359, "raw_occupancy": 0, "timestamp": "2026-09-15 19:55:35" }, "geometry": { "type": "Point", "coordinates": [ 23.327053070068359, 42.656700134277344 ] } },
{ "type": "Feature", "properties": { "vehicle_id": "A3137", "latitude": 42.689323425292969, "longitude": 23.338987350463867, "raw_occupancy": 1, "timestamp": "2026-09-15 19:55:35" }, "geometry": { "type": "Point", "coordinates": [ 23.338987350463867, 42.689323425292969 ] } },
{ "type": "Feature", "properties": { "vehicle_id": "A3632", "latitude": 42.66485595703125, "longitude": 23.455526351928711, "raw_occupancy": 1, "timestamp": "2026-09-15 19:55:35" }, "geometry": { "type": "Point", "coordinates": [ 23.455526351928711, 42.66485595703125 ] } },
{ "type": "Feature", "properties": { "vehicle_id": "A2311", "latitude": 42.651580810546875, "longitude": 23.354969024658203, "raw_occupancy": 2, "timestamp": "2026-09-15 19:55:35" }, "geometry": { "type": "Point", "coordinates": [ 23.354969024658203, 42.651580810546875 ] } },
{ "type": "Feature", "properties": { "vehicle_id": "A1155", "latitude": 42.6658935546875, "longitude": 23.372066497802734, "raw_occupancy": 1, "timestamp": "2026-09-15 19:55:35" }, "geometry": { "type": "Point", "coordinates": [ 23.372066497802734, 42.6658935546875 ] } },
{ "type": "Feature", "properties": { "vehicle_id": "A7175", "latitude": 42.733203887939453, "longitude": 23.298618316650391, "raw_occupancy": 2, "timestamp": "2026-09-15 19:55:35" }, "geometry": { "type": "Point", "coordinates": [ 23.298618316650391, 42.733203887939453 ] } },
{ "type": "Feature", "properties": { "vehicle_id": "A7091", "latitude": 42.771865844726562, "longitude": 23.535747528076172, "raw_occupancy": 0, "timestamp": "2026-09-15 19:55:35" }, "geometry": { "type": "Point", "coordinates": [ 23.535747528076172, 42.771865844726562 ] } },
{ "type": "Feature", "properties": { "vehicle_id": "A3626", "latitude": 42.634342193603516, "longitude": 23.374992370605469, "raw_occupancy": 1, "timestamp": "2026-09-15 19:55:35" }, "geometry": { "type": "Point", "coordinates": [ 23.374992370605469, 42.634342193603516 ] } },
{ "type": "Feature", "properties": { "vehicle_id": "A1189", "latitude": 42.675968170166016, "longitude": 23.288909912109375, "raw_occupancy": 1, "timestamp": "2026-09-15 19:55:35" }, "geometry": { "type": "Point", "coordinates": [ 23.288909912109375, 42.675968170166016 ] } },
{ "type": "Feature", "properties": { "vehicle_id": "A3013", "latitude": 42.68304443359375, "longitude": 23.319793701171875, "raw_occupancy": 1, "timestamp": "2026-09-15 19:55:35" }, "geometry": { "type": "Point", "coordinates": [ 23.319793701171875, 42.68304443359375 ] } },
{ "type": "Feature", "properties": { "vehicle_id": "A1209", "latitude": 42.674407958984375, "longitude": 23.240238189697266, "raw_occupancy": 0, "timestamp": "2026-09-15 19:55:35" }, "geometry": { "type": "Point", "coordinates": [ 23.240238189697266, 42.674407958984375 ] } },
{ "type": "Feature", "properties": { "vehicle_id": "A1156", "latitude": 42.694103240966797, "longitude": 23.29426383972168, "raw_occupancy": 2, "timestamp": "2026-09-15 19:55:35" }, "geometry": { "type": "Point", "coordinates": [ 23.29426383972168, 42.694103240966797 ] } },
{ "type": "Feature", "properties": { "vehicle_id": "A7123", "latitude": 42.736900329589844, "longitude": 23.478239059448242, "raw_occupancy": 1, "timestamp": "2026-09-15 19:55:35" }, "geometry": { "type": "Point", "coordinates": [ 23.478239059448242, 42.736900329589844 ] } },
{ "type": "Feature", "properties": { "vehicle_id": "A7125", "latitude": 42.806709289550781, "longitude": 23.404397964477539, "raw_occupancy": 0, "timestamp": "2026-09-15 19:55:35" }, "geometry": { "type": "Point", "coordinates": [ 23.404397964477539, 42.806709289550781 ] } },
{ "type": "Feature", "properties": { "vehicle_id": "A1420", "latitude": 42.678829193115234, "longitude": 23.299436569213867, "raw_occupancy": 0, "timestamp": "2026-09-15 19:55:35" }, "geometry": { "type": "Point", "coordinates": [ 23.299436569213867, 42.678829193115234 ] } },
{ "type": "Feature", "properties": { "vehicle_id": "A2003", "latitude": 42.717266082763672, "longitude": 23.23771858215332, "raw_occupancy": 0, "timestamp": "2026-09-15 19:55:35" }, "geometry": { "type": "Point", "coordinates": [ 23.23771858215332, 42.717266082763672 ] } },
{ "type": "Feature", "properties": { "vehicle_id": "A3659", "latitude": 42.668827056884766, "longitude": 23.400791168212891, "raw_occupancy": 1, "timestamp": "2026-09-15 19:55:35" }, "geometry": { "type": "Point", "coordinates": [ 23.400791168212891, 42.668827056884766 ] } },
{ "type": "Feature", "properties": { "vehicle_id": "A3611", "latitude": 42.670394897460938, "longitude": 23.442625045776367, "raw_occupancy": 0, "timestamp": "2026-09-15 19:55:35" }, "geometry": { "type": "Point", "coordinates": [ 23.442625045776367, 42.670394897460938 ] } },
{ "type": "Feature", "properties": { "vehicle_id": "A1410", "latitude": 42.649650573730469, "longitude": 23.276905059814453, "raw_occupancy": 1, "timestamp": "2026-09-15 19:55:35" }, "geometry": { "type": "Point", "coordinates": [ 23.276905059814453, 42.649650573730469 ] } },
{ "type": "Feature", "properties": { "vehicle_id": "A3400", "latitude": 42.688808441162109, "longitude": 23.403017044067383, "raw_occupancy": 0, "timestamp": "2026-09-15 19:55:35" }, "geometry": { "type": "Point", "coordinates": [ 23.403017044067383, 42.688808441162109 ] } },
{ "type": "Feature", "properties": { "vehicle_id": "A3657", "latitude": 42.673839569091797, "longitude": 23.381610870361328, "raw_occupancy": 1, "timestamp": "2026-09-15 19:55:35" }, "geometry": { "type": "Point", "coordinates": [ 23.381610870361328, 42.673839569091797 ] } },
{ "type": "Feature", "properties": { "vehicle_id": "A2058", "latitude": 42.698474884033203, "longitude": 23.275890350341797, "raw_occupancy": 0, "timestamp": "2026-09-15 19:55:35" }, "geometry": { "type": "Point", "coordinates": [ 23.275890350341797, 42.698474884033203 ] } },
{ "type": "Feature", "properties": { "vehicle_id": "A2059", "latitude": 42.705226898193359, "longitude": 23.358322143554688, "raw_occupancy": 0, "timestamp": "2026-09-15 19:55:35" }, "geometry": { "type": "Point", "coordinates": [ 23.358322143554688, 42.705226898193359 ] } },
{ "type": "Feature", "properties": { "vehicle_id": "A1035", "latitude": 42.668388366699219, "longitude": 23.241971969604492, "raw_occupancy": 0, "timestamp": "2026-09-15 19:55:35" }, "geometry": { "type": "Point", "coordinates": [ 23.241971969604492, 42.668388366699219 ] } },
{ "type": "Feature", "properties": { "vehicle_id": "A2506", "latitude": 42.691162109375, "longitude": 23.295953750610352, "raw_occupancy": 0, "timestamp": "2026-09-15 19:55:35" }, "geometry": { "type": "Point", "coordinates": [ 23.295953750610352, 42.691162109375 ] } },
{ "type": "Feature", "properties": { "vehicle_id": "A3628", "latitude": 42.672065734863281, "longitude": 23.363380432128906, "raw_occupancy": 3, "timestamp": "2026-09-15 19:55:35" }, "geometry": { "type": "Point", "coordinates": [ 23.363380432128906, 42.672065734863281 ] } },
{ "type": "Feature", "properties": { "vehicle_id": "A3157", "latitude": 42.704273223876953, "longitude": 23.334980010986328, "raw_occupancy": 2, "timestamp": "2026-09-15 19:55:35" }, "geometry": { "type": "Point", "coordinates": [ 23.334980010986328, 42.704273223876953 ] } },
{ "type": "Feature", "properties": { "vehicle_id": "A7121", "latitude": 42.714664459228516, "longitude": 23.339021682739258, "raw_occupancy": 0, "timestamp": "2026-09-15 19:55:35" }, "geometry": { "type": "Point", "coordinates": [ 23.339021682739258, 42.714664459228516 ] } },
{ "type": "Feature", "properties": { "vehicle_id": "A3605", "latitude": 42.61163330078125, "longitude": 23.500392913818359, "raw_occupancy": 1, "timestamp": "2026-09-15 19:55:35" }, "geometry": { "type": "Point", "coordinates": [ 23.500392913818359, 42.61163330078125 ] } },
{ "type": "Feature", "properties": { "vehicle_id": "A3156", "latitude": 42.661869049072266, "longitude": 23.39129638671875, "raw_occupancy": 1, "timestamp": "2026-09-15 19:55:35" }, "geometry": { "type": "Point", "coordinates": [ 23.39129638671875, 42.661869049072266 ] } },
{ "type": "Feature", "properties": { "vehicle_id": "A1026", "latitude": 42.621177673339844, "longitude": 23.434612274169922, "raw_occupancy": 1, "timestamp": "2026-09-15 19:55:35" }, "geometry": { "type": "Point", "coordinates": [ 23.434612274169922, 42.621177673339844 ] } },
{ "type": "Feature", "properties": { "vehicle_id": "A1602", "latitude": 42.720630645751953, "longitude": 23.242450714111328, "raw_occupancy": 1, "timestamp": "2026-09-15 19:55:35" }, "geometry": { "type": "Point", "coordinates": [ 23.242450714111328, 42.720630645751953 ] } },
{ "type": "Feature", "properties": { "vehicle_id": "A1183", "latitude": 42.675815582275391, "longitude": 23.333761215209961, "raw_occupancy": 2, "timestamp": "2026-09-15 19:55:35" }, "geometry": { "type": "Point", "coordinates": [ 23.333761215209961, 42.675815582275391 ] } },
{ "type": "Feature", "properties": { "vehicle_id": "A3627", "latitude": 42.658706665039062, "longitude": 23.382644653320312, "raw_occupancy": 1, "timestamp": "2026-09-15 19:55:35" }, "geometry": { "type": "Point", "coordinates": [ 23.382644653320312, 42.658706665039062 ] } },
{ "type": "Feature", "properties": { "vehicle_id": "A7053", "latitude": 42.717536926269531, "longitude": 23.52873420715332, "raw_occupancy": 0, "timestamp": "2026-09-15 19:55:35" }, "geometry": { "type": "Point", "coordinates": [ 23.52873420715332, 42.717536926269531 ] } },
{ "type": "Feature", "properties": { "vehicle_id": "A2054", "latitude": 42.689655303955078, "longitude": 23.336389541625977, "raw_occupancy": 2, "timestamp": "2026-09-15 19:55:35" }, "geometry": { "type": "Point", "coordinates": [ 23.336389541625977, 42.689655303955078 ] } },
{ "type": "Feature", "properties": { "vehicle_id": "A1851", "latitude": 42.686557769775391, "longitude": 23.29911994934082, "raw_occupancy": 0, "timestamp": "2026-09-15 19:55:35" }, "geometry": { "type": "Point", "coordinates": [ 23.29911994934082, 42.686557769775391 ] } },
{ "type": "Feature", "properties": { "vehicle_id": "A1310", "latitude": 42.711868286132812, "longitude": 23.144369125366211, "raw_occupancy": 0, "timestamp": "2026-09-15 19:55:35" }, "geometry": { "type": "Point", "coordinates": [ 23.144369125366211, 42.711868286132812 ] } },
{ "type": "Feature", "properties": { "vehicle_id": "A7073", "latitude": 42.759605407714844, "longitude": 23.487033843994141, "raw_occupancy": 0, "timestamp": "2026-09-15 19:55:35" }, "geometry": { "type": "Point", "coordinates": [ 23.487033843994141, 42.759605407714844 ] } },
{ "type": "Feature", "properties": { "vehicle_id": "A3600", "latitude": 42.668304443359375, "longitude": 23.401960372924805, "raw_occupancy": 1, "timestamp": "2026-09-15 19:55:35" }, "geometry": { "type": "Point", "coordinates": [ 23.401960372924805, 42.668304443359375 ] } },
{ "type": "Feature", "properties": { "vehicle_id": "A3103", "latitude": 42.648494720458984, "longitude": 23.377048492431641, "raw_occupancy": 1, "timestamp": "2026-09-15 19:55:35" }, "geometry": { "type": "Point", "coordinates": [ 23.377048492431641, 42.648494720458984 ] } },
{ "type": "Feature", "properties": { "vehicle_id": "A3125", "latitude": 42.665145874023438, "longitude": 23.355381011962891, "raw_occupancy": 2, "timestamp": "2026-09-15 19:55:35" }, "geometry": { "type": "Point", "coordinates": [ 23.355381011962891, 42.665145874023438 ] } },
{ "type": "Feature", "properties": { "vehicle_id": "A3115", "latitude": 42.682029724121094, "longitude": 23.375520706176758, "raw_occupancy": 0, "timestamp": "2026-09-15 19:55:35" }, "geometry": { "type": "Point", "coordinates": [ 23.375520706176758, 42.682029724121094 ] } },
{ "type": "Feature", "properties": { "vehicle_id": "A1618", "latitude": 42.701484680175781, "longitude": 23.297599792480469, "raw_occupancy": 1, "timestamp": "2026-09-15 19:55:35" }, "geometry": { "type": "Point", "coordinates": [ 23.297599792480469, 42.701484680175781 ] } },
{ "type": "Feature", "properties": { "vehicle_id": "A1163", "latitude": 42.714504241943359, "longitude": 23.231090545654297, "raw_occupancy": 1, "timestamp": "2026-09-15 19:55:35" }, "geometry": { "type": "Point", "coordinates": [ 23.231090545654297, 42.714504241943359 ] } },
{ "type": "Feature", "properties": { "vehicle_id": "A7151", "latitude": 42.782917022705078, "longitude": 23.389205932617188, "raw_occupancy": 1, "timestamp": "2026-09-15 19:55:35" }, "geometry": { "type": "Point", "coordinates": [ 23.389205932617188, 42.782917022705078 ] } },
{ "type": "Feature", "properties": { "vehicle_id": "A2048", "latitude": 42.602924346923828, "longitude": 23.402519226074219, "raw_occupancy": 1, "timestamp": "2026-09-15 19:55:35" }, "geometry": { "type": "Point", "coordinates": [ 23.402519226074219, 42.602924346923828 ] } },
{ "type": "Feature", "properties": { "vehicle_id": "A2039", "latitude": 42.705120086669922, "longitude": 23.317676544189453, "raw_occupancy": 1, "timestamp": "2026-09-15 19:55:35" }, "geometry": { "type": "Point", "coordinates": [ 23.317676544189453, 42.705120086669922 ] } },
{ "type": "Feature", "properties": { "vehicle_id": "A1849", "latitude": 42.738182067871094, "longitude": 23.316991806030273, "raw_occupancy": 0, "timestamp": "2026-09-15 19:55:35" }, "geometry": { "type": "Point", "coordinates": [ 23.316991806030273, 42.738182067871094 ] } },
{ "type": "Feature", "properties": { "vehicle_id": "A7063", "latitude": 42.719127655029297, "longitude": 23.223262786865234, "raw_occupancy": 0, "timestamp": "2026-09-15 19:55:35" }, "geometry": { "type": "Point", "coordinates": [ 23.223262786865234, 42.719127655029297 ] } },
{ "type": "Feature", "properties": { "vehicle_id": "A2088", "latitude": 42.711967468261719, "longitude": 23.409095764160156, "raw_occupancy": 0, "timestamp": "2026-09-15 19:55:35" }, "geometry": { "type": "Point", "coordinates": [ 23.409095764160156, 42.711967468261719 ] } },
{ "type": "Feature", "properties": { "vehicle_id": "A1421", "latitude": 42.669120788574219, "longitude": 23.291355133056641, "raw_occupancy": 1, "timestamp": "2026-09-15 19:55:35" }, "geometry": { "type": "Point", "coordinates": [ 23.291355133056641, 42.669120788574219 ] } },
{ "type": "Feature", "properties": { "vehicle_id": "A2515", "latitude": 42.689502716064453, "longitude": 23.360815048217773, "raw_occupancy": 1, "timestamp": "2026-09-15 19:55:35" }, "geometry": { "type": "Point", "coordinates": [ 23.360815048217773, 42.689502716064453 ] } },
{ "type": "Feature", "properties": { "vehicle_id": "A3143", "latitude": 42.690349578857422, "longitude": 23.336545944213867, "raw_occupancy": 1, "timestamp": "2026-09-15 19:55:35" }, "geometry": { "type": "Point", "coordinates": [ 23.336545944213867, 42.690349578857422 ] } },
{ "type": "Feature", "properties": { "vehicle_id": "A2317", "latitude": 42.693687438964844, "longitude": 23.338720321655273, "raw_occupancy": 1, "timestamp": "2026-09-15 19:55:35" }, "geometry": { "type": "Point", "coordinates": [ 23.338720321655273, 42.693687438964844 ] } },
{ "type": "Feature", "properties": { "vehicle_id": "A1604", "latitude": 42.696872711181641, "longitude": 23.352579116821289, "raw_occupancy": 1, "timestamp": "2026-09-15 19:55:35" }, "geometry": { "type": "Point", "coordinates": [ 23.352579116821289, 42.696872711181641 ] } },
{ "type": "Feature", "properties": { "vehicle_id": "A2050", "latitude": 42.715713500976562, "longitude": 23.323942184448242, "raw_occupancy": 0, "timestamp": "2026-09-15 19:55:35" }, "geometry": { "type": "Point", "coordinates": [ 23.323942184448242, 42.715713500976562 ] } },
{ "type": "Feature", "properties": { "vehicle_id": "A2810", "latitude": 42.728542327880859, "longitude": 23.24664306640625, "raw_occupancy": 1, "timestamp": "2026-09-15 19:55:35" }, "geometry": { "type": "Point", "coordinates": [ 23.24664306640625, 42.728542327880859 ] } },
{ "type": "Feature", "properties": { "vehicle_id": "A3410", "latitude": 42.685531616210938, "longitude": 23.305116653442383, "raw_occupancy": 0, "timestamp": "2026-09-15 19:55:35" }, "geometry": { "type": "Point", "coordinates": [ 23.305116653442383, 42.685531616210938 ] } },
{ "type": "Feature", "properties": { "vehicle_id": "A1605", "latitude": 42.696868896484375, "longitude": 23.352067947387695, "raw_occupancy": 1, "timestamp": "2026-09-15 19:55:35" }, "geometry": { "type": "Point", "coordinates": [ 23.352067947387695, 42.696868896484375 ] } },
{ "type": "Feature", "properties": { "vehicle_id": "A2807", "latitude": 42.711719512939453, "longitude": 23.300191879272461, "raw_occupancy": 2, "timestamp": "2026-09-15 19:55:35" }, "geometry": { "type": "Point", "coordinates": [ 23.300191879272461, 42.711719512939453 ] } },
{ "type": "Feature", "properties": { "vehicle_id": "A1185", "latitude": 42.678810119628906, "longitude": 23.302749633789062, "raw_occupancy": 2, "timestamp": "2026-09-15 19:55:35" }, "geometry": { "type": "Point", "coordinates": [ 23.302749633789062, 42.678810119628906 ] } },
{ "type": "Feature", "properties": { "vehicle_id": "A7055", "latitude": 42.736705780029297, "longitude": 23.4969482421875, "raw_occupancy": 1, "timestamp": "2026-09-15 19:55:35" }, "geometry": { "type": "Point", "coordinates": [ 23.4969482421875, 42.736705780029297 ] } },
{ "type": "Feature", "properties": { "vehicle_id": "A3117", "latitude": 42.688419342041016, "longitude": 23.334569931030273, "raw_occupancy": 1, "timestamp": "2026-09-15 19:55:35" }, "geometry": { "type": "Point", "coordinates": [ 23.334569931030273, 42.688419342041016 ] } },
{ "type": "Feature", "properties": { "vehicle_id": "A2605", "latitude": 42.703075408935547, "longitude": 23.363986968994141, "raw_occupancy": 0, "timestamp": "2026-09-15 19:55:35" }, "geometry": { "type": "Point", "coordinates": [ 23.363986968994141, 42.703075408935547 ] } },
{ "type": "Feature", "properties": { "vehicle_id": "A3301", "latitude": 42.6595458984375, "longitude": 23.322776794433594, "raw_occupancy": 0, "timestamp": "2026-09-15 19:55:35" }, "geometry": { "type": "Point", "coordinates": [ 23.322776794433594, 42.6595458984375 ] } },
{ "type": "Feature", "properties": { "vehicle_id": "A3114", "latitude": 42.663066864013672, "longitude": 23.389804840087891, "raw_occupancy": 1, "timestamp": "2026-09-15 19:55:35" }, "geometry": { "type": "Point", "coordinates": [ 23.389804840087891, 42.663066864013672 ] } },
{ "type": "Feature", "properties": { "vehicle_id": "A2085", "latitude": 42.575763702392578, "longitude": 23.359340667724609, "raw_occupancy": 0, "timestamp": "2026-09-15 19:55:35" }, "geometry": { "type": "Point", "coordinates": [ 23.359340667724609, 42.575763702392578 ] } },
{ "type": "Feature", "properties": { "vehicle_id": "A7115", "latitude": 42.828182220458984, "longitude": 23.342164993286133, "raw_occupancy": 0, "timestamp": "2026-09-15 19:55:35" }, "geometry": { "type": "Point", "coordinates": [ 23.342164993286133, 42.828182220458984 ] } },
{ "type": "Feature", "properties": { "vehicle_id": "A3402", "latitude": 42.615932464599609, "longitude": 23.337766647338867, "raw_occupancy": 1, "timestamp": "2026-09-15 19:55:35" }, "geometry": { "type": "Point", "coordinates": [ 23.337766647338867, 42.615932464599609 ] } },
{ "type": "Feature", "properties": { "vehicle_id": "A2010", "latitude": 42.717777252197266, "longitude": 23.238115310668945, "raw_occupancy": 1, "timestamp": "2026-09-15 19:55:35" }, "geometry": { "type": "Point", "coordinates": [ 23.238115310668945, 42.717777252197266 ] } },
{ "type": "Feature", "properties": { "vehicle_id": "A2037", "latitude": 42.689250946044922, "longitude": 23.330307006835938, "raw_occupancy": 0, "timestamp": "2026-09-15 19:55:35" }, "geometry": { "type": "Point", "coordinates": [ 23.330307006835938, 42.689250946044922 ] } },
{ "type": "Feature", "properties": { "vehicle_id": "A1165", "latitude": 42.669055938720703, "longitude": 23.297952651977539, "raw_occupancy": 1, "timestamp": "2026-09-15 19:55:35" }, "geometry": { "type": "Point", "coordinates": [ 23.297952651977539, 42.669055938720703 ] } },
{ "type": "Feature", "properties": { "vehicle_id": "A3652", "latitude": 42.524879455566406, "longitude": 23.36492919921875, "raw_occupancy": 0, "timestamp": "2026-09-15 19:55:35" }, "geometry": { "type": "Point", "coordinates": [ 23.36492919921875, 42.524879455566406 ] } },
{ "type": "Feature", "properties": { "vehicle_id": "A1205", "latitude": 42.622997283935547, "longitude": 23.374456405639648, "raw_occupancy": 1, "timestamp": "2026-09-15 19:55:35" }, "geometry": { "type": "Point", "coordinates": [ 23.374456405639648, 42.622997283935547 ] } },
{ "type": "Feature", "properties": { "vehicle_id": "A2519", "latitude": 42.688884735107422, "longitude": 23.298110961914062, "raw_occupancy": 2, "timestamp": "2026-09-15 19:55:35" }, "geometry": { "type": "Point", "coordinates": [ 23.298110961914062, 42.688884735107422 ] } },
{ "type": "Feature", "properties": { "vehicle_id": "A2073", "latitude": 42.676815032958984, "longitude": 23.369724273681641, "raw_occupancy": 1, "timestamp": "2026-09-15 19:55:35" }, "geometry": { "type": "Point", "coordinates": [ 23.369724273681641, 42.676815032958984 ] } },
{ "type": "Feature", "properties": { "vehicle_id": "A1408", "latitude": 42.659091949462891, "longitude": 23.316562652587891, "raw_occupancy": 0, "timestamp": "2026-09-15 19:55:35" }, "geometry": { "type": "Point", "coordinates": [ 23.316562652587891, 42.659091949462891 ] } },
{ "type": "Feature", "properties": { "vehicle_id": "A3141", "latitude": 42.656448364257812, "longitude": 23.396747589111328, "raw_occupancy": 1, "timestamp": "2026-09-15 19:55:35" }, "geometry": { "type": "Point", "coordinates": [ 23.396747589111328, 42.656448364257812 ] } },
{ "type": "Feature", "properties": { "vehicle_id": "A7161", "latitude": 42.821235656738281, "longitude": 23.354038238525391, "raw_occupancy": 1, "timestamp": "2026-09-15 19:55:35" }, "geometry": { "type": "Point", "coordinates": [ 23.354038238525391, 42.821235656738281 ] } },
{ "type": "Feature", "properties": { "vehicle_id": "A1405", "latitude": 42.633731842041016, "longitude": 23.310636520385742, "raw_occupancy": 2, "timestamp": "2026-09-15 19:55:35" }, "geometry": { "type": "Point", "coordinates": [ 23.310636520385742, 42.633731842041016 ] } },
{ "type": "Feature", "properties": { "vehicle_id": "A2079", "latitude": 42.642364501953125, "longitude": 23.312557220458984, "raw_occupancy": 1, "timestamp": "2026-09-15 19:55:35" }, "geometry": { "type": "Point", "coordinates": [ 23.312557220458984, 42.642364501953125 ] } },
{ "type": "Feature", "properties": { "vehicle_id": "A3650", "latitude": 42.548606872558594, "longitude": 23.362485885620117, "raw_occupancy": 0, "timestamp": "2026-09-15 19:55:35" }, "geometry": { "type": "Point", "coordinates": [ 23.362485885620117, 42.548606872558594 ] } },
{ "type": "Feature", "properties": { "vehicle_id": "A3664", "latitude": 42.665714263916016, "longitude": 23.406911849975586, "raw_occupancy": 0, "timestamp": "2026-09-15 19:55:35" }, "geometry": { "type": "Point", "coordinates": [ 23.406911849975586, 42.665714263916016 ] } },
{ "type": "Feature", "properties": { "vehicle_id": "A1186", "latitude": 42.645610809326172, "longitude": 23.333837509155273, "raw_occupancy": 1, "timestamp": "2026-09-15 19:55:35" }, "geometry": { "type": "Point", "coordinates": [ 23.333837509155273, 42.645610809326172 ] } },
{ "type": "Feature", "properties": { "vehicle_id": "A2017", "latitude": 42.705810546875, "longitude": 23.34764289855957, "raw_occupancy": 1, "timestamp": "2026-09-15 19:55:35" }, "geometry": { "type": "Point", "coordinates": [ 23.34764289855957, 42.705810546875 ] } },
{ "type": "Feature", "properties": { "vehicle_id": "A1837", "latitude": 42.761444091796875, "longitude": 23.24409294128418, "raw_occupancy": 0, "timestamp": "2026-09-15 19:55:35" }, "geometry": { "type": "Point", "coordinates": [ 23.24409294128418, 42.761444091796875 ] } },
{ "type": "Feature", "properties": { "vehicle_id": "A3601", "latitude": 42.675910949707031, "longitude": 23.433374404907227, "raw_occupancy": 1, "timestamp": "2026-09-15 19:55:35" }, "geometry": { "type": "Point", "coordinates": [ 23.433374404907227, 42.675910949707031 ] } },
{ "type": "Feature", "properties": { "vehicle_id": "A7157", "latitude": 42.707675933837891, "longitude": 23.412569046020508, "raw_occupancy": 1, "timestamp": "2026-09-15 19:55:35" }, "geometry": { "type": "Point", "coordinates": [ 23.412569046020508, 42.707675933837891 ] } },
{ "type": "Feature", "properties": { "vehicle_id": "A2064", "latitude": 42.723434448242188, "longitude": 23.301712036132812, "raw_occupancy": 1, "timestamp": "2026-09-15 19:55:35" }, "geometry": { "type": "Point", "coordinates": [ 23.301712036132812, 42.723434448242188 ] } },
{ "type": "Feature", "properties": { "vehicle_id": "A3122", "latitude": 42.638996124267578, "longitude": 23.334463119506836, "raw_occupancy": 0, "timestamp": "2026-09-15 19:55:35" }, "geometry": { "type": "Point", "coordinates": [ 23.334463119506836, 42.638996124267578 ] } },
{ "type": "Feature", "properties": { "vehicle_id": "A2030", "latitude": 42.665420532226562, "longitude": 23.319278717041016, "raw_occupancy": 2, "timestamp": "2026-09-15 19:55:35" }, "geometry": { "type": "Point", "coordinates": [ 23.319278717041016, 42.665420532226562 ] } },
{ "type": "Feature", "properties": { "vehicle_id": "A7143", "latitude": 42.728862762451172, "longitude": 23.380943298339844, "raw_occupancy": 1, "timestamp": "2026-09-15 19:55:35" }, "geometry": { "type": "Point", "coordinates": [ 23.380943298339844, 42.728862762451172 ] } },
{ "type": "Feature", "properties": { "vehicle_id": "A3119", "latitude": 42.671184539794922, "longitude": 23.350973129272461, "raw_occupancy": 0, "timestamp": "2026-09-15 19:55:35" }, "geometry": { "type": "Point", "coordinates": [ 23.350973129272461, 42.671184539794922 ] } },
{ "type": "Feature", "properties": { "vehicle_id": "A7119", "latitude": 42.732719421386719, "longitude": 23.317298889160156, "raw_occupancy": 3, "timestamp": "2026-09-15 19:55:35" }, "geometry": { "type": "Point", "coordinates": [ 23.317298889160156, 42.732719421386719 ] } },
{ "type": "Feature", "properties": { "vehicle_id": "A2075", "latitude": 42.663181304931641, "longitude": 23.376277923583984, "raw_occupancy": 1, "timestamp": "2026-09-15 19:55:35" }, "geometry": { "type": "Point", "coordinates": [ 23.376277923583984, 42.663181304931641 ] } },
{ "type": "Feature", "properties": { "vehicle_id": "A3613", "latitude": 42.656688690185547, "longitude": 23.427616119384766, "raw_occupancy": 0, "timestamp": "2026-09-15 19:55:35" }, "geometry": { "type": "Point", "coordinates": [ 23.427616119384766, 42.656688690185547 ] } },
{ "type": "Feature", "properties": { "vehicle_id": "A2055", "latitude": 42.728855133056641, "longitude": 23.248918533325195, "raw_occupancy": 1, "timestamp": "2026-09-15 19:55:35" }, "geometry": { "type": "Point", "coordinates": [ 23.248918533325195, 42.728855133056641 ] } },
{ "type": "Feature", "properties": { "vehicle_id": "A2509", "latitude": 42.693077087402344, "longitude": 23.345014572143555, "raw_occupancy": 2, "timestamp": "2026-09-15 19:55:35" }, "geometry": { "type": "Point", "coordinates": [ 23.345014572143555, 42.693077087402344 ] } },
{ "type": "Feature", "properties": { "vehicle_id": "A7059", "latitude": 42.779315948486328, "longitude": 23.496454238891602, "raw_occupancy": 0, "timestamp": "2026-09-15 19:55:35" }, "geometry": { "type": "Point", "coordinates": [ 23.496454238891602, 42.779315948486328 ] } },
{ "type": "Feature", "properties": { "vehicle_id": "A1857", "latitude": 42.672931671142578, "longitude": 23.251979827880859, "raw_occupancy": 1, "timestamp": "2026-09-15 19:55:35" }, "geometry": { "type": "Point", "coordinates": [ 23.251979827880859, 42.672931671142578 ] } },
{ "type": "Feature", "properties": { "vehicle_id": "A1162", "latitude": 42.695777893066406, "longitude": 23.287622451782227, "raw_occupancy": 1, "timestamp": "2026-09-15 19:55:35" }, "geometry": { "type": "Point", "coordinates": [ 23.287622451782227, 42.695777893066406 ] } },
{ "type": "Feature", "properties": { "vehicle_id": "A1164", "latitude": 42.678031921386719, "longitude": 23.285926818847656, "raw_occupancy": 1, "timestamp": "2026-09-15 19:55:35" }, "geometry": { "type": "Point", "coordinates": [ 23.285926818847656, 42.678031921386719 ] } },
{ "type": "Feature", "properties": { "vehicle_id": "A1833", "latitude": 42.726520538330078, "longitude": 23.261478424072266, "raw_occupancy": 1, "timestamp": "2026-09-15 19:55:35" }, "geometry": { "type": "Point", "coordinates": [ 23.261478424072266, 42.726520538330078 ] } },
{ "type": "Feature", "properties": { "vehicle_id": "A1154", "latitude": 42.658203125, "longitude": 23.34246826171875, "raw_occupancy": 1, "timestamp": "2026-09-15 19:55:35" }, "geometry": { "type": "Point", "coordinates": [ 23.34246826171875, 42.658203125 ] } },
{ "type": "Feature", "properties": { "vehicle_id": "A3608", "latitude": 42.596992492675781, "longitude": 23.366325378417969, "raw_occupancy": 1, "timestamp": "2026-09-15 19:55:35" }, "geometry": { "type": "Point", "coordinates": [ 23.366325378417969, 42.596992492675781 ] } },
{ "type": "Feature", "properties": { "vehicle_id": "A1609", "latitude": 42.683506011962891, "longitude": 23.242589950561523, "raw_occupancy": 0, "timestamp": "2026-09-15 19:55:35" }, "geometry": { "type": "Point", "coordinates": [ 23.242589950561523, 42.683506011962891 ] } },
{ "type": "Feature", "properties": { "vehicle_id": "A2313", "latitude": 42.646636962890625, "longitude": 23.346256256103516, "raw_occupancy": 0, "timestamp": "2026-09-15 19:55:35" }, "geometry": { "type": "Point", "coordinates": [ 23.346256256103516, 42.646636962890625 ] } },
{ "type": "Feature", "properties": { "vehicle_id": "A3606", "latitude": 42.65020751953125, "longitude": 23.377132415771484, "raw_occupancy": 1, "timestamp": "2026-09-15 19:55:35" }, "geometry": { "type": "Point", "coordinates": [ 23.377132415771484, 42.65020751953125 ] } },
{ "type": "Feature", "properties": { "vehicle_id": "A2043", "latitude": 42.729427337646484, "longitude": 23.292728424072266, "raw_occupancy": 1, "timestamp": "2026-09-15 19:55:35" }, "geometry": { "type": "Point", "coordinates": [ 23.292728424072266, 42.729427337646484 ] } },
{ "type": "Feature", "properties": { "vehicle_id": "A3107", "latitude": 42.68170166015625, "longitude": 23.313447952270508, "raw_occupancy": 2, "timestamp": "2026-09-15 19:55:35" }, "geometry": { "type": "Point", "coordinates": [ 23.313447952270508, 42.68170166015625 ] } },
{ "type": "Feature", "properties": { "vehicle_id": "A3111", "latitude": 42.666030883789062, "longitude": 23.406410217285156, "raw_occupancy": 1, "timestamp": "2026-09-15 19:55:35" }, "geometry": { "type": "Point", "coordinates": [ 23.406410217285156, 42.666030883789062 ] } },
{ "type": "Feature", "properties": { "vehicle_id": "A3109", "latitude": 42.648624420166016, "longitude": 23.37714958190918, "raw_occupancy": 1, "timestamp": "2026-09-15 19:55:35" }, "geometry": { "type": "Point", "coordinates": [ 23.37714958190918, 42.648624420166016 ] } },
{ "type": "Feature", "properties": { "vehicle_id": "A2045", "latitude": 42.705390930175781, "longitude": 23.321701049804688, "raw_occupancy": 1, "timestamp": "2026-09-15 19:55:35" }, "geometry": { "type": "Point", "coordinates": [ 23.321701049804688, 42.705390930175781 ] } },
{ "type": "Feature", "properties": { "vehicle_id": "A2038", "latitude": 42.643871307373047, "longitude": 23.341897964477539, "raw_occupancy": 1, "timestamp": "2026-09-15 19:55:35" }, "geometry": { "type": "Point", "coordinates": [ 23.341897964477539, 42.643871307373047 ] } },
{ "type": "Feature", "properties": { "vehicle_id": "A7191", "latitude": 42.744617462158203, "longitude": 23.399578094482422, "raw_occupancy": 1, "timestamp": "2026-09-15 19:55:35" }, "geometry": { "type": "Point", "coordinates": [ 23.399578094482422, 42.744617462158203 ] } },
{ "type": "Feature", "properties": { "vehicle_id": "A2046", "latitude": 42.714332580566406, "longitude": 23.30705451965332, "raw_occupancy": 1, "timestamp": "2026-09-15 19:55:35" }, "geometry": { "type": "Point", "coordinates": [ 23.30705451965332, 42.714332580566406 ] } },
{ "type": "Feature", "properties": { "vehicle_id": "A2733", "latitude": 42.789806365966797, "longitude": 23.308248519897461, "raw_occupancy": 1, "timestamp": "2026-09-15 19:55:35" }, "geometry": { "type": "Point", "coordinates": [ 23.308248519897461, 42.789806365966797 ] } },
{ "type": "Feature", "properties": { "vehicle_id": "A3136", "latitude": 42.69573974609375, "longitude": 23.346529006958008, "raw_occupancy": 1, "timestamp": "2026-09-15 19:55:35" }, "geometry": { "type": "Point", "coordinates": [ 23.346529006958008, 42.69573974609375 ] } },
{ "type": "Feature", "properties": { "vehicle_id": "A7145", "latitude": 42.707942962646484, "longitude": 23.357355117797852, "raw_occupancy": 1, "timestamp": "2026-09-15 19:55:35" }, "geometry": { "type": "Point", "coordinates": [ 23.357355117797852, 42.707942962646484 ] } },
{ "type": "Feature", "properties": { "vehicle_id": "A3158", "latitude": 42.643257141113281, "longitude": 23.412250518798828, "raw_occupancy": 1, "timestamp": "2026-09-15 19:55:35" }, "geometry": { "type": "Point", "coordinates": [ 23.412250518798828, 42.643257141113281 ] } },
{ "type": "Feature", "properties": { "vehicle_id": "A2301", "latitude": 42.663558959960938, "longitude": 23.357980728149414, "raw_occupancy": 1, "timestamp": "2026-09-15 19:55:35" }, "geometry": { "type": "Point", "coordinates": [ 23.357980728149414, 42.663558959960938 ] } },
{ "type": "Feature", "properties": { "vehicle_id": "A1845", "latitude": 42.717010498046875, "longitude": 23.170310974121094, "raw_occupancy": 1, "timestamp": "2026-09-15 19:55:35" }, "geometry": { "type": "Point", "coordinates": [ 23.170310974121094, 42.717010498046875 ] } },
{ "type": "Feature", "properties": { "vehicle_id": "A3147", "latitude": 42.675861358642578, "longitude": 23.288568496704102, "raw_occupancy": 1, "timestamp": "2026-09-15 19:55:35" }, "geometry": { "type": "Point", "coordinates": [ 23.288568496704102, 42.675861358642578 ] } },
{ "type": "Feature", "properties": { "vehicle_id": "A7141", "latitude": 42.745281219482422, "longitude": 23.348432540893555, "raw_occupancy": 1, "timestamp": "2026-09-15 19:55:35" }, "geometry": { "type": "Point", "coordinates": [ 23.348432540893555, 42.745281219482422 ] } },
{ "type": "Feature", "properties": { "vehicle_id": "A2040", "latitude": 42.713188171386719, "longitude": 23.38029670715332, "raw_occupancy": 0, "timestamp": "2026-09-15 19:55:35" }, "geometry": { "type": "Point", "coordinates": [ 23.38029670715332, 42.713188171386719 ] } },
{ "type": "Feature", "properties": { "vehicle_id": "A1030", "latitude": 42.6375732421875, "longitude": 23.335174560546875, "raw_occupancy": 3, "timestamp": "2026-09-15 19:55:35" }, "geometry": { "type": "Point", "coordinates": [ 23.335174560546875, 42.6375732421875 ] } },
{ "type": "Feature", "properties": { "vehicle_id": "A1821", "latitude": 42.651260375976562, "longitude": 23.375576019287109, "raw_occupancy": 1, "timestamp": "2026-09-15 19:55:35" }, "geometry": { "type": "Point", "coordinates": [ 23.375576019287109, 42.651260375976562 ] } },
{ "type": "Feature", "properties": { "vehicle_id": "A1839", "latitude": 42.702358245849609, "longitude": 23.285852432250977, "raw_occupancy": 1, "timestamp": "2026-09-15 19:55:35" }, "geometry": { "type": "Point", "coordinates": [ 23.285852432250977, 42.702358245849609 ] } },
{ "type": "Feature", "properties": { "vehicle_id": "A2502", "latitude": 42.622562408447266, "longitude": 23.322412490844727, "raw_occupancy": 0, "timestamp": "2026-09-15 19:55:35" }, "geometry": { "type": "Point", "coordinates": [ 23.322412490844727, 42.622562408447266 ] } },
{ "type": "Feature", "properties": { "vehicle_id": "A2727", "latitude": 42.781497955322266, "longitude": 23.31138801574707, "raw_occupancy": 0, "timestamp": "2026-09-15 19:55:35" }, "geometry": { "type": "Point", "coordinates": [ 23.31138801574707, 42.781497955322266 ] } },
{ "type": "Feature", "properties": { "vehicle_id": "A1406", "latitude": 42.659610748291016, "longitude": 23.316925048828125, "raw_occupancy": 1, "timestamp": "2026-09-15 19:55:35" }, "geometry": { "type": "Point", "coordinates": [ 23.316925048828125, 42.659610748291016 ] } },
{ "type": "Feature", "properties": { "vehicle_id": "A3133", "latitude": 42.675338745117188, "longitude": 23.344377517700195, "raw_occupancy": 1, "timestamp": "2026-09-15 19:55:35" }, "geometry": { "type": "Point", "coordinates": [ 23.344377517700195, 42.675338745117188 ] } },
{ "type": "Feature", "properties": { "vehicle_id": "A3127", "latitude": 42.697513580322266, "longitude": 23.354469299316406, "raw_occupancy": 1, "timestamp": "2026-09-15 19:55:35" }, "geometry": { "type": "Point", "coordinates": [ 23.354469299316406, 42.697513580322266 ] } },
{ "type": "Feature", "properties": { "vehicle_id": "A2024", "latitude": 42.647502899169922, "longitude": 23.341728210449219, "raw_occupancy": 1, "timestamp": "2026-09-15 19:55:35" }, "geometry": { "type": "Point", "coordinates": [ 23.341728210449219, 42.647502899169922 ] } },
{ "type": "Feature", "properties": { "vehicle_id": "A7099", "latitude": 42.729782104492188, "longitude": 23.312910079956055, "raw_occupancy": 1, "timestamp": "2026-09-15 19:55:35" }, "geometry": { "type": "Point", "coordinates": [ 23.312910079956055, 42.729782104492188 ] } },
{ "type": "Feature", "properties": { "vehicle_id": "A3620", "latitude": 42.595874786376953, "longitude": 23.364315032958984, "raw_occupancy": 0, "timestamp": "2026-09-15 19:55:35" }, "geometry": { "type": "Point", "coordinates": [ 23.364315032958984, 42.595874786376953 ] } },
{ "type": "Feature", "properties": { "vehicle_id": "A1413", "latitude": 42.678703308105469, "longitude": 23.284732818603516, "raw_occupancy": 0, "timestamp": "2026-09-15 19:55:35" }, "geometry": { "type": "Point", "coordinates": [ 23.284732818603516, 42.678703308105469 ] } },
{ "type": "Feature", "properties": { "vehicle_id": "A1603", "latitude": 42.720405578613281, "longitude": 23.255588531494141, "raw_occupancy": 1, "timestamp": "2026-09-15 19:55:35" }, "geometry": { "type": "Point", "coordinates": [ 23.255588531494141, 42.720405578613281 ] } },
{ "type": "Feature", "properties": { "vehicle_id": "A3102", "latitude": 42.727088928222656, "longitude": 23.31231689453125, "raw_occupancy": 1, "timestamp": "2026-09-15 19:55:35" }, "geometry": { "type": "Point", "coordinates": [ 23.31231689453125, 42.727088928222656 ] } },
{ "type": "Feature", "properties": { "vehicle_id": "A2310", "latitude": 42.693252563476562, "longitude": 23.334434509277344, "raw_occupancy": 1, "timestamp": "2026-09-15 19:55:35" }, "geometry": { "type": "Point", "coordinates": [ 23.334434509277344, 42.693252563476562 ] } },
{ "type": "Feature", "properties": { "vehicle_id": "A1230", "latitude": 42.718315124511719, "longitude": 23.228046417236328, "raw_occupancy": 1, "timestamp": "2026-09-15 19:55:35" }, "geometry": { "type": "Point", "coordinates": [ 23.228046417236328, 42.718315124511719 ] } },
{ "type": "Feature", "properties": { "vehicle_id": "A2815", "latitude": 42.7108154296875, "longitude": 23.350131988525391, "raw_occupancy": 1, "timestamp": "2026-09-15 19:55:35" }, "geometry": { "type": "Point", "coordinates": [ 23.350131988525391, 42.7108154296875 ] } },
{ "type": "Feature", "properties": { "vehicle_id": "A2036", "latitude": 42.689315795898438, "longitude": 23.334922790527344, "raw_occupancy": 0, "timestamp": "2026-09-15 19:55:35" }, "geometry": { "type": "Point", "coordinates": [ 23.334922790527344, 42.689315795898438 ] } },
{ "type": "Feature", "properties": { "vehicle_id": "A3149", "latitude": 42.671390533447266, "longitude": 23.283082962036133, "raw_occupancy": 1, "timestamp": "2026-09-15 19:55:35" }, "geometry": { "type": "Point", "coordinates": [ 23.283082962036133, 42.671390533447266 ] } },
{ "type": "Feature", "properties": { "vehicle_id": "A2514", "latitude": 42.676620483398438, "longitude": 23.35980224609375, "raw_occupancy": 0, "timestamp": "2026-09-15 19:55:35" }, "geometry": { "type": "Point", "coordinates": [ 23.35980224609375, 42.676620483398438 ] } },
{ "type": "Feature", "properties": { "vehicle_id": "A2822", "latitude": 42.725189208984375, "longitude": 23.316995620727539, "raw_occupancy": 1, "timestamp": "2026-09-15 19:55:35" }, "geometry": { "type": "Point", "coordinates": [ 23.316995620727539, 42.725189208984375 ] } }
]
}
