{
"type": "FeatureCollection",
"name": "bus_occupancy_remainder_20260915_1655",
"crs": { "type": "name", "properties": { "name": "urn:ogc:def:crs:OGC:1.3:CRS84" } },
"features": [
{ "type": "Feature", "properties": { "vehicle_id": "A1232", "latitude": 42.743625640869141, "longitude": 23.269859313964844, "raw_occupancy": 3, "timestamp": "2026-09-15 16:35:25" }, "geometry": { "type": "Point", "coordinates": [ 23.269859313964844, 42.743625640869141 ] } },
{ "type": "Feature", "properties": { "vehicle_id": "A7127", "latitude": 42.706718444824219, "longitude": 23.358005523681641, "raw_occupancy": 0, "timestamp": "2026-09-15 16:35:25" }, "geometry": { "type": "Point", "coordinates": [ 23.358005523681641, 42.706718444824219 ] } },
{ "type": "Feature", "properties": { "vehicle_id": "A1421", "latitude": 42.641559600830078, "longitude": 23.31291389465332, "raw_occupancy": 2, "timestamp": "2026-09-15 16:35:25" }, "geometry": { "type": "Point", "coordinates": [ 23.31291389465332, 42.641559600830078 ] } },
{ "type": "Feature", "properties": { "vehicle_id": "A1213", "latitude": 42.724964141845703, "longitude": 23.126070022583008, "raw_occupancy": 0, "timestamp": "2026-09-15 16:35:25" }, "geometry": { "type": "Point", "coordinates": [ 23.126070022583008, 42.724964141845703 ] } },
{ "type": "Feature", "properties": { "vehicle_id": "A7133", "latitude": 42.731975555419922, "longitude": 23.317224502563477, "raw_occupancy": 3, "timestamp": "2026-09-15 16:35:25" }, "geometry": { "type": "Point", "coordinates": [ 23.317224502563477, 42.731975555419922 ] } },
{ "type": "Feature", "properties": { "vehicle_id": "A1215", "latitude": 42.66796875, "longitude": 23.276336669921875, "raw_occupancy": 1, "timestamp": "2026-09-15 16:35:25" }, "geometry": { "type": "Point", "coordinates": [ 23.276336669921875, 42.66796875 ] } },
{ "type": "Feature", "properties": { "vehicle_id": "A7121", "latitude": 42.73309326171875, "longitude": 23.389961242675781, "raw_occupancy": 2, "timestamp": "2026-09-15 16:35:25" }, "geometry": { "type": "Point", "coordinates": [ 23.389961242675781, 42.73309326171875 ] } },
{ "type": "Feature", "properties": { "vehicle_id": "A1182", "latitude": 42.658756256103516, "longitude": 23.315258026123047, "raw_occupancy": 1, "timestamp": "2026-09-15 16:35:25" }, "geometry": { "type": "Point", "coordinates": [ 23.315258026123047, 42.658756256103516 ] } },
{ "type": "Feature", "properties": { "vehicle_id": "A3103", "latitude": 42.684532165527344, "longitude": 23.324270248413086, "raw_occupancy": 3, "timestamp": "2026-09-15 16:35:25" }, "geometry": { "type": "Point", "coordinates": [ 23.324270248413086, 42.684532165527344 ] } },
{ "type": "Feature", "properties": { "vehicle_id": "A2053", "latitude": 42.644096374511719, "longitude": 23.401388168334961, "raw_occupancy": 3, "timestamp": "2026-09-15 16:35:25" }, "geometry": { "type": "Point", "coordinates": [ 23.401388168334961, 42.644096374511719 ] } },
{ "type": "Feature", "properties": { "vehicle_id": "A1034", "latitude": 42.64898681640625, "longitude": 23.261945724487305, "raw_occupancy": 3, "timestamp": "2026-09-15 16:35:25" }, "geometry": { "type": "Point", "coordinates": [ 23.261945724487305, 42.64898681640625 ] } },
{ "type": "Feature", "properties": { "vehicle_id": "A1604", "latitude": 42.687667846679688, "longitude": 23.240316390991211, "raw_occupancy": 0, "timestamp": "2026-09-15 16:35:25" }, "geometry": { "type": "Point", "coordinates": [ 23.240316390991211, 42.687667846679688 ] } },
{ "type": "Feature", "properties": { "vehicle_id": "A3012", "latitude": 42.681282043457031, "longitude": 23.356643676757812, "raw_occupancy": 2, "timestamp": "2026-09-15 16:35:25" }, "geometry": { "type": "Point", "coordinates": [ 23.356643676757812, 42.681282043457031 ] } },
{ "type": "Feature", "properties": { "vehicle_id": "A1181", "latitude": 42.729022979736328, "longitude": 23.287723541259766, "raw_occupancy": 0, "timestamp": "2026-09-15 16:35:25" }, "geometry": { "type": "Point", "coordinates": [ 23.287723541259766, 42.729022979736328 ] } },
{ "type": "Feature", "properties": { "vehicle_id": "A3625", "latitude": 42.667690277099609, "longitude": 23.413764953613281, "raw_occupancy": 3, "timestamp": "2026-09-15 16:35:25" }, "geometry": { "type": "Point", "coordinates": [ 23.413764953613281, 42.667690277099609 ] } },
{ "type": "Feature", "properties": { "vehicle_id": "A2055", "latitude": 42.728591918945312, "longitude": 23.249380111694336, "raw_occupancy": 1, "timestamp": "2026-09-15 16:35:25" }, "geometry": { "type": "Point", "coordinates": [ 23.249380111694336, 42.728591918945312 ] } },
{ "type": "Feature", "properties": { "vehicle_id": "A3125", "latitude": 42.713176727294922, "longitude": 23.315971374511719, "raw_occupancy": 2, "timestamp": "2026-09-15 16:35:25" }, "geometry": { "type": "Point", "coordinates": [ 23.315971374511719, 42.713176727294922 ] } },
{ "type": "Feature", "properties": { "vehicle_id": "A2500", "latitude": 42.695812225341797, "longitude": 23.28474235534668, "raw_occupancy": 1, "timestamp": "2026-09-15 16:35:25" }, "geometry": { "type": "Point", "coordinates": [ 23.28474235534668, 42.695812225341797 ] } },
{ "type": "Feature", "properties": { "vehicle_id": "A2003", "latitude": 42.710647583007812, "longitude": 23.268953323364258, "raw_occupancy": 2, "timestamp": "2026-09-15 16:35:25" }, "geometry": { "type": "Point", "coordinates": [ 23.268953323364258, 42.710647583007812 ] } },
{ "type": "Feature", "properties": { "vehicle_id": "A3137", "latitude": 42.679500579833984, "longitude": 23.353311538696289, "raw_occupancy": 3, "timestamp": "2026-09-15 16:35:25" }, "geometry": { "type": "Point", "coordinates": [ 23.353311538696289, 42.679500579833984 ] } },
{ "type": "Feature", "properties": { "vehicle_id": "A7069", "latitude": 42.800785064697266, "longitude": 23.275819778442383, "raw_occupancy": 2, "timestamp": "2026-09-15 16:35:25" }, "geometry": { "type": "Point", "coordinates": [ 23.275819778442383, 42.800785064697266 ] } },
{ "type": "Feature", "properties": { "vehicle_id": "A1222", "latitude": 42.714004516601562, "longitude": 23.218050003051758, "raw_occupancy": 2, "timestamp": "2026-09-15 16:35:25" }, "geometry": { "type": "Point", "coordinates": [ 23.218050003051758, 42.714004516601562 ] } },
{ "type": "Feature", "properties": { "vehicle_id": "A3135", "latitude": 42.665798187255859, "longitude": 23.406780242919922, "raw_occupancy": 2, "timestamp": "2026-09-15 16:35:25" }, "geometry": { "type": "Point", "coordinates": [ 23.406780242919922, 42.665798187255859 ] } },
{ "type": "Feature", "properties": { "vehicle_id": "A2823", "latitude": 42.668209075927734, "longitude": 23.26544189453125, "raw_occupancy": 1, "timestamp": "2026-09-15 16:35:25" }, "geometry": { "type": "Point", "coordinates": [ 23.26544189453125, 42.668209075927734 ] } },
{ "type": "Feature", "properties": { "vehicle_id": "A1211", "latitude": 42.695873260498047, "longitude": 23.239719390869141, "raw_occupancy": 1, "timestamp": "2026-09-15 16:35:25" }, "geometry": { "type": "Point", "coordinates": [ 23.239719390869141, 42.695873260498047 ] } },
{ "type": "Feature", "properties": { "vehicle_id": "A3632", "latitude": 42.664546966552734, "longitude": 23.406049728393555, "raw_occupancy": 2, "timestamp": "2026-09-15 16:35:25" }, "geometry": { "type": "Point", "coordinates": [ 23.406049728393555, 42.664546966552734 ] } },
{ "type": "Feature", "properties": { "vehicle_id": "A3662", "latitude": 42.632644653320312, "longitude": 23.333698272705078, "raw_occupancy": 1, "timestamp": "2026-09-15 16:35:25" }, "geometry": { "type": "Point", "coordinates": [ 23.333698272705078, 42.632644653320312 ] } },
{ "type": "Feature", "properties": { "vehicle_id": "A3620", "latitude": 42.654621124267578, "longitude": 23.36937141418457, "raw_occupancy": 1, "timestamp": "2026-09-15 16:35:25" }, "geometry": { "type": "Point", "coordinates": [ 23.36937141418457, 42.654621124267578 ] } },
{ "type": "Feature", "properties": { "vehicle_id": "A7147", "latitude": 42.732013702392578, "longitude": 23.267261505126953, "raw_occupancy": 1, "timestamp": "2026-09-15 16:35:25" }, "geometry": { "type": "Point", "coordinates": [ 23.267261505126953, 42.732013702392578 ] } },
{ "type": "Feature", "properties": { "vehicle_id": "A2810", "latitude": 42.723796844482422, "longitude": 23.258161544799805, "raw_occupancy": 1, "timestamp": "2026-09-15 16:35:25" }, "geometry": { "type": "Point", "coordinates": [ 23.258161544799805, 42.723796844482422 ] } },
{ "type": "Feature", "properties": { "vehicle_id": "A1187", "latitude": 42.678493499755859, "longitude": 23.285346984863281, "raw_occupancy": 3, "timestamp": "2026-09-15 16:35:25" }, "geometry": { "type": "Point", "coordinates": [ 23.285346984863281, 42.678493499755859 ] } },
{ "type": "Feature", "properties": { "vehicle_id": "A3139", "latitude": 42.689449310302734, "longitude": 23.336156845092773, "raw_occupancy": 3, "timestamp": "2026-09-15 16:35:25" }, "geometry": { "type": "Point", "coordinates": [ 23.336156845092773, 42.689449310302734 ] } },
{ "type": "Feature", "properties": { "vehicle_id": "A1409", "latitude": 42.665561676025391, "longitude": 23.259464263916016, "raw_occupancy": 2, "timestamp": "2026-09-15 16:35:25" }, "geometry": { "type": "Point", "coordinates": [ 23.259464263916016, 42.665561676025391 ] } },
{ "type": "Feature", "properties": { "vehicle_id": "A2030", "latitude": 42.696262359619141, "longitude": 23.351772308349609, "raw_occupancy": 4, "timestamp": "2026-09-15 16:35:25" }, "geometry": { "type": "Point", "coordinates": [ 23.351772308349609, 42.696262359619141 ] } },
{ "type": "Feature", "properties": { "vehicle_id": "A2300", "latitude": 42.707157135009766, "longitude": 23.317855834960938, "raw_occupancy": 1, "timestamp": "2026-09-15 16:35:25" }, "geometry": { "type": "Point", "coordinates": [ 23.317855834960938, 42.707157135009766 ] } },
{ "type": "Feature", "properties": { "vehicle_id": "A3409", "latitude": 42.688156127929688, "longitude": 23.413925170898438, "raw_occupancy": 1, "timestamp": "2026-09-15 16:35:25" }, "geometry": { "type": "Point", "coordinates": [ 23.413925170898438, 42.688156127929688 ] } },
{ "type": "Feature", "properties": { "vehicle_id": "A7169", "latitude": 42.709011077880859, "longitude": 23.430747985839844, "raw_occupancy": 2, "timestamp": "2026-09-15 16:35:25" }, "geometry": { "type": "Point", "coordinates": [ 23.430747985839844, 42.709011077880859 ] } },
{ "type": "Feature", "properties": { "vehicle_id": "A2312", "latitude": 42.643142700195312, "longitude": 23.344963073730469, "raw_occupancy": 0, "timestamp": "2026-09-15 16:35:25" }, "geometry": { "type": "Point", "coordinates": [ 23.344963073730469, 42.643142700195312 ] } },
{ "type": "Feature", "properties": { "vehicle_id": "A1127", "latitude": 42.731910705566406, "longitude": 23.253173828125, "raw_occupancy": 2, "timestamp": "2026-09-15 16:35:25" }, "geometry": { "type": "Point", "coordinates": [ 23.253173828125, 42.731910705566406 ] } },
{ "type": "Feature", "properties": { "vehicle_id": "A7111", "latitude": 42.725948333740234, "longitude": 23.261157989501953, "raw_occupancy": 2, "timestamp": "2026-09-15 16:35:25" }, "geometry": { "type": "Point", "coordinates": [ 23.261157989501953, 42.725948333740234 ] } },
{ "type": "Feature", "properties": { "vehicle_id": "A2815", "latitude": 42.740070343017578, "longitude": 23.331214904785156, "raw_occupancy": 0, "timestamp": "2026-09-15 16:35:25" }, "geometry": { "type": "Point", "coordinates": [ 23.331214904785156, 42.740070343017578 ] } },
{ "type": "Feature", "properties": { "vehicle_id": "A3634", "latitude": 42.664283752441406, "longitude": 23.461681365966797, "raw_occupancy": 1, "timestamp": "2026-09-15 16:35:25" }, "geometry": { "type": "Point", "coordinates": [ 23.461681365966797, 42.664283752441406 ] } },
{ "type": "Feature", "properties": { "vehicle_id": "A3013", "latitude": 42.679958343505859, "longitude": 23.302190780639648, "raw_occupancy": 2, "timestamp": "2026-09-15 16:35:25" }, "geometry": { "type": "Point", "coordinates": [ 23.302190780639648, 42.679958343505859 ] } },
{ "type": "Feature", "properties": { "vehicle_id": "A1186", "latitude": 42.679756164550781, "longitude": 23.282922744750977, "raw_occupancy": 1, "timestamp": "2026-09-15 16:35:25" }, "geometry": { "type": "Point", "coordinates": [ 23.282922744750977, 42.679756164550781 ] } },
{ "type": "Feature", "properties": { "vehicle_id": "A1155", "latitude": 42.651748657226562, "longitude": 23.405300140380859, "raw_occupancy": 1, "timestamp": "2026-09-15 16:35:25" }, "geometry": { "type": "Point", "coordinates": [ 23.405300140380859, 42.651748657226562 ] } },
{ "type": "Feature", "properties": { "vehicle_id": "A7129", "latitude": 42.707500457763672, "longitude": 23.409395217895508, "raw_occupancy": 1, "timestamp": "2026-09-15 16:35:25" }, "geometry": { "type": "Point", "coordinates": [ 23.409395217895508, 42.707500457763672 ] } },
{ "type": "Feature", "properties": { "vehicle_id": "A1616", "latitude": 42.694179534912109, "longitude": 23.293821334838867, "raw_occupancy": 4, "timestamp": "2026-09-15 16:35:25" }, "geometry": { "type": "Point", "coordinates": [ 23.293821334838867, 42.694179534912109 ] } },
{ "type": "Feature", "properties": { "vehicle_id": "A2050", "latitude": 42.720695495605469, "longitude": 23.313268661499023, "raw_occupancy": 0, "timestamp": "2026-09-15 16:35:25" }, "geometry": { "type": "Point", "coordinates": [ 23.313268661499023, 42.720695495605469 ] } },
{ "type": "Feature", "properties": { "vehicle_id": "A2319", "latitude": 42.650390625, "longitude": 23.342035293579102, "raw_occupancy": 2, "timestamp": "2026-09-15 16:35:25" }, "geometry": { "type": "Point", "coordinates": [ 23.342035293579102, 42.650390625 ] } },
{ "type": "Feature", "properties": { "vehicle_id": "A3102", "latitude": 42.650653839111328, "longitude": 23.358364105224609, "raw_occupancy": 2, "timestamp": "2026-09-15 16:35:25" }, "geometry": { "type": "Point", "coordinates": [ 23.358364105224609, 42.650653839111328 ] } },
{ "type": "Feature", "properties": { "vehicle_id": "A1404", "latitude": 42.644878387451172, "longitude": 23.278312683105469, "raw_occupancy": 2, "timestamp": "2026-09-15 16:35:25" }, "geometry": { "type": "Point", "coordinates": [ 23.278312683105469, 42.644878387451172 ] } },
{ "type": "Feature", "properties": { "vehicle_id": "A2605", "latitude": 42.666408538818359, "longitude": 23.322124481201172, "raw_occupancy": 0, "timestamp": "2026-09-15 16:35:25" }, "geometry": { "type": "Point", "coordinates": [ 23.322124481201172, 42.666408538818359 ] } },
{ "type": "Feature", "properties": { "vehicle_id": "A1618", "latitude": 42.702247619628906, "longitude": 23.297784805297852, "raw_occupancy": 3, "timestamp": "2026-09-15 16:35:25" }, "geometry": { "type": "Point", "coordinates": [ 23.297784805297852, 42.702247619628906 ] } },
{ "type": "Feature", "properties": { "vehicle_id": "A3652", "latitude": 42.597007751464844, "longitude": 23.366214752197266, "raw_occupancy": 2, "timestamp": "2026-09-15 16:35:25" }, "geometry": { "type": "Point", "coordinates": [ 23.366214752197266, 42.597007751464844 ] } },
{ "type": "Feature", "properties": { "vehicle_id": "A3156", "latitude": 42.665683746337891, "longitude": 23.286888122558594, "raw_occupancy": 1, "timestamp": "2026-09-15 16:35:25" }, "geometry": { "type": "Point", "coordinates": [ 23.286888122558594, 42.665683746337891 ] } },
{ "type": "Feature", "properties": { "vehicle_id": "A2506", "latitude": 42.677375793457031, "longitude": 23.360069274902344, "raw_occupancy": 2, "timestamp": "2026-09-15 16:35:25" }, "geometry": { "type": "Point", "coordinates": [ 23.360069274902344, 42.677375793457031 ] } },
{ "type": "Feature", "properties": { "vehicle_id": "A1619", "latitude": 42.705482482910156, "longitude": 23.32365608215332, "raw_occupancy": 2, "timestamp": "2026-09-15 16:35:25" }, "geometry": { "type": "Point", "coordinates": [ 23.32365608215332, 42.705482482910156 ] } },
{ "type": "Feature", "properties": { "vehicle_id": "A7101", "latitude": 42.718902587890625, "longitude": 23.223785400390625, "raw_occupancy": 2, "timestamp": "2026-09-15 16:35:25" }, "geometry": { "type": "Point", "coordinates": [ 23.223785400390625, 42.718902587890625 ] } },
{ "type": "Feature", "properties": { "vehicle_id": "A1169", "latitude": 42.714862823486328, "longitude": 23.283660888671875, "raw_occupancy": 1, "timestamp": "2026-09-15 16:35:25" }, "geometry": { "type": "Point", "coordinates": [ 23.283660888671875, 42.714862823486328 ] } },
{ "type": "Feature", "properties": { "vehicle_id": "A2509", "latitude": 42.686916351318359, "longitude": 23.310230255126953, "raw_occupancy": 2, "timestamp": "2026-09-15 16:35:25" }, "geometry": { "type": "Point", "coordinates": [ 23.310230255126953, 42.686916351318359 ] } },
{ "type": "Feature", "properties": { "vehicle_id": "A1319", "latitude": 42.594406127929688, "longitude": 23.160572052001953, "raw_occupancy": 0, "timestamp": "2026-09-15 16:35:25" }, "geometry": { "type": "Point", "coordinates": [ 23.160572052001953, 42.594406127929688 ] } },
{ "type": "Feature", "properties": { "vehicle_id": "A1807", "latitude": 42.706180572509766, "longitude": 23.284767150878906, "raw_occupancy": 2, "timestamp": "2026-09-15 16:35:25" }, "geometry": { "type": "Point", "coordinates": [ 23.284767150878906, 42.706180572509766 ] } },
{ "type": "Feature", "properties": { "vehicle_id": "A2029", "latitude": 42.68597412109375, "longitude": 23.321693420410156, "raw_occupancy": 1, "timestamp": "2026-09-15 16:35:25" }, "geometry": { "type": "Point", "coordinates": [ 23.321693420410156, 42.68597412109375 ] } },
{ "type": "Feature", "properties": { "vehicle_id": "A1159", "latitude": 42.690525054931641, "longitude": 23.255046844482422, "raw_occupancy": 1, "timestamp": "2026-09-15 16:35:25" }, "geometry": { "type": "Point", "coordinates": [ 23.255046844482422, 42.690525054931641 ] } },
{ "type": "Feature", "properties": { "vehicle_id": "A2083", "latitude": 42.706172943115234, "longitude": 23.311195373535156, "raw_occupancy": 3, "timestamp": "2026-09-15 16:35:25" }, "geometry": { "type": "Point", "coordinates": [ 23.311195373535156, 42.706172943115234 ] } },
{ "type": "Feature", "properties": { "vehicle_id": "A2301", "latitude": 42.689739227294922, "longitude": 23.338821411132812, "raw_occupancy": 2, "timestamp": "2026-09-15 16:35:25" }, "geometry": { "type": "Point", "coordinates": [ 23.338821411132812, 42.689739227294922 ] } },
{ "type": "Feature", "properties": { "vehicle_id": "A1152", "latitude": 42.671661376953125, "longitude": 23.336954116821289, "raw_occupancy": 2, "timestamp": "2026-09-15 16:35:25" }, "geometry": { "type": "Point", "coordinates": [ 23.336954116821289, 42.671661376953125 ] } },
{ "type": "Feature", "properties": { "vehicle_id": "A7175", "latitude": 42.706962585449219, "longitude": 23.335662841796875, "raw_occupancy": 1, "timestamp": "2026-09-15 16:35:25" }, "geometry": { "type": "Point", "coordinates": [ 23.335662841796875, 42.706962585449219 ] } },
{ "type": "Feature", "properties": { "vehicle_id": "A2515", "latitude": 42.686710357666016, "longitude": 23.300544738769531, "raw_occupancy": 3, "timestamp": "2026-09-15 16:35:25" }, "geometry": { "type": "Point", "coordinates": [ 23.300544738769531, 42.686710357666016 ] } },
{ "type": "Feature", "properties": { "vehicle_id": "A1825", "latitude": 42.682209014892578, "longitude": 23.160083770751953, "raw_occupancy": 1, "timestamp": "2026-09-15 16:35:25" }, "geometry": { "type": "Point", "coordinates": [ 23.160083770751953, 42.682209014892578 ] } },
{ "type": "Feature", "properties": { "vehicle_id": "A3651", "latitude": 42.641952514648438, "longitude": 23.369970321655273, "raw_occupancy": 1, "timestamp": "2026-09-15 16:35:25" }, "geometry": { "type": "Point", "coordinates": [ 23.369970321655273, 42.641952514648438 ] } },
{ "type": "Feature", "properties": { "vehicle_id": "A2088", "latitude": 42.706966400146484, "longitude": 23.382757186889648, "raw_occupancy": 0, "timestamp": "2026-09-15 16:35:25" }, "geometry": { "type": "Point", "coordinates": [ 23.382757186889648, 42.706966400146484 ] } },
{ "type": "Feature", "properties": { "vehicle_id": "A3108", "latitude": 42.671150207519531, "longitude": 23.351417541503906, "raw_occupancy": 2, "timestamp": "2026-09-15 16:35:25" }, "geometry": { "type": "Point", "coordinates": [ 23.351417541503906, 42.671150207519531 ] } },
{ "type": "Feature", "properties": { "vehicle_id": "A1037", "latitude": 42.656543731689453, "longitude": 23.327657699584961, "raw_occupancy": 4, "timestamp": "2026-09-15 16:35:25" }, "geometry": { "type": "Point", "coordinates": [ 23.327657699584961, 42.656543731689453 ] } },
{ "type": "Feature", "properties": { "vehicle_id": "A1010", "latitude": 42.637226104736328, "longitude": 23.337907791137695, "raw_occupancy": 2, "timestamp": "2026-09-15 16:35:25" }, "geometry": { "type": "Point", "coordinates": [ 23.337907791137695, 42.637226104736328 ] } },
{ "type": "Feature", "properties": { "vehicle_id": "A1226", "latitude": 42.649421691894531, "longitude": 23.377780914306641, "raw_occupancy": 1, "timestamp": "2026-09-15 16:35:25" }, "geometry": { "type": "Point", "coordinates": [ 23.377780914306641, 42.649421691894531 ] } },
{ "type": "Feature", "properties": { "vehicle_id": "A1150", "latitude": 42.705623626708984, "longitude": 23.298770904541016, "raw_occupancy": 2, "timestamp": "2026-09-15 16:35:25" }, "geometry": { "type": "Point", "coordinates": [ 23.298770904541016, 42.705623626708984 ] } },
{ "type": "Feature", "properties": { "vehicle_id": "A2316", "latitude": 42.656452178955078, "longitude": 23.359073638916016, "raw_occupancy": 2, "timestamp": "2026-09-15 16:35:25" }, "geometry": { "type": "Point", "coordinates": [ 23.359073638916016, 42.656452178955078 ] } },
{ "type": "Feature", "properties": { "vehicle_id": "A2036", "latitude": 42.645862579345703, "longitude": 23.342136383056641, "raw_occupancy": 1, "timestamp": "2026-09-15 16:35:25" }, "geometry": { "type": "Point", "coordinates": [ 23.342136383056641, 42.645862579345703 ] } },
{ "type": "Feature", "properties": { "vehicle_id": "A2017", "latitude": 42.723434448242188, "longitude": 23.301153182983398, "raw_occupancy": 1, "timestamp": "2026-09-15 16:35:25" }, "geometry": { "type": "Point", "coordinates": [ 23.301153182983398, 42.723434448242188 ] } },
{ "type": "Feature", "properties": { "vehicle_id": "A2032", "latitude": 42.659278869628906, "longitude": 23.347932815551758, "raw_occupancy": 1, "timestamp": "2026-09-15 16:35:25" }, "geometry": { "type": "Point", "coordinates": [ 23.347932815551758, 42.659278869628906 ] } },
{ "type": "Feature", "properties": { "vehicle_id": "A7059", "latitude": 42.770469665527344, "longitude": 23.497512817382812, "raw_occupancy": 2, "timestamp": "2026-09-15 16:35:25" }, "geometry": { "type": "Point", "coordinates": [ 23.497512817382812, 42.770469665527344 ] } },
{ "type": "Feature", "properties": { "vehicle_id": "A1805", "latitude": 42.623783111572266, "longitude": 23.375329971313477, "raw_occupancy": 3, "timestamp": "2026-09-15 16:35:25" }, "geometry": { "type": "Point", "coordinates": [ 23.375329971313477, 42.623783111572266 ] } },
{ "type": "Feature", "properties": { "vehicle_id": "A7189", "latitude": 42.781894683837891, "longitude": 23.38398551940918, "raw_occupancy": 1, "timestamp": "2026-09-15 16:35:25" }, "geometry": { "type": "Point", "coordinates": [ 23.38398551940918, 42.781894683837891 ] } },
{ "type": "Feature", "properties": { "vehicle_id": "A7079", "latitude": 42.704444885253906, "longitude": 23.329689025878906, "raw_occupancy": 1, "timestamp": "2026-09-15 16:35:25" }, "geometry": { "type": "Point", "coordinates": [ 23.329689025878906, 42.704444885253906 ] } },
{ "type": "Feature", "properties": { "vehicle_id": "A7151", "latitude": 42.781101226806641, "longitude": 23.314413070678711, "raw_occupancy": 2, "timestamp": "2026-09-15 16:35:25" }, "geometry": { "type": "Point", "coordinates": [ 23.314413070678711, 42.781101226806641 ] } },
{ "type": "Feature", "properties": { "vehicle_id": "A7191", "latitude": 42.774627685546875, "longitude": 23.44273567199707, "raw_occupancy": 1, "timestamp": "2026-09-15 16:35:25" }, "geometry": { "type": "Point", "coordinates": [ 23.44273567199707, 42.774627685546875 ] } },
{ "type": "Feature", "properties": { "vehicle_id": "A1831", "latitude": 42.723964691162109, "longitude": 23.242975234985352, "raw_occupancy": 2, "timestamp": "2026-09-15 16:35:25" }, "geometry": { "type": "Point", "coordinates": [ 23.242975234985352, 42.723964691162109 ] } },
{ "type": "Feature", "properties": { "vehicle_id": "A1179", "latitude": 42.674961090087891, "longitude": 23.307493209838867, "raw_occupancy": 2, "timestamp": "2026-09-15 16:35:25" }, "geometry": { "type": "Point", "coordinates": [ 23.307493209838867, 42.674961090087891 ] } },
{ "type": "Feature", "properties": { "vehicle_id": "A1613", "latitude": 42.77587890625, "longitude": 23.180597305297852, "raw_occupancy": 0, "timestamp": "2026-09-15 16:35:25" }, "geometry": { "type": "Point", "coordinates": [ 23.180597305297852, 42.77587890625 ] } },
{ "type": "Feature", "properties": { "vehicle_id": "A3131", "latitude": 42.666927337646484, "longitude": 23.370635986328125, "raw_occupancy": 3, "timestamp": "2026-09-15 16:35:25" }, "geometry": { "type": "Point", "coordinates": [ 23.370635986328125, 42.666927337646484 ] } },
{ "type": "Feature", "properties": { "vehicle_id": "A7053", "latitude": 42.707263946533203, "longitude": 23.410493850708008, "raw_occupancy": 2, "timestamp": "2026-09-15 16:35:25" }, "geometry": { "type": "Point", "coordinates": [ 23.410493850708008, 42.707263946533203 ] } },
{ "type": "Feature", "properties": { "vehicle_id": "A3664", "latitude": 42.683246612548828, "longitude": 23.347990036010742, "raw_occupancy": 4, "timestamp": "2026-09-15 16:35:25" }, "geometry": { "type": "Point", "coordinates": [ 23.347990036010742, 42.683246612548828 ] } },
{ "type": "Feature", "properties": { "vehicle_id": "A7135", "latitude": 42.744537353515625, "longitude": 23.283153533935547, "raw_occupancy": 2, "timestamp": "2026-09-15 16:35:25" }, "geometry": { "type": "Point", "coordinates": [ 23.283153533935547, 42.744537353515625 ] } },
{ "type": "Feature", "properties": { "vehicle_id": "A1610", "latitude": 42.697944641113281, "longitude": 23.230281829833984, "raw_occupancy": 1, "timestamp": "2026-09-15 16:35:25" }, "geometry": { "type": "Point", "coordinates": [ 23.230281829833984, 42.697944641113281 ] } },
{ "type": "Feature", "properties": { "vehicle_id": "A3605", "latitude": 42.623092651367188, "longitude": 23.375930786132812, "raw_occupancy": 0, "timestamp": "2026-09-15 16:35:25" }, "geometry": { "type": "Point", "coordinates": [ 23.375930786132812, 42.623092651367188 ] } },
{ "type": "Feature", "properties": { "vehicle_id": "A3112", "latitude": 42.666595458984375, "longitude": 23.300924301147461, "raw_occupancy": 1, "timestamp": "2026-09-15 16:35:25" }, "geometry": { "type": "Point", "coordinates": [ 23.300924301147461, 42.666595458984375 ] } },
{ "type": "Feature", "properties": { "vehicle_id": "A2065", "latitude": 42.729537963867188, "longitude": 23.344135284423828, "raw_occupancy": 1, "timestamp": "2026-09-15 16:35:25" }, "geometry": { "type": "Point", "coordinates": [ 23.344135284423828, 42.729537963867188 ] } },
{ "type": "Feature", "properties": { "vehicle_id": "A7045", "latitude": 42.724639892578125, "longitude": 23.304470062255859, "raw_occupancy": 2, "timestamp": "2026-09-15 16:35:25" }, "geometry": { "type": "Point", "coordinates": [ 23.304470062255859, 42.724639892578125 ] } },
{ "type": "Feature", "properties": { "vehicle_id": "A2510", "latitude": 42.658882141113281, "longitude": 23.316482543945312, "raw_occupancy": 1, "timestamp": "2026-09-15 16:35:25" }, "geometry": { "type": "Point", "coordinates": [ 23.316482543945312, 42.658882141113281 ] } },
{ "type": "Feature", "properties": { "vehicle_id": "A2075", "latitude": 42.606929779052734, "longitude": 23.469293594360352, "raw_occupancy": 2, "timestamp": "2026-09-15 16:35:25" }, "geometry": { "type": "Point", "coordinates": [ 23.469293594360352, 42.606929779052734 ] } },
{ "type": "Feature", "properties": { "vehicle_id": "A7041", "latitude": 42.739036560058594, "longitude": 23.274518966674805, "raw_occupancy": 1, "timestamp": "2026-09-15 16:35:25" }, "geometry": { "type": "Point", "coordinates": [ 23.274518966674805, 42.739036560058594 ] } },
{ "type": "Feature", "properties": { "vehicle_id": "A7095", "latitude": 42.714221954345703, "longitude": 23.358409881591797, "raw_occupancy": 1, "timestamp": "2026-09-15 16:35:25" }, "geometry": { "type": "Point", "coordinates": [ 23.358409881591797, 42.714221954345703 ] } },
{ "type": "Feature", "properties": { "vehicle_id": "A7173", "latitude": 42.739036560058594, "longitude": 23.309688568115234, "raw_occupancy": 1, "timestamp": "2026-09-15 16:35:25" }, "geometry": { "type": "Point", "coordinates": [ 23.309688568115234, 42.739036560058594 ] } },
{ "type": "Feature", "properties": { "vehicle_id": "A7143", "latitude": 42.704277038574219, "longitude": 23.329002380371094, "raw_occupancy": 2, "timestamp": "2026-09-15 16:35:25" }, "geometry": { "type": "Point", "coordinates": [ 23.329002380371094, 42.704277038574219 ] } },
{ "type": "Feature", "properties": { "vehicle_id": "A3128", "latitude": 42.658023834228516, "longitude": 23.341529846191406, "raw_occupancy": 3, "timestamp": "2026-09-15 16:35:25" }, "geometry": { "type": "Point", "coordinates": [ 23.341529846191406, 42.658023834228516 ] } },
{ "type": "Feature", "properties": { "vehicle_id": "A3122", "latitude": 42.661701202392578, "longitude": 23.352987289428711, "raw_occupancy": 2, "timestamp": "2026-09-15 16:35:25" }, "geometry": { "type": "Point", "coordinates": [ 23.352987289428711, 42.661701202392578 ] } },
{ "type": "Feature", "properties": { "vehicle_id": "A2804", "latitude": 42.695869445800781, "longitude": 23.286188125610352, "raw_occupancy": 5, "timestamp": "2026-09-15 16:35:25" }, "geometry": { "type": "Point", "coordinates": [ 23.286188125610352, 42.695869445800781 ] } },
{ "type": "Feature", "properties": { "vehicle_id": "A1158", "latitude": 42.677005767822266, "longitude": 23.249515533447266, "raw_occupancy": 2, "timestamp": "2026-09-15 16:35:25" }, "geometry": { "type": "Point", "coordinates": [ 23.249515533447266, 42.677005767822266 ] } },
{ "type": "Feature", "properties": { "vehicle_id": "A1185", "latitude": 42.643222808837891, "longitude": 23.338188171386719, "raw_occupancy": 0, "timestamp": "2026-09-15 16:35:25" }, "geometry": { "type": "Point", "coordinates": [ 23.338188171386719, 42.643222808837891 ] } },
{ "type": "Feature", "properties": { "vehicle_id": "A1161", "latitude": 42.689487457275391, "longitude": 23.23052978515625, "raw_occupancy": 4, "timestamp": "2026-09-15 16:35:25" }, "geometry": { "type": "Point", "coordinates": [ 23.23052978515625, 42.689487457275391 ] } },
{ "type": "Feature", "properties": { "vehicle_id": "A1603", "latitude": 42.718151092529297, "longitude": 23.253438949584961, "raw_occupancy": 3, "timestamp": "2026-09-15 16:35:25" }, "geometry": { "type": "Point", "coordinates": [ 23.253438949584961, 42.718151092529297 ] } },
{ "type": "Feature", "properties": { "vehicle_id": "A2817", "latitude": 42.740924835205078, "longitude": 23.328271865844727, "raw_occupancy": 1, "timestamp": "2026-09-15 16:35:25" }, "geometry": { "type": "Point", "coordinates": [ 23.328271865844727, 42.740924835205078 ] } },
{ "type": "Feature", "properties": { "vehicle_id": "A2073", "latitude": 42.593883514404297, "longitude": 23.415719985961914, "raw_occupancy": 0, "timestamp": "2026-09-15 16:35:25" }, "geometry": { "type": "Point", "coordinates": [ 23.415719985961914, 42.593883514404297 ] } },
{ "type": "Feature", "properties": { "vehicle_id": "A2056", "latitude": 42.7457275390625, "longitude": 23.3492431640625, "raw_occupancy": 1, "timestamp": "2026-09-15 16:35:25" }, "geometry": { "type": "Point", "coordinates": [ 23.3492431640625, 42.7457275390625 ] } },
{ "type": "Feature", "properties": { "vehicle_id": "A1030", "latitude": 42.656879425048828, "longitude": 23.316417694091797, "raw_occupancy": 4, "timestamp": "2026-09-15 16:35:25" }, "geometry": { "type": "Point", "coordinates": [ 23.316417694091797, 42.656879425048828 ] } },
{ "type": "Feature", "properties": { "vehicle_id": "A2086", "latitude": 42.708415985107422, "longitude": 23.350778579711914, "raw_occupancy": 1, "timestamp": "2026-09-15 16:35:25" }, "geometry": { "type": "Point", "coordinates": [ 23.350778579711914, 42.708415985107422 ] } },
{ "type": "Feature", "properties": { "vehicle_id": "A3151", "latitude": 42.670005798339844, "longitude": 23.337810516357422, "raw_occupancy": 1, "timestamp": "2026-09-15 16:35:25" }, "geometry": { "type": "Point", "coordinates": [ 23.337810516357422, 42.670005798339844 ] } },
{ "type": "Feature", "properties": { "vehicle_id": "A2505", "latitude": 42.685523986816406, "longitude": 23.312398910522461, "raw_occupancy": 1, "timestamp": "2026-09-15 16:35:25" }, "geometry": { "type": "Point", "coordinates": [ 23.312398910522461, 42.685523986816406 ] } },
{ "type": "Feature", "properties": { "vehicle_id": "A2018", "latitude": 42.643287658691406, "longitude": 23.341806411743164, "raw_occupancy": 0, "timestamp": "2026-09-15 16:35:25" }, "geometry": { "type": "Point", "coordinates": [ 23.341806411743164, 42.643287658691406 ] } },
{ "type": "Feature", "properties": { "vehicle_id": "A3141", "latitude": 42.686450958251953, "longitude": 23.330007553100586, "raw_occupancy": 2, "timestamp": "2026-09-15 16:35:25" }, "geometry": { "type": "Point", "coordinates": [ 23.330007553100586, 42.686450958251953 ] } },
{ "type": "Feature", "properties": { "vehicle_id": "A3616", "latitude": 42.659305572509766, "longitude": 23.381690979003906, "raw_occupancy": 4, "timestamp": "2026-09-15 16:35:25" }, "geometry": { "type": "Point", "coordinates": [ 23.381690979003906, 42.659305572509766 ] } },
{ "type": "Feature", "properties": { "vehicle_id": "A2045", "latitude": 42.708675384521484, "longitude": 23.248544692993164, "raw_occupancy": 1, "timestamp": "2026-09-15 16:35:25" }, "geometry": { "type": "Point", "coordinates": [ 23.248544692993164, 42.708675384521484 ] } },
{ "type": "Feature", "properties": { "vehicle_id": "A2720", "latitude": 42.7691650390625, "longitude": 23.404722213745117, "raw_occupancy": 1, "timestamp": "2026-09-15 16:35:25" }, "geometry": { "type": "Point", "coordinates": [ 23.404722213745117, 42.7691650390625 ] } },
{ "type": "Feature", "properties": { "vehicle_id": "A1614", "latitude": 42.651329040527344, "longitude": 23.367656707763672, "raw_occupancy": 0, "timestamp": "2026-09-15 16:35:25" }, "geometry": { "type": "Point", "coordinates": [ 23.367656707763672, 42.651329040527344 ] } },
{ "type": "Feature", "properties": { "vehicle_id": "A1871", "latitude": 42.620334625244141, "longitude": 23.186681747436523, "raw_occupancy": 0, "timestamp": "2026-09-15 16:35:25" }, "geometry": { "type": "Point", "coordinates": [ 23.186681747436523, 42.620334625244141 ] } },
{ "type": "Feature", "properties": { "vehicle_id": "A2000", "latitude": 42.706348419189453, "longitude": 23.402997970581055, "raw_occupancy": 1, "timestamp": "2026-09-15 16:35:25" }, "geometry": { "type": "Point", "coordinates": [ 23.402997970581055, 42.706348419189453 ] } },
{ "type": "Feature", "properties": { "vehicle_id": "A3134", "latitude": 42.665035247802734, "longitude": 23.355400085449219, "raw_occupancy": 3, "timestamp": "2026-09-15 16:35:25" }, "geometry": { "type": "Point", "coordinates": [ 23.355400085449219, 42.665035247802734 ] } },
{ "type": "Feature", "properties": { "vehicle_id": "A1036", "latitude": 42.652992248535156, "longitude": 23.294363021850586, "raw_occupancy": 1, "timestamp": "2026-09-15 16:35:25" }, "geometry": { "type": "Point", "coordinates": [ 23.294363021850586, 42.652992248535156 ] } },
{ "type": "Feature", "properties": { "vehicle_id": "A1609", "latitude": 42.688728332519531, "longitude": 23.370914459228516, "raw_occupancy": 2, "timestamp": "2026-09-15 16:35:25" }, "geometry": { "type": "Point", "coordinates": [ 23.370914459228516, 42.688728332519531 ] } },
{ "type": "Feature", "properties": { "vehicle_id": "A7099", "latitude": 42.713970184326172, "longitude": 23.312971115112305, "raw_occupancy": 2, "timestamp": "2026-09-15 16:35:25" }, "geometry": { "type": "Point", "coordinates": [ 23.312971115112305, 42.713970184326172 ] } },
{ "type": "Feature", "properties": { "vehicle_id": "A2306", "latitude": 42.690902709960938, "longitude": 23.3377685546875, "raw_occupancy": 1, "timestamp": "2026-09-15 16:35:25" }, "geometry": { "type": "Point", "coordinates": [ 23.3377685546875, 42.690902709960938 ] } },
{ "type": "Feature", "properties": { "vehicle_id": "A3158", "latitude": 42.673065185546875, "longitude": 23.285457611083984, "raw_occupancy": 1, "timestamp": "2026-09-15 16:35:25" }, "geometry": { "type": "Point", "coordinates": [ 23.285457611083984, 42.673065185546875 ] } },
{ "type": "Feature", "properties": { "vehicle_id": "A7159", "latitude": 42.791488647460938, "longitude": 23.334196090698242, "raw_occupancy": 2, "timestamp": "2026-09-15 16:35:25" }, "geometry": { "type": "Point", "coordinates": [ 23.334196090698242, 42.791488647460938 ] } },
{ "type": "Feature", "properties": { "vehicle_id": "A2304", "latitude": 42.666316986083984, "longitude": 23.364068984985352, "raw_occupancy": 2, "timestamp": "2026-09-15 16:35:25" }, "geometry": { "type": "Point", "coordinates": [ 23.364068984985352, 42.666316986083984 ] } },
{ "type": "Feature", "properties": { "vehicle_id": "A3627", "latitude": 42.687297821044922, "longitude": 23.342132568359375, "raw_occupancy": 5, "timestamp": "2026-09-15 16:35:25" }, "geometry": { "type": "Point", "coordinates": [ 23.342132568359375, 42.687297821044922 ] } },
{ "type": "Feature", "properties": { "vehicle_id": "A2010", "latitude": 42.704578399658203, "longitude": 23.325136184692383, "raw_occupancy": 2, "timestamp": "2026-09-15 16:35:25" }, "geometry": { "type": "Point", "coordinates": [ 23.325136184692383, 42.704578399658203 ] } },
{ "type": "Feature", "properties": { "vehicle_id": "A2047", "latitude": 42.793827056884766, "longitude": 23.319133758544922, "raw_occupancy": 2, "timestamp": "2026-09-15 16:35:25" }, "geometry": { "type": "Point", "coordinates": [ 23.319133758544922, 42.793827056884766 ] } },
{ "type": "Feature", "properties": { "vehicle_id": "A3663", "latitude": 42.671356201171875, "longitude": 23.382299423217773, "raw_occupancy": 2, "timestamp": "2026-09-15 16:35:25" }, "geometry": { "type": "Point", "coordinates": [ 23.382299423217773, 42.671356201171875 ] } },
{ "type": "Feature", "properties": { "vehicle_id": "A2807", "latitude": 42.715347290039062, "longitude": 23.310213088989258, "raw_occupancy": 2, "timestamp": "2026-09-15 16:35:25" }, "geometry": { "type": "Point", "coordinates": [ 23.310213088989258, 42.715347290039062 ] } },
{ "type": "Feature", "properties": { "vehicle_id": "A1025", "latitude": 42.649520874023438, "longitude": 23.265691757202148, "raw_occupancy": 2, "timestamp": "2026-09-15 16:35:25" }, "geometry": { "type": "Point", "coordinates": [ 23.265691757202148, 42.649520874023438 ] } },
{ "type": "Feature", "properties": { "vehicle_id": "A1405", "latitude": 42.669609069824219, "longitude": 23.291763305664062, "raw_occupancy": 3, "timestamp": "2026-09-15 16:35:25" }, "geometry": { "type": "Point", "coordinates": [ 23.291763305664062, 42.669609069824219 ] } },
{ "type": "Feature", "properties": { "vehicle_id": "A1230", "latitude": 42.708461761474609, "longitude": 23.156732559204102, "raw_occupancy": 1, "timestamp": "2026-09-15 16:35:25" }, "geometry": { "type": "Point", "coordinates": [ 23.156732559204102, 42.708461761474609 ] } },
{ "type": "Feature", "properties": { "vehicle_id": "A1184", "latitude": 42.642719268798828, "longitude": 23.335315704345703, "raw_occupancy": 1, "timestamp": "2026-09-15 16:35:25" }, "geometry": { "type": "Point", "coordinates": [ 23.335315704345703, 42.642719268798828 ] } },
{ "type": "Feature", "properties": { "vehicle_id": "A3104", "latitude": 42.683479309082031, "longitude": 23.3231201171875, "raw_occupancy": 1, "timestamp": "2026-09-15 16:35:25" }, "geometry": { "type": "Point", "coordinates": [ 23.3231201171875, 42.683479309082031 ] } },
{ "type": "Feature", "properties": { "vehicle_id": "A3100", "latitude": 42.646350860595703, "longitude": 23.375968933105469, "raw_occupancy": 2, "timestamp": "2026-09-15 16:35:25" }, "geometry": { "type": "Point", "coordinates": [ 23.375968933105469, 42.646350860595703 ] } },
{ "type": "Feature", "properties": { "vehicle_id": "A2318", "latitude": 42.644302368164062, "longitude": 23.345155715942383, "raw_occupancy": 0, "timestamp": "2026-09-15 16:35:25" }, "geometry": { "type": "Point", "coordinates": [ 23.345155715942383, 42.644302368164062 ] } },
{ "type": "Feature", "properties": { "vehicle_id": "A7193", "latitude": 42.7147216796875, "longitude": 23.341806411743164, "raw_occupancy": 0, "timestamp": "2026-09-15 16:35:25" }, "geometry": { "type": "Point", "coordinates": [ 23.341806411743164, 42.7147216796875 ] } },
{ "type": "Feature", "properties": { "vehicle_id": "A3132", "latitude": 42.704799652099609, "longitude": 23.334007263183594, "raw_occupancy": 2, "timestamp": "2026-09-15 16:35:25" }, "geometry": { "type": "Point", "coordinates": [ 23.334007263183594, 42.704799652099609 ] } },
{ "type": "Feature", "properties": { "vehicle_id": "A3144", "latitude": 42.661731719970703, "longitude": 23.391315460205078, "raw_occupancy": 2, "timestamp": "2026-09-15 16:35:25" }, "geometry": { "type": "Point", "coordinates": [ 23.391315460205078, 42.661731719970703 ] } },
{ "type": "Feature", "properties": { "vehicle_id": "A3613", "latitude": 42.676280975341797, "longitude": 23.39720344543457, "raw_occupancy": 1, "timestamp": "2026-09-15 16:35:25" }, "geometry": { "type": "Point", "coordinates": [ 23.39720344543457, 42.676280975341797 ] } },
{ "type": "Feature", "properties": { "vehicle_id": "A1803", "latitude": 42.658180236816406, "longitude": 23.240427017211914, "raw_occupancy": 1, "timestamp": "2026-09-15 16:35:25" }, "geometry": { "type": "Point", "coordinates": [ 23.240427017211914, 42.658180236816406 ] } },
{ "type": "Feature", "properties": { "vehicle_id": "A1823", "latitude": 42.720317840576172, "longitude": 23.273664474487305, "raw_occupancy": 1, "timestamp": "2026-09-15 16:35:25" }, "geometry": { "type": "Point", "coordinates": [ 23.273664474487305, 42.720317840576172 ] } },
{ "type": "Feature", "properties": { "vehicle_id": "A3661", "latitude": 42.550533294677734, "longitude": 23.366836547851562, "raw_occupancy": 1, "timestamp": "2026-09-15 16:35:25" }, "geometry": { "type": "Point", "coordinates": [ 23.366836547851562, 42.550533294677734 ] } },
{ "type": "Feature", "properties": { "vehicle_id": "A1209", "latitude": 42.691978454589844, "longitude": 23.310256958007812, "raw_occupancy": 0, "timestamp": "2026-09-15 16:35:25" }, "geometry": { "type": "Point", "coordinates": [ 23.310256958007812, 42.691978454589844 ] } },
{ "type": "Feature", "properties": { "vehicle_id": "A3152", "latitude": 42.658065795898438, "longitude": 23.328451156616211, "raw_occupancy": 0, "timestamp": "2026-09-15 16:35:25" }, "geometry": { "type": "Point", "coordinates": [ 23.328451156616211, 42.658065795898438 ] } },
{ "type": "Feature", "properties": { "vehicle_id": "A3670", "latitude": 42.68536376953125, "longitude": 23.402397155761719, "raw_occupancy": 1, "timestamp": "2026-09-15 16:35:25" }, "geometry": { "type": "Point", "coordinates": [ 23.402397155761719, 42.68536376953125 ] } },
{ "type": "Feature", "properties": { "vehicle_id": "A2082", "latitude": 42.616645812988281, "longitude": 23.337194442749023, "raw_occupancy": 1, "timestamp": "2026-09-15 16:35:25" }, "geometry": { "type": "Point", "coordinates": [ 23.337194442749023, 42.616645812988281 ] } },
{ "type": "Feature", "properties": { "vehicle_id": "A3115", "latitude": 42.658298492431641, "longitude": 23.394454956054688, "raw_occupancy": 0, "timestamp": "2026-09-15 16:35:25" }, "geometry": { "type": "Point", "coordinates": [ 23.394454956054688, 42.658298492431641 ] } },
{ "type": "Feature", "properties": { "vehicle_id": "A7181", "latitude": 42.78973388671875, "longitude": 23.308567047119141, "raw_occupancy": 0, "timestamp": "2026-09-15 16:35:25" }, "geometry": { "type": "Point", "coordinates": [ 23.308567047119141, 42.78973388671875 ] } },
{ "type": "Feature", "properties": { "vehicle_id": "A1612", "latitude": 42.663520812988281, "longitude": 23.286796569824219, "raw_occupancy": 1, "timestamp": "2026-09-15 16:35:25" }, "geometry": { "type": "Point", "coordinates": [ 23.286796569824219, 42.663520812988281 ] } },
{ "type": "Feature", "properties": { "vehicle_id": "A1408", "latitude": 42.639965057373047, "longitude": 23.311868667602539, "raw_occupancy": 2, "timestamp": "2026-09-15 16:35:25" }, "geometry": { "type": "Point", "coordinates": [ 23.311868667602539, 42.639965057373047 ] } },
{ "type": "Feature", "properties": { "vehicle_id": "A2317", "latitude": 42.653125762939453, "longitude": 23.359886169433594, "raw_occupancy": 3, "timestamp": "2026-09-15 16:35:25" }, "geometry": { "type": "Point", "coordinates": [ 23.359886169433594, 42.653125762939453 ] } },
{ "type": "Feature", "properties": { "vehicle_id": "A2016", "latitude": 42.666835784912109, "longitude": 23.337453842163086, "raw_occupancy": 0, "timestamp": "2026-09-15 16:35:25" }, "geometry": { "type": "Point", "coordinates": [ 23.337453842163086, 42.666835784912109 ] } },
{ "type": "Feature", "properties": { "vehicle_id": "A3650", "latitude": 42.648868560791016, "longitude": 23.356721878051758, "raw_occupancy": 2, "timestamp": "2026-09-15 16:35:25" }, "geometry": { "type": "Point", "coordinates": [ 23.356721878051758, 42.648868560791016 ] } },
{ "type": "Feature", "properties": { "vehicle_id": "A3146", "latitude": 42.666488647460938, "longitude": 23.284400939941406, "raw_occupancy": 1, "timestamp": "2026-09-15 16:35:25" }, "geometry": { "type": "Point", "coordinates": [ 23.284400939941406, 42.666488647460938 ] } },
{ "type": "Feature", "properties": { "vehicle_id": "A3410", "latitude": 42.68328857421875, "longitude": 23.347702026367188, "raw_occupancy": 3, "timestamp": "2026-09-15 16:35:25" }, "geometry": { "type": "Point", "coordinates": [ 23.347702026367188, 42.68328857421875 ] } },
{ "type": "Feature", "properties": { "vehicle_id": "A1605", "latitude": 42.689918518066406, "longitude": 23.250930786132812, "raw_occupancy": 1, "timestamp": "2026-09-15 16:35:25" }, "geometry": { "type": "Point", "coordinates": [ 23.250930786132812, 42.689918518066406 ] } },
{ "type": "Feature", "properties": { "vehicle_id": "A2035", "latitude": 42.675876617431641, "longitude": 23.334035873413086, "raw_occupancy": 0, "timestamp": "2026-09-15 16:35:25" }, "geometry": { "type": "Point", "coordinates": [ 23.334035873413086, 42.675876617431641 ] } },
{ "type": "Feature", "properties": { "vehicle_id": "A2811", "latitude": 42.675811767578125, "longitude": 23.240373611450195, "raw_occupancy": 1, "timestamp": "2026-09-15 16:35:25" }, "geometry": { "type": "Point", "coordinates": [ 23.240373611450195, 42.675811767578125 ] } },
{ "type": "Feature", "properties": { "vehicle_id": "A3126", "latitude": 42.646472930908203, "longitude": 23.368139266967773, "raw_occupancy": 2, "timestamp": "2026-09-15 16:35:25" }, "geometry": { "type": "Point", "coordinates": [ 23.368139266967773, 42.646472930908203 ] } },
{ "type": "Feature", "properties": { "vehicle_id": "A3622", "latitude": 42.671642303466797, "longitude": 23.395071029663086, "raw_occupancy": 1, "timestamp": "2026-09-15 16:35:25" }, "geometry": { "type": "Point", "coordinates": [ 23.395071029663086, 42.671642303466797 ] } },
{ "type": "Feature", "properties": { "vehicle_id": "A1126", "latitude": 42.642490386962891, "longitude": 23.367080688476562, "raw_occupancy": 0, "timestamp": "2026-09-15 16:35:25" }, "geometry": { "type": "Point", "coordinates": [ 23.367080688476562, 42.642490386962891 ] } },
{ "type": "Feature", "properties": { "vehicle_id": "A3014", "latitude": 42.692924499511719, "longitude": 23.334318161010742, "raw_occupancy": 2, "timestamp": "2026-09-15 16:35:25" }, "geometry": { "type": "Point", "coordinates": [ 23.334318161010742, 42.692924499511719 ] } },
{ "type": "Feature", "properties": { "vehicle_id": "A3140", "latitude": 42.692600250244141, "longitude": 23.355030059814453, "raw_occupancy": 2, "timestamp": "2026-09-15 16:35:25" }, "geometry": { "type": "Point", "coordinates": [ 23.355030059814453, 42.692600250244141 ] } },
{ "type": "Feature", "properties": { "vehicle_id": "A7109", "latitude": 42.738529205322266, "longitude": 23.504850387573242, "raw_occupancy": 2, "timestamp": "2026-09-15 16:35:25" }, "geometry": { "type": "Point", "coordinates": [ 23.504850387573242, 42.738529205322266 ] } },
{ "type": "Feature", "properties": { "vehicle_id": "A3133", "latitude": 42.705387115478516, "longitude": 23.332832336425781, "raw_occupancy": 2, "timestamp": "2026-09-15 16:35:25" }, "geometry": { "type": "Point", "coordinates": [ 23.332832336425781, 42.705387115478516 ] } },
{ "type": "Feature", "properties": { "vehicle_id": "A1154", "latitude": 42.658214569091797, "longitude": 23.34205436706543, "raw_occupancy": 0, "timestamp": "2026-09-15 16:35:25" }, "geometry": { "type": "Point", "coordinates": [ 23.34205436706543, 42.658214569091797 ] } },
{ "type": "Feature", "properties": { "vehicle_id": "A3633", "latitude": 42.593017578125, "longitude": 23.416782379150391, "raw_occupancy": 0, "timestamp": "2026-09-15 16:35:25" }, "geometry": { "type": "Point", "coordinates": [ 23.416782379150391, 42.593017578125 ] } },
{ "type": "Feature", "properties": { "vehicle_id": "A2825", "latitude": 42.732330322265625, "longitude": 23.249523162841797, "raw_occupancy": 0, "timestamp": "2026-09-15 16:35:25" }, "geometry": { "type": "Point", "coordinates": [ 23.249523162841797, 42.732330322265625 ] } },
{ "type": "Feature", "properties": { "vehicle_id": "A2517", "latitude": 42.622505187988281, "longitude": 23.322521209716797, "raw_occupancy": 3, "timestamp": "2026-09-15 16:35:25" }, "geometry": { "type": "Point", "coordinates": [ 23.322521209716797, 42.622505187988281 ] } },
{ "type": "Feature", "properties": { "vehicle_id": "A1217", "latitude": 42.725799560546875, "longitude": 23.212747573852539, "raw_occupancy": 1, "timestamp": "2026-09-15 16:35:25" }, "geometry": { "type": "Point", "coordinates": [ 23.212747573852539, 42.725799560546875 ] } },
{ "type": "Feature", "properties": { "vehicle_id": "A2044", "latitude": 42.713069915771484, "longitude": 23.379840850830078, "raw_occupancy": 0, "timestamp": "2026-09-15 16:35:25" }, "geometry": { "type": "Point", "coordinates": [ 23.379840850830078, 42.713069915771484 ] } },
{ "type": "Feature", "properties": { "vehicle_id": "A2015", "latitude": 42.716075897216797, "longitude": 23.237525939941406, "raw_occupancy": 0, "timestamp": "2026-09-15 16:35:25" }, "geometry": { "type": "Point", "coordinates": [ 23.237525939941406, 42.716075897216797 ] } },
{ "type": "Feature", "properties": { "vehicle_id": "A3617", "latitude": 42.668121337890625, "longitude": 23.402141571044922, "raw_occupancy": 2, "timestamp": "2026-09-15 16:35:25" }, "geometry": { "type": "Point", "coordinates": [ 23.402141571044922, 42.668121337890625 ] } },
{ "type": "Feature", "properties": { "vehicle_id": "A1176", "latitude": 42.710273742675781, "longitude": 23.318477630615234, "raw_occupancy": 0, "timestamp": "2026-09-15 16:35:25" }, "geometry": { "type": "Point", "coordinates": [ 23.318477630615234, 42.710273742675781 ] } },
{ "type": "Feature", "properties": { "vehicle_id": "A1166", "latitude": 42.718181610107422, "longitude": 23.279346466064453, "raw_occupancy": 2, "timestamp": "2026-09-15 16:35:25" }, "geometry": { "type": "Point", "coordinates": [ 23.279346466064453, 42.718181610107422 ] } },
{ "type": "Feature", "properties": { "vehicle_id": "A2722", "latitude": 42.820159912109375, "longitude": 23.255382537841797, "raw_occupancy": 0, "timestamp": "2026-09-15 16:35:25" }, "geometry": { "type": "Point", "coordinates": [ 23.255382537841797, 42.820159912109375 ] } },
{ "type": "Feature", "properties": { "vehicle_id": "A1853", "latitude": 42.736846923828125, "longitude": 23.242887496948242, "raw_occupancy": 2, "timestamp": "2026-09-15 16:35:25" }, "geometry": { "type": "Point", "coordinates": [ 23.242887496948242, 42.736846923828125 ] } },
{ "type": "Feature", "properties": { "vehicle_id": "A3626", "latitude": 42.705806732177734, "longitude": 23.317718505859375, "raw_occupancy": 3, "timestamp": "2026-09-15 16:35:25" }, "geometry": { "type": "Point", "coordinates": [ 23.317718505859375, 42.705806732177734 ] } },
{ "type": "Feature", "properties": { "vehicle_id": "A2024", "latitude": 42.653797149658203, "longitude": 23.343559265136719, "raw_occupancy": 2, "timestamp": "2026-09-15 16:35:25" }, "geometry": { "type": "Point", "coordinates": [ 23.343559265136719, 42.653797149658203 ] } },
{ "type": "Feature", "properties": { "vehicle_id": "A3654", "latitude": 42.657947540283203, "longitude": 23.341045379638672, "raw_occupancy": 2, "timestamp": "2026-09-15 16:35:25" }, "geometry": { "type": "Point", "coordinates": [ 23.341045379638672, 42.657947540283203 ] } },
{ "type": "Feature", "properties": { "vehicle_id": "A7067", "latitude": 42.715827941894531, "longitude": 23.528409957885742, "raw_occupancy": 3, "timestamp": "2026-09-15 16:35:25" }, "geometry": { "type": "Point", "coordinates": [ 23.528409957885742, 42.715827941894531 ] } },
{ "type": "Feature", "properties": { "vehicle_id": "A7083", "latitude": 42.71612548828125, "longitude": 23.438480377197266, "raw_occupancy": 1, "timestamp": "2026-09-15 16:35:25" }, "geometry": { "type": "Point", "coordinates": [ 23.438480377197266, 42.71612548828125 ] } },
{ "type": "Feature", "properties": { "vehicle_id": "A3657", "latitude": 42.696254730224609, "longitude": 23.348066329956055, "raw_occupancy": 2, "timestamp": "2026-09-15 16:35:25" }, "geometry": { "type": "Point", "coordinates": [ 23.348066329956055, 42.696254730224609 ] } },
{ "type": "Feature", "properties": { "vehicle_id": "A7055", "latitude": 42.710147857666016, "longitude": 23.384374618530273, "raw_occupancy": 2, "timestamp": "2026-09-15 16:35:25" }, "geometry": { "type": "Point", "coordinates": [ 23.384374618530273, 42.710147857666016 ] } },
{ "type": "Feature", "properties": { "vehicle_id": "A1318", "latitude": 42.646617889404297, "longitude": 23.247724533081055, "raw_occupancy": 1, "timestamp": "2026-09-15 16:35:25" }, "geometry": { "type": "Point", "coordinates": [ 23.247724533081055, 42.646617889404297 ] } },
{ "type": "Feature", "properties": { "vehicle_id": "A1426", "latitude": 42.648681640625, "longitude": 23.294961929321289, "raw_occupancy": 4, "timestamp": "2026-09-15 16:35:25" }, "geometry": { "type": "Point", "coordinates": [ 23.294961929321289, 42.648681640625 ] } },
{ "type": "Feature", "properties": { "vehicle_id": "A2052", "latitude": 42.660518646240234, "longitude": 23.38006591796875, "raw_occupancy": 3, "timestamp": "2026-09-15 16:35:25" }, "geometry": { "type": "Point", "coordinates": [ 23.38006591796875, 42.660518646240234 ] } },
{ "type": "Feature", "properties": { "vehicle_id": "A3614", "latitude": 42.635181427001953, "longitude": 23.405950546264648, "raw_occupancy": 2, "timestamp": "2026-09-15 16:35:25" }, "geometry": { "type": "Point", "coordinates": [ 23.405950546264648, 42.635181427001953 ] } },
{ "type": "Feature", "properties": { "vehicle_id": "A1125", "latitude": 42.744827270507812, "longitude": 23.229719161987305, "raw_occupancy": 3, "timestamp": "2026-09-15 16:35:25" }, "geometry": { "type": "Point", "coordinates": [ 23.229719161987305, 42.744827270507812 ] } },
{ "type": "Feature", "properties": { "vehicle_id": "A3628", "latitude": 42.663307189941406, "longitude": 23.415805816650391, "raw_occupancy": 1, "timestamp": "2026-09-15 16:35:25" }, "geometry": { "type": "Point", "coordinates": [ 23.415805816650391, 42.663307189941406 ] } },
{ "type": "Feature", "properties": { "vehicle_id": "A1156", "latitude": 42.659114837646484, "longitude": 23.327510833740234, "raw_occupancy": 0, "timestamp": "2026-09-15 16:35:25" }, "geometry": { "type": "Point", "coordinates": [ 23.327510833740234, 42.659114837646484 ] } },
{ "type": "Feature", "properties": { "vehicle_id": "A3015", "latitude": 42.710960388183594, "longitude": 23.319786071777344, "raw_occupancy": 1, "timestamp": "2026-09-15 16:35:25" }, "geometry": { "type": "Point", "coordinates": [ 23.319786071777344, 42.710960388183594 ] } },
{ "type": "Feature", "properties": { "vehicle_id": "A7163", "latitude": 42.755802154541016, "longitude": 23.559494018554688, "raw_occupancy": 1, "timestamp": "2026-09-15 16:35:25" }, "geometry": { "type": "Point", "coordinates": [ 23.559494018554688, 42.755802154541016 ] } },
{ "type": "Feature", "properties": { "vehicle_id": "A3600", "latitude": 42.671577453613281, "longitude": 23.427980422973633, "raw_occupancy": 0, "timestamp": "2026-09-15 16:35:25" }, "geometry": { "type": "Point", "coordinates": [ 23.427980422973633, 42.671577453613281 ] } },
{ "type": "Feature", "properties": { "vehicle_id": "A2752", "latitude": 42.659420013427734, "longitude": 23.347972869873047, "raw_occupancy": 1, "timestamp": "2026-09-15 16:35:25" }, "geometry": { "type": "Point", "coordinates": [ 23.347972869873047, 42.659420013427734 ] } },
{ "type": "Feature", "properties": { "vehicle_id": "A7117", "latitude": 42.713275909423828, "longitude": 23.31547737121582, "raw_occupancy": 2, "timestamp": "2026-09-15 16:35:25" }, "geometry": { "type": "Point", "coordinates": [ 23.31547737121582, 42.713275909423828 ] } },
{ "type": "Feature", "properties": { "vehicle_id": "A1305", "latitude": 42.64251708984375, "longitude": 23.203893661499023, "raw_occupancy": 3, "timestamp": "2026-09-15 16:35:25" }, "geometry": { "type": "Point", "coordinates": [ 23.203893661499023, 42.64251708984375 ] } },
{ "type": "Feature", "properties": { "vehicle_id": "A2028", "latitude": 42.699756622314453, "longitude": 23.342418670654297, "raw_occupancy": 2, "timestamp": "2026-09-15 16:35:25" }, "geometry": { "type": "Point", "coordinates": [ 23.342418670654297, 42.699756622314453 ] } },
{ "type": "Feature", "properties": { "vehicle_id": "A1859", "latitude": 42.675922393798828, "longitude": 23.228944778442383, "raw_occupancy": 0, "timestamp": "2026-09-15 16:35:25" }, "geometry": { "type": "Point", "coordinates": [ 23.228944778442383, 42.675922393798828 ] } },
{ "type": "Feature", "properties": { "vehicle_id": "A1819", "latitude": 42.749240875244141, "longitude": 23.277631759643555, "raw_occupancy": 1, "timestamp": "2026-09-15 16:35:25" }, "geometry": { "type": "Point", "coordinates": [ 23.277631759643555, 42.749240875244141 ] } },
{ "type": "Feature", "properties": { "vehicle_id": "A2313", "latitude": 42.667579650878906, "longitude": 23.3658447265625, "raw_occupancy": 2, "timestamp": "2026-09-15 16:35:25" }, "geometry": { "type": "Point", "coordinates": [ 23.3658447265625, 42.667579650878906 ] } },
{ "type": "Feature", "properties": { "vehicle_id": "A3402", "latitude": 42.666370391845703, "longitude": 23.354024887084961, "raw_occupancy": 1, "timestamp": "2026-09-15 16:35:25" }, "geometry": { "type": "Point", "coordinates": [ 23.354024887084961, 42.666370391845703 ] } },
{ "type": "Feature", "properties": { "vehicle_id": "A2014", "latitude": 42.704700469970703, "longitude": 23.333011627197266, "raw_occupancy": 1, "timestamp": "2026-09-15 16:35:25" }, "geometry": { "type": "Point", "coordinates": [ 23.333011627197266, 42.704700469970703 ] } },
{ "type": "Feature", "properties": { "vehicle_id": "A3111", "latitude": 42.659236907958984, "longitude": 23.388084411621094, "raw_occupancy": 1, "timestamp": "2026-09-15 16:35:25" }, "geometry": { "type": "Point", "coordinates": [ 23.388084411621094, 42.659236907958984 ] } },
{ "type": "Feature", "properties": { "vehicle_id": "A7043", "latitude": 42.829608917236328, "longitude": 23.339105606079102, "raw_occupancy": 2, "timestamp": "2026-09-15 16:35:25" }, "geometry": { "type": "Point", "coordinates": [ 23.339105606079102, 42.829608917236328 ] } },
{ "type": "Feature", "properties": { "vehicle_id": "A3116", "latitude": 42.643253326416016, "longitude": 23.337665557861328, "raw_occupancy": 0, "timestamp": "2026-09-15 16:35:25" }, "geometry": { "type": "Point", "coordinates": [ 23.337665557861328, 42.643253326416016 ] } },
{ "type": "Feature", "properties": { "vehicle_id": "A3656", "latitude": 42.640689849853516, "longitude": 23.412441253662109, "raw_occupancy": 1, "timestamp": "2026-09-15 16:35:25" }, "geometry": { "type": "Point", "coordinates": [ 23.412441253662109, 42.640689849853516 ] } },
{ "type": "Feature", "properties": { "vehicle_id": "A2070", "latitude": 42.668476104736328, "longitude": 23.367059707641602, "raw_occupancy": 2, "timestamp": "2026-09-15 16:35:25" }, "geometry": { "type": "Point", "coordinates": [ 23.367059707641602, 42.668476104736328 ] } },
{ "type": "Feature", "properties": { "vehicle_id": "A7139", "latitude": 42.722301483154297, "longitude": 23.448326110839844, "raw_occupancy": 1, "timestamp": "2026-09-15 16:35:25" }, "geometry": { "type": "Point", "coordinates": [ 23.448326110839844, 42.722301483154297 ] } },
{ "type": "Feature", "properties": { "vehicle_id": "A1849", "latitude": 42.7357177734375, "longitude": 23.305257797241211, "raw_occupancy": 2, "timestamp": "2026-09-15 16:35:25" }, "geometry": { "type": "Point", "coordinates": [ 23.305257797241211, 42.7357177734375 ] } },
{ "type": "Feature", "properties": { "vehicle_id": "A2310", "latitude": 42.650596618652344, "longitude": 23.342084884643555, "raw_occupancy": 3, "timestamp": "2026-09-15 16:35:25" }, "geometry": { "type": "Point", "coordinates": [ 23.342084884643555, 42.650596618652344 ] } },
{ "type": "Feature", "properties": { "vehicle_id": "A1183", "latitude": 42.684795379638672, "longitude": 23.24018669128418, "raw_occupancy": 1, "timestamp": "2026-09-15 16:35:25" }, "geometry": { "type": "Point", "coordinates": [ 23.24018669128418, 42.684795379638672 ] } },
{ "type": "Feature", "properties": { "vehicle_id": "A1837", "latitude": 42.726955413818359, "longitude": 23.261924743652344, "raw_occupancy": 1, "timestamp": "2026-09-15 16:35:25" }, "geometry": { "type": "Point", "coordinates": [ 23.261924743652344, 42.726955413818359 ] } },
{ "type": "Feature", "properties": { "vehicle_id": "A1031", "latitude": 42.677227020263672, "longitude": 23.28173828125, "raw_occupancy": 2, "timestamp": "2026-09-15 16:35:25" }, "geometry": { "type": "Point", "coordinates": [ 23.28173828125, 42.677227020263672 ] } },
{ "type": "Feature", "properties": { "vehicle_id": "A1310", "latitude": 42.707435607910156, "longitude": 23.146368026733398, "raw_occupancy": 1, "timestamp": "2026-09-15 16:35:25" }, "geometry": { "type": "Point", "coordinates": [ 23.146368026733398, 42.707435607910156 ] } },
{ "type": "Feature", "properties": { "vehicle_id": "A7115", "latitude": 42.742202758789062, "longitude": 23.317914962768555, "raw_occupancy": 2, "timestamp": "2026-09-15 16:35:25" }, "geometry": { "type": "Point", "coordinates": [ 23.317914962768555, 42.742202758789062 ] } },
{ "type": "Feature", "properties": { "vehicle_id": "A3117", "latitude": 42.664413452148438, "longitude": 23.374494552612305, "raw_occupancy": 5, "timestamp": "2026-09-15 16:35:25" }, "geometry": { "type": "Point", "coordinates": [ 23.374494552612305, 42.664413452148438 ] } },
{ "type": "Feature", "properties": { "vehicle_id": "A1406", "latitude": 42.66485595703125, "longitude": 23.287712097167969, "raw_occupancy": 3, "timestamp": "2026-09-15 16:35:25" }, "geometry": { "type": "Point", "coordinates": [ 23.287712097167969, 42.66485595703125 ] } },
{ "type": "Feature", "properties": { "vehicle_id": "A1216", "latitude": 42.762886047363281, "longitude": 23.243925094604492, "raw_occupancy": 1, "timestamp": "2026-09-15 16:35:25" }, "geometry": { "type": "Point", "coordinates": [ 23.243925094604492, 42.762886047363281 ] } },
{ "type": "Feature", "properties": { "vehicle_id": "A3301", "latitude": 42.65509033203125, "longitude": 23.414501190185547, "raw_occupancy": 1, "timestamp": "2026-09-15 16:35:25" }, "geometry": { "type": "Point", "coordinates": [ 23.414501190185547, 42.65509033203125 ] } },
{ "type": "Feature", "properties": { "vehicle_id": "A3149", "latitude": 42.658477783203125, "longitude": 23.382492065429688, "raw_occupancy": 3, "timestamp": "2026-09-15 16:35:25" }, "geometry": { "type": "Point", "coordinates": [ 23.382492065429688, 42.658477783203125 ] } },
{ "type": "Feature", "properties": { "vehicle_id": "A1157", "latitude": 42.678375244140625, "longitude": 23.28526496887207, "raw_occupancy": 2, "timestamp": "2026-09-15 16:35:25" }, "geometry": { "type": "Point", "coordinates": [ 23.28526496887207, 42.678375244140625 ] } },
{ "type": "Feature", "properties": { "vehicle_id": "A7073", "latitude": 42.717456817626953, "longitude": 23.440608978271484, "raw_occupancy": 1, "timestamp": "2026-09-15 16:35:25" }, "geometry": { "type": "Point", "coordinates": [ 23.440608978271484, 42.717456817626953 ] } },
{ "type": "Feature", "properties": { "vehicle_id": "A7099", "latitude": 42.711803436279297, "longitude": 23.311782836914062, "raw_occupancy": 2, "timestamp": "2026-09-15 16:35:25" }, "geometry": { "type": "Point", "coordinates": [ 23.311782836914062, 42.711803436279297 ] } },
{ "type": "Feature", "properties": { "vehicle_id": "A1219", "latitude": 42.717334747314453, "longitude": 23.248689651489258, "raw_occupancy": 3, "timestamp": "2026-09-15 16:35:25" }, "geometry": { "type": "Point", "coordinates": [ 23.248689651489258, 42.717334747314453 ] } },
{ "type": "Feature", "properties": { "vehicle_id": "A7155", "latitude": 42.7099609375, "longitude": 23.3843994140625, "raw_occupancy": 2, "timestamp": "2026-09-15 16:35:25" }, "geometry": { "type": "Point", "coordinates": [ 23.3843994140625, 42.7099609375 ] } },
{ "type": "Feature", "properties": { "vehicle_id": "A3136", "latitude": 42.686325073242188, "longitude": 23.34333610534668, "raw_occupancy": 3, "timestamp": "2026-09-15 16:35:25" }, "geometry": { "type": "Point", "coordinates": [ 23.34333610534668, 42.686325073242188 ] } },
{ "type": "Feature", "properties": { "vehicle_id": "A1314", "latitude": 42.648731231689453, "longitude": 23.270795822143555, "raw_occupancy": 2, "timestamp": "2026-09-15 16:35:25" }, "geometry": { "type": "Point", "coordinates": [ 23.270795822143555, 42.648731231689453 ] } },
{ "type": "Feature", "properties": { "vehicle_id": "A1223", "latitude": 42.664520263671875, "longitude": 23.317554473876953, "raw_occupancy": 2, "timestamp": "2026-09-15 16:35:25" }, "geometry": { "type": "Point", "coordinates": [ 23.317554473876953, 42.664520263671875 ] } },
{ "type": "Feature", "properties": { "vehicle_id": "A3121", "latitude": 42.688308715820312, "longitude": 23.352951049804688, "raw_occupancy": 2, "timestamp": "2026-09-15 16:35:25" }, "geometry": { "type": "Point", "coordinates": [ 23.352951049804688, 42.688308715820312 ] } },
{ "type": "Feature", "properties": { "vehicle_id": "A2165", "latitude": 42.735832214355469, "longitude": 23.293781280517578, "raw_occupancy": 0, "timestamp": "2026-09-15 16:35:25" }, "geometry": { "type": "Point", "coordinates": [ 23.293781280517578, 42.735832214355469 ] } },
{ "type": "Feature", "properties": { "vehicle_id": "A2005", "latitude": 42.667507171630859, "longitude": 23.32611083984375, "raw_occupancy": 2, "timestamp": "2026-09-15 16:35:25" }, "geometry": { "type": "Point", "coordinates": [ 23.32611083984375, 42.667507171630859 ] } },
{ "type": "Feature", "properties": { "vehicle_id": "A2025", "latitude": 42.656726837158203, "longitude": 23.349563598632812, "raw_occupancy": 2, "timestamp": "2026-09-15 16:35:25" }, "geometry": { "type": "Point", "coordinates": [ 23.349563598632812, 42.656726837158203 ] } },
{ "type": "Feature", "properties": { "vehicle_id": "A1857", "latitude": 42.675544738769531, "longitude": 23.25285530090332, "raw_occupancy": 1, "timestamp": "2026-09-15 16:35:25" }, "geometry": { "type": "Point", "coordinates": [ 23.25285530090332, 42.675544738769531 ] } },
{ "type": "Feature", "properties": { "vehicle_id": "A1608", "latitude": 42.653335571289062, "longitude": 23.402763366699219, "raw_occupancy": 2, "timestamp": "2026-09-15 16:35:25" }, "geometry": { "type": "Point", "coordinates": [ 23.402763366699219, 42.653335571289062 ] } },
{ "type": "Feature", "properties": { "vehicle_id": "A1402", "latitude": 42.720455169677734, "longitude": 23.255367279052734, "raw_occupancy": 2, "timestamp": "2026-09-15 16:35:25" }, "geometry": { "type": "Point", "coordinates": [ 23.255367279052734, 42.720455169677734 ] } },
{ "type": "Feature", "properties": { "vehicle_id": "A1160", "latitude": 42.677074432373047, "longitude": 23.287303924560547, "raw_occupancy": 2, "timestamp": "2026-09-15 16:35:25" }, "geometry": { "type": "Point", "coordinates": [ 23.287303924560547, 42.677074432373047 ] } },
{ "type": "Feature", "properties": { "vehicle_id": "A2305", "latitude": 42.707466125488281, "longitude": 23.35357666015625, "raw_occupancy": 0, "timestamp": "2026-09-15 16:35:25" }, "geometry": { "type": "Point", "coordinates": [ 23.35357666015625, 42.707466125488281 ] } },
{ "type": "Feature", "properties": { "vehicle_id": "A7123", "latitude": 42.770149230957031, "longitude": 23.539039611816406, "raw_occupancy": 1, "timestamp": "2026-09-15 16:35:25" }, "geometry": { "type": "Point", "coordinates": [ 23.539039611816406, 42.770149230957031 ] } },
{ "type": "Feature", "properties": { "vehicle_id": "A2048", "latitude": 42.644176483154297, "longitude": 23.399250030517578, "raw_occupancy": 3, "timestamp": "2026-09-15 16:35:25" }, "geometry": { "type": "Point", "coordinates": [ 23.399250030517578, 42.644176483154297 ] } },
{ "type": "Feature", "properties": { "vehicle_id": "A3404", "latitude": 42.674304962158203, "longitude": 23.334514617919922, "raw_occupancy": 1, "timestamp": "2026-09-15 16:35:25" }, "geometry": { "type": "Point", "coordinates": [ 23.334514617919922, 42.674304962158203 ] } },
{ "type": "Feature", "properties": { "vehicle_id": "A1214", "latitude": 42.650360107421875, "longitude": 23.291017532348633, "raw_occupancy": 1, "timestamp": "2026-09-15 16:35:25" }, "geometry": { "type": "Point", "coordinates": [ 23.291017532348633, 42.650360107421875 ] } },
{ "type": "Feature", "properties": { "vehicle_id": "A3666", "latitude": 42.671527862548828, "longitude": 23.393947601318359, "raw_occupancy": 1, "timestamp": "2026-09-15 16:35:25" }, "geometry": { "type": "Point", "coordinates": [ 23.393947601318359, 42.671527862548828 ] } },
{ "type": "Feature", "properties": { "vehicle_id": "A1168", "latitude": 42.679569244384766, "longitude": 23.302942276000977, "raw_occupancy": 3, "timestamp": "2026-09-15 16:35:25" }, "geometry": { "type": "Point", "coordinates": [ 23.302942276000977, 42.679569244384766 ] } },
{ "type": "Feature", "properties": { "vehicle_id": "A1015", "latitude": 42.640785217285156, "longitude": 23.334692001342773, "raw_occupancy": 2, "timestamp": "2026-09-15 16:35:25" }, "geometry": { "type": "Point", "coordinates": [ 23.334692001342773, 42.640785217285156 ] } },
{ "type": "Feature", "properties": { "vehicle_id": "A3655", "latitude": 42.645309448242188, "longitude": 23.333658218383789, "raw_occupancy": 2, "timestamp": "2026-09-15 16:35:25" }, "geometry": { "type": "Point", "coordinates": [ 23.333658218383789, 42.645309448242188 ] } },
{ "type": "Feature", "properties": { "vehicle_id": "A3129", "latitude": 42.67156982421875, "longitude": 23.36402702331543, "raw_occupancy": 2, "timestamp": "2026-09-15 16:35:25" }, "geometry": { "type": "Point", "coordinates": [ 23.36402702331543, 42.67156982421875 ] } },
{ "type": "Feature", "properties": { "vehicle_id": "A1229", "latitude": 42.716949462890625, "longitude": 23.260793685913086, "raw_occupancy": 1, "timestamp": "2026-09-15 16:35:25" }, "geometry": { "type": "Point", "coordinates": [ 23.260793685913086, 42.716949462890625 ] } },
{ "type": "Feature", "properties": { "vehicle_id": "A3157", "latitude": 42.628238677978516, "longitude": 23.373470306396484, "raw_occupancy": 1, "timestamp": "2026-09-15 16:35:25" }, "geometry": { "type": "Point", "coordinates": [ 23.373470306396484, 42.628238677978516 ] } },
{ "type": "Feature", "properties": { "vehicle_id": "A1839", "latitude": 42.702606201171875, "longitude": 23.285717010498047, "raw_occupancy": 2, "timestamp": "2026-09-15 16:35:25" }, "geometry": { "type": "Point", "coordinates": [ 23.285717010498047, 42.702606201171875 ] } },
{ "type": "Feature", "properties": { "vehicle_id": "A3142", "latitude": 42.667594909667969, "longitude": 23.337551116943359, "raw_occupancy": 3, "timestamp": "2026-09-15 16:35:25" }, "geometry": { "type": "Point", "coordinates": [ 23.337551116943359, 42.667594909667969 ] } },
{ "type": "Feature", "properties": { "vehicle_id": "A3608", "latitude": 42.624149322509766, "longitude": 23.374797821044922, "raw_occupancy": 3, "timestamp": "2026-09-15 16:35:25" }, "geometry": { "type": "Point", "coordinates": [ 23.374797821044922, 42.624149322509766 ] } },
{ "type": "Feature", "properties": { "vehicle_id": "A2822", "latitude": 42.709804534912109, "longitude": 23.372514724731445, "raw_occupancy": 0, "timestamp": "2026-09-15 16:35:25" }, "geometry": { "type": "Point", "coordinates": [ 23.372514724731445, 42.709804534912109 ] } },
{ "type": "Feature", "properties": { "vehicle_id": "A2023", "latitude": 42.656703948974609, "longitude": 23.318668365478516, "raw_occupancy": 0, "timestamp": "2026-09-15 16:35:25" }, "geometry": { "type": "Point", "coordinates": [ 23.318668365478516, 42.656703948974609 ] } },
{ "type": "Feature", "properties": { "vehicle_id": "A2064", "latitude": 42.737155914306641, "longitude": 23.272605895996094, "raw_occupancy": 0, "timestamp": "2026-09-15 16:35:25" }, "geometry": { "type": "Point", "coordinates": [ 23.272605895996094, 42.737155914306641 ] } },
{ "type": "Feature", "properties": { "vehicle_id": "A3611", "latitude": 42.672290802001953, "longitude": 23.465400695800781, "raw_occupancy": 0, "timestamp": "2026-09-15 16:35:25" }, "geometry": { "type": "Point", "coordinates": [ 23.465400695800781, 42.672290802001953 ] } },
{ "type": "Feature", "properties": { "vehicle_id": "A7075", "latitude": 42.725864410400391, "longitude": 23.344535827636719, "raw_occupancy": 2, "timestamp": "2026-09-15 16:35:25" }, "geometry": { "type": "Point", "coordinates": [ 23.344535827636719, 42.725864410400391 ] } },
{ "type": "Feature", "properties": { "vehicle_id": "A1315", "latitude": 42.622249603271484, "longitude": 23.308980941772461, "raw_occupancy": 0, "timestamp": "2026-09-15 16:35:25" }, "geometry": { "type": "Point", "coordinates": [ 23.308980941772461, 42.622249603271484 ] } },
{ "type": "Feature", "properties": { "vehicle_id": "A2042", "latitude": 42.666893005371094, "longitude": 23.337491989135742, "raw_occupancy": 1, "timestamp": "2026-09-15 16:35:25" }, "geometry": { "type": "Point", "coordinates": [ 23.337491989135742, 42.666893005371094 ] } },
{ "type": "Feature", "properties": { "vehicle_id": "A3150", "latitude": 42.646728515625, "longitude": 23.412548065185547, "raw_occupancy": 1, "timestamp": "2026-09-15 16:35:25" }, "geometry": { "type": "Point", "coordinates": [ 23.412548065185547, 42.646728515625 ] } },
{ "type": "Feature", "properties": { "vehicle_id": "A1175", "latitude": 42.669582366943359, "longitude": 23.297445297241211, "raw_occupancy": 3, "timestamp": "2026-09-15 16:35:25" }, "geometry": { "type": "Point", "coordinates": [ 23.297445297241211, 42.669582366943359 ] } },
{ "type": "Feature", "properties": { "vehicle_id": "A1420", "latitude": 42.657859802246094, "longitude": 23.316083908081055, "raw_occupancy": 1, "timestamp": "2026-09-15 16:35:25" }, "geometry": { "type": "Point", "coordinates": [ 23.316083908081055, 42.657859802246094 ] } },
{ "type": "Feature", "properties": { "vehicle_id": "A3601", "latitude": 42.670982360839844, "longitude": 23.40894889831543, "raw_occupancy": 1, "timestamp": "2026-09-15 16:35:25" }, "geometry": { "type": "Point", "coordinates": [ 23.40894889831543, 42.670982360839844 ] } },
{ "type": "Feature", "properties": { "vehicle_id": "A7051", "latitude": 42.720039367675781, "longitude": 23.534589767456055, "raw_occupancy": 1, "timestamp": "2026-09-15 16:35:25" }, "geometry": { "type": "Point", "coordinates": [ 23.534589767456055, 42.720039367675781 ] } },
{ "type": "Feature", "properties": { "vehicle_id": "A1821", "latitude": 42.654644012451172, "longitude": 23.369483947753906, "raw_occupancy": 1, "timestamp": "2026-09-15 16:35:25" }, "geometry": { "type": "Point", "coordinates": [ 23.369483947753906, 42.654644012451172 ] } },
{ "type": "Feature", "properties": { "vehicle_id": "A2733", "latitude": 42.73114013671875, "longitude": 23.316946029663086, "raw_occupancy": 1, "timestamp": "2026-09-15 16:35:25" }, "geometry": { "type": "Point", "coordinates": [ 23.316946029663086, 42.73114013671875 ] } },
{ "type": "Feature", "properties": { "vehicle_id": "A7149", "latitude": 42.757953643798828, "longitude": 23.425880432128906, "raw_occupancy": 1, "timestamp": "2026-09-15 16:35:25" }, "geometry": { "type": "Point", "coordinates": [ 23.425880432128906, 42.757953643798828 ] } },
{ "type": "Feature", "properties": { "vehicle_id": "A3700", "latitude": 42.711936950683594, "longitude": 23.407350540161133, "raw_occupancy": 1, "timestamp": "2026-09-15 16:35:25" }, "geometry": { "type": "Point", "coordinates": [ 23.407350540161133, 42.711936950683594 ] } },
{ "type": "Feature", "properties": { "vehicle_id": "A1180", "latitude": 42.678440093994141, "longitude": 23.320869445800781, "raw_occupancy": 2, "timestamp": "2026-09-15 16:35:25" }, "geometry": { "type": "Point", "coordinates": [ 23.320869445800781, 42.678440093994141 ] } },
{ "type": "Feature", "properties": { "vehicle_id": "A3127", "latitude": 42.707138061523438, "longitude": 23.317985534667969, "raw_occupancy": 1, "timestamp": "2026-09-15 16:35:25" }, "geometry": { "type": "Point", "coordinates": [ 23.317985534667969, 42.707138061523438 ] } },
{ "type": "Feature", "properties": { "vehicle_id": "A2315", "latitude": 42.663291931152344, "longitude": 23.357522964477539, "raw_occupancy": 2, "timestamp": "2026-09-15 16:35:25" }, "geometry": { "type": "Point", "coordinates": [ 23.357522964477539, 42.663291931152344 ] } },
{ "type": "Feature", "properties": { "vehicle_id": "A2057", "latitude": 42.627960205078125, "longitude": 23.407501220703125, "raw_occupancy": 3, "timestamp": "2026-09-15 16:35:25" }, "geometry": { "type": "Point", "coordinates": [ 23.407501220703125, 42.627960205078125 ] } },
{ "type": "Feature", "properties": { "vehicle_id": "A2062", "latitude": 42.695835113525391, "longitude": 23.360445022583008, "raw_occupancy": 2, "timestamp": "2026-09-15 16:35:25" }, "geometry": { "type": "Point", "coordinates": [ 23.360445022583008, 42.695835113525391 ] } },
{ "type": "Feature", "properties": { "vehicle_id": "A2519", "latitude": 42.693477630615234, "longitude": 23.35203742980957, "raw_occupancy": 3, "timestamp": "2026-09-15 16:35:25" }, "geometry": { "type": "Point", "coordinates": [ 23.35203742980957, 42.693477630615234 ] } },
{ "type": "Feature", "properties": { "vehicle_id": "A2034", "latitude": 42.703834533691406, "longitude": 23.365667343139648, "raw_occupancy": 1, "timestamp": "2026-09-15 16:35:25" }, "geometry": { "type": "Point", "coordinates": [ 23.365667343139648, 42.703834533691406 ] } },
{ "type": "Feature", "properties": { "vehicle_id": "A7165", "latitude": 42.707950592041016, "longitude": 23.461078643798828, "raw_occupancy": 1, "timestamp": "2026-09-15 16:35:25" }, "geometry": { "type": "Point", "coordinates": [ 23.461078643798828, 42.707950592041016 ] } },
{ "type": "Feature", "properties": { "vehicle_id": "A2161", "latitude": 42.700679779052734, "longitude": 23.373912811279297, "raw_occupancy": 2, "timestamp": "2026-09-15 16:35:25" }, "geometry": { "type": "Point", "coordinates": [ 23.373912811279297, 42.700679779052734 ] } },
{ "type": "Feature", "properties": { "vehicle_id": "A1851", "latitude": 42.677589416503906, "longitude": 23.240890502929688, "raw_occupancy": 3, "timestamp": "2026-09-15 16:35:25" }, "geometry": { "type": "Point", "coordinates": [ 23.240890502929688, 42.677589416503906 ] } },
{ "type": "Feature", "properties": { "vehicle_id": "A3606", "latitude": 42.630596160888672, "longitude": 23.378910064697266, "raw_occupancy": 1, "timestamp": "2026-09-15 16:35:25" }, "geometry": { "type": "Point", "coordinates": [ 23.378910064697266, 42.630596160888672 ] } },
{ "type": "Feature", "properties": { "vehicle_id": "A3120", "latitude": 42.643562316894531, "longitude": 23.374057769775391, "raw_occupancy": 1, "timestamp": "2026-09-15 16:35:25" }, "geometry": { "type": "Point", "coordinates": [ 23.374057769775391, 42.643562316894531 ] } },
{ "type": "Feature", "properties": { "vehicle_id": "A1869", "latitude": 42.713973999023438, "longitude": 23.142585754394531, "raw_occupancy": 0, "timestamp": "2026-09-15 16:35:25" }, "geometry": { "type": "Point", "coordinates": [ 23.142585754394531, 42.713973999023438 ] } },
{ "type": "Feature", "properties": { "vehicle_id": "A3101", "latitude": 42.632301330566406, "longitude": 23.380388259887695, "raw_occupancy": 1, "timestamp": "2026-09-15 16:35:25" }, "geometry": { "type": "Point", "coordinates": [ 23.380388259887695, 42.632301330566406 ] } },
{ "type": "Feature", "properties": { "vehicle_id": "A7171", "latitude": 42.732337951660156, "longitude": 23.252292633056641, "raw_occupancy": 1, "timestamp": "2026-09-15 16:35:25" }, "geometry": { "type": "Point", "coordinates": [ 23.252292633056641, 42.732337951660156 ] } },
{ "type": "Feature", "properties": { "vehicle_id": "A2009", "latitude": 42.654495239257812, "longitude": 23.348943710327148, "raw_occupancy": 3, "timestamp": "2026-09-15 16:35:25" }, "geometry": { "type": "Point", "coordinates": [ 23.348943710327148, 42.654495239257812 ] } },
{ "type": "Feature", "properties": { "vehicle_id": "A3109", "latitude": 42.637584686279297, "longitude": 23.380741119384766, "raw_occupancy": 3, "timestamp": "2026-09-15 16:35:25" }, "geometry": { "type": "Point", "coordinates": [ 23.380741119384766, 42.637584686279297 ] } },
{ "type": "Feature", "properties": { "vehicle_id": "A1301", "latitude": 42.652050018310547, "longitude": 23.222278594970703, "raw_occupancy": 1, "timestamp": "2026-09-15 16:35:25" }, "geometry": { "type": "Point", "coordinates": [ 23.222278594970703, 42.652050018310547 ] } },
{ "type": "Feature", "properties": { "vehicle_id": "A7157", "latitude": 42.785411834716797, "longitude": 23.500329971313477, "raw_occupancy": 1, "timestamp": "2026-09-15 16:35:25" }, "geometry": { "type": "Point", "coordinates": [ 23.500329971313477, 42.785411834716797 ] } },
{ "type": "Feature", "properties": { "vehicle_id": "A3408", "latitude": 42.687870025634766, "longitude": 23.341070175170898, "raw_occupancy": 2, "timestamp": "2026-09-15 16:35:25" }, "geometry": { "type": "Point", "coordinates": [ 23.341070175170898, 42.687870025634766 ] } },
{ "type": "Feature", "properties": { "vehicle_id": "A3017", "latitude": 42.696063995361328, "longitude": 23.347639083862305, "raw_occupancy": 1, "timestamp": "2026-09-15 16:35:25" }, "geometry": { "type": "Point", "coordinates": [ 23.347639083862305, 42.696063995361328 ] } },
{ "type": "Feature", "properties": { "vehicle_id": "A3312", "latitude": 42.704658508300781, "longitude": 23.324131011962891, "raw_occupancy": 0, "timestamp": "2026-09-15 16:35:25" }, "geometry": { "type": "Point", "coordinates": [ 23.324131011962891, 42.704658508300781 ] } },
{ "type": "Feature", "properties": { "vehicle_id": "A2067", "latitude": 42.730861663818359, "longitude": 23.286693572998047, "raw_occupancy": 2, "timestamp": "2026-09-15 16:35:25" }, "geometry": { "type": "Point", "coordinates": [ 23.286693572998047, 42.730861663818359 ] } },
{ "type": "Feature", "properties": { "vehicle_id": "A3409", "latitude": 42.68853759765625, "longitude": 23.415397644042969, "raw_occupancy": 1, "timestamp": "2026-09-15 16:35:25" }, "geometry": { "type": "Point", "coordinates": [ 23.415397644042969, 42.68853759765625 ] } },
{ "type": "Feature", "properties": { "vehicle_id": "A3143", "latitude": 42.677135467529297, "longitude": 23.297981262207031, "raw_occupancy": 2, "timestamp": "2026-09-15 16:35:25" }, "geometry": { "type": "Point", "coordinates": [ 23.297981262207031, 42.677135467529297 ] } },
{ "type": "Feature", "properties": { "vehicle_id": "A7085", "latitude": 42.710117340087891, "longitude": 23.387887954711914, "raw_occupancy": 2, "timestamp": "2026-09-15 16:35:25" }, "geometry": { "type": "Point", "coordinates": [ 23.387887954711914, 42.710117340087891 ] } },
{ "type": "Feature", "properties": { "vehicle_id": "A2046", "latitude": 42.714687347412109, "longitude": 23.306211471557617, "raw_occupancy": 2, "timestamp": "2026-09-15 16:35:25" }, "geometry": { "type": "Point", "coordinates": [ 23.306211471557617, 42.714687347412109 ] } },
{ "type": "Feature", "properties": { "vehicle_id": "A2059", "latitude": 42.6993408203125, "longitude": 23.364875793457031, "raw_occupancy": 2, "timestamp": "2026-09-15 16:35:25" }, "geometry": { "type": "Point", "coordinates": [ 23.364875793457031, 42.6993408203125 ] } },
{ "type": "Feature", "properties": { "vehicle_id": "A2090", "latitude": 42.634983062744141, "longitude": 23.433813095092773, "raw_occupancy": 1, "timestamp": "2026-09-15 16:35:25" }, "geometry": { "type": "Point", "coordinates": [ 23.433813095092773, 42.634983062744141 ] } },
{ "type": "Feature", "properties": { "vehicle_id": "A2314", "latitude": 42.682167053222656, "longitude": 23.320743560791016, "raw_occupancy": 3, "timestamp": "2026-09-15 16:35:25" }, "geometry": { "type": "Point", "coordinates": [ 23.320743560791016, 42.682167053222656 ] } },
{ "type": "Feature", "properties": { "vehicle_id": "A2069", "latitude": 42.599472045898438, "longitude": 23.49969482421875, "raw_occupancy": 0, "timestamp": "2026-09-15 16:35:25" }, "geometry": { "type": "Point", "coordinates": [ 23.49969482421875, 42.599472045898438 ] } },
{ "type": "Feature", "properties": { "vehicle_id": "A1424", "latitude": 42.717014312744141, "longitude": 23.237503051757812, "raw_occupancy": 1, "timestamp": "2026-09-15 16:35:25" }, "geometry": { "type": "Point", "coordinates": [ 23.237503051757812, 42.717014312744141 ] } },
{ "type": "Feature", "properties": { "vehicle_id": "A1407", "latitude": 42.706123352050781, "longitude": 23.317619323730469, "raw_occupancy": 2, "timestamp": "2026-09-15 16:35:25" }, "geometry": { "type": "Point", "coordinates": [ 23.317619323730469, 42.706123352050781 ] } },
{ "type": "Feature", "properties": { "vehicle_id": "A1311", "latitude": 42.620857238769531, "longitude": 23.308408737182617, "raw_occupancy": 0, "timestamp": "2026-09-15 16:35:25" }, "geometry": { "type": "Point", "coordinates": [ 23.308408737182617, 42.620857238769531 ] } },
{ "type": "Feature", "properties": { "vehicle_id": "A1313", "latitude": 42.633464813232422, "longitude": 23.223554611206055, "raw_occupancy": 1, "timestamp": "2026-09-15 16:35:25" }, "geometry": { "type": "Point", "coordinates": [ 23.223554611206055, 42.633464813232422 ] } },
{ "type": "Feature", "properties": { "vehicle_id": "A2501", "latitude": 42.736190795898438, "longitude": 23.304412841796875, "raw_occupancy": 1, "timestamp": "2026-09-15 16:35:25" }, "geometry": { "type": "Point", "coordinates": [ 23.304412841796875, 42.736190795898438 ] } },
{ "type": "Feature", "properties": { "vehicle_id": "A1170", "latitude": 42.695564270019531, "longitude": 23.287948608398438, "raw_occupancy": 2, "timestamp": "2026-09-15 16:35:25" }, "geometry": { "type": "Point", "coordinates": [ 23.287948608398438, 42.695564270019531 ] } },
{ "type": "Feature", "properties": { "vehicle_id": "A3660", "latitude": 42.524509429931641, "longitude": 23.364452362060547, "raw_occupancy": 0, "timestamp": "2026-09-15 16:35:25" }, "geometry": { "type": "Point", "coordinates": [ 23.364452362060547, 42.524509429931641 ] } },
{ "type": "Feature", "properties": { "vehicle_id": "A3403", "latitude": 42.649559020996094, "longitude": 23.377704620361328, "raw_occupancy": 1, "timestamp": "2026-09-15 16:35:25" }, "geometry": { "type": "Point", "coordinates": [ 23.377704620361328, 42.649559020996094 ] } },
{ "type": "Feature", "properties": { "vehicle_id": "A2066", "latitude": 42.710628509521484, "longitude": 23.318981170654297, "raw_occupancy": 0, "timestamp": "2026-09-15 16:35:25" }, "geometry": { "type": "Point", "coordinates": [ 23.318981170654297, 42.710628509521484 ] } },
{ "type": "Feature", "properties": { "vehicle_id": "A3400", "latitude": 42.669769287109375, "longitude": 23.366994857788086, "raw_occupancy": 3, "timestamp": "2026-09-15 16:35:25" }, "geometry": { "type": "Point", "coordinates": [ 23.366994857788086, 42.669769287109375 ] } },
{ "type": "Feature", "properties": { "vehicle_id": "A3107", "latitude": 42.640701293945312, "longitude": 23.372278213500977, "raw_occupancy": 3, "timestamp": "2026-09-15 16:35:25" }, "geometry": { "type": "Point", "coordinates": [ 23.372278213500977, 42.640701293945312 ] } },
{ "type": "Feature", "properties": { "vehicle_id": "A1205", "latitude": 42.674751281738281, "longitude": 23.322118759155273, "raw_occupancy": 1, "timestamp": "2026-09-15 16:35:25" }, "geometry": { "type": "Point", "coordinates": [ 23.322118759155273, 42.674751281738281 ] } },
{ "type": "Feature", "properties": { "vehicle_id": "A1165", "latitude": 42.733386993408203, "longitude": 23.301998138427734, "raw_occupancy": 2, "timestamp": "2026-09-15 16:35:25" }, "geometry": { "type": "Point", "coordinates": [ 23.301998138427734, 42.733386993408203 ] } },
{ "type": "Feature", "properties": { "vehicle_id": "A2002", "latitude": 42.652412414550781, "longitude": 23.347408294677734, "raw_occupancy": 2, "timestamp": "2026-09-15 16:35:25" }, "geometry": { "type": "Point", "coordinates": [ 23.347408294677734, 42.652412414550781 ] } },
{ "type": "Feature", "properties": { "vehicle_id": "A1413", "latitude": 42.682842254638672, "longitude": 23.292156219482422, "raw_occupancy": 2, "timestamp": "2026-09-15 16:35:25" }, "geometry": { "type": "Point", "coordinates": [ 23.292156219482422, 42.682842254638672 ] } },
{ "type": "Feature", "properties": { "vehicle_id": "A2078", "latitude": 42.658893585205078, "longitude": 23.38233757019043, "raw_occupancy": 2, "timestamp": "2026-09-15 16:35:25" }, "geometry": { "type": "Point", "coordinates": [ 23.38233757019043, 42.658893585205078 ] } },
{ "type": "Feature", "properties": { "vehicle_id": "A3015", "latitude": 42.709247589111328, "longitude": 23.318328857421875, "raw_occupancy": 1, "timestamp": "2026-09-15 16:35:25" }, "geometry": { "type": "Point", "coordinates": [ 23.318328857421875, 42.709247589111328 ] } },
{ "type": "Feature", "properties": { "vehicle_id": "A2814", "latitude": 42.616481781005859, "longitude": 23.400779724121094, "raw_occupancy": 0, "timestamp": "2026-09-15 16:35:25" }, "geometry": { "type": "Point", "coordinates": [ 23.400779724121094, 42.616481781005859 ] } },
{ "type": "Feature", "properties": { "vehicle_id": "A1617", "latitude": 42.691425323486328, "longitude": 23.369396209716797, "raw_occupancy": 3, "timestamp": "2026-09-15 16:35:25" }, "geometry": { "type": "Point", "coordinates": [ 23.369396209716797, 42.691425323486328 ] } },
{ "type": "Feature", "properties": { "vehicle_id": "A1841", "latitude": 42.657306671142578, "longitude": 23.273490905761719, "raw_occupancy": 3, "timestamp": "2026-09-15 16:35:25" }, "geometry": { "type": "Point", "coordinates": [ 23.273490905761719, 42.657306671142578 ] } },
{ "type": "Feature", "properties": { "vehicle_id": "A2076", "latitude": 42.587867736816406, "longitude": 23.419965744018555, "raw_occupancy": 1, "timestamp": "2026-09-15 16:35:25" }, "geometry": { "type": "Point", "coordinates": [ 23.419965744018555, 42.587867736816406 ] } },
{ "type": "Feature", "properties": { "vehicle_id": "A2727", "latitude": 42.805553436279297, "longitude": 23.347223281860352, "raw_occupancy": 1, "timestamp": "2026-09-15 16:35:25" }, "geometry": { "type": "Point", "coordinates": [ 23.347223281860352, 42.805553436279297 ] } },
{ "type": "Feature", "properties": { "vehicle_id": "A2302", "latitude": 42.662513732910156, "longitude": 23.358612060546875, "raw_occupancy": 3, "timestamp": "2026-09-15 16:35:25" }, "geometry": { "type": "Point", "coordinates": [ 23.358612060546875, 42.662513732910156 ] } },
{ "type": "Feature", "properties": { "vehicle_id": "A1601", "latitude": 42.704597473144531, "longitude": 23.331464767456055, "raw_occupancy": 2, "timestamp": "2026-09-15 16:35:25" }, "geometry": { "type": "Point", "coordinates": [ 23.331464767456055, 42.704597473144531 ] } },
{ "type": "Feature", "properties": { "vehicle_id": "A3669", "latitude": 42.665683746337891, "longitude": 23.391204833984375, "raw_occupancy": 2, "timestamp": "2026-09-15 16:35:25" }, "geometry": { "type": "Point", "coordinates": [ 23.391204833984375, 42.665683746337891 ] } },
{ "type": "Feature", "properties": { "vehicle_id": "A7187", "latitude": 42.755813598632812, "longitude": 23.430639266967773, "raw_occupancy": 0, "timestamp": "2026-09-15 16:35:25" }, "geometry": { "type": "Point", "coordinates": [ 23.430639266967773, 42.755813598632812 ] } },
{ "type": "Feature", "properties": { "vehicle_id": "A3603", "latitude": 42.656459808349609, "longitude": 23.456127166748047, "raw_occupancy": 0, "timestamp": "2026-09-15 16:35:25" }, "geometry": { "type": "Point", "coordinates": [ 23.456127166748047, 42.656459808349609 ] } },
{ "type": "Feature", "properties": { "vehicle_id": "A1231", "latitude": 42.705036163330078, "longitude": 23.285167694091797, "raw_occupancy": 1, "timestamp": "2026-09-15 16:35:25" }, "geometry": { "type": "Point", "coordinates": [ 23.285167694091797, 42.705036163330078 ] } },
{ "type": "Feature", "properties": { "vehicle_id": "A2040", "latitude": 42.694000244140625, "longitude": 23.351570129394531, "raw_occupancy": 2, "timestamp": "2026-09-15 16:35:25" }, "geometry": { "type": "Point", "coordinates": [ 23.351570129394531, 42.694000244140625 ] } },
{ "type": "Feature", "properties": { "vehicle_id": "A7081", "latitude": 42.726284027099609, "longitude": 23.344659805297852, "raw_occupancy": 2, "timestamp": "2026-09-15 16:35:25" }, "geometry": { "type": "Point", "coordinates": [ 23.344659805297852, 42.726284027099609 ] } },
{ "type": "Feature", "properties": { "vehicle_id": "A7089", "latitude": 42.789749145507812, "longitude": 23.308547973632812, "raw_occupancy": 1, "timestamp": "2026-09-15 16:35:25" }, "geometry": { "type": "Point", "coordinates": [ 23.308547973632812, 42.789749145507812 ] } },
{ "type": "Feature", "properties": { "vehicle_id": "A1809", "latitude": 42.716964721679688, "longitude": 23.249238967895508, "raw_occupancy": 2, "timestamp": "2026-09-15 16:35:25" }, "geometry": { "type": "Point", "coordinates": [ 23.249238967895508, 42.716964721679688 ] } },
{ "type": "Feature", "properties": { "vehicle_id": "A7087", "latitude": 42.847927093505859, "longitude": 23.26988410949707, "raw_occupancy": 0, "timestamp": "2026-09-15 16:35:25" }, "geometry": { "type": "Point", "coordinates": [ 23.26988410949707, 42.847927093505859 ] } },
{ "type": "Feature", "properties": { "vehicle_id": "A3019", "latitude": 42.68035888671875, "longitude": 23.373144149780273, "raw_occupancy": 1, "timestamp": "2026-09-15 16:35:25" }, "geometry": { "type": "Point", "coordinates": [ 23.373144149780273, 42.68035888671875 ] } },
{ "type": "Feature", "properties": { "vehicle_id": "A2033", "latitude": 42.705226898193359, "longitude": 23.36878776550293, "raw_occupancy": 3, "timestamp": "2026-09-15 16:35:25" }, "geometry": { "type": "Point", "coordinates": [ 23.36878776550293, 42.705226898193359 ] } },
{ "type": "Feature", "properties": { "vehicle_id": "A3401", "latitude": 42.621692657470703, "longitude": 23.333808898925781, "raw_occupancy": 1, "timestamp": "2026-09-15 16:35:25" }, "geometry": { "type": "Point", "coordinates": [ 23.333808898925781, 42.621692657470703 ] } },
{ "type": "Feature", "properties": { "vehicle_id": "A1174", "latitude": 42.705905914306641, "longitude": 23.230321884155273, "raw_occupancy": 2, "timestamp": "2026-09-15 16:35:25" }, "geometry": { "type": "Point", "coordinates": [ 23.230321884155273, 42.705905914306641 ] } },
{ "type": "Feature", "properties": { "vehicle_id": "A3110", "latitude": 42.631195068359375, "longitude": 23.373149871826172, "raw_occupancy": 2, "timestamp": "2026-09-15 16:35:25" }, "geometry": { "type": "Point", "coordinates": [ 23.373149871826172, 42.631195068359375 ] } },
{ "type": "Feature", "properties": { "vehicle_id": "A2303", "latitude": 42.705718994140625, "longitude": 23.317398071289062, "raw_occupancy": 2, "timestamp": "2026-09-15 16:35:25" }, "geometry": { "type": "Point", "coordinates": [ 23.317398071289062, 42.705718994140625 ] } },
{ "type": "Feature", "properties": { "vehicle_id": "A2077", "latitude": 42.822490692138672, "longitude": 23.354158401489258, "raw_occupancy": 1, "timestamp": "2026-09-15 16:35:25" }, "geometry": { "type": "Point", "coordinates": [ 23.354158401489258, 42.822490692138672 ] } },
{ "type": "Feature", "properties": { "vehicle_id": "A1606", "latitude": 42.624835968017578, "longitude": 23.374046325683594, "raw_occupancy": 2, "timestamp": "2026-09-15 16:35:25" }, "geometry": { "type": "Point", "coordinates": [ 23.374046325683594, 42.624835968017578 ] } },
{ "type": "Feature", "properties": { "vehicle_id": "A3114", "latitude": 42.650955200195312, "longitude": 23.40533447265625, "raw_occupancy": 2, "timestamp": "2026-09-15 16:35:25" }, "geometry": { "type": "Point", "coordinates": [ 23.40533447265625, 42.650955200195312 ] } },
{ "type": "Feature", "properties": { "vehicle_id": "A7061", "latitude": 42.835926055908203, "longitude": 23.328317642211914, "raw_occupancy": 1, "timestamp": "2026-09-15 16:35:25" }, "geometry": { "type": "Point", "coordinates": [ 23.328317642211914, 42.835926055908203 ] } },
{ "type": "Feature", "properties": { "vehicle_id": "A7125", "latitude": 42.765903472900391, "longitude": 23.356391906738281, "raw_occupancy": 1, "timestamp": "2026-09-15 16:35:25" }, "geometry": { "type": "Point", "coordinates": [ 23.356391906738281, 42.765903472900391 ] } },
{ "type": "Feature", "properties": { "vehicle_id": "A2012", "latitude": 42.674591064453125, "longitude": 23.338489532470703, "raw_occupancy": 1, "timestamp": "2026-09-15 16:35:25" }, "geometry": { "type": "Point", "coordinates": [ 23.338489532470703, 42.674591064453125 ] } },
{ "type": "Feature", "properties": { "vehicle_id": "A2058", "latitude": 42.683357238769531, "longitude": 23.363056182861328, "raw_occupancy": 1, "timestamp": "2026-09-15 16:35:25" }, "geometry": { "type": "Point", "coordinates": [ 23.363056182861328, 42.683357238769531 ] } },
{ "type": "Feature", "properties": { "vehicle_id": "A7065", "latitude": 42.733413696289062, "longitude": 23.303010940551758, "raw_occupancy": 2, "timestamp": "2026-09-15 16:35:25" }, "geometry": { "type": "Point", "coordinates": [ 23.303010940551758, 42.733413696289062 ] } },
{ "type": "Feature", "properties": { "vehicle_id": "A2728", "latitude": 42.711750030517578, "longitude": 23.33186149597168, "raw_occupancy": 2, "timestamp": "2026-09-15 16:35:25" }, "geometry": { "type": "Point", "coordinates": [ 23.33186149597168, 42.711750030517578 ] } },
{ "type": "Feature", "properties": { "vehicle_id": "A2054", "latitude": 42.691493988037109, "longitude": 23.340198516845703, "raw_occupancy": 2, "timestamp": "2026-09-15 16:35:25" }, "geometry": { "type": "Point", "coordinates": [ 23.340198516845703, 42.691493988037109 ] } },
{ "type": "Feature", "properties": { "vehicle_id": "A2038", "latitude": 42.691795349121094, "longitude": 23.335788726806641, "raw_occupancy": 1, "timestamp": "2026-09-15 16:35:25" }, "geometry": { "type": "Point", "coordinates": [ 23.335788726806641, 42.691795349121094 ] } },
{ "type": "Feature", "properties": { "vehicle_id": "A2819", "latitude": 42.711784362792969, "longitude": 23.290151596069336, "raw_occupancy": 3, "timestamp": "2026-09-15 16:35:25" }, "geometry": { "type": "Point", "coordinates": [ 23.290151596069336, 42.711784362792969 ] } },
{ "type": "Feature", "properties": { "vehicle_id": "A3319", "latitude": 42.698619842529297, "longitude": 23.350677490234375, "raw_occupancy": 1, "timestamp": "2026-09-15 16:35:25" }, "geometry": { "type": "Point", "coordinates": [ 23.350677490234375, 42.698619842529297 ] } },
{ "type": "Feature", "properties": { "vehicle_id": "A2043", "latitude": 42.713321685791016, "longitude": 23.315814971923828, "raw_occupancy": 1, "timestamp": "2026-09-15 16:35:25" }, "geometry": { "type": "Point", "coordinates": [ 23.315814971923828, 42.713321685791016 ] } },
{ "type": "Feature", "properties": { "vehicle_id": "A1188", "latitude": 42.678791046142578, "longitude": 23.300165176391602, "raw_occupancy": 1, "timestamp": "2026-09-15 16:35:25" }, "geometry": { "type": "Point", "coordinates": [ 23.300165176391602, 42.678791046142578 ] } },
{ "type": "Feature", "properties": { "vehicle_id": "A1833", "latitude": 42.721725463867188, "longitude": 23.281570434570312, "raw_occupancy": 1, "timestamp": "2026-09-15 16:35:25" }, "geometry": { "type": "Point", "coordinates": [ 23.281570434570312, 42.721725463867188 ] } },
{ "type": "Feature", "properties": { "vehicle_id": "A1861", "latitude": 42.693889617919922, "longitude": 23.120195388793945, "raw_occupancy": 0, "timestamp": "2026-09-15 16:35:25" }, "geometry": { "type": "Point", "coordinates": [ 23.120195388793945, 42.693889617919922 ] } },
{ "type": "Feature", "properties": { "vehicle_id": "A2831", "latitude": 42.669124603271484, "longitude": 23.244253158569336, "raw_occupancy": 1, "timestamp": "2026-09-15 16:35:25" }, "geometry": { "type": "Point", "coordinates": [ 23.244253158569336, 42.669124603271484 ] } },
{ "type": "Feature", "properties": { "vehicle_id": "A2516", "latitude": 42.650733947753906, "longitude": 23.315652847290039, "raw_occupancy": 4, "timestamp": "2026-09-15 16:35:25" }, "geometry": { "type": "Point", "coordinates": [ 23.315652847290039, 42.650733947753906 ] } },
{ "type": "Feature", "properties": { "vehicle_id": "A1164", "latitude": 42.658065795898438, "longitude": 23.328428268432617, "raw_occupancy": 0, "timestamp": "2026-09-15 16:35:25" }, "geometry": { "type": "Point", "coordinates": [ 23.328428268432617, 42.658065795898438 ] } },
{ "type": "Feature", "properties": { "vehicle_id": "A2308", "latitude": 42.675037384033203, "longitude": 23.359230041503906, "raw_occupancy": 3, "timestamp": "2026-09-15 16:35:25" }, "geometry": { "type": "Point", "coordinates": [ 23.359230041503906, 42.675037384033203 ] } },
{ "type": "Feature", "properties": { "vehicle_id": "A3623", "latitude": 42.654899597167969, "longitude": 23.414440155029297, "raw_occupancy": 1, "timestamp": "2026-09-15 16:35:25" }, "geometry": { "type": "Point", "coordinates": [ 23.414440155029297, 42.654899597167969 ] } },
{ "type": "Feature", "properties": { "vehicle_id": "A3018", "latitude": 42.688728332519531, "longitude": 23.374460220336914, "raw_occupancy": 1, "timestamp": "2026-09-15 16:35:25" }, "geometry": { "type": "Point", "coordinates": [ 23.374460220336914, 42.688728332519531 ] } },
{ "type": "Feature", "properties": { "vehicle_id": "A3153", "latitude": 42.694416046142578, "longitude": 23.36591911315918, "raw_occupancy": 1, "timestamp": "2026-09-15 16:35:25" }, "geometry": { "type": "Point", "coordinates": [ 23.36591911315918, 42.694416046142578 ] } },
{ "type": "Feature", "properties": { "vehicle_id": "A1410", "latitude": 42.642147064208984, "longitude": 23.291988372802734, "raw_occupancy": 2, "timestamp": "2026-09-15 16:35:25" }, "geometry": { "type": "Point", "coordinates": [ 23.291988372802734, 42.642147064208984 ] } },
{ "type": "Feature", "properties": { "vehicle_id": "A2307", "latitude": 42.647884368896484, "longitude": 23.34161376953125, "raw_occupancy": 1, "timestamp": "2026-09-15 16:35:25" }, "geometry": { "type": "Point", "coordinates": [ 23.34161376953125, 42.647884368896484 ] } },
{ "type": "Feature", "properties": { "vehicle_id": "A2006", "latitude": 42.712112426757812, "longitude": 23.289379119873047, "raw_occupancy": 2, "timestamp": "2026-09-15 16:35:25" }, "geometry": { "type": "Point", "coordinates": [ 23.289379119873047, 42.712112426757812 ] } },
{ "type": "Feature", "properties": { "vehicle_id": "A1208", "latitude": 42.62969970703125, "longitude": 23.373298645019531, "raw_occupancy": 2, "timestamp": "2026-09-15 16:35:25" }, "geometry": { "type": "Point", "coordinates": [ 23.373298645019531, 42.62969970703125 ] } },
{ "type": "Feature", "properties": { "vehicle_id": "A1425", "latitude": 42.632900238037109, "longitude": 23.334428787231445, "raw_occupancy": 0, "timestamp": "2026-09-15 16:35:25" }, "geometry": { "type": "Point", "coordinates": [ 23.334428787231445, 42.632900238037109 ] } },
{ "type": "Feature", "properties": { "vehicle_id": "A3665", "latitude": 42.687068939208984, "longitude": 23.300817489624023, "raw_occupancy": 0, "timestamp": "2026-09-15 16:35:25" }, "geometry": { "type": "Point", "coordinates": [ 23.300817489624023, 42.687068939208984 ] } },
{ "type": "Feature", "properties": { "vehicle_id": "A7185", "latitude": 42.735378265380859, "longitude": 23.517799377441406, "raw_occupancy": 1, "timestamp": "2026-09-15 16:35:25" }, "geometry": { "type": "Point", "coordinates": [ 23.517799377441406, 42.735378265380859 ] } },
{ "type": "Feature", "properties": { "vehicle_id": "A1206", "latitude": 42.638286590576172, "longitude": 23.372873306274414, "raw_occupancy": 0, "timestamp": "2026-09-15 16:35:25" }, "geometry": { "type": "Point", "coordinates": [ 23.372873306274414, 42.638286590576172 ] } },
{ "type": "Feature", "properties": { "vehicle_id": "A2506", "latitude": 42.696052551269531, "longitude": 23.360431671142578, "raw_occupancy": 1, "timestamp": "2026-09-15 16:45:26" }, "geometry": { "type": "Point", "coordinates": [ 23.360431671142578, 42.696052551269531 ] } },
{ "type": "Feature", "properties": { "vehicle_id": "A2075", "latitude": 42.637161254882812, "longitude": 23.418230056762695, "raw_occupancy": 2, "timestamp": "2026-09-15 16:45:26" }, "geometry": { "type": "Point", "coordinates": [ 23.418230056762695, 42.637161254882812 ] } },
{ "type": "Feature", "properties": { "vehicle_id": "A2514", "latitude": 42.695899963378906, "longitude": 23.284603118896484, "raw_occupancy": 1, "timestamp": "2026-09-15 16:45:26" }, "geometry": { "type": "Point", "coordinates": [ 23.284603118896484, 42.695899963378906 ] } },
{ "type": "Feature", "properties": { "vehicle_id": "A1612", "latitude": 42.680137634277344, "longitude": 23.305450439453125, "raw_occupancy": 3, "timestamp": "2026-09-15 16:45:26" }, "geometry": { "type": "Point", "coordinates": [ 23.305450439453125, 42.680137634277344 ] } },
{ "type": "Feature", "properties": { "vehicle_id": "A1188", "latitude": 42.678184509277344, "longitude": 23.325916290283203, "raw_occupancy": 1, "timestamp": "2026-09-15 16:45:26" }, "geometry": { "type": "Point", "coordinates": [ 23.325916290283203, 42.678184509277344 ] } },
{ "type": "Feature", "properties": { "vehicle_id": "A7111", "latitude": 42.752803802490234, "longitude": 23.275598526000977, "raw_occupancy": 2, "timestamp": "2026-09-15 16:45:26" }, "geometry": { "type": "Point", "coordinates": [ 23.275598526000977, 42.752803802490234 ] } },
{ "type": "Feature", "properties": { "vehicle_id": "A1620", "latitude": 42.717395782470703, "longitude": 23.252382278442383, "raw_occupancy": 2, "timestamp": "2026-09-15 16:45:26" }, "geometry": { "type": "Point", "coordinates": [ 23.252382278442383, 42.717395782470703 ] } },
{ "type": "Feature", "properties": { "vehicle_id": "A2039", "latitude": 42.737415313720703, "longitude": 23.29875373840332, "raw_occupancy": 1, "timestamp": "2026-09-15 16:45:26" }, "geometry": { "type": "Point", "coordinates": [ 23.29875373840332, 42.737415313720703 ] } },
{ "type": "Feature", "properties": { "vehicle_id": "A3656", "latitude": 42.659732818603516, "longitude": 23.395195007324219, "raw_occupancy": 1, "timestamp": "2026-09-15 16:45:26" }, "geometry": { "type": "Point", "coordinates": [ 23.395195007324219, 42.659732818603516 ] } },
{ "type": "Feature", "properties": { "vehicle_id": "A2088", "latitude": 42.706794738769531, "longitude": 23.36213493347168, "raw_occupancy": 2, "timestamp": "2026-09-15 16:45:26" }, "geometry": { "type": "Point", "coordinates": [ 23.36213493347168, 42.706794738769531 ] } },
{ "type": "Feature", "properties": { "vehicle_id": "A7065", "latitude": 42.740005493164062, "longitude": 23.308712005615234, "raw_occupancy": 0, "timestamp": "2026-09-15 16:45:26" }, "geometry": { "type": "Point", "coordinates": [ 23.308712005615234, 42.740005493164062 ] } },
{ "type": "Feature", "properties": { "vehicle_id": "A3143", "latitude": 42.686714172363281, "longitude": 23.331975936889648, "raw_occupancy": 3, "timestamp": "2026-09-15 16:45:26" }, "geometry": { "type": "Point", "coordinates": [ 23.331975936889648, 42.686714172363281 ] } },
{ "type": "Feature", "properties": { "vehicle_id": "A1174", "latitude": 42.673984527587891, "longitude": 23.250005722045898, "raw_occupancy": 1, "timestamp": "2026-09-15 16:45:26" }, "geometry": { "type": "Point", "coordinates": [ 23.250005722045898, 42.673984527587891 ] } },
{ "type": "Feature", "properties": { "vehicle_id": "A2720", "latitude": 42.769695281982422, "longitude": 23.438859939575195, "raw_occupancy": 1, "timestamp": "2026-09-15 16:45:26" }, "geometry": { "type": "Point", "coordinates": [ 23.438859939575195, 42.769695281982422 ] } },
{ "type": "Feature", "properties": { "vehicle_id": "A1166", "latitude": 42.732818603515625, "longitude": 23.29716682434082, "raw_occupancy": 1, "timestamp": "2026-09-15 16:45:26" }, "geometry": { "type": "Point", "coordinates": [ 23.29716682434082, 42.732818603515625 ] } },
{ "type": "Feature", "properties": { "vehicle_id": "A7189", "latitude": 42.8017578125, "longitude": 23.401775360107422, "raw_occupancy": 0, "timestamp": "2026-09-15 16:45:26" }, "geometry": { "type": "Point", "coordinates": [ 23.401775360107422, 42.8017578125 ] } },
{ "type": "Feature", "properties": { "vehicle_id": "A3127", "latitude": 42.704483032226562, "longitude": 23.330558776855469, "raw_occupancy": 1, "timestamp": "2026-09-15 16:45:26" }, "geometry": { "type": "Point", "coordinates": [ 23.330558776855469, 42.704483032226562 ] } },
{ "type": "Feature", "properties": { "vehicle_id": "A1871", "latitude": 42.631900787353516, "longitude": 23.193723678588867, "raw_occupancy": 0, "timestamp": "2026-09-15 16:45:26" }, "geometry": { "type": "Point", "coordinates": [ 23.193723678588867, 42.631900787353516 ] } },
{ "type": "Feature", "properties": { "vehicle_id": "A1424", "latitude": 42.725131988525391, "longitude": 23.260272979736328, "raw_occupancy": 2, "timestamp": "2026-09-15 16:45:26" }, "geometry": { "type": "Point", "coordinates": [ 23.260272979736328, 42.725131988525391 ] } },
{ "type": "Feature", "properties": { "vehicle_id": "A3664", "latitude": 42.685108184814453, "longitude": 23.326074600219727, "raw_occupancy": 3, "timestamp": "2026-09-15 16:45:26" }, "geometry": { "type": "Point", "coordinates": [ 23.326074600219727, 42.685108184814453 ] } },
{ "type": "Feature", "properties": { "vehicle_id": "A2504", "latitude": 42.716873168945312, "longitude": 23.237312316894531, "raw_occupancy": 0, "timestamp": "2026-09-15 16:45:26" }, "geometry": { "type": "Point", "coordinates": [ 23.237312316894531, 42.716873168945312 ] } },
{ "type": "Feature", "properties": { "vehicle_id": "A3136", "latitude": 42.655258178710938, "longitude": 23.381420135498047, "raw_occupancy": 2, "timestamp": "2026-09-15 16:45:26" }, "geometry": { "type": "Point", "coordinates": [ 23.381420135498047, 42.655258178710938 ] } },
{ "type": "Feature", "properties": { "vehicle_id": "A2046", "latitude": 42.705913543701172, "longitude": 23.314956665039062, "raw_occupancy": 1, "timestamp": "2026-09-15 16:45:26" }, "geometry": { "type": "Point", "coordinates": [ 23.314956665039062, 42.705913543701172 ] } },
{ "type": "Feature", "properties": { "vehicle_id": "A1601", "latitude": 42.696086883544922, "longitude": 23.361637115478516, "raw_occupancy": 3, "timestamp": "2026-09-15 16:45:26" }, "geometry": { "type": "Point", "coordinates": [ 23.361637115478516, 42.696086883544922 ] } },
{ "type": "Feature", "properties": { "vehicle_id": "A2831", "latitude": 42.663551330566406, "longitude": 23.246089935302734, "raw_occupancy": 1, "timestamp": "2026-09-15 16:45:26" }, "geometry": { "type": "Point", "coordinates": [ 23.246089935302734, 42.663551330566406 ] } },
{ "type": "Feature", "properties": { "vehicle_id": "A3409", "latitude": 42.688327789306641, "longitude": 23.401645660400391, "raw_occupancy": 1, "timestamp": "2026-09-15 16:45:26" }, "geometry": { "type": "Point", "coordinates": [ 23.401645660400391, 42.688327789306641 ] } },
{ "type": "Feature", "properties": { "vehicle_id": "A3615", "latitude": 42.640834808349609, "longitude": 23.381021499633789, "raw_occupancy": 1, "timestamp": "2026-09-15 16:45:26" }, "geometry": { "type": "Point", "coordinates": [ 23.381021499633789, 42.640834808349609 ] } },
{ "type": "Feature", "properties": { "vehicle_id": "A3100", "latitude": 42.664665222167969, "longitude": 23.374147415161133, "raw_occupancy": 3, "timestamp": "2026-09-15 16:45:26" }, "geometry": { "type": "Point", "coordinates": [ 23.374147415161133, 42.664665222167969 ] } },
{ "type": "Feature", "properties": { "vehicle_id": "A3147", "latitude": 42.659587860107422, "longitude": 23.392452239990234, "raw_occupancy": 2, "timestamp": "2026-09-15 16:45:26" }, "geometry": { "type": "Point", "coordinates": [ 23.392452239990234, 42.659587860107422 ] } },
{ "type": "Feature", "properties": { "vehicle_id": "A3134", "latitude": 42.651897430419922, "longitude": 23.348672866821289, "raw_occupancy": 1, "timestamp": "2026-09-15 16:45:26" }, "geometry": { "type": "Point", "coordinates": [ 23.348672866821289, 42.651897430419922 ] } },
{ "type": "Feature", "properties": { "vehicle_id": "A1301", "latitude": 42.666618347167969, "longitude": 23.249700546264648, "raw_occupancy": 1, "timestamp": "2026-09-15 16:45:26" }, "geometry": { "type": "Point", "coordinates": [ 23.249700546264648, 42.666618347167969 ] } },
{ "type": "Feature", "properties": { "vehicle_id": "A3124", "latitude": 42.678531646728516, "longitude": 23.302934646606445, "raw_occupancy": 2, "timestamp": "2026-09-15 16:45:26" }, "geometry": { "type": "Point", "coordinates": [ 23.302934646606445, 42.678531646728516 ] } },
{ "type": "Feature", "properties": { "vehicle_id": "A3402", "latitude": 42.657379150390625, "longitude": 23.33636474609375, "raw_occupancy": 3, "timestamp": "2026-09-15 16:45:26" }, "geometry": { "type": "Point", "coordinates": [ 23.33636474609375, 42.657379150390625 ] } },
{ "type": "Feature", "properties": { "vehicle_id": "A3606", "latitude": 42.647987365722656, "longitude": 23.376836776733398, "raw_occupancy": 1, "timestamp": "2026-09-15 16:45:26" }, "geometry": { "type": "Point", "coordinates": [ 23.376836776733398, 42.647987365722656 ] } },
{ "type": "Feature", "properties": { "vehicle_id": "A7127", "latitude": 42.699489593505859, "longitude": 23.367290496826172, "raw_occupancy": 3, "timestamp": "2026-09-15 16:45:26" }, "geometry": { "type": "Point", "coordinates": [ 23.367290496826172, 42.699489593505859 ] } },
{ "type": "Feature", "properties": { "vehicle_id": "A1614", "latitude": 42.654964447021484, "longitude": 23.370080947875977, "raw_occupancy": 0, "timestamp": "2026-09-15 16:45:26" }, "geometry": { "type": "Point", "coordinates": [ 23.370080947875977, 42.654964447021484 ] } },
{ "type": "Feature", "properties": { "vehicle_id": "A3111", "latitude": 42.662906646728516, "longitude": 23.415311813354492, "raw_occupancy": 1, "timestamp": "2026-09-15 16:45:26" }, "geometry": { "type": "Point", "coordinates": [ 23.415311813354492, 42.662906646728516 ] } },
{ "type": "Feature", "properties": { "vehicle_id": "A2722", "latitude": 42.785167694091797, "longitude": 23.273666381835938, "raw_occupancy": 1, "timestamp": "2026-09-15 16:45:26" }, "geometry": { "type": "Point", "coordinates": [ 23.273666381835938, 42.785167694091797 ] } },
{ "type": "Feature", "properties": { "vehicle_id": "A1117", "latitude": 42.725730895996094, "longitude": 23.261003494262695, "raw_occupancy": 0, "timestamp": "2026-09-15 16:45:26" }, "geometry": { "type": "Point", "coordinates": [ 23.261003494262695, 42.725730895996094 ] } },
{ "type": "Feature", "properties": { "vehicle_id": "A3140", "latitude": 42.665924072265625, "longitude": 23.354526519775391, "raw_occupancy": 1, "timestamp": "2026-09-15 16:45:26" }, "geometry": { "type": "Point", "coordinates": [ 23.354526519775391, 42.665924072265625 ] } },
{ "type": "Feature", "properties": { "vehicle_id": "A2035", "latitude": 42.688396453857422, "longitude": 23.329326629638672, "raw_occupancy": 1, "timestamp": "2026-09-15 16:45:26" }, "geometry": { "type": "Point", "coordinates": [ 23.329326629638672, 42.688396453857422 ] } },
{ "type": "Feature", "properties": { "vehicle_id": "A2509", "latitude": 42.686592102050781, "longitude": 23.33184814453125, "raw_occupancy": 2, "timestamp": "2026-09-15 16:45:26" }, "geometry": { "type": "Point", "coordinates": [ 23.33184814453125, 42.686592102050781 ] } },
{ "type": "Feature", "properties": { "vehicle_id": "A3102", "latitude": 42.662765502929688, "longitude": 23.356325149536133, "raw_occupancy": 1, "timestamp": "2026-09-15 16:45:26" }, "geometry": { "type": "Point", "coordinates": [ 23.356325149536133, 42.662765502929688 ] } },
{ "type": "Feature", "properties": { "vehicle_id": "A7083", "latitude": 42.710536956787109, "longitude": 23.386285781860352, "raw_occupancy": 2, "timestamp": "2026-09-15 16:45:26" }, "geometry": { "type": "Point", "coordinates": [ 23.386285781860352, 42.710536956787109 ] } },
{ "type": "Feature", "properties": { "vehicle_id": "A2047", "latitude": 42.810581207275391, "longitude": 23.350788116455078, "raw_occupancy": 3, "timestamp": "2026-09-15 16:45:26" }, "geometry": { "type": "Point", "coordinates": [ 23.350788116455078, 42.810581207275391 ] } },
{ "type": "Feature", "properties": { "vehicle_id": "A2036", "latitude": 42.661334991455078, "longitude": 23.346473693847656, "raw_occupancy": 2, "timestamp": "2026-09-15 16:45:26" }, "geometry": { "type": "Point", "coordinates": [ 23.346473693847656, 42.661334991455078 ] } },
{ "type": "Feature", "properties": { "vehicle_id": "A2032", "latitude": 42.644920349121094, "longitude": 23.342033386230469, "raw_occupancy": 1, "timestamp": "2026-09-15 16:45:26" }, "geometry": { "type": "Point", "coordinates": [ 23.342033386230469, 42.644920349121094 ] } },
{ "type": "Feature", "properties": { "vehicle_id": "A1168", "latitude": 42.661998748779297, "longitude": 23.285964965820312, "raw_occupancy": 1, "timestamp": "2026-09-15 16:45:26" }, "geometry": { "type": "Point", "coordinates": [ 23.285964965820312, 42.661998748779297 ] } },
{ "type": "Feature", "properties": { "vehicle_id": "A3146", "latitude": 42.660083770751953, "longitude": 23.297845840454102, "raw_occupancy": 1, "timestamp": "2026-09-15 16:45:26" }, "geometry": { "type": "Point", "coordinates": [ 23.297845840454102, 42.660083770751953 ] } },
{ "type": "Feature", "properties": { "vehicle_id": "A2314", "latitude": 42.666641235351562, "longitude": 23.337837219238281, "raw_occupancy": 3, "timestamp": "2026-09-15 16:45:26" }, "geometry": { "type": "Point", "coordinates": [ 23.337837219238281, 42.666641235351562 ] } },
{ "type": "Feature", "properties": { "vehicle_id": "A2077", "latitude": 42.805278778076172, "longitude": 23.378305435180664, "raw_occupancy": 1, "timestamp": "2026-09-15 16:45:26" }, "geometry": { "type": "Point", "coordinates": [ 23.378305435180664, 42.805278778076172 ] } },
{ "type": "Feature", "properties": { "vehicle_id": "A2045", "latitude": 42.715503692626953, "longitude": 23.277095794677734, "raw_occupancy": 1, "timestamp": "2026-09-15 16:45:26" }, "geometry": { "type": "Point", "coordinates": [ 23.277095794677734, 42.715503692626953 ] } },
{ "type": "Feature", "properties": { "vehicle_id": "A1152", "latitude": 42.674991607666016, "longitude": 23.307931900024414, "raw_occupancy": 1, "timestamp": "2026-09-15 16:45:26" }, "geometry": { "type": "Point", "coordinates": [ 23.307931900024414, 42.674991607666016 ] } },
{ "type": "Feature", "properties": { "vehicle_id": "A2010", "latitude": 42.706050872802734, "longitude": 23.31257438659668, "raw_occupancy": 2, "timestamp": "2026-09-15 16:45:26" }, "geometry": { "type": "Point", "coordinates": [ 23.31257438659668, 42.706050872802734 ] } },
{ "type": "Feature", "properties": { "vehicle_id": "A2012", "latitude": 42.695972442626953, "longitude": 23.351755142211914, "raw_occupancy": 1, "timestamp": "2026-09-15 16:45:26" }, "geometry": { "type": "Point", "coordinates": [ 23.351755142211914, 42.695972442626953 ] } },
{ "type": "Feature", "properties": { "vehicle_id": "A2090", "latitude": 42.603317260742188, "longitude": 23.474645614624023, "raw_occupancy": 2, "timestamp": "2026-09-15 16:45:26" }, "geometry": { "type": "Point", "coordinates": [ 23.474645614624023, 42.603317260742188 ] } },
{ "type": "Feature", "properties": { "vehicle_id": "A2822", "latitude": 42.706222534179688, "longitude": 23.361007690429688, "raw_occupancy": 0, "timestamp": "2026-09-15 16:45:26" }, "geometry": { "type": "Point", "coordinates": [ 23.361007690429688, 42.706222534179688 ] } },
{ "type": "Feature", "properties": { "vehicle_id": "A2033", "latitude": 42.713420867919922, "longitude": 23.381746292114258, "raw_occupancy": 2, "timestamp": "2026-09-15 16:45:26" }, "geometry": { "type": "Point", "coordinates": [ 23.381746292114258, 42.713420867919922 ] } },
{ "type": "Feature", "properties": { "vehicle_id": "A2500", "latitude": 42.686351776123047, "longitude": 23.31117057800293, "raw_occupancy": 2, "timestamp": "2026-09-15 16:45:26" }, "geometry": { "type": "Point", "coordinates": [ 23.31117057800293, 42.686351776123047 ] } },
{ "type": "Feature", "properties": { "vehicle_id": "A3312", "latitude": 42.69317626953125, "longitude": 23.345058441162109, "raw_occupancy": 1, "timestamp": "2026-09-15 16:45:26" }, "geometry": { "type": "Point", "coordinates": [ 23.345058441162109, 42.69317626953125 ] } },
{ "type": "Feature", "properties": { "vehicle_id": "A2066", "latitude": 42.71380615234375, "longitude": 23.314453125, "raw_occupancy": 0, "timestamp": "2026-09-15 16:45:26" }, "geometry": { "type": "Point", "coordinates": [ 23.314453125, 42.71380615234375 ] } },
{ "type": "Feature", "properties": { "vehicle_id": "A1807", "latitude": 42.698211669921875, "longitude": 23.272102355957031, "raw_occupancy": 5, "timestamp": "2026-09-15 16:45:26" }, "geometry": { "type": "Point", "coordinates": [ 23.272102355957031, 42.698211669921875 ] } },
{ "type": "Feature", "properties": { "vehicle_id": "A3627", "latitude": 42.692253112792969, "longitude": 23.335262298583984, "raw_occupancy": 1, "timestamp": "2026-09-15 16:45:26" }, "geometry": { "type": "Point", "coordinates": [ 23.335262298583984, 42.692253112792969 ] } },
{ "type": "Feature", "properties": { "vehicle_id": "A3408", "latitude": 42.656715393066406, "longitude": 23.384763717651367, "raw_occupancy": 2, "timestamp": "2026-09-15 16:45:26" }, "geometry": { "type": "Point", "coordinates": [ 23.384763717651367, 42.656715393066406 ] } },
{ "type": "Feature", "properties": { "vehicle_id": "A2303", "latitude": 42.717124938964844, "longitude": 23.279766082763672, "raw_occupancy": 3, "timestamp": "2026-09-15 16:45:26" }, "geometry": { "type": "Point", "coordinates": [ 23.279766082763672, 42.717124938964844 ] } },
{ "type": "Feature", "properties": { "vehicle_id": "A1175", "latitude": 42.678466796875, "longitude": 23.285385131835938, "raw_occupancy": 3, "timestamp": "2026-09-15 16:45:26" }, "geometry": { "type": "Point", "coordinates": [ 23.285385131835938, 42.678466796875 ] } },
{ "type": "Feature", "properties": { "vehicle_id": "A3139", "latitude": 42.657352447509766, "longitude": 23.385414123535156, "raw_occupancy": 3, "timestamp": "2026-09-15 16:45:26" }, "geometry": { "type": "Point", "coordinates": [ 23.385414123535156, 42.657352447509766 ] } },
{ "type": "Feature", "properties": { "vehicle_id": "A3652", "latitude": 42.558902740478516, "longitude": 23.367334365844727, "raw_occupancy": 2, "timestamp": "2026-09-15 16:45:26" }, "geometry": { "type": "Point", "coordinates": [ 23.367334365844727, 42.558902740478516 ] } },
{ "type": "Feature", "properties": { "vehicle_id": "A7091", "latitude": 42.709274291992188, "longitude": 23.395092010498047, "raw_occupancy": 2, "timestamp": "2026-09-15 16:45:26" }, "geometry": { "type": "Point", "coordinates": [ 23.395092010498047, 42.709274291992188 ] } },
{ "type": "Feature", "properties": { "vehicle_id": "A2814", "latitude": 42.629512786865234, "longitude": 23.372976303100586, "raw_occupancy": 1, "timestamp": "2026-09-15 16:45:26" }, "geometry": { "type": "Point", "coordinates": [ 23.372976303100586, 42.629512786865234 ] } },
{ "type": "Feature", "properties": { "vehicle_id": "A7051", "latitude": 42.709812164306641, "longitude": 23.464139938354492, "raw_occupancy": 2, "timestamp": "2026-09-15 16:45:26" }, "geometry": { "type": "Point", "coordinates": [ 23.464139938354492, 42.709812164306641 ] } },
{ "type": "Feature", "properties": { "vehicle_id": "A2070", "latitude": 42.638313293457031, "longitude": 23.412418365478516, "raw_occupancy": 3, "timestamp": "2026-09-15 16:45:26" }, "geometry": { "type": "Point", "coordinates": [ 23.412418365478516, 42.638313293457031 ] } },
{ "type": "Feature", "properties": { "vehicle_id": "A2028", "latitude": 42.710464477539062, "longitude": 23.380176544189453, "raw_occupancy": 2, "timestamp": "2026-09-15 16:45:26" }, "geometry": { "type": "Point", "coordinates": [ 23.380176544189453, 42.710464477539062 ] } },
{ "type": "Feature", "properties": { "vehicle_id": "A7181", "latitude": 42.804595947265625, "longitude": 23.333065032958984, "raw_occupancy": 0, "timestamp": "2026-09-15 16:45:26" }, "geometry": { "type": "Point", "coordinates": [ 23.333065032958984, 42.804595947265625 ] } },
{ "type": "Feature", "properties": { "vehicle_id": "A7157", "latitude": 42.751781463623047, "longitude": 23.497024536132812, "raw_occupancy": 1, "timestamp": "2026-09-15 16:45:26" }, "geometry": { "type": "Point", "coordinates": [ 23.497024536132812, 42.751781463623047 ] } },
{ "type": "Feature", "properties": { "vehicle_id": "A2029", "latitude": 42.688808441162109, "longitude": 23.334060668945312, "raw_occupancy": 1, "timestamp": "2026-09-15 16:45:26" }, "geometry": { "type": "Point", "coordinates": [ 23.334060668945312, 42.688808441162109 ] } },
{ "type": "Feature", "properties": { "vehicle_id": "A2517", "latitude": 42.597343444824219, "longitude": 23.354635238647461, "raw_occupancy": 2, "timestamp": "2026-09-15 16:45:26" }, "geometry": { "type": "Point", "coordinates": [ 23.354635238647461, 42.597343444824219 ] } },
{ "type": "Feature", "properties": { "vehicle_id": "A2030", "latitude": 42.70343017578125, "longitude": 23.365026473999023, "raw_occupancy": 3, "timestamp": "2026-09-15 16:45:26" }, "geometry": { "type": "Point", "coordinates": [ 23.365026473999023, 42.70343017578125 ] } },
{ "type": "Feature", "properties": { "vehicle_id": "A3152", "latitude": 42.661243438720703, "longitude": 23.316869735717773, "raw_occupancy": 2, "timestamp": "2026-09-15 16:45:26" }, "geometry": { "type": "Point", "coordinates": [ 23.316869735717773, 42.661243438720703 ] } },
{ "type": "Feature", "properties": { "vehicle_id": "A1232", "latitude": 42.761528015136719, "longitude": 23.26507568359375, "raw_occupancy": 1, "timestamp": "2026-09-15 16:45:26" }, "geometry": { "type": "Point", "coordinates": [ 23.26507568359375, 42.761528015136719 ] } },
{ "type": "Feature", "properties": { "vehicle_id": "A1829", "latitude": 42.718486785888672, "longitude": 23.25726318359375, "raw_occupancy": 3, "timestamp": "2026-09-15 16:45:26" }, "geometry": { "type": "Point", "coordinates": [ 23.25726318359375, 42.718486785888672 ] } },
{ "type": "Feature", "properties": { "vehicle_id": "A7149", "latitude": 42.7474365234375, "longitude": 23.399560928344727, "raw_occupancy": 1, "timestamp": "2026-09-15 16:45:26" }, "geometry": { "type": "Point", "coordinates": [ 23.399560928344727, 42.7474365234375 ] } },
{ "type": "Feature", "properties": { "vehicle_id": "A7071", "latitude": 42.794979095458984, "longitude": 23.268016815185547, "raw_occupancy": 1, "timestamp": "2026-09-15 16:45:26" }, "geometry": { "type": "Point", "coordinates": [ 23.268016815185547, 42.794979095458984 ] } },
{ "type": "Feature", "properties": { "vehicle_id": "A1835", "latitude": 42.732215881347656, "longitude": 23.252773284912109, "raw_occupancy": 2, "timestamp": "2026-09-15 16:45:26" }, "geometry": { "type": "Point", "coordinates": [ 23.252773284912109, 42.732215881347656 ] } },
{ "type": "Feature", "properties": { "vehicle_id": "A7067", "latitude": 42.741165161132812, "longitude": 23.555152893066406, "raw_occupancy": 1, "timestamp": "2026-09-15 16:45:26" }, "geometry": { "type": "Point", "coordinates": [ 23.555152893066406, 42.741165161132812 ] } },
{ "type": "Feature", "properties": { "vehicle_id": "A2086", "latitude": 42.707416534423828, "longitude": 23.360723495483398, "raw_occupancy": 1, "timestamp": "2026-09-15 16:45:26" }, "geometry": { "type": "Point", "coordinates": [ 23.360723495483398, 42.707416534423828 ] } },
{ "type": "Feature", "properties": { "vehicle_id": "A3611", "latitude": 42.673660278320312, "longitude": 23.430290222167969, "raw_occupancy": 0, "timestamp": "2026-09-15 16:45:26" }, "geometry": { "type": "Point", "coordinates": [ 23.430290222167969, 42.673660278320312 ] } },
{ "type": "Feature", "properties": { "vehicle_id": "A3012", "latitude": 42.692428588867188, "longitude": 23.343835830688477, "raw_occupancy": 2, "timestamp": "2026-09-15 16:45:26" }, "geometry": { "type": "Point", "coordinates": [ 23.343835830688477, 42.692428588867188 ] } },
{ "type": "Feature", "properties": { "vehicle_id": "A1607", "latitude": 42.683876037597656, "longitude": 23.241886138916016, "raw_occupancy": 0, "timestamp": "2026-09-15 16:45:26" }, "geometry": { "type": "Point", "coordinates": [ 23.241886138916016, 42.683876037597656 ] } },
{ "type": "Feature", "properties": { "vehicle_id": "A1404", "latitude": 42.648674011230469, "longitude": 23.270315170288086, "raw_occupancy": 2, "timestamp": "2026-09-15 16:45:26" }, "geometry": { "type": "Point", "coordinates": [ 23.270315170288086, 42.648674011230469 ] } },
{ "type": "Feature", "properties": { "vehicle_id": "A2042", "latitude": 42.682506561279297, "longitude": 23.320966720581055, "raw_occupancy": 1, "timestamp": "2026-09-15 16:45:26" }, "geometry": { "type": "Point", "coordinates": [ 23.320966720581055, 42.682506561279297 ] } },
{ "type": "Feature", "properties": { "vehicle_id": "A2001", "latitude": 42.713142395019531, "longitude": 23.380350112915039, "raw_occupancy": 1, "timestamp": "2026-09-15 16:45:26" }, "geometry": { "type": "Point", "coordinates": [ 23.380350112915039, 42.713142395019531 ] } },
{ "type": "Feature", "properties": { "vehicle_id": "A2305", "latitude": 42.704837799072266, "longitude": 23.329372406005859, "raw_occupancy": 1, "timestamp": "2026-09-15 16:45:26" }, "geometry": { "type": "Point", "coordinates": [ 23.329372406005859, 42.704837799072266 ] } },
{ "type": "Feature", "properties": { "vehicle_id": "A3319", "latitude": 42.6793212890625, "longitude": 23.353263854980469, "raw_occupancy": 2, "timestamp": "2026-09-15 16:45:26" }, "geometry": { "type": "Point", "coordinates": [ 23.353263854980469, 42.6793212890625 ] } },
{ "type": "Feature", "properties": { "vehicle_id": "A3659", "latitude": 42.664108276367188, "longitude": 23.405818939208984, "raw_occupancy": 1, "timestamp": "2026-09-15 16:45:26" }, "geometry": { "type": "Point", "coordinates": [ 23.405818939208984, 42.664108276367188 ] } },
{ "type": "Feature", "properties": { "vehicle_id": "A1305", "latitude": 42.616691589355469, "longitude": 23.182588577270508, "raw_occupancy": 2, "timestamp": "2026-09-15 16:45:26" }, "geometry": { "type": "Point", "coordinates": [ 23.182588577270508, 42.616691589355469 ] } },
{ "type": "Feature", "properties": { "vehicle_id": "A2050", "latitude": 42.712032318115234, "longitude": 23.331298828125, "raw_occupancy": 2, "timestamp": "2026-09-15 16:45:26" }, "geometry": { "type": "Point", "coordinates": [ 23.331298828125, 42.712032318115234 ] } },
{ "type": "Feature", "properties": { "vehicle_id": "A1222", "latitude": 42.713542938232422, "longitude": 23.248823165893555, "raw_occupancy": 2, "timestamp": "2026-09-15 16:45:26" }, "geometry": { "type": "Point", "coordinates": [ 23.248823165893555, 42.713542938232422 ] } },
{ "type": "Feature", "properties": { "vehicle_id": "A1155", "latitude": 42.668548583984375, "longitude": 23.368688583374023, "raw_occupancy": 2, "timestamp": "2026-09-15 16:45:26" }, "geometry": { "type": "Point", "coordinates": [ 23.368688583374023, 42.668548583984375 ] } },
{ "type": "Feature", "properties": { "vehicle_id": "A2023", "latitude": 42.657138824462891, "longitude": 23.327995300292969, "raw_occupancy": 0, "timestamp": "2026-09-15 16:45:26" }, "geometry": { "type": "Point", "coordinates": [ 23.327995300292969, 42.657138824462891 ] } },
{ "type": "Feature", "properties": { "vehicle_id": "A1181", "latitude": 42.732349395751953, "longitude": 23.312288284301758, "raw_occupancy": 0, "timestamp": "2026-09-15 16:45:26" }, "geometry": { "type": "Point", "coordinates": [ 23.312288284301758, 42.732349395751953 ] } },
{ "type": "Feature", "properties": { "vehicle_id": "A1189", "latitude": 42.642913818359375, "longitude": 23.33612060546875, "raw_occupancy": 1, "timestamp": "2026-09-15 16:45:26" }, "geometry": { "type": "Point", "coordinates": [ 23.33612060546875, 42.642913818359375 ] } },
{ "type": "Feature", "properties": { "vehicle_id": "A3129", "latitude": 42.651657104492188, "longitude": 23.37898063659668, "raw_occupancy": 2, "timestamp": "2026-09-15 16:45:26" }, "geometry": { "type": "Point", "coordinates": [ 23.37898063659668, 42.651657104492188 ] } },
{ "type": "Feature", "properties": { "vehicle_id": "A1219", "latitude": 42.716106414794922, "longitude": 23.221521377563477, "raw_occupancy": 4, "timestamp": "2026-09-15 16:45:26" }, "geometry": { "type": "Point", "coordinates": [ 23.221521377563477, 42.716106414794922 ] } },
{ "type": "Feature", "properties": { "vehicle_id": "A2006", "latitude": 42.704765319824219, "longitude": 23.32305908203125, "raw_occupancy": 1, "timestamp": "2026-09-15 16:45:26" }, "geometry": { "type": "Point", "coordinates": [ 23.32305908203125, 42.704765319824219 ] } },
{ "type": "Feature", "properties": { "vehicle_id": "A7081", "latitude": 42.707393646240234, "longitude": 23.332090377807617, "raw_occupancy": 1, "timestamp": "2026-09-15 16:45:26" }, "geometry": { "type": "Point", "coordinates": [ 23.332090377807617, 42.707393646240234 ] } },
{ "type": "Feature", "properties": { "vehicle_id": "A3662", "latitude": 42.654861450195312, "longitude": 23.336193084716797, "raw_occupancy": 3, "timestamp": "2026-09-15 16:45:26" }, "geometry": { "type": "Point", "coordinates": [ 23.336193084716797, 42.654861450195312 ] } },
{ "type": "Feature", "properties": { "vehicle_id": "A1857", "latitude": 42.660083770751953, "longitude": 23.243305206298828, "raw_occupancy": 1, "timestamp": "2026-09-15 16:45:26" }, "geometry": { "type": "Point", "coordinates": [ 23.243305206298828, 42.660083770751953 ] } },
{ "type": "Feature", "properties": { "vehicle_id": "A2505", "latitude": 42.686782836914062, "longitude": 23.300426483154297, "raw_occupancy": 2, "timestamp": "2026-09-15 16:45:26" }, "geometry": { "type": "Point", "coordinates": [ 23.300426483154297, 42.686782836914062 ] } },
{ "type": "Feature", "properties": { "vehicle_id": "A1036", "latitude": 42.656688690185547, "longitude": 23.316926956176758, "raw_occupancy": 3, "timestamp": "2026-09-15 16:45:26" }, "geometry": { "type": "Point", "coordinates": [ 23.316926956176758, 42.656688690185547 ] } },
{ "type": "Feature", "properties": { "vehicle_id": "A7093", "latitude": 42.742946624755859, "longitude": 23.270917892456055, "raw_occupancy": 3, "timestamp": "2026-09-15 16:45:26" }, "geometry": { "type": "Point", "coordinates": [ 23.270917892456055, 42.742946624755859 ] } },
{ "type": "Feature", "properties": { "vehicle_id": "A1208", "latitude": 42.627120971679688, "longitude": 23.372886657714844, "raw_occupancy": 2, "timestamp": "2026-09-15 16:45:26" }, "geometry": { "type": "Point", "coordinates": [ 23.372886657714844, 42.627120971679688 ] } },
{ "type": "Feature", "properties": { "vehicle_id": "A2315", "latitude": 42.653652191162109, "longitude": 23.346584320068359, "raw_occupancy": 2, "timestamp": "2026-09-15 16:45:26" }, "geometry": { "type": "Point", "coordinates": [ 23.346584320068359, 42.653652191162109 ] } },
{ "type": "Feature", "properties": { "vehicle_id": "A2085", "latitude": 42.657085418701172, "longitude": 23.315933227539062, "raw_occupancy": 3, "timestamp": "2026-09-15 16:45:26" }, "geometry": { "type": "Point", "coordinates": [ 23.315933227539062, 42.657085418701172 ] } },
{ "type": "Feature", "properties": { "vehicle_id": "A1160", "latitude": 42.687252044677734, "longitude": 23.270801544189453, "raw_occupancy": 2, "timestamp": "2026-09-15 16:45:26" }, "geometry": { "type": "Point", "coordinates": [ 23.270801544189453, 42.687252044677734 ] } },
{ "type": "Feature", "properties": { "vehicle_id": "A2516", "latitude": 42.640132904052734, "longitude": 23.311910629272461, "raw_occupancy": 2, "timestamp": "2026-09-15 16:45:26" }, "geometry": { "type": "Point", "coordinates": [ 23.311910629272461, 42.640132904052734 ] } },
{ "type": "Feature", "properties": { "vehicle_id": "A3103", "latitude": 42.683761596679688, "longitude": 23.322017669677734, "raw_occupancy": 0, "timestamp": "2026-09-15 16:45:26" }, "geometry": { "type": "Point", "coordinates": [ 23.322017669677734, 42.683761596679688 ] } },
{ "type": "Feature", "properties": { "vehicle_id": "A2062", "latitude": 42.691444396972656, "longitude": 23.340194702148438, "raw_occupancy": 5, "timestamp": "2026-09-15 16:45:26" }, "geometry": { "type": "Point", "coordinates": [ 23.340194702148438, 42.691444396972656 ] } },
{ "type": "Feature", "properties": { "vehicle_id": "A3700", "latitude": 42.708396911621094, "longitude": 23.383798599243164, "raw_occupancy": 0, "timestamp": "2026-09-15 16:45:26" }, "geometry": { "type": "Point", "coordinates": [ 23.383798599243164, 42.708396911621094 ] } },
{ "type": "Feature", "properties": { "vehicle_id": "A1150", "latitude": 42.693592071533203, "longitude": 23.282073974609375, "raw_occupancy": 2, "timestamp": "2026-09-15 16:45:26" }, "geometry": { "type": "Point", "coordinates": [ 23.282073974609375, 42.693592071533203 ] } },
{ "type": "Feature", "properties": { "vehicle_id": "A1861", "latitude": 42.705917358398438, "longitude": 23.151832580566406, "raw_occupancy": 1, "timestamp": "2026-09-15 16:45:26" }, "geometry": { "type": "Point", "coordinates": [ 23.151832580566406, 42.705917358398438 ] } },
{ "type": "Feature", "properties": { "vehicle_id": "A2041", "latitude": 42.712890625, "longitude": 23.247591018676758, "raw_occupancy": 1, "timestamp": "2026-09-15 16:45:26" }, "geometry": { "type": "Point", "coordinates": [ 23.247591018676758, 42.712890625 ] } },
{ "type": "Feature", "properties": { "vehicle_id": "A1015", "latitude": 42.656734466552734, "longitude": 23.326932907104492, "raw_occupancy": 3, "timestamp": "2026-09-15 16:45:26" }, "geometry": { "type": "Point", "coordinates": [ 23.326932907104492, 42.656734466552734 ] } },
{ "type": "Feature", "properties": { "vehicle_id": "A2061", "latitude": 42.728683471679688, "longitude": 23.258489608764648, "raw_occupancy": 1, "timestamp": "2026-09-15 16:45:26" }, "geometry": { "type": "Point", "coordinates": [ 23.258489608764648, 42.728683471679688 ] } },
{ "type": "Feature", "properties": { "vehicle_id": "A1187", "latitude": 42.695693969726562, "longitude": 23.285835266113281, "raw_occupancy": 3, "timestamp": "2026-09-15 16:45:26" }, "geometry": { "type": "Point", "coordinates": [ 23.285835266113281, 42.695693969726562 ] } },
{ "type": "Feature", "properties": { "vehicle_id": "A3158", "latitude": 42.66571044921875, "longitude": 23.286689758300781, "raw_occupancy": 1, "timestamp": "2026-09-15 16:45:26" }, "geometry": { "type": "Point", "coordinates": [ 23.286689758300781, 42.66571044921875 ] } },
{ "type": "Feature", "properties": { "vehicle_id": "A3107", "latitude": 42.632675170898438, "longitude": 23.380264282226562, "raw_occupancy": 1, "timestamp": "2026-09-15 16:45:26" }, "geometry": { "type": "Point", "coordinates": [ 23.380264282226562, 42.632675170898438 ] } },
{ "type": "Feature", "properties": { "vehicle_id": "A1805", "latitude": 42.646629333496094, "longitude": 23.376142501831055, "raw_occupancy": 3, "timestamp": "2026-09-15 16:45:26" }, "geometry": { "type": "Point", "coordinates": [ 23.376142501831055, 42.646629333496094 ] } },
{ "type": "Feature", "properties": { "vehicle_id": "A1618", "latitude": 42.692726135253906, "longitude": 23.280824661254883, "raw_occupancy": 3, "timestamp": "2026-09-15 16:45:26" }, "geometry": { "type": "Point", "coordinates": [ 23.280824661254883, 42.692726135253906 ] } },
{ "type": "Feature", "properties": { "vehicle_id": "A2519", "latitude": 42.689407348632812, "longitude": 23.364374160766602, "raw_occupancy": 2, "timestamp": "2026-09-15 16:45:26" }, "geometry": { "type": "Point", "coordinates": [ 23.364374160766602, 42.689407348632812 ] } },
{ "type": "Feature", "properties": { "vehicle_id": "A1833", "latitude": 42.725563049316406, "longitude": 23.264301300048828, "raw_occupancy": 1, "timestamp": "2026-09-15 16:45:26" }, "geometry": { "type": "Point", "coordinates": [ 23.264301300048828, 42.725563049316406 ] } },
{ "type": "Feature", "properties": { "vehicle_id": "A1127", "latitude": 42.752849578857422, "longitude": 23.215488433837891, "raw_occupancy": 2, "timestamp": "2026-09-15 16:45:26" }, "geometry": { "type": "Point", "coordinates": [ 23.215488433837891, 42.752849578857422 ] } },
{ "type": "Feature", "properties": { "vehicle_id": "A3154", "latitude": 42.671680450439453, "longitude": 23.283638000488281, "raw_occupancy": 1, "timestamp": "2026-09-15 16:45:26" }, "geometry": { "type": "Point", "coordinates": [ 23.283638000488281, 42.671680450439453 ] } },
{ "type": "Feature", "properties": { "vehicle_id": "A1314", "latitude": 42.666706085205078, "longitude": 23.27586555480957, "raw_occupancy": 1, "timestamp": "2026-09-15 16:45:26" }, "geometry": { "type": "Point", "coordinates": [ 23.27586555480957, 42.666706085205078 ] } },
{ "type": "Feature", "properties": { "vehicle_id": "A2727", "latitude": 42.791526794433594, "longitude": 23.310277938842773, "raw_occupancy": 1, "timestamp": "2026-09-15 16:45:26" }, "geometry": { "type": "Point", "coordinates": [ 23.310277938842773, 42.791526794433594 ] } },
{ "type": "Feature", "properties": { "vehicle_id": "A3142", "latitude": 42.660003662109375, "longitude": 23.348957061767578, "raw_occupancy": 3, "timestamp": "2026-09-15 16:45:26" }, "geometry": { "type": "Point", "coordinates": [ 23.348957061767578, 42.660003662109375 ] } },
{ "type": "Feature", "properties": { "vehicle_id": "A1176", "latitude": 42.698371887207031, "longitude": 23.314243316650391, "raw_occupancy": 0, "timestamp": "2026-09-15 16:45:26" }, "geometry": { "type": "Point", "coordinates": [ 23.314243316650391, 42.698371887207031 ] } },
{ "type": "Feature", "properties": { "vehicle_id": "A1318", "latitude": 42.635631561279297, "longitude": 23.225418090820312, "raw_occupancy": 0, "timestamp": "2026-09-15 16:45:26" }, "geometry": { "type": "Point", "coordinates": [ 23.225418090820312, 42.635631561279297 ] } },
{ "type": "Feature", "properties": { "vehicle_id": "A3616", "latitude": 42.690868377685547, "longitude": 23.338891983032227, "raw_occupancy": 5, "timestamp": "2026-09-15 16:45:26" }, "geometry": { "type": "Point", "coordinates": [ 23.338891983032227, 42.690868377685547 ] } },
{ "type": "Feature", "properties": { "vehicle_id": "A7087", "latitude": 42.815101623535156, "longitude": 23.279830932617188, "raw_occupancy": 1, "timestamp": "2026-09-15 16:45:26" }, "geometry": { "type": "Point", "coordinates": [ 23.279830932617188, 42.815101623535156 ] } },
{ "type": "Feature", "properties": { "vehicle_id": "A2009", "latitude": 42.645469665527344, "longitude": 23.345251083374023, "raw_occupancy": 0, "timestamp": "2026-09-15 16:45:26" }, "geometry": { "type": "Point", "coordinates": [ 23.345251083374023, 42.645469665527344 ] } },
{ "type": "Feature", "properties": { "vehicle_id": "A1402", "latitude": 42.716197967529297, "longitude": 23.237392425537109, "raw_occupancy": 1, "timestamp": "2026-09-15 16:45:26" }, "geometry": { "type": "Point", "coordinates": [ 23.237392425537109, 42.716197967529297 ] } },
{ "type": "Feature", "properties": { "vehicle_id": "A1605", "latitude": 42.688568115234375, "longitude": 23.276529312133789, "raw_occupancy": 2, "timestamp": "2026-09-15 16:45:26" }, "geometry": { "type": "Point", "coordinates": [ 23.276529312133789, 42.688568115234375 ] } },
{ "type": "Feature", "properties": { "vehicle_id": "A2064", "latitude": 42.746658325195312, "longitude": 23.27989387512207, "raw_occupancy": 0, "timestamp": "2026-09-15 16:45:26" }, "geometry": { "type": "Point", "coordinates": [ 23.27989387512207, 42.746658325195312 ] } },
{ "type": "Feature", "properties": { "vehicle_id": "A2067", "latitude": 42.748279571533203, "longitude": 23.276416778564453, "raw_occupancy": 1, "timestamp": "2026-09-15 16:45:26" }, "geometry": { "type": "Point", "coordinates": [ 23.276416778564453, 42.748279571533203 ] } },
{ "type": "Feature", "properties": { "vehicle_id": "A3115", "latitude": 42.640583038330078, "longitude": 23.412445068359375, "raw_occupancy": 0, "timestamp": "2026-09-15 16:45:26" }, "geometry": { "type": "Point", "coordinates": [ 23.412445068359375, 42.640583038330078 ] } },
{ "type": "Feature", "properties": { "vehicle_id": "A3600", "latitude": 42.671173095703125, "longitude": 23.396265029907227, "raw_occupancy": 1, "timestamp": "2026-09-15 16:45:26" }, "geometry": { "type": "Point", "coordinates": [ 23.396265029907227, 42.671173095703125 ] } },
{ "type": "Feature", "properties": { "vehicle_id": "A3654", "latitude": 42.672069549560547, "longitude": 23.350017547607422, "raw_occupancy": 1, "timestamp": "2026-09-15 16:45:26" }, "geometry": { "type": "Point", "coordinates": [ 23.350017547607422, 42.672069549560547 ] } },
{ "type": "Feature", "properties": { "vehicle_id": "A3126", "latitude": 42.625331878662109, "longitude": 23.373611450195312, "raw_occupancy": 0, "timestamp": "2026-09-15 16:45:26" }, "geometry": { "type": "Point", "coordinates": [ 23.373611450195312, 42.625331878662109 ] } },
{ "type": "Feature", "properties": { "vehicle_id": "A7145", "latitude": 42.756473541259766, "longitude": 23.559791564941406, "raw_occupancy": 1, "timestamp": "2026-09-15 16:45:26" }, "geometry": { "type": "Point", "coordinates": [ 23.559791564941406, 42.756473541259766 ] } },
{ "type": "Feature", "properties": { "vehicle_id": "A2605", "latitude": 42.656646728515625, "longitude": 23.317098617553711, "raw_occupancy": 0, "timestamp": "2026-09-15 16:45:26" }, "geometry": { "type": "Point", "coordinates": [ 23.317098617553711, 42.656646728515625 ] } },
{ "type": "Feature", "properties": { "vehicle_id": "A1408", "latitude": 42.642551422119141, "longitude": 23.289188385009766, "raw_occupancy": 1, "timestamp": "2026-09-15 16:45:26" }, "geometry": { "type": "Point", "coordinates": [ 23.289188385009766, 42.642551422119141 ] } },
{ "type": "Feature", "properties": { "vehicle_id": "A3101", "latitude": 42.653244018554688, "longitude": 23.38037109375, "raw_occupancy": 2, "timestamp": "2026-09-15 16:45:26" }, "geometry": { "type": "Point", "coordinates": [ 23.38037109375, 42.653244018554688 ] } },
{ "type": "Feature", "properties": { "vehicle_id": "A1153", "latitude": 42.732799530029297, "longitude": 23.297016143798828, "raw_occupancy": 2, "timestamp": "2026-09-15 16:45:26" }, "geometry": { "type": "Point", "coordinates": [ 23.297016143798828, 42.732799530029297 ] } },
{ "type": "Feature", "properties": { "vehicle_id": "A2043", "latitude": 42.727005004882812, "longitude": 23.289739608764648, "raw_occupancy": 1, "timestamp": "2026-09-15 16:45:26" }, "geometry": { "type": "Point", "coordinates": [ 23.289739608764648, 42.727005004882812 ] } },
{ "type": "Feature", "properties": { "vehicle_id": "A7101", "latitude": 42.706153869628906, "longitude": 23.180936813354492, "raw_occupancy": 1, "timestamp": "2026-09-15 16:45:26" }, "geometry": { "type": "Point", "coordinates": [ 23.180936813354492, 42.706153869628906 ] } },
{ "type": "Feature", "properties": { "vehicle_id": "A3661", "latitude": 42.592269897460938, "longitude": 23.366308212280273, "raw_occupancy": 1, "timestamp": "2026-09-15 16:45:26" }, "geometry": { "type": "Point", "coordinates": [ 23.366308212280273, 42.592269897460938 ] } },
{ "type": "Feature", "properties": { "vehicle_id": "A1619", "latitude": 42.702342987060547, "longitude": 23.297817230224609, "raw_occupancy": 2, "timestamp": "2026-09-15 16:45:26" }, "geometry": { "type": "Point", "coordinates": [ 23.297817230224609, 42.702342987060547 ] } },
{ "type": "Feature", "properties": { "vehicle_id": "A1410", "latitude": 42.63970947265625, "longitude": 23.311887741088867, "raw_occupancy": 2, "timestamp": "2026-09-15 16:45:26" }, "geometry": { "type": "Point", "coordinates": [ 23.311887741088867, 42.63970947265625 ] } },
{ "type": "Feature", "properties": { "vehicle_id": "A2078", "latitude": 42.676631927490234, "longitude": 23.370223999023438, "raw_occupancy": 1, "timestamp": "2026-09-15 16:45:26" }, "geometry": { "type": "Point", "coordinates": [ 23.370223999023438, 42.676631927490234 ] } },
{ "type": "Feature", "properties": { "vehicle_id": "A1214", "latitude": 42.623058319091797, "longitude": 23.373502731323242, "raw_occupancy": 2, "timestamp": "2026-09-15 16:45:26" }, "geometry": { "type": "Point", "coordinates": [ 23.373502731323242, 42.623058319091797 ] } },
{ "type": "Feature", "properties": { "vehicle_id": "A2026", "latitude": 42.712493896484375, "longitude": 23.411991119384766, "raw_occupancy": 0, "timestamp": "2026-09-15 16:45:26" }, "geometry": { "type": "Point", "coordinates": [ 23.411991119384766, 42.712493896484375 ] } },
{ "type": "Feature", "properties": { "vehicle_id": "A3116", "latitude": 42.64154052734375, "longitude": 23.334699630737305, "raw_occupancy": 1, "timestamp": "2026-09-15 16:45:26" }, "geometry": { "type": "Point", "coordinates": [ 23.334699630737305, 42.64154052734375 ] } },
{ "type": "Feature", "properties": { "vehicle_id": "A2014", "latitude": 42.71099853515625, "longitude": 23.319814682006836, "raw_occupancy": 1, "timestamp": "2026-09-15 16:45:26" }, "geometry": { "type": "Point", "coordinates": [ 23.319814682006836, 42.71099853515625 ] } },
{ "type": "Feature", "properties": { "vehicle_id": "A3605", "latitude": 42.615447998046875, "longitude": 23.459182739257812, "raw_occupancy": 1, "timestamp": "2026-09-15 16:45:26" }, "geometry": { "type": "Point", "coordinates": [ 23.459182739257812, 42.615447998046875 ] } },
{ "type": "Feature", "properties": { "vehicle_id": "A2317", "latitude": 42.665309906005859, "longitude": 23.362321853637695, "raw_occupancy": 1, "timestamp": "2026-09-15 16:45:26" }, "geometry": { "type": "Point", "coordinates": [ 23.362321853637695, 42.665309906005859 ] } },
{ "type": "Feature", "properties": { "vehicle_id": "A1216", "latitude": 42.771205902099609, "longitude": 23.241561889648438, "raw_occupancy": 1, "timestamp": "2026-09-15 16:45:26" }, "geometry": { "type": "Point", "coordinates": [ 23.241561889648438, 42.771205902099609 ] } },
{ "type": "Feature", "properties": { "vehicle_id": "A1180", "latitude": 42.679061889648438, "longitude": 23.30267333984375, "raw_occupancy": 2, "timestamp": "2026-09-15 16:45:26" }, "geometry": { "type": "Point", "coordinates": [ 23.30267333984375, 42.679061889648438 ] } },
{ "type": "Feature", "properties": { "vehicle_id": "A1125", "latitude": 42.727348327636719, "longitude": 23.260892868041992, "raw_occupancy": 3, "timestamp": "2026-09-15 16:45:26" }, "geometry": { "type": "Point", "coordinates": [ 23.260892868041992, 42.727348327636719 ] } },
{ "type": "Feature", "properties": { "vehicle_id": "A3144", "latitude": 42.687221527099609, "longitude": 23.342361450195312, "raw_occupancy": 3, "timestamp": "2026-09-15 16:45:26" }, "geometry": { "type": "Point", "coordinates": [ 23.342361450195312, 42.687221527099609 ] } },
{ "type": "Feature", "properties": { "vehicle_id": "A1859", "latitude": 42.669292449951172, "longitude": 23.254587173461914, "raw_occupancy": 3, "timestamp": "2026-09-15 16:45:26" }, "geometry": { "type": "Point", "coordinates": [ 23.254587173461914, 42.669292449951172 ] } },
{ "type": "Feature", "properties": { "vehicle_id": "A1165", "latitude": 42.729793548583984, "longitude": 23.282953262329102, "raw_occupancy": 3, "timestamp": "2026-09-15 16:45:26" }, "geometry": { "type": "Point", "coordinates": [ 23.282953262329102, 42.729793548583984 ] } },
{ "type": "Feature", "properties": { "vehicle_id": "A3017", "latitude": 42.683689117431641, "longitude": 23.37623405456543, "raw_occupancy": 1, "timestamp": "2026-09-15 16:45:26" }, "geometry": { "type": "Point", "coordinates": [ 23.37623405456543, 42.683689117431641 ] } },
{ "type": "Feature", "properties": { "vehicle_id": "A2302", "latitude": 42.669464111328125, "longitude": 23.368829727172852, "raw_occupancy": 2, "timestamp": "2026-09-15 16:45:26" }, "geometry": { "type": "Point", "coordinates": [ 23.368829727172852, 42.669464111328125 ] } },
{ "type": "Feature", "properties": { "vehicle_id": "A3669", "latitude": 42.682003021240234, "longitude": 23.349763870239258, "raw_occupancy": 3, "timestamp": "2026-09-15 16:45:26" }, "geometry": { "type": "Point", "coordinates": [ 23.349763870239258, 42.682003021240234 ] } },
{ "type": "Feature", "properties": { "vehicle_id": "A3157", "latitude": 42.645072937011719, "longitude": 23.367416381835938, "raw_occupancy": 1, "timestamp": "2026-09-15 16:45:26" }, "geometry": { "type": "Point", "coordinates": [ 23.367416381835938, 42.645072937011719 ] } },
{ "type": "Feature", "properties": { "vehicle_id": "A2040", "latitude": 42.667549133300781, "longitude": 23.32550048828125, "raw_occupancy": 1, "timestamp": "2026-09-15 16:45:26" }, "geometry": { "type": "Point", "coordinates": [ 23.32550048828125, 42.667549133300781 ] } },
{ "type": "Feature", "properties": { "vehicle_id": "A3018", "latitude": 42.691791534423828, "longitude": 23.341381072998047, "raw_occupancy": 0, "timestamp": "2026-09-15 16:45:26" }, "geometry": { "type": "Point", "coordinates": [ 23.341381072998047, 42.691791534423828 ] } },
{ "type": "Feature", "properties": { "vehicle_id": "A3156", "latitude": 42.672435760498047, "longitude": 23.293918609619141, "raw_occupancy": 2, "timestamp": "2026-09-15 16:45:26" }, "geometry": { "type": "Point", "coordinates": [ 23.293918609619141, 42.672435760498047 ] } },
{ "type": "Feature", "properties": { "vehicle_id": "A1405", "latitude": 42.649112701416016, "longitude": 23.273956298828125, "raw_occupancy": 3, "timestamp": "2026-09-15 16:45:26" }, "geometry": { "type": "Point", "coordinates": [ 23.273956298828125, 42.649112701416016 ] } },
{ "type": "Feature", "properties": { "vehicle_id": "A1610", "latitude": 42.671104431152344, "longitude": 23.252368927001953, "raw_occupancy": 1, "timestamp": "2026-09-15 16:45:26" }, "geometry": { "type": "Point", "coordinates": [ 23.252368927001953, 42.671104431152344 ] } },
{ "type": "Feature", "properties": { "vehicle_id": "A2054", "latitude": 42.683753967285156, "longitude": 23.314701080322266, "raw_occupancy": 2, "timestamp": "2026-09-15 16:45:26" }, "geometry": { "type": "Point", "coordinates": [ 23.314701080322266, 42.683753967285156 ] } },
{ "type": "Feature", "properties": { "vehicle_id": "A7133", "latitude": 42.754947662353516, "longitude": 23.31974983215332, "raw_occupancy": 4, "timestamp": "2026-09-15 16:45:26" }, "geometry": { "type": "Point", "coordinates": [ 23.31974983215332, 42.754947662353516 ] } },
{ "type": "Feature", "properties": { "vehicle_id": "A1183", "latitude": 42.686710357666016, "longitude": 23.27345085144043, "raw_occupancy": 1, "timestamp": "2026-09-15 16:45:26" }, "geometry": { "type": "Point", "coordinates": [ 23.27345085144043, 42.686710357666016 ] } },
{ "type": "Feature", "properties": { "vehicle_id": "A3114", "latitude": 42.649223327636719, "longitude": 23.416257858276367, "raw_occupancy": 0, "timestamp": "2026-09-15 16:45:26" }, "geometry": { "type": "Point", "coordinates": [ 23.416257858276367, 42.649223327636719 ] } },
{ "type": "Feature", "properties": { "vehicle_id": "A7163", "latitude": 42.785976409912109, "longitude": 23.519372940063477, "raw_occupancy": 1, "timestamp": "2026-09-15 16:45:26" }, "geometry": { "type": "Point", "coordinates": [ 23.519372940063477, 42.785976409912109 ] } },
{ "type": "Feature", "properties": { "vehicle_id": "A7069", "latitude": 42.836414337158203, "longitude": 23.28181266784668, "raw_occupancy": 1, "timestamp": "2026-09-15 16:45:26" }, "geometry": { "type": "Point", "coordinates": [ 23.28181266784668, 42.836414337158203 ] } },
{ "type": "Feature", "properties": { "vehicle_id": "A2312", "latitude": 42.659214019775391, "longitude": 23.348125457763672, "raw_occupancy": 1, "timestamp": "2026-09-15 16:45:26" }, "geometry": { "type": "Point", "coordinates": [ 23.348125457763672, 42.659214019775391 ] } },
{ "type": "Feature", "properties": { "vehicle_id": "A1823", "latitude": 42.731826782226562, "longitude": 23.285541534423828, "raw_occupancy": 2, "timestamp": "2026-09-15 16:45:26" }, "geometry": { "type": "Point", "coordinates": [ 23.285541534423828, 42.731826782226562 ] } },
{ "type": "Feature", "properties": { "vehicle_id": "A3401", "latitude": 42.613571166992188, "longitude": 23.338766098022461, "raw_occupancy": 2, "timestamp": "2026-09-15 16:45:26" }, "geometry": { "type": "Point", "coordinates": [ 23.338766098022461, 42.613571166992188 ] } },
{ "type": "Feature", "properties": { "vehicle_id": "A1426", "latitude": 42.633773803710938, "longitude": 23.331378936767578, "raw_occupancy": 3, "timestamp": "2026-09-15 16:45:26" }, "geometry": { "type": "Point", "coordinates": [ 23.331378936767578, 42.633773803710938 ] } },
{ "type": "Feature", "properties": { "vehicle_id": "A2733", "latitude": 42.755027770996094, "longitude": 23.319307327270508, "raw_occupancy": 2, "timestamp": "2026-09-15 16:45:26" }, "geometry": { "type": "Point", "coordinates": [ 23.319307327270508, 42.755027770996094 ] } },
{ "type": "Feature", "properties": { "vehicle_id": "A1821", "latitude": 42.644432067871094, "longitude": 23.374515533447266, "raw_occupancy": 2, "timestamp": "2026-09-15 16:45:26" }, "geometry": { "type": "Point", "coordinates": [ 23.374515533447266, 42.644432067871094 ] } },
{ "type": "Feature", "properties": { "vehicle_id": "A7141", "latitude": 42.783321380615234, "longitude": 23.394330978393555, "raw_occupancy": 0, "timestamp": "2026-09-15 16:45:26" }, "geometry": { "type": "Point", "coordinates": [ 23.394330978393555, 42.783321380615234 ] } },
{ "type": "Feature", "properties": { "vehicle_id": "A2306", "latitude": 42.665916442871094, "longitude": 23.363162994384766, "raw_occupancy": 1, "timestamp": "2026-09-15 16:45:26" }, "geometry": { "type": "Point", "coordinates": [ 23.363162994384766, 42.665916442871094 ] } },
{ "type": "Feature", "properties": { "vehicle_id": "A7153", "latitude": 42.725452423095703, "longitude": 23.260963439941406, "raw_occupancy": 0, "timestamp": "2026-09-15 16:45:26" }, "geometry": { "type": "Point", "coordinates": [ 23.260963439941406, 42.725452423095703 ] } },
{ "type": "Feature", "properties": { "vehicle_id": "A3613", "latitude": 42.665168762207031, "longitude": 23.421566009521484, "raw_occupancy": 1, "timestamp": "2026-09-15 16:45:26" }, "geometry": { "type": "Point", "coordinates": [ 23.421566009521484, 42.665168762207031 ] } },
{ "type": "Feature", "properties": { "vehicle_id": "A3614", "latitude": 42.64031982421875, "longitude": 23.376810073852539, "raw_occupancy": 3, "timestamp": "2026-09-15 16:45:26" }, "geometry": { "type": "Point", "coordinates": [ 23.376810073852539, 42.64031982421875 ] } },
{ "type": "Feature", "properties": { "vehicle_id": "A7059", "latitude": 42.78033447265625, "longitude": 23.510747909545898, "raw_occupancy": 1, "timestamp": "2026-09-15 16:45:26" }, "geometry": { "type": "Point", "coordinates": [ 23.510747909545898, 42.78033447265625 ] } },
{ "type": "Feature", "properties": { "vehicle_id": "A7089", "latitude": 42.759742736816406, "longitude": 23.316045761108398, "raw_occupancy": 1, "timestamp": "2026-09-15 16:45:26" }, "geometry": { "type": "Point", "coordinates": [ 23.316045761108398, 42.759742736816406 ] } },
{ "type": "Feature", "properties": { "vehicle_id": "A2819", "latitude": 42.704673767089844, "longitude": 23.324041366577148, "raw_occupancy": 1, "timestamp": "2026-09-15 16:45:26" }, "geometry": { "type": "Point", "coordinates": [ 23.324041366577148, 42.704673767089844 ] } },
{ "type": "Feature", "properties": { "vehicle_id": "A1230", "latitude": 42.69683837890625, "longitude": 23.121734619140625, "raw_occupancy": 0, "timestamp": "2026-09-15 16:45:26" }, "geometry": { "type": "Point", "coordinates": [ 23.121734619140625, 42.69683837890625 ] } },
{ "type": "Feature", "properties": { "vehicle_id": "A1217", "latitude": 42.708110809326172, "longitude": 23.150821685791016, "raw_occupancy": 1, "timestamp": "2026-09-15 16:45:26" }, "geometry": { "type": "Point", "coordinates": [ 23.150821685791016, 42.708110809326172 ] } },
{ "type": "Feature", "properties": { "vehicle_id": "A2318", "latitude": 42.651908874511719, "longitude": 23.348443984985352, "raw_occupancy": 1, "timestamp": "2026-09-15 16:45:26" }, "geometry": { "type": "Point", "coordinates": [ 23.348443984985352, 42.651908874511719 ] } },
{ "type": "Feature", "properties": { "vehicle_id": "A2507", "latitude": 42.676750183105469, "longitude": 23.359861373901367, "raw_occupancy": 1, "timestamp": "2026-09-15 16:45:26" }, "geometry": { "type": "Point", "coordinates": [ 23.359861373901367, 42.676750183105469 ] } },
{ "type": "Feature", "properties": { "vehicle_id": "A7155", "latitude": 42.709068298339844, "longitude": 23.43098258972168, "raw_occupancy": 3, "timestamp": "2026-09-15 16:45:26" }, "geometry": { "type": "Point", "coordinates": [ 23.43098258972168, 42.709068298339844 ] } },
{ "type": "Feature", "properties": { "vehicle_id": "A1803", "latitude": 42.645744323730469, "longitude": 23.206413269042969, "raw_occupancy": 1, "timestamp": "2026-09-15 16:45:26" }, "geometry": { "type": "Point", "coordinates": [ 23.206413269042969, 42.645744323730469 ] } },
{ "type": "Feature", "properties": { "vehicle_id": "A2309", "latitude": 42.676033020019531, "longitude": 23.357885360717773, "raw_occupancy": 2, "timestamp": "2026-09-15 16:45:26" }, "geometry": { "type": "Point", "coordinates": [ 23.357885360717773, 42.676033020019531 ] } },
{ "type": "Feature", "properties": { "vehicle_id": "A3119", "latitude": 42.668766021728516, "longitude": 23.352605819702148, "raw_occupancy": 0, "timestamp": "2026-09-15 16:45:26" }, "geometry": { "type": "Point", "coordinates": [ 23.352605819702148, 42.668766021728516 ] } },
{ "type": "Feature", "properties": { "vehicle_id": "A1409", "latitude": 42.685234069824219, "longitude": 23.296680450439453, "raw_occupancy": 1, "timestamp": "2026-09-15 16:45:26" }, "geometry": { "type": "Point", "coordinates": [ 23.296680450439453, 42.685234069824219 ] } },
{ "type": "Feature", "properties": { "vehicle_id": "A1025", "latitude": 42.665451049804688, "longitude": 23.265975952148438, "raw_occupancy": 2, "timestamp": "2026-09-15 16:45:26" }, "geometry": { "type": "Point", "coordinates": [ 23.265975952148438, 42.665451049804688 ] } },
{ "type": "Feature", "properties": { "vehicle_id": "A7103", "latitude": 42.707065582275391, "longitude": 23.339841842651367, "raw_occupancy": 3, "timestamp": "2026-09-15 16:45:26" }, "geometry": { "type": "Point", "coordinates": [ 23.339841842651367, 42.707065582275391 ] } },
{ "type": "Feature", "properties": { "vehicle_id": "A1831", "latitude": 42.692897796630859, "longitude": 23.230264663696289, "raw_occupancy": 2, "timestamp": "2026-09-15 16:45:26" }, "geometry": { "type": "Point", "coordinates": [ 23.230264663696289, 42.692897796630859 ] } },
{ "type": "Feature", "properties": { "vehicle_id": "A3015", "latitude": 42.696086883544922, "longitude": 23.347692489624023, "raw_occupancy": 1, "timestamp": "2026-09-15 16:45:26" }, "geometry": { "type": "Point", "coordinates": [ 23.347692489624023, 42.696086883544922 ] } },
{ "type": "Feature", "properties": { "vehicle_id": "A3128", "latitude": 42.671840667724609, "longitude": 23.35047721862793, "raw_occupancy": 1, "timestamp": "2026-09-15 16:45:26" }, "geometry": { "type": "Point", "coordinates": [ 23.35047721862793, 42.671840667724609 ] } },
{ "type": "Feature", "properties": { "vehicle_id": "A7175", "latitude": 42.709873199462891, "longitude": 23.313922882080078, "raw_occupancy": 2, "timestamp": "2026-09-15 16:45:26" }, "geometry": { "type": "Point", "coordinates": [ 23.313922882080078, 42.709873199462891 ] } },
{ "type": "Feature", "properties": { "vehicle_id": "A1211", "latitude": 42.701290130615234, "longitude": 23.277605056762695, "raw_occupancy": 3, "timestamp": "2026-09-15 16:45:26" }, "geometry": { "type": "Point", "coordinates": [ 23.277605056762695, 42.701290130615234 ] } },
{ "type": "Feature", "properties": { "vehicle_id": "A7099", "latitude": 42.735954284667969, "longitude": 23.317541122436523, "raw_occupancy": 2, "timestamp": "2026-09-15 16:45:26" }, "geometry": { "type": "Point", "coordinates": [ 23.317541122436523, 42.735954284667969 ] } },
{ "type": "Feature", "properties": { "vehicle_id": "A3016", "latitude": 42.680156707763672, "longitude": 23.376596450805664, "raw_occupancy": 1, "timestamp": "2026-09-15 16:45:26" }, "geometry": { "type": "Point", "coordinates": [ 23.376596450805664, 42.680156707763672 ] } },
{ "type": "Feature", "properties": { "vehicle_id": "A2161", "latitude": 42.692176818847656, "longitude": 23.382326126098633, "raw_occupancy": 1, "timestamp": "2026-09-15 16:45:26" }, "geometry": { "type": "Point", "coordinates": [ 23.382326126098633, 42.692176818847656 ] } },
{ "type": "Feature", "properties": { "vehicle_id": "A1169", "latitude": 42.695758819580078, "longitude": 23.287809371948242, "raw_occupancy": 2, "timestamp": "2026-09-15 16:45:26" }, "geometry": { "type": "Point", "coordinates": [ 23.287809371948242, 42.695758819580078 ] } },
{ "type": "Feature", "properties": { "vehicle_id": "A3120", "latitude": 42.638847351074219, "longitude": 23.391695022583008, "raw_occupancy": 1, "timestamp": "2026-09-15 16:45:26" }, "geometry": { "type": "Point", "coordinates": [ 23.391695022583008, 42.638847351074219 ] } },
{ "type": "Feature", "properties": { "vehicle_id": "A2044", "latitude": 42.702701568603516, "longitude": 23.361968994140625, "raw_occupancy": 1, "timestamp": "2026-09-15 16:45:26" }, "geometry": { "type": "Point", "coordinates": [ 23.361968994140625, 42.702701568603516 ] } },
{ "type": "Feature", "properties": { "vehicle_id": "A1186", "latitude": 42.678707122802734, "longitude": 23.299961090087891, "raw_occupancy": 1, "timestamp": "2026-09-15 16:45:26" }, "geometry": { "type": "Point", "coordinates": [ 23.299961090087891, 42.678707122802734 ] } },
{ "type": "Feature", "properties": { "vehicle_id": "A7169", "latitude": 42.736396789550781, "longitude": 23.49566650390625, "raw_occupancy": 3, "timestamp": "2026-09-15 16:45:26" }, "geometry": { "type": "Point", "coordinates": [ 23.49566650390625, 42.736396789550781 ] } },
{ "type": "Feature", "properties": { "vehicle_id": "A1849", "latitude": 42.73114013671875, "longitude": 23.314174652099609, "raw_occupancy": 2, "timestamp": "2026-09-15 16:45:26" }, "geometry": { "type": "Point", "coordinates": [ 23.314174652099609, 42.73114013671875 ] } },
{ "type": "Feature", "properties": { "vehicle_id": "A2082", "latitude": 42.640357971191406, "longitude": 23.312149047851562, "raw_occupancy": 2, "timestamp": "2026-09-15 16:45:26" }, "geometry": { "type": "Point", "coordinates": [ 23.312149047851562, 42.640357971191406 ] } },
{ "type": "Feature", "properties": { "vehicle_id": "A1413", "latitude": 42.665321350097656, "longitude": 23.260080337524414, "raw_occupancy": 2, "timestamp": "2026-09-15 16:45:26" }, "geometry": { "type": "Point", "coordinates": [ 23.260080337524414, 42.665321350097656 ] } },
{ "type": "Feature", "properties": { "vehicle_id": "A1231", "latitude": 42.714595794677734, "longitude": 23.31071662902832, "raw_occupancy": 2, "timestamp": "2026-09-15 16:45:26" }, "geometry": { "type": "Point", "coordinates": [ 23.31071662902832, 42.714595794677734 ] } },
{ "type": "Feature", "properties": { "vehicle_id": "A2313", "latitude": 42.653152465820312, "longitude": 23.359710693359375, "raw_occupancy": 3, "timestamp": "2026-09-15 16:45:26" }, "geometry": { "type": "Point", "coordinates": [ 23.359710693359375, 42.653152465820312 ] } },
{ "type": "Feature", "properties": { "vehicle_id": "A1220", "latitude": 42.696182250976562, "longitude": 23.280895233154297, "raw_occupancy": 1, "timestamp": "2026-09-15 16:45:26" }, "geometry": { "type": "Point", "coordinates": [ 23.280895233154297, 42.696182250976562 ] } },
{ "type": "Feature", "properties": { "vehicle_id": "A1616", "latitude": 42.705718994140625, "longitude": 23.309560775756836, "raw_occupancy": 2, "timestamp": "2026-09-15 16:45:26" }, "geometry": { "type": "Point", "coordinates": [ 23.309560775756836, 42.705718994140625 ] } },
{ "type": "Feature", "properties": { "vehicle_id": "A3650", "latitude": 42.659114837646484, "longitude": 23.348033905029297, "raw_occupancy": 2, "timestamp": "2026-09-15 16:45:26" }, "geometry": { "type": "Point", "coordinates": [ 23.348033905029297, 42.659114837646484 ] } },
{ "type": "Feature", "properties": { "vehicle_id": "A1420", "latitude": 42.645774841308594, "longitude": 23.314281463623047, "raw_occupancy": 3, "timestamp": "2026-09-15 16:45:26" }, "geometry": { "type": "Point", "coordinates": [ 23.314281463623047, 42.645774841308594 ] } },
{ "type": "Feature", "properties": { "vehicle_id": "A3104", "latitude": 42.675228118896484, "longitude": 23.358928680419922, "raw_occupancy": 3, "timestamp": "2026-09-15 16:45:26" }, "geometry": { "type": "Point", "coordinates": [ 23.358928680419922, 42.675228118896484 ] } },
{ "type": "Feature", "properties": { "vehicle_id": "A1310", "latitude": 42.722579956054688, "longitude": 23.197561264038086, "raw_occupancy": 2, "timestamp": "2026-09-15 16:45:26" }, "geometry": { "type": "Point", "coordinates": [ 23.197561264038086, 42.722579956054688 ] } },
{ "type": "Feature", "properties": { "vehicle_id": "A2037", "latitude": 42.653724670410156, "longitude": 23.344306945800781, "raw_occupancy": 1, "timestamp": "2026-09-15 16:45:26" }, "geometry": { "type": "Point", "coordinates": [ 23.344306945800781, 42.653724670410156 ] } },
{ "type": "Feature", "properties": { "vehicle_id": "A3108", "latitude": 42.696544647216797, "longitude": 23.355142593383789, "raw_occupancy": 2, "timestamp": "2026-09-15 16:45:26" }, "geometry": { "type": "Point", "coordinates": [ 23.355142593383789, 42.696544647216797 ] } },
{ "type": "Feature", "properties": { "vehicle_id": "A2053", "latitude": 42.675838470458984, "longitude": 23.358489990234375, "raw_occupancy": 3, "timestamp": "2026-09-15 16:45:26" }, "geometry": { "type": "Point", "coordinates": [ 23.358489990234375, 42.675838470458984 ] } },
{ "type": "Feature", "properties": { "vehicle_id": "A1425", "latitude": 42.642082214355469, "longitude": 23.312667846679688, "raw_occupancy": 0, "timestamp": "2026-09-15 16:45:26" }, "geometry": { "type": "Point", "coordinates": [ 23.312667846679688, 42.642082214355469 ] } },
{ "type": "Feature", "properties": { "vehicle_id": "A3125", "latitude": 42.727016448974609, "longitude": 23.314813613891602, "raw_occupancy": 1, "timestamp": "2026-09-15 16:45:26" }, "geometry": { "type": "Point", "coordinates": [ 23.314813613891602, 42.727016448974609 ] } },
{ "type": "Feature", "properties": { "vehicle_id": "A2057", "latitude": 42.597114562988281, "longitude": 23.407804489135742, "raw_occupancy": 2, "timestamp": "2026-09-15 16:45:26" }, "geometry": { "type": "Point", "coordinates": [ 23.407804489135742, 42.597114562988281 ] } },
{ "type": "Feature", "properties": { "vehicle_id": "A1205", "latitude": 42.654350280761719, "longitude": 23.315662384033203, "raw_occupancy": 3, "timestamp": "2026-09-15 16:45:26" }, "geometry": { "type": "Point", "coordinates": [ 23.315662384033203, 42.654350280761719 ] } },
{ "type": "Feature", "properties": { "vehicle_id": "A7173", "latitude": 42.728046417236328, "longitude": 23.300775527954102, "raw_occupancy": 2, "timestamp": "2026-09-15 16:45:26" }, "geometry": { "type": "Point", "coordinates": [ 23.300775527954102, 42.728046417236328 ] } },
{ "type": "Feature", "properties": { "vehicle_id": "A1179", "latitude": 42.674720764160156, "longitude": 23.333948135375977, "raw_occupancy": 2, "timestamp": "2026-09-15 16:45:26" }, "geometry": { "type": "Point", "coordinates": [ 23.333948135375977, 42.674720764160156 ] } },
{ "type": "Feature", "properties": { "vehicle_id": "A7185", "latitude": 42.726142883300781, "longitude": 23.554098129272461, "raw_occupancy": 0, "timestamp": "2026-09-15 16:45:26" }, "geometry": { "type": "Point", "coordinates": [ 23.554098129272461, 42.726142883300781 ] } },
{ "type": "Feature", "properties": { "vehicle_id": "A7139", "latitude": 42.710105895996094, "longitude": 23.38926887512207, "raw_occupancy": 1, "timestamp": "2026-09-15 16:45:26" }, "geometry": { "type": "Point", "coordinates": [ 23.38926887512207, 42.710105895996094 ] } },
{ "type": "Feature", "properties": { "vehicle_id": "A7053", "latitude": 42.706401824951172, "longitude": 23.470565795898438, "raw_occupancy": 2, "timestamp": "2026-09-15 16:45:26" }, "geometry": { "type": "Point", "coordinates": [ 23.470565795898438, 42.706401824951172 ] } },
{ "type": "Feature", "properties": { "vehicle_id": "A2024", "latitude": 42.646526336669922, "longitude": 23.345399856567383, "raw_occupancy": 0, "timestamp": "2026-09-15 16:45:26" }, "geometry": { "type": "Point", "coordinates": [ 23.345399856567383, 42.646526336669922 ] } },
{ "type": "Feature", "properties": { "vehicle_id": "A3666", "latitude": 42.686500549316406, "longitude": 23.414068222045898, "raw_occupancy": 1, "timestamp": "2026-09-15 16:45:26" }, "geometry": { "type": "Point", "coordinates": [ 23.414068222045898, 42.686500549316406 ] } },
{ "type": "Feature", "properties": { "vehicle_id": "A2304", "latitude": 42.692642211914062, "longitude": 23.335092544555664, "raw_occupancy": 1, "timestamp": "2026-09-15 16:45:26" }, "geometry": { "type": "Point", "coordinates": [ 23.335092544555664, 42.692642211914062 ] } },
{ "type": "Feature", "properties": { "vehicle_id": "A2300", "latitude": 42.706012725830078, "longitude": 23.344854354858398, "raw_occupancy": 2, "timestamp": "2026-09-15 16:45:26" }, "geometry": { "type": "Point", "coordinates": [ 23.344854354858398, 42.706012725830078 ] } },
{ "type": "Feature", "properties": { "vehicle_id": "A1031", "latitude": 42.666542053222656, "longitude": 23.266067504882812, "raw_occupancy": 3, "timestamp": "2026-09-15 16:45:26" }, "geometry": { "type": "Point", "coordinates": [ 23.266067504882812, 42.666542053222656 ] } },
{ "type": "Feature", "properties": { "vehicle_id": "A3141", "latitude": 42.676582336425781, "longitude": 23.297138214111328, "raw_occupancy": 3, "timestamp": "2026-09-15 16:45:26" }, "geometry": { "type": "Point", "coordinates": [ 23.297138214111328, 42.676582336425781 ] } },
{ "type": "Feature", "properties": { "vehicle_id": "A2059", "latitude": 42.699542999267578, "longitude": 23.343101501464844, "raw_occupancy": 2, "timestamp": "2026-09-15 16:45:26" }, "geometry": { "type": "Point", "coordinates": [ 23.343101501464844, 42.699542999267578 ] } },
{ "type": "Feature", "properties": { "vehicle_id": "A7125", "latitude": 42.726955413818359, "longitude": 23.344575881958008, "raw_occupancy": 2, "timestamp": "2026-09-15 16:45:26" }, "geometry": { "type": "Point", "coordinates": [ 23.344575881958008, 42.726955413818359 ] } },
{ "type": "Feature", "properties": { "vehicle_id": "A2307", "latitude": 42.651199340820312, "longitude": 23.358234405517578, "raw_occupancy": 2, "timestamp": "2026-09-15 16:45:26" }, "geometry": { "type": "Point", "coordinates": [ 23.358234405517578, 42.651199340820312 ] } },
{ "type": "Feature", "properties": { "vehicle_id": "A2003", "latitude": 42.718372344970703, "longitude": 23.239870071411133, "raw_occupancy": 1, "timestamp": "2026-09-15 16:45:26" }, "geometry": { "type": "Point", "coordinates": [ 23.239870071411133, 42.718372344970703 ] } },
{ "type": "Feature", "properties": { "vehicle_id": "A3014", "latitude": 42.692668914794922, "longitude": 23.35493278503418, "raw_occupancy": 2, "timestamp": "2026-09-15 16:45:26" }, "geometry": { "type": "Point", "coordinates": [ 23.35493278503418, 42.692668914794922 ] } },
{ "type": "Feature", "properties": { "vehicle_id": "A7063", "latitude": 42.716091156005859, "longitude": 23.21080207824707, "raw_occupancy": 1, "timestamp": "2026-09-15 16:45:26" }, "geometry": { "type": "Point", "coordinates": [ 23.21080207824707, 42.716091156005859 ] } },
{ "type": "Feature", "properties": { "vehicle_id": "A3632", "latitude": 42.669502258300781, "longitude": 23.399532318115234, "raw_occupancy": 3, "timestamp": "2026-09-15 16:45:26" }, "geometry": { "type": "Point", "coordinates": [ 23.399532318115234, 42.669502258300781 ] } },
{ "type": "Feature", "properties": { "vehicle_id": "A2823", "latitude": 42.671421051025391, "longitude": 23.26080322265625, "raw_occupancy": 1, "timestamp": "2026-09-15 16:45:26" }, "geometry": { "type": "Point", "coordinates": [ 23.26080322265625, 42.671421051025391 ] } },
{ "type": "Feature", "properties": { "vehicle_id": "A2811", "latitude": 42.658206939697266, "longitude": 23.204133987426758, "raw_occupancy": 0, "timestamp": "2026-09-15 16:45:26" }, "geometry": { "type": "Point", "coordinates": [ 23.204133987426758, 42.658206939697266 ] } },
{ "type": "Feature", "properties": { "vehicle_id": "A7143", "latitude": 42.712867736816406, "longitude": 23.343912124633789, "raw_occupancy": 2, "timestamp": "2026-09-15 16:45:26" }, "geometry": { "type": "Point", "coordinates": [ 23.343912124633789, 42.712867736816406 ] } },
{ "type": "Feature", "properties": { "vehicle_id": "A2074", "latitude": 42.668224334716797, "longitude": 23.367521286010742, "raw_occupancy": 1, "timestamp": "2026-09-15 16:45:26" }, "geometry": { "type": "Point", "coordinates": [ 23.367521286010742, 42.668224334716797 ] } },
{ "type": "Feature", "properties": { "vehicle_id": "A3617", "latitude": 42.664257049560547, "longitude": 23.410366058349609, "raw_occupancy": 0, "timestamp": "2026-09-15 16:45:26" }, "geometry": { "type": "Point", "coordinates": [ 23.410366058349609, 42.664257049560547 ] } },
{ "type": "Feature", "properties": { "vehicle_id": "A2752", "latitude": 42.651695251464844, "longitude": 23.352972030639648, "raw_occupancy": 1, "timestamp": "2026-09-15 16:45:26" }, "geometry": { "type": "Point", "coordinates": [ 23.352972030639648, 42.651695251464844 ] } },
{ "type": "Feature", "properties": { "vehicle_id": "A1021", "latitude": 42.667678833007812, "longitude": 23.241573333740234, "raw_occupancy": 1, "timestamp": "2026-09-15 16:45:26" }, "geometry": { "type": "Point", "coordinates": [ 23.241573333740234, 42.667678833007812 ] } },
{ "type": "Feature", "properties": { "vehicle_id": "A2069", "latitude": 42.601718902587891, "longitude": 23.483749389648438, "raw_occupancy": 1, "timestamp": "2026-09-15 16:45:26" }, "geometry": { "type": "Point", "coordinates": [ 23.483749389648438, 42.601718902587891 ] } },
{ "type": "Feature", "properties": { "vehicle_id": "A2308", "latitude": 42.662643432617188, "longitude": 23.358171463012695, "raw_occupancy": 2, "timestamp": "2026-09-15 16:45:26" }, "geometry": { "type": "Point", "coordinates": [ 23.358171463012695, 42.662643432617188 ] } },
{ "type": "Feature", "properties": { "vehicle_id": "A7073", "latitude": 42.710422515869141, "longitude": 23.386640548706055, "raw_occupancy": 1, "timestamp": "2026-09-15 16:45:26" }, "geometry": { "type": "Point", "coordinates": [ 23.386640548706055, 42.710422515869141 ] } },
{ "type": "Feature", "properties": { "vehicle_id": "A3655", "latitude": 42.622554779052734, "longitude": 23.332901000976562, "raw_occupancy": 1, "timestamp": "2026-09-15 16:45:26" }, "geometry": { "type": "Point", "coordinates": [ 23.332901000976562, 42.622554779052734 ] } },
{ "type": "Feature", "properties": { "vehicle_id": "A2017", "latitude": 42.705963134765625, "longitude": 23.317571640014648, "raw_occupancy": 1, "timestamp": "2026-09-15 16:45:26" }, "geometry": { "type": "Point", "coordinates": [ 23.317571640014648, 42.705963134765625 ] } },
{ "type": "Feature", "properties": { "vehicle_id": "A3622", "latitude": 42.672767639160156, "longitude": 23.42933464050293, "raw_occupancy": 0, "timestamp": "2026-09-15 16:45:26" }, "geometry": { "type": "Point", "coordinates": [ 23.42933464050293, 42.672767639160156 ] } },
{ "type": "Feature", "properties": { "vehicle_id": "A1839", "latitude": 42.696456909179688, "longitude": 23.280632019042969, "raw_occupancy": 2, "timestamp": "2026-09-15 16:45:26" }, "geometry": { "type": "Point", "coordinates": [ 23.280632019042969, 42.696456909179688 ] } },
{ "type": "Feature", "properties": { "vehicle_id": "A2807", "latitude": 42.716903686523438, "longitude": 23.2867431640625, "raw_occupancy": 3, "timestamp": "2026-09-15 16:45:26" }, "geometry": { "type": "Point", "coordinates": [ 23.2867431640625, 42.716903686523438 ] } },
{ "type": "Feature", "properties": { "vehicle_id": "A2311", "latitude": 42.648616790771484, "longitude": 23.341608047485352, "raw_occupancy": 1, "timestamp": "2026-09-15 16:45:26" }, "geometry": { "type": "Point", "coordinates": [ 23.341608047485352, 42.648616790771484 ] } },
{ "type": "Feature", "properties": { "vehicle_id": "A3133", "latitude": 42.721336364746094, "longitude": 23.310943603515625, "raw_occupancy": 0, "timestamp": "2026-09-15 16:45:26" }, "geometry": { "type": "Point", "coordinates": [ 23.310943603515625, 42.721336364746094 ] } },
{ "type": "Feature", "properties": { "vehicle_id": "A1421", "latitude": 42.659717559814453, "longitude": 23.322349548339844, "raw_occupancy": 0, "timestamp": "2026-09-15 16:45:26" }, "geometry": { "type": "Point", "coordinates": [ 23.322349548339844, 42.659717559814453 ] } },
{ "type": "Feature", "properties": { "vehicle_id": "A1406", "latitude": 42.682968139648438, "longitude": 23.301179885864258, "raw_occupancy": 0, "timestamp": "2026-09-15 16:45:26" }, "geometry": { "type": "Point", "coordinates": [ 23.301179885864258, 42.682968139648438 ] } },
{ "type": "Feature", "properties": { "vehicle_id": "A1184", "latitude": 42.657821655273438, "longitude": 23.340494155883789, "raw_occupancy": 2, "timestamp": "2026-09-15 16:45:26" }, "geometry": { "type": "Point", "coordinates": [ 23.340494155883789, 42.657821655273438 ] } },
{ "type": "Feature", "properties": { "vehicle_id": "A7085", "latitude": 42.712459564208984, "longitude": 23.420001983642578, "raw_occupancy": 2, "timestamp": "2026-09-15 16:45:26" }, "geometry": { "type": "Point", "coordinates": [ 23.420001983642578, 42.712459564208984 ] } },
{ "type": "Feature", "properties": { "vehicle_id": "A2020", "latitude": 42.646995544433594, "longitude": 23.345499038696289, "raw_occupancy": 0, "timestamp": "2026-09-15 16:45:26" }, "geometry": { "type": "Point", "coordinates": [ 23.345499038696289, 42.646995544433594 ] } },
{ "type": "Feature", "properties": { "vehicle_id": "A2728", "latitude": 42.702499389648438, "longitude": 23.352222442626953, "raw_occupancy": 2, "timestamp": "2026-09-15 16:45:26" }, "geometry": { "type": "Point", "coordinates": [ 23.352222442626953, 42.702499389648438 ] } },
{ "type": "Feature", "properties": { "vehicle_id": "A2076", "latitude": 42.622947692871094, "longitude": 23.405220031738281, "raw_occupancy": 1, "timestamp": "2026-09-15 16:45:26" }, "geometry": { "type": "Point", "coordinates": [ 23.405220031738281, 42.622947692871094 ] } },
{ "type": "Feature", "properties": { "vehicle_id": "A3400", "latitude": 42.689651489257812, "longitude": 23.332271575927734, "raw_occupancy": 1, "timestamp": "2026-09-15 16:45:26" }, "geometry": { "type": "Point", "coordinates": [ 23.332271575927734, 42.689651489257812 ] } },
{ "type": "Feature", "properties": { "vehicle_id": "A1037", "latitude": 42.643619537353516, "longitude": 23.334018707275391, "raw_occupancy": 4, "timestamp": "2026-09-15 16:45:26" }, "geometry": { "type": "Point", "coordinates": [ 23.334018707275391, 42.643619537353516 ] } },
{ "type": "Feature", "properties": { "vehicle_id": "A3663", "latitude": 42.688156127929688, "longitude": 23.375204086303711, "raw_occupancy": 4, "timestamp": "2026-09-15 16:45:26" }, "geometry": { "type": "Point", "coordinates": [ 23.375204086303711, 42.688156127929688 ] } },
{ "type": "Feature", "properties": { "vehicle_id": "A1311", "latitude": 42.622821807861328, "longitude": 23.309196472167969, "raw_occupancy": 0, "timestamp": "2026-09-15 16:45:26" }, "geometry": { "type": "Point", "coordinates": [ 23.309196472167969, 42.622821807861328 ] } },
{ "type": "Feature", "properties": { "vehicle_id": "A3651", "latitude": 42.635341644287109, "longitude": 23.401044845581055, "raw_occupancy": 1, "timestamp": "2026-09-15 16:45:26" }, "geometry": { "type": "Point", "coordinates": [ 23.401044845581055, 42.635341644287109 ] } },
{ "type": "Feature", "properties": { "vehicle_id": "A2083", "latitude": 42.721847534179688, "longitude": 23.271129608154297, "raw_occupancy": 2, "timestamp": "2026-09-15 16:45:26" }, "geometry": { "type": "Point", "coordinates": [ 23.271129608154297, 42.721847534179688 ] } },
{ "type": "Feature", "properties": { "vehicle_id": "A3013", "latitude": 42.686492919921875, "longitude": 23.331649780273438, "raw_occupancy": 2, "timestamp": "2026-09-15 16:45:26" }, "geometry": { "type": "Point", "coordinates": [ 23.331649780273438, 42.686492919921875 ] } },
{ "type": "Feature", "properties": { "vehicle_id": "A1170", "latitude": 42.710418701171875, "longitude": 23.293048858642578, "raw_occupancy": 2, "timestamp": "2026-09-15 16:45:26" }, "geometry": { "type": "Point", "coordinates": [ 23.293048858642578, 42.710418701171875 ] } },
{ "type": "Feature", "properties": { "vehicle_id": "A7171", "latitude": 42.740322113037109, "longitude": 23.275962829589844, "raw_occupancy": 2, "timestamp": "2026-09-15 16:45:26" }, "geometry": { "type": "Point", "coordinates": [ 23.275962829589844, 42.740322113037109 ] } },
{ "type": "Feature", "properties": { "vehicle_id": "A7117", "latitude": 42.731124877929688, "longitude": 23.29762077331543, "raw_occupancy": 3, "timestamp": "2026-09-15 16:45:26" }, "geometry": { "type": "Point", "coordinates": [ 23.29762077331543, 42.731124877929688 ] } },
{ "type": "Feature", "properties": { "vehicle_id": "A7151", "latitude": 42.813194274902344, "longitude": 23.351503372192383, "raw_occupancy": 3, "timestamp": "2026-09-15 16:45:26" }, "geometry": { "type": "Point", "coordinates": [ 23.351503372192383, 42.813194274902344 ] } },
{ "type": "Feature", "properties": { "vehicle_id": "A7165", "latitude": 42.713287353515625, "longitude": 23.418331146240234, "raw_occupancy": 1, "timestamp": "2026-09-15 16:45:26" }, "geometry": { "type": "Point", "coordinates": [ 23.418331146240234, 42.713287353515625 ] } },
{ "type": "Feature", "properties": { "vehicle_id": "A2034", "latitude": 42.698333740234375, "longitude": 23.351972579956055, "raw_occupancy": 2, "timestamp": "2026-09-15 16:45:26" }, "geometry": { "type": "Point", "coordinates": [ 23.351972579956055, 42.698333740234375 ] } },
{ "type": "Feature", "properties": { "vehicle_id": "A3403", "latitude": 42.657924652099609, "longitude": 23.359165191650391, "raw_occupancy": 2, "timestamp": "2026-09-15 16:45:26" }, "geometry": { "type": "Point", "coordinates": [ 23.359165191650391, 42.657924652099609 ] } },
{ "type": "Feature", "properties": { "vehicle_id": "A2056", "latitude": 42.782539367675781, "longitude": 23.38737678527832, "raw_occupancy": 1, "timestamp": "2026-09-15 16:45:26" }, "geometry": { "type": "Point", "coordinates": [ 23.38737678527832, 42.782539367675781 ] } },
{ "type": "Feature", "properties": { "vehicle_id": "A1407", "latitude": 42.711753845214844, "longitude": 23.300872802734375, "raw_occupancy": 2, "timestamp": "2026-09-15 16:45:26" }, "geometry": { "type": "Point", "coordinates": [ 23.300872802734375, 42.711753845214844 ] } },
{ "type": "Feature", "properties": { "vehicle_id": "A7043", "latitude": 42.807586669921875, "longitude": 23.348846435546875, "raw_occupancy": 2, "timestamp": "2026-09-15 16:45:26" }, "geometry": { "type": "Point", "coordinates": [ 23.348846435546875, 42.807586669921875 ] } },
{ "type": "Feature", "properties": { "vehicle_id": "A7079", "latitude": 42.715152740478516, "longitude": 23.360345840454102, "raw_occupancy": 0, "timestamp": "2026-09-15 16:45:26" }, "geometry": { "type": "Point", "coordinates": [ 23.360345840454102, 42.715152740478516 ] } },
{ "type": "Feature", "properties": { "vehicle_id": "A1606", "latitude": 42.63275146484375, "longitude": 23.334766387939453, "raw_occupancy": 2, "timestamp": "2026-09-15 16:45:26" }, "geometry": { "type": "Point", "coordinates": [ 23.334766387939453, 42.63275146484375 ] } },
{ "type": "Feature", "properties": { "vehicle_id": "A2025", "latitude": 42.672191619873047, "longitude": 23.33650016784668, "raw_occupancy": 2, "timestamp": "2026-09-15 16:45:26" }, "geometry": { "type": "Point", "coordinates": [ 23.33650016784668, 42.672191619873047 ] } },
{ "type": "Feature", "properties": { "vehicle_id": "A1319", "latitude": 42.599845886230469, "longitude": 23.171031951904297, "raw_occupancy": 0, "timestamp": "2026-09-15 16:45:26" }, "geometry": { "type": "Point", "coordinates": [ 23.171031951904297, 42.599845886230469 ] } },
{ "type": "Feature", "properties": { "vehicle_id": "A1158", "latitude": 42.685997009277344, "longitude": 23.235027313232422, "raw_occupancy": 3, "timestamp": "2026-09-15 16:45:26" }, "geometry": { "type": "Point", "coordinates": [ 23.235027313232422, 42.685997009277344 ] } },
{ "type": "Feature", "properties": { "vehicle_id": "A3410", "latitude": 42.665435791015625, "longitude": 23.391168594360352, "raw_occupancy": 5, "timestamp": "2026-09-15 16:45:26" }, "geometry": { "type": "Point", "coordinates": [ 23.391168594360352, 42.665435791015625 ] } },
{ "type": "Feature", "properties": { "vehicle_id": "A3608", "latitude": 42.603607177734375, "longitude": 23.367563247680664, "raw_occupancy": 1, "timestamp": "2026-09-15 16:45:26" }, "geometry": { "type": "Point", "coordinates": [ 23.367563247680664, 42.603607177734375 ] } },
{ "type": "Feature", "properties": { "vehicle_id": "A3135", "latitude": 42.641323089599609, "longitude": 23.412515640258789, "raw_occupancy": 1, "timestamp": "2026-09-15 16:45:26" }, "geometry": { "type": "Point", "coordinates": [ 23.412515640258789, 42.641323089599609 ] } },
{ "type": "Feature", "properties": { "vehicle_id": "A3620", "latitude": 42.648838043212891, "longitude": 23.377355575561523, "raw_occupancy": 5, "timestamp": "2026-09-15 16:45:26" }, "geometry": { "type": "Point", "coordinates": [ 23.377355575561523, 42.648838043212891 ] } },
{ "type": "Feature", "properties": { "vehicle_id": "A1609", "latitude": 42.678050994873047, "longitude": 23.37047004699707, "raw_occupancy": 1, "timestamp": "2026-09-15 16:45:26" }, "geometry": { "type": "Point", "coordinates": [ 23.37047004699707, 42.678050994873047 ] } },
{ "type": "Feature", "properties": { "vehicle_id": "A1841", "latitude": 42.672092437744141, "longitude": 23.251296997070312, "raw_occupancy": 2, "timestamp": "2026-09-15 16:45:26" }, "geometry": { "type": "Point", "coordinates": [ 23.251296997070312, 42.672092437744141 ] } },
{ "type": "Feature", "properties": { "vehicle_id": "A1613", "latitude": 42.762298583984375, "longitude": 23.199623107910156, "raw_occupancy": 1, "timestamp": "2026-09-15 16:45:26" }, "geometry": { "type": "Point", "coordinates": [ 23.199623107910156, 42.762298583984375 ] } },
{ "type": "Feature", "properties": { "vehicle_id": "A7109", "latitude": 42.737491607666016, "longitude": 23.499776840209961, "raw_occupancy": 1, "timestamp": "2026-09-15 16:45:26" }, "geometry": { "type": "Point", "coordinates": [ 23.499776840209961, 42.737491607666016 ] } },
{ "type": "Feature", "properties": { "vehicle_id": "A3603", "latitude": 42.673912048339844, "longitude": 23.430608749389648, "raw_occupancy": 1, "timestamp": "2026-09-15 16:45:26" }, "geometry": { "type": "Point", "coordinates": [ 23.430608749389648, 42.673912048339844 ] } },
{ "type": "Feature", "properties": { "vehicle_id": "A2038", "latitude": 42.679214477539062, "longitude": 23.321510314941406, "raw_occupancy": 2, "timestamp": "2026-09-15 16:45:26" }, "geometry": { "type": "Point", "coordinates": [ 23.321510314941406, 42.679214477539062 ] } },
{ "type": "Feature", "properties": { "vehicle_id": "A3110", "latitude": 42.657444000244141, "longitude": 23.385597229003906, "raw_occupancy": 1, "timestamp": "2026-09-15 16:45:26" }, "geometry": { "type": "Point", "coordinates": [ 23.385597229003906, 42.657444000244141 ] } },
{ "type": "Feature", "properties": { "vehicle_id": "A1176", "latitude": 42.698165893554688, "longitude": 23.313505172729492, "raw_occupancy": 0, "timestamp": "2026-09-15 16:45:26" }, "geometry": { "type": "Point", "coordinates": [ 23.313505172729492, 42.698165893554688 ] } },
{ "type": "Feature", "properties": { "vehicle_id": "A2005", "latitude": 42.689708709716797, "longitude": 23.351579666137695, "raw_occupancy": 1, "timestamp": "2026-09-15 16:45:26" }, "geometry": { "type": "Point", "coordinates": [ 23.351579666137695, 42.689708709716797 ] } },
{ "type": "Feature", "properties": { "vehicle_id": "A2048", "latitude": 42.622718811035156, "longitude": 23.404888153076172, "raw_occupancy": 2, "timestamp": "2026-09-15 16:45:26" }, "geometry": { "type": "Point", "coordinates": [ 23.404888153076172, 42.622718811035156 ] } },
{ "type": "Feature", "properties": { "vehicle_id": "A1209", "latitude": 42.684642791748047, "longitude": 23.301555633544922, "raw_occupancy": 1, "timestamp": "2026-09-15 16:45:26" }, "geometry": { "type": "Point", "coordinates": [ 23.301555633544922, 42.684642791748047 ] } },
{ "type": "Feature", "properties": { "vehicle_id": "A3121", "latitude": 42.704917907714844, "longitude": 23.326709747314453, "raw_occupancy": 2, "timestamp": "2026-09-15 16:45:26" }, "geometry": { "type": "Point", "coordinates": [ 23.326709747314453, 42.704917907714844 ] } },
{ "type": "Feature", "properties": { "vehicle_id": "A2310", "latitude": 42.654872894287109, "longitude": 23.359451293945312, "raw_occupancy": 4, "timestamp": "2026-09-15 16:45:26" }, "geometry": { "type": "Point", "coordinates": [ 23.359451293945312, 42.654872894287109 ] } },
{ "type": "Feature", "properties": { "vehicle_id": "A3137", "latitude": 42.684959411621094, "longitude": 23.325521469116211, "raw_occupancy": 2, "timestamp": "2026-09-15 16:45:26" }, "geometry": { "type": "Point", "coordinates": [ 23.325521469116211, 42.684959411621094 ] } },
{ "type": "Feature", "properties": { "vehicle_id": "A3621", "latitude": 42.658714294433594, "longitude": 23.466049194335938, "raw_occupancy": 0, "timestamp": "2026-09-15 16:45:26" }, "geometry": { "type": "Point", "coordinates": [ 23.466049194335938, 42.658714294433594 ] } },
{ "type": "Feature", "properties": { "vehicle_id": "A7075", "latitude": 42.762989044189453, "longitude": 23.355411529541016, "raw_occupancy": 1, "timestamp": "2026-09-15 16:45:26" }, "geometry": { "type": "Point", "coordinates": [ 23.355411529541016, 42.762989044189453 ] } },
{ "type": "Feature", "properties": { "vehicle_id": "A1617", "latitude": 42.701419830322266, "longitude": 23.340812683105469, "raw_occupancy": 3, "timestamp": "2026-09-15 16:45:26" }, "geometry": { "type": "Point", "coordinates": [ 23.340812683105469, 42.701419830322266 ] } },
{ "type": "Feature", "properties": { "vehicle_id": "A3610", "latitude": 42.611106872558594, "longitude": 23.363401412963867, "raw_occupancy": 1, "timestamp": "2026-09-15 16:45:26" }, "geometry": { "type": "Point", "coordinates": [ 23.363401412963867, 42.611106872558594 ] } },
{ "type": "Feature", "properties": { "vehicle_id": "A2052", "latitude": 42.676673889160156, "longitude": 23.3699951171875, "raw_occupancy": 2, "timestamp": "2026-09-15 16:45:26" }, "geometry": { "type": "Point", "coordinates": [ 23.3699951171875, 42.676673889160156 ] } },
{ "type": "Feature", "properties": { "vehicle_id": "A7129", "latitude": 42.699123382568359, "longitude": 23.361343383789062, "raw_occupancy": 1, "timestamp": "2026-09-15 16:45:26" }, "geometry": { "type": "Point", "coordinates": [ 23.361343383789062, 42.699123382568359 ] } },
{ "type": "Feature", "properties": { "vehicle_id": "A2000", "latitude": 42.712963104248047, "longitude": 23.419017791748047, "raw_occupancy": 0, "timestamp": "2026-09-15 16:45:26" }, "geometry": { "type": "Point", "coordinates": [ 23.419017791748047, 42.712963104248047 ] } },
{ "type": "Feature", "properties": { "vehicle_id": "A1212", "latitude": 42.659378051757812, "longitude": 23.325508117675781, "raw_occupancy": 0, "timestamp": "2026-09-15 16:45:26" }, "geometry": { "type": "Point", "coordinates": [ 23.325508117675781, 42.659378051757812 ] } },
{ "type": "Feature", "properties": { "vehicle_id": "A3670", "latitude": 42.658199310302734, "longitude": 23.385791778564453, "raw_occupancy": 3, "timestamp": "2026-09-15 16:45:26" }, "geometry": { "type": "Point", "coordinates": [ 23.385791778564453, 42.658199310302734 ] } },
{ "type": "Feature", "properties": { "vehicle_id": "A3404", "latitude": 42.676441192626953, "longitude": 23.343061447143555, "raw_occupancy": 1, "timestamp": "2026-09-15 16:45:26" }, "geometry": { "type": "Point", "coordinates": [ 23.343061447143555, 42.676441192626953 ] } },
{ "type": "Feature", "properties": { "vehicle_id": "A7121", "latitude": 42.760715484619141, "longitude": 23.422882080078125, "raw_occupancy": 1, "timestamp": "2026-09-15 16:45:26" }, "geometry": { "type": "Point", "coordinates": [ 23.422882080078125, 42.760715484619141 ] } },
{ "type": "Feature", "properties": { "vehicle_id": "A3117", "latitude": 42.687828063964844, "longitude": 23.332454681396484, "raw_occupancy": 3, "timestamp": "2026-09-15 16:45:26" }, "geometry": { "type": "Point", "coordinates": [ 23.332454681396484, 42.687828063964844 ] } },
{ "type": "Feature", "properties": { "vehicle_id": "A3657", "latitude": 42.705558776855469, "longitude": 23.319971084594727, "raw_occupancy": 1, "timestamp": "2026-09-15 16:45:26" }, "geometry": { "type": "Point", "coordinates": [ 23.319971084594727, 42.705558776855469 ] } },
{ "type": "Feature", "properties": { "vehicle_id": "A3665", "latitude": 42.684783935546875, "longitude": 23.302082061767578, "raw_occupancy": 1, "timestamp": "2026-09-15 16:45:26" }, "geometry": { "type": "Point", "coordinates": [ 23.302082061767578, 42.684783935546875 ] } },
{ "type": "Feature", "properties": { "vehicle_id": "A2140", "latitude": 42.727706909179688, "longitude": 23.323246002197266, "raw_occupancy": 0, "timestamp": "2026-09-15 16:45:26" }, "geometry": { "type": "Point", "coordinates": [ 23.323246002197266, 42.727706909179688 ] } },
{ "type": "Feature", "properties": { "vehicle_id": "A1156", "latitude": 42.660316467285156, "longitude": 23.305376052856445, "raw_occupancy": 3, "timestamp": "2026-09-15 16:45:26" }, "geometry": { "type": "Point", "coordinates": [ 23.305376052856445, 42.660316467285156 ] } },
{ "type": "Feature", "properties": { "vehicle_id": "A1154", "latitude": 42.646289825439453, "longitude": 23.334421157836914, "raw_occupancy": 1, "timestamp": "2026-09-15 16:45:26" }, "geometry": { "type": "Point", "coordinates": [ 23.334421157836914, 42.646289825439453 ] } },
{ "type": "Feature", "properties": { "vehicle_id": "A2816", "latitude": 42.741348266601562, "longitude": 23.328586578369141, "raw_occupancy": 1, "timestamp": "2026-09-15 16:45:26" }, "geometry": { "type": "Point", "coordinates": [ 23.328586578369141, 42.741348266601562 ] } },
{ "type": "Feature", "properties": { "vehicle_id": "A3122", "latitude": 42.647472381591797, "longitude": 23.335220336914062, "raw_occupancy": 2, "timestamp": "2026-09-15 16:45:26" }, "geometry": { "type": "Point", "coordinates": [ 23.335220336914062, 42.647472381591797 ] } },
{ "type": "Feature", "properties": { "vehicle_id": "A7161", "latitude": 42.832088470458984, "longitude": 23.334028244018555, "raw_occupancy": 1, "timestamp": "2026-09-15 16:45:26" }, "geometry": { "type": "Point", "coordinates": [ 23.334028244018555, 42.832088470458984 ] } },
{ "type": "Feature", "properties": { "vehicle_id": "A2316", "latitude": 42.651836395263672, "longitude": 23.342397689819336, "raw_occupancy": 2, "timestamp": "2026-09-15 16:45:26" }, "geometry": { "type": "Point", "coordinates": [ 23.342397689819336, 42.651836395263672 ] } },
{ "type": "Feature", "properties": { "vehicle_id": "A3145", "latitude": 42.640430450439453, "longitude": 23.413162231445312, "raw_occupancy": 0, "timestamp": "2026-09-15 16:45:26" }, "geometry": { "type": "Point", "coordinates": [ 23.413162231445312, 42.640430450439453 ] } },
{ "type": "Feature", "properties": { "vehicle_id": "A3626", "latitude": 42.696464538574219, "longitude": 23.354667663574219, "raw_occupancy": 3, "timestamp": "2026-09-15 16:45:26" }, "geometry": { "type": "Point", "coordinates": [ 23.354667663574219, 42.696464538574219 ] } },
{ "type": "Feature", "properties": { "vehicle_id": "A7097", "latitude": 42.704524993896484, "longitude": 23.33082389831543, "raw_occupancy": 3, "timestamp": "2026-09-15 16:45:26" }, "geometry": { "type": "Point", "coordinates": [ 23.33082389831543, 42.704524993896484 ] } },
{ "type": "Feature", "properties": { "vehicle_id": "A1206", "latitude": 42.63287353515625, "longitude": 23.334096908569336, "raw_occupancy": 2, "timestamp": "2026-09-15 16:45:26" }, "geometry": { "type": "Point", "coordinates": [ 23.334096908569336, 42.63287353515625 ] } },
{ "type": "Feature", "properties": { "vehicle_id": "A2060", "latitude": 42.550498962402344, "longitude": 23.463285446166992, "raw_occupancy": 0, "timestamp": "2026-09-15 16:45:26" }, "geometry": { "type": "Point", "coordinates": [ 23.463285446166992, 42.550498962402344 ] } },
{ "type": "Feature", "properties": { "vehicle_id": "A1157", "latitude": 42.6654052734375, "longitude": 23.302520751953125, "raw_occupancy": 2, "timestamp": "2026-09-15 16:45:26" }, "geometry": { "type": "Point", "coordinates": [ 23.302520751953125, 42.6654052734375 ] } },
{ "type": "Feature", "properties": { "vehicle_id": "A3625", "latitude": 42.670951843261719, "longitude": 23.441509246826172, "raw_occupancy": 2, "timestamp": "2026-09-15 16:45:26" }, "geometry": { "type": "Point", "coordinates": [ 23.441509246826172, 42.670951843261719 ] } },
{ "type": "Feature", "properties": { "vehicle_id": "A1012", "latitude": 42.640056610107422, "longitude": 23.334527969360352, "raw_occupancy": 2, "timestamp": "2026-09-15 16:45:26" }, "geometry": { "type": "Point", "coordinates": [ 23.334527969360352, 42.640056610107422 ] } },
{ "type": "Feature", "properties": { "vehicle_id": "A3132", "latitude": 42.706119537353516, "longitude": 23.323507308959961, "raw_occupancy": 0, "timestamp": "2026-09-15 16:45:26" }, "geometry": { "type": "Point", "coordinates": [ 23.323507308959961, 42.706119537353516 ] } },
{ "type": "Feature", "properties": { "vehicle_id": "A2002", "latitude": 42.644001007080078, "longitude": 23.345207214355469, "raw_occupancy": 0, "timestamp": "2026-09-15 16:45:26" }, "geometry": { "type": "Point", "coordinates": [ 23.345207214355469, 42.644001007080078 ] } },
{ "type": "Feature", "properties": { "vehicle_id": "A7135", "latitude": 42.788463592529297, "longitude": 23.272773742675781, "raw_occupancy": 1, "timestamp": "2026-09-15 16:45:26" }, "geometry": { "type": "Point", "coordinates": [ 23.272773742675781, 42.788463592529297 ] } },
{ "type": "Feature", "properties": { "vehicle_id": "A1215", "latitude": 42.659343719482422, "longitude": 23.285219192504883, "raw_occupancy": 1, "timestamp": "2026-09-15 16:45:26" }, "geometry": { "type": "Point", "coordinates": [ 23.285219192504883, 42.659343719482422 ] } },
{ "type": "Feature", "properties": { "vehicle_id": "A7159", "latitude": 42.752792358398438, "longitude": 23.318683624267578, "raw_occupancy": 2, "timestamp": "2026-09-15 16:45:26" }, "geometry": { "type": "Point", "coordinates": [ 23.318683624267578, 42.752792358398438 ] } },
{ "type": "Feature", "properties": { "vehicle_id": "A3601", "latitude": 42.671550750732422, "longitude": 23.394989013671875, "raw_occupancy": 1, "timestamp": "2026-09-15 16:45:26" }, "geometry": { "type": "Point", "coordinates": [ 23.394989013671875, 42.671550750732422 ] } },
{ "type": "Feature", "properties": { "vehicle_id": "A3131", "latitude": 42.649986267089844, "longitude": 23.377979278564453, "raw_occupancy": 3, "timestamp": "2026-09-15 16:45:26" }, "geometry": { "type": "Point", "coordinates": [ 23.377979278564453, 42.649986267089844 ] } },
{ "type": "Feature", "properties": { "vehicle_id": "A3623", "latitude": 42.666065216064453, "longitude": 23.422809600830078, "raw_occupancy": 2, "timestamp": "2026-09-15 16:45:26" }, "geometry": { "type": "Point", "coordinates": [ 23.422809600830078, 42.666065216064453 ] } },
{ "type": "Feature", "properties": { "vehicle_id": "A2810", "latitude": 42.718387603759766, "longitude": 23.279407501220703, "raw_occupancy": 1, "timestamp": "2026-09-15 16:45:26" }, "geometry": { "type": "Point", "coordinates": [ 23.279407501220703, 42.718387603759766 ] } },
{ "type": "Feature", "properties": { "vehicle_id": "A2815", "latitude": 42.725452423095703, "longitude": 23.316816329956055, "raw_occupancy": 2, "timestamp": "2026-09-15 16:45:26" }, "geometry": { "type": "Point", "coordinates": [ 23.316816329956055, 42.725452423095703 ] } },
{ "type": "Feature", "properties": { "vehicle_id": "A1809", "latitude": 42.727195739746094, "longitude": 23.251920700073242, "raw_occupancy": 1, "timestamp": "2026-09-15 16:45:26" }, "geometry": { "type": "Point", "coordinates": [ 23.251920700073242, 42.727195739746094 ] } },
{ "type": "Feature", "properties": { "vehicle_id": "A3138", "latitude": 42.627216339111328, "longitude": 23.378580093383789, "raw_occupancy": 0, "timestamp": "2026-09-15 16:45:26" }, "geometry": { "type": "Point", "coordinates": [ 23.378580093383789, 42.627216339111328 ] } },
{ "type": "Feature", "properties": { "vehicle_id": "A2027", "latitude": 42.667385101318359, "longitude": 23.325790405273438, "raw_occupancy": 2, "timestamp": "2026-09-15 16:45:26" }, "geometry": { "type": "Point", "coordinates": [ 23.325790405273438, 42.667385101318359 ] } },
{ "type": "Feature", "properties": { "vehicle_id": "A3159", "latitude": 42.632480621337891, "longitude": 23.380395889282227, "raw_occupancy": 1, "timestamp": "2026-09-15 16:45:26" }, "geometry": { "type": "Point", "coordinates": [ 23.380395889282227, 42.632480621337891 ] } },
{ "type": "Feature", "properties": { "vehicle_id": "A1837", "latitude": 42.737171173095703, "longitude": 23.268239974975586, "raw_occupancy": 2, "timestamp": "2026-09-15 16:45:26" }, "geometry": { "type": "Point", "coordinates": [ 23.268239974975586, 42.737171173095703 ] } },
{ "type": "Feature", "properties": { "vehicle_id": "A3151", "latitude": 42.661827087402344, "longitude": 23.316951751708984, "raw_occupancy": 0, "timestamp": "2026-09-15 16:45:26" }, "geometry": { "type": "Point", "coordinates": [ 23.316951751708984, 42.661827087402344 ] } },
{ "type": "Feature", "properties": { "vehicle_id": "A1819", "latitude": 42.741519927978516, "longitude": 23.277647018432617, "raw_occupancy": 1, "timestamp": "2026-09-15 16:45:26" }, "geometry": { "type": "Point", "coordinates": [ 23.277647018432617, 42.741519927978516 ] } },
{ "type": "Feature", "properties": { "vehicle_id": "A3301", "latitude": 42.667461395263672, "longitude": 23.391963958740234, "raw_occupancy": 2, "timestamp": "2026-09-15 16:45:26" }, "geometry": { "type": "Point", "coordinates": [ 23.391963958740234, 42.667461395263672 ] } },
{ "type": "Feature", "properties": { "vehicle_id": "A7045", "latitude": 42.705142974853516, "longitude": 23.317636489868164, "raw_occupancy": 1, "timestamp": "2026-09-15 16:45:26" }, "geometry": { "type": "Point", "coordinates": [ 23.317636489868164, 42.705142974853516 ] } },
{ "type": "Feature", "properties": { "vehicle_id": "A2301", "latitude": 42.693164825439453, "longitude": 23.34150505065918, "raw_occupancy": 1, "timestamp": "2026-09-15 16:45:26" }, "geometry": { "type": "Point", "coordinates": [ 23.34150505065918, 42.693164825439453 ] } },
{ "type": "Feature", "properties": { "vehicle_id": "A1161", "latitude": 42.726097106933594, "longitude": 23.242778778076172, "raw_occupancy": 2, "timestamp": "2026-09-15 16:45:26" }, "geometry": { "type": "Point", "coordinates": [ 23.242778778076172, 42.726097106933594 ] } },
{ "type": "Feature", "properties": { "vehicle_id": "A3153", "latitude": 42.674468994140625, "longitude": 23.381523132324219, "raw_occupancy": 1, "timestamp": "2026-09-15 16:45:26" }, "geometry": { "type": "Point", "coordinates": [ 23.381523132324219, 42.674468994140625 ] } },
{ "type": "Feature", "properties": { "vehicle_id": "A3149", "latitude": 42.651653289794922, "longitude": 23.405178070068359, "raw_occupancy": 2, "timestamp": "2026-09-15 16:45:26" }, "geometry": { "type": "Point", "coordinates": [ 23.405178070068359, 42.651653289794922 ] } },
{ "type": "Feature", "properties": { "vehicle_id": "A1034", "latitude": 42.645153045654297, "longitude": 23.266599655151367, "raw_occupancy": 0, "timestamp": "2026-09-15 16:45:26" }, "geometry": { "type": "Point", "coordinates": [ 23.266599655151367, 42.645153045654297 ] } },
{ "type": "Feature", "properties": { "vehicle_id": "A7115", "latitude": 42.713943481445312, "longitude": 23.313011169433594, "raw_occupancy": 3, "timestamp": "2026-09-15 16:45:26" }, "geometry": { "type": "Point", "coordinates": [ 23.313011169433594, 42.713943481445312 ] } },
{ "type": "Feature", "properties": { "vehicle_id": "A2016", "latitude": 42.653705596923828, "longitude": 23.345245361328125, "raw_occupancy": 0, "timestamp": "2026-09-15 16:45:26" }, "geometry": { "type": "Point", "coordinates": [ 23.345245361328125, 42.653705596923828 ] } },
{ "type": "Feature", "properties": { "vehicle_id": "A2515", "latitude": 42.696544647216797, "longitude": 23.280290603637695, "raw_occupancy": 3, "timestamp": "2026-09-15 16:45:26" }, "geometry": { "type": "Point", "coordinates": [ 23.280290603637695, 42.696544647216797 ] } },
{ "type": "Feature", "properties": { "vehicle_id": "A7193", "latitude": 42.740154266357422, "longitude": 23.344512939453125, "raw_occupancy": 0, "timestamp": "2026-09-15 16:45:26" }, "geometry": { "type": "Point", "coordinates": [ 23.344512939453125, 42.740154266357422 ] } },
{ "type": "Feature", "properties": { "vehicle_id": "A1231", "latitude": 42.707195281982422, "longitude": 23.312753677368164, "raw_occupancy": 1, "timestamp": "2026-09-15 16:55:26" }, "geometry": { "type": "Point", "coordinates": [ 23.312753677368164, 42.707195281982422 ] } },
{ "type": "Feature", "properties": { "vehicle_id": "A7051", "latitude": 42.708061218261719, "longitude": 23.41264533996582, "raw_occupancy": 2, "timestamp": "2026-09-15 16:55:26" }, "geometry": { "type": "Point", "coordinates": [ 23.41264533996582, 42.708061218261719 ] } },
{ "type": "Feature", "properties": { "vehicle_id": "A3652", "latitude": 42.527450561523438, "longitude": 23.367507934570312, "raw_occupancy": 1, "timestamp": "2026-09-15 16:55:26" }, "geometry": { "type": "Point", "coordinates": [ 23.367507934570312, 42.527450561523438 ] } },
{ "type": "Feature", "properties": { "vehicle_id": "A1619", "latitude": 42.692249298095703, "longitude": 23.280166625976562, "raw_occupancy": 3, "timestamp": "2026-09-15 16:55:26" }, "geometry": { "type": "Point", "coordinates": [ 23.280166625976562, 42.692249298095703 ] } },
{ "type": "Feature", "properties": { "vehicle_id": "A3404", "latitude": 42.658393859863281, "longitude": 23.342695236206055, "raw_occupancy": 1, "timestamp": "2026-09-15 16:55:26" }, "geometry": { "type": "Point", "coordinates": [ 23.342695236206055, 42.658393859863281 ] } },
{ "type": "Feature", "properties": { "vehicle_id": "A1208", "latitude": 42.640518188476562, "longitude": 23.315753936767578, "raw_occupancy": 3, "timestamp": "2026-09-15 16:55:26" }, "geometry": { "type": "Point", "coordinates": [ 23.315753936767578, 42.640518188476562 ] } },
{ "type": "Feature", "properties": { "vehicle_id": "A3147", "latitude": 42.677539825439453, "longitude": 23.356037139892578, "raw_occupancy": 3, "timestamp": "2026-09-15 16:55:26" }, "geometry": { "type": "Point", "coordinates": [ 23.356037139892578, 42.677539825439453 ] } },
{ "type": "Feature", "properties": { "vehicle_id": "A1117", "latitude": 42.741348266601562, "longitude": 23.235971450805664, "raw_occupancy": 2, "timestamp": "2026-09-15 16:55:26" }, "geometry": { "type": "Point", "coordinates": [ 23.235971450805664, 42.741348266601562 ] } },
{ "type": "Feature", "properties": { "vehicle_id": "A1404", "latitude": 42.663002014160156, "longitude": 23.286603927612305, "raw_occupancy": 3, "timestamp": "2026-09-15 16:55:26" }, "geometry": { "type": "Point", "coordinates": [ 23.286603927612305, 42.663002014160156 ] } },
{ "type": "Feature", "properties": { "vehicle_id": "A1157", "latitude": 42.659648895263672, "longitude": 23.32252311706543, "raw_occupancy": 0, "timestamp": "2026-09-15 16:55:26" }, "geometry": { "type": "Point", "coordinates": [ 23.32252311706543, 42.659648895263672 ] } },
{ "type": "Feature", "properties": { "vehicle_id": "A2069", "latitude": 42.633724212646484, "longitude": 23.449832916259766, "raw_occupancy": 2, "timestamp": "2026-09-15 16:55:26" }, "geometry": { "type": "Point", "coordinates": [ 23.449832916259766, 42.633724212646484 ] } },
{ "type": "Feature", "properties": { "vehicle_id": "A2815", "latitude": 42.716144561767578, "longitude": 23.340330123901367, "raw_occupancy": 4, "timestamp": "2026-09-15 16:55:26" }, "geometry": { "type": "Point", "coordinates": [ 23.340330123901367, 42.716144561767578 ] } },
{ "type": "Feature", "properties": { "vehicle_id": "A3154", "latitude": 42.680400848388672, "longitude": 23.306119918823242, "raw_occupancy": 1, "timestamp": "2026-09-15 16:55:26" }, "geometry": { "type": "Point", "coordinates": [ 23.306119918823242, 42.680400848388672 ] } },
{ "type": "Feature", "properties": { "vehicle_id": "A2823", "latitude": 42.664039611816406, "longitude": 23.243585586547852, "raw_occupancy": 3, "timestamp": "2026-09-15 16:55:26" }, "geometry": { "type": "Point", "coordinates": [ 23.243585586547852, 42.664039611816406 ] } },
{ "type": "Feature", "properties": { "vehicle_id": "A7115", "latitude": 42.730907440185547, "longitude": 23.313304901123047, "raw_occupancy": 2, "timestamp": "2026-09-15 16:55:26" }, "geometry": { "type": "Point", "coordinates": [ 23.313304901123047, 42.730907440185547 ] } },
{ "type": "Feature", "properties": { "vehicle_id": "A3621", "latitude": 42.673603057861328, "longitude": 23.430231094360352, "raw_occupancy": 1, "timestamp": "2026-09-15 16:55:26" }, "geometry": { "type": "Point", "coordinates": [ 23.430231094360352, 42.673603057861328 ] } },
{ "type": "Feature", "properties": { "vehicle_id": "A7095", "latitude": 42.707267761230469, "longitude": 23.357648849487305, "raw_occupancy": 1, "timestamp": "2026-09-15 16:55:26" }, "geometry": { "type": "Point", "coordinates": [ 23.357648849487305, 42.707267761230469 ] } },
{ "type": "Feature", "properties": { "vehicle_id": "A3400", "latitude": 42.692836761474609, "longitude": 23.334434509277344, "raw_occupancy": 0, "timestamp": "2026-09-15 16:55:26" }, "geometry": { "type": "Point", "coordinates": [ 23.334434509277344, 42.692836761474609 ] } },
{ "type": "Feature", "properties": { "vehicle_id": "A3666", "latitude": 42.687999725341797, "longitude": 23.403093338012695, "raw_occupancy": 1, "timestamp": "2026-09-15 16:55:26" }, "geometry": { "type": "Point", "coordinates": [ 23.403093338012695, 42.687999725341797 ] } },
{ "type": "Feature", "properties": { "vehicle_id": "A1305", "latitude": 42.597919464111328, "longitude": 23.162187576293945, "raw_occupancy": 1, "timestamp": "2026-09-15 16:55:26" }, "geometry": { "type": "Point", "coordinates": [ 23.162187576293945, 42.597919464111328 ] } },
{ "type": "Feature", "properties": { "vehicle_id": "A2303", "latitude": 42.708595275878906, "longitude": 23.249410629272461, "raw_occupancy": 3, "timestamp": "2026-09-15 16:55:26" }, "geometry": { "type": "Point", "coordinates": [ 23.249410629272461, 42.708595275878906 ] } },
{ "type": "Feature", "properties": { "vehicle_id": "A2075", "latitude": 42.662609100341797, "longitude": 23.377174377441406, "raw_occupancy": 2, "timestamp": "2026-09-15 16:55:26" }, "geometry": { "type": "Point", "coordinates": [ 23.377174377441406, 42.662609100341797 ] } },
{ "type": "Feature", "properties": { "vehicle_id": "A1420", "latitude": 42.630210876464844, "longitude": 23.306879043579102, "raw_occupancy": 1, "timestamp": "2026-09-15 16:55:26" }, "geometry": { "type": "Point", "coordinates": [ 23.306879043579102, 42.630210876464844 ] } },
{ "type": "Feature", "properties": { "vehicle_id": "A2060", "latitude": 42.574512481689453, "longitude": 23.42889404296875, "raw_occupancy": 0, "timestamp": "2026-09-15 16:55:26" }, "geometry": { "type": "Point", "coordinates": [ 23.42889404296875, 42.574512481689453 ] } },
{ "type": "Feature", "properties": { "vehicle_id": "A2040", "latitude": 42.656673431396484, "longitude": 23.317449569702148, "raw_occupancy": 0, "timestamp": "2026-09-15 16:55:26" }, "geometry": { "type": "Point", "coordinates": [ 23.317449569702148, 42.656673431396484 ] } },
{ "type": "Feature", "properties": { "vehicle_id": "A3622", "latitude": 42.675273895263672, "longitude": 23.464963912963867, "raw_occupancy": 0, "timestamp": "2026-09-15 16:55:26" }, "geometry": { "type": "Point", "coordinates": [ 23.464963912963867, 42.675273895263672 ] } },
{ "type": "Feature", "properties": { "vehicle_id": "A3133", "latitude": 42.726669311523438, "longitude": 23.312122344970703, "raw_occupancy": 1, "timestamp": "2026-09-15 16:55:26" }, "geometry": { "type": "Point", "coordinates": [ 23.312122344970703, 42.726669311523438 ] } },
{ "type": "Feature", "properties": { "vehicle_id": "A1845", "latitude": 42.707206726074219, "longitude": 23.148233413696289, "raw_occupancy": 1, "timestamp": "2026-09-15 16:55:26" }, "geometry": { "type": "Point", "coordinates": [ 23.148233413696289, 42.707206726074219 ] } },
{ "type": "Feature", "properties": { "vehicle_id": "A3129", "latitude": 42.637771606445312, "longitude": 23.380970001220703, "raw_occupancy": 1, "timestamp": "2026-09-15 16:55:26" }, "geometry": { "type": "Point", "coordinates": [ 23.380970001220703, 42.637771606445312 ] } },
{ "type": "Feature", "properties": { "vehicle_id": "A7109", "latitude": 42.720607757568359, "longitude": 23.445644378662109, "raw_occupancy": 1, "timestamp": "2026-09-15 16:55:26" }, "geometry": { "type": "Point", "coordinates": [ 23.445644378662109, 42.720607757568359 ] } },
{ "type": "Feature", "properties": { "vehicle_id": "A1859", "latitude": 42.677268981933594, "longitude": 23.282236099243164, "raw_occupancy": 2, "timestamp": "2026-09-15 16:55:26" }, "geometry": { "type": "Point", "coordinates": [ 23.282236099243164, 42.677268981933594 ] } },
{ "type": "Feature", "properties": { "vehicle_id": "A3625", "latitude": 42.656101226806641, "longitude": 23.454959869384766, "raw_occupancy": 1, "timestamp": "2026-09-15 16:55:26" }, "geometry": { "type": "Point", "coordinates": [ 23.454959869384766, 42.656101226806641 ] } },
{ "type": "Feature", "properties": { "vehicle_id": "A2035", "latitude": 42.684608459472656, "longitude": 23.324623107910156, "raw_occupancy": 1, "timestamp": "2026-09-15 16:55:26" }, "geometry": { "type": "Point", "coordinates": [ 23.324623107910156, 42.684608459472656 ] } },
{ "type": "Feature", "properties": { "vehicle_id": "A2811", "latitude": 42.670089721679688, "longitude": 23.220087051391602, "raw_occupancy": 0, "timestamp": "2026-09-15 16:55:26" }, "geometry": { "type": "Point", "coordinates": [ 23.220087051391602, 42.670089721679688 ] } },
{ "type": "Feature", "properties": { "vehicle_id": "A2012", "latitude": 42.703361511230469, "longitude": 23.364791870117188, "raw_occupancy": 2, "timestamp": "2026-09-15 16:55:26" }, "geometry": { "type": "Point", "coordinates": [ 23.364791870117188, 42.703361511230469 ] } },
{ "type": "Feature", "properties": { "vehicle_id": "A1175", "latitude": 42.692890167236328, "longitude": 23.281364440917969, "raw_occupancy": 3, "timestamp": "2026-09-15 16:55:26" }, "geometry": { "type": "Point", "coordinates": [ 23.281364440917969, 42.692890167236328 ] } },
{ "type": "Feature", "properties": { "vehicle_id": "A1617", "latitude": 42.706211090087891, "longitude": 23.303213119506836, "raw_occupancy": 3, "timestamp": "2026-09-15 16:55:26" }, "geometry": { "type": "Point", "coordinates": [ 23.303213119506836, 42.706211090087891 ] } },
{ "type": "Feature", "properties": { "vehicle_id": "A1232", "latitude": 42.757247924804688, "longitude": 23.244358062744141, "raw_occupancy": 1, "timestamp": "2026-09-15 16:55:26" }, "geometry": { "type": "Point", "coordinates": [ 23.244358062744141, 42.757247924804688 ] } },
{ "type": "Feature", "properties": { "vehicle_id": "A2057", "latitude": 42.556209564208984, "longitude": 23.42228889465332, "raw_occupancy": 2, "timestamp": "2026-09-15 16:55:26" }, "geometry": { "type": "Point", "coordinates": [ 23.42228889465332, 42.556209564208984 ] } },
{ "type": "Feature", "properties": { "vehicle_id": "A1213", "latitude": 42.719551086425781, "longitude": 23.088970184326172, "raw_occupancy": 0, "timestamp": "2026-09-15 16:55:26" }, "geometry": { "type": "Point", "coordinates": [ 23.088970184326172, 42.719551086425781 ] } },
{ "type": "Feature", "properties": { "vehicle_id": "A2307", "latitude": 42.664295196533203, "longitude": 23.360050201416016, "raw_occupancy": 2, "timestamp": "2026-09-15 16:55:26" }, "geometry": { "type": "Point", "coordinates": [ 23.360050201416016, 42.664295196533203 ] } },
{ "type": "Feature", "properties": { "vehicle_id": "A1308", "latitude": 42.671630859375, "longitude": 23.251794815063477, "raw_occupancy": 1, "timestamp": "2026-09-15 16:55:26" }, "geometry": { "type": "Point", "coordinates": [ 23.251794815063477, 42.671630859375 ] } },
{ "type": "Feature", "properties": { "vehicle_id": "A7089", "latitude": 42.733268737792969, "longitude": 23.313755035400391, "raw_occupancy": 2, "timestamp": "2026-09-15 16:55:26" }, "geometry": { "type": "Point", "coordinates": [ 23.313755035400391, 42.733268737792969 ] } },
{ "type": "Feature", "properties": { "vehicle_id": "A2061", "latitude": 42.71490478515625, "longitude": 23.283720016479492, "raw_occupancy": 1, "timestamp": "2026-09-15 16:55:26" }, "geometry": { "type": "Point", "coordinates": [ 23.283720016479492, 42.71490478515625 ] } },
{ "type": "Feature", "properties": { "vehicle_id": "A1185", "latitude": 42.642974853515625, "longitude": 23.342401504516602, "raw_occupancy": 0, "timestamp": "2026-09-15 16:55:26" }, "geometry": { "type": "Point", "coordinates": [ 23.342401504516602, 42.642974853515625 ] } },
{ "type": "Feature", "properties": { "vehicle_id": "A3139", "latitude": 42.648960113525391, "longitude": 23.409217834472656, "raw_occupancy": 3, "timestamp": "2026-09-15 16:55:26" }, "geometry": { "type": "Point", "coordinates": [ 23.409217834472656, 42.648960113525391 ] } },
{ "type": "Feature", "properties": { "vehicle_id": "A3136", "latitude": 42.641204833984375, "longitude": 23.381362915039062, "raw_occupancy": 2, "timestamp": "2026-09-15 16:55:26" }, "geometry": { "type": "Point", "coordinates": [ 23.381362915039062, 42.641204833984375 ] } },
{ "type": "Feature", "properties": { "vehicle_id": "A2302", "latitude": 42.694282531738281, "longitude": 23.335773468017578, "raw_occupancy": 1, "timestamp": "2026-09-15 16:55:26" }, "geometry": { "type": "Point", "coordinates": [ 23.335773468017578, 42.694282531738281 ] } },
{ "type": "Feature", "properties": { "vehicle_id": "A1217", "latitude": 42.685901641845703, "longitude": 23.138641357421875, "raw_occupancy": 0, "timestamp": "2026-09-15 16:55:26" }, "geometry": { "type": "Point", "coordinates": [ 23.138641357421875, 42.685901641845703 ] } },
{ "type": "Feature", "properties": { "vehicle_id": "A1189", "latitude": 42.656997680664062, "longitude": 23.336463928222656, "raw_occupancy": 3, "timestamp": "2026-09-15 16:55:26" }, "geometry": { "type": "Point", "coordinates": [ 23.336463928222656, 42.656997680664062 ] } },
{ "type": "Feature", "properties": { "vehicle_id": "A3015", "latitude": 42.682521820068359, "longitude": 23.375804901123047, "raw_occupancy": 1, "timestamp": "2026-09-15 16:55:26" }, "geometry": { "type": "Point", "coordinates": [ 23.375804901123047, 42.682521820068359 ] } },
{ "type": "Feature", "properties": { "vehicle_id": "A7147", "latitude": 42.72662353515625, "longitude": 23.261913299560547, "raw_occupancy": 1, "timestamp": "2026-09-15 16:55:26" }, "geometry": { "type": "Point", "coordinates": [ 23.261913299560547, 42.72662353515625 ] } },
{ "type": "Feature", "properties": { "vehicle_id": "A2752", "latitude": 42.645389556884766, "longitude": 23.34202766418457, "raw_occupancy": 1, "timestamp": "2026-09-15 16:55:26" }, "geometry": { "type": "Point", "coordinates": [ 23.34202766418457, 42.645389556884766 ] } },
{ "type": "Feature", "properties": { "vehicle_id": "A2079", "latitude": 42.577411651611328, "longitude": 23.359088897705078, "raw_occupancy": 0, "timestamp": "2026-09-15 16:55:26" }, "geometry": { "type": "Point", "coordinates": [ 23.359088897705078, 42.577411651611328 ] } },
{ "type": "Feature", "properties": { "vehicle_id": "A1164", "latitude": 42.657356262207031, "longitude": 23.309413909912109, "raw_occupancy": 2, "timestamp": "2026-09-15 16:55:26" }, "geometry": { "type": "Point", "coordinates": [ 23.309413909912109, 42.657356262207031 ] } },
{ "type": "Feature", "properties": { "vehicle_id": "A1176", "latitude": 42.711017608642578, "longitude": 23.319236755371094, "raw_occupancy": 0, "timestamp": "2026-09-15 16:55:26" }, "geometry": { "type": "Point", "coordinates": [ 23.319236755371094, 42.711017608642578 ] } },
{ "type": "Feature", "properties": { "vehicle_id": "A7061", "latitude": 42.842903137207031, "longitude": 23.322324752807617, "raw_occupancy": 1, "timestamp": "2026-09-15 16:55:26" }, "geometry": { "type": "Point", "coordinates": [ 23.322324752807617, 42.842903137207031 ] } },
{ "type": "Feature", "properties": { "vehicle_id": "A2140", "latitude": 42.715293884277344, "longitude": 23.324583053588867, "raw_occupancy": 1, "timestamp": "2026-09-15 16:55:26" }, "geometry": { "type": "Point", "coordinates": [ 23.324583053588867, 42.715293884277344 ] } },
{ "type": "Feature", "properties": { "vehicle_id": "A1209", "latitude": 42.674484252929688, "longitude": 23.277149200439453, "raw_occupancy": 1, "timestamp": "2026-09-15 16:55:26" }, "geometry": { "type": "Point", "coordinates": [ 23.277149200439453, 42.674484252929688 ] } },
{ "type": "Feature", "properties": { "vehicle_id": "A3662", "latitude": 42.663211822509766, "longitude": 23.357204437255859, "raw_occupancy": 1, "timestamp": "2026-09-15 16:55:26" }, "geometry": { "type": "Point", "coordinates": [ 23.357204437255859, 42.663211822509766 ] } },
{ "type": "Feature", "properties": { "vehicle_id": "A2070", "latitude": 42.610103607177734, "longitude": 23.465784072875977, "raw_occupancy": 3, "timestamp": "2026-09-15 16:55:26" }, "geometry": { "type": "Point", "coordinates": [ 23.465784072875977, 42.610103607177734 ] } },
{ "type": "Feature", "properties": { "vehicle_id": "A1021", "latitude": 42.676898956298828, "longitude": 23.234983444213867, "raw_occupancy": 1, "timestamp": "2026-09-15 16:55:26" }, "geometry": { "type": "Point", "coordinates": [ 23.234983444213867, 42.676898956298828 ] } },
{ "type": "Feature", "properties": { "vehicle_id": "A2300", "latitude": 42.710563659667969, "longitude": 23.361227035522461, "raw_occupancy": 1, "timestamp": "2026-09-15 16:55:26" }, "geometry": { "type": "Point", "coordinates": [ 23.361227035522461, 42.710563659667969 ] } },
{ "type": "Feature", "properties": { "vehicle_id": "A3117", "latitude": 42.679569244384766, "longitude": 23.303009033203125, "raw_occupancy": 3, "timestamp": "2026-09-15 16:55:26" }, "geometry": { "type": "Point", "coordinates": [ 23.303009033203125, 42.679569244384766 ] } },
{ "type": "Feature", "properties": { "vehicle_id": "A2073", "latitude": 42.578514099121094, "longitude": 23.415094375610352, "raw_occupancy": 1, "timestamp": "2026-09-15 16:55:26" }, "geometry": { "type": "Point", "coordinates": [ 23.415094375610352, 42.578514099121094 ] } },
{ "type": "Feature", "properties": { "vehicle_id": "A3626", "latitude": 42.677257537841797, "longitude": 23.341821670532227, "raw_occupancy": 3, "timestamp": "2026-09-15 16:55:26" }, "geometry": { "type": "Point", "coordinates": [ 23.341821670532227, 42.677257537841797 ] } },
{ "type": "Feature", "properties": { "vehicle_id": "A7163", "latitude": 42.780105590820312, "longitude": 23.497211456298828, "raw_occupancy": 1, "timestamp": "2026-09-15 16:55:26" }, "geometry": { "type": "Point", "coordinates": [ 23.497211456298828, 42.780105590820312 ] } },
{ "type": "Feature", "properties": { "vehicle_id": "A2028", "latitude": 42.703399658203125, "longitude": 23.38670539855957, "raw_occupancy": 2, "timestamp": "2026-09-15 16:55:26" }, "geometry": { "type": "Point", "coordinates": [ 23.38670539855957, 42.703399658203125 ] } },
{ "type": "Feature", "properties": { "vehicle_id": "A1219", "latitude": 42.709625244140625, "longitude": 23.160224914550781, "raw_occupancy": 2, "timestamp": "2026-09-15 16:55:26" }, "geometry": { "type": "Point", "coordinates": [ 23.160224914550781, 42.709625244140625 ] } },
{ "type": "Feature", "properties": { "vehicle_id": "A2006", "latitude": 42.705783843994141, "longitude": 23.316986083984375, "raw_occupancy": 2, "timestamp": "2026-09-15 16:55:26" }, "geometry": { "type": "Point", "coordinates": [ 23.316986083984375, 42.705783843994141 ] } },
{ "type": "Feature", "properties": { "vehicle_id": "A2518", "latitude": 42.664249420166016, "longitude": 23.374397277832031, "raw_occupancy": 1, "timestamp": "2026-09-15 16:55:26" }, "geometry": { "type": "Point", "coordinates": [ 23.374397277832031, 42.664249420166016 ] } },
{ "type": "Feature", "properties": { "vehicle_id": "A7151", "latitude": 42.841606140136719, "longitude": 23.323362350463867, "raw_occupancy": 1, "timestamp": "2026-09-15 16:55:26" }, "geometry": { "type": "Point", "coordinates": [ 23.323362350463867, 42.841606140136719 ] } },
{ "type": "Feature", "properties": { "vehicle_id": "A3142", "latitude": 42.650379180908203, "longitude": 23.357946395874023, "raw_occupancy": 3, "timestamp": "2026-09-15 16:55:26" }, "geometry": { "type": "Point", "coordinates": [ 23.357946395874023, 42.650379180908203 ] } },
{ "type": "Feature", "properties": { "vehicle_id": "A2005", "latitude": 42.702106475830078, "longitude": 23.351308822631836, "raw_occupancy": 1, "timestamp": "2026-09-15 16:55:26" }, "geometry": { "type": "Point", "coordinates": [ 23.351308822631836, 42.702106475830078 ] } },
{ "type": "Feature", "properties": { "vehicle_id": "A7127", "latitude": 42.707698822021484, "longitude": 23.412563323974609, "raw_occupancy": 3, "timestamp": "2026-09-15 16:55:26" }, "geometry": { "type": "Point", "coordinates": [ 23.412563323974609, 42.707698822021484 ] } },
{ "type": "Feature", "properties": { "vehicle_id": "A3633", "latitude": 42.5980224609375, "longitude": 23.406261444091797, "raw_occupancy": 1, "timestamp": "2026-09-15 16:55:26" }, "geometry": { "type": "Point", "coordinates": [ 23.406261444091797, 42.5980224609375 ] } },
{ "type": "Feature", "properties": { "vehicle_id": "A3125", "latitude": 42.707027435302734, "longitude": 23.31785774230957, "raw_occupancy": 2, "timestamp": "2026-09-15 16:55:26" }, "geometry": { "type": "Point", "coordinates": [ 23.31785774230957, 42.707027435302734 ] } },
{ "type": "Feature", "properties": { "vehicle_id": "A2025", "latitude": 42.686317443847656, "longitude": 23.323156356811523, "raw_occupancy": 1, "timestamp": "2026-09-15 16:55:26" }, "geometry": { "type": "Point", "coordinates": [ 23.323156356811523, 42.686317443847656 ] } },
{ "type": "Feature", "properties": { "vehicle_id": "A2088", "latitude": 42.702541351318359, "longitude": 23.333599090576172, "raw_occupancy": 2, "timestamp": "2026-09-15 16:55:26" }, "geometry": { "type": "Point", "coordinates": [ 23.333599090576172, 42.702541351318359 ] } },
{ "type": "Feature", "properties": { "vehicle_id": "A1407", "latitude": 42.702953338623047, "longitude": 23.285585403442383, "raw_occupancy": 2, "timestamp": "2026-09-15 16:55:26" }, "geometry": { "type": "Point", "coordinates": [ 23.285585403442383, 42.702953338623047 ] } },
{ "type": "Feature", "properties": { "vehicle_id": "A7133", "latitude": 42.779449462890625, "longitude": 23.313199996948242, "raw_occupancy": 3, "timestamp": "2026-09-15 16:55:26" }, "geometry": { "type": "Point", "coordinates": [ 23.313199996948242, 42.779449462890625 ] } },
{ "type": "Feature", "properties": { "vehicle_id": "A2317", "latitude": 42.689697265625, "longitude": 23.33892822265625, "raw_occupancy": 1, "timestamp": "2026-09-15 16:55:26" }, "geometry": { "type": "Point", "coordinates": [ 23.33892822265625, 42.689697265625 ] } },
{ "type": "Feature", "properties": { "vehicle_id": "A2029", "latitude": 42.678318023681641, "longitude": 23.323165893554688, "raw_occupancy": 3, "timestamp": "2026-09-15 16:55:26" }, "geometry": { "type": "Point", "coordinates": [ 23.323165893554688, 42.678318023681641 ] } },
{ "type": "Feature", "properties": { "vehicle_id": "A3651", "latitude": 42.622238159179688, "longitude": 23.404590606689453, "raw_occupancy": 1, "timestamp": "2026-09-15 16:55:26" }, "geometry": { "type": "Point", "coordinates": [ 23.404590606689453, 42.622238159179688 ] } },
{ "type": "Feature", "properties": { "vehicle_id": "A1172", "latitude": 42.687580108642578, "longitude": 23.26679801940918, "raw_occupancy": 1, "timestamp": "2026-09-15 16:55:26" }, "geometry": { "type": "Point", "coordinates": [ 23.26679801940918, 42.687580108642578 ] } },
{ "type": "Feature", "properties": { "vehicle_id": "A3141", "latitude": 42.672538757324219, "longitude": 23.284671783447266, "raw_occupancy": 2, "timestamp": "2026-09-15 16:55:26" }, "geometry": { "type": "Point", "coordinates": [ 23.284671783447266, 42.672538757324219 ] } },
{ "type": "Feature", "properties": { "vehicle_id": "A1835", "latitude": 42.720062255859375, "longitude": 23.180837631225586, "raw_occupancy": 1, "timestamp": "2026-09-15 16:55:26" }, "geometry": { "type": "Point", "coordinates": [ 23.180837631225586, 42.720062255859375 ] } },
{ "type": "Feature", "properties": { "vehicle_id": "A3650", "latitude": 42.646041870117188, "longitude": 23.353906631469727, "raw_occupancy": 5, "timestamp": "2026-09-15 16:55:26" }, "geometry": { "type": "Point", "coordinates": [ 23.353906631469727, 42.646041870117188 ] } },
{ "type": "Feature", "properties": { "vehicle_id": "A1226", "latitude": 42.651203155517578, "longitude": 23.367948532104492, "raw_occupancy": 0, "timestamp": "2026-09-15 16:55:26" }, "geometry": { "type": "Point", "coordinates": [ 23.367948532104492, 42.651203155517578 ] } },
{ "type": "Feature", "properties": { "vehicle_id": "A7141", "latitude": 42.765163421630859, "longitude": 23.356111526489258, "raw_occupancy": 1, "timestamp": "2026-09-15 16:55:26" }, "geometry": { "type": "Point", "coordinates": [ 23.356111526489258, 42.765163421630859 ] } },
{ "type": "Feature", "properties": { "vehicle_id": "A7143", "latitude": 42.733089447021484, "longitude": 23.389917373657227, "raw_occupancy": 2, "timestamp": "2026-09-15 16:55:26" }, "geometry": { "type": "Point", "coordinates": [ 23.389917373657227, 42.733089447021484 ] } },
{ "type": "Feature", "properties": { "vehicle_id": "A2041", "latitude": 42.712005615234375, "longitude": 23.273248672485352, "raw_occupancy": 1, "timestamp": "2026-09-15 16:55:26" }, "geometry": { "type": "Point", "coordinates": [ 23.273248672485352, 42.712005615234375 ] } },
{ "type": "Feature", "properties": { "vehicle_id": "A7187", "latitude": 42.737430572509766, "longitude": 23.396846771240234, "raw_occupancy": 0, "timestamp": "2026-09-15 16:55:26" }, "geometry": { "type": "Point", "coordinates": [ 23.396846771240234, 42.737430572509766 ] } },
{ "type": "Feature", "properties": { "vehicle_id": "A7189", "latitude": 42.804878234863281, "longitude": 23.404211044311523, "raw_occupancy": 0, "timestamp": "2026-09-15 16:55:26" }, "geometry": { "type": "Point", "coordinates": [ 23.404211044311523, 42.804878234863281 ] } },
{ "type": "Feature", "properties": { "vehicle_id": "A2161", "latitude": 42.698925018310547, "longitude": 23.362394332885742, "raw_occupancy": 1, "timestamp": "2026-09-15 16:55:26" }, "geometry": { "type": "Point", "coordinates": [ 23.362394332885742, 42.698925018310547 ] } },
{ "type": "Feature", "properties": { "vehicle_id": "A2036", "latitude": 42.678131103515625, "longitude": 23.327859878540039, "raw_occupancy": 2, "timestamp": "2026-09-15 16:55:26" }, "geometry": { "type": "Point", "coordinates": [ 23.327859878540039, 42.678131103515625 ] } },
{ "type": "Feature", "properties": { "vehicle_id": "A3137", "latitude": 42.672481536865234, "longitude": 23.293935775756836, "raw_occupancy": 2, "timestamp": "2026-09-15 16:55:26" }, "geometry": { "type": "Point", "coordinates": [ 23.293935775756836, 42.672481536865234 ] } },
{ "type": "Feature", "properties": { "vehicle_id": "A2014", "latitude": 42.699825286865234, "longitude": 23.342391967773438, "raw_occupancy": 1, "timestamp": "2026-09-15 16:55:26" }, "geometry": { "type": "Point", "coordinates": [ 23.342391967773438, 42.699825286865234 ] } },
{ "type": "Feature", "properties": { "vehicle_id": "A3301", "latitude": 42.651679992675781, "longitude": 23.379062652587891, "raw_occupancy": 1, "timestamp": "2026-09-15 16:55:26" }, "geometry": { "type": "Point", "coordinates": [ 23.379062652587891, 42.651679992675781 ] } },
{ "type": "Feature", "properties": { "vehicle_id": "A2020", "latitude": 42.654563903808594, "longitude": 23.349390029907227, "raw_occupancy": 0, "timestamp": "2026-09-15 16:55:26" }, "geometry": { "type": "Point", "coordinates": [ 23.349390029907227, 42.654563903808594 ] } },
{ "type": "Feature", "properties": { "vehicle_id": "A7099", "latitude": 42.757984161376953, "longitude": 23.321477890014648, "raw_occupancy": 3, "timestamp": "2026-09-15 16:55:26" }, "geometry": { "type": "Point", "coordinates": [ 23.321477890014648, 42.757984161376953 ] } },
{ "type": "Feature", "properties": { "vehicle_id": "A1819", "latitude": 42.726573944091797, "longitude": 23.261539459228516, "raw_occupancy": 1, "timestamp": "2026-09-15 16:55:26" }, "geometry": { "type": "Point", "coordinates": [ 23.261539459228516, 42.726573944091797 ] } },
{ "type": "Feature", "properties": { "vehicle_id": "A1155", "latitude": 42.686416625976562, "longitude": 23.330083847045898, "raw_occupancy": 2, "timestamp": "2026-09-15 16:55:26" }, "geometry": { "type": "Point", "coordinates": [ 23.330083847045898, 42.686416625976562 ] } },
{ "type": "Feature", "properties": { "vehicle_id": "A3605", "latitude": 42.613990783691406, "longitude": 23.501171112060547, "raw_occupancy": 1, "timestamp": "2026-09-15 16:55:26" }, "geometry": { "type": "Point", "coordinates": [ 23.501171112060547, 42.613990783691406 ] } },
{ "type": "Feature", "properties": { "vehicle_id": "A2305", "latitude": 42.720348358154297, "longitude": 23.310586929321289, "raw_occupancy": 2, "timestamp": "2026-09-15 16:55:26" }, "geometry": { "type": "Point", "coordinates": [ 23.310586929321289, 42.720348358154297 ] } },
{ "type": "Feature", "properties": { "vehicle_id": "A2059", "latitude": 42.704399108886719, "longitude": 23.333099365234375, "raw_occupancy": 0, "timestamp": "2026-09-15 16:55:26" }, "geometry": { "type": "Point", "coordinates": [ 23.333099365234375, 42.704399108886719 ] } },
{ "type": "Feature", "properties": { "vehicle_id": "A1413", "latitude": 42.673629760742188, "longitude": 23.240346908569336, "raw_occupancy": 2, "timestamp": "2026-09-15 16:55:26" }, "geometry": { "type": "Point", "coordinates": [ 23.240346908569336, 42.673629760742188 ] } },
{ "type": "Feature", "properties": { "vehicle_id": "A2810", "latitude": 42.713783264160156, "longitude": 23.304084777832031, "raw_occupancy": 2, "timestamp": "2026-09-15 16:55:26" }, "geometry": { "type": "Point", "coordinates": [ 23.304084777832031, 42.713783264160156 ] } },
{ "type": "Feature", "properties": { "vehicle_id": "A2039", "latitude": 42.719390869140625, "longitude": 23.310176849365234, "raw_occupancy": 3, "timestamp": "2026-09-15 16:55:26" }, "geometry": { "type": "Point", "coordinates": [ 23.310176849365234, 42.719390869140625 ] } },
{ "type": "Feature", "properties": { "vehicle_id": "A2301", "latitude": 42.671661376953125, "longitude": 23.363906860351562, "raw_occupancy": 2, "timestamp": "2026-09-15 16:55:26" }, "geometry": { "type": "Point", "coordinates": [ 23.363906860351562, 42.671661376953125 ] } },
{ "type": "Feature", "properties": { "vehicle_id": "A1156", "latitude": 42.673358917236328, "longitude": 23.292482376098633, "raw_occupancy": 3, "timestamp": "2026-09-15 16:55:26" }, "geometry": { "type": "Point", "coordinates": [ 23.292482376098633, 42.673358917236328 ] } },
{ "type": "Feature", "properties": { "vehicle_id": "A3104", "latitude": 42.650928497314453, "longitude": 23.378562927246094, "raw_occupancy": 1, "timestamp": "2026-09-15 16:55:26" }, "geometry": { "type": "Point", "coordinates": [ 23.378562927246094, 42.650928497314453 ] } },
{ "type": "Feature", "properties": { "vehicle_id": "A1150", "latitude": 42.678318023681641, "longitude": 23.285371780395508, "raw_occupancy": 3, "timestamp": "2026-09-15 16:55:26" }, "geometry": { "type": "Point", "coordinates": [ 23.285371780395508, 42.678318023681641 ] } },
{ "type": "Feature", "properties": { "vehicle_id": "A3656", "latitude": 42.677635192871094, "longitude": 23.379087448120117, "raw_occupancy": 2, "timestamp": "2026-09-15 16:55:26" }, "geometry": { "type": "Point", "coordinates": [ 23.379087448120117, 42.677635192871094 ] } },
{ "type": "Feature", "properties": { "vehicle_id": "A7055", "latitude": 42.710159301757812, "longitude": 23.387508392333984, "raw_occupancy": 2, "timestamp": "2026-09-15 16:55:26" }, "geometry": { "type": "Point", "coordinates": [ 23.387508392333984, 42.710159301757812 ] } },
{ "type": "Feature", "properties": { "vehicle_id": "A2500", "latitude": 42.688251495361328, "longitude": 23.334203720092773, "raw_occupancy": 3, "timestamp": "2026-09-15 16:55:26" }, "geometry": { "type": "Point", "coordinates": [ 23.334203720092773, 42.688251495361328 ] } },
{ "type": "Feature", "properties": { "vehicle_id": "A1829", "latitude": 42.721302032470703, "longitude": 23.240793228149414, "raw_occupancy": 3, "timestamp": "2026-09-15 16:55:26" }, "geometry": { "type": "Point", "coordinates": [ 23.240793228149414, 42.721302032470703 ] } },
{ "type": "Feature", "properties": { "vehicle_id": "A3156", "latitude": 42.683616638183594, "longitude": 23.323497772216797, "raw_occupancy": 3, "timestamp": "2026-09-15 16:55:26" }, "geometry": { "type": "Point", "coordinates": [ 23.323497772216797, 42.683616638183594 ] } },
{ "type": "Feature", "properties": { "vehicle_id": "A2311", "latitude": 42.651493072509766, "longitude": 23.359157562255859, "raw_occupancy": 2, "timestamp": "2026-09-15 16:55:26" }, "geometry": { "type": "Point", "coordinates": [ 23.359157562255859, 42.651493072509766 ] } },
{ "type": "Feature", "properties": { "vehicle_id": "A2302", "latitude": 42.694240570068359, "longitude": 23.33470344543457, "raw_occupancy": 1, "timestamp": "2026-09-15 16:55:26" }, "geometry": { "type": "Point", "coordinates": [ 23.33470344543457, 42.694240570068359 ] } },
{ "type": "Feature", "properties": { "vehicle_id": "A1035", "latitude": 42.66925048828125, "longitude": 23.244583129882812, "raw_occupancy": 1, "timestamp": "2026-09-15 16:55:26" }, "geometry": { "type": "Point", "coordinates": [ 23.244583129882812, 42.66925048828125 ] } },
{ "type": "Feature", "properties": { "vehicle_id": "A1126", "latitude": 42.640937805175781, "longitude": 23.37285041809082, "raw_occupancy": 1, "timestamp": "2026-09-15 16:55:26" }, "geometry": { "type": "Point", "coordinates": [ 23.37285041809082, 42.640937805175781 ] } },
{ "type": "Feature", "properties": { "vehicle_id": "A1402", "latitude": 42.71661376953125, "longitude": 23.237306594848633, "raw_occupancy": 0, "timestamp": "2026-09-15 16:55:26" }, "geometry": { "type": "Point", "coordinates": [ 23.237306594848633, 42.71661376953125 ] } },
{ "type": "Feature", "properties": { "vehicle_id": "A2605", "latitude": 42.656684875488281, "longitude": 23.327409744262695, "raw_occupancy": 0, "timestamp": "2026-09-15 16:55:26" }, "geometry": { "type": "Point", "coordinates": [ 23.327409744262695, 42.656684875488281 ] } },
{ "type": "Feature", "properties": { "vehicle_id": "A3611", "latitude": 42.668041229248047, "longitude": 23.402523040771484, "raw_occupancy": 0, "timestamp": "2026-09-15 16:55:26" }, "geometry": { "type": "Point", "coordinates": [ 23.402523040771484, 42.668041229248047 ] } },
{ "type": "Feature", "properties": { "vehicle_id": "A3670", "latitude": 42.690372467041016, "longitude": 23.337783813476562, "raw_occupancy": 2, "timestamp": "2026-09-15 16:55:26" }, "geometry": { "type": "Point", "coordinates": [ 23.337783813476562, 42.690372467041016 ] } },
{ "type": "Feature", "properties": { "vehicle_id": "A1310", "latitude": 42.730159759521484, "longitude": 23.255874633789062, "raw_occupancy": 2, "timestamp": "2026-09-15 16:55:26" }, "geometry": { "type": "Point", "coordinates": [ 23.255874633789062, 42.730159759521484 ] } },
{ "type": "Feature", "properties": { "vehicle_id": "A7171", "latitude": 42.738494873046875, "longitude": 23.258247375488281, "raw_occupancy": 0, "timestamp": "2026-09-15 16:55:26" }, "geometry": { "type": "Point", "coordinates": [ 23.258247375488281, 42.738494873046875 ] } },
{ "type": "Feature", "properties": { "vehicle_id": "A2017", "latitude": 42.706783294677734, "longitude": 23.335550308227539, "raw_occupancy": 1, "timestamp": "2026-09-15 16:55:26" }, "geometry": { "type": "Point", "coordinates": [ 23.335550308227539, 42.706783294677734 ] } },
{ "type": "Feature", "properties": { "vehicle_id": "A1025", "latitude": 42.677204132080078, "longitude": 23.281543731689453, "raw_occupancy": 1, "timestamp": "2026-09-15 16:55:26" }, "geometry": { "type": "Point", "coordinates": [ 23.281543731689453, 42.677204132080078 ] } },
{ "type": "Feature", "properties": { "vehicle_id": "A1220", "latitude": 42.708183288574219, "longitude": 23.284946441650391, "raw_occupancy": 1, "timestamp": "2026-09-15 16:55:26" }, "geometry": { "type": "Point", "coordinates": [ 23.284946441650391, 42.708183288574219 ] } },
{ "type": "Feature", "properties": { "vehicle_id": "A1869", "latitude": 42.716609954833984, "longitude": 23.169132232666016, "raw_occupancy": 0, "timestamp": "2026-09-15 16:55:26" }, "geometry": { "type": "Point", "coordinates": [ 23.169132232666016, 42.716609954833984 ] } },
{ "type": "Feature", "properties": { "vehicle_id": "A1311", "latitude": 42.642490386962891, "longitude": 23.312711715698242, "raw_occupancy": 2, "timestamp": "2026-09-15 16:55:26" }, "geometry": { "type": "Point", "coordinates": [ 23.312711715698242, 42.642490386962891 ] } },
{ "type": "Feature", "properties": { "vehicle_id": "A1160", "latitude": 42.68292236328125, "longitude": 23.243509292602539, "raw_occupancy": 0, "timestamp": "2026-09-15 16:55:26" }, "geometry": { "type": "Point", "coordinates": [ 23.243509292602539, 42.68292236328125 ] } },
{ "type": "Feature", "properties": { "vehicle_id": "A3601", "latitude": 42.659824371337891, "longitude": 23.42363166809082, "raw_occupancy": 2, "timestamp": "2026-09-15 16:55:26" }, "geometry": { "type": "Point", "coordinates": [ 23.42363166809082, 42.659824371337891 ] } },
{ "type": "Feature", "properties": { "vehicle_id": "A3018", "latitude": 42.692966461181641, "longitude": 23.345510482788086, "raw_occupancy": 1, "timestamp": "2026-09-15 16:55:26" }, "geometry": { "type": "Point", "coordinates": [ 23.345510482788086, 42.692966461181641 ] } },
{ "type": "Feature", "properties": { "vehicle_id": "A2001", "latitude": 42.703155517578125, "longitude": 23.364004135131836, "raw_occupancy": 2, "timestamp": "2026-09-15 16:55:26" }, "geometry": { "type": "Point", "coordinates": [ 23.364004135131836, 42.703155517578125 ] } },
{ "type": "Feature", "properties": { "vehicle_id": "A2056", "latitude": 42.809009552001953, "longitude": 23.376127243041992, "raw_occupancy": 1, "timestamp": "2026-09-15 16:55:26" }, "geometry": { "type": "Point", "coordinates": [ 23.376127243041992, 42.809009552001953 ] } },
{ "type": "Feature", "properties": { "vehicle_id": "A3661", "latitude": 42.623622894287109, "longitude": 23.357809066772461, "raw_occupancy": 1, "timestamp": "2026-09-15 16:55:26" }, "geometry": { "type": "Point", "coordinates": [ 23.357809066772461, 42.623622894287109 ] } },
{ "type": "Feature", "properties": { "vehicle_id": "A3632", "latitude": 42.664310455322266, "longitude": 23.374662399291992, "raw_occupancy": 5, "timestamp": "2026-09-15 16:55:26" }, "geometry": { "type": "Point", "coordinates": [ 23.374662399291992, 42.664310455322266 ] } },
{ "type": "Feature", "properties": { "vehicle_id": "A2081", "latitude": 42.687023162841797, "longitude": 23.342283248901367, "raw_occupancy": 2, "timestamp": "2026-09-15 16:55:26" }, "geometry": { "type": "Point", "coordinates": [ 23.342283248901367, 42.687023162841797 ] } },
{ "type": "Feature", "properties": { "vehicle_id": "A2831", "latitude": 42.669094085693359, "longitude": 23.26385498046875, "raw_occupancy": 1, "timestamp": "2026-09-15 16:55:26" }, "geometry": { "type": "Point", "coordinates": [ 23.26385498046875, 42.669094085693359 ] } },
{ "type": "Feature", "properties": { "vehicle_id": "A2722", "latitude": 42.787517547607422, "longitude": 23.273185729980469, "raw_occupancy": 1, "timestamp": "2026-09-15 16:55:26" }, "geometry": { "type": "Point", "coordinates": [ 23.273185729980469, 42.787517547607422 ] } },
{ "type": "Feature", "properties": { "vehicle_id": "A1170", "latitude": 42.728302001953125, "longitude": 23.288204193115234, "raw_occupancy": 1, "timestamp": "2026-09-15 16:55:26" }, "geometry": { "type": "Point", "coordinates": [ 23.288204193115234, 42.728302001953125 ] } },
{ "type": "Feature", "properties": { "vehicle_id": "A2502", "latitude": 42.626277923583984, "longitude": 23.317956924438477, "raw_occupancy": 1, "timestamp": "2026-09-15 16:55:26" }, "geometry": { "type": "Point", "coordinates": [ 23.317956924438477, 42.626277923583984 ] } },
{ "type": "Feature", "properties": { "vehicle_id": "A3669", "latitude": 42.684524536132812, "longitude": 23.324268341064453, "raw_occupancy": 1, "timestamp": "2026-09-15 16:55:26" }, "geometry": { "type": "Point", "coordinates": [ 23.324268341064453, 42.684524536132812 ] } },
{ "type": "Feature", "properties": { "vehicle_id": "A2027", "latitude": 42.684577941894531, "longitude": 23.349159240722656, "raw_occupancy": 0, "timestamp": "2026-09-15 16:55:26" }, "geometry": { "type": "Point", "coordinates": [ 23.349159240722656, 42.684577941894531 ] } },
{ "type": "Feature", "properties": { "vehicle_id": "A3124", "latitude": 42.686687469482422, "longitude": 23.331958770751953, "raw_occupancy": 1, "timestamp": "2026-09-15 16:55:26" }, "geometry": { "type": "Point", "coordinates": [ 23.331958770751953, 42.686687469482422 ] } },
{ "type": "Feature", "properties": { "vehicle_id": "A2804", "latitude": 42.695846557617188, "longitude": 23.284769058227539, "raw_occupancy": 2, "timestamp": "2026-09-15 16:55:26" }, "geometry": { "type": "Point", "coordinates": [ 23.284769058227539, 42.695846557617188 ] } },
{ "type": "Feature", "properties": { "vehicle_id": "A7085", "latitude": 42.706138610839844, "longitude": 23.473814010620117, "raw_occupancy": 2, "timestamp": "2026-09-15 16:55:26" }, "geometry": { "type": "Point", "coordinates": [ 23.473814010620117, 42.706138610839844 ] } },
{ "type": "Feature", "properties": { "vehicle_id": "A2085", "latitude": 42.64306640625, "longitude": 23.312919616699219, "raw_occupancy": 3, "timestamp": "2026-09-15 16:55:26" }, "geometry": { "type": "Point", "coordinates": [ 23.312919616699219, 42.64306640625 ] } },
{ "type": "Feature", "properties": { "vehicle_id": "A7117", "latitude": 42.738906860351562, "longitude": 23.302988052368164, "raw_occupancy": 1, "timestamp": "2026-09-15 16:55:26" }, "geometry": { "type": "Point", "coordinates": [ 23.302988052368164, 42.738906860351562 ] } },
{ "type": "Feature", "properties": { "vehicle_id": "A1861", "latitude": 42.715194702148438, "longitude": 23.220890045166016, "raw_occupancy": 2, "timestamp": "2026-09-15 16:55:26" }, "geometry": { "type": "Point", "coordinates": [ 23.220890045166016, 42.715194702148438 ] } },
{ "type": "Feature", "properties": { "vehicle_id": "A2517", "latitude": 42.560867309570312, "longitude": 23.365514755249023, "raw_occupancy": 1, "timestamp": "2026-09-15 16:55:26" }, "geometry": { "type": "Point", "coordinates": [ 23.365514755249023, 42.560867309570312 ] } },
{ "type": "Feature", "properties": { "vehicle_id": "A2042", "latitude": 42.692081451416016, "longitude": 23.335487365722656, "raw_occupancy": 1, "timestamp": "2026-09-15 16:55:26" }, "geometry": { "type": "Point", "coordinates": [ 23.335487365722656, 42.692081451416016 ] } },
{ "type": "Feature", "properties": { "vehicle_id": "A1607", "latitude": 42.684803009033203, "longitude": 23.268102645874023, "raw_occupancy": 2, "timestamp": "2026-09-15 16:55:26" }, "geometry": { "type": "Point", "coordinates": [ 23.268102645874023, 42.684803009033203 ] } },
{ "type": "Feature", "properties": { "vehicle_id": "A1314", "latitude": 42.682422637939453, "longitude": 23.291446685791016, "raw_occupancy": 1, "timestamp": "2026-09-15 16:55:26" }, "geometry": { "type": "Point", "coordinates": [ 23.291446685791016, 42.682422637939453 ] } },
{ "type": "Feature", "properties": { "vehicle_id": "A2516", "latitude": 42.621864318847656, "longitude": 23.32530403137207, "raw_occupancy": 1, "timestamp": "2026-09-15 16:55:26" }, "geometry": { "type": "Point", "coordinates": [ 23.32530403137207, 42.621864318847656 ] } },
{ "type": "Feature", "properties": { "vehicle_id": "A1831", "latitude": 42.669174194335938, "longitude": 23.254711151123047, "raw_occupancy": 1, "timestamp": "2026-09-15 16:55:26" }, "geometry": { "type": "Point", "coordinates": [ 23.254711151123047, 42.669174194335938 ] } },
{ "type": "Feature", "properties": { "vehicle_id": "A1183", "latitude": 42.674266815185547, "longitude": 23.291229248046875, "raw_occupancy": 2, "timestamp": "2026-09-15 16:55:26" }, "geometry": { "type": "Point", "coordinates": [ 23.291229248046875, 42.674266815185547 ] } },
{ "type": "Feature", "properties": { "vehicle_id": "A2807", "latitude": 42.724533081054688, "longitude": 23.2662353515625, "raw_occupancy": 2, "timestamp": "2026-09-15 16:55:26" }, "geometry": { "type": "Point", "coordinates": [ 23.2662353515625, 42.724533081054688 ] } },
{ "type": "Feature", "properties": { "vehicle_id": "A3600", "latitude": 42.665275573730469, "longitude": 23.422130584716797, "raw_occupancy": 2, "timestamp": "2026-09-15 16:55:26" }, "geometry": { "type": "Point", "coordinates": [ 23.422130584716797, 42.665275573730469 ] } },
{ "type": "Feature", "properties": { "vehicle_id": "A2034", "latitude": 42.670169830322266, "longitude": 23.333084106445312, "raw_occupancy": 2, "timestamp": "2026-09-15 16:55:26" }, "geometry": { "type": "Point", "coordinates": [ 23.333084106445312, 42.670169830322266 ] } },
{ "type": "Feature", "properties": { "vehicle_id": "A3659", "latitude": 42.668788909912109, "longitude": 23.400917053222656, "raw_occupancy": 2, "timestamp": "2026-09-15 16:55:26" }, "geometry": { "type": "Point", "coordinates": [ 23.400917053222656, 42.668788909912109 ] } },
{ "type": "Feature", "properties": { "vehicle_id": "A2316", "latitude": 42.644065856933594, "longitude": 23.345193862915039, "raw_occupancy": 0, "timestamp": "2026-09-15 16:55:26" }, "geometry": { "type": "Point", "coordinates": [ 23.345193862915039, 42.644065856933594 ] } },
{ "type": "Feature", "properties": { "vehicle_id": "A7103", "latitude": 42.705783843994141, "longitude": 23.316516876220703, "raw_occupancy": 2, "timestamp": "2026-09-15 16:55:26" }, "geometry": { "type": "Point", "coordinates": [ 23.316516876220703, 42.705783843994141 ] } },
{ "type": "Feature", "properties": { "vehicle_id": "A1410", "latitude": 42.659866333007812, "longitude": 23.317792892456055, "raw_occupancy": 0, "timestamp": "2026-09-15 16:55:26" }, "geometry": { "type": "Point", "coordinates": [ 23.317792892456055, 42.659866333007812 ] } },
{ "type": "Feature", "properties": { "vehicle_id": "A1408", "latitude": 42.648693084716797, "longitude": 23.26814079284668, "raw_occupancy": 1, "timestamp": "2026-09-15 16:55:26" }, "geometry": { "type": "Point", "coordinates": [ 23.26814079284668, 42.648693084716797 ] } },
{ "type": "Feature", "properties": { "vehicle_id": "A3614", "latitude": 42.653610229492188, "longitude": 23.372339248657227, "raw_occupancy": 1, "timestamp": "2026-09-15 16:55:26" }, "geometry": { "type": "Point", "coordinates": [ 23.372339248657227, 42.653610229492188 ] } },
{ "type": "Feature", "properties": { "vehicle_id": "A1851", "latitude": 42.674106597900391, "longitude": 23.240163803100586, "raw_occupancy": 2, "timestamp": "2026-09-15 16:55:26" }, "geometry": { "type": "Point", "coordinates": [ 23.240163803100586, 42.674106597900391 ] } },
{ "type": "Feature", "properties": { "vehicle_id": "A3603", "latitude": 42.644397735595703, "longitude": 23.412134170532227, "raw_occupancy": 1, "timestamp": "2026-09-15 16:55:26" }, "geometry": { "type": "Point", "coordinates": [ 23.412134170532227, 42.644397735595703 ] } },
{ "type": "Feature", "properties": { "vehicle_id": "A2507", "latitude": 42.695751190185547, "longitude": 23.360555648803711, "raw_occupancy": 2, "timestamp": "2026-09-15 16:55:26" }, "geometry": { "type": "Point", "coordinates": [ 23.360555648803711, 42.695751190185547 ] } },
{ "type": "Feature", "properties": { "vehicle_id": "A7075", "latitude": 42.783763885498047, "longitude": 23.394891738891602, "raw_occupancy": 1, "timestamp": "2026-09-15 16:55:26" }, "geometry": { "type": "Point", "coordinates": [ 23.394891738891602, 42.783763885498047 ] } },
{ "type": "Feature", "properties": { "vehicle_id": "A3145", "latitude": 42.659461975097656, "longitude": 23.392505645751953, "raw_occupancy": 3, "timestamp": "2026-09-15 16:55:26" }, "geometry": { "type": "Point", "coordinates": [ 23.392505645751953, 42.659461975097656 ] } },
{ "type": "Feature", "properties": { "vehicle_id": "A1215", "latitude": 42.626541137695312, "longitude": 23.349361419677734, "raw_occupancy": 0, "timestamp": "2026-09-15 16:55:26" }, "geometry": { "type": "Point", "coordinates": [ 23.349361419677734, 42.626541137695312 ] } },
{ "type": "Feature", "properties": { "vehicle_id": "A3012", "latitude": 42.693622589111328, "longitude": 23.339086532592773, "raw_occupancy": 2, "timestamp": "2026-09-15 16:55:26" }, "geometry": { "type": "Point", "coordinates": [ 23.339086532592773, 42.693622589111328 ] } },
{ "type": "Feature", "properties": { "vehicle_id": "A3110", "latitude": 42.686599731445312, "longitude": 23.34320068359375, "raw_occupancy": 3, "timestamp": "2026-09-15 16:55:26" }, "geometry": { "type": "Point", "coordinates": [ 23.34320068359375, 42.686599731445312 ] } },
{ "type": "Feature", "properties": { "vehicle_id": "A2044", "latitude": 42.696281433105469, "longitude": 23.351751327514648, "raw_occupancy": 1, "timestamp": "2026-09-15 16:55:26" }, "geometry": { "type": "Point", "coordinates": [ 23.351751327514648, 42.696281433105469 ] } },
{ "type": "Feature", "properties": { "vehicle_id": "A3611", "latitude": 42.668525695800781, "longitude": 23.401576995849609, "raw_occupancy": 0, "timestamp": "2026-09-15 16:55:26" }, "geometry": { "type": "Point", "coordinates": [ 23.401576995849609, 42.668525695800781 ] } },
{ "type": "Feature", "properties": { "vehicle_id": "A1616", "latitude": 42.699325561523438, "longitude": 23.344825744628906, "raw_occupancy": 2, "timestamp": "2026-09-15 16:55:26" }, "geometry": { "type": "Point", "coordinates": [ 23.344825744628906, 42.699325561523438 ] } },
{ "type": "Feature", "properties": { "vehicle_id": "A1205", "latitude": 42.642696380615234, "longitude": 23.312658309936523, "raw_occupancy": 2, "timestamp": "2026-09-15 16:55:26" }, "geometry": { "type": "Point", "coordinates": [ 23.312658309936523, 42.642696380615234 ] } },
{ "type": "Feature", "properties": { "vehicle_id": "A2033", "latitude": 42.713142395019531, "longitude": 23.380306243896484, "raw_occupancy": 1, "timestamp": "2026-09-15 16:55:26" }, "geometry": { "type": "Point", "coordinates": [ 23.380306243896484, 42.713142395019531 ] } },
{ "type": "Feature", "properties": { "vehicle_id": "A3146", "latitude": 42.671257019042969, "longitude": 23.2828369140625, "raw_occupancy": 1, "timestamp": "2026-09-15 16:55:26" }, "geometry": { "type": "Point", "coordinates": [ 23.2828369140625, 42.671257019042969 ] } },
{ "type": "Feature", "properties": { "vehicle_id": "A2312", "latitude": 42.651416778564453, "longitude": 23.357603073120117, "raw_occupancy": 0, "timestamp": "2026-09-15 16:55:26" }, "geometry": { "type": "Point", "coordinates": [ 23.357603073120117, 42.651416778564453 ] } },
{ "type": "Feature", "properties": { "vehicle_id": "A1154", "latitude": 42.646865844726562, "longitude": 23.345834732055664, "raw_occupancy": 1, "timestamp": "2026-09-15 16:55:26" }, "geometry": { "type": "Point", "coordinates": [ 23.345834732055664, 42.646865844726562 ] } },
{ "type": "Feature", "properties": { "vehicle_id": "A7137", "latitude": 42.706809997558594, "longitude": 23.332393646240234, "raw_occupancy": 3, "timestamp": "2026-09-15 16:55:26" }, "geometry": { "type": "Point", "coordinates": [ 23.332393646240234, 42.706809997558594 ] } },
{ "type": "Feature", "properties": { "vehicle_id": "A3620", "latitude": 42.629962921142578, "longitude": 23.373676300048828, "raw_occupancy": 2, "timestamp": "2026-09-15 16:55:26" }, "geometry": { "type": "Point", "coordinates": [ 23.373676300048828, 42.629962921142578 ] } },
{ "type": "Feature", "properties": { "vehicle_id": "A2165", "latitude": 42.729793548583984, "longitude": 23.292997360229492, "raw_occupancy": 0, "timestamp": "2026-09-15 16:55:26" }, "geometry": { "type": "Point", "coordinates": [ 23.292997360229492, 42.729793548583984 ] } },
{ "type": "Feature", "properties": { "vehicle_id": "A2030", "latitude": 42.713047027587891, "longitude": 23.379671096801758, "raw_occupancy": 1, "timestamp": "2026-09-15 16:55:26" }, "geometry": { "type": "Point", "coordinates": [ 23.379671096801758, 42.713047027587891 ] } },
{ "type": "Feature", "properties": { "vehicle_id": "A1620", "latitude": 42.725788116455078, "longitude": 23.243764877319336, "raw_occupancy": 3, "timestamp": "2026-09-15 16:55:26" }, "geometry": { "type": "Point", "coordinates": [ 23.243764877319336, 42.725788116455078 ] } },
{ "type": "Feature", "properties": { "vehicle_id": "A7053", "latitude": 42.719650268554688, "longitude": 23.535257339477539, "raw_occupancy": 2, "timestamp": "2026-09-15 16:55:26" }, "geometry": { "type": "Point", "coordinates": [ 23.535257339477539, 42.719650268554688 ] } },
{ "type": "Feature", "properties": { "vehicle_id": "A3111", "latitude": 42.640029907226562, "longitude": 23.41590690612793, "raw_occupancy": 0, "timestamp": "2026-09-15 16:55:26" }, "geometry": { "type": "Point", "coordinates": [ 23.41590690612793, 42.640029907226562 ] } },
{ "type": "Feature", "properties": { "vehicle_id": "A1161", "latitude": 42.718231201171875, "longitude": 23.253440856933594, "raw_occupancy": 1, "timestamp": "2026-09-15 16:55:26" }, "geometry": { "type": "Point", "coordinates": [ 23.253440856933594, 42.718231201171875 ] } },
{ "type": "Feature", "properties": { "vehicle_id": "A2315", "latitude": 42.643898010253906, "longitude": 23.345163345336914, "raw_occupancy": 1, "timestamp": "2026-09-15 16:55:26" }, "geometry": { "type": "Point", "coordinates": [ 23.345163345336914, 42.643898010253906 ] } },
{ "type": "Feature", "properties": { "vehicle_id": "A7173", "latitude": 42.706348419189453, "longitude": 23.312238693237305, "raw_occupancy": 0, "timestamp": "2026-09-15 16:55:26" }, "geometry": { "type": "Point", "coordinates": [ 23.312238693237305, 42.706348419189453 ] } },
{ "type": "Feature", "properties": { "vehicle_id": "A3623", "latitude": 42.664020538330078, "longitude": 23.462175369262695, "raw_occupancy": 1, "timestamp": "2026-09-15 16:55:26" }, "geometry": { "type": "Point", "coordinates": [ 23.462175369262695, 42.664020538330078 ] } },
{ "type": "Feature", "properties": { "vehicle_id": "A7121", "latitude": 42.793647766113281, "longitude": 23.446222305297852, "raw_occupancy": 1, "timestamp": "2026-09-15 16:55:26" }, "geometry": { "type": "Point", "coordinates": [ 23.446222305297852, 42.793647766113281 ] } },
{ "type": "Feature", "properties": { "vehicle_id": "A1184", "latitude": 42.675769805908203, "longitude": 23.334041595458984, "raw_occupancy": 2, "timestamp": "2026-09-15 16:55:26" }, "geometry": { "type": "Point", "coordinates": [ 23.334041595458984, 42.675769805908203 ] } },
{ "type": "Feature", "properties": { "vehicle_id": "A1127", "latitude": 42.774166107177734, "longitude": 23.183385848999023, "raw_occupancy": 0, "timestamp": "2026-09-15 16:55:26" }, "geometry": { "type": "Point", "coordinates": [ 23.183385848999023, 42.774166107177734 ] } },
{ "type": "Feature", "properties": { "vehicle_id": "A1609", "latitude": 42.696750640869141, "longitude": 23.359622955322266, "raw_occupancy": 3, "timestamp": "2026-09-15 16:55:26" }, "geometry": { "type": "Point", "coordinates": [ 23.359622955322266, 42.696750640869141 ] } },
{ "type": "Feature", "properties": { "vehicle_id": "A7181", "latitude": 42.847633361816406, "longitude": 23.270437240600586, "raw_occupancy": 0, "timestamp": "2026-09-15 16:55:26" }, "geometry": { "type": "Point", "coordinates": [ 23.270437240600586, 42.847633361816406 ] } },
{ "type": "Feature", "properties": { "vehicle_id": "A7145", "latitude": 42.723842620849609, "longitude": 23.548656463623047, "raw_occupancy": 1, "timestamp": "2026-09-15 16:55:26" }, "geometry": { "type": "Point", "coordinates": [ 23.548656463623047, 42.723842620849609 ] } },
{ "type": "Feature", "properties": { "vehicle_id": "A2306", "latitude": 42.652015686035156, "longitude": 23.359445571899414, "raw_occupancy": 2, "timestamp": "2026-09-15 16:55:26" }, "geometry": { "type": "Point", "coordinates": [ 23.359445571899414, 42.652015686035156 ] } },
{ "type": "Feature", "properties": { "vehicle_id": "A1216", "latitude": 42.749797821044922, "longitude": 23.277032852172852, "raw_occupancy": 1, "timestamp": "2026-09-15 16:55:26" }, "geometry": { "type": "Point", "coordinates": [ 23.277032852172852, 42.749797821044922 ] } },
{ "type": "Feature", "properties": { "vehicle_id": "A7129", "latitude": 42.707569122314453, "longitude": 23.357648849487305, "raw_occupancy": 0, "timestamp": "2026-09-15 16:55:26" }, "geometry": { "type": "Point", "coordinates": [ 23.357648849487305, 42.707569122314453 ] } },
{ "type": "Feature", "properties": { "vehicle_id": "A2314", "latitude": 42.653793334960938, "longitude": 23.343412399291992, "raw_occupancy": 2, "timestamp": "2026-09-15 16:55:26" }, "geometry": { "type": "Point", "coordinates": [ 23.343412399291992, 42.653793334960938 ] } },
{ "type": "Feature", "properties": { "vehicle_id": "A1026", "latitude": 42.621391296386719, "longitude": 23.437496185302734, "raw_occupancy": 2, "timestamp": "2026-09-15 16:55:26" }, "geometry": { "type": "Point", "coordinates": [ 23.437496185302734, 42.621391296386719 ] } },
{ "type": "Feature", "properties": { "vehicle_id": "A3150", "latitude": 42.640426635742188, "longitude": 23.413114547729492, "raw_occupancy": 0, "timestamp": "2026-09-15 16:55:26" }, "geometry": { "type": "Point", "coordinates": [ 23.413114547729492, 42.640426635742188 ] } },
{ "type": "Feature", "properties": { "vehicle_id": "A2309", "latitude": 42.662681579589844, "longitude": 23.358179092407227, "raw_occupancy": 3, "timestamp": "2026-09-15 16:55:26" }, "geometry": { "type": "Point", "coordinates": [ 23.358179092407227, 42.662681579589844 ] } },
{ "type": "Feature", "properties": { "vehicle_id": "A2077", "latitude": 42.781509399414062, "longitude": 23.381895065307617, "raw_occupancy": 1, "timestamp": "2026-09-15 16:55:26" }, "geometry": { "type": "Point", "coordinates": [ 23.381895065307617, 42.781509399414062 ] } },
{ "type": "Feature", "properties": { "vehicle_id": "A2086", "latitude": 42.705528259277344, "longitude": 23.334138870239258, "raw_occupancy": 2, "timestamp": "2026-09-15 16:55:26" }, "geometry": { "type": "Point", "coordinates": [ 23.334138870239258, 42.705528259277344 ] } },
{ "type": "Feature", "properties": { "vehicle_id": "A3152", "latitude": 42.666633605957031, "longitude": 23.337797164916992, "raw_occupancy": 2, "timestamp": "2026-09-15 16:55:26" }, "geometry": { "type": "Point", "coordinates": [ 23.337797164916992, 42.666633605957031 ] } },
{ "type": "Feature", "properties": { "vehicle_id": "A1206", "latitude": 42.665306091308594, "longitude": 23.27528190612793, "raw_occupancy": 2, "timestamp": "2026-09-15 16:55:26" }, "geometry": { "type": "Point", "coordinates": [ 23.27528190612793, 42.665306091308594 ] } },
{ "type": "Feature", "properties": { "vehicle_id": "A2505", "latitude": 42.696495056152344, "longitude": 23.280473709106445, "raw_occupancy": 2, "timestamp": "2026-09-15 16:55:26" }, "geometry": { "type": "Point", "coordinates": [ 23.280473709106445, 42.696495056152344 ] } },
{ "type": "Feature", "properties": { "vehicle_id": "A2816", "latitude": 42.720371246337891, "longitude": 23.312616348266602, "raw_occupancy": 3, "timestamp": "2026-09-15 16:55:26" }, "geometry": { "type": "Point", "coordinates": [ 23.312616348266602, 42.720371246337891 ] } },
{ "type": "Feature", "properties": { "vehicle_id": "A1857", "latitude": 42.6517333984375, "longitude": 23.221061706542969, "raw_occupancy": 2, "timestamp": "2026-09-15 16:55:26" }, "geometry": { "type": "Point", "coordinates": [ 23.221061706542969, 42.6517333984375 ] } },
{ "type": "Feature", "properties": { "vehicle_id": "A3013", "latitude": 42.656661987304688, "longitude": 23.384906768798828, "raw_occupancy": 3, "timestamp": "2026-09-15 16:55:26" }, "geometry": { "type": "Point", "coordinates": [ 23.384906768798828, 42.656661987304688 ] } },
{ "type": "Feature", "properties": { "vehicle_id": "A1176", "latitude": 42.711860656738281, "longitude": 23.318735122680664, "raw_occupancy": 0, "timestamp": "2026-09-15 16:55:26" }, "geometry": { "type": "Point", "coordinates": [ 23.318735122680664, 42.711860656738281 ] } },
{ "type": "Feature", "properties": { "vehicle_id": "A3410", "latitude": 42.658634185791016, "longitude": 23.396366119384766, "raw_occupancy": 1, "timestamp": "2026-09-15 16:55:26" }, "geometry": { "type": "Point", "coordinates": [ 23.396366119384766, 42.658634185791016 ] } },
{ "type": "Feature", "properties": { "vehicle_id": "A1188", "latitude": 42.662338256835938, "longitude": 23.345413208007812, "raw_occupancy": 1, "timestamp": "2026-09-15 16:55:26" }, "geometry": { "type": "Point", "coordinates": [ 23.345413208007812, 42.662338256835938 ] } },
{ "type": "Feature", "properties": { "vehicle_id": "A2054", "latitude": 42.688743591308594, "longitude": 23.298297882080078, "raw_occupancy": 3, "timestamp": "2026-09-15 16:55:26" }, "geometry": { "type": "Point", "coordinates": [ 23.298297882080078, 42.688743591308594 ] } },
{ "type": "Feature", "properties": { "vehicle_id": "A3665", "latitude": 42.683422088623047, "longitude": 23.323076248168945, "raw_occupancy": 1, "timestamp": "2026-09-15 16:55:26" }, "geometry": { "type": "Point", "coordinates": [ 23.323076248168945, 42.683422088623047 ] } },
{ "type": "Feature", "properties": { "vehicle_id": "A2822", "latitude": 42.717449188232422, "longitude": 23.339300155639648, "raw_occupancy": 1, "timestamp": "2026-09-15 16:55:26" }, "geometry": { "type": "Point", "coordinates": [ 23.339300155639648, 42.717449188232422 ] } },
{ "type": "Feature", "properties": { "vehicle_id": "A1230", "latitude": 42.694499969482422, "longitude": 23.120445251464844, "raw_occupancy": 0, "timestamp": "2026-09-15 16:55:26" }, "geometry": { "type": "Point", "coordinates": [ 23.120445251464844, 42.694499969482422 ] } },
{ "type": "Feature", "properties": { "vehicle_id": "A1186", "latitude": 42.678298950195312, "longitude": 23.322463989257812, "raw_occupancy": 1, "timestamp": "2026-09-15 16:55:26" }, "geometry": { "type": "Point", "coordinates": [ 23.322463989257812, 42.678298950195312 ] } },
{ "type": "Feature", "properties": { "vehicle_id": "A3127", "latitude": 42.68994140625, "longitude": 23.353548049926758, "raw_occupancy": 2, "timestamp": "2026-09-15 16:55:26" }, "geometry": { "type": "Point", "coordinates": [ 23.353548049926758, 42.68994140625 ] } },
{ "type": "Feature", "properties": { "vehicle_id": "A2727", "latitude": 42.764694213867188, "longitude": 23.314443588256836, "raw_occupancy": 1, "timestamp": "2026-09-15 16:55:26" }, "geometry": { "type": "Point", "coordinates": [ 23.314443588256836, 42.764694213867188 ] } },
{ "type": "Feature", "properties": { "vehicle_id": "A1319", "latitude": 42.628520965576172, "longitude": 23.195737838745117, "raw_occupancy": 0, "timestamp": "2026-09-15 16:55:26" }, "geometry": { "type": "Point", "coordinates": [ 23.195737838745117, 42.628520965576172 ] } },
{ "type": "Feature", "properties": { "vehicle_id": "A2509", "latitude": 42.694023132324219, "longitude": 23.346696853637695, "raw_occupancy": 3, "timestamp": "2026-09-15 16:55:26" }, "geometry": { "type": "Point", "coordinates": [ 23.346696853637695, 42.694023132324219 ] } },
{ "type": "Feature", "properties": { "vehicle_id": "A1618", "latitude": 42.690391540527344, "longitude": 23.253786087036133, "raw_occupancy": 2, "timestamp": "2026-09-15 16:55:26" }, "geometry": { "type": "Point", "coordinates": [ 23.253786087036133, 42.690391540527344 ] } },
{ "type": "Feature", "properties": { "vehicle_id": "A3408", "latitude": 42.679172515869141, "longitude": 23.399921417236328, "raw_occupancy": 1, "timestamp": "2026-09-15 16:55:26" }, "geometry": { "type": "Point", "coordinates": [ 23.399921417236328, 42.679172515869141 ] } },
{ "type": "Feature", "properties": { "vehicle_id": "A3319", "latitude": 42.653583526611328, "longitude": 23.380287170410156, "raw_occupancy": 2, "timestamp": "2026-09-15 16:55:26" }, "geometry": { "type": "Point", "coordinates": [ 23.380287170410156, 42.653583526611328 ] } },
{ "type": "Feature", "properties": { "vehicle_id": "A7185", "latitude": 42.734210968017578, "longitude": 23.606718063354492, "raw_occupancy": 0, "timestamp": "2026-09-15 16:55:26" }, "geometry": { "type": "Point", "coordinates": [ 23.606718063354492, 42.734210968017578 ] } },
{ "type": "Feature", "properties": { "vehicle_id": "A3402", "latitude": 42.643394470214844, "longitude": 23.33416748046875, "raw_occupancy": 2, "timestamp": "2026-09-15 16:55:26" }, "geometry": { "type": "Point", "coordinates": [ 23.33416748046875, 42.643394470214844 ] } },
{ "type": "Feature", "properties": { "vehicle_id": "A2819", "latitude": 42.71502685546875, "longitude": 23.325639724731445, "raw_occupancy": 1, "timestamp": "2026-09-15 16:55:26" }, "geometry": { "type": "Point", "coordinates": [ 23.325639724731445, 42.71502685546875 ] } },
{ "type": "Feature", "properties": { "vehicle_id": "A1823", "latitude": 42.732051849365234, "longitude": 23.312915802001953, "raw_occupancy": 1, "timestamp": "2026-09-15 16:55:26" }, "geometry": { "type": "Point", "coordinates": [ 23.312915802001953, 42.732051849365234 ] } },
{ "type": "Feature", "properties": { "vehicle_id": "A7165", "latitude": 42.710105895996094, "longitude": 23.389276504516602, "raw_occupancy": 1, "timestamp": "2026-09-15 16:55:26" }, "geometry": { "type": "Point", "coordinates": [ 23.389276504516602, 42.710105895996094 ] } },
{ "type": "Feature", "properties": { "vehicle_id": "A7175", "latitude": 42.725994110107422, "longitude": 23.303155899047852, "raw_occupancy": 3, "timestamp": "2026-09-15 16:55:26" }, "geometry": { "type": "Point", "coordinates": [ 23.303155899047852, 42.725994110107422 ] } },
{ "type": "Feature", "properties": { "vehicle_id": "A1174", "latitude": 42.657207489013672, "longitude": 23.272850036621094, "raw_occupancy": 1, "timestamp": "2026-09-15 16:55:26" }, "geometry": { "type": "Point", "coordinates": [ 23.272850036621094, 42.657207489013672 ] } },
{ "type": "Feature", "properties": { "vehicle_id": "A2002", "latitude": 42.644218444824219, "longitude": 23.341926574707031, "raw_occupancy": 1, "timestamp": "2026-09-15 16:55:26" }, "geometry": { "type": "Point", "coordinates": [ 23.341926574707031, 42.644218444824219 ] } },
{ "type": "Feature", "properties": { "vehicle_id": "A1606", "latitude": 42.641281127929688, "longitude": 23.313743591308594, "raw_occupancy": 0, "timestamp": "2026-09-15 16:55:26" }, "geometry": { "type": "Point", "coordinates": [ 23.313743591308594, 42.641281127929688 ] } },
{ "type": "Feature", "properties": { "vehicle_id": "A7169", "latitude": 42.759983062744141, "longitude": 23.487308502197266, "raw_occupancy": 2, "timestamp": "2026-09-15 16:55:26" }, "geometry": { "type": "Point", "coordinates": [ 23.487308502197266, 42.759983062744141 ] } },
{ "type": "Feature", "properties": { "vehicle_id": "A3401", "latitude": 42.632633209228516, "longitude": 23.333744049072266, "raw_occupancy": 1, "timestamp": "2026-09-15 16:55:26" }, "geometry": { "type": "Point", "coordinates": [ 23.333744049072266, 42.632633209228516 ] } },
{ "type": "Feature", "properties": { "vehicle_id": "A1222", "latitude": 42.722827911376953, "longitude": 23.261730194091797, "raw_occupancy": 0, "timestamp": "2026-09-15 16:55:26" }, "geometry": { "type": "Point", "coordinates": [ 23.261730194091797, 42.722827911376953 ] } },
{ "type": "Feature", "properties": { "vehicle_id": "A2045", "latitude": 42.705898284912109, "longitude": 23.30735969543457, "raw_occupancy": 1, "timestamp": "2026-09-15 16:55:26" }, "geometry": { "type": "Point", "coordinates": [ 23.30735969543457, 42.705898284912109 ] } },
{ "type": "Feature", "properties": { "vehicle_id": "A2024", "latitude": 42.644355773925781, "longitude": 23.341957092285156, "raw_occupancy": 1, "timestamp": "2026-09-15 16:55:26" }, "geometry": { "type": "Point", "coordinates": [ 23.341957092285156, 42.644355773925781 ] } },
{ "type": "Feature", "properties": { "vehicle_id": "A1158", "latitude": 42.708820343017578, "longitude": 23.230396270751953, "raw_occupancy": 3, "timestamp": "2026-09-15 16:55:26" }, "geometry": { "type": "Point", "coordinates": [ 23.230396270751953, 42.708820343017578 ] } },
{ "type": "Feature", "properties": { "vehicle_id": "A2065", "latitude": 42.721668243408203, "longitude": 23.342025756835938, "raw_occupancy": 2, "timestamp": "2026-09-15 16:55:26" }, "geometry": { "type": "Point", "coordinates": [ 23.342025756835938, 42.721668243408203 ] } },
{ "type": "Feature", "properties": { "vehicle_id": "A7045", "latitude": 42.709457397460938, "longitude": 23.345203399658203, "raw_occupancy": 2, "timestamp": "2026-09-15 16:55:26" }, "geometry": { "type": "Point", "coordinates": [ 23.345203399658203, 42.709457397460938 ] } },
{ "type": "Feature", "properties": { "vehicle_id": "A3100", "latitude": 42.686107635498047, "longitude": 23.351274490356445, "raw_occupancy": 3, "timestamp": "2026-09-15 16:55:26" }, "geometry": { "type": "Point", "coordinates": [ 23.351274490356445, 42.686107635498047 ] } },
{ "type": "Feature", "properties": { "vehicle_id": "A3143", "latitude": 42.656764984130859, "longitude": 23.384805679321289, "raw_occupancy": 3, "timestamp": "2026-09-15 16:55:26" }, "geometry": { "type": "Point", "coordinates": [ 23.384805679321289, 42.656764984130859 ] } },
{ "type": "Feature", "properties": { "vehicle_id": "A2043", "latitude": 42.737274169921875, "longitude": 23.295734405517578, "raw_occupancy": 1, "timestamp": "2026-09-15 16:55:26" }, "geometry": { "type": "Point", "coordinates": [ 23.295734405517578, 42.737274169921875 ] } },
{ "type": "Feature", "properties": { "vehicle_id": "A2023", "latitude": 42.665470123291016, "longitude": 23.319332122802734, "raw_occupancy": 2, "timestamp": "2026-09-15 16:55:26" }, "geometry": { "type": "Point", "coordinates": [ 23.319332122802734, 42.665470123291016 ] } },
{ "type": "Feature", "properties": { "vehicle_id": "A3116", "latitude": 42.657123565673828, "longitude": 23.336465835571289, "raw_occupancy": 2, "timestamp": "2026-09-15 16:55:26" }, "geometry": { "type": "Point", "coordinates": [ 23.336465835571289, 42.657123565673828 ] } },
{ "type": "Feature", "properties": { "vehicle_id": "A2048", "latitude": 42.596481323242188, "longitude": 23.409963607788086, "raw_occupancy": 2, "timestamp": "2026-09-15 16:55:26" }, "geometry": { "type": "Point", "coordinates": [ 23.409963607788086, 42.596481323242188 ] } },
{ "type": "Feature", "properties": { "vehicle_id": "A3144", "latitude": 42.681743621826172, "longitude": 23.315132141113281, "raw_occupancy": 2, "timestamp": "2026-09-15 16:55:26" }, "geometry": { "type": "Point", "coordinates": [ 23.315132141113281, 42.681743621826172 ] } },
{ "type": "Feature", "properties": { "vehicle_id": "A3114", "latitude": 42.650787353515625, "longitude": 23.405569076538086, "raw_occupancy": 1, "timestamp": "2026-09-15 16:55:26" }, "geometry": { "type": "Point", "coordinates": [ 23.405569076538086, 42.650787353515625 ] } },
{ "type": "Feature", "properties": { "vehicle_id": "A3312", "latitude": 42.670310974121094, "longitude": 23.365875244140625, "raw_occupancy": 2, "timestamp": "2026-09-15 16:55:26" }, "geometry": { "type": "Point", "coordinates": [ 23.365875244140625, 42.670310974121094 ] } },
{ "type": "Feature", "properties": { "vehicle_id": "A1165", "latitude": 42.710742950439453, "longitude": 23.292150497436523, "raw_occupancy": 3, "timestamp": "2026-09-15 16:55:26" }, "geometry": { "type": "Point", "coordinates": [ 23.292150497436523, 42.710742950439453 ] } },
{ "type": "Feature", "properties": { "vehicle_id": "A1825", "latitude": 42.694541931152344, "longitude": 23.184932708740234, "raw_occupancy": 1, "timestamp": "2026-09-15 16:55:26" }, "geometry": { "type": "Point", "coordinates": [ 23.184932708740234, 42.694541931152344 ] } },
{ "type": "Feature", "properties": { "vehicle_id": "A3112", "latitude": 42.665763854980469, "longitude": 23.303031921386719, "raw_occupancy": 1, "timestamp": "2026-09-15 16:55:26" }, "geometry": { "type": "Point", "coordinates": [ 23.303031921386719, 42.665763854980469 ] } },
{ "type": "Feature", "properties": { "vehicle_id": "A3102", "latitude": 42.684833526611328, "longitude": 23.349458694458008, "raw_occupancy": 2, "timestamp": "2026-09-15 16:55:26" }, "geometry": { "type": "Point", "coordinates": [ 23.349458694458008, 42.684833526611328 ] } },
{ "type": "Feature", "properties": { "vehicle_id": "A7155", "latitude": 42.731639862060547, "longitude": 23.476261138916016, "raw_occupancy": 3, "timestamp": "2026-09-15 16:55:26" }, "geometry": { "type": "Point", "coordinates": [ 23.476261138916016, 42.731639862060547 ] } },
{ "type": "Feature", "properties": { "vehicle_id": "A1034", "latitude": 42.665454864501953, "longitude": 23.266000747680664, "raw_occupancy": 2, "timestamp": "2026-09-15 16:55:26" }, "geometry": { "type": "Point", "coordinates": [ 23.266000747680664, 42.665454864501953 ] } },
{ "type": "Feature", "properties": { "vehicle_id": "A2318", "latitude": 42.663192749023438, "longitude": 23.357879638671875, "raw_occupancy": 1, "timestamp": "2026-09-15 16:55:26" }, "geometry": { "type": "Point", "coordinates": [ 23.357879638671875, 42.663192749023438 ] } },
{ "type": "Feature", "properties": { "vehicle_id": "A3135", "latitude": 42.654758453369141, "longitude": 23.414430618286133, "raw_occupancy": 2, "timestamp": "2026-09-15 16:55:26" }, "geometry": { "type": "Point", "coordinates": [ 23.414430618286133, 42.654758453369141 ] } },
{ "type": "Feature", "properties": { "vehicle_id": "A7135", "latitude": 42.827602386474609, "longitude": 23.240348815917969, "raw_occupancy": 0, "timestamp": "2026-09-15 16:55:26" }, "geometry": { "type": "Point", "coordinates": [ 23.240348815917969, 42.827602386474609 ] } },
{ "type": "Feature", "properties": { "vehicle_id": "A2064", "latitude": 42.731761932373047, "longitude": 23.286417007446289, "raw_occupancy": 1, "timestamp": "2026-09-15 16:55:26" }, "geometry": { "type": "Point", "coordinates": [ 23.286417007446289, 42.731761932373047 ] } },
{ "type": "Feature", "properties": { "vehicle_id": "A7093", "latitude": 42.728111267089844, "longitude": 23.259727478027344, "raw_occupancy": 2, "timestamp": "2026-09-15 16:55:26" }, "geometry": { "type": "Point", "coordinates": [ 23.259727478027344, 42.728111267089844 ] } },
{ "type": "Feature", "properties": { "vehicle_id": "A3657", "latitude": 42.702377319335938, "longitude": 23.338262557983398, "raw_occupancy": 1, "timestamp": "2026-09-15 16:55:26" }, "geometry": { "type": "Point", "coordinates": [ 23.338262557983398, 42.702377319335938 ] } },
{ "type": "Feature", "properties": { "vehicle_id": "A1605", "latitude": 42.701492309570312, "longitude": 23.297603607177734, "raw_occupancy": 2, "timestamp": "2026-09-15 16:55:26" }, "geometry": { "type": "Point", "coordinates": [ 23.297603607177734, 42.701492309570312 ] } },
{ "type": "Feature", "properties": { "vehicle_id": "A3628", "latitude": 42.663192749023438, "longitude": 23.414508819580078, "raw_occupancy": 1, "timestamp": "2026-09-15 16:55:26" }, "geometry": { "type": "Point", "coordinates": [ 23.414508819580078, 42.663192749023438 ] } },
{ "type": "Feature", "properties": { "vehicle_id": "A1212", "latitude": 42.652862548828125, "longitude": 23.315881729125977, "raw_occupancy": 2, "timestamp": "2026-09-15 16:55:26" }, "geometry": { "type": "Point", "coordinates": [ 23.315881729125977, 42.652862548828125 ] } },
{ "type": "Feature", "properties": { "vehicle_id": "A1426", "latitude": 42.623157501220703, "longitude": 23.371368408203125, "raw_occupancy": 3, "timestamp": "2026-09-15 16:55:26" }, "geometry": { "type": "Point", "coordinates": [ 23.371368408203125, 42.623157501220703 ] } },
{ "type": "Feature", "properties": { "vehicle_id": "A3121", "latitude": 42.709793090820312, "longitude": 23.322372436523438, "raw_occupancy": 0, "timestamp": "2026-09-15 16:55:26" }, "geometry": { "type": "Point", "coordinates": [ 23.322372436523438, 42.709793090820312 ] } },
{ "type": "Feature", "properties": { "vehicle_id": "A1162", "latitude": 42.733673095703125, "longitude": 23.309715270996094, "raw_occupancy": 1, "timestamp": "2026-09-15 16:55:26" }, "geometry": { "type": "Point", "coordinates": [ 23.309715270996094, 42.733673095703125 ] } },
{ "type": "Feature", "properties": { "vehicle_id": "A3108", "latitude": 42.711372375488281, "longitude": 23.319923400878906, "raw_occupancy": 1, "timestamp": "2026-09-15 16:55:26" }, "geometry": { "type": "Point", "coordinates": [ 23.319923400878906, 42.711372375488281 ] } },
{ "type": "Feature", "properties": { "vehicle_id": "A2038", "latitude": 42.666652679443359, "longitude": 23.339170455932617, "raw_occupancy": 2, "timestamp": "2026-09-15 16:55:26" }, "geometry": { "type": "Point", "coordinates": [ 23.339170455932617, 42.666652679443359 ] } },
{ "type": "Feature", "properties": { "vehicle_id": "A3403", "latitude": 42.666774749755859, "longitude": 23.341363906860352, "raw_occupancy": 2, "timestamp": "2026-09-15 16:55:26" }, "geometry": { "type": "Point", "coordinates": [ 23.341363906860352, 42.666774749755859 ] } },
{ "type": "Feature", "properties": { "vehicle_id": "A3663", "latitude": 42.701644897460938, "longitude": 23.340251922607422, "raw_occupancy": 2, "timestamp": "2026-09-15 16:55:26" }, "geometry": { "type": "Point", "coordinates": [ 23.340251922607422, 42.701644897460938 ] } },
{ "type": "Feature", "properties": { "vehicle_id": "A3664", "latitude": 42.686359405517578, "longitude": 23.30076789855957, "raw_occupancy": 1, "timestamp": "2026-09-15 16:55:26" }, "geometry": { "type": "Point", "coordinates": [ 23.30076789855957, 42.686359405517578 ] } },
{ "type": "Feature", "properties": { "vehicle_id": "A1406", "latitude": 42.666641235351562, "longitude": 23.288980484008789, "raw_occupancy": 2, "timestamp": "2026-09-15 16:55:26" }, "geometry": { "type": "Point", "coordinates": [ 23.288980484008789, 42.666641235351562 ] } },
{ "type": "Feature", "properties": { "vehicle_id": "A1163", "latitude": 42.7164306640625, "longitude": 23.250396728515625, "raw_occupancy": 1, "timestamp": "2026-09-15 16:55:26" }, "geometry": { "type": "Point", "coordinates": [ 23.250396728515625, 42.7164306640625 ] } },
{ "type": "Feature", "properties": { "vehicle_id": "A7193", "latitude": 42.725555419921875, "longitude": 23.344320297241211, "raw_occupancy": 0, "timestamp": "2026-09-15 16:55:26" }, "geometry": { "type": "Point", "coordinates": [ 23.344320297241211, 42.725555419921875 ] } },
{ "type": "Feature", "properties": { "vehicle_id": "A3134", "latitude": 42.642406463623047, "longitude": 23.367469787597656, "raw_occupancy": 1, "timestamp": "2026-09-15 16:55:26" }, "geometry": { "type": "Point", "coordinates": [ 23.367469787597656, 42.642406463623047 ] } },
{ "type": "Feature", "properties": { "vehicle_id": "A2058", "latitude": 42.676948547363281, "longitude": 23.359939575195312, "raw_occupancy": 2, "timestamp": "2026-09-15 16:55:26" }, "geometry": { "type": "Point", "coordinates": [ 23.359939575195312, 42.676948547363281 ] } },
{ "type": "Feature", "properties": { "vehicle_id": "A2514", "latitude": 42.686725616455078, "longitude": 23.309602737426758, "raw_occupancy": 2, "timestamp": "2026-09-15 16:55:26" }, "geometry": { "type": "Point", "coordinates": [ 23.309602737426758, 42.686725616455078 ] } },
{ "type": "Feature", "properties": { "vehicle_id": "A7161", "latitude": 42.809345245361328, "longitude": 23.350273132324219, "raw_occupancy": 1, "timestamp": "2026-09-15 16:55:26" }, "geometry": { "type": "Point", "coordinates": [ 23.350273132324219, 42.809345245361328 ] } },
{ "type": "Feature", "properties": { "vehicle_id": "A1012", "latitude": 42.650997161865234, "longitude": 23.332448959350586, "raw_occupancy": 3, "timestamp": "2026-09-15 16:55:26" }, "geometry": { "type": "Point", "coordinates": [ 23.332448959350586, 42.650997161865234 ] } },
{ "type": "Feature", "properties": { "vehicle_id": "A1610", "latitude": 42.656440734863281, "longitude": 23.275180816650391, "raw_occupancy": 3, "timestamp": "2026-09-15 16:55:26" }, "geometry": { "type": "Point", "coordinates": [ 23.275180816650391, 42.656440734863281 ] } },
{ "type": "Feature", "properties": { "vehicle_id": "A1187", "latitude": 42.705757141113281, "longitude": 23.298839569091797, "raw_occupancy": 3, "timestamp": "2026-09-15 16:55:26" }, "geometry": { "type": "Point", "coordinates": [ 23.298839569091797, 42.705757141113281 ] } },
{ "type": "Feature", "properties": { "vehicle_id": "A3016", "latitude": 42.680702209472656, "longitude": 23.357215881347656, "raw_occupancy": 2, "timestamp": "2026-09-15 16:55:26" }, "geometry": { "type": "Point", "coordinates": [ 23.357215881347656, 42.680702209472656 ] } },
{ "type": "Feature", "properties": { "vehicle_id": "A1841", "latitude": 42.683055877685547, "longitude": 23.240852355957031, "raw_occupancy": 4, "timestamp": "2026-09-15 16:55:26" }, "geometry": { "type": "Point", "coordinates": [ 23.240852355957031, 42.683055877685547 ] } },
{ "type": "Feature", "properties": { "vehicle_id": "A2510", "latitude": 42.659088134765625, "longitude": 23.32769775390625, "raw_occupancy": 0, "timestamp": "2026-09-15 16:55:26" }, "geometry": { "type": "Point", "coordinates": [ 23.32769775390625, 42.659088134765625 ] } },
{ "type": "Feature", "properties": { "vehicle_id": "A1612", "latitude": 42.689720153808594, "longitude": 23.338441848754883, "raw_occupancy": 3, "timestamp": "2026-09-15 16:55:26" }, "geometry": { "type": "Point", "coordinates": [ 23.338441848754883, 42.689720153808594 ] } },
{ "type": "Feature", "properties": { "vehicle_id": "A3120", "latitude": 42.638923645019531, "longitude": 23.391376495361328, "raw_occupancy": 1, "timestamp": "2026-09-15 16:55:26" }, "geometry": { "type": "Point", "coordinates": [ 23.391376495361328, 42.638923645019531 ] } },
{ "type": "Feature", "properties": { "vehicle_id": "A3157", "latitude": 42.652996063232422, "longitude": 23.347475051879883, "raw_occupancy": 3, "timestamp": "2026-09-15 16:55:26" }, "geometry": { "type": "Point", "coordinates": [ 23.347475051879883, 42.652996063232422 ] } },
{ "type": "Feature", "properties": { "vehicle_id": "A2010", "latitude": 42.717426300048828, "longitude": 23.279245376586914, "raw_occupancy": 2, "timestamp": "2026-09-15 16:55:26" }, "geometry": { "type": "Point", "coordinates": [ 23.279245376586914, 42.717426300048828 ] } },
{ "type": "Feature", "properties": { "vehicle_id": "A1153", "latitude": 42.724609375, "longitude": 23.281425476074219, "raw_occupancy": 3, "timestamp": "2026-09-15 16:55:26" }, "geometry": { "type": "Point", "coordinates": [ 23.281425476074219, 42.724609375 ] } },
{ "type": "Feature", "properties": { "vehicle_id": "A1036", "latitude": 42.648319244384766, "longitude": 23.332443237304688, "raw_occupancy": 5, "timestamp": "2026-09-15 16:55:26" }, "geometry": { "type": "Point", "coordinates": [ 23.332443237304688, 42.648319244384766 ] } },
{ "type": "Feature", "properties": { "vehicle_id": "A2313", "latitude": 42.650192260742188, "longitude": 23.341936111450195, "raw_occupancy": 2, "timestamp": "2026-09-15 16:55:26" }, "geometry": { "type": "Point", "coordinates": [ 23.341936111450195, 42.650192260742188 ] } },
{ "type": "Feature", "properties": { "vehicle_id": "A3616", "latitude": 42.704990386962891, "longitude": 23.333703994750977, "raw_occupancy": 5, "timestamp": "2026-09-15 16:55:26" }, "geometry": { "type": "Point", "coordinates": [ 23.333703994750977, 42.704990386962891 ] } },
{ "type": "Feature", "properties": { "vehicle_id": "A7123", "latitude": 42.757991790771484, "longitude": 23.560420989990234, "raw_occupancy": 0, "timestamp": "2026-09-15 16:55:26" }, "geometry": { "type": "Point", "coordinates": [ 23.560420989990234, 42.757991790771484 ] } },
{ "type": "Feature", "properties": { "vehicle_id": "A7157", "latitude": 42.735332489013672, "longitude": 23.467386245727539, "raw_occupancy": 1, "timestamp": "2026-09-15 16:55:26" }, "geometry": { "type": "Point", "coordinates": [ 23.467386245727539, 42.735332489013672 ] } },
{ "type": "Feature", "properties": { "vehicle_id": "A1152", "latitude": 42.672683715820312, "longitude": 23.293598175048828, "raw_occupancy": 1, "timestamp": "2026-09-15 16:55:26" }, "geometry": { "type": "Point", "coordinates": [ 23.293598175048828, 42.672683715820312 ] } },
{ "type": "Feature", "properties": { "vehicle_id": "A2047", "latitude": 42.819999694824219, "longitude": 23.372787475585938, "raw_occupancy": 1, "timestamp": "2026-09-15 16:55:26" }, "geometry": { "type": "Point", "coordinates": [ 23.372787475585938, 42.819999694824219 ] } },
{ "type": "Feature", "properties": { "vehicle_id": "A2304", "latitude": 42.686180114746094, "longitude": 23.343593597412109, "raw_occupancy": 1, "timestamp": "2026-09-15 16:55:26" }, "geometry": { "type": "Point", "coordinates": [ 23.343593597412109, 42.686180114746094 ] } },
{ "type": "Feature", "properties": { "vehicle_id": "A3014", "latitude": 42.678520202636719, "longitude": 23.365280151367188, "raw_occupancy": 3, "timestamp": "2026-09-15 16:55:26" }, "geometry": { "type": "Point", "coordinates": [ 23.365280151367188, 42.678520202636719 ] } },
{ "type": "Feature", "properties": { "vehicle_id": "A7149", "latitude": 42.717388153076172, "longitude": 23.354711532592773, "raw_occupancy": 2, "timestamp": "2026-09-15 16:55:26" }, "geometry": { "type": "Point", "coordinates": [ 23.354711532592773, 42.717388153076172 ] } },
{ "type": "Feature", "properties": { "vehicle_id": "A1030", "latitude": 42.65679931640625, "longitude": 23.309413909912109, "raw_occupancy": 1, "timestamp": "2026-09-15 16:55:26" }, "geometry": { "type": "Point", "coordinates": [ 23.309413909912109, 42.65679931640625 ] } },
{ "type": "Feature", "properties": { "vehicle_id": "A7159", "latitude": 42.731212615966797, "longitude": 23.313671112060547, "raw_occupancy": 3, "timestamp": "2026-09-15 16:55:26" }, "geometry": { "type": "Point", "coordinates": [ 23.313671112060547, 42.731212615966797 ] } },
{ "type": "Feature", "properties": { "vehicle_id": "A3615", "latitude": 42.657398223876953, "longitude": 23.3863525390625, "raw_occupancy": 3, "timestamp": "2026-09-15 16:55:26" }, "geometry": { "type": "Point", "coordinates": [ 23.3863525390625, 42.657398223876953 ] } },
{ "type": "Feature", "properties": { "vehicle_id": "A3153", "latitude": 42.656784057617188, "longitude": 23.400667190551758, "raw_occupancy": 1, "timestamp": "2026-09-15 16:55:26" }, "geometry": { "type": "Point", "coordinates": [ 23.400667190551758, 42.656784057617188 ] } },
{ "type": "Feature", "properties": { "vehicle_id": "A7081", "latitude": 42.708553314208984, "longitude": 23.318264007568359, "raw_occupancy": 0, "timestamp": "2026-09-15 16:55:26" }, "geometry": { "type": "Point", "coordinates": [ 23.318264007568359, 42.708553314208984 ] } },
{ "type": "Feature", "properties": { "vehicle_id": "A3606", "latitude": 42.646751403808594, "longitude": 23.368059158325195, "raw_occupancy": 1, "timestamp": "2026-09-15 16:55:26" }, "geometry": { "type": "Point", "coordinates": [ 23.368059158325195, 42.646751403808594 ] } },
{ "type": "Feature", "properties": { "vehicle_id": "A3106", "latitude": 42.639167785644531, "longitude": 23.374996185302734, "raw_occupancy": 2, "timestamp": "2026-09-15 16:55:26" }, "geometry": { "type": "Point", "coordinates": [ 23.374996185302734, 42.639167785644531 ] } },
{ "type": "Feature", "properties": { "vehicle_id": "A1424", "latitude": 42.716678619384766, "longitude": 23.286245346069336, "raw_occupancy": 2, "timestamp": "2026-09-15 16:55:26" }, "geometry": { "type": "Point", "coordinates": [ 23.286245346069336, 42.716678619384766 ] } },
{ "type": "Feature", "properties": { "vehicle_id": "A7097", "latitude": 42.716217041015625, "longitude": 23.340412139892578, "raw_occupancy": 4, "timestamp": "2026-09-15 16:55:26" }, "geometry": { "type": "Point", "coordinates": [ 23.340412139892578, 42.716217041015625 ] } },
{ "type": "Feature", "properties": { "vehicle_id": "A7153", "latitude": 42.750392913818359, "longitude": 23.276481628417969, "raw_occupancy": 2, "timestamp": "2026-09-15 16:55:26" }, "geometry": { "type": "Point", "coordinates": [ 23.276481628417969, 42.750392913818359 ] } },
{ "type": "Feature", "properties": { "vehicle_id": "A2504", "latitude": 42.724838256835938, "longitude": 23.256223678588867, "raw_occupancy": 1, "timestamp": "2026-09-15 16:55:26" }, "geometry": { "type": "Point", "coordinates": [ 23.256223678588867, 42.724838256835938 ] } },
{ "type": "Feature", "properties": { "vehicle_id": "A2506", "latitude": 42.692302703857422, "longitude": 23.343496322631836, "raw_occupancy": 2, "timestamp": "2026-09-15 16:55:26" }, "geometry": { "type": "Point", "coordinates": [ 23.343496322631836, 42.692302703857422 ] } },
{ "type": "Feature", "properties": { "vehicle_id": "A2046", "latitude": 42.714004516601562, "longitude": 23.298429489135742, "raw_occupancy": 1, "timestamp": "2026-09-15 16:55:26" }, "geometry": { "type": "Point", "coordinates": [ 23.298429489135742, 42.714004516601562 ] } },
{ "type": "Feature", "properties": { "vehicle_id": "A1613", "latitude": 42.744785308837891, "longitude": 23.229801177978516, "raw_occupancy": 2, "timestamp": "2026-09-15 16:55:26" }, "geometry": { "type": "Point", "coordinates": [ 23.229801177978516, 42.744785308837891 ] } },
{ "type": "Feature", "properties": { "vehicle_id": "A1214", "latitude": 42.645851135253906, "longitude": 23.367996215820312, "raw_occupancy": 0, "timestamp": "2026-09-15 16:55:26" }, "geometry": { "type": "Point", "coordinates": [ 23.367996215820312, 42.645851135253906 ] } },
{ "type": "Feature", "properties": { "vehicle_id": "A3634", "latitude": 42.667655944824219, "longitude": 23.463520050048828, "raw_occupancy": 0, "timestamp": "2026-09-15 16:55:26" }, "geometry": { "type": "Point", "coordinates": [ 23.463520050048828, 42.667655944824219 ] } },
{ "type": "Feature", "properties": { "vehicle_id": "A7071", "latitude": 42.747501373291016, "longitude": 23.279544830322266, "raw_occupancy": 3, "timestamp": "2026-09-15 16:55:26" }, "geometry": { "type": "Point", "coordinates": [ 23.279544830322266, 42.747501373291016 ] } },
{ "type": "Feature", "properties": { "vehicle_id": "A3132", "latitude": 42.698894500732422, "longitude": 23.345407485961914, "raw_occupancy": 1, "timestamp": "2026-09-15 16:55:26" }, "geometry": { "type": "Point", "coordinates": [ 23.345407485961914, 42.698894500732422 ] } },
{ "type": "Feature", "properties": { "vehicle_id": "A1837", "latitude": 42.742973327636719, "longitude": 23.27070426940918, "raw_occupancy": 3, "timestamp": "2026-09-15 16:55:26" }, "geometry": { "type": "Point", "coordinates": [ 23.27070426940918, 42.742973327636719 ] } },
{ "type": "Feature", "properties": { "vehicle_id": "A3119", "latitude": 42.657527923583984, "longitude": 23.337711334228516, "raw_occupancy": 2, "timestamp": "2026-09-15 16:55:26" }, "geometry": { "type": "Point", "coordinates": [ 23.337711334228516, 42.657527923583984 ] } },
{ "type": "Feature", "properties": { "vehicle_id": "A7125", "latitude": 42.710216522216797, "longitude": 23.335809707641602, "raw_occupancy": 2, "timestamp": "2026-09-15 16:55:26" }, "geometry": { "type": "Point", "coordinates": [ 23.335809707641602, 42.710216522216797 ] } },
{ "type": "Feature", "properties": { "vehicle_id": "A3159", "latitude": 42.639656066894531, "longitude": 23.373062133789062, "raw_occupancy": 1, "timestamp": "2026-09-15 16:55:26" }, "geometry": { "type": "Point", "coordinates": [ 23.373062133789062, 42.639656066894531 ] } },
{ "type": "Feature", "properties": { "vehicle_id": "A3101", "latitude": 42.684074401855469, "longitude": 23.34686279296875, "raw_occupancy": 3, "timestamp": "2026-09-15 16:55:26" }, "geometry": { "type": "Point", "coordinates": [ 23.34686279296875, 42.684074401855469 ] } },
{ "type": "Feature", "properties": { "vehicle_id": "A7087", "latitude": 42.764877319335938, "longitude": 23.275012969970703, "raw_occupancy": 1, "timestamp": "2026-09-15 16:55:26" }, "geometry": { "type": "Point", "coordinates": [ 23.275012969970703, 42.764877319335938 ] } },
{ "type": "Feature", "properties": { "vehicle_id": "A7091", "latitude": 42.717132568359375, "longitude": 23.440402984619141, "raw_occupancy": 2, "timestamp": "2026-09-15 16:55:26" }, "geometry": { "type": "Point", "coordinates": [ 23.440402984619141, 42.717132568359375 ] } },
{ "type": "Feature", "properties": { "vehicle_id": "A2728", "latitude": 42.700862884521484, "longitude": 23.374973297119141, "raw_occupancy": 3, "timestamp": "2026-09-15 16:55:26" }, "geometry": { "type": "Point", "coordinates": [ 23.374973297119141, 42.700862884521484 ] } },
{ "type": "Feature", "properties": { "vehicle_id": "A3140", "latitude": 42.652786254882812, "longitude": 23.347372055053711, "raw_occupancy": 1, "timestamp": "2026-09-15 16:55:26" }, "geometry": { "type": "Point", "coordinates": [ 23.347372055053711, 42.652786254882812 ] } },
{ "type": "Feature", "properties": { "vehicle_id": "A1821", "latitude": 42.624156951904297, "longitude": 23.36155891418457, "raw_occupancy": 3, "timestamp": "2026-09-15 16:55:26" }, "geometry": { "type": "Point", "coordinates": [ 23.36155891418457, 42.624156951904297 ] } },
{ "type": "Feature", "properties": { "vehicle_id": "A3122", "latitude": 42.638252258300781, "longitude": 23.342042922973633, "raw_occupancy": 1, "timestamp": "2026-09-15 16:55:26" }, "geometry": { "type": "Point", "coordinates": [ 23.342042922973633, 42.638252258300781 ] } },
{ "type": "Feature", "properties": { "vehicle_id": "A1031", "latitude": 42.646080017089844, "longitude": 23.265558242797852, "raw_occupancy": 0, "timestamp": "2026-09-15 16:55:26" }, "geometry": { "type": "Point", "coordinates": [ 23.265558242797852, 42.646080017089844 ] } },
{ "type": "Feature", "properties": { "vehicle_id": "A2319", "latitude": 42.653572082519531, "longitude": 23.347431182861328, "raw_occupancy": 1, "timestamp": "2026-09-15 16:55:26" }, "geometry": { "type": "Point", "coordinates": [ 23.347431182861328, 42.653572082519531 ] } },
{ "type": "Feature", "properties": { "vehicle_id": "A3138", "latitude": 42.644218444824219, "longitude": 23.379127502441406, "raw_occupancy": 2, "timestamp": "2026-09-15 16:55:26" }, "geometry": { "type": "Point", "coordinates": [ 23.379127502441406, 42.644218444824219 ] } },
{ "type": "Feature", "properties": { "vehicle_id": "A7111", "latitude": 42.799625396728516, "longitude": 23.275472640991211, "raw_occupancy": 2, "timestamp": "2026-09-15 16:55:26" }, "geometry": { "type": "Point", "coordinates": [ 23.275472640991211, 42.799625396728516 ] } },
{ "type": "Feature", "properties": { "vehicle_id": "A1614", "latitude": 42.635360717773438, "longitude": 23.371086120605469, "raw_occupancy": 1, "timestamp": "2026-09-15 16:55:26" }, "geometry": { "type": "Point", "coordinates": [ 23.371086120605469, 42.635360717773438 ] } },
{ "type": "Feature", "properties": { "vehicle_id": "A2050", "latitude": 42.705429077148438, "longitude": 23.322151184082031, "raw_occupancy": 2, "timestamp": "2026-09-15 16:55:26" }, "geometry": { "type": "Point", "coordinates": [ 23.322151184082031, 42.705429077148438 ] } },
{ "type": "Feature", "properties": { "vehicle_id": "A2067", "latitude": 42.737277984619141, "longitude": 23.272472381591797, "raw_occupancy": 1, "timestamp": "2026-09-15 16:55:26" }, "geometry": { "type": "Point", "coordinates": [ 23.272472381591797, 42.737277984619141 ] } },
{ "type": "Feature", "properties": { "vehicle_id": "A7113", "latitude": 42.708168029785156, "longitude": 23.342630386352539, "raw_occupancy": 2, "timestamp": "2026-09-15 16:55:26" }, "geometry": { "type": "Point", "coordinates": [ 23.342630386352539, 42.708168029785156 ] } },
{ "type": "Feature", "properties": { "vehicle_id": "A2083", "latitude": 42.729801177978516, "longitude": 23.2474365234375, "raw_occupancy": 0, "timestamp": "2026-09-15 16:55:26" }, "geometry": { "type": "Point", "coordinates": [ 23.2474365234375, 42.729801177978516 ] } },
{ "type": "Feature", "properties": { "vehicle_id": "A3610", "latitude": 42.630649566650391, "longitude": 23.379255294799805, "raw_occupancy": 1, "timestamp": "2026-09-15 16:55:26" }, "geometry": { "type": "Point", "coordinates": [ 23.379255294799805, 42.630649566650391 ] } },
{ "type": "Feature", "properties": { "vehicle_id": "A3017", "latitude": 42.678596496582031, "longitude": 23.370649337768555, "raw_occupancy": 1, "timestamp": "2026-09-15 16:55:26" }, "geometry": { "type": "Point", "coordinates": [ 23.370649337768555, 42.678596496582031 ] } },
{ "type": "Feature", "properties": { "vehicle_id": "A2066", "latitude": 42.706073760986328, "longitude": 23.317707061767578, "raw_occupancy": 1, "timestamp": "2026-09-15 16:55:26" }, "geometry": { "type": "Point", "coordinates": [ 23.317707061767578, 42.706073760986328 ] } },
{ "type": "Feature", "properties": { "vehicle_id": "A3131", "latitude": 42.630100250244141, "longitude": 23.374828338623047, "raw_occupancy": 1, "timestamp": "2026-09-15 16:55:26" }, "geometry": { "type": "Point", "coordinates": [ 23.374828338623047, 42.630100250244141 ] } },
{ "type": "Feature", "properties": { "vehicle_id": "A7043", "latitude": 42.771591186523438, "longitude": 23.315750122070312, "raw_occupancy": 1, "timestamp": "2026-09-15 16:55:26" }, "geometry": { "type": "Point", "coordinates": [ 23.315750122070312, 42.771591186523438 ] } },
{ "type": "Feature", "properties": { "vehicle_id": "A3409", "latitude": 42.666179656982422, "longitude": 23.39140510559082, "raw_occupancy": 2, "timestamp": "2026-09-15 16:55:26" }, "geometry": { "type": "Point", "coordinates": [ 23.39140510559082, 42.666179656982422 ] } },
{ "type": "Feature", "properties": { "vehicle_id": "A1169", "latitude": 42.678558349609375, "longitude": 23.2850341796875, "raw_occupancy": 1, "timestamp": "2026-09-15 16:55:26" }, "geometry": { "type": "Point", "coordinates": [ 23.2850341796875, 42.678558349609375 ] } },
{ "type": "Feature", "properties": { "vehicle_id": "A7059", "latitude": 42.774608612060547, "longitude": 23.530336380004883, "raw_occupancy": 1, "timestamp": "2026-09-15 16:55:26" }, "geometry": { "type": "Point", "coordinates": [ 23.530336380004883, 42.774608612060547 ] } },
{ "type": "Feature", "properties": { "vehicle_id": "A1871", "latitude": 42.658134460449219, "longitude": 23.240406036376953, "raw_occupancy": 1, "timestamp": "2026-09-15 16:55:26" }, "geometry": { "type": "Point", "coordinates": [ 23.240406036376953, 42.658134460449219 ] } },
{ "type": "Feature", "properties": { "vehicle_id": "A1405", "latitude": 42.645679473876953, "longitude": 23.275400161743164, "raw_occupancy": 2, "timestamp": "2026-09-15 16:55:26" }, "geometry": { "type": "Point", "coordinates": [ 23.275400161743164, 42.645679473876953 ] } },
{ "type": "Feature", "properties": { "vehicle_id": "A1409", "latitude": 42.689128875732422, "longitude": 23.313346862792969, "raw_occupancy": 2, "timestamp": "2026-09-15 16:55:26" }, "geometry": { "type": "Point", "coordinates": [ 23.313346862792969, 42.689128875732422 ] } },
{ "type": "Feature", "properties": { "vehicle_id": "A2026", "latitude": 42.707542419433594, "longitude": 23.383289337158203, "raw_occupancy": 1, "timestamp": "2026-09-15 16:55:26" }, "geometry": { "type": "Point", "coordinates": [ 23.383289337158203, 42.707542419433594 ] } },
{ "type": "Feature", "properties": { "vehicle_id": "A7063", "latitude": 42.721839904785156, "longitude": 23.241359710693359, "raw_occupancy": 1, "timestamp": "2026-09-15 16:55:26" }, "geometry": { "type": "Point", "coordinates": [ 23.241359710693359, 42.721839904785156 ] } },
{ "type": "Feature", "properties": { "vehicle_id": "A2018", "latitude": 42.643024444580078, "longitude": 23.341888427734375, "raw_occupancy": 1, "timestamp": "2026-09-15 16:55:26" }, "geometry": { "type": "Point", "coordinates": [ 23.341888427734375, 42.643024444580078 ] } },
{ "type": "Feature", "properties": { "vehicle_id": "A1803", "latitude": 42.620662689208984, "longitude": 23.186391830444336, "raw_occupancy": 0, "timestamp": "2026-09-15 16:55:26" }, "geometry": { "type": "Point", "coordinates": [ 23.186391830444336, 42.620662689208984 ] } },
{ "type": "Feature", "properties": { "vehicle_id": "A2733", "latitude": 42.776248931884766, "longitude": 23.315332412719727, "raw_occupancy": 2, "timestamp": "2026-09-15 16:55:26" }, "geometry": { "type": "Point", "coordinates": [ 23.315332412719727, 42.776248931884766 ] } },
{ "type": "Feature", "properties": { "vehicle_id": "A7065", "latitude": 42.729896545410156, "longitude": 23.298883438110352, "raw_occupancy": 3, "timestamp": "2026-09-15 16:55:26" }, "geometry": { "type": "Point", "coordinates": [ 23.298883438110352, 42.729896545410156 ] } },
{ "type": "Feature", "properties": { "vehicle_id": "A1807", "latitude": 42.695892333984375, "longitude": 23.231206893920898, "raw_occupancy": 1, "timestamp": "2026-09-15 16:55:26" }, "geometry": { "type": "Point", "coordinates": [ 23.231206893920898, 42.695892333984375 ] } },
{ "type": "Feature", "properties": { "vehicle_id": "A2076", "latitude": 42.644573211669922, "longitude": 23.400545120239258, "raw_occupancy": 4, "timestamp": "2026-09-15 16:55:26" }, "geometry": { "type": "Point", "coordinates": [ 23.400545120239258, 42.644573211669922 ] } },
{ "type": "Feature", "properties": { "vehicle_id": "A2015", "latitude": 42.713508605957031, "longitude": 23.246469497680664, "raw_occupancy": 1, "timestamp": "2026-09-15 16:55:26" }, "geometry": { "type": "Point", "coordinates": [ 23.246469497680664, 42.713508605957031 ] } },
{ "type": "Feature", "properties": { "vehicle_id": "A2310", "latitude": 42.664989471435547, "longitude": 23.361557006835938, "raw_occupancy": 3, "timestamp": "2026-09-15 16:55:26" }, "geometry": { "type": "Point", "coordinates": [ 23.361557006835938, 42.664989471435547 ] } },
{ "type": "Feature", "properties": { "vehicle_id": "A2074", "latitude": 42.643093109130859, "longitude": 23.400449752807617, "raw_occupancy": 2, "timestamp": "2026-09-15 16:55:26" }, "geometry": { "type": "Point", "coordinates": [ 23.400449752807617, 42.643093109130859 ] } },
{ "type": "Feature", "properties": { "vehicle_id": "A1179", "latitude": 42.657539367675781, "longitude": 23.337202072143555, "raw_occupancy": 1, "timestamp": "2026-09-15 16:55:26" }, "geometry": { "type": "Point", "coordinates": [ 23.337202072143555, 42.657539367675781 ] } },
{ "type": "Feature", "properties": { "vehicle_id": "A2037", "latitude": 42.671085357666016, "longitude": 23.337472915649414, "raw_occupancy": 1, "timestamp": "2026-09-15 16:55:26" }, "geometry": { "type": "Point", "coordinates": [ 23.337472915649414, 42.671085357666016 ] } },
{ "type": "Feature", "properties": { "vehicle_id": "A1849", "latitude": 42.737674713134766, "longitude": 23.296722412109375, "raw_occupancy": 3, "timestamp": "2026-09-15 16:55:26" }, "geometry": { "type": "Point", "coordinates": [ 23.296722412109375, 42.737674713134766 ] } },
{ "type": "Feature", "properties": { "vehicle_id": "A1425", "latitude": 42.661552429199219, "longitude": 23.262773513793945, "raw_occupancy": 2, "timestamp": "2026-09-15 16:55:26" }, "geometry": { "type": "Point", "coordinates": [ 23.262773513793945, 42.661552429199219 ] } },
{ "type": "Feature", "properties": { "vehicle_id": "A1833", "latitude": 42.725360870361328, "longitude": 23.244319915771484, "raw_occupancy": 1, "timestamp": "2026-09-15 16:55:26" }, "geometry": { "type": "Point", "coordinates": [ 23.244319915771484, 42.725360870361328 ] } },
{ "type": "Feature", "properties": { "vehicle_id": "A1010", "latitude": 42.637195587158203, "longitude": 23.338661193847656, "raw_occupancy": 3, "timestamp": "2026-09-15 16:55:26" }, "geometry": { "type": "Point", "coordinates": [ 23.338661193847656, 42.637195587158203 ] } },
{ "type": "Feature", "properties": { "vehicle_id": "A2308", "latitude": 42.650978088378906, "longitude": 23.342256546020508, "raw_occupancy": 2, "timestamp": "2026-09-15 16:55:26" }, "geometry": { "type": "Point", "coordinates": [ 23.342256546020508, 42.650978088378906 ] } },
{ "type": "Feature", "properties": { "vehicle_id": "A7191", "latitude": 42.770236968994141, "longitude": 23.43853759765625, "raw_occupancy": 0, "timestamp": "2026-09-15 16:55:26" }, "geometry": { "type": "Point", "coordinates": [ 23.43853759765625, 42.770236968994141 ] } },
{ "type": "Feature", "properties": { "vehicle_id": "A2016", "latitude": 42.64691162109375, "longitude": 23.345863342285156, "raw_occupancy": 0, "timestamp": "2026-09-15 16:55:26" }, "geometry": { "type": "Point", "coordinates": [ 23.345863342285156, 42.64691162109375 ] } },
{ "type": "Feature", "properties": { "vehicle_id": "A1805", "latitude": 42.654495239257812, "longitude": 23.368841171264648, "raw_occupancy": 0, "timestamp": "2026-09-15 16:55:26" }, "geometry": { "type": "Point", "coordinates": [ 23.368841171264648, 42.654495239257812 ] } },
{ "type": "Feature", "properties": { "vehicle_id": "A2062", "latitude": 42.68316650390625, "longitude": 23.320028305053711, "raw_occupancy": 3, "timestamp": "2026-09-15 16:55:26" }, "geometry": { "type": "Point", "coordinates": [ 23.320028305053711, 42.68316650390625 ] } },
{ "type": "Feature", "properties": { "vehicle_id": "A2082", "latitude": 42.658977508544922, "longitude": 23.327693939208984, "raw_occupancy": 1, "timestamp": "2026-09-15 16:55:26" }, "geometry": { "type": "Point", "coordinates": [ 23.327693939208984, 42.658977508544922 ] } },
{ "type": "Feature", "properties": { "vehicle_id": "A3627", "latitude": 42.662322998046875, "longitude": 23.377025604248047, "raw_occupancy": 2, "timestamp": "2026-09-15 16:55:26" }, "geometry": { "type": "Point", "coordinates": [ 23.377025604248047, 42.662322998046875 ] } },
{ "type": "Feature", "properties": { "vehicle_id": "A3109", "latitude": 42.626537322998047, "longitude": 23.383882522583008, "raw_occupancy": 0, "timestamp": "2026-09-15 16:55:26" }, "geometry": { "type": "Point", "coordinates": [ 23.383882522583008, 42.626537322998047 ] } },
{ "type": "Feature", "properties": { "vehicle_id": "A1180", "latitude": 42.676834106445312, "longitude": 23.287652969360352, "raw_occupancy": 2, "timestamp": "2026-09-15 16:55:26" }, "geometry": { "type": "Point", "coordinates": [ 23.287652969360352, 42.676834106445312 ] } }
]
}
