{
"type": "FeatureCollection",
"name": "bus_occupancy_remainder_20260915_1855",
"crs": { "type": "name", "properties": { "name": "urn:ogc:def:crs:OGC:1.3:CRS84" } },
"features": [
{ "type": "Feature", "properties": { "vehicle_id": "A7041", "latitude": 42.742992401123047, "longitude": 23.284326553344727, "raw_occupancy": 3, "timestamp": "2026-09-15 18:35:31" }, "geometry": { "type": "Point", "coordinates": [ 23.284326553344727, 42.742992401123047 ] } },
{ "type": "Feature", "properties": { "vehicle_id": "A1172", "latitude": 42.67840576171875, "longitude": 23.322078704833984, "raw_occupancy": 0, "timestamp": "2026-09-15 18:35:31" }, "geometry": { "type": "Point", "coordinates": [ 23.322078704833984, 42.67840576171875 ] } },
{ "type": "Feature", "properties": { "vehicle_id": "A7161", "latitude": 42.832073211669922, "longitude": 23.334049224853516, "raw_occupancy": 1, "timestamp": "2026-09-15 18:35:31" }, "geometry": { "type": "Point", "coordinates": [ 23.334049224853516, 42.832073211669922 ] } },
{ "type": "Feature", "properties": { "vehicle_id": "A1608", "latitude": 42.656303405761719, "longitude": 23.383960723876953, "raw_occupancy": 3, "timestamp": "2026-09-15 18:35:31" }, "geometry": { "type": "Point", "coordinates": [ 23.383960723876953, 42.656303405761719 ] } },
{ "type": "Feature", "properties": { "vehicle_id": "A3108", "latitude": 42.629249572753906, "longitude": 23.373329162597656, "raw_occupancy": 1, "timestamp": "2026-09-15 18:35:31" }, "geometry": { "type": "Point", "coordinates": [ 23.373329162597656, 42.629249572753906 ] } },
{ "type": "Feature", "properties": { "vehicle_id": "A2304", "latitude": 42.663654327392578, "longitude": 23.358160018920898, "raw_occupancy": 2, "timestamp": "2026-09-15 18:35:31" }, "geometry": { "type": "Point", "coordinates": [ 23.358160018920898, 42.663654327392578 ] } },
{ "type": "Feature", "properties": { "vehicle_id": "A1825", "latitude": 42.69586181640625, "longitude": 23.230422973632812, "raw_occupancy": 1, "timestamp": "2026-09-15 18:35:31" }, "geometry": { "type": "Point", "coordinates": [ 23.230422973632812, 42.69586181640625 ] } },
{ "type": "Feature", "properties": { "vehicle_id": "A2046", "latitude": 42.714862823486328, "longitude": 23.311832427978516, "raw_occupancy": 1, "timestamp": "2026-09-15 18:35:31" }, "geometry": { "type": "Point", "coordinates": [ 23.311832427978516, 42.714862823486328 ] } },
{ "type": "Feature", "properties": { "vehicle_id": "A2313", "latitude": 42.642822265625, "longitude": 23.344341278076172, "raw_occupancy": 0, "timestamp": "2026-09-15 18:35:31" }, "geometry": { "type": "Point", "coordinates": [ 23.344341278076172, 42.642822265625 ] } },
{ "type": "Feature", "properties": { "vehicle_id": "A7075", "latitude": 42.762325286865234, "longitude": 23.355222702026367, "raw_occupancy": 2, "timestamp": "2026-09-15 18:35:31" }, "geometry": { "type": "Point", "coordinates": [ 23.355222702026367, 42.762325286865234 ] } },
{ "type": "Feature", "properties": { "vehicle_id": "A2012", "latitude": 42.701236724853516, "longitude": 23.351018905639648, "raw_occupancy": 3, "timestamp": "2026-09-15 18:35:31" }, "geometry": { "type": "Point", "coordinates": [ 23.351018905639648, 42.701236724853516 ] } },
{ "type": "Feature", "properties": { "vehicle_id": "A7147", "latitude": 42.795585632324219, "longitude": 23.274154663085938, "raw_occupancy": 2, "timestamp": "2026-09-15 18:35:31" }, "geometry": { "type": "Point", "coordinates": [ 23.274154663085938, 42.795585632324219 ] } },
{ "type": "Feature", "properties": { "vehicle_id": "A1026", "latitude": 42.611850738525391, "longitude": 23.413654327392578, "raw_occupancy": 0, "timestamp": "2026-09-15 18:35:31" }, "geometry": { "type": "Point", "coordinates": [ 23.413654327392578, 42.611850738525391 ] } },
{ "type": "Feature", "properties": { "vehicle_id": "A7113", "latitude": 42.710693359375, "longitude": 23.314235687255859, "raw_occupancy": 2, "timestamp": "2026-09-15 18:35:31" }, "geometry": { "type": "Point", "coordinates": [ 23.314235687255859, 42.710693359375 ] } },
{ "type": "Feature", "properties": { "vehicle_id": "A7059", "latitude": 42.717174530029297, "longitude": 23.440479278564453, "raw_occupancy": 1, "timestamp": "2026-09-15 18:35:31" }, "geometry": { "type": "Point", "coordinates": [ 23.440479278564453, 42.717174530029297 ] } },
{ "type": "Feature", "properties": { "vehicle_id": "A3608", "latitude": 42.616432189941406, "longitude": 23.363912582397461, "raw_occupancy": 1, "timestamp": "2026-09-15 18:35:31" }, "geometry": { "type": "Point", "coordinates": [ 23.363912582397461, 42.616432189941406 ] } },
{ "type": "Feature", "properties": { "vehicle_id": "A3124", "latitude": 42.666656494140625, "longitude": 23.300853729248047, "raw_occupancy": 2, "timestamp": "2026-09-15 18:35:31" }, "geometry": { "type": "Point", "coordinates": [ 23.300853729248047, 42.666656494140625 ] } },
{ "type": "Feature", "properties": { "vehicle_id": "A2752", "latitude": 42.642917633056641, "longitude": 23.343000411987305, "raw_occupancy": 0, "timestamp": "2026-09-15 18:35:31" }, "geometry": { "type": "Point", "coordinates": [ 23.343000411987305, 42.642917633056641 ] } },
{ "type": "Feature", "properties": { "vehicle_id": "A3142", "latitude": 42.659683227539062, "longitude": 23.322425842285156, "raw_occupancy": 0, "timestamp": "2026-09-15 18:35:31" }, "geometry": { "type": "Point", "coordinates": [ 23.322425842285156, 42.659683227539062 ] } },
{ "type": "Feature", "properties": { "vehicle_id": "A3125", "latitude": 42.652019500732422, "longitude": 23.347837448120117, "raw_occupancy": 3, "timestamp": "2026-09-15 18:35:31" }, "geometry": { "type": "Point", "coordinates": [ 23.347837448120117, 42.652019500732422 ] } },
{ "type": "Feature", "properties": { "vehicle_id": "A3655", "latitude": 42.618827819824219, "longitude": 23.335783004760742, "raw_occupancy": 2, "timestamp": "2026-09-15 18:35:31" }, "geometry": { "type": "Point", "coordinates": [ 23.335783004760742, 42.618827819824219 ] } },
{ "type": "Feature", "properties": { "vehicle_id": "A3126", "latitude": 42.687389373779297, "longitude": 23.352056503295898, "raw_occupancy": 3, "timestamp": "2026-09-15 18:35:31" }, "geometry": { "type": "Point", "coordinates": [ 23.352056503295898, 42.687389373779297 ] } },
{ "type": "Feature", "properties": { "vehicle_id": "A2302", "latitude": 42.664642333984375, "longitude": 23.360574722290039, "raw_occupancy": 1, "timestamp": "2026-09-15 18:35:31" }, "geometry": { "type": "Point", "coordinates": [ 23.360574722290039, 42.664642333984375 ] } },
{ "type": "Feature", "properties": { "vehicle_id": "A1025", "latitude": 42.679000854492188, "longitude": 23.284231185913086, "raw_occupancy": 2, "timestamp": "2026-09-15 18:35:31" }, "geometry": { "type": "Point", "coordinates": [ 23.284231185913086, 42.679000854492188 ] } },
{ "type": "Feature", "properties": { "vehicle_id": "A1845", "latitude": 42.707012176513672, "longitude": 23.147487640380859, "raw_occupancy": 1, "timestamp": "2026-09-15 18:35:31" }, "geometry": { "type": "Point", "coordinates": [ 23.147487640380859, 42.707012176513672 ] } },
{ "type": "Feature", "properties": { "vehicle_id": "A1420", "latitude": 42.660648345947266, "longitude": 23.319967269897461, "raw_occupancy": 0, "timestamp": "2026-09-15 18:35:31" }, "geometry": { "type": "Point", "coordinates": [ 23.319967269897461, 42.660648345947266 ] } },
{ "type": "Feature", "properties": { "vehicle_id": "A1205", "latitude": 42.624374389648438, "longitude": 23.374748229980469, "raw_occupancy": 4, "timestamp": "2026-09-15 18:35:31" }, "geometry": { "type": "Point", "coordinates": [ 23.374748229980469, 42.624374389648438 ] } },
{ "type": "Feature", "properties": { "vehicle_id": "A3151", "latitude": 42.654964447021484, "longitude": 23.381282806396484, "raw_occupancy": 2, "timestamp": "2026-09-15 18:35:31" }, "geometry": { "type": "Point", "coordinates": [ 23.381282806396484, 42.654964447021484 ] } },
{ "type": "Feature", "properties": { "vehicle_id": "A1620", "latitude": 42.625862121582031, "longitude": 23.373306274414062, "raw_occupancy": 2, "timestamp": "2026-09-15 18:35:31" }, "geometry": { "type": "Point", "coordinates": [ 23.373306274414062, 42.625862121582031 ] } },
{ "type": "Feature", "properties": { "vehicle_id": "A1405", "latitude": 42.679111480712891, "longitude": 23.301904678344727, "raw_occupancy": 1, "timestamp": "2026-09-15 18:35:31" }, "geometry": { "type": "Point", "coordinates": [ 23.301904678344727, 42.679111480712891 ] } },
{ "type": "Feature", "properties": { "vehicle_id": "A3615", "latitude": 42.646167755126953, "longitude": 23.375883102416992, "raw_occupancy": 2, "timestamp": "2026-09-15 18:35:31" }, "geometry": { "type": "Point", "coordinates": [ 23.375883102416992, 42.646167755126953 ] } },
{ "type": "Feature", "properties": { "vehicle_id": "A3012", "latitude": 42.684825897216797, "longitude": 23.351858139038086, "raw_occupancy": 2, "timestamp": "2026-09-15 18:35:31" }, "geometry": { "type": "Point", "coordinates": [ 23.351858139038086, 42.684825897216797 ] } },
{ "type": "Feature", "properties": { "vehicle_id": "A2165", "latitude": 42.723381042480469, "longitude": 23.300260543823242, "raw_occupancy": 0, "timestamp": "2026-09-15 18:35:31" }, "geometry": { "type": "Point", "coordinates": [ 23.300260543823242, 42.723381042480469 ] } },
{ "type": "Feature", "properties": { "vehicle_id": "A2310", "latitude": 42.693424224853516, "longitude": 23.339956283569336, "raw_occupancy": 0, "timestamp": "2026-09-15 18:35:31" }, "geometry": { "type": "Point", "coordinates": [ 23.339956283569336, 42.693424224853516 ] } },
{ "type": "Feature", "properties": { "vehicle_id": "A1230", "latitude": 42.702823638916016, "longitude": 23.127389907836914, "raw_occupancy": 0, "timestamp": "2026-09-15 18:35:31" }, "geometry": { "type": "Point", "coordinates": [ 23.127389907836914, 42.702823638916016 ] } },
{ "type": "Feature", "properties": { "vehicle_id": "A1232", "latitude": 42.747947692871094, "longitude": 23.279054641723633, "raw_occupancy": 0, "timestamp": "2026-09-15 18:35:31" }, "geometry": { "type": "Point", "coordinates": [ 23.279054641723633, 42.747947692871094 ] } },
{ "type": "Feature", "properties": { "vehicle_id": "A2015", "latitude": 42.707664489746094, "longitude": 23.298198699951172, "raw_occupancy": 1, "timestamp": "2026-09-15 18:35:31" }, "geometry": { "type": "Point", "coordinates": [ 23.298198699951172, 42.707664489746094 ] } },
{ "type": "Feature", "properties": { "vehicle_id": "A2047", "latitude": 42.741653442382812, "longitude": 23.278203964233398, "raw_occupancy": 0, "timestamp": "2026-09-15 18:35:31" }, "geometry": { "type": "Point", "coordinates": [ 23.278203964233398, 42.741653442382812 ] } },
{ "type": "Feature", "properties": { "vehicle_id": "A3115", "latitude": 42.656288146972656, "longitude": 23.401111602783203, "raw_occupancy": 1, "timestamp": "2026-09-15 18:35:31" }, "geometry": { "type": "Point", "coordinates": [ 23.401111602783203, 42.656288146972656 ] } },
{ "type": "Feature", "properties": { "vehicle_id": "A3628", "latitude": 42.658092498779297, "longitude": 23.402158737182617, "raw_occupancy": 2, "timestamp": "2026-09-15 18:35:31" }, "geometry": { "type": "Point", "coordinates": [ 23.402158737182617, 42.658092498779297 ] } },
{ "type": "Feature", "properties": { "vehicle_id": "A1315", "latitude": 42.620944976806641, "longitude": 23.30781364440918, "raw_occupancy": 1, "timestamp": "2026-09-15 18:35:31" }, "geometry": { "type": "Point", "coordinates": [ 23.30781364440918, 42.620944976806641 ] } },
{ "type": "Feature", "properties": { "vehicle_id": "A7079", "latitude": 42.707130432128906, "longitude": 23.335901260375977, "raw_occupancy": 1, "timestamp": "2026-09-15 18:35:31" }, "geometry": { "type": "Point", "coordinates": [ 23.335901260375977, 42.707130432128906 ] } },
{ "type": "Feature", "properties": { "vehicle_id": "A3156", "latitude": 42.661567687988281, "longitude": 23.294912338256836, "raw_occupancy": 1, "timestamp": "2026-09-15 18:35:31" }, "geometry": { "type": "Point", "coordinates": [ 23.294912338256836, 42.661567687988281 ] } },
{ "type": "Feature", "properties": { "vehicle_id": "A2300", "latitude": 42.708408355712891, "longitude": 23.35057258605957, "raw_occupancy": 1, "timestamp": "2026-09-15 18:35:31" }, "geometry": { "type": "Point", "coordinates": [ 23.35057258605957, 42.708408355712891 ] } },
{ "type": "Feature", "properties": { "vehicle_id": "A3625", "latitude": 42.675662994384766, "longitude": 23.433376312255859, "raw_occupancy": 1, "timestamp": "2026-09-15 18:35:31" }, "geometry": { "type": "Point", "coordinates": [ 23.433376312255859, 42.675662994384766 ] } },
{ "type": "Feature", "properties": { "vehicle_id": "A1216", "latitude": 42.726463317871094, "longitude": 23.261377334594727, "raw_occupancy": 1, "timestamp": "2026-09-15 18:35:31" }, "geometry": { "type": "Point", "coordinates": [ 23.261377334594727, 42.726463317871094 ] } },
{ "type": "Feature", "properties": { "vehicle_id": "A2043", "latitude": 42.736976623535156, "longitude": 23.295665740966797, "raw_occupancy": 0, "timestamp": "2026-09-15 18:35:31" }, "geometry": { "type": "Point", "coordinates": [ 23.295665740966797, 42.736976623535156 ] } },
{ "type": "Feature", "properties": { "vehicle_id": "A1319", "latitude": 42.628639221191406, "longitude": 23.195804595947266, "raw_occupancy": 0, "timestamp": "2026-09-15 18:35:31" }, "geometry": { "type": "Point", "coordinates": [ 23.195804595947266, 42.628639221191406 ] } },
{ "type": "Feature", "properties": { "vehicle_id": "A7043", "latitude": 42.791080474853516, "longitude": 23.333559036254883, "raw_occupancy": 1, "timestamp": "2026-09-15 18:35:31" }, "geometry": { "type": "Point", "coordinates": [ 23.333559036254883, 42.791080474853516 ] } },
{ "type": "Feature", "properties": { "vehicle_id": "A1208", "latitude": 42.658824920654297, "longitude": 23.316442489624023, "raw_occupancy": 3, "timestamp": "2026-09-15 18:35:31" }, "geometry": { "type": "Point", "coordinates": [ 23.316442489624023, 42.658824920654297 ] } },
{ "type": "Feature", "properties": { "vehicle_id": "A7157", "latitude": 42.762935638427734, "longitude": 23.564249038696289, "raw_occupancy": 1, "timestamp": "2026-09-15 18:35:31" }, "geometry": { "type": "Point", "coordinates": [ 23.564249038696289, 42.762935638427734 ] } },
{ "type": "Feature", "properties": { "vehicle_id": "A3402", "latitude": 42.622535705566406, "longitude": 23.332868576049805, "raw_occupancy": 1, "timestamp": "2026-09-15 18:35:31" }, "geometry": { "type": "Point", "coordinates": [ 23.332868576049805, 42.622535705566406 ] } },
{ "type": "Feature", "properties": { "vehicle_id": "A1037", "latitude": 42.643352508544922, "longitude": 23.345062255859375, "raw_occupancy": 0, "timestamp": "2026-09-15 18:35:31" }, "geometry": { "type": "Point", "coordinates": [ 23.345062255859375, 42.643352508544922 ] } },
{ "type": "Feature", "properties": { "vehicle_id": "A2039", "latitude": 42.706943511962891, "longitude": 23.339576721191406, "raw_occupancy": 2, "timestamp": "2026-09-15 18:35:31" }, "geometry": { "type": "Point", "coordinates": [ 23.339576721191406, 42.706943511962891 ] } },
{ "type": "Feature", "properties": { "vehicle_id": "A1126", "latitude": 42.658592224121094, "longitude": 23.272550582885742, "raw_occupancy": 2, "timestamp": "2026-09-15 18:35:31" }, "geometry": { "type": "Point", "coordinates": [ 23.272550582885742, 42.658592224121094 ] } },
{ "type": "Feature", "properties": { "vehicle_id": "A7093", "latitude": 42.732215881347656, "longitude": 23.252729415893555, "raw_occupancy": 2, "timestamp": "2026-09-15 18:35:31" }, "geometry": { "type": "Point", "coordinates": [ 23.252729415893555, 42.732215881347656 ] } },
{ "type": "Feature", "properties": { "vehicle_id": "A2023", "latitude": 42.657875061035156, "longitude": 23.328010559082031, "raw_occupancy": 0, "timestamp": "2026-09-15 18:35:31" }, "geometry": { "type": "Point", "coordinates": [ 23.328010559082031, 42.657875061035156 ] } },
{ "type": "Feature", "properties": { "vehicle_id": "A2605", "latitude": 42.659900665283203, "longitude": 23.316560745239258, "raw_occupancy": 0, "timestamp": "2026-09-15 18:35:31" }, "geometry": { "type": "Point", "coordinates": [ 23.316560745239258, 42.659900665283203 ] } },
{ "type": "Feature", "properties": { "vehicle_id": "A2510", "latitude": 42.647499084472656, "longitude": 23.314781188964844, "raw_occupancy": 3, "timestamp": "2026-09-15 18:35:31" }, "geometry": { "type": "Point", "coordinates": [ 23.314781188964844, 42.647499084472656 ] } },
{ "type": "Feature", "properties": { "vehicle_id": "A2319", "latitude": 42.670059204101562, "longitude": 23.366754531860352, "raw_occupancy": 1, "timestamp": "2026-09-15 18:35:31" }, "geometry": { "type": "Point", "coordinates": [ 23.366754531860352, 42.670059204101562 ] } },
{ "type": "Feature", "properties": { "vehicle_id": "A2056", "latitude": 42.818523406982422, "longitude": 23.356588363647461, "raw_occupancy": 0, "timestamp": "2026-09-15 18:35:31" }, "geometry": { "type": "Point", "coordinates": [ 23.356588363647461, 42.818523406982422 ] } },
{ "type": "Feature", "properties": { "vehicle_id": "A3121", "latitude": 42.705291748046875, "longitude": 23.323387145996094, "raw_occupancy": 1, "timestamp": "2026-09-15 18:35:31" }, "geometry": { "type": "Point", "coordinates": [ 23.323387145996094, 42.705291748046875 ] } },
{ "type": "Feature", "properties": { "vehicle_id": "A1833", "latitude": 42.722522735595703, "longitude": 23.241790771484375, "raw_occupancy": 1, "timestamp": "2026-09-15 18:35:31" }, "geometry": { "type": "Point", "coordinates": [ 23.241790771484375, 42.722522735595703 ] } },
{ "type": "Feature", "properties": { "vehicle_id": "A2024", "latitude": 42.651134490966797, "longitude": 23.358165740966797, "raw_occupancy": 3, "timestamp": "2026-09-15 18:35:31" }, "geometry": { "type": "Point", "coordinates": [ 23.358165740966797, 42.651134490966797 ] } },
{ "type": "Feature", "properties": { "vehicle_id": "A7129", "latitude": 42.719364166259766, "longitude": 23.533548355102539, "raw_occupancy": 1, "timestamp": "2026-09-15 18:35:31" }, "geometry": { "type": "Point", "coordinates": [ 23.533548355102539, 42.719364166259766 ] } },
{ "type": "Feature", "properties": { "vehicle_id": "A2073", "latitude": 42.578159332275391, "longitude": 23.41496467590332, "raw_occupancy": 1, "timestamp": "2026-09-15 18:35:31" }, "geometry": { "type": "Point", "coordinates": [ 23.41496467590332, 42.578159332275391 ] } },
{ "type": "Feature", "properties": { "vehicle_id": "A2064", "latitude": 42.752323150634766, "longitude": 23.318626403808594, "raw_occupancy": 2, "timestamp": "2026-09-15 18:35:31" }, "geometry": { "type": "Point", "coordinates": [ 23.318626403808594, 42.752323150634766 ] } },
{ "type": "Feature", "properties": { "vehicle_id": "A7123", "latitude": 42.773159027099609, "longitude": 23.495687484741211, "raw_occupancy": 1, "timestamp": "2026-09-15 18:35:31" }, "geometry": { "type": "Point", "coordinates": [ 23.495687484741211, 42.773159027099609 ] } },
{ "type": "Feature", "properties": { "vehicle_id": "A3149", "latitude": 42.680610656738281, "longitude": 23.306850433349609, "raw_occupancy": 2, "timestamp": "2026-09-15 18:35:31" }, "geometry": { "type": "Point", "coordinates": [ 23.306850433349609, 42.680610656738281 ] } },
{ "type": "Feature", "properties": { "vehicle_id": "A7121", "latitude": 42.769039154052734, "longitude": 23.439151763916016, "raw_occupancy": 1, "timestamp": "2026-09-15 18:35:31" }, "geometry": { "type": "Point", "coordinates": [ 23.439151763916016, 42.769039154052734 ] } },
{ "type": "Feature", "properties": { "vehicle_id": "A1305", "latitude": 42.601184844970703, "longitude": 23.168212890625, "raw_occupancy": 1, "timestamp": "2026-09-15 18:35:31" }, "geometry": { "type": "Point", "coordinates": [ 23.168212890625, 42.601184844970703 ] } },
{ "type": "Feature", "properties": { "vehicle_id": "A2041", "latitude": 42.704452514648438, "longitude": 23.330644607543945, "raw_occupancy": 0, "timestamp": "2026-09-15 18:35:31" }, "geometry": { "type": "Point", "coordinates": [ 23.330644607543945, 42.704452514648438 ] } },
{ "type": "Feature", "properties": { "vehicle_id": "A7067", "latitude": 42.707103729248047, "longitude": 23.409439086914062, "raw_occupancy": 3, "timestamp": "2026-09-15 18:35:31" }, "geometry": { "type": "Point", "coordinates": [ 23.409439086914062, 42.707103729248047 ] } },
{ "type": "Feature", "properties": { "vehicle_id": "A3652", "latitude": 42.556095123291016, "longitude": 23.364252090454102, "raw_occupancy": 0, "timestamp": "2026-09-15 18:35:31" }, "geometry": { "type": "Point", "coordinates": [ 23.364252090454102, 42.556095123291016 ] } },
{ "type": "Feature", "properties": { "vehicle_id": "A3117", "latitude": 42.631866455078125, "longitude": 23.373138427734375, "raw_occupancy": 1, "timestamp": "2026-09-15 18:35:31" }, "geometry": { "type": "Point", "coordinates": [ 23.373138427734375, 42.631866455078125 ] } },
{ "type": "Feature", "properties": { "vehicle_id": "A2020", "latitude": 42.678092956542969, "longitude": 23.328054428100586, "raw_occupancy": 0, "timestamp": "2026-09-15 18:35:31" }, "geometry": { "type": "Point", "coordinates": [ 23.328054428100586, 42.678092956542969 ] } },
{ "type": "Feature", "properties": { "vehicle_id": "A7097", "latitude": 42.705963134765625, "longitude": 23.332670211791992, "raw_occupancy": 2, "timestamp": "2026-09-15 18:35:31" }, "geometry": { "type": "Point", "coordinates": [ 23.332670211791992, 42.705963134765625 ] } },
{ "type": "Feature", "properties": { "vehicle_id": "A3409", "latitude": 42.690803527832031, "longitude": 23.336948394775391, "raw_occupancy": 2, "timestamp": "2026-09-15 18:35:31" }, "geometry": { "type": "Point", "coordinates": [ 23.336948394775391, 42.690803527832031 ] } },
{ "type": "Feature", "properties": { "vehicle_id": "A3111", "latitude": 42.666454315185547, "longitude": 23.322671890258789, "raw_occupancy": 2, "timestamp": "2026-09-15 18:35:31" }, "geometry": { "type": "Point", "coordinates": [ 23.322671890258789, 42.666454315185547 ] } },
{ "type": "Feature", "properties": { "vehicle_id": "A1176", "latitude": 42.709304809570312, "longitude": 23.318262100219727, "raw_occupancy": 0, "timestamp": "2026-09-15 18:35:31" }, "geometry": { "type": "Point", "coordinates": [ 23.318262100219727, 42.709304809570312 ] } },
{ "type": "Feature", "properties": { "vehicle_id": "A2501", "latitude": 42.737216949462891, "longitude": 23.296085357666016, "raw_occupancy": 0, "timestamp": "2026-09-15 18:35:31" }, "geometry": { "type": "Point", "coordinates": [ 23.296085357666016, 42.737216949462891 ] } },
{ "type": "Feature", "properties": { "vehicle_id": "A7163", "latitude": 42.76776123046875, "longitude": 23.542581558227539, "raw_occupancy": 0, "timestamp": "2026-09-15 18:35:31" }, "geometry": { "type": "Point", "coordinates": [ 23.542581558227539, 42.76776123046875 ] } },
{ "type": "Feature", "properties": { "vehicle_id": "A2053", "latitude": 42.552211761474609, "longitude": 23.444988250732422, "raw_occupancy": 0, "timestamp": "2026-09-15 18:35:31" }, "geometry": { "type": "Point", "coordinates": [ 23.444988250732422, 42.552211761474609 ] } },
{ "type": "Feature", "properties": { "vehicle_id": "A2318", "latitude": 42.672012329101562, "longitude": 23.363836288452148, "raw_occupancy": 1, "timestamp": "2026-09-15 18:35:31" }, "geometry": { "type": "Point", "coordinates": [ 23.363836288452148, 42.672012329101562 ] } },
{ "type": "Feature", "properties": { "vehicle_id": "A1154", "latitude": 42.685604095458984, "longitude": 23.274221420288086, "raw_occupancy": 1, "timestamp": "2026-09-15 18:35:31" }, "geometry": { "type": "Point", "coordinates": [ 23.274221420288086, 42.685604095458984 ] } },
{ "type": "Feature", "properties": { "vehicle_id": "A3146", "latitude": 42.672649383544922, "longitude": 23.293878555297852, "raw_occupancy": 3, "timestamp": "2026-09-15 18:35:31" }, "geometry": { "type": "Point", "coordinates": [ 23.293878555297852, 42.672649383544922 ] } },
{ "type": "Feature", "properties": { "vehicle_id": "A3127", "latitude": 42.704273223876953, "longitude": 23.328374862670898, "raw_occupancy": 1, "timestamp": "2026-09-15 18:35:31" }, "geometry": { "type": "Point", "coordinates": [ 23.328374862670898, 42.704273223876953 ] } },
{ "type": "Feature", "properties": { "vehicle_id": "A7175", "latitude": 42.739784240722656, "longitude": 23.30925178527832, "raw_occupancy": 1, "timestamp": "2026-09-15 18:35:31" }, "geometry": { "type": "Point", "coordinates": [ 23.30925178527832, 42.739784240722656 ] } },
{ "type": "Feature", "properties": { "vehicle_id": "A3613", "latitude": 42.669097900390625, "longitude": 23.400272369384766, "raw_occupancy": 1, "timestamp": "2026-09-15 18:35:31" }, "geometry": { "type": "Point", "coordinates": [ 23.400272369384766, 42.669097900390625 ] } },
{ "type": "Feature", "properties": { "vehicle_id": "A1426", "latitude": 42.681503295898438, "longitude": 23.243829727172852, "raw_occupancy": 2, "timestamp": "2026-09-15 18:35:31" }, "geometry": { "type": "Point", "coordinates": [ 23.243829727172852, 42.681503295898438 ] } },
{ "type": "Feature", "properties": { "vehicle_id": "A2073", "latitude": 42.576705932617188, "longitude": 23.414413452148438, "raw_occupancy": 1, "timestamp": "2026-09-15 18:35:31" }, "geometry": { "type": "Point", "coordinates": [ 23.414413452148438, 42.576705932617188 ] } },
{ "type": "Feature", "properties": { "vehicle_id": "A1168", "latitude": 42.679576873779297, "longitude": 23.302942276000977, "raw_occupancy": 3, "timestamp": "2026-09-15 18:35:31" }, "geometry": { "type": "Point", "coordinates": [ 23.302942276000977, 42.679576873779297 ] } },
{ "type": "Feature", "properties": { "vehicle_id": "A2025", "latitude": 42.681850433349609, "longitude": 23.320835113525391, "raw_occupancy": 2, "timestamp": "2026-09-15 18:35:31" }, "geometry": { "type": "Point", "coordinates": [ 23.320835113525391, 42.681850433349609 ] } },
{ "type": "Feature", "properties": { "vehicle_id": "A2502", "latitude": 42.649452209472656, "longitude": 23.315475463867188, "raw_occupancy": 1, "timestamp": "2026-09-15 18:35:31" }, "geometry": { "type": "Point", "coordinates": [ 23.315475463867188, 42.649452209472656 ] } },
{ "type": "Feature", "properties": { "vehicle_id": "A1424", "latitude": 42.722293853759766, "longitude": 23.270034790039062, "raw_occupancy": 0, "timestamp": "2026-09-15 18:35:31" }, "geometry": { "type": "Point", "coordinates": [ 23.270034790039062, 42.722293853759766 ] } },
{ "type": "Feature", "properties": { "vehicle_id": "A2017", "latitude": 42.710712432861328, "longitude": 23.361276626586914, "raw_occupancy": 1, "timestamp": "2026-09-15 18:35:31" }, "geometry": { "type": "Point", "coordinates": [ 23.361276626586914, 42.710712432861328 ] } },
{ "type": "Feature", "properties": { "vehicle_id": "A1184", "latitude": 42.659934997558594, "longitude": 23.347393035888672, "raw_occupancy": 3, "timestamp": "2026-09-15 18:35:31" }, "geometry": { "type": "Point", "coordinates": [ 23.347393035888672, 42.659934997558594 ] } },
{ "type": "Feature", "properties": { "vehicle_id": "A2009", "latitude": 42.642902374267578, "longitude": 23.343551635742188, "raw_occupancy": 0, "timestamp": "2026-09-15 18:35:31" }, "geometry": { "type": "Point", "coordinates": [ 23.343551635742188, 42.642902374267578 ] } },
{ "type": "Feature", "properties": { "vehicle_id": "A3134", "latitude": 42.726264953613281, "longitude": 23.315925598144531, "raw_occupancy": 1, "timestamp": "2026-09-15 18:35:31" }, "geometry": { "type": "Point", "coordinates": [ 23.315925598144531, 42.726264953613281 ] } },
{ "type": "Feature", "properties": { "vehicle_id": "A3605", "latitude": 42.630081176757812, "longitude": 23.375051498413086, "raw_occupancy": 0, "timestamp": "2026-09-15 18:35:31" }, "geometry": { "type": "Point", "coordinates": [ 23.375051498413086, 42.630081176757812 ] } },
{ "type": "Feature", "properties": { "vehicle_id": "A3312", "latitude": 42.686038970947266, "longitude": 23.343772888183594, "raw_occupancy": 2, "timestamp": "2026-09-15 18:35:31" }, "geometry": { "type": "Point", "coordinates": [ 23.343772888183594, 42.686038970947266 ] } },
{ "type": "Feature", "properties": { "vehicle_id": "A1182", "latitude": 42.728939056396484, "longitude": 23.288417816162109, "raw_occupancy": 1, "timestamp": "2026-09-15 18:35:31" }, "geometry": { "type": "Point", "coordinates": [ 23.288417816162109, 42.728939056396484 ] } },
{ "type": "Feature", "properties": { "vehicle_id": "A1153", "latitude": 42.695556640625, "longitude": 23.287837982177734, "raw_occupancy": 3, "timestamp": "2026-09-15 18:35:31" }, "geometry": { "type": "Point", "coordinates": [ 23.287837982177734, 42.695556640625 ] } },
{ "type": "Feature", "properties": { "vehicle_id": "A3661", "latitude": 42.487007141113281, "longitude": 23.408470153808594, "raw_occupancy": 0, "timestamp": "2026-09-15 18:35:31" }, "geometry": { "type": "Point", "coordinates": [ 23.408470153808594, 42.487007141113281 ] } },
{ "type": "Feature", "properties": { "vehicle_id": "A1616", "latitude": 42.690315246582031, "longitude": 23.253999710083008, "raw_occupancy": 2, "timestamp": "2026-09-15 18:35:31" }, "geometry": { "type": "Point", "coordinates": [ 23.253999710083008, 42.690315246582031 ] } },
{ "type": "Feature", "properties": { "vehicle_id": "A2016", "latitude": 42.642894744873047, "longitude": 23.343288421630859, "raw_occupancy": 0, "timestamp": "2026-09-15 18:35:31" }, "geometry": { "type": "Point", "coordinates": [ 23.343288421630859, 42.642894744873047 ] } },
{ "type": "Feature", "properties": { "vehicle_id": "A1185", "latitude": 42.672080993652344, "longitude": 23.294727325439453, "raw_occupancy": 2, "timestamp": "2026-09-15 18:35:31" }, "geometry": { "type": "Point", "coordinates": [ 23.294727325439453, 42.672080993652344 ] } },
{ "type": "Feature", "properties": { "vehicle_id": "A3143", "latitude": 42.665977478027344, "longitude": 23.285970687866211, "raw_occupancy": 1, "timestamp": "2026-09-15 18:35:31" }, "geometry": { "type": "Point", "coordinates": [ 23.285970687866211, 42.665977478027344 ] } },
{ "type": "Feature", "properties": { "vehicle_id": "A2314", "latitude": 42.6470947265625, "longitude": 23.341854095458984, "raw_occupancy": 2, "timestamp": "2026-09-15 18:35:31" }, "geometry": { "type": "Point", "coordinates": [ 23.341854095458984, 42.6470947265625 ] } },
{ "type": "Feature", "properties": { "vehicle_id": "A7181", "latitude": 42.790077209472656, "longitude": 23.307117462158203, "raw_occupancy": 1, "timestamp": "2026-09-15 18:35:31" }, "geometry": { "type": "Point", "coordinates": [ 23.307117462158203, 42.790077209472656 ] } },
{ "type": "Feature", "properties": { "vehicle_id": "A2037", "latitude": 42.692501068115234, "longitude": 23.334222793579102, "raw_occupancy": 0, "timestamp": "2026-09-15 18:35:31" }, "geometry": { "type": "Point", "coordinates": [ 23.334222793579102, 42.692501068115234 ] } },
{ "type": "Feature", "properties": { "vehicle_id": "A2057", "latitude": 42.644630432128906, "longitude": 23.398794174194336, "raw_occupancy": 3, "timestamp": "2026-09-15 18:35:31" }, "geometry": { "type": "Point", "coordinates": [ 23.398794174194336, 42.644630432128906 ] } },
{ "type": "Feature", "properties": { "vehicle_id": "A3140", "latitude": 42.713916778564453, "longitude": 23.314205169677734, "raw_occupancy": 1, "timestamp": "2026-09-15 18:35:31" }, "geometry": { "type": "Point", "coordinates": [ 23.314205169677734, 42.713916778564453 ] } },
{ "type": "Feature", "properties": { "vehicle_id": "A1150", "latitude": 42.738277435302734, "longitude": 23.316644668579102, "raw_occupancy": 1, "timestamp": "2026-09-15 18:35:31" }, "geometry": { "type": "Point", "coordinates": [ 23.316644668579102, 42.738277435302734 ] } },
{ "type": "Feature", "properties": { "vehicle_id": "A2026", "latitude": 42.707168579101562, "longitude": 23.382989883422852, "raw_occupancy": 0, "timestamp": "2026-09-15 18:35:31" }, "geometry": { "type": "Point", "coordinates": [ 23.382989883422852, 42.707168579101562 ] } },
{ "type": "Feature", "properties": { "vehicle_id": "A7135", "latitude": 42.746742248535156, "longitude": 23.280477523803711, "raw_occupancy": 1, "timestamp": "2026-09-15 18:35:31" }, "geometry": { "type": "Point", "coordinates": [ 23.280477523803711, 42.746742248535156 ] } },
{ "type": "Feature", "properties": { "vehicle_id": "A3100", "latitude": 42.677764892578125, "longitude": 23.355745315551758, "raw_occupancy": 3, "timestamp": "2026-09-15 18:35:31" }, "geometry": { "type": "Point", "coordinates": [ 23.355745315551758, 42.677764892578125 ] } },
{ "type": "Feature", "properties": { "vehicle_id": "A1603", "latitude": 42.65240478515625, "longitude": 23.374326705932617, "raw_occupancy": 1, "timestamp": "2026-09-15 18:35:31" }, "geometry": { "type": "Point", "coordinates": [ 23.374326705932617, 42.65240478515625 ] } },
{ "type": "Feature", "properties": { "vehicle_id": "A2822", "latitude": 42.741138458251953, "longitude": 23.328332901000977, "raw_occupancy": 1, "timestamp": "2026-09-15 18:35:31" }, "geometry": { "type": "Point", "coordinates": [ 23.328332901000977, 42.741138458251953 ] } },
{ "type": "Feature", "properties": { "vehicle_id": "A2035", "latitude": 42.672798156738281, "longitude": 23.335830688476562, "raw_occupancy": 3, "timestamp": "2026-09-15 18:35:31" }, "geometry": { "type": "Point", "coordinates": [ 23.335830688476562, 42.672798156738281 ] } },
{ "type": "Feature", "properties": { "vehicle_id": "A2061", "latitude": 42.716926574707031, "longitude": 23.279834747314453, "raw_occupancy": 1, "timestamp": "2026-09-15 18:35:31" }, "geometry": { "type": "Point", "coordinates": [ 23.279834747314453, 42.716926574707031 ] } },
{ "type": "Feature", "properties": { "vehicle_id": "A2153", "latitude": 42.698829650878906, "longitude": 23.361993789672852, "raw_occupancy": 0, "timestamp": "2026-09-15 18:35:31" }, "geometry": { "type": "Point", "coordinates": [ 23.361993789672852, 42.698829650878906 ] } },
{ "type": "Feature", "properties": { "vehicle_id": "A2312", "latitude": 42.662132263183594, "longitude": 23.358551025390625, "raw_occupancy": 3, "timestamp": "2026-09-15 18:35:31" }, "geometry": { "type": "Point", "coordinates": [ 23.358551025390625, 42.662132263183594 ] } },
{ "type": "Feature", "properties": { "vehicle_id": "A2505", "latitude": 42.693889617919922, "longitude": 23.346162796020508, "raw_occupancy": 3, "timestamp": "2026-09-15 18:35:31" }, "geometry": { "type": "Point", "coordinates": [ 23.346162796020508, 42.693889617919922 ] } },
{ "type": "Feature", "properties": { "vehicle_id": "A1209", "latitude": 42.675724029541016, "longitude": 23.228675842285156, "raw_occupancy": 0, "timestamp": "2026-09-15 18:35:31" }, "geometry": { "type": "Point", "coordinates": [ 23.228675842285156, 42.675724029541016 ] } },
{ "type": "Feature", "properties": { "vehicle_id": "A1010", "latitude": 42.655113220214844, "longitude": 23.329704284667969, "raw_occupancy": 2, "timestamp": "2026-09-15 18:35:31" }, "geometry": { "type": "Point", "coordinates": [ 23.329704284667969, 42.655113220214844 ] } },
{ "type": "Feature", "properties": { "vehicle_id": "A2810", "latitude": 42.7120361328125, "longitude": 23.299949645996094, "raw_occupancy": 1, "timestamp": "2026-09-15 18:35:31" }, "geometry": { "type": "Point", "coordinates": [ 23.299949645996094, 42.7120361328125 ] } },
{ "type": "Feature", "properties": { "vehicle_id": "A1408", "latitude": 42.638992309570312, "longitude": 23.311643600463867, "raw_occupancy": 1, "timestamp": "2026-09-15 18:35:31" }, "geometry": { "type": "Point", "coordinates": [ 23.311643600463867, 42.638992309570312 ] } },
{ "type": "Feature", "properties": { "vehicle_id": "A1156", "latitude": 42.694465637207031, "longitude": 23.295003890991211, "raw_occupancy": 2, "timestamp": "2026-09-15 18:35:31" }, "geometry": { "type": "Point", "coordinates": [ 23.295003890991211, 42.694465637207031 ] } },
{ "type": "Feature", "properties": { "vehicle_id": "A3651", "latitude": 42.596355438232422, "longitude": 23.413307189941406, "raw_occupancy": 1, "timestamp": "2026-09-15 18:35:31" }, "geometry": { "type": "Point", "coordinates": [ 23.413307189941406, 42.596355438232422 ] } },
{ "type": "Feature", "properties": { "vehicle_id": "A2305", "latitude": 42.730674743652344, "longitude": 23.313133239746094, "raw_occupancy": 2, "timestamp": "2026-09-15 18:35:31" }, "geometry": { "type": "Point", "coordinates": [ 23.313133239746094, 42.730674743652344 ] } },
{ "type": "Feature", "properties": { "vehicle_id": "A2054", "latitude": 42.692752838134766, "longitude": 23.35963249206543, "raw_occupancy": 2, "timestamp": "2026-09-15 18:35:31" }, "geometry": { "type": "Point", "coordinates": [ 23.35963249206543, 42.692752838134766 ] } },
{ "type": "Feature", "properties": { "vehicle_id": "A2045", "latitude": 42.706340789794922, "longitude": 23.308151245117188, "raw_occupancy": 3, "timestamp": "2026-09-15 18:35:31" }, "geometry": { "type": "Point", "coordinates": [ 23.308151245117188, 42.706340789794922 ] } },
{ "type": "Feature", "properties": { "vehicle_id": "A3611", "latitude": 42.668880462646484, "longitude": 23.464122772216797, "raw_occupancy": 0, "timestamp": "2026-09-15 18:35:31" }, "geometry": { "type": "Point", "coordinates": [ 23.464122772216797, 42.668880462646484 ] } },
{ "type": "Feature", "properties": { "vehicle_id": "A3016", "latitude": 42.690528869628906, "longitude": 23.331945419311523, "raw_occupancy": 1, "timestamp": "2026-09-15 18:35:31" }, "geometry": { "type": "Point", "coordinates": [ 23.331945419311523, 42.690528869628906 ] } },
{ "type": "Feature", "properties": { "vehicle_id": "A2517", "latitude": 42.621795654296875, "longitude": 23.32611083984375, "raw_occupancy": 2, "timestamp": "2026-09-15 18:35:31" }, "geometry": { "type": "Point", "coordinates": [ 23.32611083984375, 42.621795654296875 ] } },
{ "type": "Feature", "properties": { "vehicle_id": "A7149", "latitude": 42.750644683837891, "longitude": 23.399185180664062, "raw_occupancy": 1, "timestamp": "2026-09-15 18:35:31" }, "geometry": { "type": "Point", "coordinates": [ 23.399185180664062, 42.750644683837891 ] } },
{ "type": "Feature", "properties": { "vehicle_id": "A2728", "latitude": 42.700668334960938, "longitude": 23.373916625976562, "raw_occupancy": 2, "timestamp": "2026-09-15 18:35:31" }, "geometry": { "type": "Point", "coordinates": [ 23.373916625976562, 42.700668334960938 ] } },
{ "type": "Feature", "properties": { "vehicle_id": "A7155", "latitude": 42.718906402587891, "longitude": 23.442892074584961, "raw_occupancy": 1, "timestamp": "2026-09-15 18:35:31" }, "geometry": { "type": "Point", "coordinates": [ 23.442892074584961, 42.718906402587891 ] } },
{ "type": "Feature", "properties": { "vehicle_id": "A7153", "latitude": 42.828453063964844, "longitude": 23.239355087280273, "raw_occupancy": 1, "timestamp": "2026-09-15 18:35:31" }, "geometry": { "type": "Point", "coordinates": [ 23.239355087280273, 42.828453063964844 ] } },
{ "type": "Feature", "properties": { "vehicle_id": "A3616", "latitude": 42.690868377685547, "longitude": 23.338890075683594, "raw_occupancy": 5, "timestamp": "2026-09-15 18:35:31" }, "geometry": { "type": "Point", "coordinates": [ 23.338890075683594, 42.690868377685547 ] } },
{ "type": "Feature", "properties": { "vehicle_id": "A1174", "latitude": 42.682674407958984, "longitude": 23.241661071777344, "raw_occupancy": 1, "timestamp": "2026-09-15 18:35:31" }, "geometry": { "type": "Point", "coordinates": [ 23.241661071777344, 42.682674407958984 ] } },
{ "type": "Feature", "properties": { "vehicle_id": "A1606", "latitude": 42.694328308105469, "longitude": 23.230283737182617, "raw_occupancy": 1, "timestamp": "2026-09-15 18:35:31" }, "geometry": { "type": "Point", "coordinates": [ 23.230283737182617, 42.694328308105469 ] } },
{ "type": "Feature", "properties": { "vehicle_id": "A7087", "latitude": 42.727035522460938, "longitude": 23.261995315551758, "raw_occupancy": 1, "timestamp": "2026-09-15 18:35:31" }, "geometry": { "type": "Point", "coordinates": [ 23.261995315551758, 42.727035522460938 ] } },
{ "type": "Feature", "properties": { "vehicle_id": "A3627", "latitude": 42.684543609619141, "longitude": 23.402101516723633, "raw_occupancy": 3, "timestamp": "2026-09-15 18:35:31" }, "geometry": { "type": "Point", "coordinates": [ 23.402101516723633, 42.684543609619141 ] } },
{ "type": "Feature", "properties": { "vehicle_id": "A1821", "latitude": 42.723526000976562, "longitude": 23.258405685424805, "raw_occupancy": 2, "timestamp": "2026-09-15 18:35:31" }, "geometry": { "type": "Point", "coordinates": [ 23.258405685424805, 42.723526000976562 ] } },
{ "type": "Feature", "properties": { "vehicle_id": "A2066", "latitude": 42.709133148193359, "longitude": 23.318414688110352, "raw_occupancy": 1, "timestamp": "2026-09-15 18:35:31" }, "geometry": { "type": "Point", "coordinates": [ 23.318414688110352, 42.709133148193359 ] } },
{ "type": "Feature", "properties": { "vehicle_id": "A1165", "latitude": 42.710803985595703, "longitude": 23.292287826538086, "raw_occupancy": 3, "timestamp": "2026-09-15 18:35:31" }, "geometry": { "type": "Point", "coordinates": [ 23.292287826538086, 42.710803985595703 ] } },
{ "type": "Feature", "properties": { "vehicle_id": "A7063", "latitude": 42.728683471679688, "longitude": 23.25843620300293, "raw_occupancy": 2, "timestamp": "2026-09-15 18:35:31" }, "geometry": { "type": "Point", "coordinates": [ 23.25843620300293, 42.728683471679688 ] } },
{ "type": "Feature", "properties": { "vehicle_id": "A2306", "latitude": 42.650398254394531, "longitude": 23.342061996459961, "raw_occupancy": 2, "timestamp": "2026-09-15 18:35:31" }, "geometry": { "type": "Point", "coordinates": [ 23.342061996459961, 42.650398254394531 ] } },
{ "type": "Feature", "properties": { "vehicle_id": "A1166", "latitude": 42.659091949462891, "longitude": 23.327610015869141, "raw_occupancy": 0, "timestamp": "2026-09-15 18:35:31" }, "geometry": { "type": "Point", "coordinates": [ 23.327610015869141, 42.659091949462891 ] } },
{ "type": "Feature", "properties": { "vehicle_id": "A7139", "latitude": 42.721752166748047, "longitude": 23.447536468505859, "raw_occupancy": 1, "timestamp": "2026-09-15 18:35:31" }, "geometry": { "type": "Point", "coordinates": [ 23.447536468505859, 42.721752166748047 ] } },
{ "type": "Feature", "properties": { "vehicle_id": "A3670", "latitude": 42.665596008300781, "longitude": 23.391292572021484, "raw_occupancy": 2, "timestamp": "2026-09-15 18:35:31" }, "geometry": { "type": "Point", "coordinates": [ 23.391292572021484, 42.665596008300781 ] } },
{ "type": "Feature", "properties": { "vehicle_id": "A2003", "latitude": 42.708621978759766, "longitude": 23.251379013061523, "raw_occupancy": 1, "timestamp": "2026-09-15 18:35:31" }, "geometry": { "type": "Point", "coordinates": [ 23.251379013061523, 42.708621978759766 ] } },
{ "type": "Feature", "properties": { "vehicle_id": "A1213", "latitude": 42.727634429931641, "longitude": 23.11720085144043, "raw_occupancy": 1, "timestamp": "2026-09-15 18:35:31" }, "geometry": { "type": "Point", "coordinates": [ 23.11720085144043, 42.727634429931641 ] } },
{ "type": "Feature", "properties": { "vehicle_id": "A7083", "latitude": 42.709800720214844, "longitude": 23.384355545043945, "raw_occupancy": 1, "timestamp": "2026-09-15 18:35:31" }, "geometry": { "type": "Point", "coordinates": [ 23.384355545043945, 42.709800720214844 ] } },
{ "type": "Feature", "properties": { "vehicle_id": "A3664", "latitude": 42.681674957275391, "longitude": 23.313198089599609, "raw_occupancy": 2, "timestamp": "2026-09-15 18:35:31" }, "geometry": { "type": "Point", "coordinates": [ 23.313198089599609, 42.681674957275391 ] } },
{ "type": "Feature", "properties": { "vehicle_id": "A3663", "latitude": 42.696273803710938, "longitude": 23.347316741943359, "raw_occupancy": 2, "timestamp": "2026-09-15 18:35:31" }, "geometry": { "type": "Point", "coordinates": [ 23.347316741943359, 42.696273803710938 ] } },
{ "type": "Feature", "properties": { "vehicle_id": "A1186", "latitude": 42.684299468994141, "longitude": 23.276453018188477, "raw_occupancy": 2, "timestamp": "2026-09-15 18:35:31" }, "geometry": { "type": "Point", "coordinates": [ 23.276453018188477, 42.684299468994141 ] } },
{ "type": "Feature", "properties": { "vehicle_id": "A3019", "latitude": 42.684852600097656, "longitude": 23.351943969726562, "raw_occupancy": 1, "timestamp": "2026-09-15 18:35:31" }, "geometry": { "type": "Point", "coordinates": [ 23.351943969726562, 42.684852600097656 ] } },
{ "type": "Feature", "properties": { "vehicle_id": "A1127", "latitude": 42.725685119628906, "longitude": 23.261039733886719, "raw_occupancy": 2, "timestamp": "2026-09-15 18:35:31" }, "geometry": { "type": "Point", "coordinates": [ 23.261039733886719, 42.725685119628906 ] } },
{ "type": "Feature", "properties": { "vehicle_id": "A1619", "latitude": 42.691398620605469, "longitude": 23.369390487670898, "raw_occupancy": 1, "timestamp": "2026-09-15 18:35:31" }, "geometry": { "type": "Point", "coordinates": [ 23.369390487670898, 42.691398620605469 ] } },
{ "type": "Feature", "properties": { "vehicle_id": "A7119", "latitude": 42.803928375244141, "longitude": 23.34528923034668, "raw_occupancy": 4, "timestamp": "2026-09-15 18:35:31" }, "geometry": { "type": "Point", "coordinates": [ 23.34528923034668, 42.803928375244141 ] } },
{ "type": "Feature", "properties": { "vehicle_id": "A7127", "latitude": 42.709331512451172, "longitude": 23.356101989746094, "raw_occupancy": 1, "timestamp": "2026-09-15 18:35:31" }, "geometry": { "type": "Point", "coordinates": [ 23.356101989746094, 42.709331512451172 ] } },
{ "type": "Feature", "properties": { "vehicle_id": "A2001", "latitude": 42.71307373046875, "longitude": 23.380041122436523, "raw_occupancy": 0, "timestamp": "2026-09-15 18:35:31" }, "geometry": { "type": "Point", "coordinates": [ 23.380041122436523, 42.71307373046875 ] } },
{ "type": "Feature", "properties": { "vehicle_id": "A7069", "latitude": 42.781391143798828, "longitude": 23.273914337158203, "raw_occupancy": 1, "timestamp": "2026-09-15 18:35:31" }, "geometry": { "type": "Point", "coordinates": [ 23.273914337158203, 42.781391143798828 ] } },
{ "type": "Feature", "properties": { "vehicle_id": "A2048", "latitude": 42.624794006347656, "longitude": 23.406108856201172, "raw_occupancy": 2, "timestamp": "2026-09-15 18:35:31" }, "geometry": { "type": "Point", "coordinates": [ 23.406108856201172, 42.624794006347656 ] } },
{ "type": "Feature", "properties": { "vehicle_id": "A2086", "latitude": 42.708221435546875, "longitude": 23.323083877563477, "raw_occupancy": 1, "timestamp": "2026-09-15 18:35:31" }, "geometry": { "type": "Point", "coordinates": [ 23.323083877563477, 42.708221435546875 ] } },
{ "type": "Feature", "properties": { "vehicle_id": "A7185", "latitude": 42.721965789794922, "longitude": 23.530740737915039, "raw_occupancy": 1, "timestamp": "2026-09-15 18:35:31" }, "geometry": { "type": "Point", "coordinates": [ 23.530740737915039, 42.721965789794922 ] } },
{ "type": "Feature", "properties": { "vehicle_id": "A3633", "latitude": 42.635452270507812, "longitude": 23.406627655029297, "raw_occupancy": 1, "timestamp": "2026-09-15 18:35:31" }, "geometry": { "type": "Point", "coordinates": [ 23.406627655029297, 42.635452270507812 ] } },
{ "type": "Feature", "properties": { "vehicle_id": "A1837", "latitude": 42.753894805908203, "longitude": 23.247829437255859, "raw_occupancy": 1, "timestamp": "2026-09-15 18:35:31" }, "geometry": { "type": "Point", "coordinates": [ 23.247829437255859, 42.753894805908203 ] } },
{ "type": "Feature", "properties": { "vehicle_id": "A1180", "latitude": 42.642868041992188, "longitude": 23.34406852722168, "raw_occupancy": 0, "timestamp": "2026-09-15 18:35:31" }, "geometry": { "type": "Point", "coordinates": [ 23.34406852722168, 42.642868041992188 ] } },
{ "type": "Feature", "properties": { "vehicle_id": "A3109", "latitude": 42.626605987548828, "longitude": 23.381256103515625, "raw_occupancy": 1, "timestamp": "2026-09-15 18:35:31" }, "geometry": { "type": "Point", "coordinates": [ 23.381256103515625, 42.626605987548828 ] } },
{ "type": "Feature", "properties": { "vehicle_id": "A3128", "latitude": 42.642890930175781, "longitude": 23.334383010864258, "raw_occupancy": 2, "timestamp": "2026-09-15 18:35:31" }, "geometry": { "type": "Point", "coordinates": [ 23.334383010864258, 42.642890930175781 ] } },
{ "type": "Feature", "properties": { "vehicle_id": "A1219", "latitude": 42.717300415039062, "longitude": 23.200582504272461, "raw_occupancy": 1, "timestamp": "2026-09-15 18:35:31" }, "geometry": { "type": "Point", "coordinates": [ 23.200582504272461, 42.717300415039062 ] } },
{ "type": "Feature", "properties": { "vehicle_id": "A2733", "latitude": 42.742000579833984, "longitude": 23.285833358764648, "raw_occupancy": 1, "timestamp": "2026-09-15 18:35:31" }, "geometry": { "type": "Point", "coordinates": [ 23.285833358764648, 42.742000579833984 ] } },
{ "type": "Feature", "properties": { "vehicle_id": "A7055", "latitude": 42.735809326171875, "longitude": 23.489889144897461, "raw_occupancy": 2, "timestamp": "2026-09-15 18:35:31" }, "geometry": { "type": "Point", "coordinates": [ 23.489889144897461, 42.735809326171875 ] } },
{ "type": "Feature", "properties": { "vehicle_id": "A2067", "latitude": 42.794334411621094, "longitude": 23.321918487548828, "raw_occupancy": 2, "timestamp": "2026-09-15 18:35:31" }, "geometry": { "type": "Point", "coordinates": [ 23.321918487548828, 42.794334411621094 ] } },
{ "type": "Feature", "properties": { "vehicle_id": "A2002", "latitude": 42.643634796142578, "longitude": 23.345010757446289, "raw_occupancy": 0, "timestamp": "2026-09-15 18:35:31" }, "geometry": { "type": "Point", "coordinates": [ 23.345010757446289, 42.643634796142578 ] } },
{ "type": "Feature", "properties": { "vehicle_id": "A3410", "latitude": 42.68994140625, "longitude": 23.33812141418457, "raw_occupancy": 2, "timestamp": "2026-09-15 18:35:31" }, "geometry": { "type": "Point", "coordinates": [ 23.33812141418457, 42.68994140625 ] } },
{ "type": "Feature", "properties": { "vehicle_id": "A3659", "latitude": 42.657276153564453, "longitude": 23.401540756225586, "raw_occupancy": 0, "timestamp": "2026-09-15 18:35:31" }, "geometry": { "type": "Point", "coordinates": [ 23.401540756225586, 42.657276153564453 ] } },
{ "type": "Feature", "properties": { "vehicle_id": "A2720", "latitude": 42.821556091308594, "longitude": 23.261028289794922, "raw_occupancy": 0, "timestamp": "2026-09-15 18:35:31" }, "geometry": { "type": "Point", "coordinates": [ 23.261028289794922, 42.821556091308594 ] } },
{ "type": "Feature", "properties": { "vehicle_id": "A3129", "latitude": 42.655887603759766, "longitude": 23.382232666015625, "raw_occupancy": 2, "timestamp": "2026-09-15 18:35:31" }, "geometry": { "type": "Point", "coordinates": [ 23.382232666015625, 42.655887603759766 ] } },
{ "type": "Feature", "properties": { "vehicle_id": "A1614", "latitude": 42.725803375244141, "longitude": 23.243701934814453, "raw_occupancy": 0, "timestamp": "2026-09-15 18:35:31" }, "geometry": { "type": "Point", "coordinates": [ 23.243701934814453, 42.725803375244141 ] } },
{ "type": "Feature", "properties": { "vehicle_id": "A3158", "latitude": 42.684295654296875, "longitude": 23.323650360107422, "raw_occupancy": 4, "timestamp": "2026-09-15 18:35:31" }, "geometry": { "type": "Point", "coordinates": [ 23.323650360107422, 42.684295654296875 ] } },
{ "type": "Feature", "properties": { "vehicle_id": "A3650", "latitude": 42.662551879882812, "longitude": 23.358432769775391, "raw_occupancy": 2, "timestamp": "2026-09-15 18:35:31" }, "geometry": { "type": "Point", "coordinates": [ 23.358432769775391, 42.662551879882812 ] } },
{ "type": "Feature", "properties": { "vehicle_id": "A2078", "latitude": 42.662612915039062, "longitude": 23.376564025878906, "raw_occupancy": 2, "timestamp": "2026-09-15 18:35:31" }, "geometry": { "type": "Point", "coordinates": [ 23.376564025878906, 42.662612915039062 ] } },
{ "type": "Feature", "properties": { "vehicle_id": "A2083", "latitude": 42.729804992675781, "longitude": 23.2471923828125, "raw_occupancy": 1, "timestamp": "2026-09-15 18:35:31" }, "geometry": { "type": "Point", "coordinates": [ 23.2471923828125, 42.729804992675781 ] } },
{ "type": "Feature", "properties": { "vehicle_id": "A1015", "latitude": 42.645637512207031, "longitude": 23.333587646484375, "raw_occupancy": 2, "timestamp": "2026-09-15 18:35:31" }, "geometry": { "type": "Point", "coordinates": [ 23.333587646484375, 42.645637512207031 ] } },
{ "type": "Feature", "properties": { "vehicle_id": "A2076", "latitude": 42.637863159179688, "longitude": 23.406705856323242, "raw_occupancy": 1, "timestamp": "2026-09-15 18:35:31" }, "geometry": { "type": "Point", "coordinates": [ 23.406705856323242, 42.637863159179688 ] } },
{ "type": "Feature", "properties": { "vehicle_id": "A7061", "latitude": 42.845352172851562, "longitude": 23.319013595581055, "raw_occupancy": 1, "timestamp": "2026-09-15 18:35:31" }, "geometry": { "type": "Point", "coordinates": [ 23.319013595581055, 42.845352172851562 ] } },
{ "type": "Feature", "properties": { "vehicle_id": "A1604", "latitude": 42.695793151855469, "longitude": 23.287565231323242, "raw_occupancy": 1, "timestamp": "2026-09-15 18:35:31" }, "geometry": { "type": "Point", "coordinates": [ 23.287565231323242, 42.695793151855469 ] } },
{ "type": "Feature", "properties": { "vehicle_id": "A1187", "latitude": 42.671733856201172, "longitude": 23.294593811035156, "raw_occupancy": 2, "timestamp": "2026-09-15 18:35:31" }, "geometry": { "type": "Point", "coordinates": [ 23.294593811035156, 42.671733856201172 ] } },
{ "type": "Feature", "properties": { "vehicle_id": "A1610", "latitude": 42.665630340576172, "longitude": 23.259330749511719, "raw_occupancy": 3, "timestamp": "2026-09-15 18:35:31" }, "geometry": { "type": "Point", "coordinates": [ 23.259330749511719, 42.665630340576172 ] } },
{ "type": "Feature", "properties": { "vehicle_id": "A3622", "latitude": 42.671684265136719, "longitude": 23.394887924194336, "raw_occupancy": 1, "timestamp": "2026-09-15 18:35:31" }, "geometry": { "type": "Point", "coordinates": [ 23.394887924194336, 42.671684265136719 ] } },
{ "type": "Feature", "properties": { "vehicle_id": "A2059", "latitude": 42.70794677734375, "longitude": 23.33338737487793, "raw_occupancy": 1, "timestamp": "2026-09-15 18:35:31" }, "geometry": { "type": "Point", "coordinates": [ 23.33338737487793, 42.70794677734375 ] } },
{ "type": "Feature", "properties": { "vehicle_id": "A1829", "latitude": 42.718635559082031, "longitude": 23.253578186035156, "raw_occupancy": 1, "timestamp": "2026-09-15 18:35:31" }, "geometry": { "type": "Point", "coordinates": [ 23.253578186035156, 42.718635559082031 ] } },
{ "type": "Feature", "properties": { "vehicle_id": "A3017", "latitude": 42.682670593261719, "longitude": 23.375823974609375, "raw_occupancy": 0, "timestamp": "2026-09-15 18:35:31" }, "geometry": { "type": "Point", "coordinates": [ 23.375823974609375, 42.682670593261719 ] } },
{ "type": "Feature", "properties": { "vehicle_id": "A7053", "latitude": 42.705745697021484, "longitude": 23.35847282409668, "raw_occupancy": 1, "timestamp": "2026-09-15 18:35:31" }, "geometry": { "type": "Point", "coordinates": [ 23.35847282409668, 42.705745697021484 ] } },
{ "type": "Feature", "properties": { "vehicle_id": "A7173", "latitude": 42.711399078369141, "longitude": 23.354225158691406, "raw_occupancy": 0, "timestamp": "2026-09-15 18:35:31" }, "geometry": { "type": "Point", "coordinates": [ 23.354225158691406, 42.711399078369141 ] } },
{ "type": "Feature", "properties": { "vehicle_id": "A1849", "latitude": 42.734333038330078, "longitude": 23.290864944458008, "raw_occupancy": 4, "timestamp": "2026-09-15 18:35:31" }, "geometry": { "type": "Point", "coordinates": [ 23.290864944458008, 42.734333038330078 ] } },
{ "type": "Feature", "properties": { "vehicle_id": "A3603", "latitude": 42.712631225585938, "longitude": 23.402078628540039, "raw_occupancy": 0, "timestamp": "2026-09-15 18:35:31" }, "geometry": { "type": "Point", "coordinates": [ 23.402078628540039, 42.712631225585938 ] } },
{ "type": "Feature", "properties": { "vehicle_id": "A1169", "latitude": 42.732044219970703, "longitude": 23.312906265258789, "raw_occupancy": 1, "timestamp": "2026-09-15 18:35:31" }, "geometry": { "type": "Point", "coordinates": [ 23.312906265258789, 42.732044219970703 ] } },
{ "type": "Feature", "properties": { "vehicle_id": "A1125", "latitude": 42.762825012207031, "longitude": 23.198686599731445, "raw_occupancy": 0, "timestamp": "2026-09-15 18:35:31" }, "geometry": { "type": "Point", "coordinates": [ 23.198686599731445, 42.762825012207031 ] } },
{ "type": "Feature", "properties": { "vehicle_id": "A3138", "latitude": 42.635303497314453, "longitude": 23.380336761474609, "raw_occupancy": 1, "timestamp": "2026-09-15 18:35:31" }, "geometry": { "type": "Point", "coordinates": [ 23.380336761474609, 42.635303497314453 ] } },
{ "type": "Feature", "properties": { "vehicle_id": "A7115", "latitude": 42.720840454101562, "longitude": 23.310817718505859, "raw_occupancy": 2, "timestamp": "2026-09-15 18:35:31" }, "geometry": { "type": "Point", "coordinates": [ 23.310817718505859, 42.720840454101562 ] } },
{ "type": "Feature", "properties": { "vehicle_id": "A2060", "latitude": 42.602882385253906, "longitude": 23.402492523193359, "raw_occupancy": 1, "timestamp": "2026-09-15 18:35:31" }, "geometry": { "type": "Point", "coordinates": [ 23.402492523193359, 42.602882385253906 ] } },
{ "type": "Feature", "properties": { "vehicle_id": "A1181", "latitude": 42.665122985839844, "longitude": 23.302825927734375, "raw_occupancy": 0, "timestamp": "2026-09-15 18:35:31" }, "geometry": { "type": "Point", "coordinates": [ 23.302825927734375, 42.665122985839844 ] } },
{ "type": "Feature", "properties": { "vehicle_id": "A2140", "latitude": 42.708549499511719, "longitude": 23.33221435546875, "raw_occupancy": 1, "timestamp": "2026-09-15 18:35:31" }, "geometry": { "type": "Point", "coordinates": [ 23.33221435546875, 42.708549499511719 ] } },
{ "type": "Feature", "properties": { "vehicle_id": "A2005", "latitude": 42.669654846191406, "longitude": 23.332588195800781, "raw_occupancy": 2, "timestamp": "2026-09-15 18:35:31" }, "geometry": { "type": "Point", "coordinates": [ 23.332588195800781, 42.669654846191406 ] } },
{ "type": "Feature", "properties": { "vehicle_id": "A3634", "latitude": 42.676902770996094, "longitude": 23.464597702026367, "raw_occupancy": 0, "timestamp": "2026-09-15 18:35:31" }, "geometry": { "type": "Point", "coordinates": [ 23.464597702026367, 42.676902770996094 ] } },
{ "type": "Feature", "properties": { "vehicle_id": "A2040", "latitude": 42.676567077636719, "longitude": 23.340646743774414, "raw_occupancy": 1, "timestamp": "2026-09-15 18:35:31" }, "geometry": { "type": "Point", "coordinates": [ 23.340646743774414, 42.676567077636719 ] } },
{ "type": "Feature", "properties": { "vehicle_id": "A1170", "latitude": 42.658077239990234, "longitude": 23.328441619873047, "raw_occupancy": 0, "timestamp": "2026-09-15 18:35:31" }, "geometry": { "type": "Point", "coordinates": [ 23.328441619873047, 42.658077239990234 ] } },
{ "type": "Feature", "properties": { "vehicle_id": "A2308", "latitude": 42.642791748046875, "longitude": 23.3448486328125, "raw_occupancy": 0, "timestamp": "2026-09-15 18:35:31" }, "geometry": { "type": "Point", "coordinates": [ 23.3448486328125, 42.642791748046875 ] } },
{ "type": "Feature", "properties": { "vehicle_id": "A3157", "latitude": 42.651844024658203, "longitude": 23.349098205566406, "raw_occupancy": 2, "timestamp": "2026-09-15 18:35:31" }, "geometry": { "type": "Point", "coordinates": [ 23.349098205566406, 42.651844024658203 ] } },
{ "type": "Feature", "properties": { "vehicle_id": "A1612", "latitude": 42.659797668457031, "longitude": 23.285694122314453, "raw_occupancy": 1, "timestamp": "2026-09-15 18:35:31" }, "geometry": { "type": "Point", "coordinates": [ 23.285694122314453, 42.659797668457031 ] } },
{ "type": "Feature", "properties": { "vehicle_id": "A3601", "latitude": 42.665088653564453, "longitude": 23.422468185424805, "raw_occupancy": 0, "timestamp": "2026-09-15 18:35:31" }, "geometry": { "type": "Point", "coordinates": [ 23.422468185424805, 42.665088653564453 ] } },
{ "type": "Feature", "properties": { "vehicle_id": "A2030", "latitude": 42.705780029296875, "longitude": 23.3702392578125, "raw_occupancy": 1, "timestamp": "2026-09-15 18:35:31" }, "geometry": { "type": "Point", "coordinates": [ 23.3702392578125, 42.705780029296875 ] } },
{ "type": "Feature", "properties": { "vehicle_id": "A2050", "latitude": 42.705661773681641, "longitude": 23.33258056640625, "raw_occupancy": 1, "timestamp": "2026-09-15 18:35:31" }, "geometry": { "type": "Point", "coordinates": [ 23.33258056640625, 42.705661773681641 ] } },
{ "type": "Feature", "properties": { "vehicle_id": "A2504", "latitude": 42.723720550537109, "longitude": 23.258272171020508, "raw_occupancy": 1, "timestamp": "2026-09-15 18:35:31" }, "geometry": { "type": "Point", "coordinates": [ 23.258272171020508, 42.723720550537109 ] } },
{ "type": "Feature", "properties": { "vehicle_id": "A7159", "latitude": 42.737590789794922, "longitude": 23.317571640014648, "raw_occupancy": 2, "timestamp": "2026-09-15 18:35:31" }, "geometry": { "type": "Point", "coordinates": [ 23.317571640014648, 42.737590789794922 ] } },
{ "type": "Feature", "properties": { "vehicle_id": "A1164", "latitude": 42.722450256347656, "longitude": 23.280715942382812, "raw_occupancy": 3, "timestamp": "2026-09-15 18:35:31" }, "geometry": { "type": "Point", "coordinates": [ 23.280715942382812, 42.722450256347656 ] } },
{ "type": "Feature", "properties": { "vehicle_id": "A3623", "latitude": 42.662387847900391, "longitude": 23.464576721191406, "raw_occupancy": 1, "timestamp": "2026-09-15 18:35:31" }, "geometry": { "type": "Point", "coordinates": [ 23.464576721191406, 42.662387847900391 ] } },
{ "type": "Feature", "properties": { "vehicle_id": "A1609", "latitude": 42.704750061035156, "longitude": 23.322902679443359, "raw_occupancy": 2, "timestamp": "2026-09-15 18:35:31" }, "geometry": { "type": "Point", "coordinates": [ 23.322902679443359, 42.704750061035156 ] } },
{ "type": "Feature", "properties": { "vehicle_id": "A2082", "latitude": 42.612255096435547, "longitude": 23.339012145996094, "raw_occupancy": 1, "timestamp": "2026-09-15 18:35:31" }, "geometry": { "type": "Point", "coordinates": [ 23.339012145996094, 42.612255096435547 ] } },
{ "type": "Feature", "properties": { "vehicle_id": "A7169", "latitude": 42.710319519042969, "longitude": 23.386726379394531, "raw_occupancy": 1, "timestamp": "2026-09-15 18:35:31" }, "geometry": { "type": "Point", "coordinates": [ 23.386726379394531, 42.710319519042969 ] } },
{ "type": "Feature", "properties": { "vehicle_id": "A1618", "latitude": 42.696949005126953, "longitude": 23.347244262695312, "raw_occupancy": 2, "timestamp": "2026-09-15 18:35:31" }, "geometry": { "type": "Point", "coordinates": [ 23.347244262695312, 42.696949005126953 ] } },
{ "type": "Feature", "properties": { "vehicle_id": "A2090", "latitude": 42.604000091552734, "longitude": 23.473638534545898, "raw_occupancy": 1, "timestamp": "2026-09-15 18:35:31" }, "geometry": { "type": "Point", "coordinates": [ 23.473638534545898, 42.604000091552734 ] } },
{ "type": "Feature", "properties": { "vehicle_id": "A2804", "latitude": 42.685062408447266, "longitude": 23.303356170654297, "raw_occupancy": 3, "timestamp": "2026-09-15 18:35:31" }, "geometry": { "type": "Point", "coordinates": [ 23.303356170654297, 42.685062408447266 ] } },
{ "type": "Feature", "properties": { "vehicle_id": "A2065", "latitude": 42.728199005126953, "longitude": 23.344381332397461, "raw_occupancy": 4, "timestamp": "2026-09-15 18:35:31" }, "geometry": { "type": "Point", "coordinates": [ 23.344381332397461, 42.728199005126953 ] } },
{ "type": "Feature", "properties": { "vehicle_id": "A2058", "latitude": 42.693443298339844, "longitude": 23.355466842651367, "raw_occupancy": 1, "timestamp": "2026-09-15 18:35:31" }, "geometry": { "type": "Point", "coordinates": [ 23.355466842651367, 42.693443298339844 ] } },
{ "type": "Feature", "properties": { "vehicle_id": "A2028", "latitude": 42.713150024414062, "longitude": 23.380388259887695, "raw_occupancy": 1, "timestamp": "2026-09-15 18:35:31" }, "geometry": { "type": "Point", "coordinates": [ 23.380388259887695, 42.713150024414062 ] } },
{ "type": "Feature", "properties": { "vehicle_id": "A1421", "latitude": 42.659934997558594, "longitude": 23.321918487548828, "raw_occupancy": 0, "timestamp": "2026-09-15 18:35:31" }, "geometry": { "type": "Point", "coordinates": [ 23.321918487548828, 42.659934997558594 ] } },
{ "type": "Feature", "properties": { "vehicle_id": "A7085", "latitude": 42.709964752197266, "longitude": 23.402275085449219, "raw_occupancy": 1, "timestamp": "2026-09-15 18:35:31" }, "geometry": { "type": "Point", "coordinates": [ 23.402275085449219, 42.709964752197266 ] } },
{ "type": "Feature", "properties": { "vehicle_id": "A3671", "latitude": 42.626548767089844, "longitude": 23.358734130859375, "raw_occupancy": 3, "timestamp": "2026-09-15 18:35:31" }, "geometry": { "type": "Point", "coordinates": [ 23.358734130859375, 42.626548767089844 ] } },
{ "type": "Feature", "properties": { "vehicle_id": "A1162", "latitude": 42.679569244384766, "longitude": 23.283510208129883, "raw_occupancy": 3, "timestamp": "2026-09-15 18:35:31" }, "geometry": { "type": "Point", "coordinates": [ 23.283510208129883, 42.679569244384766 ] } },
{ "type": "Feature", "properties": { "vehicle_id": "A2507", "latitude": 42.692249298095703, "longitude": 23.359416961669922, "raw_occupancy": 3, "timestamp": "2026-09-15 18:35:31" }, "geometry": { "type": "Point", "coordinates": [ 23.359416961669922, 42.692249298095703 ] } },
{ "type": "Feature", "properties": { "vehicle_id": "A1152", "latitude": 42.642959594726562, "longitude": 23.336584091186523, "raw_occupancy": 2, "timestamp": "2026-09-15 18:35:31" }, "geometry": { "type": "Point", "coordinates": [ 23.336584091186523, 42.642959594726562 ] } },
{ "type": "Feature", "properties": { "vehicle_id": "A2815", "latitude": 42.708999633789062, "longitude": 23.372854232788086, "raw_occupancy": 0, "timestamp": "2026-09-15 18:35:31" }, "geometry": { "type": "Point", "coordinates": [ 23.372854232788086, 42.708999633789062 ] } },
{ "type": "Feature", "properties": { "vehicle_id": "A2311", "latitude": 42.665267944335938, "longitude": 23.362306594848633, "raw_occupancy": 2, "timestamp": "2026-09-15 18:35:31" }, "geometry": { "type": "Point", "coordinates": [ 23.362306594848633, 42.665267944335938 ] } },
{ "type": "Feature", "properties": { "vehicle_id": "A2032", "latitude": 42.643424987792969, "longitude": 23.345039367675781, "raw_occupancy": 0, "timestamp": "2026-09-15 18:35:31" }, "geometry": { "type": "Point", "coordinates": [ 23.345039367675781, 42.643424987792969 ] } },
{ "type": "Feature", "properties": { "vehicle_id": "A1310", "latitude": 42.731452941894531, "longitude": 23.253728866577148, "raw_occupancy": 0, "timestamp": "2026-09-15 18:35:31" }, "geometry": { "type": "Point", "coordinates": [ 23.253728866577148, 42.731452941894531 ] } },
{ "type": "Feature", "properties": { "vehicle_id": "A1217", "latitude": 42.700225830078125, "longitude": 23.149686813354492, "raw_occupancy": 1, "timestamp": "2026-09-15 18:35:31" }, "geometry": { "type": "Point", "coordinates": [ 23.149686813354492, 42.700225830078125 ] } },
{ "type": "Feature", "properties": { "vehicle_id": "A1214", "latitude": 42.634689331054688, "longitude": 23.372898101806641, "raw_occupancy": 0, "timestamp": "2026-09-15 18:35:31" }, "geometry": { "type": "Point", "coordinates": [ 23.372898101806641, 42.634689331054688 ] } },
{ "type": "Feature", "properties": { "vehicle_id": "A1805", "latitude": 42.726383209228516, "longitude": 23.242176055908203, "raw_occupancy": 2, "timestamp": "2026-09-15 18:35:31" }, "geometry": { "type": "Point", "coordinates": [ 23.242176055908203, 42.726383209228516 ] } },
{ "type": "Feature", "properties": { "vehicle_id": "A1222", "latitude": 42.718868255615234, "longitude": 23.238883972167969, "raw_occupancy": 1, "timestamp": "2026-09-15 18:35:31" }, "geometry": { "type": "Point", "coordinates": [ 23.238883972167969, 42.718868255615234 ] } },
{ "type": "Feature", "properties": { "vehicle_id": "A2036", "latitude": 42.691123962402344, "longitude": 23.33659553527832, "raw_occupancy": 1, "timestamp": "2026-09-15 18:35:31" }, "geometry": { "type": "Point", "coordinates": [ 23.33659553527832, 42.691123962402344 ] } },
{ "type": "Feature", "properties": { "vehicle_id": "A2044", "latitude": 42.702621459960938, "longitude": 23.3616943359375, "raw_occupancy": 1, "timestamp": "2026-09-15 18:35:31" }, "geometry": { "type": "Point", "coordinates": [ 23.3616943359375, 42.702621459960938 ] } },
{ "type": "Feature", "properties": { "vehicle_id": "A2316", "latitude": 42.643600463867188, "longitude": 23.34510612487793, "raw_occupancy": 0, "timestamp": "2026-09-15 18:35:31" }, "geometry": { "type": "Point", "coordinates": [ 23.34510612487793, 42.643600463867188 ] } },
{ "type": "Feature", "properties": { "vehicle_id": "A3133", "latitude": 42.649497985839844, "longitude": 23.367944717407227, "raw_occupancy": 1, "timestamp": "2026-09-15 18:35:31" }, "geometry": { "type": "Point", "coordinates": [ 23.367944717407227, 42.649497985839844 ] } },
{ "type": "Feature", "properties": { "vehicle_id": "A2831", "latitude": 42.669029235839844, "longitude": 23.244077682495117, "raw_occupancy": 1, "timestamp": "2026-09-15 18:35:31" }, "geometry": { "type": "Point", "coordinates": [ 23.244077682495117, 42.669029235839844 ] } },
{ "type": "Feature", "properties": { "vehicle_id": "A1855", "latitude": 42.674991607666016, "longitude": 23.278081893920898, "raw_occupancy": 2, "timestamp": "2026-09-15 18:35:31" }, "geometry": { "type": "Point", "coordinates": [ 23.278081893920898, 42.674991607666016 ] } },
{ "type": "Feature", "properties": { "vehicle_id": "A3153", "latitude": 42.674026489257812, "longitude": 23.381376266479492, "raw_occupancy": 1, "timestamp": "2026-09-15 18:35:31" }, "geometry": { "type": "Point", "coordinates": [ 23.381376266479492, 42.674026489257812 ] } },
{ "type": "Feature", "properties": { "vehicle_id": "A2301", "latitude": 42.651340484619141, "longitude": 23.357728958129883, "raw_occupancy": 3, "timestamp": "2026-09-15 18:35:31" }, "geometry": { "type": "Point", "coordinates": [ 23.357728958129883, 42.651340484619141 ] } },
{ "type": "Feature", "properties": { "vehicle_id": "A3015", "latitude": 42.696079254150391, "longitude": 23.361598968505859, "raw_occupancy": 3, "timestamp": "2026-09-15 18:35:31" }, "geometry": { "type": "Point", "coordinates": [ 23.361598968505859, 42.696079254150391 ] } },
{ "type": "Feature", "properties": { "vehicle_id": "A1819", "latitude": 42.744258880615234, "longitude": 23.270143508911133, "raw_occupancy": 2, "timestamp": "2026-09-15 18:35:31" }, "geometry": { "type": "Point", "coordinates": [ 23.270143508911133, 42.744258880615234 ] } },
{ "type": "Feature", "properties": { "vehicle_id": "A7125", "latitude": 42.735935211181641, "longitude": 23.343177795410156, "raw_occupancy": 3, "timestamp": "2026-09-15 18:35:31" }, "geometry": { "type": "Point", "coordinates": [ 23.343177795410156, 42.735935211181641 ] } },
{ "type": "Feature", "properties": { "vehicle_id": "A1617", "latitude": 42.683143615722656, "longitude": 23.372087478637695, "raw_occupancy": 1, "timestamp": "2026-09-15 18:35:31" }, "geometry": { "type": "Point", "coordinates": [ 23.372087478637695, 42.683143615722656 ] } },
{ "type": "Feature", "properties": { "vehicle_id": "A2807", "latitude": 42.725128173828125, "longitude": 23.255645751953125, "raw_occupancy": 3, "timestamp": "2026-09-15 18:35:31" }, "geometry": { "type": "Point", "coordinates": [ 23.255645751953125, 42.725128173828125 ] } },
{ "type": "Feature", "properties": { "vehicle_id": "A3132", "latitude": 42.704292297363281, "longitude": 23.334455490112305, "raw_occupancy": 2, "timestamp": "2026-09-15 18:35:31" }, "geometry": { "type": "Point", "coordinates": [ 23.334455490112305, 42.704292297363281 ] } },
{ "type": "Feature", "properties": { "vehicle_id": "A3152", "latitude": 42.661102294921875, "longitude": 23.351448059082031, "raw_occupancy": 2, "timestamp": "2026-09-15 18:35:31" }, "geometry": { "type": "Point", "coordinates": [ 23.351448059082031, 42.661102294921875 ] } },
{ "type": "Feature", "properties": { "vehicle_id": "A3145", "latitude": 42.655014038085938, "longitude": 23.399812698364258, "raw_occupancy": 3, "timestamp": "2026-09-15 18:35:31" }, "geometry": { "type": "Point", "coordinates": [ 23.399812698364258, 42.655014038085938 ] } },
{ "type": "Feature", "properties": { "vehicle_id": "A2069", "latitude": 42.654750823974609, "longitude": 23.38800048828125, "raw_occupancy": 2, "timestamp": "2026-09-15 18:35:31" }, "geometry": { "type": "Point", "coordinates": [ 23.38800048828125, 42.654750823974609 ] } },
{ "type": "Feature", "properties": { "vehicle_id": "A3656", "latitude": 42.670867919921875, "longitude": 23.382680892944336, "raw_occupancy": 1, "timestamp": "2026-09-15 18:35:31" }, "geometry": { "type": "Point", "coordinates": [ 23.382680892944336, 42.670867919921875 ] } },
{ "type": "Feature", "properties": { "vehicle_id": "A1613", "latitude": 42.752964019775391, "longitude": 23.215259552001953, "raw_occupancy": 3, "timestamp": "2026-09-15 18:35:31" }, "geometry": { "type": "Point", "coordinates": [ 23.215259552001953, 42.752964019775391 ] } },
{ "type": "Feature", "properties": { "vehicle_id": "A2027", "latitude": 42.665443420410156, "longitude": 23.319419860839844, "raw_occupancy": 2, "timestamp": "2026-09-15 18:35:31" }, "geometry": { "type": "Point", "coordinates": [ 23.319419860839844, 42.665443420410156 ] } },
{ "type": "Feature", "properties": { "vehicle_id": "A3614", "latitude": 42.649620056152344, "longitude": 23.368707656860352, "raw_occupancy": 1, "timestamp": "2026-09-15 18:35:31" }, "geometry": { "type": "Point", "coordinates": [ 23.368707656860352, 42.649620056152344 ] } },
{ "type": "Feature", "properties": { "vehicle_id": "A3137", "latitude": 42.661727905273438, "longitude": 23.391389846801758, "raw_occupancy": 2, "timestamp": "2026-09-15 18:35:31" }, "geometry": { "type": "Point", "coordinates": [ 23.391389846801758, 42.661727905273438 ] } },
{ "type": "Feature", "properties": { "vehicle_id": "A1406", "latitude": 42.648944854736328, "longitude": 23.267236709594727, "raw_occupancy": 2, "timestamp": "2026-09-15 18:35:31" }, "geometry": { "type": "Point", "coordinates": [ 23.267236709594727, 42.648944854736328 ] } },
{ "type": "Feature", "properties": { "vehicle_id": "A2315", "latitude": 42.642780303955078, "longitude": 23.344614028930664, "raw_occupancy": 0, "timestamp": "2026-09-15 18:35:31" }, "geometry": { "type": "Point", "coordinates": [ 23.344614028930664, 42.642780303955078 ] } },
{ "type": "Feature", "properties": { "vehicle_id": "A7099", "latitude": 42.751010894775391, "longitude": 23.319023132324219, "raw_occupancy": 5, "timestamp": "2026-09-15 18:35:31" }, "geometry": { "type": "Point", "coordinates": [ 23.319023132324219, 42.751010894775391 ] } },
{ "type": "Feature", "properties": { "vehicle_id": "A3654", "latitude": 42.657695770263672, "longitude": 23.339607238769531, "raw_occupancy": 3, "timestamp": "2026-09-15 18:35:31" }, "geometry": { "type": "Point", "coordinates": [ 23.339607238769531, 42.657695770263672 ] } },
{ "type": "Feature", "properties": { "vehicle_id": "A2038", "latitude": 42.656623840332031, "longitude": 23.349454879760742, "raw_occupancy": 3, "timestamp": "2026-09-15 18:35:31" }, "geometry": { "type": "Point", "coordinates": [ 23.349454879760742, 42.656623840332031 ] } },
{ "type": "Feature", "properties": { "vehicle_id": "A1215", "latitude": 42.642391204833984, "longitude": 23.367471694946289, "raw_occupancy": 1, "timestamp": "2026-09-15 18:35:31" }, "geometry": { "type": "Point", "coordinates": [ 23.367471694946289, 42.642391204833984 ] } },
{ "type": "Feature", "properties": { "vehicle_id": "A1869", "latitude": 42.713211059570312, "longitude": 23.144094467163086, "raw_occupancy": 1, "timestamp": "2026-09-15 18:35:31" }, "geometry": { "type": "Point", "coordinates": [ 23.144094467163086, 42.713211059570312 ] } },
{ "type": "Feature", "properties": { "vehicle_id": "A3610", "latitude": 42.64886474609375, "longitude": 23.37744140625, "raw_occupancy": 1, "timestamp": "2026-09-15 18:35:31" }, "geometry": { "type": "Point", "coordinates": [ 23.37744140625, 42.64886474609375 ] } },
{ "type": "Feature", "properties": { "vehicle_id": "A7089", "latitude": 42.789955139160156, "longitude": 23.303644180297852, "raw_occupancy": 0, "timestamp": "2026-09-15 18:35:31" }, "geometry": { "type": "Point", "coordinates": [ 23.303644180297852, 42.789955139160156 ] } },
{ "type": "Feature", "properties": { "vehicle_id": "A2033", "latitude": 42.707096099853516, "longitude": 23.380134582519531, "raw_occupancy": 3, "timestamp": "2026-09-15 18:35:31" }, "geometry": { "type": "Point", "coordinates": [ 23.380134582519531, 42.707096099853516 ] } },
{ "type": "Feature", "properties": { "vehicle_id": "A3400", "latitude": 42.68853759765625, "longitude": 23.415349960327148, "raw_occupancy": 1, "timestamp": "2026-09-15 18:35:31" }, "geometry": { "type": "Point", "coordinates": [ 23.415349960327148, 42.68853759765625 ] } },
{ "type": "Feature", "properties": { "vehicle_id": "A1311", "latitude": 42.65216064453125, "longitude": 23.316061019897461, "raw_occupancy": 1, "timestamp": "2026-09-15 18:35:31" }, "geometry": { "type": "Point", "coordinates": [ 23.316061019897461, 42.65216064453125 ] } },
{ "type": "Feature", "properties": { "vehicle_id": "A2029", "latitude": 42.673053741455078, "longitude": 23.335569381713867, "raw_occupancy": 3, "timestamp": "2026-09-15 18:35:31" }, "geometry": { "type": "Point", "coordinates": [ 23.335569381713867, 42.673053741455078 ] } },
{ "type": "Feature", "properties": { "vehicle_id": "A3120", "latitude": 42.638553619384766, "longitude": 23.397497177124023, "raw_occupancy": 1, "timestamp": "2026-09-15 18:35:31" }, "geometry": { "type": "Point", "coordinates": [ 23.397497177124023, 42.638553619384766 ] } },
{ "type": "Feature", "properties": { "vehicle_id": "A3104", "latitude": 42.662166595458984, "longitude": 23.295774459838867, "raw_occupancy": 0, "timestamp": "2026-09-15 18:35:31" }, "geometry": { "type": "Point", "coordinates": [ 23.295774459838867, 42.662166595458984 ] } },
{ "type": "Feature", "properties": { "vehicle_id": "A3107", "latitude": 42.677387237548828, "longitude": 23.355939865112305, "raw_occupancy": 3, "timestamp": "2026-09-15 18:35:31" }, "geometry": { "type": "Point", "coordinates": [ 23.355939865112305, 42.677387237548828 ] } },
{ "type": "Feature", "properties": { "vehicle_id": "A3135", "latitude": 42.650341033935547, "longitude": 23.357908248901367, "raw_occupancy": 3, "timestamp": "2026-09-15 18:35:31" }, "geometry": { "type": "Point", "coordinates": [ 23.357908248901367, 42.650341033935547 ] } },
{ "type": "Feature", "properties": { "vehicle_id": "A1189", "latitude": 42.678256988525391, "longitude": 23.32316780090332, "raw_occupancy": 2, "timestamp": "2026-09-15 18:35:31" }, "geometry": { "type": "Point", "coordinates": [ 23.32316780090332, 42.678256988525391 ] } },
{ "type": "Feature", "properties": { "vehicle_id": "A1220", "latitude": 42.705863952636719, "longitude": 23.317636489868164, "raw_occupancy": 0, "timestamp": "2026-09-15 18:35:31" }, "geometry": { "type": "Point", "coordinates": [ 23.317636489868164, 42.705863952636719 ] } },
{ "type": "Feature", "properties": { "vehicle_id": "A3400", "latitude": 42.688003540039062, "longitude": 23.413921356201172, "raw_occupancy": 0, "timestamp": "2026-09-15 18:35:31" }, "geometry": { "type": "Point", "coordinates": [ 23.413921356201172, 42.688003540039062 ] } },
{ "type": "Feature", "properties": { "vehicle_id": "A2519", "latitude": 42.686649322509766, "longitude": 23.331974029541016, "raw_occupancy": 3, "timestamp": "2026-09-15 18:35:31" }, "geometry": { "type": "Point", "coordinates": [ 23.331974029541016, 42.686649322509766 ] } },
{ "type": "Feature", "properties": { "vehicle_id": "A1012", "latitude": 42.656909942626953, "longitude": 23.314779281616211, "raw_occupancy": 5, "timestamp": "2026-09-15 18:35:31" }, "geometry": { "type": "Point", "coordinates": [ 23.314779281616211, 42.656909942626953 ] } },
{ "type": "Feature", "properties": { "vehicle_id": "A1314", "latitude": 42.652797698974609, "longitude": 23.282218933105469, "raw_occupancy": 1, "timestamp": "2026-09-15 18:35:31" }, "geometry": { "type": "Point", "coordinates": [ 23.282218933105469, 42.652797698974609 ] } },
{ "type": "Feature", "properties": { "vehicle_id": "A2052", "latitude": 42.669769287109375, "longitude": 23.368253707885742, "raw_occupancy": 1, "timestamp": "2026-09-15 18:35:31" }, "geometry": { "type": "Point", "coordinates": [ 23.368253707885742, 42.669769287109375 ] } },
{ "type": "Feature", "properties": { "vehicle_id": "A1413", "latitude": 42.668624877929688, "longitude": 23.255361557006836, "raw_occupancy": 1, "timestamp": "2026-09-15 18:35:31" }, "geometry": { "type": "Point", "coordinates": [ 23.255361557006836, 42.668624877929688 ] } },
{ "type": "Feature", "properties": { "vehicle_id": "A2081", "latitude": 42.650222778320312, "longitude": 23.393623352050781, "raw_occupancy": 3, "timestamp": "2026-09-15 18:35:31" }, "geometry": { "type": "Point", "coordinates": [ 23.393623352050781, 42.650222778320312 ] } },
{ "type": "Feature", "properties": { "vehicle_id": "A1607", "latitude": 42.688213348388672, "longitude": 23.276113510131836, "raw_occupancy": 3, "timestamp": "2026-09-15 18:35:31" }, "geometry": { "type": "Point", "coordinates": [ 23.276113510131836, 42.688213348388672 ] } },
{ "type": "Feature", "properties": { "vehicle_id": "A2811", "latitude": 42.674198150634766, "longitude": 23.239734649658203, "raw_occupancy": 1, "timestamp": "2026-09-15 18:35:31" }, "geometry": { "type": "Point", "coordinates": [ 23.239734649658203, 42.674198150634766 ] } },
{ "type": "Feature", "properties": { "vehicle_id": "A2070", "latitude": 42.601902008056641, "longitude": 23.495786666870117, "raw_occupancy": 1, "timestamp": "2026-09-15 18:35:31" }, "geometry": { "type": "Point", "coordinates": [ 23.495786666870117, 42.601902008056641 ] } },
{ "type": "Feature", "properties": { "vehicle_id": "A3154", "latitude": 42.672187805175781, "longitude": 23.284229278564453, "raw_occupancy": 2, "timestamp": "2026-09-15 18:35:31" }, "geometry": { "type": "Point", "coordinates": [ 23.284229278564453, 42.672187805175781 ] } },
{ "type": "Feature", "properties": { "vehicle_id": "A3600", "latitude": 42.667816162109375, "longitude": 23.424291610717773, "raw_occupancy": 0, "timestamp": "2026-09-15 18:35:31" }, "geometry": { "type": "Point", "coordinates": [ 23.424291610717773, 42.667816162109375 ] } },
{ "type": "Feature", "properties": { "vehicle_id": "A3150", "latitude": 42.688102722167969, "longitude": 23.334091186523438, "raw_occupancy": 2, "timestamp": "2026-09-15 18:35:31" }, "geometry": { "type": "Point", "coordinates": [ 23.334091186523438, 42.688102722167969 ] } },
{ "type": "Feature", "properties": { "vehicle_id": "A3139", "latitude": 42.672138214111328, "longitude": 23.294252395629883, "raw_occupancy": 1, "timestamp": "2026-09-15 18:35:31" }, "geometry": { "type": "Point", "coordinates": [ 23.294252395629883, 42.672138214111328 ] } },
{ "type": "Feature", "properties": { "vehicle_id": "A1839", "latitude": 42.703334808349609, "longitude": 23.28558349609375, "raw_occupancy": 1, "timestamp": "2026-09-15 18:35:31" }, "geometry": { "type": "Point", "coordinates": [ 23.28558349609375, 42.703334808349609 ] } },
{ "type": "Feature", "properties": { "vehicle_id": "A3144", "latitude": 42.640384674072266, "longitude": 23.413064956665039, "raw_occupancy": 0, "timestamp": "2026-09-15 18:35:31" }, "geometry": { "type": "Point", "coordinates": [ 23.413064956665039, 42.640384674072266 ] } },
{ "type": "Feature", "properties": { "vehicle_id": "A3101", "latitude": 42.659904479980469, "longitude": 23.380979537963867, "raw_occupancy": 2, "timestamp": "2026-09-15 18:35:31" }, "geometry": { "type": "Point", "coordinates": [ 23.380979537963867, 42.659904479980469 ] } },
{ "type": "Feature", "properties": { "vehicle_id": "A1409", "latitude": 42.673015594482422, "longitude": 23.246982574462891, "raw_occupancy": 2, "timestamp": "2026-09-15 18:35:31" }, "geometry": { "type": "Point", "coordinates": [ 23.246982574462891, 42.673015594482422 ] } },
{ "type": "Feature", "properties": { "vehicle_id": "A3106", "latitude": 42.659862518310547, "longitude": 23.348470687866211, "raw_occupancy": 2, "timestamp": "2026-09-15 18:35:31" }, "geometry": { "type": "Point", "coordinates": [ 23.348470687866211, 42.659862518310547 ] } },
{ "type": "Feature", "properties": { "vehicle_id": "A3112", "latitude": 42.687458038330078, "longitude": 23.341999053955078, "raw_occupancy": 3, "timestamp": "2026-09-15 18:35:31" }, "geometry": { "type": "Point", "coordinates": [ 23.341999053955078, 42.687458038330078 ] } },
{ "type": "Feature", "properties": { "vehicle_id": "A2074", "latitude": 42.625633239746094, "longitude": 23.406583786010742, "raw_occupancy": 1, "timestamp": "2026-09-15 18:35:31" }, "geometry": { "type": "Point", "coordinates": [ 23.406583786010742, 42.625633239746094 ] } },
{ "type": "Feature", "properties": { "vehicle_id": "A1030", "latitude": 42.642585754394531, "longitude": 23.345087051391602, "raw_occupancy": 1, "timestamp": "2026-09-15 18:35:31" }, "geometry": { "type": "Point", "coordinates": [ 23.345087051391602, 42.642585754394531 ] } },
{ "type": "Feature", "properties": { "vehicle_id": "A7133", "latitude": 42.775577545166016, "longitude": 23.315523147583008, "raw_occupancy": 3, "timestamp": "2026-09-15 18:35:31" }, "geometry": { "type": "Point", "coordinates": [ 23.315523147583008, 42.775577545166016 ] } },
{ "type": "Feature", "properties": { "vehicle_id": "A2317", "latitude": 42.6783447265625, "longitude": 23.354543685913086, "raw_occupancy": 1, "timestamp": "2026-09-15 18:35:31" }, "geometry": { "type": "Point", "coordinates": [ 23.354543685913086, 42.6783447265625 ] } },
{ "type": "Feature", "properties": { "vehicle_id": "A3403", "latitude": 42.658161163330078, "longitude": 23.41499137878418, "raw_occupancy": 0, "timestamp": "2026-09-15 18:35:31" }, "geometry": { "type": "Point", "coordinates": [ 23.41499137878418, 42.658161163330078 ] } },
{ "type": "Feature", "properties": { "vehicle_id": "A1807", "latitude": 42.684051513671875, "longitude": 23.16364860534668, "raw_occupancy": 1, "timestamp": "2026-09-15 18:35:31" }, "geometry": { "type": "Point", "coordinates": [ 23.16364860534668, 42.684051513671875 ] } },
{ "type": "Feature", "properties": { "vehicle_id": "A7095", "latitude": 42.707607269287109, "longitude": 23.410236358642578, "raw_occupancy": 2, "timestamp": "2026-09-15 18:35:31" }, "geometry": { "type": "Point", "coordinates": [ 23.410236358642578, 42.707607269287109 ] } },
{ "type": "Feature", "properties": { "vehicle_id": "A1226", "latitude": 42.725994110107422, "longitude": 23.254083633422852, "raw_occupancy": 1, "timestamp": "2026-09-15 18:35:31" }, "geometry": { "type": "Point", "coordinates": [ 23.254083633422852, 42.725994110107422 ] } },
{ "type": "Feature", "properties": { "vehicle_id": "A1853", "latitude": 42.733100891113281, "longitude": 23.251014709472656, "raw_occupancy": 3, "timestamp": "2026-09-15 18:35:31" }, "geometry": { "type": "Point", "coordinates": [ 23.251014709472656, 42.733100891113281 ] } },
{ "type": "Feature", "properties": { "vehicle_id": "A3700", "latitude": 42.638797760009766, "longitude": 23.411846160888672, "raw_occupancy": 1, "timestamp": "2026-09-15 18:35:31" }, "geometry": { "type": "Point", "coordinates": [ 23.411846160888672, 42.638797760009766 ] } },
{ "type": "Feature", "properties": { "vehicle_id": "A3626", "latitude": 42.694061279296875, "longitude": 23.355363845825195, "raw_occupancy": 3, "timestamp": "2026-09-15 18:35:31" }, "geometry": { "type": "Point", "coordinates": [ 23.355363845825195, 42.694061279296875 ] } },
{ "type": "Feature", "properties": { "vehicle_id": "A3122", "latitude": 42.665985107421875, "longitude": 23.354305267333984, "raw_occupancy": 0, "timestamp": "2026-09-15 18:35:31" }, "geometry": { "type": "Point", "coordinates": [ 23.354305267333984, 42.665985107421875 ] } },
{ "type": "Feature", "properties": { "vehicle_id": "A3617", "latitude": 42.659816741943359, "longitude": 23.394975662231445, "raw_occupancy": 0, "timestamp": "2026-09-15 18:35:31" }, "geometry": { "type": "Point", "coordinates": [ 23.394975662231445, 42.659816741943359 ] } },
{ "type": "Feature", "properties": { "vehicle_id": "A7065", "latitude": 42.705059051513672, "longitude": 23.31840705871582, "raw_occupancy": 1, "timestamp": "2026-09-15 18:35:31" }, "geometry": { "type": "Point", "coordinates": [ 23.31840705871582, 42.705059051513672 ] } },
{ "type": "Feature", "properties": { "vehicle_id": "A7143", "latitude": 42.725257873535156, "longitude": 23.373308181762695, "raw_occupancy": 2, "timestamp": "2026-09-15 18:35:31" }, "geometry": { "type": "Point", "coordinates": [ 23.373308181762695, 42.725257873535156 ] } },
{ "type": "Feature", "properties": { "vehicle_id": "A3131", "latitude": 42.681449890136719, "longitude": 23.315258026123047, "raw_occupancy": 2, "timestamp": "2026-09-15 18:35:31" }, "geometry": { "type": "Point", "coordinates": [ 23.315258026123047, 42.681449890136719 ] } },
{ "type": "Feature", "properties": { "vehicle_id": "A2051", "latitude": 42.678306579589844, "longitude": 23.360660552978516, "raw_occupancy": 1, "timestamp": "2026-09-15 18:35:31" }, "geometry": { "type": "Point", "coordinates": [ 23.360660552978516, 42.678306579589844 ] } },
{ "type": "Feature", "properties": { "vehicle_id": "A3136", "latitude": 42.651058197021484, "longitude": 23.378839492797852, "raw_occupancy": 3, "timestamp": "2026-09-15 18:35:31" }, "geometry": { "type": "Point", "coordinates": [ 23.378839492797852, 42.651058197021484 ] } },
{ "type": "Feature", "properties": { "vehicle_id": "A1861", "latitude": 42.707557678222656, "longitude": 23.146249771118164, "raw_occupancy": 0, "timestamp": "2026-09-15 18:35:31" }, "geometry": { "type": "Point", "coordinates": [ 23.146249771118164, 42.707557678222656 ] } },
{ "type": "Feature", "properties": { "vehicle_id": "A2077", "latitude": 42.737293243408203, "longitude": 23.343469619750977, "raw_occupancy": 0, "timestamp": "2026-09-15 18:35:31" }, "geometry": { "type": "Point", "coordinates": [ 23.343469619750977, 42.737293243408203 ] } },
{ "type": "Feature", "properties": { "vehicle_id": "A7145", "latitude": 42.715534210205078, "longitude": 23.527595520019531, "raw_occupancy": 3, "timestamp": "2026-09-15 18:35:31" }, "geometry": { "type": "Point", "coordinates": [ 23.527595520019531, 42.715534210205078 ] } },
{ "type": "Feature", "properties": { "vehicle_id": "A7151", "latitude": 42.707656860351562, "longitude": 23.318099975585938, "raw_occupancy": 0, "timestamp": "2026-09-15 18:35:31" }, "geometry": { "type": "Point", "coordinates": [ 23.318099975585938, 42.707656860351562 ] } },
{ "type": "Feature", "properties": { "vehicle_id": "A2823", "latitude": 42.670402526855469, "longitude": 23.257841110229492, "raw_occupancy": 1, "timestamp": "2026-09-15 18:35:31" }, "geometry": { "type": "Point", "coordinates": [ 23.257841110229492, 42.670402526855469 ] } },
{ "type": "Feature", "properties": { "vehicle_id": "A2034", "latitude": 42.698585510253906, "longitude": 23.352027893066406, "raw_occupancy": 1, "timestamp": "2026-09-15 18:35:31" }, "geometry": { "type": "Point", "coordinates": [ 23.352027893066406, 42.698585510253906 ] } },
{ "type": "Feature", "properties": { "vehicle_id": "A1410", "latitude": 42.656822204589844, "longitude": 23.284503936767578, "raw_occupancy": 4, "timestamp": "2026-09-15 18:35:31" }, "geometry": { "type": "Point", "coordinates": [ 23.284503936767578, 42.656822204589844 ] } },
{ "type": "Feature", "properties": { "vehicle_id": "A2010", "latitude": 42.712974548339844, "longitude": 23.247520446777344, "raw_occupancy": 2, "timestamp": "2026-09-15 18:35:31" }, "geometry": { "type": "Point", "coordinates": [ 23.247520446777344, 42.712974548339844 ] } },
{ "type": "Feature", "properties": { "vehicle_id": "A2518", "latitude": 42.634452819824219, "longitude": 23.437726974487305, "raw_occupancy": 1, "timestamp": "2026-09-15 18:35:31" }, "geometry": { "type": "Point", "coordinates": [ 23.437726974487305, 42.634452819824219 ] } },
{ "type": "Feature", "properties": { "vehicle_id": "A7141", "latitude": 42.787208557128906, "longitude": 23.40118408203125, "raw_occupancy": 0, "timestamp": "2026-09-15 18:35:31" }, "geometry": { "type": "Point", "coordinates": [ 23.40118408203125, 42.787208557128906 ] } },
{ "type": "Feature", "properties": { "vehicle_id": "A3620", "latitude": 42.591102600097656, "longitude": 23.364723205566406, "raw_occupancy": 1, "timestamp": "2026-09-15 18:35:31" }, "geometry": { "type": "Point", "coordinates": [ 23.364723205566406, 42.591102600097656 ] } },
{ "type": "Feature", "properties": { "vehicle_id": "A3637", "latitude": 42.529376983642578, "longitude": 23.364425659179688, "raw_occupancy": 1, "timestamp": "2026-09-15 18:35:31" }, "geometry": { "type": "Point", "coordinates": [ 23.364425659179688, 42.529376983642578 ] } },
{ "type": "Feature", "properties": { "vehicle_id": "A1301", "latitude": 42.670024871826172, "longitude": 23.253883361816406, "raw_occupancy": 0, "timestamp": "2026-09-15 18:35:31" }, "geometry": { "type": "Point", "coordinates": [ 23.253883361816406, 42.670024871826172 ] } },
{ "type": "Feature", "properties": { "vehicle_id": "A7091", "latitude": 42.736946105957031, "longitude": 23.477956771850586, "raw_occupancy": 1, "timestamp": "2026-09-15 18:35:31" }, "geometry": { "type": "Point", "coordinates": [ 23.477956771850586, 42.736946105957031 ] } },
{ "type": "Feature", "properties": { "vehicle_id": "A1155", "latitude": 42.652229309082031, "longitude": 23.404590606689453, "raw_occupancy": 0, "timestamp": "2026-09-15 18:35:31" }, "geometry": { "type": "Point", "coordinates": [ 23.404590606689453, 42.652229309082031 ] } },
{ "type": "Feature", "properties": { "vehicle_id": "A2006", "latitude": 42.709609985351562, "longitude": 23.260087966918945, "raw_occupancy": 2, "timestamp": "2026-09-15 18:35:31" }, "geometry": { "type": "Point", "coordinates": [ 23.260087966918945, 42.709609985351562 ] } },
{ "type": "Feature", "properties": { "vehicle_id": "A2817", "latitude": 42.738945007324219, "longitude": 23.333053588867188, "raw_occupancy": 1, "timestamp": "2026-09-15 18:35:31" }, "geometry": { "type": "Point", "coordinates": [ 23.333053588867188, 42.738945007324219 ] } },
{ "type": "Feature", "properties": { "vehicle_id": "A7137", "latitude": 42.70458984375, "longitude": 23.324188232421875, "raw_occupancy": 1, "timestamp": "2026-09-15 18:35:31" }, "geometry": { "type": "Point", "coordinates": [ 23.324188232421875, 42.70458984375 ] } },
{ "type": "Feature", "properties": { "vehicle_id": "A1211", "latitude": 42.703517913818359, "longitude": 23.285465240478516, "raw_occupancy": 2, "timestamp": "2026-09-15 18:35:31" }, "geometry": { "type": "Point", "coordinates": [ 23.285465240478516, 42.703517913818359 ] } },
{ "type": "Feature", "properties": { "vehicle_id": "A1175", "latitude": 42.678916931152344, "longitude": 23.284425735473633, "raw_occupancy": 2, "timestamp": "2026-09-15 18:35:31" }, "geometry": { "type": "Point", "coordinates": [ 23.284425735473633, 42.678916931152344 ] } },
{ "type": "Feature", "properties": { "vehicle_id": "A2014", "latitude": 42.704334259033203, "longitude": 23.32795524597168, "raw_occupancy": 1, "timestamp": "2026-09-15 18:35:31" }, "geometry": { "type": "Point", "coordinates": [ 23.32795524597168, 42.704334259033203 ] } },
{ "type": "Feature", "properties": { "vehicle_id": "A3606", "latitude": 42.650588989257812, "longitude": 23.376592636108398, "raw_occupancy": 2, "timestamp": "2026-09-15 18:35:31" }, "geometry": { "type": "Point", "coordinates": [ 23.376592636108398, 42.650588989257812 ] } },
{ "type": "Feature", "properties": { "vehicle_id": "A1857", "latitude": 42.647453308105469, "longitude": 23.208772659301758, "raw_occupancy": 3, "timestamp": "2026-09-15 18:35:31" }, "geometry": { "type": "Point", "coordinates": [ 23.208772659301758, 42.647453308105469 ] } },
{ "type": "Feature", "properties": { "vehicle_id": "A2042", "latitude": 42.678215026855469, "longitude": 23.32451057434082, "raw_occupancy": 2, "timestamp": "2026-09-15 18:35:31" }, "geometry": { "type": "Point", "coordinates": [ 23.32451057434082, 42.678215026855469 ] } },
{ "type": "Feature", "properties": { "vehicle_id": "A1036", "latitude": 42.642669677734375, "longitude": 23.345085144042969, "raw_occupancy": 0, "timestamp": "2026-09-15 18:35:31" }, "geometry": { "type": "Point", "coordinates": [ 23.345085144042969, 42.642669677734375 ] } },
{ "type": "Feature", "properties": { "vehicle_id": "A3669", "latitude": 42.690151214599609, "longitude": 23.33799934387207, "raw_occupancy": 3, "timestamp": "2026-09-15 18:35:31" }, "geometry": { "type": "Point", "coordinates": [ 23.33799934387207, 42.690151214599609 ] } },
{ "type": "Feature", "properties": { "vehicle_id": "A2814", "latitude": 42.622528076171875, "longitude": 23.397188186645508, "raw_occupancy": 1, "timestamp": "2026-09-15 18:35:31" }, "geometry": { "type": "Point", "coordinates": [ 23.397188186645508, 42.622528076171875 ] } },
{ "type": "Feature", "properties": { "vehicle_id": "A1231", "latitude": 42.696292877197266, "longitude": 23.286764144897461, "raw_occupancy": 1, "timestamp": "2026-09-15 18:35:31" }, "geometry": { "type": "Point", "coordinates": [ 23.286764144897461, 42.696292877197266 ] } },
{ "type": "Feature", "properties": { "vehicle_id": "A1831", "latitude": 42.652587890625, "longitude": 23.2860107421875, "raw_occupancy": 3, "timestamp": "2026-09-15 18:35:31" }, "geometry": { "type": "Point", "coordinates": [ 23.2860107421875, 42.652587890625 ] } },
{ "type": "Feature", "properties": { "vehicle_id": "A2056", "latitude": 42.819686889648438, "longitude": 23.355323791503906, "raw_occupancy": 1, "timestamp": "2026-09-15 18:35:31" }, "geometry": { "type": "Point", "coordinates": [ 23.355323791503906, 42.819686889648438 ] } },
{ "type": "Feature", "properties": { "vehicle_id": "A7101", "latitude": 42.710105895996094, "longitude": 23.186166763305664, "raw_occupancy": 1, "timestamp": "2026-09-15 18:35:31" }, "geometry": { "type": "Point", "coordinates": [ 23.186166763305664, 42.710105895996094 ] } },
{ "type": "Feature", "properties": { "vehicle_id": "A7073", "latitude": 42.785598754882812, "longitude": 23.502498626708984, "raw_occupancy": 0, "timestamp": "2026-09-15 18:35:31" }, "geometry": { "type": "Point", "coordinates": [ 23.502498626708984, 42.785598754882812 ] } },
{ "type": "Feature", "properties": { "vehicle_id": "A3665", "latitude": 42.679767608642578, "longitude": 23.302249908447266, "raw_occupancy": 0, "timestamp": "2026-09-15 18:35:31" }, "geometry": { "type": "Point", "coordinates": [ 23.302249908447266, 42.679767608642578 ] } },
{ "type": "Feature", "properties": { "vehicle_id": "A3657", "latitude": 42.709449768066406, "longitude": 23.322483062744141, "raw_occupancy": 1, "timestamp": "2026-09-15 18:35:31" }, "geometry": { "type": "Point", "coordinates": [ 23.322483062744141, 42.709449768066406 ] } },
{ "type": "Feature", "properties": { "vehicle_id": "A3013", "latitude": 42.683658599853516, "longitude": 23.323688507080078, "raw_occupancy": 1, "timestamp": "2026-09-15 18:35:31" }, "geometry": { "type": "Point", "coordinates": [ 23.323688507080078, 42.683658599853516 ] } },
{ "type": "Feature", "properties": { "vehicle_id": "A2514", "latitude": 42.695819854736328, "longitude": 23.285520553588867, "raw_occupancy": 2, "timestamp": "2026-09-15 18:35:31" }, "geometry": { "type": "Point", "coordinates": [ 23.285520553588867, 42.695819854736328 ] } },
{ "type": "Feature", "properties": { "vehicle_id": "A3408", "latitude": 42.659992218017578, "longitude": 23.380853652954102, "raw_occupancy": 3, "timestamp": "2026-09-15 18:35:31" }, "geometry": { "type": "Point", "coordinates": [ 23.380853652954102, 42.659992218017578 ] } },
{ "type": "Feature", "properties": { "vehicle_id": "A1159", "latitude": 42.643241882324219, "longitude": 23.345037460327148, "raw_occupancy": 0, "timestamp": "2026-09-15 18:35:31" }, "geometry": { "type": "Point", "coordinates": [ 23.345037460327148, 42.643241882324219 ] } },
{ "type": "Feature", "properties": { "vehicle_id": "A3016", "latitude": 42.690879821777344, "longitude": 23.332403182983398, "raw_occupancy": 1, "timestamp": "2026-09-15 18:35:31" }, "geometry": { "type": "Point", "coordinates": [ 23.332403182983398, 42.690879821777344 ] } },
{ "type": "Feature", "properties": { "vehicle_id": "A1601", "latitude": 42.694122314453125, "longitude": 23.294610977172852, "raw_occupancy": 2, "timestamp": "2026-09-15 18:35:31" }, "geometry": { "type": "Point", "coordinates": [ 23.294610977172852, 42.694122314453125 ] } },
{ "type": "Feature", "properties": { "vehicle_id": "A1126", "latitude": 42.660446166992188, "longitude": 23.273067474365234, "raw_occupancy": 2, "timestamp": "2026-09-15 18:35:31" }, "geometry": { "type": "Point", "coordinates": [ 23.273067474365234, 42.660446166992188 ] } },
{ "type": "Feature", "properties": { "vehicle_id": "A7103", "latitude": 42.732723236083984, "longitude": 23.297029495239258, "raw_occupancy": 2, "timestamp": "2026-09-15 18:35:31" }, "geometry": { "type": "Point", "coordinates": [ 23.297029495239258, 42.732723236083984 ] } },
{ "type": "Feature", "properties": { "vehicle_id": "A2819", "latitude": 42.705490112304688, "longitude": 23.332868576049805, "raw_occupancy": 1, "timestamp": "2026-09-15 18:35:31" }, "geometry": { "type": "Point", "coordinates": [ 23.332868576049805, 42.705490112304688 ] } },
{ "type": "Feature", "properties": { "vehicle_id": "A3141", "latitude": 42.682552337646484, "longitude": 23.348867416381836, "raw_occupancy": 3, "timestamp": "2026-09-15 18:35:31" }, "geometry": { "type": "Point", "coordinates": [ 23.348867416381836, 42.682552337646484 ] } },
{ "type": "Feature", "properties": { "vehicle_id": "A3401", "latitude": 42.656986236572266, "longitude": 23.336456298828125, "raw_occupancy": 3, "timestamp": "2026-09-15 18:35:31" }, "geometry": { "type": "Point", "coordinates": [ 23.336456298828125, 42.656986236572266 ] } },
{ "type": "Feature", "properties": { "vehicle_id": "A2727", "latitude": 42.731582641601562, "longitude": 23.317222595214844, "raw_occupancy": 1, "timestamp": "2026-09-15 18:35:31" }, "geometry": { "type": "Point", "coordinates": [ 23.317222595214844, 42.731582641601562 ] } },
{ "type": "Feature", "properties": { "vehicle_id": "A1223", "latitude": 42.671234130859375, "longitude": 23.320758819580078, "raw_occupancy": 1, "timestamp": "2026-09-15 18:35:31" }, "geometry": { "type": "Point", "coordinates": [ 23.320758819580078, 42.671234130859375 ] } },
{ "type": "Feature", "properties": { "vehicle_id": "A1183", "latitude": 42.673984527587891, "longitude": 23.29564094543457, "raw_occupancy": 3, "timestamp": "2026-09-15 18:35:31" }, "geometry": { "type": "Point", "coordinates": [ 23.29564094543457, 42.673984527587891 ] } },
{ "type": "Feature", "properties": { "vehicle_id": "A1404", "latitude": 42.647907257080078, "longitude": 23.265010833740234, "raw_occupancy": 1, "timestamp": "2026-09-15 18:35:31" }, "geometry": { "type": "Point", "coordinates": [ 23.265010833740234, 42.647907257080078 ] } },
{ "type": "Feature", "properties": { "vehicle_id": "A3662", "latitude": 42.668128967285156, "longitude": 23.352922439575195, "raw_occupancy": 1, "timestamp": "2026-09-15 18:35:31" }, "geometry": { "type": "Point", "coordinates": [ 23.352922439575195, 42.668128967285156 ] } },
{ "type": "Feature", "properties": { "vehicle_id": "A2515", "latitude": 42.683113098144531, "longitude": 23.31983757019043, "raw_occupancy": 1, "timestamp": "2026-09-15 18:35:31" }, "geometry": { "type": "Point", "coordinates": [ 23.31983757019043, 42.683113098144531 ] } },
{ "type": "Feature", "properties": { "vehicle_id": "A1823", "latitude": 42.732387542724609, "longitude": 23.313650131225586, "raw_occupancy": 1, "timestamp": "2026-09-15 18:35:31" }, "geometry": { "type": "Point", "coordinates": [ 23.313650131225586, 42.732387542724609 ] } },
{ "type": "Feature", "properties": { "vehicle_id": "A1163", "latitude": 42.642822265625, "longitude": 23.373565673828125, "raw_occupancy": 1, "timestamp": "2026-09-15 18:35:31" }, "geometry": { "type": "Point", "coordinates": [ 23.373565673828125, 42.642822265625 ] } },
{ "type": "Feature", "properties": { "vehicle_id": "A2018", "latitude": 42.642971038818359, "longitude": 23.344997406005859, "raw_occupancy": 0, "timestamp": "2026-09-15 18:35:31" }, "geometry": { "type": "Point", "coordinates": [ 23.344997406005859, 42.642971038818359 ] } },
{ "type": "Feature", "properties": { "vehicle_id": "A3301", "latitude": 42.671001434326172, "longitude": 23.396379470825195, "raw_occupancy": 1, "timestamp": "2026-09-15 18:35:31" }, "geometry": { "type": "Point", "coordinates": [ 23.396379470825195, 42.671001434326172 ] } },
{ "type": "Feature", "properties": { "vehicle_id": "A1425", "latitude": 42.664966583251953, "longitude": 23.259946823120117, "raw_occupancy": 3, "timestamp": "2026-09-15 18:35:31" }, "geometry": { "type": "Point", "coordinates": [ 23.259946823120117, 42.664966583251953 ] } },
{ "type": "Feature", "properties": { "vehicle_id": "A7117", "latitude": 42.723636627197266, "longitude": 23.305471420288086, "raw_occupancy": 1, "timestamp": "2026-09-15 18:35:31" }, "geometry": { "type": "Point", "coordinates": [ 23.305471420288086, 42.723636627197266 ] } },
{ "type": "Feature", "properties": { "vehicle_id": "A2509", "latitude": 42.695842742919922, "longitude": 23.284688949584961, "raw_occupancy": 1, "timestamp": "2026-09-15 18:35:31" }, "geometry": { "type": "Point", "coordinates": [ 23.284688949584961, 42.695842742919922 ] } },
{ "type": "Feature", "properties": { "vehicle_id": "A1809", "latitude": 42.654468536376953, "longitude": 23.371353149414062, "raw_occupancy": 0, "timestamp": "2026-09-15 18:35:31" }, "geometry": { "type": "Point", "coordinates": [ 23.371353149414062, 42.654468536376953 ] } },
{ "type": "Feature", "properties": { "vehicle_id": "A1034", "latitude": 42.667671203613281, "longitude": 23.266153335571289, "raw_occupancy": 0, "timestamp": "2026-09-15 18:35:31" }, "geometry": { "type": "Point", "coordinates": [ 23.266153335571289, 42.667671203613281 ] } },
{ "type": "Feature", "properties": { "vehicle_id": "A1150", "latitude": 42.734630584716797, "longitude": 23.317356109619141, "raw_occupancy": 0, "timestamp": "2026-09-15 18:35:31" }, "geometry": { "type": "Point", "coordinates": [ 23.317356109619141, 42.734630584716797 ] } },
{ "type": "Feature", "properties": { "vehicle_id": "A1179", "latitude": 42.684196472167969, "longitude": 23.241310119628906, "raw_occupancy": 0, "timestamp": "2026-09-15 18:35:31" }, "geometry": { "type": "Point", "coordinates": [ 23.241310119628906, 42.684196472167969 ] } },
{ "type": "Feature", "properties": { "vehicle_id": "A7165", "latitude": 42.707096099853516, "longitude": 23.456300735473633, "raw_occupancy": 1, "timestamp": "2026-09-15 18:35:31" }, "geometry": { "type": "Point", "coordinates": [ 23.456300735473633, 42.707096099853516 ] } },
{ "type": "Feature", "properties": { "vehicle_id": "A7187", "latitude": 42.756050109863281, "longitude": 23.429971694946289, "raw_occupancy": 1, "timestamp": "2026-09-15 18:35:31" }, "geometry": { "type": "Point", "coordinates": [ 23.429971694946289, 42.756050109863281 ] } },
{ "type": "Feature", "properties": { "vehicle_id": "A3407", "latitude": 42.657096862792969, "longitude": 23.399627685546875, "raw_occupancy": 1, "timestamp": "2026-09-15 18:35:31" }, "geometry": { "type": "Point", "coordinates": [ 23.399627685546875, 42.657096862792969 ] } },
{ "type": "Feature", "properties": { "vehicle_id": "A2309", "latitude": 42.653656005859375, "longitude": 23.345619201660156, "raw_occupancy": 3, "timestamp": "2026-09-15 18:35:31" }, "geometry": { "type": "Point", "coordinates": [ 23.345619201660156, 42.653656005859375 ] } },
{ "type": "Feature", "properties": { "vehicle_id": "A3119", "latitude": 42.642887115478516, "longitude": 23.343719482421875, "raw_occupancy": 0, "timestamp": "2026-09-15 18:35:31" }, "geometry": { "type": "Point", "coordinates": [ 23.343719482421875, 42.642887115478516 ] } },
{ "type": "Feature", "properties": { "vehicle_id": "A1117", "latitude": 42.729118347167969, "longitude": 23.257717132568359, "raw_occupancy": 1, "timestamp": "2026-09-15 18:35:31" }, "geometry": { "type": "Point", "coordinates": [ 23.257717132568359, 42.729118347167969 ] } },
{ "type": "Feature", "properties": { "vehicle_id": "A1308", "latitude": 42.675548553466797, "longitude": 23.252876281738281, "raw_occupancy": 1, "timestamp": "2026-09-15 18:35:31" }, "geometry": { "type": "Point", "coordinates": [ 23.252876281738281, 42.675548553466797 ] } },
{ "type": "Feature", "properties": { "vehicle_id": "A1835", "latitude": 42.70867919921875, "longitude": 23.152193069458008, "raw_occupancy": 2, "timestamp": "2026-09-15 18:35:31" }, "geometry": { "type": "Point", "coordinates": [ 23.152193069458008, 42.70867919921875 ] } },
{ "type": "Feature", "properties": { "vehicle_id": "A1212", "latitude": 42.647499084472656, "longitude": 23.314956665039062, "raw_occupancy": 0, "timestamp": "2026-09-15 18:35:31" }, "geometry": { "type": "Point", "coordinates": [ 23.314956665039062, 42.647499084472656 ] } },
{ "type": "Feature", "properties": { "vehicle_id": "A2088", "latitude": 42.704341888427734, "longitude": 23.333164215087891, "raw_occupancy": 1, "timestamp": "2026-09-15 18:35:31" }, "geometry": { "type": "Point", "coordinates": [ 23.333164215087891, 42.704341888427734 ] } },
{ "type": "Feature", "properties": { "vehicle_id": "A2087", "latitude": 42.82037353515625, "longitude": 23.354681015014648, "raw_occupancy": 0, "timestamp": "2026-09-15 18:35:31" }, "geometry": { "type": "Point", "coordinates": [ 23.354681015014648, 42.82037353515625 ] } },
{ "type": "Feature", "properties": { "vehicle_id": "A3110", "latitude": 42.633243560791016, "longitude": 23.377813339233398, "raw_occupancy": 2, "timestamp": "2026-09-15 18:35:31" }, "geometry": { "type": "Point", "coordinates": [ 23.377813339233398, 42.633243560791016 ] } },
{ "type": "Feature", "properties": { "vehicle_id": "A3159", "latitude": 42.644332885742188, "longitude": 23.374471664428711, "raw_occupancy": 3, "timestamp": "2026-09-15 18:35:31" }, "geometry": { "type": "Point", "coordinates": [ 23.374471664428711, 42.644332885742188 ] } },
{ "type": "Feature", "properties": { "vehicle_id": "A3014", "latitude": 42.680595397949219, "longitude": 23.372241973876953, "raw_occupancy": 1, "timestamp": "2026-09-15 18:45:32" }, "geometry": { "type": "Point", "coordinates": [ 23.372241973876953, 42.680595397949219 ] } },
{ "type": "Feature", "properties": { "vehicle_id": "A2727", "latitude": 42.757831573486328, "longitude": 23.321416854858398, "raw_occupancy": 2, "timestamp": "2026-09-15 18:45:32" }, "geometry": { "type": "Point", "coordinates": [ 23.321416854858398, 42.757831573486328 ] } },
{ "type": "Feature", "properties": { "vehicle_id": "A1821", "latitude": 42.725833892822266, "longitude": 23.243595123291016, "raw_occupancy": 2, "timestamp": "2026-09-15 18:45:32" }, "geometry": { "type": "Point", "coordinates": [ 23.243595123291016, 42.725833892822266 ] } },
{ "type": "Feature", "properties": { "vehicle_id": "A1410", "latitude": 42.645595550537109, "longitude": 23.272994995117188, "raw_occupancy": 1, "timestamp": "2026-09-15 18:45:32" }, "geometry": { "type": "Point", "coordinates": [ 23.272994995117188, 42.645595550537109 ] } },
{ "type": "Feature", "properties": { "vehicle_id": "A2518", "latitude": 42.601577758789062, "longitude": 23.483024597167969, "raw_occupancy": 1, "timestamp": "2026-09-15 18:45:32" }, "geometry": { "type": "Point", "coordinates": [ 23.483024597167969, 42.601577758789062 ] } },
{ "type": "Feature", "properties": { "vehicle_id": "A1154", "latitude": 42.672481536865234, "longitude": 23.293704986572266, "raw_occupancy": 1, "timestamp": "2026-09-15 18:45:32" }, "geometry": { "type": "Point", "coordinates": [ 23.293704986572266, 42.672481536865234 ] } },
{ "type": "Feature", "properties": { "vehicle_id": "A1220", "latitude": 42.714035034179688, "longitude": 23.307683944702148, "raw_occupancy": 1, "timestamp": "2026-09-15 18:45:32" }, "geometry": { "type": "Point", "coordinates": [ 23.307683944702148, 42.714035034179688 ] } },
{ "type": "Feature", "properties": { "vehicle_id": "A3655", "latitude": 42.638511657714844, "longitude": 23.334346771240234, "raw_occupancy": 2, "timestamp": "2026-09-15 18:45:32" }, "geometry": { "type": "Point", "coordinates": [ 23.334346771240234, 42.638511657714844 ] } },
{ "type": "Feature", "properties": { "vehicle_id": "A1619", "latitude": 42.702056884765625, "longitude": 23.339288711547852, "raw_occupancy": 1, "timestamp": "2026-09-15 18:45:32" }, "geometry": { "type": "Point", "coordinates": [ 23.339288711547852, 42.702056884765625 ] } },
{ "type": "Feature", "properties": { "vehicle_id": "A2079", "latitude": 42.533878326416016, "longitude": 23.366367340087891, "raw_occupancy": 0, "timestamp": "2026-09-15 18:45:32" }, "geometry": { "type": "Point", "coordinates": [ 23.366367340087891, 42.533878326416016 ] } },
{ "type": "Feature", "properties": { "vehicle_id": "A2305", "latitude": 42.739528656005859, "longitude": 23.290830612182617, "raw_occupancy": 1, "timestamp": "2026-09-15 18:45:32" }, "geometry": { "type": "Point", "coordinates": [ 23.290830612182617, 42.739528656005859 ] } },
{ "type": "Feature", "properties": { "vehicle_id": "A2067", "latitude": 42.815471649169922, "longitude": 23.352361679077148, "raw_occupancy": 1, "timestamp": "2026-09-15 18:45:32" }, "geometry": { "type": "Point", "coordinates": [ 23.352361679077148, 42.815471649169922 ] } },
{ "type": "Feature", "properties": { "vehicle_id": "A2733", "latitude": 42.742916107177734, "longitude": 23.275999069213867, "raw_occupancy": 0, "timestamp": "2026-09-15 18:45:32" }, "geometry": { "type": "Point", "coordinates": [ 23.275999069213867, 42.742916107177734 ] } },
{ "type": "Feature", "properties": { "vehicle_id": "A3106", "latitude": 42.649532318115234, "longitude": 23.358287811279297, "raw_occupancy": 1, "timestamp": "2026-09-15 18:45:32" }, "geometry": { "type": "Point", "coordinates": [ 23.358287811279297, 42.649532318115234 ] } },
{ "type": "Feature", "properties": { "vehicle_id": "A3150", "latitude": 42.659587860107422, "longitude": 23.380887985229492, "raw_occupancy": 3, "timestamp": "2026-09-15 18:45:32" }, "geometry": { "type": "Point", "coordinates": [ 23.380887985229492, 42.659587860107422 ] } },
{ "type": "Feature", "properties": { "vehicle_id": "A7079", "latitude": 42.711166381835938, "longitude": 23.31439208984375, "raw_occupancy": 1, "timestamp": "2026-09-15 18:45:32" }, "geometry": { "type": "Point", "coordinates": [ 23.31439208984375, 42.711166381835938 ] } },
{ "type": "Feature", "properties": { "vehicle_id": "A1012", "latitude": 42.652992248535156, "longitude": 23.294458389282227, "raw_occupancy": 1, "timestamp": "2026-09-15 18:45:32" }, "geometry": { "type": "Point", "coordinates": [ 23.294458389282227, 42.652992248535156 ] } },
{ "type": "Feature", "properties": { "vehicle_id": "A1608", "latitude": 42.643226623535156, "longitude": 23.412271499633789, "raw_occupancy": 1, "timestamp": "2026-09-15 18:45:32" }, "geometry": { "type": "Point", "coordinates": [ 23.412271499633789, 42.643226623535156 ] } },
{ "type": "Feature", "properties": { "vehicle_id": "A1425", "latitude": 42.642478942871094, "longitude": 23.310014724731445, "raw_occupancy": 3, "timestamp": "2026-09-15 18:45:32" }, "geometry": { "type": "Point", "coordinates": [ 23.310014724731445, 42.642478942871094 ] } },
{ "type": "Feature", "properties": { "vehicle_id": "A7123", "latitude": 42.780307769775391, "longitude": 23.511104583740234, "raw_occupancy": 1, "timestamp": "2026-09-15 18:45:32" }, "geometry": { "type": "Point", "coordinates": [ 23.511104583740234, 42.780307769775391 ] } },
{ "type": "Feature", "properties": { "vehicle_id": "A3659", "latitude": 42.667903900146484, "longitude": 23.402135848999023, "raw_occupancy": 0, "timestamp": "2026-09-15 18:45:32" }, "geometry": { "type": "Point", "coordinates": [ 23.402135848999023, 42.667903900146484 ] } },
{ "type": "Feature", "properties": { "vehicle_id": "A3136", "latitude": 42.633434295654297, "longitude": 23.380298614501953, "raw_occupancy": 2, "timestamp": "2026-09-15 18:45:32" }, "geometry": { "type": "Point", "coordinates": [ 23.380298614501953, 42.633434295654297 ] } },
{ "type": "Feature", "properties": { "vehicle_id": "A7095", "latitude": 42.699714660644531, "longitude": 23.360483169555664, "raw_occupancy": 1, "timestamp": "2026-09-15 18:45:32" }, "geometry": { "type": "Point", "coordinates": [ 23.360483169555664, 42.699714660644531 ] } },
{ "type": "Feature", "properties": { "vehicle_id": "A1183", "latitude": 42.678504943847656, "longitude": 23.285305023193359, "raw_occupancy": 3, "timestamp": "2026-09-15 18:45:32" }, "geometry": { "type": "Point", "coordinates": [ 23.285305023193359, 42.678504943847656 ] } },
{ "type": "Feature", "properties": { "vehicle_id": "A2515", "latitude": 42.688858032226562, "longitude": 23.298118591308594, "raw_occupancy": 3, "timestamp": "2026-09-15 18:45:32" }, "geometry": { "type": "Point", "coordinates": [ 23.298118591308594, 42.688858032226562 ] } },
{ "type": "Feature", "properties": { "vehicle_id": "A3013", "latitude": 42.671726226806641, "longitude": 23.363811492919922, "raw_occupancy": 3, "timestamp": "2026-09-15 18:45:32" }, "geometry": { "type": "Point", "coordinates": [ 23.363811492919922, 42.671726226806641 ] } },
{ "type": "Feature", "properties": { "vehicle_id": "A1607", "latitude": 42.690128326416016, "longitude": 23.252111434936523, "raw_occupancy": 1, "timestamp": "2026-09-15 18:45:32" }, "geometry": { "type": "Point", "coordinates": [ 23.252111434936523, 42.690128326416016 ] } },
{ "type": "Feature", "properties": { "vehicle_id": "A1314", "latitude": 42.673580169677734, "longitude": 23.27836799621582, "raw_occupancy": 1, "timestamp": "2026-09-15 18:45:32" }, "geometry": { "type": "Point", "coordinates": [ 23.27836799621582, 42.673580169677734 ] } },
{ "type": "Feature", "properties": { "vehicle_id": "A3662", "latitude": 42.659828186035156, "longitude": 23.348173141479492, "raw_occupancy": 2, "timestamp": "2026-09-15 18:45:32" }, "geometry": { "type": "Point", "coordinates": [ 23.348173141479492, 42.659828186035156 ] } },
{ "type": "Feature", "properties": { "vehicle_id": "A3628", "latitude": 42.662136077880859, "longitude": 23.404714584350586, "raw_occupancy": 1, "timestamp": "2026-09-15 18:45:32" }, "geometry": { "type": "Point", "coordinates": [ 23.404714584350586, 42.662136077880859 ] } },
{ "type": "Feature", "properties": { "vehicle_id": "A7161", "latitude": 42.806602478027344, "longitude": 23.348054885864258, "raw_occupancy": 1, "timestamp": "2026-09-15 18:45:32" }, "geometry": { "type": "Point", "coordinates": [ 23.348054885864258, 42.806602478027344 ] } },
{ "type": "Feature", "properties": { "vehicle_id": "A2014", "latitude": 42.704795837402344, "longitude": 23.358247756958008, "raw_occupancy": 1, "timestamp": "2026-09-15 18:45:32" }, "geometry": { "type": "Point", "coordinates": [ 23.358247756958008, 42.704795837402344 ] } },
{ "type": "Feature", "properties": { "vehicle_id": "A3157", "latitude": 42.642284393310547, "longitude": 23.367940902709961, "raw_occupancy": 3, "timestamp": "2026-09-15 18:45:32" }, "geometry": { "type": "Point", "coordinates": [ 23.367940902709961, 42.642284393310547 ] } },
{ "type": "Feature", "properties": { "vehicle_id": "A2048", "latitude": 42.598667144775391, "longitude": 23.405248641967773, "raw_occupancy": 1, "timestamp": "2026-09-15 18:45:32" }, "geometry": { "type": "Point", "coordinates": [ 23.405248641967773, 42.598667144775391 ] } },
{ "type": "Feature", "properties": { "vehicle_id": "A7059", "latitude": 42.739162445068359, "longitude": 23.504512786865234, "raw_occupancy": 1, "timestamp": "2026-09-15 18:45:32" }, "geometry": { "type": "Point", "coordinates": [ 23.504512786865234, 42.739162445068359 ] } },
{ "type": "Feature", "properties": { "vehicle_id": "A7181", "latitude": 42.801082611083984, "longitude": 23.340213775634766, "raw_occupancy": 1, "timestamp": "2026-09-15 18:45:32" }, "geometry": { "type": "Point", "coordinates": [ 23.340213775634766, 42.801082611083984 ] } },
{ "type": "Feature", "properties": { "vehicle_id": "A1604", "latitude": 42.689872741699219, "longitude": 23.259628295898438, "raw_occupancy": 1, "timestamp": "2026-09-15 18:45:32" }, "geometry": { "type": "Point", "coordinates": [ 23.259628295898438, 42.689872741699219 ] } },
{ "type": "Feature", "properties": { "vehicle_id": "A2045", "latitude": 42.715122222900391, "longitude": 23.276498794555664, "raw_occupancy": 3, "timestamp": "2026-09-15 18:45:32" }, "geometry": { "type": "Point", "coordinates": [ 23.276498794555664, 42.715122222900391 ] } },
{ "type": "Feature", "properties": { "vehicle_id": "A2311", "latitude": 42.691558837890625, "longitude": 23.336280822753906, "raw_occupancy": 1, "timestamp": "2026-09-15 18:45:32" }, "geometry": { "type": "Point", "coordinates": [ 23.336280822753906, 42.691558837890625 ] } },
{ "type": "Feature", "properties": { "vehicle_id": "A3121", "latitude": 42.70440673828125, "longitude": 23.329898834228516, "raw_occupancy": 2, "timestamp": "2026-09-15 18:45:32" }, "geometry": { "type": "Point", "coordinates": [ 23.329898834228516, 42.70440673828125 ] } },
{ "type": "Feature", "properties": { "vehicle_id": "A1835", "latitude": 42.723438262939453, "longitude": 23.126846313476562, "raw_occupancy": 0, "timestamp": "2026-09-15 18:45:32" }, "geometry": { "type": "Point", "coordinates": [ 23.126846313476562, 42.723438262939453 ] } },
{ "type": "Feature", "properties": { "vehicle_id": "A7157", "latitude": 42.778106689453125, "longitude": 23.522497177124023, "raw_occupancy": 1, "timestamp": "2026-09-15 18:45:32" }, "geometry": { "type": "Point", "coordinates": [ 23.522497177124023, 42.778106689453125 ] } },
{ "type": "Feature", "properties": { "vehicle_id": "A2078", "latitude": 42.639026641845703, "longitude": 23.405895233154297, "raw_occupancy": 2, "timestamp": "2026-09-15 18:45:32" }, "geometry": { "type": "Point", "coordinates": [ 23.405895233154297, 42.639026641845703 ] } },
{ "type": "Feature", "properties": { "vehicle_id": "A3611", "latitude": 42.665546417236328, "longitude": 23.42231559753418, "raw_occupancy": 0, "timestamp": "2026-09-15 18:45:32" }, "geometry": { "type": "Point", "coordinates": [ 23.42231559753418, 42.665546417236328 ] } },
{ "type": "Feature", "properties": { "vehicle_id": "A3633", "latitude": 42.640430450439453, "longitude": 23.377773284912109, "raw_occupancy": 2, "timestamp": "2026-09-15 18:45:32" }, "geometry": { "type": "Point", "coordinates": [ 23.377773284912109, 42.640430450439453 ] } },
{ "type": "Feature", "properties": { "vehicle_id": "A3122", "latitude": 42.658226013183594, "longitude": 23.341995239257812, "raw_occupancy": 3, "timestamp": "2026-09-15 18:45:32" }, "geometry": { "type": "Point", "coordinates": [ 23.341995239257812, 42.658226013183594 ] } },
{ "type": "Feature", "properties": { "vehicle_id": "A2002", "latitude": 42.652305603027344, "longitude": 23.342369079589844, "raw_occupancy": 1, "timestamp": "2026-09-15 18:45:32" }, "geometry": { "type": "Point", "coordinates": [ 23.342369079589844, 42.652305603027344 ] } },
{ "type": "Feature", "properties": { "vehicle_id": "A2302", "latitude": 42.651390075683594, "longitude": 23.35759162902832, "raw_occupancy": 2, "timestamp": "2026-09-15 18:45:32" }, "geometry": { "type": "Point", "coordinates": [ 23.35759162902832, 42.651390075683594 ] } },
{ "type": "Feature", "properties": { "vehicle_id": "A2504", "latitude": 42.717765808105469, "longitude": 23.278507232666016, "raw_occupancy": 1, "timestamp": "2026-09-15 18:45:32" }, "geometry": { "type": "Point", "coordinates": [ 23.278507232666016, 42.717765808105469 ] } },
{ "type": "Feature", "properties": { "vehicle_id": "A2817", "latitude": 42.7247314453125, "longitude": 23.322486877441406, "raw_occupancy": 1, "timestamp": "2026-09-15 18:45:32" }, "geometry": { "type": "Point", "coordinates": [ 23.322486877441406, 42.7247314453125 ] } },
{ "type": "Feature", "properties": { "vehicle_id": "A2165", "latitude": 42.705879211425781, "longitude": 23.317676544189453, "raw_occupancy": 0, "timestamp": "2026-09-15 18:45:32" }, "geometry": { "type": "Point", "coordinates": [ 23.317676544189453, 42.705879211425781 ] } },
{ "type": "Feature", "properties": { "vehicle_id": "A3616", "latitude": 42.705356597900391, "longitude": 23.333290100097656, "raw_occupancy": 2, "timestamp": "2026-09-15 18:45:32" }, "geometry": { "type": "Point", "coordinates": [ 23.333290100097656, 42.705356597900391 ] } },
{ "type": "Feature", "properties": { "vehicle_id": "A7191", "latitude": 42.794448852539062, "longitude": 23.447671890258789, "raw_occupancy": 0, "timestamp": "2026-09-15 18:45:32" }, "geometry": { "type": "Point", "coordinates": [ 23.447671890258789, 42.794448852539062 ] } },
{ "type": "Feature", "properties": { "vehicle_id": "A2807", "latitude": 42.72088623046875, "longitude": 23.240489959716797, "raw_occupancy": 1, "timestamp": "2026-09-15 18:45:32" }, "geometry": { "type": "Point", "coordinates": [ 23.240489959716797, 42.72088623046875 ] } },
{ "type": "Feature", "properties": { "vehicle_id": "A1313", "latitude": 42.621566772460938, "longitude": 23.225391387939453, "raw_occupancy": 0, "timestamp": "2026-09-15 18:45:32" }, "geometry": { "type": "Point", "coordinates": [ 23.225391387939453, 42.621566772460938 ] } },
{ "type": "Feature", "properties": { "vehicle_id": "A2036", "latitude": 42.681838989257812, "longitude": 23.320867538452148, "raw_occupancy": 2, "timestamp": "2026-09-15 18:45:32" }, "geometry": { "type": "Point", "coordinates": [ 23.320867538452148, 42.681838989257812 ] } },
{ "type": "Feature", "properties": { "vehicle_id": "A7169", "latitude": 42.710361480712891, "longitude": 23.38653564453125, "raw_occupancy": 1, "timestamp": "2026-09-15 18:45:32" }, "geometry": { "type": "Point", "coordinates": [ 23.38653564453125, 42.710361480712891 ] } },
{ "type": "Feature", "properties": { "vehicle_id": "A3152", "latitude": 42.668609619140625, "longitude": 23.328933715820312, "raw_occupancy": 2, "timestamp": "2026-09-15 18:45:32" }, "geometry": { "type": "Point", "coordinates": [ 23.328933715820312, 42.668609619140625 ] } },
{ "type": "Feature", "properties": { "vehicle_id": "A3670", "latitude": 42.685268402099609, "longitude": 23.412023544311523, "raw_occupancy": 0, "timestamp": "2026-09-15 18:45:32" }, "geometry": { "type": "Point", "coordinates": [ 23.412023544311523, 42.685268402099609 ] } },
{ "type": "Feature", "properties": { "vehicle_id": "A3700", "latitude": 42.666873931884766, "longitude": 23.4234619140625, "raw_occupancy": 1, "timestamp": "2026-09-15 18:45:32" }, "geometry": { "type": "Point", "coordinates": [ 23.4234619140625, 42.666873931884766 ] } },
{ "type": "Feature", "properties": { "vehicle_id": "A1319", "latitude": 42.658592224121094, "longitude": 23.239910125732422, "raw_occupancy": 1, "timestamp": "2026-09-15 18:45:32" }, "geometry": { "type": "Point", "coordinates": [ 23.239910125732422, 42.658592224121094 ] } },
{ "type": "Feature", "properties": { "vehicle_id": "A3605", "latitude": 42.626274108886719, "longitude": 23.446022033691406, "raw_occupancy": 1, "timestamp": "2026-09-15 18:45:32" }, "geometry": { "type": "Point", "coordinates": [ 23.446022033691406, 42.626274108886719 ] } },
{ "type": "Feature", "properties": { "vehicle_id": "A1185", "latitude": 42.678428649902344, "longitude": 23.321361541748047, "raw_occupancy": 2, "timestamp": "2026-09-15 18:45:32" }, "geometry": { "type": "Point", "coordinates": [ 23.321361541748047, 42.678428649902344 ] } },
{ "type": "Feature", "properties": { "vehicle_id": "A7119", "latitude": 42.8321533203125, "longitude": 23.333808898925781, "raw_occupancy": 1, "timestamp": "2026-09-15 18:45:32" }, "geometry": { "type": "Point", "coordinates": [ 23.333808898925781, 42.8321533203125 ] } },
{ "type": "Feature", "properties": { "vehicle_id": "A1157", "latitude": 42.732433319091797, "longitude": 23.296524047851562, "raw_occupancy": 0, "timestamp": "2026-09-15 18:45:32" }, "geometry": { "type": "Point", "coordinates": [ 23.296524047851562, 42.732433319091797 ] } },
{ "type": "Feature", "properties": { "vehicle_id": "A2005", "latitude": 42.691776275634766, "longitude": 23.351415634155273, "raw_occupancy": 2, "timestamp": "2026-09-15 18:45:32" }, "geometry": { "type": "Point", "coordinates": [ 23.351415634155273, 42.691776275634766 ] } },
{ "type": "Feature", "properties": { "vehicle_id": "A1809", "latitude": 42.649417877197266, "longitude": 23.377540588378906, "raw_occupancy": 1, "timestamp": "2026-09-15 18:45:32" }, "geometry": { "type": "Point", "coordinates": [ 23.377540588378906, 42.649417877197266 ] } },
{ "type": "Feature", "properties": { "vehicle_id": "A2087", "latitude": 42.792716979980469, "longitude": 23.329431533813477, "raw_occupancy": 0, "timestamp": "2026-09-15 18:45:32" }, "geometry": { "type": "Point", "coordinates": [ 23.329431533813477, 42.792716979980469 ] } },
{ "type": "Feature", "properties": { "vehicle_id": "A3671", "latitude": 42.594127655029297, "longitude": 23.365392684936523, "raw_occupancy": 1, "timestamp": "2026-09-15 18:45:32" }, "geometry": { "type": "Point", "coordinates": [ 23.365392684936523, 42.594127655029297 ] } },
{ "type": "Feature", "properties": { "vehicle_id": "A2316", "latitude": 42.650100708007812, "longitude": 23.34193229675293, "raw_occupancy": 2, "timestamp": "2026-09-15 18:45:32" }, "geometry": { "type": "Point", "coordinates": [ 23.34193229675293, 42.650100708007812 ] } },
{ "type": "Feature", "properties": { "vehicle_id": "A2831", "latitude": 42.663494110107422, "longitude": 23.245992660522461, "raw_occupancy": 1, "timestamp": "2026-09-15 18:45:32" }, "geometry": { "type": "Point", "coordinates": [ 23.245992660522461, 42.663494110107422 ] } },
{ "type": "Feature", "properties": { "vehicle_id": "A2074", "latitude": 42.649101257324219, "longitude": 23.394878387451172, "raw_occupancy": 1, "timestamp": "2026-09-15 18:45:32" }, "geometry": { "type": "Point", "coordinates": [ 23.394878387451172, 42.649101257324219 ] } },
{ "type": "Feature", "properties": { "vehicle_id": "A3133", "latitude": 42.656036376953125, "longitude": 23.349565505981445, "raw_occupancy": 1, "timestamp": "2026-09-15 18:45:32" }, "geometry": { "type": "Point", "coordinates": [ 23.349565505981445, 42.656036376953125 ] } },
{ "type": "Feature", "properties": { "vehicle_id": "A1172", "latitude": 42.678882598876953, "longitude": 23.302692413330078, "raw_occupancy": 3, "timestamp": "2026-09-15 18:45:32" }, "geometry": { "type": "Point", "coordinates": [ 23.302692413330078, 42.678882598876953 ] } },
{ "type": "Feature", "properties": { "vehicle_id": "A2308", "latitude": 42.644981384277344, "longitude": 23.342090606689453, "raw_occupancy": 2, "timestamp": "2026-09-15 18:45:32" }, "geometry": { "type": "Point", "coordinates": [ 23.342090606689453, 42.644981384277344 ] } },
{ "type": "Feature", "properties": { "vehicle_id": "A2029", "latitude": 42.653648376464844, "longitude": 23.346599578857422, "raw_occupancy": 3, "timestamp": "2026-09-15 18:45:32" }, "geometry": { "type": "Point", "coordinates": [ 23.346599578857422, 42.653648376464844 ] } },
{ "type": "Feature", "properties": { "vehicle_id": "A7117", "latitude": 42.705436706542969, "longitude": 23.313493728637695, "raw_occupancy": 1, "timestamp": "2026-09-15 18:45:32" }, "geometry": { "type": "Point", "coordinates": [ 23.313493728637695, 42.705436706542969 ] } },
{ "type": "Feature", "properties": { "vehicle_id": "A3409", "latitude": 42.656097412109375, "longitude": 23.385093688964844, "raw_occupancy": 1, "timestamp": "2026-09-15 18:45:32" }, "geometry": { "type": "Point", "coordinates": [ 23.385093688964844, 42.656097412109375 ] } },
{ "type": "Feature", "properties": { "vehicle_id": "A3149", "latitude": 42.689476013183594, "longitude": 23.338710784912109, "raw_occupancy": 2, "timestamp": "2026-09-15 18:45:32" }, "geometry": { "type": "Point", "coordinates": [ 23.338710784912109, 42.689476013183594 ] } },
{ "type": "Feature", "properties": { "vehicle_id": "A1232", "latitude": 42.74169921875, "longitude": 23.278160095214844, "raw_occupancy": 1, "timestamp": "2026-09-15 18:45:32" }, "geometry": { "type": "Point", "coordinates": [ 23.278160095214844, 42.74169921875 ] } },
{ "type": "Feature", "properties": { "vehicle_id": "A1182", "latitude": 42.707359313964844, "longitude": 23.29865837097168, "raw_occupancy": 1, "timestamp": "2026-09-15 18:45:32" }, "geometry": { "type": "Point", "coordinates": [ 23.29865837097168, 42.707359313964844 ] } },
{ "type": "Feature", "properties": { "vehicle_id": "A2081", "latitude": 42.684600830078125, "longitude": 23.346004486083984, "raw_occupancy": 3, "timestamp": "2026-09-15 18:45:32" }, "geometry": { "type": "Point", "coordinates": [ 23.346004486083984, 42.684600830078125 ] } },
{ "type": "Feature", "properties": { "vehicle_id": "A3112", "latitude": 42.681934356689453, "longitude": 23.316438674926758, "raw_occupancy": 3, "timestamp": "2026-09-15 18:45:32" }, "geometry": { "type": "Point", "coordinates": [ 23.316438674926758, 42.681934356689453 ] } },
{ "type": "Feature", "properties": { "vehicle_id": "A3110", "latitude": 42.627002716064453, "longitude": 23.38404655456543, "raw_occupancy": 0, "timestamp": "2026-09-15 18:45:32" }, "geometry": { "type": "Point", "coordinates": [ 23.38404655456543, 42.627002716064453 ] } },
{ "type": "Feature", "properties": { "vehicle_id": "A1829", "latitude": 42.718311309814453, "longitude": 23.227802276611328, "raw_occupancy": 2, "timestamp": "2026-09-15 18:45:32" }, "geometry": { "type": "Point", "coordinates": [ 23.227802276611328, 42.718311309814453 ] } },
{ "type": "Feature", "properties": { "vehicle_id": "A2501", "latitude": 42.715171813964844, "longitude": 23.310064315795898, "raw_occupancy": 1, "timestamp": "2026-09-15 18:45:32" }, "geometry": { "type": "Point", "coordinates": [ 23.310064315795898, 42.715171813964844 ] } },
{ "type": "Feature", "properties": { "vehicle_id": "A3610", "latitude": 42.645740509033203, "longitude": 23.367502212524414, "raw_occupancy": 0, "timestamp": "2026-09-15 18:45:32" }, "geometry": { "type": "Point", "coordinates": [ 23.367502212524414, 42.645740509033203 ] } },
{ "type": "Feature", "properties": { "vehicle_id": "A2009", "latitude": 42.658828735351562, "longitude": 23.348329544067383, "raw_occupancy": 1, "timestamp": "2026-09-15 18:45:32" }, "geometry": { "type": "Point", "coordinates": [ 23.348329544067383, 42.658828735351562 ] } },
{ "type": "Feature", "properties": { "vehicle_id": "A7111", "latitude": 42.824619293212891, "longitude": 23.284629821777344, "raw_occupancy": 0, "timestamp": "2026-09-15 18:45:32" }, "geometry": { "type": "Point", "coordinates": [ 23.284629821777344, 42.824619293212891 ] } },
{ "type": "Feature", "properties": { "vehicle_id": "A1831", "latitude": 42.668308258056641, "longitude": 23.255996704101562, "raw_occupancy": 1, "timestamp": "2026-09-15 18:45:32" }, "geometry": { "type": "Point", "coordinates": [ 23.255996704101562, 42.668308258056641 ] } },
{ "type": "Feature", "properties": { "vehicle_id": "A1229", "latitude": 42.71832275390625, "longitude": 23.26215934753418, "raw_occupancy": 0, "timestamp": "2026-09-15 18:45:32" }, "geometry": { "type": "Point", "coordinates": [ 23.26215934753418, 42.71832275390625 ] } },
{ "type": "Feature", "properties": { "vehicle_id": "A2077", "latitude": 42.715442657470703, "longitude": 23.342258453369141, "raw_occupancy": 0, "timestamp": "2026-09-15 18:45:32" }, "geometry": { "type": "Point", "coordinates": [ 23.342258453369141, 42.715442657470703 ] } },
{ "type": "Feature", "properties": { "vehicle_id": "A3139", "latitude": 42.685844421386719, "longitude": 23.330387115478516, "raw_occupancy": 1, "timestamp": "2026-09-15 18:45:32" }, "geometry": { "type": "Point", "coordinates": [ 23.330387115478516, 42.685844421386719 ] } },
{ "type": "Feature", "properties": { "vehicle_id": "A2814", "latitude": 42.615726470947266, "longitude": 23.398830413818359, "raw_occupancy": 1, "timestamp": "2026-09-15 18:45:32" }, "geometry": { "type": "Point", "coordinates": [ 23.398830413818359, 42.615726470947266 ] } },
{ "type": "Feature", "properties": { "vehicle_id": "A1823", "latitude": 42.736122131347656, "longitude": 23.294046401977539, "raw_occupancy": 1, "timestamp": "2026-09-15 18:45:32" }, "geometry": { "type": "Point", "coordinates": [ 23.294046401977539, 42.736122131347656 ] } },
{ "type": "Feature", "properties": { "vehicle_id": "A1162", "latitude": 42.694118499755859, "longitude": 23.294620513916016, "raw_occupancy": 1, "timestamp": "2026-09-15 18:45:32" }, "geometry": { "type": "Point", "coordinates": [ 23.294620513916016, 42.694118499755859 ] } },
{ "type": "Feature", "properties": { "vehicle_id": "A3107", "latitude": 42.651653289794922, "longitude": 23.379032135009766, "raw_occupancy": 3, "timestamp": "2026-09-15 18:45:32" }, "geometry": { "type": "Point", "coordinates": [ 23.379032135009766, 42.651653289794922 ] } },
{ "type": "Feature", "properties": { "vehicle_id": "A3407", "latitude": 42.671066284179688, "longitude": 23.396490097045898, "raw_occupancy": 2, "timestamp": "2026-09-15 18:45:32" }, "geometry": { "type": "Point", "coordinates": [ 23.396490097045898, 42.671066284179688 ] } },
{ "type": "Feature", "properties": { "vehicle_id": "A3159", "latitude": 42.633274078369141, "longitude": 23.380126953125, "raw_occupancy": 1, "timestamp": "2026-09-15 18:45:32" }, "geometry": { "type": "Point", "coordinates": [ 23.380126953125, 42.633274078369141 ] } },
{ "type": "Feature", "properties": { "vehicle_id": "A2300", "latitude": 42.704784393310547, "longitude": 23.328573226928711, "raw_occupancy": 1, "timestamp": "2026-09-15 18:45:32" }, "geometry": { "type": "Point", "coordinates": [ 23.328573226928711, 42.704784393310547 ] } },
{ "type": "Feature", "properties": { "vehicle_id": "A1606", "latitude": 42.665679931640625, "longitude": 23.259071350097656, "raw_occupancy": 1, "timestamp": "2026-09-15 18:45:32" }, "geometry": { "type": "Point", "coordinates": [ 23.259071350097656, 42.665679931640625 ] } },
{ "type": "Feature", "properties": { "vehicle_id": "A7067", "latitude": 42.706512451171875, "longitude": 23.467929840087891, "raw_occupancy": 3, "timestamp": "2026-09-15 18:45:32" }, "geometry": { "type": "Point", "coordinates": [ 23.467929840087891, 42.706512451171875 ] } },
{ "type": "Feature", "properties": { "vehicle_id": "A1025", "latitude": 42.660736083984375, "longitude": 23.265064239501953, "raw_occupancy": 2, "timestamp": "2026-09-15 18:45:32" }, "geometry": { "type": "Point", "coordinates": [ 23.265064239501953, 42.660736083984375 ] } },
{ "type": "Feature", "properties": { "vehicle_id": "A3158", "latitude": 42.674594879150391, "longitude": 23.290681838989258, "raw_occupancy": 2, "timestamp": "2026-09-15 18:45:32" }, "geometry": { "type": "Point", "coordinates": [ 23.290681838989258, 42.674594879150391 ] } },
{ "type": "Feature", "properties": { "vehicle_id": "A3153", "latitude": 42.64910888671875, "longitude": 23.404323577880859, "raw_occupancy": 1, "timestamp": "2026-09-15 18:45:32" }, "geometry": { "type": "Point", "coordinates": [ 23.404323577880859, 42.64910888671875 ] } },
{ "type": "Feature", "properties": { "vehicle_id": "A2032", "latitude": 42.653697967529297, "longitude": 23.342817306518555, "raw_occupancy": 1, "timestamp": "2026-09-15 18:45:32" }, "geometry": { "type": "Point", "coordinates": [ 23.342817306518555, 42.653697967529297 ] } },
{ "type": "Feature", "properties": { "vehicle_id": "A2027", "latitude": 42.6865234375, "longitude": 23.351694107055664, "raw_occupancy": 1, "timestamp": "2026-09-15 18:45:32" }, "geometry": { "type": "Point", "coordinates": [ 23.351694107055664, 42.6865234375 ] } },
{ "type": "Feature", "properties": { "vehicle_id": "A3626", "latitude": 42.705497741699219, "longitude": 23.324056625366211, "raw_occupancy": 2, "timestamp": "2026-09-15 18:45:32" }, "geometry": { "type": "Point", "coordinates": [ 23.324056625366211, 42.705497741699219 ] } },
{ "type": "Feature", "properties": { "vehicle_id": "A7055", "latitude": 42.7386474609375, "longitude": 23.506391525268555, "raw_occupancy": 1, "timestamp": "2026-09-15 18:45:32" }, "geometry": { "type": "Point", "coordinates": [ 23.506391525268555, 42.7386474609375 ] } },
{ "type": "Feature", "properties": { "vehicle_id": "A7075", "latitude": 42.783489227294922, "longitude": 23.394554138183594, "raw_occupancy": 1, "timestamp": "2026-09-15 18:45:32" }, "geometry": { "type": "Point", "coordinates": [ 23.394554138183594, 42.783489227294922 ] } },
{ "type": "Feature", "properties": { "vehicle_id": "A1413", "latitude": 42.675815582275391, "longitude": 23.279678344726562, "raw_occupancy": 1, "timestamp": "2026-09-15 18:45:32" }, "geometry": { "type": "Point", "coordinates": [ 23.279678344726562, 42.675815582275391 ] } },
{ "type": "Feature", "properties": { "vehicle_id": "A1601", "latitude": 42.705520629882812, "longitude": 23.312215805053711, "raw_occupancy": 1, "timestamp": "2026-09-15 18:45:32" }, "geometry": { "type": "Point", "coordinates": [ 23.312215805053711, 42.705520629882812 ] } },
{ "type": "Feature", "properties": { "vehicle_id": "A2003", "latitude": 42.714996337890625, "longitude": 23.283538818359375, "raw_occupancy": 1, "timestamp": "2026-09-15 18:45:32" }, "geometry": { "type": "Point", "coordinates": [ 23.283538818359375, 42.714996337890625 ] } },
{ "type": "Feature", "properties": { "vehicle_id": "A2314", "latitude": 42.646976470947266, "longitude": 23.345554351806641, "raw_occupancy": 0, "timestamp": "2026-09-15 18:45:32" }, "geometry": { "type": "Point", "coordinates": [ 23.345554351806641, 42.646976470947266 ] } },
{ "type": "Feature", "properties": { "vehicle_id": "A1208", "latitude": 42.678375244140625, "longitude": 23.320686340332031, "raw_occupancy": 2, "timestamp": "2026-09-15 18:45:32" }, "geometry": { "type": "Point", "coordinates": [ 23.320686340332031, 42.678375244140625 ] } },
{ "type": "Feature", "properties": { "vehicle_id": "A2082", "latitude": 42.637516021728516, "longitude": 23.311136245727539, "raw_occupancy": 2, "timestamp": "2026-09-15 18:45:32" }, "geometry": { "type": "Point", "coordinates": [ 23.311136245727539, 42.637516021728516 ] } },
{ "type": "Feature", "properties": { "vehicle_id": "A2816", "latitude": 42.738361358642578, "longitude": 23.326417922973633, "raw_occupancy": 0, "timestamp": "2026-09-15 18:45:32" }, "geometry": { "type": "Point", "coordinates": [ 23.326417922973633, 42.738361358642578 ] } },
{ "type": "Feature", "properties": { "vehicle_id": "A2047", "latitude": 42.743782043457031, "longitude": 23.283615112304688, "raw_occupancy": 1, "timestamp": "2026-09-15 18:45:32" }, "geometry": { "type": "Point", "coordinates": [ 23.283615112304688, 42.743782043457031 ] } },
{ "type": "Feature", "properties": { "vehicle_id": "A1839", "latitude": 42.713096618652344, "longitude": 23.30241584777832, "raw_occupancy": 1, "timestamp": "2026-09-15 18:45:32" }, "geometry": { "type": "Point", "coordinates": [ 23.30241584777832, 42.713096618652344 ] } },
{ "type": "Feature", "properties": { "vehicle_id": "A1837", "latitude": 42.770973205566406, "longitude": 23.241519927978516, "raw_occupancy": 1, "timestamp": "2026-09-15 18:45:32" }, "geometry": { "type": "Point", "coordinates": [ 23.241519927978516, 42.770973205566406 ] } },
{ "type": "Feature", "properties": { "vehicle_id": "A7155", "latitude": 42.710044860839844, "longitude": 23.38853645324707, "raw_occupancy": 1, "timestamp": "2026-09-15 18:45:32" }, "geometry": { "type": "Point", "coordinates": [ 23.38853645324707, 42.710044860839844 ] } },
{ "type": "Feature", "properties": { "vehicle_id": "A2006", "latitude": 42.716102600097656, "longitude": 23.237470626831055, "raw_occupancy": 1, "timestamp": "2026-09-15 18:45:32" }, "geometry": { "type": "Point", "coordinates": [ 23.237470626831055, 42.716102600097656 ] } },
{ "type": "Feature", "properties": { "vehicle_id": "A3402", "latitude": 42.616275787353516, "longitude": 23.337507247924805, "raw_occupancy": 0, "timestamp": "2026-09-15 18:45:32" }, "geometry": { "type": "Point", "coordinates": [ 23.337507247924805, 42.616275787353516 ] } },
{ "type": "Feature", "properties": { "vehicle_id": "A1406", "latitude": 42.661930084228516, "longitude": 23.286361694335938, "raw_occupancy": 2, "timestamp": "2026-09-15 18:45:32" }, "geometry": { "type": "Point", "coordinates": [ 23.286361694335938, 42.661930084228516 ] } },
{ "type": "Feature", "properties": { "vehicle_id": "A2046", "latitude": 42.718917846679688, "longitude": 23.285720825195312, "raw_occupancy": 2, "timestamp": "2026-09-15 18:45:32" }, "geometry": { "type": "Point", "coordinates": [ 23.285720825195312, 42.718917846679688 ] } },
{ "type": "Feature", "properties": { "vehicle_id": "A1010", "latitude": 42.656879425048828, "longitude": 23.315303802490234, "raw_occupancy": 1, "timestamp": "2026-09-15 18:45:32" }, "geometry": { "type": "Point", "coordinates": [ 23.315303802490234, 42.656879425048828 ] } },
{ "type": "Feature", "properties": { "vehicle_id": "A1851", "latitude": 42.686550140380859, "longitude": 23.299123764038086, "raw_occupancy": 1, "timestamp": "2026-09-15 18:45:32" }, "geometry": { "type": "Point", "coordinates": [ 23.299123764038086, 42.686550140380859 ] } },
{ "type": "Feature", "properties": { "vehicle_id": "A7185", "latitude": 42.732486724853516, "longitude": 23.555759429931641, "raw_occupancy": 1, "timestamp": "2026-09-15 18:45:32" }, "geometry": { "type": "Point", "coordinates": [ 23.555759429931641, 42.732486724853516 ] } },
{ "type": "Feature", "properties": { "vehicle_id": "A1126", "latitude": 42.665794372558594, "longitude": 23.28645133972168, "raw_occupancy": 0, "timestamp": "2026-09-15 18:45:32" }, "geometry": { "type": "Point", "coordinates": [ 23.28645133972168, 42.665794372558594 ] } },
{ "type": "Feature", "properties": { "vehicle_id": "A3114", "latitude": 42.652137756347656, "longitude": 23.404735565185547, "raw_occupancy": 1, "timestamp": "2026-09-15 18:45:32" }, "geometry": { "type": "Point", "coordinates": [ 23.404735565185547, 42.652137756347656 ] } },
{ "type": "Feature", "properties": { "vehicle_id": "A1156", "latitude": 42.678520202636719, "longitude": 23.285043716430664, "raw_occupancy": 1, "timestamp": "2026-09-15 18:45:32" }, "geometry": { "type": "Point", "coordinates": [ 23.285043716430664, 42.678520202636719 ] } },
{ "type": "Feature", "properties": { "vehicle_id": "A1620", "latitude": 42.633136749267578, "longitude": 23.333845138549805, "raw_occupancy": 4, "timestamp": "2026-09-15 18:45:32" }, "geometry": { "type": "Point", "coordinates": [ 23.333845138549805, 42.633136749267578 ] } },
{ "type": "Feature", "properties": { "vehicle_id": "A2034", "latitude": 42.670722961425781, "longitude": 23.333778381347656, "raw_occupancy": 1, "timestamp": "2026-09-15 18:45:32" }, "geometry": { "type": "Point", "coordinates": [ 23.333778381347656, 42.670722961425781 ] } },
{ "type": "Feature", "properties": { "vehicle_id": "A3125", "latitude": 42.66522216796875, "longitude": 23.355396270751953, "raw_occupancy": 3, "timestamp": "2026-09-15 18:45:32" }, "geometry": { "type": "Point", "coordinates": [ 23.355396270751953, 42.66522216796875 ] } },
{ "type": "Feature", "properties": { "vehicle_id": "A1618", "latitude": 42.705810546875, "longitude": 23.31578254699707, "raw_occupancy": 2, "timestamp": "2026-09-15 18:45:32" }, "geometry": { "type": "Point", "coordinates": [ 23.31578254699707, 42.705810546875 ] } },
{ "type": "Feature", "properties": { "vehicle_id": "A2000", "latitude": 42.712455749511719, "longitude": 23.412019729614258, "raw_occupancy": 0, "timestamp": "2026-09-15 18:45:32" }, "geometry": { "type": "Point", "coordinates": [ 23.412019729614258, 42.712455749511719 ] } },
{ "type": "Feature", "properties": { "vehicle_id": "A3104", "latitude": 42.679084777832031, "longitude": 23.302785873413086, "raw_occupancy": 1, "timestamp": "2026-09-15 18:45:32" }, "geometry": { "type": "Point", "coordinates": [ 23.302785873413086, 42.679084777832031 ] } },
{ "type": "Feature", "properties": { "vehicle_id": "A2016", "latitude": 42.646968841552734, "longitude": 23.346197128295898, "raw_occupancy": 0, "timestamp": "2026-09-15 18:45:32" }, "geometry": { "type": "Point", "coordinates": [ 23.346197128295898, 42.646968841552734 ] } },
{ "type": "Feature", "properties": { "vehicle_id": "A3608", "latitude": 42.630451202392578, "longitude": 23.377182006835938, "raw_occupancy": 2, "timestamp": "2026-09-15 18:45:32" }, "geometry": { "type": "Point", "coordinates": [ 23.377182006835938, 42.630451202392578 ] } },
{ "type": "Feature", "properties": { "vehicle_id": "A7141", "latitude": 42.771087646484375, "longitude": 23.361146926879883, "raw_occupancy": 0, "timestamp": "2026-09-15 18:45:32" }, "geometry": { "type": "Point", "coordinates": [ 23.361146926879883, 42.771087646484375 ] } },
{ "type": "Feature", "properties": { "vehicle_id": "A3127", "latitude": 42.692600250244141, "longitude": 23.355005264282227, "raw_occupancy": 2, "timestamp": "2026-09-15 18:45:32" }, "geometry": { "type": "Point", "coordinates": [ 23.355005264282227, 42.692600250244141 ] } },
{ "type": "Feature", "properties": { "vehicle_id": "A7061", "latitude": 42.844810485839844, "longitude": 23.32017707824707, "raw_occupancy": 0, "timestamp": "2026-09-15 18:45:32" }, "geometry": { "type": "Point", "coordinates": [ 23.32017707824707, 42.844810485839844 ] } },
{ "type": "Feature", "properties": { "vehicle_id": "A2026", "latitude": 42.706230163574219, "longitude": 23.361101150512695, "raw_occupancy": 1, "timestamp": "2026-09-15 18:45:32" }, "geometry": { "type": "Point", "coordinates": [ 23.361101150512695, 42.706230163574219 ] } },
{ "type": "Feature", "properties": { "vehicle_id": "A2030", "latitude": 42.712162017822266, "longitude": 23.38001823425293, "raw_occupancy": 1, "timestamp": "2026-09-15 18:45:32" }, "geometry": { "type": "Point", "coordinates": [ 23.38001823425293, 42.712162017822266 ] } },
{ "type": "Feature", "properties": { "vehicle_id": "A2055", "latitude": 42.719505310058594, "longitude": 23.239553451538086, "raw_occupancy": 0, "timestamp": "2026-09-15 18:45:32" }, "geometry": { "type": "Point", "coordinates": [ 23.239553451538086, 42.719505310058594 ] } },
{ "type": "Feature", "properties": { "vehicle_id": "A1117", "latitude": 42.725563049316406, "longitude": 23.261058807373047, "raw_occupancy": 0, "timestamp": "2026-09-15 18:45:32" }, "geometry": { "type": "Point", "coordinates": [ 23.261058807373047, 42.725563049316406 ] } },
{ "type": "Feature", "properties": { "vehicle_id": "A7153", "latitude": 42.794181823730469, "longitude": 23.268440246582031, "raw_occupancy": 1, "timestamp": "2026-09-15 18:45:32" }, "geometry": { "type": "Point", "coordinates": [ 23.268440246582031, 42.794181823730469 ] } },
{ "type": "Feature", "properties": { "vehicle_id": "A2018", "latitude": 42.653736114501953, "longitude": 23.343284606933594, "raw_occupancy": 2, "timestamp": "2026-09-15 18:45:32" }, "geometry": { "type": "Point", "coordinates": [ 23.343284606933594, 42.653736114501953 ] } },
{ "type": "Feature", "properties": { "vehicle_id": "A2053", "latitude": 42.593315124511719, "longitude": 23.416461944580078, "raw_occupancy": 0, "timestamp": "2026-09-15 18:45:32" }, "geometry": { "type": "Point", "coordinates": [ 23.416461944580078, 42.593315124511719 ] } },
{ "type": "Feature", "properties": { "vehicle_id": "A2059", "latitude": 42.727924346923828, "longitude": 23.323715209960938, "raw_occupancy": 0, "timestamp": "2026-09-15 18:45:32" }, "geometry": { "type": "Point", "coordinates": [ 23.323715209960938, 42.727924346923828 ] } },
{ "type": "Feature", "properties": { "vehicle_id": "A1407", "latitude": 42.696521759033203, "longitude": 23.279586791992188, "raw_occupancy": 0, "timestamp": "2026-09-15 18:45:32" }, "geometry": { "type": "Point", "coordinates": [ 23.279586791992188, 42.696521759033203 ] } },
{ "type": "Feature", "properties": { "vehicle_id": "A2086", "latitude": 42.723529815673828, "longitude": 23.301637649536133, "raw_occupancy": 2, "timestamp": "2026-09-15 18:45:32" }, "geometry": { "type": "Point", "coordinates": [ 23.301637649536133, 42.723529815673828 ] } },
{ "type": "Feature", "properties": { "vehicle_id": "A3623", "latitude": 42.659347534179688, "longitude": 23.46245002746582, "raw_occupancy": 1, "timestamp": "2026-09-15 18:45:32" }, "geometry": { "type": "Point", "coordinates": [ 23.46245002746582, 42.659347534179688 ] } },
{ "type": "Feature", "properties": { "vehicle_id": "A1159", "latitude": 42.651481628417969, "longitude": 23.335872650146484, "raw_occupancy": 2, "timestamp": "2026-09-15 18:45:32" }, "geometry": { "type": "Point", "coordinates": [ 23.335872650146484, 42.651481628417969 ] } },
{ "type": "Feature", "properties": { "vehicle_id": "A1825", "latitude": 42.698280334472656, "longitude": 23.272708892822266, "raw_occupancy": 2, "timestamp": "2026-09-15 18:45:32" }, "geometry": { "type": "Point", "coordinates": [ 23.272708892822266, 42.698280334472656 ] } },
{ "type": "Feature", "properties": { "vehicle_id": "A7073", "latitude": 42.7542724609375, "longitude": 23.493013381958008, "raw_occupancy": 0, "timestamp": "2026-09-15 18:45:32" }, "geometry": { "type": "Point", "coordinates": [ 23.493013381958008, 42.7542724609375 ] } },
{ "type": "Feature", "properties": { "vehicle_id": "A7135", "latitude": 42.726688385009766, "longitude": 23.261676788330078, "raw_occupancy": 1, "timestamp": "2026-09-15 18:45:32" }, "geometry": { "type": "Point", "coordinates": [ 23.261676788330078, 42.726688385009766 ] } },
{ "type": "Feature", "properties": { "vehicle_id": "A1408", "latitude": 42.643093109130859, "longitude": 23.282157897949219, "raw_occupancy": 1, "timestamp": "2026-09-15 18:45:32" }, "geometry": { "type": "Point", "coordinates": [ 23.282157897949219, 42.643093109130859 ] } },
{ "type": "Feature", "properties": { "vehicle_id": "A2823", "latitude": 42.668186187744141, "longitude": 23.26545524597168, "raw_occupancy": 2, "timestamp": "2026-09-15 18:45:32" }, "geometry": { "type": "Point", "coordinates": [ 23.26545524597168, 42.668186187744141 ] } },
{ "type": "Feature", "properties": { "vehicle_id": "A2052", "latitude": 42.637680053710938, "longitude": 23.41395378112793, "raw_occupancy": 2, "timestamp": "2026-09-15 18:45:32" }, "geometry": { "type": "Point", "coordinates": [ 23.41395378112793, 42.637680053710938 ] } },
{ "type": "Feature", "properties": { "vehicle_id": "A7113", "latitude": 42.7325439453125, "longitude": 23.296806335449219, "raw_occupancy": 3, "timestamp": "2026-09-15 18:45:32" }, "geometry": { "type": "Point", "coordinates": [ 23.296806335449219, 42.7325439453125 ] } },
{ "type": "Feature", "properties": { "vehicle_id": "A3652", "latitude": 42.597003936767578, "longitude": 23.366847991943359, "raw_occupancy": 1, "timestamp": "2026-09-15 18:45:32" }, "geometry": { "type": "Point", "coordinates": [ 23.366847991943359, 42.597003936767578 ] } },
{ "type": "Feature", "properties": { "vehicle_id": "A2506", "latitude": 42.677898406982422, "longitude": 23.360469818115234, "raw_occupancy": 2, "timestamp": "2026-09-15 18:45:32" }, "geometry": { "type": "Point", "coordinates": [ 23.360469818115234, 42.677898406982422 ] } },
{ "type": "Feature", "properties": { "vehicle_id": "A2015", "latitude": 42.704353332519531, "longitude": 23.329971313476562, "raw_occupancy": 1, "timestamp": "2026-09-15 18:45:32" }, "geometry": { "type": "Point", "coordinates": [ 23.329971313476562, 42.704353332519531 ] } },
{ "type": "Feature", "properties": { "vehicle_id": "A7097", "latitude": 42.724239349365234, "longitude": 23.343772888183594, "raw_occupancy": 3, "timestamp": "2026-09-15 18:45:32" }, "geometry": { "type": "Point", "coordinates": [ 23.343772888183594, 42.724239349365234 ] } },
{ "type": "Feature", "properties": { "vehicle_id": "A3627", "latitude": 42.660350799560547, "longitude": 23.380241394042969, "raw_occupancy": 5, "timestamp": "2026-09-15 18:45:32" }, "geometry": { "type": "Point", "coordinates": [ 23.380241394042969, 42.660350799560547 ] } },
{ "type": "Feature", "properties": { "vehicle_id": "A2042", "latitude": 42.662288665771484, "longitude": 23.345478057861328, "raw_occupancy": 2, "timestamp": "2026-09-15 18:45:32" }, "geometry": { "type": "Point", "coordinates": [ 23.345478057861328, 42.662288665771484 ] } },
{ "type": "Feature", "properties": { "vehicle_id": "A2811", "latitude": 42.655536651611328, "longitude": 23.201717376708984, "raw_occupancy": 1, "timestamp": "2026-09-15 18:45:32" }, "geometry": { "type": "Point", "coordinates": [ 23.201717376708984, 42.655536651611328 ] } },
{ "type": "Feature", "properties": { "vehicle_id": "A7103", "latitude": 42.739631652832031, "longitude": 23.304811477661133, "raw_occupancy": 1, "timestamp": "2026-09-15 18:45:32" }, "geometry": { "type": "Point", "coordinates": [ 23.304811477661133, 42.739631652832031 ] } },
{ "type": "Feature", "properties": { "vehicle_id": "A1230", "latitude": 42.701099395751953, "longitude": 23.126497268676758, "raw_occupancy": 0, "timestamp": "2026-09-15 18:45:32" }, "geometry": { "type": "Point", "coordinates": [ 23.126497268676758, 42.701099395751953 ] } },
{ "type": "Feature", "properties": { "vehicle_id": "A2312", "latitude": 42.653175354003906, "longitude": 23.347465515136719, "raw_occupancy": 2, "timestamp": "2026-09-15 18:45:32" }, "geometry": { "type": "Point", "coordinates": [ 23.347465515136719, 42.653175354003906 ] } },
{ "type": "Feature", "properties": { "vehicle_id": "A1214", "latitude": 42.629058837890625, "longitude": 23.343469619750977, "raw_occupancy": 1, "timestamp": "2026-09-15 18:45:32" }, "geometry": { "type": "Point", "coordinates": [ 23.343469619750977, 42.629058837890625 ] } },
{ "type": "Feature", "properties": { "vehicle_id": "A3620", "latitude": 42.586273193359375, "longitude": 23.360506057739258, "raw_occupancy": 0, "timestamp": "2026-09-15 18:45:32" }, "geometry": { "type": "Point", "coordinates": [ 23.360506057739258, 42.586273193359375 ] } },
{ "type": "Feature", "properties": { "vehicle_id": "A3134", "latitude": 42.708431243896484, "longitude": 23.318103790283203, "raw_occupancy": 3, "timestamp": "2026-09-15 18:45:32" }, "geometry": { "type": "Point", "coordinates": [ 23.318103790283203, 42.708431243896484 ] } },
{ "type": "Feature", "properties": { "vehicle_id": "A1181", "latitude": 42.675640106201172, "longitude": 23.289260864257812, "raw_occupancy": 0, "timestamp": "2026-09-15 18:45:32" }, "geometry": { "type": "Point", "coordinates": [ 23.289260864257812, 42.675640106201172 ] } },
{ "type": "Feature", "properties": { "vehicle_id": "A7149", "latitude": 42.718620300292969, "longitude": 23.359317779541016, "raw_occupancy": 1, "timestamp": "2026-09-15 18:45:32" }, "geometry": { "type": "Point", "coordinates": [ 23.359317779541016, 42.718620300292969 ] } },
{ "type": "Feature", "properties": { "vehicle_id": "A3401", "latitude": 42.671909332275391, "longitude": 23.350362777709961, "raw_occupancy": 1, "timestamp": "2026-09-15 18:45:32" }, "geometry": { "type": "Point", "coordinates": [ 23.350362777709961, 42.671909332275391 ] } },
{ "type": "Feature", "properties": { "vehicle_id": "A1175", "latitude": 42.668643951416016, "longitude": 23.298419952392578, "raw_occupancy": 2, "timestamp": "2026-09-15 18:45:32" }, "geometry": { "type": "Point", "coordinates": [ 23.298419952392578, 42.668643951416016 ] } },
{ "type": "Feature", "properties": { "vehicle_id": "A1405", "latitude": 42.672355651855469, "longitude": 23.294511795043945, "raw_occupancy": 2, "timestamp": "2026-09-15 18:45:32" }, "geometry": { "type": "Point", "coordinates": [ 23.294511795043945, 42.672355651855469 ] } },
{ "type": "Feature", "properties": { "vehicle_id": "A2517", "latitude": 42.596233367919922, "longitude": 23.358587265014648, "raw_occupancy": 2, "timestamp": "2026-09-15 18:45:32" }, "geometry": { "type": "Point", "coordinates": [ 23.358587265014648, 42.596233367919922 ] } },
{ "type": "Feature", "properties": { "vehicle_id": "A2317", "latitude": 42.663566589355469, "longitude": 23.357980728149414, "raw_occupancy": 2, "timestamp": "2026-09-15 18:45:32" }, "geometry": { "type": "Point", "coordinates": [ 23.357980728149414, 42.663566589355469 ] } },
{ "type": "Feature", "properties": { "vehicle_id": "A3111", "latitude": 42.659568786621094, "longitude": 23.347822189331055, "raw_occupancy": 2, "timestamp": "2026-09-15 18:45:32" }, "geometry": { "type": "Point", "coordinates": [ 23.347822189331055, 42.659568786621094 ] } },
{ "type": "Feature", "properties": { "vehicle_id": "A1308", "latitude": 42.658615112304688, "longitude": 23.240367889404297, "raw_occupancy": 1, "timestamp": "2026-09-15 18:45:32" }, "geometry": { "type": "Point", "coordinates": [ 23.240367889404297, 42.658615112304688 ] } },
{ "type": "Feature", "properties": { "vehicle_id": "A1849", "latitude": 42.715782165527344, "longitude": 23.283760070800781, "raw_occupancy": 3, "timestamp": "2026-09-15 18:45:32" }, "geometry": { "type": "Point", "coordinates": [ 23.283760070800781, 42.715782165527344 ] } },
{ "type": "Feature", "properties": { "vehicle_id": "A2035", "latitude": 42.653594970703125, "longitude": 23.346979141235352, "raw_occupancy": 3, "timestamp": "2026-09-15 18:45:32" }, "geometry": { "type": "Point", "coordinates": [ 23.346979141235352, 42.653594970703125 ] } },
{ "type": "Feature", "properties": { "vehicle_id": "A1610", "latitude": 42.683067321777344, "longitude": 23.240785598754883, "raw_occupancy": 2, "timestamp": "2026-09-15 18:45:32" }, "geometry": { "type": "Point", "coordinates": [ 23.240785598754883, 42.683067321777344 ] } },
{ "type": "Feature", "properties": { "vehicle_id": "A7083", "latitude": 42.714733123779297, "longitude": 23.436422348022461, "raw_occupancy": 2, "timestamp": "2026-09-15 18:45:32" }, "geometry": { "type": "Point", "coordinates": [ 23.436422348022461, 42.714733123779297 ] } },
{ "type": "Feature", "properties": { "vehicle_id": "A3129", "latitude": 42.64013671875, "longitude": 23.375633239746094, "raw_occupancy": 1, "timestamp": "2026-09-15 18:45:32" }, "geometry": { "type": "Point", "coordinates": [ 23.375633239746094, 42.64013671875 ] } },
{ "type": "Feature", "properties": { "vehicle_id": "A7053", "latitude": 42.699268341064453, "longitude": 23.366304397583008, "raw_occupancy": 2, "timestamp": "2026-09-15 18:45:32" }, "geometry": { "type": "Point", "coordinates": [ 23.366304397583008, 42.699268341064453 ] } },
{ "type": "Feature", "properties": { "vehicle_id": "A3406", "latitude": 42.655830383300781, "longitude": 23.38215446472168, "raw_occupancy": 2, "timestamp": "2026-09-15 18:45:32" }, "geometry": { "type": "Point", "coordinates": [ 23.38215446472168, 42.655830383300781 ] } },
{ "type": "Feature", "properties": { "vehicle_id": "A1853", "latitude": 42.717185974121094, "longitude": 23.170555114746094, "raw_occupancy": 3, "timestamp": "2026-09-15 18:45:32" }, "geometry": { "type": "Point", "coordinates": [ 23.170555114746094, 42.717185974121094 ] } },
{ "type": "Feature", "properties": { "vehicle_id": "A7051", "latitude": 42.757305145263672, "longitude": 23.560163497924805, "raw_occupancy": 2, "timestamp": "2026-09-15 18:45:32" }, "geometry": { "type": "Point", "coordinates": [ 23.560163497924805, 42.757305145263672 ] } },
{ "type": "Feature", "properties": { "vehicle_id": "A7065", "latitude": 42.71063232421875, "longitude": 23.348560333251953, "raw_occupancy": 1, "timestamp": "2026-09-15 18:45:32" }, "geometry": { "type": "Point", "coordinates": [ 23.348560333251953, 42.71063232421875 ] } },
{ "type": "Feature", "properties": { "vehicle_id": "A7063", "latitude": 42.742347717285156, "longitude": 23.277606964111328, "raw_occupancy": 2, "timestamp": "2026-09-15 18:45:32" }, "geometry": { "type": "Point", "coordinates": [ 23.277606964111328, 42.742347717285156 ] } },
{ "type": "Feature", "properties": { "vehicle_id": "A7133", "latitude": 42.812152862548828, "longitude": 23.35125732421875, "raw_occupancy": 1, "timestamp": "2026-09-15 18:45:32" }, "geometry": { "type": "Point", "coordinates": [ 23.35125732421875, 42.812152862548828 ] } },
{ "type": "Feature", "properties": { "vehicle_id": "A1819", "latitude": 42.760154724121094, "longitude": 23.266914367675781, "raw_occupancy": 2, "timestamp": "2026-09-15 18:45:32" }, "geometry": { "type": "Point", "coordinates": [ 23.266914367675781, 42.760154724121094 ] } },
{ "type": "Feature", "properties": { "vehicle_id": "A1833", "latitude": 42.719860076904297, "longitude": 23.239822387695312, "raw_occupancy": 1, "timestamp": "2026-09-15 18:45:32" }, "geometry": { "type": "Point", "coordinates": [ 23.239822387695312, 42.719860076904297 ] } },
{ "type": "Feature", "properties": { "vehicle_id": "A1216", "latitude": 42.736446380615234, "longitude": 23.272024154663086, "raw_occupancy": 1, "timestamp": "2026-09-15 18:45:32" }, "geometry": { "type": "Point", "coordinates": [ 23.272024154663086, 42.736446380615234 ] } },
{ "type": "Feature", "properties": { "vehicle_id": "A2064", "latitude": 42.722923278808594, "longitude": 23.306526184082031, "raw_occupancy": 1, "timestamp": "2026-09-15 18:45:32" }, "geometry": { "type": "Point", "coordinates": [ 23.306526184082031, 42.722923278808594 ] } },
{ "type": "Feature", "properties": { "vehicle_id": "A2024", "latitude": 42.666755676269531, "longitude": 23.364841461181641, "raw_occupancy": 2, "timestamp": "2026-09-15 18:45:32" }, "geometry": { "type": "Point", "coordinates": [ 23.364841461181641, 42.666755676269531 ] } },
{ "type": "Feature", "properties": { "vehicle_id": "A2058", "latitude": 42.688617706298828, "longitude": 23.364927291870117, "raw_occupancy": 1, "timestamp": "2026-09-15 18:45:32" }, "geometry": { "type": "Point", "coordinates": [ 23.364927291870117, 42.688617706298828 ] } },
{ "type": "Feature", "properties": { "vehicle_id": "A7147", "latitude": 42.832965850830078, "longitude": 23.283685684204102, "raw_occupancy": 1, "timestamp": "2026-09-15 18:45:32" }, "geometry": { "type": "Point", "coordinates": [ 23.283685684204102, 42.832965850830078 ] } },
{ "type": "Feature", "properties": { "vehicle_id": "A2070", "latitude": 42.6016845703125, "longitude": 23.48301887512207, "raw_occupancy": 1, "timestamp": "2026-09-15 18:45:32" }, "geometry": { "type": "Point", "coordinates": [ 23.48301887512207, 42.6016845703125 ] } },
{ "type": "Feature", "properties": { "vehicle_id": "A1127", "latitude": 42.74468994140625, "longitude": 23.230230331420898, "raw_occupancy": 3, "timestamp": "2026-09-15 18:45:32" }, "geometry": { "type": "Point", "coordinates": [ 23.230230331420898, 42.74468994140625 ] } },
{ "type": "Feature", "properties": { "vehicle_id": "A3119", "latitude": 42.639980316162109, "longitude": 23.334503173828125, "raw_occupancy": 1, "timestamp": "2026-09-15 18:45:32" }, "geometry": { "type": "Point", "coordinates": [ 23.334503173828125, 42.639980316162109 ] } },
{ "type": "Feature", "properties": { "vehicle_id": "A7171", "latitude": 42.736503601074219, "longitude": 23.27192497253418, "raw_occupancy": 1, "timestamp": "2026-09-15 18:45:32" }, "geometry": { "type": "Point", "coordinates": [ 23.27192497253418, 42.736503601074219 ] } },
{ "type": "Feature", "properties": { "vehicle_id": "A2033", "latitude": 42.712474822998047, "longitude": 23.379724502563477, "raw_occupancy": 0, "timestamp": "2026-09-15 18:45:32" }, "geometry": { "type": "Point", "coordinates": [ 23.379724502563477, 42.712474822998047 ] } },
{ "type": "Feature", "properties": { "vehicle_id": "A2810", "latitude": 42.710838317871094, "longitude": 23.318622589111328, "raw_occupancy": 1, "timestamp": "2026-09-15 18:45:32" }, "geometry": { "type": "Point", "coordinates": [ 23.318622589111328, 42.710838317871094 ] } },
{ "type": "Feature", "properties": { "vehicle_id": "A2728", "latitude": 42.692001342773438, "longitude": 23.382804870605469, "raw_occupancy": 0, "timestamp": "2026-09-15 18:45:32" }, "geometry": { "type": "Point", "coordinates": [ 23.382804870605469, 42.692001342773438 ] } },
{ "type": "Feature", "properties": { "vehicle_id": "A1166", "latitude": 42.660175323486328, "longitude": 23.305507659912109, "raw_occupancy": 3, "timestamp": "2026-09-15 18:45:32" }, "geometry": { "type": "Point", "coordinates": [ 23.305507659912109, 42.660175323486328 ] } },
{ "type": "Feature", "properties": { "vehicle_id": "A1305", "latitude": 42.602119445800781, "longitude": 23.174915313720703, "raw_occupancy": 0, "timestamp": "2026-09-15 18:45:32" }, "geometry": { "type": "Point", "coordinates": [ 23.174915313720703, 42.602119445800781 ] } },
{ "type": "Feature", "properties": { "vehicle_id": "A3145", "latitude": 42.640289306640625, "longitude": 23.413375854492188, "raw_occupancy": 0, "timestamp": "2026-09-15 18:45:32" }, "geometry": { "type": "Point", "coordinates": [ 23.413375854492188, 42.640289306640625 ] } },
{ "type": "Feature", "properties": { "vehicle_id": "A1165", "latitude": 42.730209350585938, "longitude": 23.286931991577148, "raw_occupancy": 3, "timestamp": "2026-09-15 18:45:32" }, "geometry": { "type": "Point", "coordinates": [ 23.286931991577148, 42.730209350585938 ] } },
{ "type": "Feature", "properties": { "vehicle_id": "A1026", "latitude": 42.629543304443359, "longitude": 23.373205184936523, "raw_occupancy": 1, "timestamp": "2026-09-15 18:45:32" }, "geometry": { "type": "Point", "coordinates": [ 23.373205184936523, 42.629543304443359 ] } },
{ "type": "Feature", "properties": { "vehicle_id": "A3657", "latitude": 42.696037292480469, "longitude": 23.347621917724609, "raw_occupancy": 1, "timestamp": "2026-09-15 18:45:32" }, "geometry": { "type": "Point", "coordinates": [ 23.347621917724609, 42.696037292480469 ] } },
{ "type": "Feature", "properties": { "vehicle_id": "A1152", "latitude": 42.646739959716797, "longitude": 23.345956802368164, "raw_occupancy": 0, "timestamp": "2026-09-15 18:45:32" }, "geometry": { "type": "Point", "coordinates": [ 23.345956802368164, 42.646739959716797 ] } },
{ "type": "Feature", "properties": { "vehicle_id": "A3115", "latitude": 42.645900726318359, "longitude": 23.412220001220703, "raw_occupancy": 0, "timestamp": "2026-09-15 18:45:32" }, "geometry": { "type": "Point", "coordinates": [ 23.412220001220703, 42.645900726318359 ] } },
{ "type": "Feature", "properties": { "vehicle_id": "A1616", "latitude": 42.688766479492188, "longitude": 23.276670455932617, "raw_occupancy": 1, "timestamp": "2026-09-15 18:45:32" }, "geometry": { "type": "Point", "coordinates": [ 23.276670455932617, 42.688766479492188 ] } },
{ "type": "Feature", "properties": { "vehicle_id": "A7041", "latitude": 42.790981292724609, "longitude": 23.271709442138672, "raw_occupancy": 2, "timestamp": "2026-09-15 18:45:32" }, "geometry": { "type": "Point", "coordinates": [ 23.271709442138672, 42.790981292724609 ] } },
{ "type": "Feature", "properties": { "vehicle_id": "A1861", "latitude": 42.716056823730469, "longitude": 23.204723358154297, "raw_occupancy": 1, "timestamp": "2026-09-15 18:45:32" }, "geometry": { "type": "Point", "coordinates": [ 23.204723358154297, 42.716056823730469 ] } },
{ "type": "Feature", "properties": { "vehicle_id": "A2804", "latitude": 42.695842742919922, "longitude": 23.285642623901367, "raw_occupancy": 5, "timestamp": "2026-09-15 18:45:32" }, "geometry": { "type": "Point", "coordinates": [ 23.285642623901367, 42.695842742919922 ] } },
{ "type": "Feature", "properties": { "vehicle_id": "A2041", "latitude": 42.707172393798828, "longitude": 23.299530029296875, "raw_occupancy": 1, "timestamp": "2026-09-15 18:45:32" }, "geometry": { "type": "Point", "coordinates": [ 23.299530029296875, 42.707172393798828 ] } },
{ "type": "Feature", "properties": { "vehicle_id": "A3637", "latitude": 42.499996185302734, "longitude": 23.333333969116211, "raw_occupancy": 0, "timestamp": "2026-09-15 18:45:32" }, "geometry": { "type": "Point", "coordinates": [ 23.333333969116211, 42.499996185302734 ] } },
{ "type": "Feature", "properties": { "vehicle_id": "A1226", "latitude": 42.718223571777344, "longitude": 23.25324821472168, "raw_occupancy": 1, "timestamp": "2026-09-15 18:45:32" }, "geometry": { "type": "Point", "coordinates": [ 23.25324821472168, 42.718223571777344 ] } },
{ "type": "Feature", "properties": { "vehicle_id": "A1612", "latitude": 42.675399780273438, "longitude": 23.296895980834961, "raw_occupancy": 3, "timestamp": "2026-09-15 18:45:32" }, "geometry": { "type": "Point", "coordinates": [ 23.296895980834961, 42.675399780273438 ] } },
{ "type": "Feature", "properties": { "vehicle_id": "A3664", "latitude": 42.688186645507812, "longitude": 23.308826446533203, "raw_occupancy": 0, "timestamp": "2026-09-15 18:45:32" }, "geometry": { "type": "Point", "coordinates": [ 23.308826446533203, 42.688186645507812 ] } },
{ "type": "Feature", "properties": { "vehicle_id": "A1211", "latitude": 42.695541381835938, "longitude": 23.25996208190918, "raw_occupancy": 2, "timestamp": "2026-09-15 18:45:32" }, "geometry": { "type": "Point", "coordinates": [ 23.25996208190918, 42.695541381835938 ] } },
{ "type": "Feature", "properties": { "vehicle_id": "A3100", "latitude": 42.700836181640625, "longitude": 23.342275619506836, "raw_occupancy": 2, "timestamp": "2026-09-15 18:45:32" }, "geometry": { "type": "Point", "coordinates": [ 23.342275619506836, 42.700836181640625 ] } },
{ "type": "Feature", "properties": { "vehicle_id": "A2056", "latitude": 42.808330535888672, "longitude": 23.376232147216797, "raw_occupancy": 1, "timestamp": "2026-09-15 18:45:32" }, "geometry": { "type": "Point", "coordinates": [ 23.376232147216797, 42.808330535888672 ] } },
{ "type": "Feature", "properties": { "vehicle_id": "A3019", "latitude": 42.693260192871094, "longitude": 23.345207214355469, "raw_occupancy": 2, "timestamp": "2026-09-15 18:45:32" }, "geometry": { "type": "Point", "coordinates": [ 23.345207214355469, 42.693260192871094 ] } },
{ "type": "Feature", "properties": { "vehicle_id": "A1189", "latitude": 42.662918090820312, "longitude": 23.344846725463867, "raw_occupancy": 2, "timestamp": "2026-09-15 18:45:32" }, "geometry": { "type": "Point", "coordinates": [ 23.344846725463867, 42.662918090820312 ] } },
{ "type": "Feature", "properties": { "vehicle_id": "A7137", "latitude": 42.715236663818359, "longitude": 23.341072082519531, "raw_occupancy": 2, "timestamp": "2026-09-15 18:45:32" }, "geometry": { "type": "Point", "coordinates": [ 23.341072082519531, 42.715236663818359 ] } },
{ "type": "Feature", "properties": { "vehicle_id": "A1310", "latitude": 42.725765228271484, "longitude": 23.26104736328125, "raw_occupancy": 0, "timestamp": "2026-09-15 18:45:32" }, "geometry": { "type": "Point", "coordinates": [ 23.26104736328125, 42.725765228271484 ] } },
{ "type": "Feature", "properties": { "vehicle_id": "A1176", "latitude": 42.701171875, "longitude": 23.316442489624023, "raw_occupancy": 0, "timestamp": "2026-09-15 18:45:32" }, "geometry": { "type": "Point", "coordinates": [ 23.316442489624023, 42.701171875 ] } },
{ "type": "Feature", "properties": { "vehicle_id": "A1125", "latitude": 42.738410949707031, "longitude": 23.241180419921875, "raw_occupancy": 1, "timestamp": "2026-09-15 18:45:32" }, "geometry": { "type": "Point", "coordinates": [ 23.241180419921875, 42.738410949707031 ] } },
{ "type": "Feature", "properties": { "vehicle_id": "A2061", "latitude": 42.705043792724609, "longitude": 23.318645477294922, "raw_occupancy": 1, "timestamp": "2026-09-15 18:45:32" }, "geometry": { "type": "Point", "coordinates": [ 23.318645477294922, 42.705043792724609 ] } },
{ "type": "Feature", "properties": { "vehicle_id": "A3016", "latitude": 42.693950653076172, "longitude": 23.348085403442383, "raw_occupancy": 1, "timestamp": "2026-09-15 18:45:32" }, "geometry": { "type": "Point", "coordinates": [ 23.348085403442383, 42.693950653076172 ] } },
{ "type": "Feature", "properties": { "vehicle_id": "A2306", "latitude": 42.646617889404297, "longitude": 23.346227645874023, "raw_occupancy": 1, "timestamp": "2026-09-15 18:45:32" }, "geometry": { "type": "Point", "coordinates": [ 23.346227645874023, 42.646617889404297 ] } },
{ "type": "Feature", "properties": { "vehicle_id": "A1186", "latitude": 42.688323974609375, "longitude": 23.24102783203125, "raw_occupancy": 1, "timestamp": "2026-09-15 18:45:32" }, "geometry": { "type": "Point", "coordinates": [ 23.24102783203125, 42.688323974609375 ] } },
{ "type": "Feature", "properties": { "vehicle_id": "A7043", "latitude": 42.751113891601562, "longitude": 23.318538665771484, "raw_occupancy": 1, "timestamp": "2026-09-15 18:45:32" }, "geometry": { "type": "Point", "coordinates": [ 23.318538665771484, 42.751113891601562 ] } },
{ "type": "Feature", "properties": { "vehicle_id": "A1030", "latitude": 42.638084411621094, "longitude": 23.334316253662109, "raw_occupancy": 0, "timestamp": "2026-09-15 18:45:32" }, "geometry": { "type": "Point", "coordinates": [ 23.334316253662109, 42.638084411621094 ] } },
{ "type": "Feature", "properties": { "vehicle_id": "A2505", "latitude": 42.683113098144531, "longitude": 23.319829940795898, "raw_occupancy": 2, "timestamp": "2026-09-15 18:45:32" }, "geometry": { "type": "Point", "coordinates": [ 23.319829940795898, 42.683113098144531 ] } },
{ "type": "Feature", "properties": { "vehicle_id": "A2057", "latitude": 42.623119354248047, "longitude": 23.405143737792969, "raw_occupancy": 2, "timestamp": "2026-09-15 18:45:32" }, "geometry": { "type": "Point", "coordinates": [ 23.405143737792969, 42.623119354248047 ] } },
{ "type": "Feature", "properties": { "vehicle_id": "A3138", "latitude": 42.652866363525391, "longitude": 23.380096435546875, "raw_occupancy": 2, "timestamp": "2026-09-15 18:45:32" }, "geometry": { "type": "Point", "coordinates": [ 23.380096435546875, 42.652866363525391 ] } },
{ "type": "Feature", "properties": { "vehicle_id": "A3615", "latitude": 42.666675567626953, "longitude": 23.371429443359375, "raw_occupancy": 3, "timestamp": "2026-09-15 18:45:32" }, "geometry": { "type": "Point", "coordinates": [ 23.371429443359375, 42.666675567626953 ] } },
{ "type": "Feature", "properties": { "vehicle_id": "A2509", "latitude": 42.686901092529297, "longitude": 23.310304641723633, "raw_occupancy": 1, "timestamp": "2026-09-15 18:45:32" }, "geometry": { "type": "Point", "coordinates": [ 23.310304641723633, 42.686901092529297 ] } },
{ "type": "Feature", "properties": { "vehicle_id": "A3654", "latitude": 42.641292572021484, "longitude": 23.334587097167969, "raw_occupancy": 2, "timestamp": "2026-09-15 18:45:32" }, "geometry": { "type": "Point", "coordinates": [ 23.334587097167969, 42.641292572021484 ] } },
{ "type": "Feature", "properties": { "vehicle_id": "A2507", "latitude": 42.678806304931641, "longitude": 23.360805511474609, "raw_occupancy": 1, "timestamp": "2026-09-15 18:45:32" }, "geometry": { "type": "Point", "coordinates": [ 23.360805511474609, 42.678806304931641 ] } },
{ "type": "Feature", "properties": { "vehicle_id": "A2054", "latitude": 42.691440582275391, "longitude": 23.340072631835938, "raw_occupancy": 2, "timestamp": "2026-09-15 18:45:32" }, "geometry": { "type": "Point", "coordinates": [ 23.340072631835938, 42.691440582275391 ] } },
{ "type": "Feature", "properties": { "vehicle_id": "A1857", "latitude": 42.6214599609375, "longitude": 23.189369201660156, "raw_occupancy": 1, "timestamp": "2026-09-15 18:45:32" }, "geometry": { "type": "Point", "coordinates": [ 23.189369201660156, 42.6214599609375 ] } },
{ "type": "Feature", "properties": { "vehicle_id": "A1222", "latitude": 42.719394683837891, "longitude": 23.263345718383789, "raw_occupancy": 1, "timestamp": "2026-09-15 18:45:32" }, "geometry": { "type": "Point", "coordinates": [ 23.263345718383789, 42.719394683837891 ] } },
{ "type": "Feature", "properties": { "vehicle_id": "A1613", "latitude": 42.770988464355469, "longitude": 23.188758850097656, "raw_occupancy": 1, "timestamp": "2026-09-15 18:45:32" }, "geometry": { "type": "Point", "coordinates": [ 23.188758850097656, 42.770988464355469 ] } },
{ "type": "Feature", "properties": { "vehicle_id": "A1424", "latitude": 42.722217559814453, "longitude": 23.280708312988281, "raw_occupancy": 3, "timestamp": "2026-09-15 18:45:32" }, "geometry": { "type": "Point", "coordinates": [ 23.280708312988281, 42.722217559814453 ] } },
{ "type": "Feature", "properties": { "vehicle_id": "A2001", "latitude": 42.704063415527344, "longitude": 23.366140365600586, "raw_occupancy": 1, "timestamp": "2026-09-15 18:45:32" }, "geometry": { "type": "Point", "coordinates": [ 23.366140365600586, 42.704063415527344 ] } },
{ "type": "Feature", "properties": { "vehicle_id": "A1188", "latitude": 42.682842254638672, "longitude": 23.243919372558594, "raw_occupancy": 0, "timestamp": "2026-09-15 18:45:32" }, "geometry": { "type": "Point", "coordinates": [ 23.243919372558594, 42.682842254638672 ] } },
{ "type": "Feature", "properties": { "vehicle_id": "A2307", "latitude": 42.685752868652344, "longitude": 23.344207763671875, "raw_occupancy": 1, "timestamp": "2026-09-15 18:45:32" }, "geometry": { "type": "Point", "coordinates": [ 23.344207763671875, 42.685752868652344 ] } },
{ "type": "Feature", "properties": { "vehicle_id": "A2819", "latitude": 42.716152191162109, "longitude": 23.322315216064453, "raw_occupancy": 2, "timestamp": "2026-09-15 18:45:32" }, "geometry": { "type": "Point", "coordinates": [ 23.322315216064453, 42.716152191162109 ] } },
{ "type": "Feature", "properties": { "vehicle_id": "A3012", "latitude": 42.680286407470703, "longitude": 23.374570846557617, "raw_occupancy": 1, "timestamp": "2026-09-15 18:45:32" }, "geometry": { "type": "Point", "coordinates": [ 23.374570846557617, 42.680286407470703 ] } },
{ "type": "Feature", "properties": { "vehicle_id": "A7093", "latitude": 42.718307495117188, "longitude": 23.227947235107422, "raw_occupancy": 2, "timestamp": "2026-09-15 18:45:32" }, "geometry": { "type": "Point", "coordinates": [ 23.227947235107422, 42.718307495117188 ] } },
{ "type": "Feature", "properties": { "vehicle_id": "A3154", "latitude": 42.661083221435547, "longitude": 23.295932769775391, "raw_occupancy": 1, "timestamp": "2026-09-15 18:45:32" }, "geometry": { "type": "Point", "coordinates": [ 23.295932769775391, 42.661083221435547 ] } },
{ "type": "Feature", "properties": { "vehicle_id": "A3109", "latitude": 42.627079010009766, "longitude": 23.379665374755859, "raw_occupancy": 0, "timestamp": "2026-09-15 18:45:32" }, "geometry": { "type": "Point", "coordinates": [ 23.379665374755859, 42.627079010009766 ] } },
{ "type": "Feature", "properties": { "vehicle_id": "A7101", "latitude": 42.718265533447266, "longitude": 23.229507446289062, "raw_occupancy": 1, "timestamp": "2026-09-15 18:45:32" }, "geometry": { "type": "Point", "coordinates": [ 23.229507446289062, 42.718265533447266 ] } },
{ "type": "Feature", "properties": { "vehicle_id": "A1855", "latitude": 42.668773651123047, "longitude": 23.255393981933594, "raw_occupancy": 3, "timestamp": "2026-09-15 18:45:32" }, "geometry": { "type": "Point", "coordinates": [ 23.255393981933594, 42.668773651123047 ] } },
{ "type": "Feature", "properties": { "vehicle_id": "A3108", "latitude": 42.646938323974609, "longitude": 23.36805534362793, "raw_occupancy": 1, "timestamp": "2026-09-15 18:45:32" }, "geometry": { "type": "Point", "coordinates": [ 23.36805534362793, 42.646938323974609 ] } },
{ "type": "Feature", "properties": { "vehicle_id": "A3141", "latitude": 42.684246063232422, "longitude": 23.323492050170898, "raw_occupancy": 3, "timestamp": "2026-09-15 18:45:32" }, "geometry": { "type": "Point", "coordinates": [ 23.323492050170898, 42.684246063232422 ] } },
{ "type": "Feature", "properties": { "vehicle_id": "A3663", "latitude": 42.705577850341797, "longitude": 23.319229125976562, "raw_occupancy": 1, "timestamp": "2026-09-15 18:45:32" }, "geometry": { "type": "Point", "coordinates": [ 23.319229125976562, 42.705577850341797 ] } },
{ "type": "Feature", "properties": { "vehicle_id": "A7069", "latitude": 42.742134094238281, "longitude": 23.279138565063477, "raw_occupancy": 1, "timestamp": "2026-09-15 18:45:32" }, "geometry": { "type": "Point", "coordinates": [ 23.279138565063477, 42.742134094238281 ] } },
{ "type": "Feature", "properties": { "vehicle_id": "A2510", "latitude": 42.630477905273438, "longitude": 23.314735412597656, "raw_occupancy": 2, "timestamp": "2026-09-15 18:45:32" }, "geometry": { "type": "Point", "coordinates": [ 23.314735412597656, 42.630477905273438 ] } },
{ "type": "Feature", "properties": { "vehicle_id": "A3143", "latitude": 42.672203063964844, "longitude": 23.294086456298828, "raw_occupancy": 1, "timestamp": "2026-09-15 18:45:32" }, "geometry": { "type": "Point", "coordinates": [ 23.294086456298828, 42.672203063964844 ] } },
{ "type": "Feature", "properties": { "vehicle_id": "A2502", "latitude": 42.658103942871094, "longitude": 23.328466415405273, "raw_occupancy": 0, "timestamp": "2026-09-15 18:45:32" }, "geometry": { "type": "Point", "coordinates": [ 23.328466415405273, 42.658103942871094 ] } },
{ "type": "Feature", "properties": { "vehicle_id": "A2140", "latitude": 42.703014373779297, "longitude": 23.353347778320312, "raw_occupancy": 2, "timestamp": "2026-09-15 18:45:32" }, "geometry": { "type": "Point", "coordinates": [ 23.353347778320312, 42.703014373779297 ] } },
{ "type": "Feature", "properties": { "vehicle_id": "A2020", "latitude": 42.692584991455078, "longitude": 23.334270477294922, "raw_occupancy": 0, "timestamp": "2026-09-15 18:45:32" }, "geometry": { "type": "Point", "coordinates": [ 23.334270477294922, 42.692584991455078 ] } },
{ "type": "Feature", "properties": { "vehicle_id": "A3666", "latitude": 42.688041687011719, "longitude": 23.340869903564453, "raw_occupancy": 2, "timestamp": "2026-09-15 18:45:32" }, "geometry": { "type": "Point", "coordinates": [ 23.340869903564453, 42.688041687011719 ] } },
{ "type": "Feature", "properties": { "vehicle_id": "A3117", "latitude": 42.653331756591797, "longitude": 23.380397796630859, "raw_occupancy": 2, "timestamp": "2026-09-15 18:45:32" }, "geometry": { "type": "Point", "coordinates": [ 23.380397796630859, 42.653331756591797 ] } },
{ "type": "Feature", "properties": { "vehicle_id": "A1031", "latitude": 42.650890350341797, "longitude": 23.266103744506836, "raw_occupancy": 1, "timestamp": "2026-09-15 18:45:32" }, "geometry": { "type": "Point", "coordinates": [ 23.266103744506836, 42.650890350341797 ] } },
{ "type": "Feature", "properties": { "vehicle_id": "A3603", "latitude": 42.704010009765625, "longitude": 23.38652229309082, "raw_occupancy": 0, "timestamp": "2026-09-15 18:45:32" }, "geometry": { "type": "Point", "coordinates": [ 23.38652229309082, 42.704010009765625 ] } },
{ "type": "Feature", "properties": { "vehicle_id": "A2519", "latitude": 42.693454742431641, "longitude": 23.352075576782227, "raw_occupancy": 4, "timestamp": "2026-09-15 18:45:32" }, "geometry": { "type": "Point", "coordinates": [ 23.352075576782227, 42.693454742431641 ] } },
{ "type": "Feature", "properties": { "vehicle_id": "A1805", "latitude": 42.718086242675781, "longitude": 23.253374099731445, "raw_occupancy": 1, "timestamp": "2026-09-15 18:45:32" }, "geometry": { "type": "Point", "coordinates": [ 23.253374099731445, 42.718086242675781 ] } },
{ "type": "Feature", "properties": { "vehicle_id": "A3622", "latitude": 42.675487518310547, "longitude": 23.4324951171875, "raw_occupancy": 1, "timestamp": "2026-09-15 18:45:32" }, "geometry": { "type": "Point", "coordinates": [ 23.4324951171875, 42.675487518310547 ] } },
{ "type": "Feature", "properties": { "vehicle_id": "A2720", "latitude": 42.785804748535156, "longitude": 23.273555755615234, "raw_occupancy": 0, "timestamp": "2026-09-15 18:45:32" }, "geometry": { "type": "Point", "coordinates": [ 23.273555755615234, 42.785804748535156 ] } },
{ "type": "Feature", "properties": { "vehicle_id": "A1869", "latitude": 42.709156036376953, "longitude": 23.177976608276367, "raw_occupancy": 0, "timestamp": "2026-09-15 18:45:32" }, "geometry": { "type": "Point", "coordinates": [ 23.177976608276367, 42.709156036376953 ] } },
{ "type": "Feature", "properties": { "vehicle_id": "A7129", "latitude": 42.709232330322266, "longitude": 23.463027954101562, "raw_occupancy": 1, "timestamp": "2026-09-15 18:45:32" }, "geometry": { "type": "Point", "coordinates": [ 23.463027954101562, 42.709232330322266 ] } },
{ "type": "Feature", "properties": { "vehicle_id": "A3403", "latitude": 42.666481018066406, "longitude": 23.391551971435547, "raw_occupancy": 2, "timestamp": "2026-09-15 18:45:32" }, "geometry": { "type": "Point", "coordinates": [ 23.391551971435547, 42.666481018066406 ] } },
{ "type": "Feature", "properties": { "vehicle_id": "A2073", "latitude": 42.597213745117188, "longitude": 23.407503128051758, "raw_occupancy": 0, "timestamp": "2026-09-15 18:45:32" }, "geometry": { "type": "Point", "coordinates": [ 23.407503128051758, 42.597213745117188 ] } },
{ "type": "Feature", "properties": { "vehicle_id": "A3656", "latitude": 42.688480377197266, "longitude": 23.374778747558594, "raw_occupancy": 1, "timestamp": "2026-09-15 18:45:32" }, "geometry": { "type": "Point", "coordinates": [ 23.374778747558594, 42.688480377197266 ] } },
{ "type": "Feature", "properties": { "vehicle_id": "A2037", "latitude": 42.683334350585938, "longitude": 23.321027755737305, "raw_occupancy": 1, "timestamp": "2026-09-15 18:45:32" }, "geometry": { "type": "Point", "coordinates": [ 23.321027755737305, 42.683334350585938 ] } },
{ "type": "Feature", "properties": { "vehicle_id": "A1168", "latitude": 42.6602783203125, "longitude": 23.285495758056641, "raw_occupancy": 3, "timestamp": "2026-09-15 18:45:32" }, "geometry": { "type": "Point", "coordinates": [ 23.285495758056641, 42.6602783203125 ] } },
{ "type": "Feature", "properties": { "vehicle_id": "A2309", "latitude": 42.645626068115234, "longitude": 23.345237731933594, "raw_occupancy": 0, "timestamp": "2026-09-15 18:45:32" }, "geometry": { "type": "Point", "coordinates": [ 23.345237731933594, 42.645626068115234 ] } },
{ "type": "Feature", "properties": { "vehicle_id": "A1609", "latitude": 42.696430206298828, "longitude": 23.349918365478516, "raw_occupancy": 3, "timestamp": "2026-09-15 18:45:32" }, "geometry": { "type": "Point", "coordinates": [ 23.349918365478516, 42.696430206298828 ] } },
{ "type": "Feature", "properties": { "vehicle_id": "A1209", "latitude": 42.669361114501953, "longitude": 23.254453659057617, "raw_occupancy": 1, "timestamp": "2026-09-15 18:45:32" }, "geometry": { "type": "Point", "coordinates": [ 23.254453659057617, 42.669361114501953 ] } },
{ "type": "Feature", "properties": { "vehicle_id": "A3410", "latitude": 42.66021728515625, "longitude": 23.389244079589844, "raw_occupancy": 4, "timestamp": "2026-09-15 18:45:32" }, "geometry": { "type": "Point", "coordinates": [ 23.389244079589844, 42.66021728515625 ] } },
{ "type": "Feature", "properties": { "vehicle_id": "A1150", "latitude": 42.729690551757812, "longitude": 23.292934417724609, "raw_occupancy": 1, "timestamp": "2026-09-15 18:45:32" }, "geometry": { "type": "Point", "coordinates": [ 23.292934417724609, 42.729690551757812 ] } },
{ "type": "Feature", "properties": { "vehicle_id": "A1180", "latitude": 42.651802062988281, "longitude": 23.347356796264648, "raw_occupancy": 0, "timestamp": "2026-09-15 18:45:32" }, "geometry": { "type": "Point", "coordinates": [ 23.347356796264648, 42.651802062988281 ] } },
{ "type": "Feature", "properties": { "vehicle_id": "A1155", "latitude": 42.669384002685547, "longitude": 23.36749267578125, "raw_occupancy": 3, "timestamp": "2026-09-15 18:45:32" }, "geometry": { "type": "Point", "coordinates": [ 23.36749267578125, 42.669384002685547 ] } },
{ "type": "Feature", "properties": { "vehicle_id": "A3600", "latitude": 42.675113677978516, "longitude": 23.396701812744141, "raw_occupancy": 2, "timestamp": "2026-09-15 18:45:32" }, "geometry": { "type": "Point", "coordinates": [ 23.396701812744141, 42.675113677978516 ] } },
{ "type": "Feature", "properties": { "vehicle_id": "A2028", "latitude": 42.705486297607422, "longitude": 23.40068244934082, "raw_occupancy": 1, "timestamp": "2026-09-15 18:45:32" }, "geometry": { "type": "Point", "coordinates": [ 23.40068244934082, 42.705486297607422 ] } },
{ "type": "Feature", "properties": { "vehicle_id": "A1036", "latitude": 42.637989044189453, "longitude": 23.33430290222168, "raw_occupancy": 3, "timestamp": "2026-09-15 18:45:32" }, "geometry": { "type": "Point", "coordinates": [ 23.33430290222168, 42.637989044189453 ] } },
{ "type": "Feature", "properties": { "vehicle_id": "A7087", "latitude": 42.743000030517578, "longitude": 23.284091949462891, "raw_occupancy": 2, "timestamp": "2026-09-15 18:45:32" }, "geometry": { "type": "Point", "coordinates": [ 23.284091949462891, 42.743000030517578 ] } },
{ "type": "Feature", "properties": { "vehicle_id": "A7125", "latitude": 42.712314605712891, "longitude": 23.337486267089844, "raw_occupancy": 2, "timestamp": "2026-09-15 18:45:32" }, "geometry": { "type": "Point", "coordinates": [ 23.337486267089844, 42.712314605712891 ] } },
{ "type": "Feature", "properties": { "vehicle_id": "A2304", "latitude": 42.652088165283203, "longitude": 23.347332000732422, "raw_occupancy": 2, "timestamp": "2026-09-15 18:45:32" }, "geometry": { "type": "Point", "coordinates": [ 23.347332000732422, 42.652088165283203 ] } },
{ "type": "Feature", "properties": { "vehicle_id": "A7187", "latitude": 42.751560211181641, "longitude": 23.435565948486328, "raw_occupancy": 0, "timestamp": "2026-09-15 18:45:32" }, "geometry": { "type": "Point", "coordinates": [ 23.435565948486328, 42.751560211181641 ] } },
{ "type": "Feature", "properties": { "vehicle_id": "A2500", "latitude": 42.695743560791016, "longitude": 23.284843444824219, "raw_occupancy": 1, "timestamp": "2026-09-15 18:45:32" }, "geometry": { "type": "Point", "coordinates": [ 23.284843444824219, 42.695743560791016 ] } },
{ "type": "Feature", "properties": { "vehicle_id": "A1015", "latitude": 42.641952514648438, "longitude": 23.344919204711914, "raw_occupancy": 2, "timestamp": "2026-09-15 18:45:32" }, "geometry": { "type": "Point", "coordinates": [ 23.344919204711914, 42.641952514648438 ] } },
{ "type": "Feature", "properties": { "vehicle_id": "A2310", "latitude": 42.670387268066406, "longitude": 23.365570068359375, "raw_occupancy": 3, "timestamp": "2026-09-15 18:45:32" }, "geometry": { "type": "Point", "coordinates": [ 23.365570068359375, 42.670387268066406 ] } },
{ "type": "Feature", "properties": { "vehicle_id": "A2050", "latitude": 42.713733673095703, "longitude": 23.286470413208008, "raw_occupancy": 2, "timestamp": "2026-09-15 18:45:32" }, "geometry": { "type": "Point", "coordinates": [ 23.286470413208008, 42.713733673095703 ] } },
{ "type": "Feature", "properties": { "vehicle_id": "A1426", "latitude": 42.717185974121094, "longitude": 23.234237670898438, "raw_occupancy": 1, "timestamp": "2026-09-15 18:45:32" }, "geometry": { "type": "Point", "coordinates": [ 23.234237670898438, 42.717185974121094 ] } },
{ "type": "Feature", "properties": { "vehicle_id": "A1164", "latitude": 42.705650329589844, "longitude": 23.298761367797852, "raw_occupancy": 1, "timestamp": "2026-09-15 18:45:32" }, "geometry": { "type": "Point", "coordinates": [ 23.298761367797852, 42.705650329589844 ] } },
{ "type": "Feature", "properties": { "vehicle_id": "A7143", "latitude": 42.768821716308594, "longitude": 23.404151916503906, "raw_occupancy": 2, "timestamp": "2026-09-15 18:45:32" }, "geometry": { "type": "Point", "coordinates": [ 23.404151916503906, 42.768821716308594 ] } },
{ "type": "Feature", "properties": { "vehicle_id": "A2301", "latitude": 42.651042938232422, "longitude": 23.342275619506836, "raw_occupancy": 3, "timestamp": "2026-09-15 18:45:32" }, "geometry": { "type": "Point", "coordinates": [ 23.342275619506836, 42.651042938232422 ] } },
{ "type": "Feature", "properties": { "vehicle_id": "A2043", "latitude": 42.729156494140625, "longitude": 23.292348861694336, "raw_occupancy": 1, "timestamp": "2026-09-15 18:45:32" }, "geometry": { "type": "Point", "coordinates": [ 23.292348861694336, 42.729156494140625 ] } },
{ "type": "Feature", "properties": { "vehicle_id": "A1409", "latitude": 42.675777435302734, "longitude": 23.228424072265625, "raw_occupancy": 0, "timestamp": "2026-09-15 18:45:32" }, "geometry": { "type": "Point", "coordinates": [ 23.228424072265625, 42.675777435302734 ] } },
{ "type": "Feature", "properties": { "vehicle_id": "A2025", "latitude": 42.666641235351562, "longitude": 23.33860969543457, "raw_occupancy": 2, "timestamp": "2026-09-15 18:45:32" }, "geometry": { "type": "Point", "coordinates": [ 23.33860969543457, 42.666641235351562 ] } },
{ "type": "Feature", "properties": { "vehicle_id": "A3128", "latitude": 42.642856597900391, "longitude": 23.343793869018555, "raw_occupancy": 1, "timestamp": "2026-09-15 18:45:32" }, "geometry": { "type": "Point", "coordinates": [ 23.343793869018555, 42.642856597900391 ] } },
{ "type": "Feature", "properties": { "vehicle_id": "A1174", "latitude": 42.721820831298828, "longitude": 23.237844467163086, "raw_occupancy": 2, "timestamp": "2026-09-15 18:45:32" }, "geometry": { "type": "Point", "coordinates": [ 23.237844467163086, 42.721820831298828 ] } },
{ "type": "Feature", "properties": { "vehicle_id": "A2318", "latitude": 42.693527221679688, "longitude": 23.339466094970703, "raw_occupancy": 1, "timestamp": "2026-09-15 18:45:32" }, "geometry": { "type": "Point", "coordinates": [ 23.339466094970703, 42.693527221679688 ] } },
{ "type": "Feature", "properties": { "vehicle_id": "A3126", "latitude": 42.666194915771484, "longitude": 23.354167938232422, "raw_occupancy": 3, "timestamp": "2026-09-15 18:45:32" }, "geometry": { "type": "Point", "coordinates": [ 23.354167938232422, 42.666194915771484 ] } },
{ "type": "Feature", "properties": { "vehicle_id": "A2023", "latitude": 42.667514801025391, "longitude": 23.326150894165039, "raw_occupancy": 1, "timestamp": "2026-09-15 18:45:32" }, "geometry": { "type": "Point", "coordinates": [ 23.326150894165039, 42.667514801025391 ] } },
{ "type": "Feature", "properties": { "vehicle_id": "A1614", "latitude": 42.681369781494141, "longitude": 23.244049072265625, "raw_occupancy": 0, "timestamp": "2026-09-15 18:45:32" }, "geometry": { "type": "Point", "coordinates": [ 23.244049072265625, 42.681369781494141 ] } },
{ "type": "Feature", "properties": { "vehicle_id": "A1617", "latitude": 42.681354522705078, "longitude": 23.372293472290039, "raw_occupancy": 1, "timestamp": "2026-09-15 18:45:32" }, "geometry": { "type": "Point", "coordinates": [ 23.372293472290039, 42.681354522705078 ] } },
{ "type": "Feature", "properties": { "vehicle_id": "A1219", "latitude": 42.707660675048828, "longitude": 23.146125793457031, "raw_occupancy": 1, "timestamp": "2026-09-15 18:45:32" }, "geometry": { "type": "Point", "coordinates": [ 23.146125793457031, 42.707660675048828 ] } },
{ "type": "Feature", "properties": { "vehicle_id": "A2051", "latitude": 42.694934844970703, "longitude": 23.360452651977539, "raw_occupancy": 2, "timestamp": "2026-09-15 18:45:32" }, "geometry": { "type": "Point", "coordinates": [ 23.360452651977539, 42.694934844970703 ] } },
{ "type": "Feature", "properties": { "vehicle_id": "A2313", "latitude": 42.646957397460938, "longitude": 23.345827102661133, "raw_occupancy": 0, "timestamp": "2026-09-15 18:45:32" }, "geometry": { "type": "Point", "coordinates": [ 23.345827102661133, 42.646957397460938 ] } },
{ "type": "Feature", "properties": { "vehicle_id": "A3614", "latitude": 42.641212463378906, "longitude": 23.385408401489258, "raw_occupancy": 3, "timestamp": "2026-09-15 18:45:32" }, "geometry": { "type": "Point", "coordinates": [ 23.385408401489258, 42.641212463378906 ] } },
{ "type": "Feature", "properties": { "vehicle_id": "A7099", "latitude": 42.780410766601562, "longitude": 23.312921524047852, "raw_occupancy": 3, "timestamp": "2026-09-15 18:45:32" }, "geometry": { "type": "Point", "coordinates": [ 23.312921524047852, 42.780410766601562 ] } },
{ "type": "Feature", "properties": { "vehicle_id": "A7045", "latitude": 42.706974029541016, "longitude": 23.338754653930664, "raw_occupancy": 1, "timestamp": "2026-09-15 18:45:32" }, "geometry": { "type": "Point", "coordinates": [ 23.338754653930664, 42.706974029541016 ] } },
{ "type": "Feature", "properties": { "vehicle_id": "A7159", "latitude": 42.712234497070312, "longitude": 23.312471389770508, "raw_occupancy": 2, "timestamp": "2026-09-15 18:45:32" }, "geometry": { "type": "Point", "coordinates": [ 23.312471389770508, 42.712234497070312 ] } },
{ "type": "Feature", "properties": { "vehicle_id": "A1205", "latitude": 42.634635925292969, "longitude": 23.372900009155273, "raw_occupancy": 0, "timestamp": "2026-09-15 18:45:32" }, "geometry": { "type": "Point", "coordinates": [ 23.372900009155273, 42.634635925292969 ] } },
{ "type": "Feature", "properties": { "vehicle_id": "A2069", "latitude": 42.677669525146484, "longitude": 23.370000839233398, "raw_occupancy": 1, "timestamp": "2026-09-15 18:45:32" }, "geometry": { "type": "Point", "coordinates": [ 23.370000839233398, 42.677669525146484 ] } },
{ "type": "Feature", "properties": { "vehicle_id": "A1163", "latitude": 42.624614715576172, "longitude": 23.357114791870117, "raw_occupancy": 1, "timestamp": "2026-09-15 18:45:32" }, "geometry": { "type": "Point", "coordinates": [ 23.357114791870117, 42.624614715576172 ] } },
{ "type": "Feature", "properties": { "vehicle_id": "A1184", "latitude": 42.642963409423828, "longitude": 23.334211349487305, "raw_occupancy": 2, "timestamp": "2026-09-15 18:45:32" }, "geometry": { "type": "Point", "coordinates": [ 23.334211349487305, 42.642963409423828 ] } },
{ "type": "Feature", "properties": { "vehicle_id": "A3151", "latitude": 42.649681091308594, "longitude": 23.358467102050781, "raw_occupancy": 1, "timestamp": "2026-09-15 18:45:32" }, "geometry": { "type": "Point", "coordinates": [ 23.358467102050781, 42.649681091308594 ] } },
{ "type": "Feature", "properties": { "vehicle_id": "A7115", "latitude": 42.748325347900391, "longitude": 23.319526672363281, "raw_occupancy": 2, "timestamp": "2026-09-15 18:45:32" }, "geometry": { "type": "Point", "coordinates": [ 23.319526672363281, 42.748325347900391 ] } },
{ "type": "Feature", "properties": { "vehicle_id": "A1212", "latitude": 42.658027648925781, "longitude": 23.328454971313477, "raw_occupancy": 0, "timestamp": "2026-09-15 18:45:32" }, "geometry": { "type": "Point", "coordinates": [ 23.328454971313477, 42.658027648925781 ] } },
{ "type": "Feature", "properties": { "vehicle_id": "A2752", "latitude": 42.642974853515625, "longitude": 23.343029022216797, "raw_occupancy": 0, "timestamp": "2026-09-15 18:45:32" }, "geometry": { "type": "Point", "coordinates": [ 23.343029022216797, 42.642974853515625 ] } },
{ "type": "Feature", "properties": { "vehicle_id": "A1021", "latitude": 42.669483184814453, "longitude": 23.244693756103516, "raw_occupancy": 1, "timestamp": "2026-09-15 18:45:32" }, "geometry": { "type": "Point", "coordinates": [ 23.244693756103516, 42.669483184814453 ] } },
{ "type": "Feature", "properties": { "vehicle_id": "A7089", "latitude": 42.757999420166016, "longitude": 23.321125030517578, "raw_occupancy": 0, "timestamp": "2026-09-15 18:45:32" }, "geometry": { "type": "Point", "coordinates": [ 23.321125030517578, 42.757999420166016 ] } },
{ "type": "Feature", "properties": { "vehicle_id": "A2153", "latitude": 42.698787689208984, "longitude": 23.33525276184082, "raw_occupancy": 1, "timestamp": "2026-09-15 18:45:32" }, "geometry": { "type": "Point", "coordinates": [ 23.33525276184082, 42.698787689208984 ] } },
{ "type": "Feature", "properties": { "vehicle_id": "A3144", "latitude": 42.660392761230469, "longitude": 23.39201545715332, "raw_occupancy": 2, "timestamp": "2026-09-15 18:45:32" }, "geometry": { "type": "Point", "coordinates": [ 23.39201545715332, 42.660392761230469 ] } },
{ "type": "Feature", "properties": { "vehicle_id": "A3103", "latitude": 42.686504364013672, "longitude": 23.330436706542969, "raw_occupancy": 1, "timestamp": "2026-09-15 18:45:32" }, "geometry": { "type": "Point", "coordinates": [ 23.330436706542969, 42.686504364013672 ] } },
{ "type": "Feature", "properties": { "vehicle_id": "A2076", "latitude": 42.663429260253906, "longitude": 23.375946044921875, "raw_occupancy": 2, "timestamp": "2026-09-15 18:45:32" }, "geometry": { "type": "Point", "coordinates": [ 23.375946044921875, 42.663429260253906 ] } },
{ "type": "Feature", "properties": { "vehicle_id": "A3156", "latitude": 42.6668701171875, "longitude": 23.283426284790039, "raw_occupancy": 1, "timestamp": "2026-09-15 18:45:32" }, "geometry": { "type": "Point", "coordinates": [ 23.283426284790039, 42.6668701171875 ] } },
{ "type": "Feature", "properties": { "vehicle_id": "A2090", "latitude": 42.637516021728516, "longitude": 23.415109634399414, "raw_occupancy": 1, "timestamp": "2026-09-15 18:45:32" }, "geometry": { "type": "Point", "coordinates": [ 23.415109634399414, 42.637516021728516 ] } },
{ "type": "Feature", "properties": { "vehicle_id": "A7165", "latitude": 42.697044372558594, "longitude": 23.496337890625, "raw_occupancy": 0, "timestamp": "2026-09-15 18:45:32" }, "geometry": { "type": "Point", "coordinates": [ 23.496337890625, 42.697044372558594 ] } },
{ "type": "Feature", "properties": { "vehicle_id": "A7091", "latitude": 42.708042144775391, "longitude": 23.412649154663086, "raw_occupancy": 1, "timestamp": "2026-09-15 18:45:32" }, "geometry": { "type": "Point", "coordinates": [ 23.412649154663086, 42.708042144775391 ] } },
{ "type": "Feature", "properties": { "vehicle_id": "A2315", "latitude": 42.651302337646484, "longitude": 23.356891632080078, "raw_occupancy": 1, "timestamp": "2026-09-15 18:45:32" }, "geometry": { "type": "Point", "coordinates": [ 23.356891632080078, 42.651302337646484 ] } },
{ "type": "Feature", "properties": { "vehicle_id": "A1217", "latitude": 42.689243316650391, "longitude": 23.14250373840332, "raw_occupancy": 0, "timestamp": "2026-09-15 18:45:32" }, "geometry": { "type": "Point", "coordinates": [ 23.14250373840332, 42.689243316650391 ] } },
{ "type": "Feature", "properties": { "vehicle_id": "A2072", "latitude": 42.727672576904297, "longitude": 23.32330322265625, "raw_occupancy": 0, "timestamp": "2026-09-15 18:45:32" }, "geometry": { "type": "Point", "coordinates": [ 23.32330322265625, 42.727672576904297 ] } },
{ "type": "Feature", "properties": { "vehicle_id": "A3621", "latitude": 42.658458709716797, "longitude": 23.466070175170898, "raw_occupancy": 1, "timestamp": "2026-09-15 18:45:32" }, "geometry": { "type": "Point", "coordinates": [ 23.466070175170898, 42.658458709716797 ] } },
{ "type": "Feature", "properties": { "vehicle_id": "A2060", "latitude": 42.560764312744141, "longitude": 23.422491073608398, "raw_occupancy": 1, "timestamp": "2026-09-15 18:45:32" }, "geometry": { "type": "Point", "coordinates": [ 23.422491073608398, 42.560764312744141 ] } },
{ "type": "Feature", "properties": { "vehicle_id": "A2044", "latitude": 42.692886352539062, "longitude": 23.351404190063477, "raw_occupancy": 1, "timestamp": "2026-09-15 18:45:32" }, "geometry": { "type": "Point", "coordinates": [ 23.351404190063477, 42.692886352539062 ] } },
{ "type": "Feature", "properties": { "vehicle_id": "A1420", "latitude": 42.660923004150391, "longitude": 23.319581985473633, "raw_occupancy": 2, "timestamp": "2026-09-15 18:45:32" }, "geometry": { "type": "Point", "coordinates": [ 23.319581985473633, 42.660923004150391 ] } },
{ "type": "Feature", "properties": { "vehicle_id": "A3137", "latitude": 42.676719665527344, "longitude": 23.357179641723633, "raw_occupancy": 5, "timestamp": "2026-09-15 18:45:32" }, "geometry": { "type": "Point", "coordinates": [ 23.357179641723633, 42.676719665527344 ] } },
{ "type": "Feature", "properties": { "vehicle_id": "A2039", "latitude": 42.710544586181641, "longitude": 23.361238479614258, "raw_occupancy": 1, "timestamp": "2026-09-15 18:45:32" }, "geometry": { "type": "Point", "coordinates": [ 23.361238479614258, 42.710544586181641 ] } },
{ "type": "Feature", "properties": { "vehicle_id": "A3408", "latitude": 42.690162658691406, "longitude": 23.338094711303711, "raw_occupancy": 2, "timestamp": "2026-09-15 18:45:32" }, "geometry": { "type": "Point", "coordinates": [ 23.338094711303711, 42.690162658691406 ] } },
{ "type": "Feature", "properties": { "vehicle_id": "A2040", "latitude": 42.659709930419922, "longitude": 23.316534042358398, "raw_occupancy": 1, "timestamp": "2026-09-15 18:45:32" }, "geometry": { "type": "Point", "coordinates": [ 23.316534042358398, 42.659709930419922 ] } },
{ "type": "Feature", "properties": { "vehicle_id": "A1187", "latitude": 42.659114837646484, "longitude": 23.315963745117188, "raw_occupancy": 0, "timestamp": "2026-09-15 18:45:32" }, "geometry": { "type": "Point", "coordinates": [ 23.315963745117188, 42.659114837646484 ] } },
{ "type": "Feature", "properties": { "vehicle_id": "A3120", "latitude": 42.640724182128906, "longitude": 23.379970550537109, "raw_occupancy": 0, "timestamp": "2026-09-15 18:45:32" }, "geometry": { "type": "Point", "coordinates": [ 23.379970550537109, 42.640724182128906 ] } },
{ "type": "Feature", "properties": { "vehicle_id": "A1845", "latitude": 42.72259521484375, "longitude": 23.199909210205078, "raw_occupancy": 1, "timestamp": "2026-09-15 18:45:32" }, "geometry": { "type": "Point", "coordinates": [ 23.199909210205078, 42.72259521484375 ] } },
{ "type": "Feature", "properties": { "vehicle_id": "A1605", "latitude": 42.683879852294922, "longitude": 23.241867065429688, "raw_occupancy": 1, "timestamp": "2026-09-15 18:45:32" }, "geometry": { "type": "Point", "coordinates": [ 23.241867065429688, 42.683879852294922 ] } },
{ "type": "Feature", "properties": { "vehicle_id": "A3312", "latitude": 42.653343200683594, "longitude": 23.380191802978516, "raw_occupancy": 2, "timestamp": "2026-09-15 18:45:32" }, "geometry": { "type": "Point", "coordinates": [ 23.380191802978516, 42.653343200683594 ] } },
{ "type": "Feature", "properties": { "vehicle_id": "A7145", "latitude": 42.742130279541016, "longitude": 23.555381774902344, "raw_occupancy": 2, "timestamp": "2026-09-15 18:45:32" }, "geometry": { "type": "Point", "coordinates": [ 23.555381774902344, 42.742130279541016 ] } },
{ "type": "Feature", "properties": { "vehicle_id": "A1213", "latitude": 42.707210540771484, "longitude": 23.14666748046875, "raw_occupancy": 1, "timestamp": "2026-09-15 18:45:32" }, "geometry": { "type": "Point", "coordinates": [ 23.14666748046875, 42.707210540771484 ] } },
{ "type": "Feature", "properties": { "vehicle_id": "A1179", "latitude": 42.687374114990234, "longitude": 23.271760940551758, "raw_occupancy": 1, "timestamp": "2026-09-15 18:45:32" }, "geometry": { "type": "Point", "coordinates": [ 23.271760940551758, 42.687374114990234 ] } },
{ "type": "Feature", "properties": { "vehicle_id": "A2066", "latitude": 42.713130950927734, "longitude": 23.316009521484375, "raw_occupancy": 0, "timestamp": "2026-09-15 18:45:32" }, "geometry": { "type": "Point", "coordinates": [ 23.316009521484375, 42.713130950927734 ] } },
{ "type": "Feature", "properties": { "vehicle_id": "A1223", "latitude": 42.647960662841797, "longitude": 23.314891815185547, "raw_occupancy": 2, "timestamp": "2026-09-15 18:45:32" }, "geometry": { "type": "Point", "coordinates": [ 23.314891815185547, 42.647960662841797 ] } },
{ "type": "Feature", "properties": { "vehicle_id": "A7159", "latitude": 42.713954925537109, "longitude": 23.3128662109375, "raw_occupancy": 2, "timestamp": "2026-09-15 18:45:32" }, "geometry": { "type": "Point", "coordinates": [ 23.3128662109375, 42.713954925537109 ] } },
{ "type": "Feature", "properties": { "vehicle_id": "A7175", "latitude": 42.732501983642578, "longitude": 23.296651840209961, "raw_occupancy": 0, "timestamp": "2026-09-15 18:45:32" }, "geometry": { "type": "Point", "coordinates": [ 23.296651840209961, 42.732501983642578 ] } },
{ "type": "Feature", "properties": { "vehicle_id": "A3606", "latitude": 42.635963439941406, "longitude": 23.380313873291016, "raw_occupancy": 1, "timestamp": "2026-09-15 18:45:32" }, "geometry": { "type": "Point", "coordinates": [ 23.380313873291016, 42.635963439941406 ] } },
{ "type": "Feature", "properties": { "vehicle_id": "A3017", "latitude": 42.684528350830078, "longitude": 23.376754760742188, "raw_occupancy": 0, "timestamp": "2026-09-15 18:45:32" }, "geometry": { "type": "Point", "coordinates": [ 23.376754760742188, 42.684528350830078 ] } },
{ "type": "Feature", "properties": { "vehicle_id": "A2085", "latitude": 42.653720855712891, "longitude": 23.315761566162109, "raw_occupancy": 3, "timestamp": "2026-09-15 18:45:32" }, "geometry": { "type": "Point", "coordinates": [ 23.315761566162109, 42.653720855712891 ] } },
{ "type": "Feature", "properties": { "vehicle_id": "A3665", "latitude": 42.688186645507812, "longitude": 23.334228515625, "raw_occupancy": 1, "timestamp": "2026-09-15 18:45:32" }, "geometry": { "type": "Point", "coordinates": [ 23.334228515625, 42.688186645507812 ] } },
{ "type": "Feature", "properties": { "vehicle_id": "A2319", "latitude": 42.694355010986328, "longitude": 23.335193634033203, "raw_occupancy": 0, "timestamp": "2026-09-15 18:45:32" }, "geometry": { "type": "Point", "coordinates": [ 23.335193634033203, 42.694355010986328 ] } },
{ "type": "Feature", "properties": { "vehicle_id": "A3015", "latitude": 42.674274444580078, "longitude": 23.381443023681641, "raw_occupancy": 1, "timestamp": "2026-09-15 18:45:32" }, "geometry": { "type": "Point", "coordinates": [ 23.381443023681641, 42.674274444580078 ] } },
{ "type": "Feature", "properties": { "vehicle_id": "A3625", "latitude": 42.658592224121094, "longitude": 23.466083526611328, "raw_occupancy": 0, "timestamp": "2026-09-15 18:45:32" }, "geometry": { "type": "Point", "coordinates": [ 23.466083526611328, 42.658592224121094 ] } },
{ "type": "Feature", "properties": { "vehicle_id": "A2017", "latitude": 42.706478118896484, "longitude": 23.350128173828125, "raw_occupancy": 1, "timestamp": "2026-09-15 18:45:32" }, "geometry": { "type": "Point", "coordinates": [ 23.350128173828125, 42.706478118896484 ] } },
{ "type": "Feature", "properties": { "vehicle_id": "A3140", "latitude": 42.719104766845703, "longitude": 23.310110092163086, "raw_occupancy": 1, "timestamp": "2026-09-15 18:45:32" }, "geometry": { "type": "Point", "coordinates": [ 23.310110092163086, 42.719104766845703 ] } },
{ "type": "Feature", "properties": { "vehicle_id": "A2012", "latitude": 42.706851959228516, "longitude": 23.3748779296875, "raw_occupancy": 2, "timestamp": "2026-09-15 18:45:32" }, "geometry": { "type": "Point", "coordinates": [ 23.3748779296875, 42.706851959228516 ] } },
{ "type": "Feature", "properties": { "vehicle_id": "A1037", "latitude": 42.640083312988281, "longitude": 23.33460807800293, "raw_occupancy": 4, "timestamp": "2026-09-15 18:45:32" }, "geometry": { "type": "Point", "coordinates": [ 23.33460807800293, 42.640083312988281 ] } },
{ "type": "Feature", "properties": { "vehicle_id": "A2303", "latitude": 42.709995269775391, "longitude": 23.245143890380859, "raw_occupancy": 1, "timestamp": "2026-09-15 18:45:32" }, "geometry": { "type": "Point", "coordinates": [ 23.245143890380859, 42.709995269775391 ] } },
{ "type": "Feature", "properties": { "vehicle_id": "A3400", "latitude": 42.687664031982422, "longitude": 23.401647567749023, "raw_occupancy": 1, "timestamp": "2026-09-15 18:45:32" }, "geometry": { "type": "Point", "coordinates": [ 23.401647567749023, 42.687664031982422 ] } },
{ "type": "Feature", "properties": { "vehicle_id": "A3131", "latitude": 42.685836791992188, "longitude": 23.343992233276367, "raw_occupancy": 2, "timestamp": "2026-09-15 18:45:32" }, "geometry": { "type": "Point", "coordinates": [ 23.343992233276367, 42.685836791992188 ] } },
{ "type": "Feature", "properties": { "vehicle_id": "A3146", "latitude": 42.667873382568359, "longitude": 23.280454635620117, "raw_occupancy": 1, "timestamp": "2026-09-15 18:45:32" }, "geometry": { "type": "Point", "coordinates": [ 23.280454635620117, 42.667873382568359 ] } },
{ "type": "Feature", "properties": { "vehicle_id": "A3135", "latitude": 42.653045654296875, "longitude": 23.380245208740234, "raw_occupancy": 2, "timestamp": "2026-09-15 18:45:32" }, "geometry": { "type": "Point", "coordinates": [ 23.380245208740234, 42.653045654296875 ] } },
{ "type": "Feature", "properties": { "vehicle_id": "A3301", "latitude": 42.648036956787109, "longitude": 23.41326904296875, "raw_occupancy": 1, "timestamp": "2026-09-15 18:45:32" }, "geometry": { "type": "Point", "coordinates": [ 23.41326904296875, 42.648036956787109 ] } },
{ "type": "Feature", "properties": { "vehicle_id": "A3650", "latitude": 42.655731201171875, "longitude": 23.349422454833984, "raw_occupancy": 2, "timestamp": "2026-09-15 18:45:32" }, "geometry": { "type": "Point", "coordinates": [ 23.349422454833984, 42.655731201171875 ] } },
{ "type": "Feature", "properties": { "vehicle_id": "A2815", "latitude": 42.704750061035156, "longitude": 23.357023239135742, "raw_occupancy": 1, "timestamp": "2026-09-15 18:45:32" }, "geometry": { "type": "Point", "coordinates": [ 23.357023239135742, 42.704750061035156 ] } },
{ "type": "Feature", "properties": { "vehicle_id": "A1153", "latitude": 42.715042114257812, "longitude": 23.28398323059082, "raw_occupancy": 2, "timestamp": "2026-09-15 18:45:32" }, "geometry": { "type": "Point", "coordinates": [ 23.28398323059082, 42.715042114257812 ] } },
{ "type": "Feature", "properties": { "vehicle_id": "A3132", "latitude": 42.686286926269531, "longitude": 23.343357086181641, "raw_occupancy": 2, "timestamp": "2026-09-15 18:45:32" }, "geometry": { "type": "Point", "coordinates": [ 23.343357086181641, 42.686286926269531 ] } },
{ "type": "Feature", "properties": { "vehicle_id": "A3669", "latitude": 42.680419921875, "longitude": 23.305444717407227, "raw_occupancy": 1, "timestamp": "2026-09-15 18:45:32" }, "geometry": { "type": "Point", "coordinates": [ 23.305444717407227, 42.680419921875 ] } },
{ "type": "Feature", "properties": { "vehicle_id": "A2825", "latitude": 42.725395202636719, "longitude": 23.264396667480469, "raw_occupancy": 1, "timestamp": "2026-09-15 18:45:32" }, "geometry": { "type": "Point", "coordinates": [ 23.264396667480469, 42.725395202636719 ] } },
{ "type": "Feature", "properties": { "vehicle_id": "A2065", "latitude": 42.767158508300781, "longitude": 23.357215881347656, "raw_occupancy": 2, "timestamp": "2026-09-15 18:45:32" }, "geometry": { "type": "Point", "coordinates": [ 23.357215881347656, 42.767158508300781 ] } },
{ "type": "Feature", "properties": { "vehicle_id": "A1404", "latitude": 42.661678314208984, "longitude": 23.286287307739258, "raw_occupancy": 1, "timestamp": "2026-09-15 18:45:32" }, "geometry": { "type": "Point", "coordinates": [ 23.286287307739258, 42.661678314208984 ] } },
{ "type": "Feature", "properties": { "vehicle_id": "A3101", "latitude": 42.690834045410156, "longitude": 23.338895797729492, "raw_occupancy": 3, "timestamp": "2026-09-15 18:45:32" }, "geometry": { "type": "Point", "coordinates": [ 23.338895797729492, 42.690834045410156 ] } },
{ "type": "Feature", "properties": { "vehicle_id": "A1034", "latitude": 42.668430328369141, "longitude": 23.266605377197266, "raw_occupancy": 1, "timestamp": "2026-09-15 18:45:32" }, "geometry": { "type": "Point", "coordinates": [ 23.266605377197266, 42.668430328369141 ] } },
{ "type": "Feature", "properties": { "vehicle_id": "A7139", "latitude": 42.710056304931641, "longitude": 23.389518737792969, "raw_occupancy": 1, "timestamp": "2026-09-15 18:45:32" }, "geometry": { "type": "Point", "coordinates": [ 23.389518737792969, 42.710056304931641 ] } },
{ "type": "Feature", "properties": { "vehicle_id": "A2057", "latitude": 42.590732574462891, "longitude": 23.418283462524414, "raw_occupancy": 1, "timestamp": "2026-09-15 18:55:32" }, "geometry": { "type": "Point", "coordinates": [ 23.418283462524414, 42.590732574462891 ] } },
{ "type": "Feature", "properties": { "vehicle_id": "A1301", "latitude": 42.67156982421875, "longitude": 23.251806259155273, "raw_occupancy": 1, "timestamp": "2026-09-15 18:55:32" }, "geometry": { "type": "Point", "coordinates": [ 23.251806259155273, 42.67156982421875 ] } },
{ "type": "Feature", "properties": { "vehicle_id": "A3104", "latitude": 42.686656951904297, "longitude": 23.331979751586914, "raw_occupancy": 2, "timestamp": "2026-09-15 18:55:32" }, "geometry": { "type": "Point", "coordinates": [ 23.331979751586914, 42.686656951904297 ] } },
{ "type": "Feature", "properties": { "vehicle_id": "A7079", "latitude": 42.731742858886719, "longitude": 23.296977996826172, "raw_occupancy": 4, "timestamp": "2026-09-15 18:55:32" }, "geometry": { "type": "Point", "coordinates": [ 23.296977996826172, 42.731742858886719 ] } },
{ "type": "Feature", "properties": { "vehicle_id": "A3669", "latitude": 42.685836791992188, "longitude": 23.306364059448242, "raw_occupancy": 1, "timestamp": "2026-09-15 18:55:32" }, "geometry": { "type": "Point", "coordinates": [ 23.306364059448242, 42.685836791992188 ] } },
{ "type": "Feature", "properties": { "vehicle_id": "A2831", "latitude": 42.668815612792969, "longitude": 23.267324447631836, "raw_occupancy": 1, "timestamp": "2026-09-15 18:55:32" }, "geometry": { "type": "Point", "coordinates": [ 23.267324447631836, 42.668815612792969 ] } },
{ "type": "Feature", "properties": { "vehicle_id": "A7163", "latitude": 42.762786865234375, "longitude": 23.564111709594727, "raw_occupancy": 1, "timestamp": "2026-09-15 18:55:32" }, "geometry": { "type": "Point", "coordinates": [ 23.564111709594727, 42.762786865234375 ] } },
{ "type": "Feature", "properties": { "vehicle_id": "A1163", "latitude": 42.641128540039062, "longitude": 23.314231872558594, "raw_occupancy": 1, "timestamp": "2026-09-15 18:55:32" }, "geometry": { "type": "Point", "coordinates": [ 23.314231872558594, 42.641128540039062 ] } },
{ "type": "Feature", "properties": { "vehicle_id": "A2153", "latitude": 42.715946197509766, "longitude": 23.323299407958984, "raw_occupancy": 0, "timestamp": "2026-09-15 18:55:32" }, "geometry": { "type": "Point", "coordinates": [ 23.323299407958984, 42.715946197509766 ] } },
{ "type": "Feature", "properties": { "vehicle_id": "A1614", "latitude": 42.659198760986328, "longitude": 23.2674560546875, "raw_occupancy": 1, "timestamp": "2026-09-15 18:55:32" }, "geometry": { "type": "Point", "coordinates": [ 23.2674560546875, 42.659198760986328 ] } },
{ "type": "Feature", "properties": { "vehicle_id": "A7089", "latitude": 42.727058410644531, "longitude": 23.315168380737305, "raw_occupancy": 0, "timestamp": "2026-09-15 18:55:32" }, "geometry": { "type": "Point", "coordinates": [ 23.315168380737305, 42.727058410644531 ] } },
{ "type": "Feature", "properties": { "vehicle_id": "A1172", "latitude": 42.678520202636719, "longitude": 23.285308837890625, "raw_occupancy": 2, "timestamp": "2026-09-15 18:55:32" }, "geometry": { "type": "Point", "coordinates": [ 23.285308837890625, 42.678520202636719 ] } },
{ "type": "Feature", "properties": { "vehicle_id": "A3102", "latitude": 42.641262054443359, "longitude": 23.373378753662109, "raw_occupancy": 2, "timestamp": "2026-09-15 18:55:32" }, "geometry": { "type": "Point", "coordinates": [ 23.373378753662109, 42.641262054443359 ] } },
{ "type": "Feature", "properties": { "vehicle_id": "A1407", "latitude": 42.707633972167969, "longitude": 23.284519195556641, "raw_occupancy": 1, "timestamp": "2026-09-15 18:55:32" }, "geometry": { "type": "Point", "coordinates": [ 23.284519195556641, 42.707633972167969 ] } },
{ "type": "Feature", "properties": { "vehicle_id": "A1406", "latitude": 42.681632995605469, "longitude": 23.301965713500977, "raw_occupancy": 1, "timestamp": "2026-09-15 18:55:32" }, "geometry": { "type": "Point", "coordinates": [ 23.301965713500977, 42.681632995605469 ] } },
{ "type": "Feature", "properties": { "vehicle_id": "A3671", "latitude": 42.551506042480469, "longitude": 23.365743637084961, "raw_occupancy": 1, "timestamp": "2026-09-15 18:55:32" }, "geometry": { "type": "Point", "coordinates": [ 23.365743637084961, 42.551506042480469 ] } },
{ "type": "Feature", "properties": { "vehicle_id": "A2028", "latitude": 42.712909698486328, "longitude": 23.41901969909668, "raw_occupancy": 0, "timestamp": "2026-09-15 18:55:32" }, "geometry": { "type": "Point", "coordinates": [ 23.41901969909668, 42.712909698486328 ] } },
{ "type": "Feature", "properties": { "vehicle_id": "A2504", "latitude": 42.712024688720703, "longitude": 23.300018310546875, "raw_occupancy": 2, "timestamp": "2026-09-15 18:55:32" }, "geometry": { "type": "Point", "coordinates": [ 23.300018310546875, 42.712024688720703 ] } },
{ "type": "Feature", "properties": { "vehicle_id": "A1182", "latitude": 42.695224761962891, "longitude": 23.290210723876953, "raw_occupancy": 1, "timestamp": "2026-09-15 18:55:32" }, "geometry": { "type": "Point", "coordinates": [ 23.290210723876953, 42.695224761962891 ] } },
{ "type": "Feature", "properties": { "vehicle_id": "A1127", "latitude": 42.767353057861328, "longitude": 23.194618225097656, "raw_occupancy": 1, "timestamp": "2026-09-15 18:55:32" }, "geometry": { "type": "Point", "coordinates": [ 23.194618225097656, 42.767353057861328 ] } },
{ "type": "Feature", "properties": { "vehicle_id": "A3657", "latitude": 42.682323455810547, "longitude": 23.375690460205078, "raw_occupancy": 1, "timestamp": "2026-09-15 18:55:32" }, "geometry": { "type": "Point", "coordinates": [ 23.375690460205078, 42.682323455810547 ] } },
{ "type": "Feature", "properties": { "vehicle_id": "A2082", "latitude": 42.659870147705078, "longitude": 23.317771911621094, "raw_occupancy": 1, "timestamp": "2026-09-15 18:55:32" }, "geometry": { "type": "Point", "coordinates": [ 23.317771911621094, 42.659870147705078 ] } },
{ "type": "Feature", "properties": { "vehicle_id": "A3139", "latitude": 42.665637969970703, "longitude": 23.372402191162109, "raw_occupancy": 2, "timestamp": "2026-09-15 18:55:32" }, "geometry": { "type": "Point", "coordinates": [ 23.372402191162109, 42.665637969970703 ] } },
{ "type": "Feature", "properties": { "vehicle_id": "A7129", "latitude": 42.707290649414062, "longitude": 23.408390045166016, "raw_occupancy": 1, "timestamp": "2026-09-15 18:55:32" }, "geometry": { "type": "Point", "coordinates": [ 23.408390045166016, 42.707290649414062 ] } },
{ "type": "Feature", "properties": { "vehicle_id": "A1229", "latitude": 42.719669342041016, "longitude": 23.244327545166016, "raw_occupancy": 3, "timestamp": "2026-09-15 18:55:32" }, "geometry": { "type": "Point", "coordinates": [ 23.244327545166016, 42.719669342041016 ] } },
{ "type": "Feature", "properties": { "vehicle_id": "A2752", "latitude": 42.654472351074219, "longitude": 23.349416732788086, "raw_occupancy": 1, "timestamp": "2026-09-15 18:55:32" }, "geometry": { "type": "Point", "coordinates": [ 23.349416732788086, 42.654472351074219 ] } },
{ "type": "Feature", "properties": { "vehicle_id": "A2025", "latitude": 42.653266906738281, "longitude": 23.342611312866211, "raw_occupancy": 1, "timestamp": "2026-09-15 18:55:32" }, "geometry": { "type": "Point", "coordinates": [ 23.342611312866211, 42.653266906738281 ] } },
{ "type": "Feature", "properties": { "vehicle_id": "A3611", "latitude": 42.675411224365234, "longitude": 23.396831512451172, "raw_occupancy": 1, "timestamp": "2026-09-15 18:55:32" }, "geometry": { "type": "Point", "coordinates": [ 23.396831512451172, 42.675411224365234 ] } },
{ "type": "Feature", "properties": { "vehicle_id": "A2500", "latitude": 42.685604095458984, "longitude": 23.312063217163086, "raw_occupancy": 1, "timestamp": "2026-09-15 18:55:32" }, "geometry": { "type": "Point", "coordinates": [ 23.312063217163086, 42.685604095458984 ] } },
{ "type": "Feature", "properties": { "vehicle_id": "A3403", "latitude": 42.649868011474609, "longitude": 23.377937316894531, "raw_occupancy": 1, "timestamp": "2026-09-15 18:55:32" }, "geometry": { "type": "Point", "coordinates": [ 23.377937316894531, 42.649868011474609 ] } },
{ "type": "Feature", "properties": { "vehicle_id": "A1315", "latitude": 42.58868408203125, "longitude": 23.305488586425781, "raw_occupancy": 0, "timestamp": "2026-09-15 18:55:32" }, "geometry": { "type": "Point", "coordinates": [ 23.305488586425781, 42.58868408203125 ] } },
{ "type": "Feature", "properties": { "vehicle_id": "A1220", "latitude": 42.706165313720703, "longitude": 23.284753799438477, "raw_occupancy": 1, "timestamp": "2026-09-15 18:55:32" }, "geometry": { "type": "Point", "coordinates": [ 23.284753799438477, 42.706165313720703 ] } },
{ "type": "Feature", "properties": { "vehicle_id": "A3142", "latitude": 42.667774200439453, "longitude": 23.32708740234375, "raw_occupancy": 1, "timestamp": "2026-09-15 18:55:32" }, "geometry": { "type": "Point", "coordinates": [ 23.32708740234375, 42.667774200439453 ] } },
{ "type": "Feature", "properties": { "vehicle_id": "A1034", "latitude": 42.649452209472656, "longitude": 23.263469696044922, "raw_occupancy": 0, "timestamp": "2026-09-15 18:55:32" }, "geometry": { "type": "Point", "coordinates": [ 23.263469696044922, 42.649452209472656 ] } },
{ "type": "Feature", "properties": { "vehicle_id": "A1211", "latitude": 42.697166442871094, "longitude": 23.21912956237793, "raw_occupancy": 1, "timestamp": "2026-09-15 18:55:32" }, "geometry": { "type": "Point", "coordinates": [ 23.21912956237793, 42.697166442871094 ] } },
{ "type": "Feature", "properties": { "vehicle_id": "A3663", "latitude": 42.704689025878906, "longitude": 23.333778381347656, "raw_occupancy": 1, "timestamp": "2026-09-15 18:55:32" }, "geometry": { "type": "Point", "coordinates": [ 23.333778381347656, 42.704689025878906 ] } },
{ "type": "Feature", "properties": { "vehicle_id": "A7073", "latitude": 42.737010955810547, "longitude": 23.476814270019531, "raw_occupancy": 0, "timestamp": "2026-09-15 18:55:32" }, "geometry": { "type": "Point", "coordinates": [ 23.476814270019531, 42.737010955810547 ] } },
{ "type": "Feature", "properties": { "vehicle_id": "A1214", "latitude": 42.665668487548828, "longitude": 23.275424957275391, "raw_occupancy": 1, "timestamp": "2026-09-15 18:55:32" }, "geometry": { "type": "Point", "coordinates": [ 23.275424957275391, 42.665668487548828 ] } },
{ "type": "Feature", "properties": { "vehicle_id": "A1825", "latitude": 42.712684631347656, "longitude": 23.292606353759766, "raw_occupancy": 0, "timestamp": "2026-09-15 18:55:32" }, "geometry": { "type": "Point", "coordinates": [ 23.292606353759766, 42.712684631347656 ] } },
{ "type": "Feature", "properties": { "vehicle_id": "A7101", "latitude": 42.731601715087891, "longitude": 23.253389358520508, "raw_occupancy": 2, "timestamp": "2026-09-15 18:55:32" }, "geometry": { "type": "Point", "coordinates": [ 23.253389358520508, 42.731601715087891 ] } },
{ "type": "Feature", "properties": { "vehicle_id": "A1037", "latitude": 42.656368255615234, "longitude": 23.327960968017578, "raw_occupancy": 4, "timestamp": "2026-09-15 18:55:32" }, "geometry": { "type": "Point", "coordinates": [ 23.327960968017578, 42.656368255615234 ] } },
{ "type": "Feature", "properties": { "vehicle_id": "A2066", "latitude": 42.702217102050781, "longitude": 23.316616058349609, "raw_occupancy": 1, "timestamp": "2026-09-15 18:55:32" }, "geometry": { "type": "Point", "coordinates": [ 23.316616058349609, 42.702217102050781 ] } },
{ "type": "Feature", "properties": { "vehicle_id": "A3100", "latitude": 42.710662841796875, "longitude": 23.318973541259766, "raw_occupancy": 1, "timestamp": "2026-09-15 18:55:32" }, "geometry": { "type": "Point", "coordinates": [ 23.318973541259766, 42.710662841796875 ] } },
{ "type": "Feature", "properties": { "vehicle_id": "A2315", "latitude": 42.666786193847656, "longitude": 23.364810943603516, "raw_occupancy": 2, "timestamp": "2026-09-15 18:55:32" }, "geometry": { "type": "Point", "coordinates": [ 23.364810943603516, 42.666786193847656 ] } },
{ "type": "Feature", "properties": { "vehicle_id": "A3628", "latitude": 42.670505523681641, "longitude": 23.397626876831055, "raw_occupancy": 2, "timestamp": "2026-09-15 18:55:32" }, "geometry": { "type": "Point", "coordinates": [ 23.397626876831055, 42.670505523681641 ] } },
{ "type": "Feature", "properties": { "vehicle_id": "A3112", "latitude": 42.669010162353516, "longitude": 23.303598403930664, "raw_occupancy": 2, "timestamp": "2026-09-15 18:55:32" }, "geometry": { "type": "Point", "coordinates": [ 23.303598403930664, 42.669010162353516 ] } },
{ "type": "Feature", "properties": { "vehicle_id": "A2067", "latitude": 42.810165405273438, "longitude": 23.376527786254883, "raw_occupancy": 0, "timestamp": "2026-09-15 18:55:32" }, "geometry": { "type": "Point", "coordinates": [ 23.376527786254883, 42.810165405273438 ] } },
{ "type": "Feature", "properties": { "vehicle_id": "A3406", "latitude": 42.641414642333984, "longitude": 23.373020172119141, "raw_occupancy": 2, "timestamp": "2026-09-15 18:55:32" }, "geometry": { "type": "Point", "coordinates": [ 23.373020172119141, 42.641414642333984 ] } },
{ "type": "Feature", "properties": { "vehicle_id": "A2035", "latitude": 42.643943786621094, "longitude": 23.345127105712891, "raw_occupancy": 0, "timestamp": "2026-09-15 18:55:32" }, "geometry": { "type": "Point", "coordinates": [ 23.345127105712891, 42.643943786621094 ] } },
{ "type": "Feature", "properties": { "vehicle_id": "A7189", "latitude": 42.783039093017578, "longitude": 23.389997482299805, "raw_occupancy": 0, "timestamp": "2026-09-15 18:55:32" }, "geometry": { "type": "Point", "coordinates": [ 23.389997482299805, 42.783039093017578 ] } },
{ "type": "Feature", "properties": { "vehicle_id": "A2041", "latitude": 42.71142578125, "longitude": 23.271446228027344, "raw_occupancy": 1, "timestamp": "2026-09-15 18:55:32" }, "geometry": { "type": "Point", "coordinates": [ 23.271446228027344, 42.71142578125 ] } },
{ "type": "Feature", "properties": { "vehicle_id": "A7053", "latitude": 42.707794189453125, "longitude": 23.413503646850586, "raw_occupancy": 1, "timestamp": "2026-09-15 18:55:32" }, "geometry": { "type": "Point", "coordinates": [ 23.413503646850586, 42.707794189453125 ] } },
{ "type": "Feature", "properties": { "vehicle_id": "A2037", "latitude": 42.666862487792969, "longitude": 23.337501525878906, "raw_occupancy": 1, "timestamp": "2026-09-15 18:55:32" }, "geometry": { "type": "Point", "coordinates": [ 23.337501525878906, 42.666862487792969 ] } },
{ "type": "Feature", "properties": { "vehicle_id": "A7133", "latitude": 42.836536407470703, "longitude": 23.327751159667969, "raw_occupancy": 1, "timestamp": "2026-09-15 18:55:32" }, "geometry": { "type": "Point", "coordinates": [ 23.327751159667969, 42.836536407470703 ] } },
{ "type": "Feature", "properties": { "vehicle_id": "A3650", "latitude": 42.637954711914062, "longitude": 23.353292465209961, "raw_occupancy": 2, "timestamp": "2026-09-15 18:55:32" }, "geometry": { "type": "Point", "coordinates": [ 23.353292465209961, 42.637954711914062 ] } },
{ "type": "Feature", "properties": { "vehicle_id": "A3120", "latitude": 42.656948089599609, "longitude": 23.386407852172852, "raw_occupancy": 2, "timestamp": "2026-09-15 18:55:32" }, "geometry": { "type": "Point", "coordinates": [ 23.386407852172852, 42.656948089599609 ] } },
{ "type": "Feature", "properties": { "vehicle_id": "A7127", "latitude": 42.70751953125, "longitude": 23.357494354248047, "raw_occupancy": 1, "timestamp": "2026-09-15 18:55:32" }, "geometry": { "type": "Point", "coordinates": [ 23.357494354248047, 42.70751953125 ] } },
{ "type": "Feature", "properties": { "vehicle_id": "A3013", "latitude": 42.671257019042969, "longitude": 23.395919799804688, "raw_occupancy": 1, "timestamp": "2026-09-15 18:55:32" }, "geometry": { "type": "Point", "coordinates": [ 23.395919799804688, 42.671257019042969 ] } },
{ "type": "Feature", "properties": { "vehicle_id": "A2000", "latitude": 42.709075927734375, "longitude": 23.384147644042969, "raw_occupancy": 0, "timestamp": "2026-09-15 18:55:32" }, "geometry": { "type": "Point", "coordinates": [ 23.384147644042969, 42.709075927734375 ] } },
{ "type": "Feature", "properties": { "vehicle_id": "A2040", "latitude": 42.656711578369141, "longitude": 23.327362060546875, "raw_occupancy": 0, "timestamp": "2026-09-15 18:55:32" }, "geometry": { "type": "Point", "coordinates": [ 23.327362060546875, 42.656711578369141 ] } },
{ "type": "Feature", "properties": { "vehicle_id": "A3615", "latitude": 42.693618774414062, "longitude": 23.355434417724609, "raw_occupancy": 3, "timestamp": "2026-09-15 18:55:32" }, "geometry": { "type": "Point", "coordinates": [ 23.355434417724609, 42.693618774414062 ] } },
{ "type": "Feature", "properties": { "vehicle_id": "A3149", "latitude": 42.66094970703125, "longitude": 23.390110015869141, "raw_occupancy": 2, "timestamp": "2026-09-15 18:55:32" }, "geometry": { "type": "Point", "coordinates": [ 23.390110015869141, 42.66094970703125 ] } },
{ "type": "Feature", "properties": { "vehicle_id": "A2307", "latitude": 42.658184051513672, "longitude": 23.359039306640625, "raw_occupancy": 2, "timestamp": "2026-09-15 18:55:32" }, "geometry": { "type": "Point", "coordinates": [ 23.359039306640625, 42.658184051513672 ] } },
{ "type": "Feature", "properties": { "vehicle_id": "A1159", "latitude": 42.666694641113281, "longitude": 23.338348388671875, "raw_occupancy": 3, "timestamp": "2026-09-15 18:55:32" }, "geometry": { "type": "Point", "coordinates": [ 23.338348388671875, 42.666694641113281 ] } },
{ "type": "Feature", "properties": { "vehicle_id": "A2309", "latitude": 42.643711090087891, "longitude": 23.341901779174805, "raw_occupancy": 0, "timestamp": "2026-09-15 18:55:32" }, "geometry": { "type": "Point", "coordinates": [ 23.341901779174805, 42.643711090087891 ] } },
{ "type": "Feature", "properties": { "vehicle_id": "A2023", "latitude": 42.689075469970703, "longitude": 23.351591110229492, "raw_occupancy": 1, "timestamp": "2026-09-15 18:55:32" }, "geometry": { "type": "Point", "coordinates": [ 23.351591110229492, 42.689075469970703 ] } },
{ "type": "Feature", "properties": { "vehicle_id": "A3151", "latitude": 42.659744262695312, "longitude": 23.347856521606445, "raw_occupancy": 1, "timestamp": "2026-09-15 18:55:32" }, "geometry": { "type": "Point", "coordinates": [ 23.347856521606445, 42.659744262695312 ] } },
{ "type": "Feature", "properties": { "vehicle_id": "A1012", "latitude": 42.656661987304688, "longitude": 23.317167282104492, "raw_occupancy": 3, "timestamp": "2026-09-15 18:55:32" }, "geometry": { "type": "Point", "coordinates": [ 23.317167282104492, 42.656661987304688 ] } },
{ "type": "Feature", "properties": { "vehicle_id": "A1212", "latitude": 42.658512115478516, "longitude": 23.316259384155273, "raw_occupancy": 1, "timestamp": "2026-09-15 18:55:32" }, "geometry": { "type": "Point", "coordinates": [ 23.316259384155273, 42.658512115478516 ] } },
{ "type": "Feature", "properties": { "vehicle_id": "A1420", "latitude": 42.646926879882812, "longitude": 23.314613342285156, "raw_occupancy": 2, "timestamp": "2026-09-15 18:55:32" }, "geometry": { "type": "Point", "coordinates": [ 23.314613342285156, 42.646926879882812 ] } },
{ "type": "Feature", "properties": { "vehicle_id": "A7075", "latitude": 42.795375823974609, "longitude": 23.415502548217773, "raw_occupancy": 0, "timestamp": "2026-09-15 18:55:32" }, "geometry": { "type": "Point", "coordinates": [ 23.415502548217773, 42.795375823974609 ] } },
{ "type": "Feature", "properties": { "vehicle_id": "A3409", "latitude": 42.685600280761719, "longitude": 23.403182983398438, "raw_occupancy": 1, "timestamp": "2026-09-15 18:55:32" }, "geometry": { "type": "Point", "coordinates": [ 23.403182983398438, 42.685600280761719 ] } },
{ "type": "Feature", "properties": { "vehicle_id": "A2303", "latitude": 42.717113494873047, "longitude": 23.278543472290039, "raw_occupancy": 1, "timestamp": "2026-09-15 18:55:32" }, "geometry": { "type": "Point", "coordinates": [ 23.278543472290039, 42.717113494873047 ] } },
{ "type": "Feature", "properties": { "vehicle_id": "A1189", "latitude": 42.652328491210938, "longitude": 23.335849761962891, "raw_occupancy": 1, "timestamp": "2026-09-15 18:55:32" }, "geometry": { "type": "Point", "coordinates": [ 23.335849761962891, 42.652328491210938 ] } },
{ "type": "Feature", "properties": { "vehicle_id": "A3108", "latitude": 42.657924652099609, "longitude": 23.348861694335938, "raw_occupancy": 1, "timestamp": "2026-09-15 18:55:32" }, "geometry": { "type": "Point", "coordinates": [ 23.348861694335938, 42.657924652099609 ] } },
{ "type": "Feature", "properties": { "vehicle_id": "A2318", "latitude": 42.670936584472656, "longitude": 23.364860534667969, "raw_occupancy": 2, "timestamp": "2026-09-15 18:55:32" }, "geometry": { "type": "Point", "coordinates": [ 23.364860534667969, 42.670936584472656 ] } },
{ "type": "Feature", "properties": { "vehicle_id": "A2515", "latitude": 42.698947906494141, "longitude": 23.275554656982422, "raw_occupancy": 0, "timestamp": "2026-09-15 18:55:32" }, "geometry": { "type": "Point", "coordinates": [ 23.275554656982422, 42.698947906494141 ] } },
{ "type": "Feature", "properties": { "vehicle_id": "A1833", "latitude": 42.726284027099609, "longitude": 23.262771606445312, "raw_occupancy": 2, "timestamp": "2026-09-15 18:55:32" }, "geometry": { "type": "Point", "coordinates": [ 23.262771606445312, 42.726284027099609 ] } },
{ "type": "Feature", "properties": { "vehicle_id": "A2033", "latitude": 42.703090667724609, "longitude": 23.363977432250977, "raw_occupancy": 1, "timestamp": "2026-09-15 18:55:32" }, "geometry": { "type": "Point", "coordinates": [ 23.363977432250977, 42.703090667724609 ] } },
{ "type": "Feature", "properties": { "vehicle_id": "A1209", "latitude": 42.678279876708984, "longitude": 23.284143447875977, "raw_occupancy": 0, "timestamp": "2026-09-15 18:55:32" }, "geometry": { "type": "Point", "coordinates": [ 23.284143447875977, 42.678279876708984 ] } },
{ "type": "Feature", "properties": { "vehicle_id": "A7045", "latitude": 42.709892272949219, "longitude": 23.313882827758789, "raw_occupancy": 1, "timestamp": "2026-09-15 18:55:32" }, "geometry": { "type": "Point", "coordinates": [ 23.313882827758789, 42.709892272949219 ] } },
{ "type": "Feature", "properties": { "vehicle_id": "A2065", "latitude": 42.786716461181641, "longitude": 23.400444030761719, "raw_occupancy": 2, "timestamp": "2026-09-15 18:55:32" }, "geometry": { "type": "Point", "coordinates": [ 23.400444030761719, 42.786716461181641 ] } },
{ "type": "Feature", "properties": { "vehicle_id": "A1851", "latitude": 42.668254852294922, "longitude": 23.256074905395508, "raw_occupancy": 3, "timestamp": "2026-09-15 18:55:32" }, "geometry": { "type": "Point", "coordinates": [ 23.256074905395508, 42.668254852294922 ] } },
{ "type": "Feature", "properties": { "vehicle_id": "A1408", "latitude": 42.648635864257812, "longitude": 23.270132064819336, "raw_occupancy": 1, "timestamp": "2026-09-15 18:55:32" }, "geometry": { "type": "Point", "coordinates": [ 23.270132064819336, 42.648635864257812 ] } },
{ "type": "Feature", "properties": { "vehicle_id": "A7103", "latitude": 42.72955322265625, "longitude": 23.299179077148438, "raw_occupancy": 1, "timestamp": "2026-09-15 18:55:32" }, "geometry": { "type": "Point", "coordinates": [ 23.299179077148438, 42.72955322265625 ] } },
{ "type": "Feature", "properties": { "vehicle_id": "A7083", "latitude": 42.735710144042969, "longitude": 23.492162704467773, "raw_occupancy": 1, "timestamp": "2026-09-15 18:55:32" }, "geometry": { "type": "Point", "coordinates": [ 23.492162704467773, 42.735710144042969 ] } },
{ "type": "Feature", "properties": { "vehicle_id": "A3100", "latitude": 42.7108154296875, "longitude": 23.320232391357422, "raw_occupancy": 1, "timestamp": "2026-09-15 18:55:32" }, "geometry": { "type": "Point", "coordinates": [ 23.320232391357422, 42.7108154296875 ] } },
{ "type": "Feature", "properties": { "vehicle_id": "A7069", "latitude": 42.727371215820312, "longitude": 23.262651443481445, "raw_occupancy": 0, "timestamp": "2026-09-15 18:55:32" }, "geometry": { "type": "Point", "coordinates": [ 23.262651443481445, 42.727371215820312 ] } },
{ "type": "Feature", "properties": { "vehicle_id": "A2819", "latitude": 42.705978393554688, "longitude": 23.312841415405273, "raw_occupancy": 2, "timestamp": "2026-09-15 18:55:32" }, "geometry": { "type": "Point", "coordinates": [ 23.312841415405273, 42.705978393554688 ] } },
{ "type": "Feature", "properties": { "vehicle_id": "A3654", "latitude": 42.612598419189453, "longitude": 23.338623046875, "raw_occupancy": 0, "timestamp": "2026-09-15 18:55:32" }, "geometry": { "type": "Point", "coordinates": [ 23.338623046875, 42.612598419189453 ] } },
{ "type": "Feature", "properties": { "vehicle_id": "A3143", "latitude": 42.683658599853516, "longitude": 23.32379150390625, "raw_occupancy": 2, "timestamp": "2026-09-15 18:55:32" }, "geometry": { "type": "Point", "coordinates": [ 23.32379150390625, 42.683658599853516 ] } },
{ "type": "Feature", "properties": { "vehicle_id": "A1164", "latitude": 42.695732116699219, "longitude": 23.287757873535156, "raw_occupancy": 2, "timestamp": "2026-09-15 18:55:32" }, "geometry": { "type": "Point", "coordinates": [ 23.287757873535156, 42.695732116699219 ] } },
{ "type": "Feature", "properties": { "vehicle_id": "A2517", "latitude": 42.557621002197266, "longitude": 23.367303848266602, "raw_occupancy": 1, "timestamp": "2026-09-15 18:55:32" }, "geometry": { "type": "Point", "coordinates": [ 23.367303848266602, 42.557621002197266 ] } },
{ "type": "Feature", "properties": { "vehicle_id": "A7091", "latitude": 42.704143524169922, "longitude": 23.386447906494141, "raw_occupancy": 0, "timestamp": "2026-09-15 18:55:32" }, "geometry": { "type": "Point", "coordinates": [ 23.386447906494141, 42.704143524169922 ] } },
{ "type": "Feature", "properties": { "vehicle_id": "A1162", "latitude": 42.715042114257812, "longitude": 23.284055709838867, "raw_occupancy": 2, "timestamp": "2026-09-15 18:55:32" }, "geometry": { "type": "Point", "coordinates": [ 23.284055709838867, 42.715042114257812 ] } },
{ "type": "Feature", "properties": { "vehicle_id": "A2003", "latitude": 42.704795837402344, "longitude": 23.322271347045898, "raw_occupancy": 0, "timestamp": "2026-09-15 18:55:32" }, "geometry": { "type": "Point", "coordinates": [ 23.322271347045898, 42.704795837402344 ] } },
{ "type": "Feature", "properties": { "vehicle_id": "A2043", "latitude": 42.714950561523438, "longitude": 23.310291290283203, "raw_occupancy": 1, "timestamp": "2026-09-15 18:55:32" }, "geometry": { "type": "Point", "coordinates": [ 23.310291290283203, 42.714950561523438 ] } },
{ "type": "Feature", "properties": { "vehicle_id": "A7117", "latitude": 42.708637237548828, "longitude": 23.343650817871094, "raw_occupancy": 2, "timestamp": "2026-09-15 18:55:32" }, "geometry": { "type": "Point", "coordinates": [ 23.343650817871094, 42.708637237548828 ] } },
{ "type": "Feature", "properties": { "vehicle_id": "A3621", "latitude": 42.674022674560547, "longitude": 23.430740356445312, "raw_occupancy": 0, "timestamp": "2026-09-15 18:55:32" }, "geometry": { "type": "Point", "coordinates": [ 23.430740356445312, 42.674022674560547 ] } },
{ "type": "Feature", "properties": { "vehicle_id": "A2506", "latitude": 42.696159362792969, "longitude": 23.36048698425293, "raw_occupancy": 2, "timestamp": "2026-09-15 18:55:32" }, "geometry": { "type": "Point", "coordinates": [ 23.36048698425293, 42.696159362792969 ] } },
{ "type": "Feature", "properties": { "vehicle_id": "A7113", "latitude": 42.738845825195312, "longitude": 23.303001403808594, "raw_occupancy": 0, "timestamp": "2026-09-15 18:55:32" }, "geometry": { "type": "Point", "coordinates": [ 23.303001403808594, 42.738845825195312 ] } },
{ "type": "Feature", "properties": { "vehicle_id": "A2510", "latitude": 42.612331390380859, "longitude": 23.338685989379883, "raw_occupancy": 0, "timestamp": "2026-09-15 18:55:32" }, "geometry": { "type": "Point", "coordinates": [ 23.338685989379883, 42.612331390380859 ] } },
{ "type": "Feature", "properties": { "vehicle_id": "A1425", "latitude": 42.632492065429688, "longitude": 23.334497451782227, "raw_occupancy": 2, "timestamp": "2026-09-15 18:55:32" }, "geometry": { "type": "Point", "coordinates": [ 23.334497451782227, 42.632492065429688 ] } },
{ "type": "Feature", "properties": { "vehicle_id": "A2045", "latitude": 42.709434509277344, "longitude": 23.245594024658203, "raw_occupancy": 2, "timestamp": "2026-09-15 18:55:32" }, "geometry": { "type": "Point", "coordinates": [ 23.245594024658203, 42.709434509277344 ] } },
{ "type": "Feature", "properties": { "vehicle_id": "A7157", "latitude": 42.784812927246094, "longitude": 23.505008697509766, "raw_occupancy": 1, "timestamp": "2026-09-15 18:55:32" }, "geometry": { "type": "Point", "coordinates": [ 23.505008697509766, 42.784812927246094 ] } },
{ "type": "Feature", "properties": { "vehicle_id": "A1619", "latitude": 42.706401824951172, "longitude": 23.307382583618164, "raw_occupancy": 1, "timestamp": "2026-09-15 18:55:32" }, "geometry": { "type": "Point", "coordinates": [ 23.307382583618164, 42.706401824951172 ] } },
{ "type": "Feature", "properties": { "vehicle_id": "A1308", "latitude": 42.633872985839844, "longitude": 23.194917678833008, "raw_occupancy": 2, "timestamp": "2026-09-15 18:55:32" }, "geometry": { "type": "Point", "coordinates": [ 23.194917678833008, 42.633872985839844 ] } },
{ "type": "Feature", "properties": { "vehicle_id": "A1601", "latitude": 42.696071624755859, "longitude": 23.347682952880859, "raw_occupancy": 2, "timestamp": "2026-09-15 18:55:32" }, "geometry": { "type": "Point", "coordinates": [ 23.347682952880859, 42.696071624755859 ] } },
{ "type": "Feature", "properties": { "vehicle_id": "A1845", "latitude": 42.728084564208984, "longitude": 23.259567260742188, "raw_occupancy": 1, "timestamp": "2026-09-15 18:55:32" }, "geometry": { "type": "Point", "coordinates": [ 23.259567260742188, 42.728084564208984 ] } },
{ "type": "Feature", "properties": { "vehicle_id": "A3633", "latitude": 42.654911041259766, "longitude": 23.370237350463867, "raw_occupancy": 1, "timestamp": "2026-09-15 18:55:32" }, "geometry": { "type": "Point", "coordinates": [ 23.370237350463867, 42.654911041259766 ] } },
{ "type": "Feature", "properties": { "vehicle_id": "A1413", "latitude": 42.6895751953125, "longitude": 23.31364631652832, "raw_occupancy": 1, "timestamp": "2026-09-15 18:55:32" }, "geometry": { "type": "Point", "coordinates": [ 23.31364631652832, 42.6895751953125 ] } },
{ "type": "Feature", "properties": { "vehicle_id": "A2728", "latitude": 42.703113555908203, "longitude": 23.359640121459961, "raw_occupancy": 1, "timestamp": "2026-09-15 18:55:32" }, "geometry": { "type": "Point", "coordinates": [ 23.359640121459961, 42.703113555908203 ] } },
{ "type": "Feature", "properties": { "vehicle_id": "A1154", "latitude": 42.675323486328125, "longitude": 23.314910888671875, "raw_occupancy": 2, "timestamp": "2026-09-15 18:55:32" }, "geometry": { "type": "Point", "coordinates": [ 23.314910888671875, 42.675323486328125 ] } },
{ "type": "Feature", "properties": { "vehicle_id": "A1855", "latitude": 42.676242828369141, "longitude": 23.232730865478516, "raw_occupancy": 0, "timestamp": "2026-09-15 18:55:32" }, "geometry": { "type": "Point", "coordinates": [ 23.232730865478516, 42.676242828369141 ] } },
{ "type": "Feature", "properties": { "vehicle_id": "A3141", "latitude": 42.675376892089844, "longitude": 23.28795051574707, "raw_occupancy": 2, "timestamp": "2026-09-15 18:55:32" }, "geometry": { "type": "Point", "coordinates": [ 23.28795051574707, 42.675376892089844 ] } },
{ "type": "Feature", "properties": { "vehicle_id": "A2312", "latitude": 42.644397735595703, "longitude": 23.341941833496094, "raw_occupancy": 1, "timestamp": "2026-09-15 18:55:32" }, "geometry": { "type": "Point", "coordinates": [ 23.341941833496094, 42.644397735595703 ] } },
{ "type": "Feature", "properties": { "vehicle_id": "A2814", "latitude": 42.616313934326172, "longitude": 23.401287078857422, "raw_occupancy": 0, "timestamp": "2026-09-15 18:55:32" }, "geometry": { "type": "Point", "coordinates": [ 23.401287078857422, 42.616313934326172 ] } },
{ "type": "Feature", "properties": { "vehicle_id": "A7137", "latitude": 42.728691101074219, "longitude": 23.380594253540039, "raw_occupancy": 2, "timestamp": "2026-09-15 18:55:32" }, "geometry": { "type": "Point", "coordinates": [ 23.380594253540039, 42.728691101074219 ] } },
{ "type": "Feature", "properties": { "vehicle_id": "A3144", "latitude": 42.685329437255859, "longitude": 23.344917297363281, "raw_occupancy": 3, "timestamp": "2026-09-15 18:55:32" }, "geometry": { "type": "Point", "coordinates": [ 23.344917297363281, 42.685329437255859 ] } },
{ "type": "Feature", "properties": { "vehicle_id": "A2027", "latitude": 42.702045440673828, "longitude": 23.358116149902344, "raw_occupancy": 1, "timestamp": "2026-09-15 18:55:32" }, "geometry": { "type": "Point", "coordinates": [ 23.358116149902344, 42.702045440673828 ] } },
{ "type": "Feature", "properties": { "vehicle_id": "A3656", "latitude": 42.699028015136719, "longitude": 23.347332000732422, "raw_occupancy": 2, "timestamp": "2026-09-15 18:55:32" }, "geometry": { "type": "Point", "coordinates": [ 23.347332000732422, 42.699028015136719 ] } },
{ "type": "Feature", "properties": { "vehicle_id": "A1613", "latitude": 42.758262634277344, "longitude": 23.206254959106445, "raw_occupancy": 0, "timestamp": "2026-09-15 18:55:32" }, "geometry": { "type": "Point", "coordinates": [ 23.206254959106445, 42.758262634277344 ] } },
{ "type": "Feature", "properties": { "vehicle_id": "A1165", "latitude": 42.732078552246094, "longitude": 23.312759399414062, "raw_occupancy": 0, "timestamp": "2026-09-15 18:55:32" }, "geometry": { "type": "Point", "coordinates": [ 23.312759399414062, 42.732078552246094 ] } },
{ "type": "Feature", "properties": { "vehicle_id": "A3135", "latitude": 42.665435791015625, "longitude": 23.407306671142578, "raw_occupancy": 1, "timestamp": "2026-09-15 18:55:32" }, "geometry": { "type": "Point", "coordinates": [ 23.407306671142578, 42.665435791015625 ] } },
{ "type": "Feature", "properties": { "vehicle_id": "A2018", "latitude": 42.669303894042969, "longitude": 23.3377685546875, "raw_occupancy": 3, "timestamp": "2026-09-15 18:55:32" }, "geometry": { "type": "Point", "coordinates": [ 23.3377685546875, 42.669303894042969 ] } },
{ "type": "Feature", "properties": { "vehicle_id": "A2817", "latitude": 42.706764221191406, "longitude": 23.350715637207031, "raw_occupancy": 1, "timestamp": "2026-09-15 18:55:32" }, "geometry": { "type": "Point", "coordinates": [ 23.350715637207031, 42.706764221191406 ] } },
{ "type": "Feature", "properties": { "vehicle_id": "A2032", "latitude": 42.666229248046875, "longitude": 23.342206954956055, "raw_occupancy": 2, "timestamp": "2026-09-15 18:55:32" }, "geometry": { "type": "Point", "coordinates": [ 23.342206954956055, 42.666229248046875 ] } },
{ "type": "Feature", "properties": { "vehicle_id": "A7171", "latitude": 42.725776672363281, "longitude": 23.244333267211914, "raw_occupancy": 1, "timestamp": "2026-09-15 18:55:32" }, "geometry": { "type": "Point", "coordinates": [ 23.244333267211914, 42.725776672363281 ] } },
{ "type": "Feature", "properties": { "vehicle_id": "A3125", "latitude": 42.690162658691406, "longitude": 23.354061126708984, "raw_occupancy": 3, "timestamp": "2026-09-15 18:55:32" }, "geometry": { "type": "Point", "coordinates": [ 23.354061126708984, 42.690162658691406 ] } },
{ "type": "Feature", "properties": { "vehicle_id": "A2075", "latitude": 42.670063018798828, "longitude": 23.368795394897461, "raw_occupancy": 0, "timestamp": "2026-09-15 18:55:32" }, "geometry": { "type": "Point", "coordinates": [ 23.368795394897461, 42.670063018798828 ] } },
{ "type": "Feature", "properties": { "vehicle_id": "A3131", "latitude": 42.651763916015625, "longitude": 23.379144668579102, "raw_occupancy": 2, "timestamp": "2026-09-15 18:55:32" }, "geometry": { "type": "Point", "coordinates": [ 23.379144668579102, 42.651763916015625 ] } },
{ "type": "Feature", "properties": { "vehicle_id": "A1188", "latitude": 42.6873779296875, "longitude": 23.270126342773438, "raw_occupancy": 1, "timestamp": "2026-09-15 18:55:32" }, "geometry": { "type": "Point", "coordinates": [ 23.270126342773438, 42.6873779296875 ] } },
{ "type": "Feature", "properties": { "vehicle_id": "A3626", "latitude": 42.726657867431641, "longitude": 23.316070556640625, "raw_occupancy": 0, "timestamp": "2026-09-15 18:55:32" }, "geometry": { "type": "Point", "coordinates": [ 23.316070556640625, 42.726657867431641 ] } },
{ "type": "Feature", "properties": { "vehicle_id": "A7153", "latitude": 42.749671936035156, "longitude": 23.277172088623047, "raw_occupancy": 1, "timestamp": "2026-09-15 18:55:32" }, "geometry": { "type": "Point", "coordinates": [ 23.277172088623047, 42.749671936035156 ] } },
{ "type": "Feature", "properties": { "vehicle_id": "A3666", "latitude": 42.659942626953125, "longitude": 23.388916015625, "raw_occupancy": 1, "timestamp": "2026-09-15 18:55:32" }, "geometry": { "type": "Point", "coordinates": [ 23.388916015625, 42.659942626953125 ] } },
{ "type": "Feature", "properties": { "vehicle_id": "A2505", "latitude": 42.688205718994141, "longitude": 23.298782348632812, "raw_occupancy": 2, "timestamp": "2026-09-15 18:55:32" }, "geometry": { "type": "Point", "coordinates": [ 23.298782348632812, 42.688205718994141 ] } },
{ "type": "Feature", "properties": { "vehicle_id": "A2042", "latitude": 42.650711059570312, "longitude": 23.342174530029297, "raw_occupancy": 1, "timestamp": "2026-09-15 18:55:32" }, "geometry": { "type": "Point", "coordinates": [ 23.342174530029297, 42.650711059570312 ] } },
{ "type": "Feature", "properties": { "vehicle_id": "A1823", "latitude": 42.717067718505859, "longitude": 23.280065536499023, "raw_occupancy": 1, "timestamp": "2026-09-15 18:55:32" }, "geometry": { "type": "Point", "coordinates": [ 23.280065536499023, 42.717067718505859 ] } },
{ "type": "Feature", "properties": { "vehicle_id": "A2313", "latitude": 42.657669067382812, "longitude": 23.359201431274414, "raw_occupancy": 2, "timestamp": "2026-09-15 18:55:32" }, "geometry": { "type": "Point", "coordinates": [ 23.359201431274414, 42.657669067382812 ] } },
{ "type": "Feature", "properties": { "vehicle_id": "A7059", "latitude": 42.773509979248047, "longitude": 23.495330810546875, "raw_occupancy": 1, "timestamp": "2026-09-15 18:55:32" }, "geometry": { "type": "Point", "coordinates": [ 23.495330810546875, 42.773509979248047 ] } },
{ "type": "Feature", "properties": { "vehicle_id": "A2140", "latitude": 42.700775146484375, "longitude": 23.374555587768555, "raw_occupancy": 3, "timestamp": "2026-09-15 18:55:32" }, "geometry": { "type": "Point", "coordinates": [ 23.374555587768555, 42.700775146484375 ] } },
{ "type": "Feature", "properties": { "vehicle_id": "A3620", "latitude": 42.618080139160156, "longitude": 23.367961883544922, "raw_occupancy": 1, "timestamp": "2026-09-15 18:55:32" }, "geometry": { "type": "Point", "coordinates": [ 23.367961883544922, 42.618080139160156 ] } },
{ "type": "Feature", "properties": { "vehicle_id": "A1031", "latitude": 42.678546905517578, "longitude": 23.28436279296875, "raw_occupancy": 1, "timestamp": "2026-09-15 18:55:32" }, "geometry": { "type": "Point", "coordinates": [ 23.28436279296875, 42.678546905517578 ] } },
{ "type": "Feature", "properties": { "vehicle_id": "A3700", "latitude": 42.66204833984375, "longitude": 23.464637756347656, "raw_occupancy": 1, "timestamp": "2026-09-15 18:55:32" }, "geometry": { "type": "Point", "coordinates": [ 23.464637756347656, 42.66204833984375 ] } },
{ "type": "Feature", "properties": { "vehicle_id": "A2087", "latitude": 42.775436401367188, "longitude": 23.31541633605957, "raw_occupancy": 1, "timestamp": "2026-09-15 18:55:32" }, "geometry": { "type": "Point", "coordinates": [ 23.31541633605957, 42.775436401367188 ] } },
{ "type": "Feature", "properties": { "vehicle_id": "A2020", "latitude": 42.683345794677734, "longitude": 23.321044921875, "raw_occupancy": 0, "timestamp": "2026-09-15 18:55:32" }, "geometry": { "type": "Point", "coordinates": [ 23.321044921875, 42.683345794677734 ] } },
{ "type": "Feature", "properties": { "vehicle_id": "A7143", "latitude": 42.765666961669922, "longitude": 23.434549331665039, "raw_occupancy": 0, "timestamp": "2026-09-15 18:55:32" }, "geometry": { "type": "Point", "coordinates": [ 23.434549331665039, 42.765666961669922 ] } },
{ "type": "Feature", "properties": { "vehicle_id": "A1617", "latitude": 42.696296691894531, "longitude": 23.347309112548828, "raw_occupancy": 1, "timestamp": "2026-09-15 18:55:32" }, "geometry": { "type": "Point", "coordinates": [ 23.347309112548828, 42.696296691894531 ] } },
{ "type": "Feature", "properties": { "vehicle_id": "A1620", "latitude": 42.650470733642578, "longitude": 23.291315078735352, "raw_occupancy": 3, "timestamp": "2026-09-15 18:55:32" }, "geometry": { "type": "Point", "coordinates": [ 23.291315078735352, 42.650470733642578 ] } },
{ "type": "Feature", "properties": { "vehicle_id": "A2060", "latitude": 42.543609619140625, "longitude": 23.484325408935547, "raw_occupancy": 1, "timestamp": "2026-09-15 18:55:32" }, "geometry": { "type": "Point", "coordinates": [ 23.484325408935547, 42.543609619140625 ] } },
{ "type": "Feature", "properties": { "vehicle_id": "A7093", "latitude": 42.706241607666016, "longitude": 23.180871963500977, "raw_occupancy": 1, "timestamp": "2026-09-15 18:55:32" }, "geometry": { "type": "Point", "coordinates": [ 23.180871963500977, 42.706241607666016 ] } },
{ "type": "Feature", "properties": { "vehicle_id": "A1216", "latitude": 42.742969512939453, "longitude": 23.270050048828125, "raw_occupancy": 4, "timestamp": "2026-09-15 18:55:32" }, "geometry": { "type": "Point", "coordinates": [ 23.270050048828125, 42.742969512939453 ] } },
{ "type": "Feature", "properties": { "vehicle_id": "A2029", "latitude": 42.644607543945312, "longitude": 23.345169067382812, "raw_occupancy": 0, "timestamp": "2026-09-15 18:55:32" }, "geometry": { "type": "Point", "coordinates": [ 23.345169067382812, 42.644607543945312 ] } },
{ "type": "Feature", "properties": { "vehicle_id": "A2319", "latitude": 42.69390869140625, "longitude": 23.337627410888672, "raw_occupancy": 1, "timestamp": "2026-09-15 18:55:32" }, "geometry": { "type": "Point", "coordinates": [ 23.337627410888672, 42.69390869140625 ] } },
{ "type": "Feature", "properties": { "vehicle_id": "A3600", "latitude": 42.675846099853516, "longitude": 23.433069229125977, "raw_occupancy": 1, "timestamp": "2026-09-15 18:55:32" }, "geometry": { "type": "Point", "coordinates": [ 23.433069229125977, 42.675846099853516 ] } },
{ "type": "Feature", "properties": { "vehicle_id": "A1853", "latitude": 42.700096130371094, "longitude": 23.149757385253906, "raw_occupancy": 2, "timestamp": "2026-09-15 18:55:32" }, "geometry": { "type": "Point", "coordinates": [ 23.149757385253906, 42.700096130371094 ] } },
{ "type": "Feature", "properties": { "vehicle_id": "A7181", "latitude": 42.842281341552734, "longitude": 23.277406692504883, "raw_occupancy": 0, "timestamp": "2026-09-15 18:55:32" }, "geometry": { "type": "Point", "coordinates": [ 23.277406692504883, 42.842281341552734 ] } },
{ "type": "Feature", "properties": { "vehicle_id": "A2010", "latitude": 42.713645935058594, "longitude": 23.24622917175293, "raw_occupancy": 1, "timestamp": "2026-09-15 18:55:32" }, "geometry": { "type": "Point", "coordinates": [ 23.24622917175293, 42.713645935058594 ] } },
{ "type": "Feature", "properties": { "vehicle_id": "A2009", "latitude": 42.678096771240234, "longitude": 23.328296661376953, "raw_occupancy": 2, "timestamp": "2026-09-15 18:55:32" }, "geometry": { "type": "Point", "coordinates": [ 23.328296661376953, 42.678096771240234 ] } },
{ "type": "Feature", "properties": { "vehicle_id": "A7043", "latitude": 42.727802276611328, "longitude": 23.312376022338867, "raw_occupancy": 2, "timestamp": "2026-09-15 18:55:32" }, "geometry": { "type": "Point", "coordinates": [ 23.312376022338867, 42.727802276611328 ] } },
{ "type": "Feature", "properties": { "vehicle_id": "A1618", "latitude": 42.694747924804688, "longitude": 23.295185089111328, "raw_occupancy": 1, "timestamp": "2026-09-15 18:55:32" }, "geometry": { "type": "Point", "coordinates": [ 23.295185089111328, 42.694747924804688 ] } },
{ "type": "Feature", "properties": { "vehicle_id": "A3617", "latitude": 42.662998199462891, "longitude": 23.415672302246094, "raw_occupancy": 0, "timestamp": "2026-09-15 18:55:32" }, "geometry": { "type": "Point", "coordinates": [ 23.415672302246094, 42.662998199462891 ] } },
{ "type": "Feature", "properties": { "vehicle_id": "A3122", "latitude": 42.64306640625, "longitude": 23.334255218505859, "raw_occupancy": 2, "timestamp": "2026-09-15 18:55:32" }, "geometry": { "type": "Point", "coordinates": [ 23.334255218505859, 42.64306640625 ] } },
{ "type": "Feature", "properties": { "vehicle_id": "A2816", "latitude": 42.713279724121094, "longitude": 23.31500244140625, "raw_occupancy": 0, "timestamp": "2026-09-15 18:55:32" }, "geometry": { "type": "Point", "coordinates": [ 23.31500244140625, 42.713279724121094 ] } },
{ "type": "Feature", "properties": { "vehicle_id": "A3111", "latitude": 42.649364471435547, "longitude": 23.357204437255859, "raw_occupancy": 1, "timestamp": "2026-09-15 18:55:32" }, "geometry": { "type": "Point", "coordinates": [ 23.357204437255859, 42.649364471435547 ] } },
{ "type": "Feature", "properties": { "vehicle_id": "A1612", "latitude": 42.689456939697266, "longitude": 23.338737487792969, "raw_occupancy": 4, "timestamp": "2026-09-15 18:55:32" }, "geometry": { "type": "Point", "coordinates": [ 23.338737487792969, 42.689456939697266 ] } },
{ "type": "Feature", "properties": { "vehicle_id": "A2050", "latitude": 42.732292175292969, "longitude": 23.252532958984375, "raw_occupancy": 1, "timestamp": "2026-09-15 18:55:32" }, "geometry": { "type": "Point", "coordinates": [ 23.252532958984375, 42.732292175292969 ] } },
{ "type": "Feature", "properties": { "vehicle_id": "A7097", "latitude": 42.763423919677734, "longitude": 23.355575561523438, "raw_occupancy": 1, "timestamp": "2026-09-15 18:55:32" }, "geometry": { "type": "Point", "coordinates": [ 23.355575561523438, 42.763423919677734 ] } },
{ "type": "Feature", "properties": { "vehicle_id": "A3637", "latitude": 42.515419006347656, "longitude": 23.353523254394531, "raw_occupancy": 1, "timestamp": "2026-09-15 18:55:32" }, "geometry": { "type": "Point", "coordinates": [ 23.353523254394531, 42.515419006347656 ] } },
{ "type": "Feature", "properties": { "vehicle_id": "A2079", "latitude": 42.579311370849609, "longitude": 23.359687805175781, "raw_occupancy": 0, "timestamp": "2026-09-15 18:55:32" }, "geometry": { "type": "Point", "coordinates": [ 23.359687805175781, 42.579311370849609 ] } },
{ "type": "Feature", "properties": { "vehicle_id": "A3110", "latitude": 42.636886596679688, "longitude": 23.370138168334961, "raw_occupancy": 1, "timestamp": "2026-09-15 18:55:32" }, "geometry": { "type": "Point", "coordinates": [ 23.370138168334961, 42.636886596679688 ] } },
{ "type": "Feature", "properties": { "vehicle_id": "A1213", "latitude": 42.717090606689453, "longitude": 23.170539855957031, "raw_occupancy": 1, "timestamp": "2026-09-15 18:55:32" }, "geometry": { "type": "Point", "coordinates": [ 23.170539855957031, 42.717090606689453 ] } },
{ "type": "Feature", "properties": { "vehicle_id": "A1215", "latitude": 42.638324737548828, "longitude": 23.372907638549805, "raw_occupancy": 1, "timestamp": "2026-09-15 18:55:32" }, "geometry": { "type": "Point", "coordinates": [ 23.372907638549805, 42.638324737548828 ] } },
{ "type": "Feature", "properties": { "vehicle_id": "A2300", "latitude": 42.726696014404297, "longitude": 23.31231689453125, "raw_occupancy": 1, "timestamp": "2026-09-15 18:55:32" }, "geometry": { "type": "Point", "coordinates": [ 23.31231689453125, 42.726696014404297 ] } },
{ "type": "Feature", "properties": { "vehicle_id": "A7067", "latitude": 42.715812683105469, "longitude": 23.52836799621582, "raw_occupancy": 3, "timestamp": "2026-09-15 18:55:32" }, "geometry": { "type": "Point", "coordinates": [ 23.52836799621582, 42.715812683105469 ] } },
{ "type": "Feature", "properties": { "vehicle_id": "A2016", "latitude": 42.661766052246094, "longitude": 23.346040725708008, "raw_occupancy": 0, "timestamp": "2026-09-15 18:55:32" }, "geometry": { "type": "Point", "coordinates": [ 23.346040725708008, 42.661766052246094 ] } },
{ "type": "Feature", "properties": { "vehicle_id": "A1426", "latitude": 42.716121673583984, "longitude": 23.250804901123047, "raw_occupancy": 1, "timestamp": "2026-09-15 18:55:32" }, "geometry": { "type": "Point", "coordinates": [ 23.250804901123047, 42.716121673583984 ] } },
{ "type": "Feature", "properties": { "vehicle_id": "A3019", "latitude": 42.693588256835938, "longitude": 23.33924674987793, "raw_occupancy": 1, "timestamp": "2026-09-15 18:55:32" }, "geometry": { "type": "Point", "coordinates": [ 23.33924674987793, 42.693588256835938 ] } },
{ "type": "Feature", "properties": { "vehicle_id": "A1025", "latitude": 42.64434814453125, "longitude": 23.265802383422852, "raw_occupancy": 2, "timestamp": "2026-09-15 18:55:32" }, "geometry": { "type": "Point", "coordinates": [ 23.265802383422852, 42.64434814453125 ] } },
{ "type": "Feature", "properties": { "vehicle_id": "A3114", "latitude": 42.671440124511719, "longitude": 23.382265090942383, "raw_occupancy": 1, "timestamp": "2026-09-15 18:55:32" }, "geometry": { "type": "Point", "coordinates": [ 23.382265090942383, 42.671440124511719 ] } },
{ "type": "Feature", "properties": { "vehicle_id": "A2308", "latitude": 42.651168823242188, "longitude": 23.358207702636719, "raw_occupancy": 2, "timestamp": "2026-09-15 18:55:32" }, "geometry": { "type": "Point", "coordinates": [ 23.358207702636719, 42.651168823242188 ] } },
{ "type": "Feature", "properties": { "vehicle_id": "A1219", "latitude": 42.686908721923828, "longitude": 23.118890762329102, "raw_occupancy": 0, "timestamp": "2026-09-15 18:55:32" }, "geometry": { "type": "Point", "coordinates": [ 23.118890762329102, 42.686908721923828 ] } },
{ "type": "Feature", "properties": { "vehicle_id": "A2052", "latitude": 42.604957580566406, "longitude": 23.472164154052734, "raw_occupancy": 1, "timestamp": "2026-09-15 18:55:32" }, "geometry": { "type": "Point", "coordinates": [ 23.472164154052734, 42.604957580566406 ] } },
{ "type": "Feature", "properties": { "vehicle_id": "A3138", "latitude": 42.680858612060547, "longitude": 23.351400375366211, "raw_occupancy": 2, "timestamp": "2026-09-15 18:55:32" }, "geometry": { "type": "Point", "coordinates": [ 23.351400375366211, 42.680858612060547 ] } },
{ "type": "Feature", "properties": { "vehicle_id": "A2316", "latitude": 42.652019500732422, "longitude": 23.359569549560547, "raw_occupancy": 2, "timestamp": "2026-09-15 18:55:32" }, "geometry": { "type": "Point", "coordinates": [ 23.359569549560547, 42.652019500732422 ] } },
{ "type": "Feature", "properties": { "vehicle_id": "A3616", "latitude": 42.70697021484375, "longitude": 23.323301315307617, "raw_occupancy": 1, "timestamp": "2026-09-15 18:55:32" }, "geometry": { "type": "Point", "coordinates": [ 23.323301315307617, 42.70697021484375 ] } },
{ "type": "Feature", "properties": { "vehicle_id": "A3634", "latitude": 42.665725708007812, "longitude": 23.462169647216797, "raw_occupancy": 0, "timestamp": "2026-09-15 18:55:32" }, "geometry": { "type": "Point", "coordinates": [ 23.462169647216797, 42.665725708007812 ] } },
{ "type": "Feature", "properties": { "vehicle_id": "A1232", "latitude": 42.72698974609375, "longitude": 23.26197624206543, "raw_occupancy": 2, "timestamp": "2026-09-15 18:55:32" }, "geometry": { "type": "Point", "coordinates": [ 23.26197624206543, 42.72698974609375 ] } },
{ "type": "Feature", "properties": { "vehicle_id": "A1829", "latitude": 42.713405609130859, "longitude": 23.167236328125, "raw_occupancy": 1, "timestamp": "2026-09-15 18:55:32" }, "geometry": { "type": "Point", "coordinates": [ 23.167236328125, 42.713405609130859 ] } },
{ "type": "Feature", "properties": { "vehicle_id": "A1616", "latitude": 42.702156066894531, "longitude": 23.297763824462891, "raw_occupancy": 1, "timestamp": "2026-09-15 18:55:32" }, "geometry": { "type": "Point", "coordinates": [ 23.297763824462891, 42.702156066894531 ] } },
{ "type": "Feature", "properties": { "vehicle_id": "A1857", "latitude": 42.601306915283203, "longitude": 23.168046951293945, "raw_occupancy": 0, "timestamp": "2026-09-15 18:55:32" }, "geometry": { "type": "Point", "coordinates": [ 23.168046951293945, 42.601306915283203 ] } },
{ "type": "Feature", "properties": { "vehicle_id": "A2304", "latitude": 42.642768859863281, "longitude": 23.344869613647461, "raw_occupancy": 0, "timestamp": "2026-09-15 18:55:32" }, "geometry": { "type": "Point", "coordinates": [ 23.344869613647461, 42.642768859863281 ] } },
{ "type": "Feature", "properties": { "vehicle_id": "A2001", "latitude": 42.692577362060547, "longitude": 23.351398468017578, "raw_occupancy": 1, "timestamp": "2026-09-15 18:55:32" }, "geometry": { "type": "Point", "coordinates": [ 23.351398468017578, 42.692577362060547 ] } },
{ "type": "Feature", "properties": { "vehicle_id": "A1831", "latitude": 42.702949523925781, "longitude": 23.2303466796875, "raw_occupancy": 1, "timestamp": "2026-09-15 18:55:32" }, "geometry": { "type": "Point", "coordinates": [ 23.2303466796875, 42.702949523925781 ] } },
{ "type": "Feature", "properties": { "vehicle_id": "A1409", "latitude": 42.671890258789062, "longitude": 23.240474700927734, "raw_occupancy": 1, "timestamp": "2026-09-15 18:55:32" }, "geometry": { "type": "Point", "coordinates": [ 23.240474700927734, 42.671890258789062 ] } },
{ "type": "Feature", "properties": { "vehicle_id": "A1174", "latitude": 42.719352722167969, "longitude": 23.254589080810547, "raw_occupancy": 1, "timestamp": "2026-09-15 18:55:32" }, "geometry": { "type": "Point", "coordinates": [ 23.254589080810547, 42.719352722167969 ] } },
{ "type": "Feature", "properties": { "vehicle_id": "A3106", "latitude": 42.635364532470703, "longitude": 23.374965667724609, "raw_occupancy": 1, "timestamp": "2026-09-15 18:55:32" }, "geometry": { "type": "Point", "coordinates": [ 23.374965667724609, 42.635364532470703 ] } },
{ "type": "Feature", "properties": { "vehicle_id": "A3610", "latitude": 42.645816802978516, "longitude": 23.377681732177734, "raw_occupancy": 2, "timestamp": "2026-09-15 18:55:32" }, "geometry": { "type": "Point", "coordinates": [ 23.377681732177734, 42.645816802978516 ] } },
{ "type": "Feature", "properties": { "vehicle_id": "A2056", "latitude": 42.782878875732422, "longitude": 23.388910293579102, "raw_occupancy": 0, "timestamp": "2026-09-15 18:55:32" }, "geometry": { "type": "Point", "coordinates": [ 23.388910293579102, 42.782878875732422 ] } },
{ "type": "Feature", "properties": { "vehicle_id": "A1217", "latitude": 42.707798004150391, "longitude": 23.15009880065918, "raw_occupancy": 1, "timestamp": "2026-09-15 18:55:32" }, "geometry": { "type": "Point", "coordinates": [ 23.15009880065918, 42.707798004150391 ] } },
{ "type": "Feature", "properties": { "vehicle_id": "A1805", "latitude": 42.729621887207031, "longitude": 23.247106552124023, "raw_occupancy": 0, "timestamp": "2026-09-15 18:55:32" }, "geometry": { "type": "Point", "coordinates": [ 23.247106552124023, 42.729621887207031 ] } },
{ "type": "Feature", "properties": { "vehicle_id": "A2024", "latitude": 42.693347930908203, "longitude": 23.33445930480957, "raw_occupancy": 1, "timestamp": "2026-09-15 18:55:32" }, "geometry": { "type": "Point", "coordinates": [ 23.33445930480957, 42.693347930908203 ] } },
{ "type": "Feature", "properties": { "vehicle_id": "A1036", "latitude": 42.654808044433594, "longitude": 23.3302001953125, "raw_occupancy": 2, "timestamp": "2026-09-15 18:55:32" }, "geometry": { "type": "Point", "coordinates": [ 23.3302001953125, 42.654808044433594 ] } },
{ "type": "Feature", "properties": { "vehicle_id": "A3407", "latitude": 42.663604736328125, "longitude": 23.375638961791992, "raw_occupancy": 3, "timestamp": "2026-09-15 18:55:32" }, "geometry": { "type": "Point", "coordinates": [ 23.375638961791992, 42.663604736328125 ] } },
{ "type": "Feature", "properties": { "vehicle_id": "A2039", "latitude": 42.706455230712891, "longitude": 23.350313186645508, "raw_occupancy": 0, "timestamp": "2026-09-15 18:55:32" }, "geometry": { "type": "Point", "coordinates": [ 23.350313186645508, 42.706455230712891 ] } },
{ "type": "Feature", "properties": { "vehicle_id": "A1837", "latitude": 42.746917724609375, "longitude": 23.279560089111328, "raw_occupancy": 1, "timestamp": "2026-09-15 18:55:32" }, "geometry": { "type": "Point", "coordinates": [ 23.279560089111328, 42.746917724609375 ] } },
{ "type": "Feature", "properties": { "vehicle_id": "A3127", "latitude": 42.668338775634766, "longitude": 23.367223739624023, "raw_occupancy": 2, "timestamp": "2026-09-15 18:55:32" }, "geometry": { "type": "Point", "coordinates": [ 23.367223739624023, 42.668338775634766 ] } },
{ "type": "Feature", "properties": { "vehicle_id": "A3103", "latitude": 42.674289703369141, "longitude": 23.303892135620117, "raw_occupancy": 1, "timestamp": "2026-09-15 18:55:32" }, "geometry": { "type": "Point", "coordinates": [ 23.303892135620117, 42.674289703369141 ] } },
{ "type": "Feature", "properties": { "vehicle_id": "A1169", "latitude": 42.73309326171875, "longitude": 23.297927856445312, "raw_occupancy": 1, "timestamp": "2026-09-15 18:55:32" }, "geometry": { "type": "Point", "coordinates": [ 23.297927856445312, 42.73309326171875 ] } },
{ "type": "Feature", "properties": { "vehicle_id": "A7111", "latitude": 42.782318115234375, "longitude": 23.273841857910156, "raw_occupancy": 0, "timestamp": "2026-09-15 18:55:32" }, "geometry": { "type": "Point", "coordinates": [ 23.273841857910156, 42.782318115234375 ] } },
{ "type": "Feature", "properties": { "vehicle_id": "A2044", "latitude": 42.665088653564453, "longitude": 23.317899703979492, "raw_occupancy": 1, "timestamp": "2026-09-15 18:55:32" }, "geometry": { "type": "Point", "coordinates": [ 23.317899703979492, 42.665088653564453 ] } },
{ "type": "Feature", "properties": { "vehicle_id": "A1010", "latitude": 42.658988952636719, "longitude": 23.299518585205078, "raw_occupancy": 0, "timestamp": "2026-09-15 18:55:32" }, "geometry": { "type": "Point", "coordinates": [ 23.299518585205078, 42.658988952636719 ] } },
{ "type": "Feature", "properties": { "vehicle_id": "A2078", "latitude": 42.614711761474609, "longitude": 23.400632858276367, "raw_occupancy": 1, "timestamp": "2026-09-15 18:55:32" }, "geometry": { "type": "Point", "coordinates": [ 23.400632858276367, 42.614711761474609 ] } },
{ "type": "Feature", "properties": { "vehicle_id": "A2516", "latitude": 42.621936798095703, "longitude": 23.323755264282227, "raw_occupancy": 0, "timestamp": "2026-09-15 18:55:32" }, "geometry": { "type": "Point", "coordinates": [ 23.323755264282227, 42.621936798095703 ] } },
{ "type": "Feature", "properties": { "vehicle_id": "A1424", "latitude": 42.734832763671875, "longitude": 23.307136535644531, "raw_occupancy": 1, "timestamp": "2026-09-15 18:55:32" }, "geometry": { "type": "Point", "coordinates": [ 23.307136535644531, 42.734832763671875 ] } },
{ "type": "Feature", "properties": { "vehicle_id": "A1609", "latitude": 42.68084716796875, "longitude": 23.372081756591797, "raw_occupancy": 1, "timestamp": "2026-09-15 18:55:32" }, "geometry": { "type": "Point", "coordinates": [ 23.372081756591797, 42.68084716796875 ] } },
{ "type": "Feature", "properties": { "vehicle_id": "A1157", "latitude": 42.716094970703125, "longitude": 23.281549453735352, "raw_occupancy": 0, "timestamp": "2026-09-15 18:55:32" }, "geometry": { "type": "Point", "coordinates": [ 23.281549453735352, 42.716094970703125 ] } },
{ "type": "Feature", "properties": { "vehicle_id": "A2047", "latitude": 42.724979400634766, "longitude": 23.292219161987305, "raw_occupancy": 1, "timestamp": "2026-09-15 18:55:32" }, "geometry": { "type": "Point", "coordinates": [ 23.292219161987305, 42.724979400634766 ] } },
{ "type": "Feature", "properties": { "vehicle_id": "A3156", "latitude": 42.672073364257812, "longitude": 23.29466438293457, "raw_occupancy": 1, "timestamp": "2026-09-15 18:55:32" }, "geometry": { "type": "Point", "coordinates": [ 23.29466438293457, 42.672073364257812 ] } },
{ "type": "Feature", "properties": { "vehicle_id": "A3126", "latitude": 42.659111022949219, "longitude": 23.348056793212891, "raw_occupancy": 3, "timestamp": "2026-09-15 18:55:32" }, "geometry": { "type": "Point", "coordinates": [ 23.348056793212891, 42.659111022949219 ] } },
{ "type": "Feature", "properties": { "vehicle_id": "A3312", "latitude": 42.640224456787109, "longitude": 23.381599426269531, "raw_occupancy": 2, "timestamp": "2026-09-15 18:55:32" }, "geometry": { "type": "Point", "coordinates": [ 23.381599426269531, 42.640224456787109 ] } },
{ "type": "Feature", "properties": { "vehicle_id": "A3015", "latitude": 42.653556823730469, "longitude": 23.402425765991211, "raw_occupancy": 1, "timestamp": "2026-09-15 18:55:32" }, "geometry": { "type": "Point", "coordinates": [ 23.402425765991211, 42.653556823730469 ] } },
{ "type": "Feature", "properties": { "vehicle_id": "A3133", "latitude": 42.672981262207031, "longitude": 23.347713470458984, "raw_occupancy": 1, "timestamp": "2026-09-15 18:55:32" }, "geometry": { "type": "Point", "coordinates": [ 23.347713470458984, 42.672981262207031 ] } },
{ "type": "Feature", "properties": { "vehicle_id": "A2314", "latitude": 42.653713226318359, "longitude": 23.344516754150391, "raw_occupancy": 2, "timestamp": "2026-09-15 18:55:32" }, "geometry": { "type": "Point", "coordinates": [ 23.344516754150391, 42.653713226318359 ] } },
{ "type": "Feature", "properties": { "vehicle_id": "A3659", "latitude": 42.661392211914062, "longitude": 23.378761291503906, "raw_occupancy": 1, "timestamp": "2026-09-15 18:55:32" }, "geometry": { "type": "Point", "coordinates": [ 23.378761291503906, 42.661392211914062 ] } },
{ "type": "Feature", "properties": { "vehicle_id": "A1030", "latitude": 42.654758453369141, "longitude": 23.330301284790039, "raw_occupancy": 1, "timestamp": "2026-09-15 18:55:32" }, "geometry": { "type": "Point", "coordinates": [ 23.330301284790039, 42.654758453369141 ] } },
{ "type": "Feature", "properties": { "vehicle_id": "A3128", "latitude": 42.647323608398438, "longitude": 23.335315704345703, "raw_occupancy": 1, "timestamp": "2026-09-15 18:55:32" }, "geometry": { "type": "Point", "coordinates": [ 23.335315704345703, 42.647323608398438 ] } },
{ "type": "Feature", "properties": { "vehicle_id": "A3652", "latitude": 42.63232421875, "longitude": 23.354780197143555, "raw_occupancy": 2, "timestamp": "2026-09-15 18:55:32" }, "geometry": { "type": "Point", "coordinates": [ 23.354780197143555, 42.63232421875 ] } },
{ "type": "Feature", "properties": { "vehicle_id": "A3664", "latitude": 42.682086944580078, "longitude": 23.318769454956055, "raw_occupancy": 1, "timestamp": "2026-09-15 18:55:32" }, "geometry": { "type": "Point", "coordinates": [ 23.318769454956055, 42.682086944580078 ] } },
{ "type": "Feature", "properties": { "vehicle_id": "A3614", "latitude": 42.632503509521484, "longitude": 23.409069061279297, "raw_occupancy": 2, "timestamp": "2026-09-15 18:55:32" }, "geometry": { "type": "Point", "coordinates": [ 23.409069061279297, 42.632503509521484 ] } },
{ "type": "Feature", "properties": { "vehicle_id": "A1117", "latitude": 42.749229431152344, "longitude": 23.225914001464844, "raw_occupancy": 1, "timestamp": "2026-09-15 18:55:32" }, "geometry": { "type": "Point", "coordinates": [ 23.225914001464844, 42.749229431152344 ] } },
{ "type": "Feature", "properties": { "vehicle_id": "A3665", "latitude": 42.658432006835938, "longitude": 23.382455825805664, "raw_occupancy": 2, "timestamp": "2026-09-15 18:55:32" }, "geometry": { "type": "Point", "coordinates": [ 23.382455825805664, 42.658432006835938 ] } },
{ "type": "Feature", "properties": { "vehicle_id": "A2074", "latitude": 42.675117492675781, "longitude": 23.376022338867188, "raw_occupancy": 1, "timestamp": "2026-09-15 18:55:32" }, "geometry": { "type": "Point", "coordinates": [ 23.376022338867188, 42.675117492675781 ] } },
{ "type": "Feature", "properties": { "vehicle_id": "A7185", "latitude": 42.738628387451172, "longitude": 23.607107162475586, "raw_occupancy": 1, "timestamp": "2026-09-15 18:55:32" }, "geometry": { "type": "Point", "coordinates": [ 23.607107162475586, 42.738628387451172 ] } },
{ "type": "Feature", "properties": { "vehicle_id": "A2005", "latitude": 42.702342987060547, "longitude": 23.360239028930664, "raw_occupancy": 3, "timestamp": "2026-09-15 18:55:32" }, "geometry": { "type": "Point", "coordinates": [ 23.360239028930664, 42.702342987060547 ] } },
{ "type": "Feature", "properties": { "vehicle_id": "A3014", "latitude": 42.687320709228516, "longitude": 23.352407455444336, "raw_occupancy": 1, "timestamp": "2026-09-15 18:55:32" }, "geometry": { "type": "Point", "coordinates": [ 23.352407455444336, 42.687320709228516 ] } },
{ "type": "Feature", "properties": { "vehicle_id": "A3662", "latitude": 42.643863677978516, "longitude": 23.333913803100586, "raw_occupancy": 2, "timestamp": "2026-09-15 18:55:32" }, "geometry": { "type": "Point", "coordinates": [ 23.333913803100586, 42.643863677978516 ] } },
{ "type": "Feature", "properties": { "vehicle_id": "A3608", "latitude": 42.648735046386719, "longitude": 23.377365112304688, "raw_occupancy": 1, "timestamp": "2026-09-15 18:55:32" }, "geometry": { "type": "Point", "coordinates": [ 23.377365112304688, 42.648735046386719 ] } },
{ "type": "Feature", "properties": { "vehicle_id": "A3410", "latitude": 42.663177490234375, "longitude": 23.397825241088867, "raw_occupancy": 2, "timestamp": "2026-09-15 18:55:32" }, "geometry": { "type": "Point", "coordinates": [ 23.397825241088867, 42.663177490234375 ] } },
{ "type": "Feature", "properties": { "vehicle_id": "A3613", "latitude": 42.668949127197266, "longitude": 23.400609970092773, "raw_occupancy": 0, "timestamp": "2026-09-15 18:55:32" }, "geometry": { "type": "Point", "coordinates": [ 23.400609970092773, 42.668949127197266 ] } },
{ "type": "Feature", "properties": { "vehicle_id": "A2034", "latitude": 42.656669616699219, "longitude": 23.318584442138672, "raw_occupancy": 1, "timestamp": "2026-09-15 18:55:32" }, "geometry": { "type": "Point", "coordinates": [ 23.318584442138672, 42.656669616699219 ] } },
{ "type": "Feature", "properties": { "vehicle_id": "A2823", "latitude": 42.664756774902344, "longitude": 23.2437744140625, "raw_occupancy": 2, "timestamp": "2026-09-15 18:55:32" }, "geometry": { "type": "Point", "coordinates": [ 23.2437744140625, 42.664756774902344 ] } },
{ "type": "Feature", "properties": { "vehicle_id": "A3301", "latitude": 42.652397155761719, "longitude": 23.414056777954102, "raw_occupancy": 0, "timestamp": "2026-09-15 18:55:32" }, "geometry": { "type": "Point", "coordinates": [ 23.414056777954102, 42.652397155761719 ] } },
{ "type": "Feature", "properties": { "vehicle_id": "A7125", "latitude": 42.707939147949219, "longitude": 23.318143844604492, "raw_occupancy": 1, "timestamp": "2026-09-15 18:55:32" }, "geometry": { "type": "Point", "coordinates": [ 23.318143844604492, 42.707939147949219 ] } },
{ "type": "Feature", "properties": { "vehicle_id": "A7169", "latitude": 42.716289520263672, "longitude": 23.439052581787109, "raw_occupancy": 1, "timestamp": "2026-09-15 18:55:32" }, "geometry": { "type": "Point", "coordinates": [ 23.439052581787109, 42.716289520263672 ] } },
{ "type": "Feature", "properties": { "vehicle_id": "A3605", "latitude": 42.606575012207031, "longitude": 23.496135711669922, "raw_occupancy": 1, "timestamp": "2026-09-15 18:55:32" }, "geometry": { "type": "Point", "coordinates": [ 23.496135711669922, 42.606575012207031 ] } },
{ "type": "Feature", "properties": { "vehicle_id": "A2048", "latitude": 42.577743530273438, "longitude": 23.414846420288086, "raw_occupancy": 0, "timestamp": "2026-09-15 18:55:32" }, "geometry": { "type": "Point", "coordinates": [ 23.414846420288086, 42.577743530273438 ] } },
{ "type": "Feature", "properties": { "vehicle_id": "A1807", "latitude": 42.693229675292969, "longitude": 23.181953430175781, "raw_occupancy": 0, "timestamp": "2026-09-15 18:55:32" }, "geometry": { "type": "Point", "coordinates": [ 23.181953430175781, 42.693229675292969 ] } },
{ "type": "Feature", "properties": { "vehicle_id": "A3124", "latitude": 42.666278839111328, "longitude": 23.300283432006836, "raw_occupancy": 1, "timestamp": "2026-09-15 18:55:32" }, "geometry": { "type": "Point", "coordinates": [ 23.300283432006836, 42.666278839111328 ] } },
{ "type": "Feature", "properties": { "vehicle_id": "A2046", "latitude": 42.723861694335938, "longitude": 23.258111953735352, "raw_occupancy": 1, "timestamp": "2026-09-15 18:55:32" }, "geometry": { "type": "Point", "coordinates": [ 23.258111953735352, 42.723861694335938 ] } },
{ "type": "Feature", "properties": { "vehicle_id": "A1181", "latitude": 42.686191558837891, "longitude": 23.274797439575195, "raw_occupancy": 0, "timestamp": "2026-09-15 18:55:32" }, "geometry": { "type": "Point", "coordinates": [ 23.274797439575195, 42.686191558837891 ] } },
{ "type": "Feature", "properties": { "vehicle_id": "A2311", "latitude": 42.690750122070312, "longitude": 23.337442398071289, "raw_occupancy": 1, "timestamp": "2026-09-15 18:55:32" }, "geometry": { "type": "Point", "coordinates": [ 23.337442398071289, 42.690750122070312 ] } },
{ "type": "Feature", "properties": { "vehicle_id": "A1606", "latitude": 42.645500183105469, "longitude": 23.302749633789062, "raw_occupancy": 2, "timestamp": "2026-09-15 18:55:32" }, "geometry": { "type": "Point", "coordinates": [ 23.302749633789062, 42.645500183105469 ] } },
{ "type": "Feature", "properties": { "vehicle_id": "A1310", "latitude": 42.72509765625, "longitude": 23.210660934448242, "raw_occupancy": 1, "timestamp": "2026-09-15 18:55:32" }, "geometry": { "type": "Point", "coordinates": [ 23.210660934448242, 42.72509765625 ] } },
{ "type": "Feature", "properties": { "vehicle_id": "A3401", "latitude": 42.676944732666016, "longitude": 23.34229850769043, "raw_occupancy": 1, "timestamp": "2026-09-15 18:55:32" }, "geometry": { "type": "Point", "coordinates": [ 23.34229850769043, 42.676944732666016 ] } },
{ "type": "Feature", "properties": { "vehicle_id": "A3145", "latitude": 42.640403747558594, "longitude": 23.413078308105469, "raw_occupancy": 0, "timestamp": "2026-09-15 18:55:32" }, "geometry": { "type": "Point", "coordinates": [ 23.413078308105469, 42.640403747558594 ] } },
{ "type": "Feature", "properties": { "vehicle_id": "A2810", "latitude": 42.714012145996094, "longitude": 23.307609558105469, "raw_occupancy": 2, "timestamp": "2026-09-15 18:55:32" }, "geometry": { "type": "Point", "coordinates": [ 23.307609558105469, 42.714012145996094 ] } },
{ "type": "Feature", "properties": { "vehicle_id": "A1230", "latitude": 42.711997985839844, "longitude": 23.164943695068359, "raw_occupancy": 1, "timestamp": "2026-09-15 18:55:32" }, "geometry": { "type": "Point", "coordinates": [ 23.164943695068359, 42.711997985839844 ] } },
{ "type": "Feature", "properties": { "vehicle_id": "A1179", "latitude": 42.6761474609375, "longitude": 23.288471221923828, "raw_occupancy": 1, "timestamp": "2026-09-15 18:55:32" }, "geometry": { "type": "Point", "coordinates": [ 23.288471221923828, 42.6761474609375 ] } },
{ "type": "Feature", "properties": { "vehicle_id": "A2509", "latitude": 42.687908172607422, "longitude": 23.333789825439453, "raw_occupancy": 2, "timestamp": "2026-09-15 18:55:32" }, "geometry": { "type": "Point", "coordinates": [ 23.333789825439453, 42.687908172607422 ] } },
{ "type": "Feature", "properties": { "vehicle_id": "A1605", "latitude": 42.683086395263672, "longitude": 23.270437240600586, "raw_occupancy": 1, "timestamp": "2026-09-15 18:55:32" }, "geometry": { "type": "Point", "coordinates": [ 23.270437240600586, 42.683086395263672 ] } },
{ "type": "Feature", "properties": { "vehicle_id": "A1180", "latitude": 42.670696258544922, "longitude": 23.337764739990234, "raw_occupancy": 1, "timestamp": "2026-09-15 18:55:32" }, "geometry": { "type": "Point", "coordinates": [ 23.337764739990234, 42.670696258544922 ] } },
{ "type": "Feature", "properties": { "vehicle_id": "A2727", "latitude": 42.789081573486328, "longitude": 23.30413818359375, "raw_occupancy": 2, "timestamp": "2026-09-15 18:55:32" }, "geometry": { "type": "Point", "coordinates": [ 23.30413818359375, 42.789081573486328 ] } },
{ "type": "Feature", "properties": { "vehicle_id": "A2514", "latitude": 42.695724487304688, "longitude": 23.284931182861328, "raw_occupancy": 1, "timestamp": "2026-09-15 18:55:32" }, "geometry": { "type": "Point", "coordinates": [ 23.284931182861328, 42.695724487304688 ] } },
{ "type": "Feature", "properties": { "vehicle_id": "A2722", "latitude": 42.791908264160156, "longitude": 23.445449829101562, "raw_occupancy": 0, "timestamp": "2026-09-15 18:55:32" }, "geometry": { "type": "Point", "coordinates": [ 23.445449829101562, 42.791908264160156 ] } },
{ "type": "Feature", "properties": { "vehicle_id": "A1156", "latitude": 42.665729522705078, "longitude": 23.302013397216797, "raw_occupancy": 0, "timestamp": "2026-09-15 18:55:32" }, "geometry": { "type": "Point", "coordinates": [ 23.302013397216797, 42.665729522705078 ] } },
{ "type": "Feature", "properties": { "vehicle_id": "A1821", "latitude": 42.682094573974609, "longitude": 23.242586135864258, "raw_occupancy": 2, "timestamp": "2026-09-15 18:55:32" }, "geometry": { "type": "Point", "coordinates": [ 23.242586135864258, 42.682094573974609 ] } },
{ "type": "Feature", "properties": { "vehicle_id": "A3158", "latitude": 42.666015625, "longitude": 23.285772323608398, "raw_occupancy": 1, "timestamp": "2026-09-15 18:55:32" }, "geometry": { "type": "Point", "coordinates": [ 23.285772323608398, 42.666015625 ] } },
{ "type": "Feature", "properties": { "vehicle_id": "A1185", "latitude": 42.663768768310547, "longitude": 23.344081878662109, "raw_occupancy": 2, "timestamp": "2026-09-15 18:55:32" }, "geometry": { "type": "Point", "coordinates": [ 23.344081878662109, 42.663768768310547 ] } },
{ "type": "Feature", "properties": { "vehicle_id": "A1175", "latitude": 42.659271240234375, "longitude": 23.316320419311523, "raw_occupancy": 1, "timestamp": "2026-09-15 18:55:32" }, "geometry": { "type": "Point", "coordinates": [ 23.316320419311523, 42.659271240234375 ] } },
{ "type": "Feature", "properties": { "vehicle_id": "A2501", "latitude": 42.704624176025391, "longitude": 23.324502944946289, "raw_occupancy": 1, "timestamp": "2026-09-15 18:55:32" }, "geometry": { "type": "Point", "coordinates": [ 23.324502944946289, 42.704624176025391 ] } },
{ "type": "Feature", "properties": { "vehicle_id": "A3651", "latitude": 42.603649139404297, "longitude": 23.402219772338867, "raw_occupancy": 1, "timestamp": "2026-09-15 18:55:32" }, "geometry": { "type": "Point", "coordinates": [ 23.402219772338867, 42.603649139404297 ] } },
{ "type": "Feature", "properties": { "vehicle_id": "A7165", "latitude": 42.707595825195312, "longitude": 23.458141326904297, "raw_occupancy": 0, "timestamp": "2026-09-15 18:55:32" }, "geometry": { "type": "Point", "coordinates": [ 23.458141326904297, 42.707595825195312 ] } },
{ "type": "Feature", "properties": { "vehicle_id": "A2061", "latitude": 42.710773468017578, "longitude": 23.333843231201172, "raw_occupancy": 0, "timestamp": "2026-09-15 18:55:32" }, "geometry": { "type": "Point", "coordinates": [ 23.333843231201172, 42.710773468017578 ] } },
{ "type": "Feature", "properties": { "vehicle_id": "A7071", "latitude": 42.753082275390625, "longitude": 23.275579452514648, "raw_occupancy": 1, "timestamp": "2026-09-15 18:55:32" }, "geometry": { "type": "Point", "coordinates": [ 23.275579452514648, 42.753082275390625 ] } },
{ "type": "Feature", "properties": { "vehicle_id": "A2305", "latitude": 42.737228393554688, "longitude": 23.29572868347168, "raw_occupancy": 0, "timestamp": "2026-09-15 18:55:32" }, "geometry": { "type": "Point", "coordinates": [ 23.29572868347168, 42.737228393554688 ] } },
{ "type": "Feature", "properties": { "vehicle_id": "A2014", "latitude": 42.710853576660156, "longitude": 23.384469985961914, "raw_occupancy": 1, "timestamp": "2026-09-15 18:55:32" }, "geometry": { "type": "Point", "coordinates": [ 23.384469985961914, 42.710853576660156 ] } },
{ "type": "Feature", "properties": { "vehicle_id": "A1155", "latitude": 42.684879302978516, "longitude": 23.325401306152344, "raw_occupancy": 2, "timestamp": "2026-09-15 18:55:32" }, "geometry": { "type": "Point", "coordinates": [ 23.325401306152344, 42.684879302978516 ] } },
{ "type": "Feature", "properties": { "vehicle_id": "A3408", "latitude": 42.692237854003906, "longitude": 23.335269927978516, "raw_occupancy": 1, "timestamp": "2026-09-15 18:55:32" }, "geometry": { "type": "Point", "coordinates": [ 23.335269927978516, 42.692237854003906 ] } },
{ "type": "Feature", "properties": { "vehicle_id": "A2815", "latitude": 42.722949981689453, "longitude": 23.3291015625, "raw_occupancy": 1, "timestamp": "2026-09-15 18:55:32" }, "geometry": { "type": "Point", "coordinates": [ 23.3291015625, 42.722949981689453 ] } },
{ "type": "Feature", "properties": { "vehicle_id": "A1314", "latitude": 42.686573028564453, "longitude": 23.299228668212891, "raw_occupancy": 0, "timestamp": "2026-09-15 18:55:32" }, "geometry": { "type": "Point", "coordinates": [ 23.299228668212891, 42.686573028564453 ] } },
{ "type": "Feature", "properties": { "vehicle_id": "A3132", "latitude": 42.651615142822266, "longitude": 23.379043579101562, "raw_occupancy": 3, "timestamp": "2026-09-15 18:55:32" }, "geometry": { "type": "Point", "coordinates": [ 23.379043579101562, 42.651615142822266 ] } },
{ "type": "Feature", "properties": { "vehicle_id": "A1809", "latitude": 42.6241455078125, "longitude": 23.37481689453125, "raw_occupancy": 2, "timestamp": "2026-09-15 18:55:32" }, "geometry": { "type": "Point", "coordinates": [ 23.37481689453125, 42.6241455078125 ] } },
{ "type": "Feature", "properties": { "vehicle_id": "A3601", "latitude": 42.664192199707031, "longitude": 23.424280166625977, "raw_occupancy": 1, "timestamp": "2026-09-15 18:55:32" }, "geometry": { "type": "Point", "coordinates": [ 23.424280166625977, 42.664192199707031 ] } },
{ "type": "Feature", "properties": { "vehicle_id": "A2088", "latitude": 42.704563140869141, "longitude": 23.331380844116211, "raw_occupancy": 1, "timestamp": "2026-09-15 18:55:32" }, "geometry": { "type": "Point", "coordinates": [ 23.331380844116211, 42.704563140869141 ] } },
{ "type": "Feature", "properties": { "vehicle_id": "A2051", "latitude": 42.692619323730469, "longitude": 23.344083786010742, "raw_occupancy": 3, "timestamp": "2026-09-15 18:55:32" }, "geometry": { "type": "Point", "coordinates": [ 23.344083786010742, 42.692619323730469 ] } },
{ "type": "Feature", "properties": { "vehicle_id": "A1184", "latitude": 42.643642425537109, "longitude": 23.345169067382812, "raw_occupancy": 1, "timestamp": "2026-09-15 18:55:32" }, "geometry": { "type": "Point", "coordinates": [ 23.345169067382812, 42.643642425537109 ] } },
{ "type": "Feature", "properties": { "vehicle_id": "A2825", "latitude": 42.707714080810547, "longitude": 23.298252105712891, "raw_occupancy": 1, "timestamp": "2026-09-15 18:55:32" }, "geometry": { "type": "Point", "coordinates": [ 23.298252105712891, 42.707714080810547 ] } },
{ "type": "Feature", "properties": { "vehicle_id": "A3400", "latitude": 42.662014007568359, "longitude": 23.389423370361328, "raw_occupancy": 1, "timestamp": "2026-09-15 18:55:32" }, "geometry": { "type": "Point", "coordinates": [ 23.389423370361328, 42.662014007568359 ] } },
{ "type": "Feature", "properties": { "vehicle_id": "A1849", "latitude": 42.722808837890625, "longitude": 23.25779914855957, "raw_occupancy": 3, "timestamp": "2026-09-15 18:55:32" }, "geometry": { "type": "Point", "coordinates": [ 23.25779914855957, 42.722808837890625 ] } },
{ "type": "Feature", "properties": { "vehicle_id": "A2036", "latitude": 42.663669586181641, "longitude": 23.344202041625977, "raw_occupancy": 3, "timestamp": "2026-09-15 18:55:32" }, "geometry": { "type": "Point", "coordinates": [ 23.344202041625977, 42.663669586181641 ] } },
{ "type": "Feature", "properties": { "vehicle_id": "A7187", "latitude": 42.736537933349609, "longitude": 23.395017623901367, "raw_occupancy": 0, "timestamp": "2026-09-15 18:55:32" }, "geometry": { "type": "Point", "coordinates": [ 23.395017623901367, 42.736537933349609 ] } },
{ "type": "Feature", "properties": { "vehicle_id": "A7141", "latitude": 42.733268737792969, "longitude": 23.343507766723633, "raw_occupancy": 1, "timestamp": "2026-09-15 18:55:32" }, "geometry": { "type": "Point", "coordinates": [ 23.343507766723633, 42.733268737792969 ] } },
{ "type": "Feature", "properties": { "vehicle_id": "A3655", "latitude": 42.657894134521484, "longitude": 23.340913772583008, "raw_occupancy": 2, "timestamp": "2026-09-15 18:55:32" }, "geometry": { "type": "Point", "coordinates": [ 23.340913772583008, 42.657894134521484 ] } },
{ "type": "Feature", "properties": { "vehicle_id": "A1021", "latitude": 42.669261932373047, "longitude": 23.229827880859375, "raw_occupancy": 2, "timestamp": "2026-09-15 18:55:32" }, "geometry": { "type": "Point", "coordinates": [ 23.229827880859375, 42.669261932373047 ] } },
{ "type": "Feature", "properties": { "vehicle_id": "A1152", "latitude": 42.643253326416016, "longitude": 23.337562561035156, "raw_occupancy": 1, "timestamp": "2026-09-15 18:55:32" }, "geometry": { "type": "Point", "coordinates": [ 23.337562561035156, 42.643253326416016 ] } },
{ "type": "Feature", "properties": { "vehicle_id": "A1610", "latitude": 42.724941253662109, "longitude": 23.243690490722656, "raw_occupancy": 1, "timestamp": "2026-09-15 18:55:32" }, "geometry": { "type": "Point", "coordinates": [ 23.243690490722656, 42.724941253662109 ] } },
{ "type": "Feature", "properties": { "vehicle_id": "A2519", "latitude": 42.689216613769531, "longitude": 23.363332748413086, "raw_occupancy": 2, "timestamp": "2026-09-15 18:55:32" }, "geometry": { "type": "Point", "coordinates": [ 23.363332748413086, 42.689216613769531 ] } },
{ "type": "Feature", "properties": { "vehicle_id": "A3147", "latitude": 42.659965515136719, "longitude": 23.392253875732422, "raw_occupancy": 2, "timestamp": "2026-09-15 18:55:32" }, "geometry": { "type": "Point", "coordinates": [ 23.392253875732422, 42.659965515136719 ] } },
{ "type": "Feature", "properties": { "vehicle_id": "A1405", "latitude": 42.648960113525391, "longitude": 23.273305892944336, "raw_occupancy": 1, "timestamp": "2026-09-15 18:55:32" }, "geometry": { "type": "Point", "coordinates": [ 23.273305892944336, 42.648960113525391 ] } },
{ "type": "Feature", "properties": { "vehicle_id": "A1404", "latitude": 42.681499481201172, "longitude": 23.302043914794922, "raw_occupancy": 0, "timestamp": "2026-09-15 18:55:32" }, "geometry": { "type": "Point", "coordinates": [ 23.302043914794922, 42.681499481201172 ] } },
{ "type": "Feature", "properties": { "vehicle_id": "A2310", "latitude": 42.657871246337891, "longitude": 23.358993530273438, "raw_occupancy": 3, "timestamp": "2026-09-15 18:55:32" }, "geometry": { "type": "Point", "coordinates": [ 23.358993530273438, 42.657871246337891 ] } },
{ "type": "Feature", "properties": { "vehicle_id": "A2077", "latitude": 42.718795776367188, "longitude": 23.339679718017578, "raw_occupancy": 2, "timestamp": "2026-09-15 18:55:32" }, "geometry": { "type": "Point", "coordinates": [ 23.339679718017578, 42.718795776367188 ] } },
{ "type": "Feature", "properties": { "vehicle_id": "A3623", "latitude": 42.673892974853516, "longitude": 23.430658340454102, "raw_occupancy": 2, "timestamp": "2026-09-15 18:55:32" }, "geometry": { "type": "Point", "coordinates": [ 23.430658340454102, 42.673892974853516 ] } },
{ "type": "Feature", "properties": { "vehicle_id": "A7151", "latitude": 42.705944061279297, "longitude": 23.332649230957031, "raw_occupancy": 3, "timestamp": "2026-09-15 18:55:32" }, "geometry": { "type": "Point", "coordinates": [ 23.332649230957031, 42.705944061279297 ] } },
{ "type": "Feature", "properties": { "vehicle_id": "A7095", "latitude": 42.711429595947266, "longitude": 23.354619979858398, "raw_occupancy": 1, "timestamp": "2026-09-15 18:55:32" }, "geometry": { "type": "Point", "coordinates": [ 23.354619979858398, 42.711429595947266 ] } },
{ "type": "Feature", "properties": { "vehicle_id": "A3157", "latitude": 42.628894805908203, "longitude": 23.372879028320312, "raw_occupancy": 0, "timestamp": "2026-09-15 18:55:32" }, "geometry": { "type": "Point", "coordinates": [ 23.372879028320312, 42.628894805908203 ] } },
{ "type": "Feature", "properties": { "vehicle_id": "A2002", "latitude": 42.662681579589844, "longitude": 23.35594367980957, "raw_occupancy": 2, "timestamp": "2026-09-15 18:55:32" }, "geometry": { "type": "Point", "coordinates": [ 23.35594367980957, 42.662681579589844 ] } },
{ "type": "Feature", "properties": { "vehicle_id": "A2072", "latitude": 42.708454132080078, "longitude": 23.332338333129883, "raw_occupancy": 0, "timestamp": "2026-09-15 18:55:32" }, "geometry": { "type": "Point", "coordinates": [ 23.332338333129883, 42.708454132080078 ] } },
{ "type": "Feature", "properties": { "vehicle_id": "A7087", "latitude": 42.787750244140625, "longitude": 23.273109436035156, "raw_occupancy": 2, "timestamp": "2026-09-15 18:55:32" }, "geometry": { "type": "Point", "coordinates": [ 23.273109436035156, 42.787750244140625 ] } },
{ "type": "Feature", "properties": { "vehicle_id": "A2507", "latitude": 42.676918029785156, "longitude": 23.35997200012207, "raw_occupancy": 2, "timestamp": "2026-09-15 18:55:32" }, "geometry": { "type": "Point", "coordinates": [ 23.35997200012207, 42.676918029785156 ] } },
{ "type": "Feature", "properties": { "vehicle_id": "A3109", "latitude": 42.645542144775391, "longitude": 23.3780517578125, "raw_occupancy": 2, "timestamp": "2026-09-15 18:55:32" }, "geometry": { "type": "Point", "coordinates": [ 23.3780517578125, 42.645542144775391 ] } },
{ "type": "Feature", "properties": { "vehicle_id": "A1166", "latitude": 42.675289154052734, "longitude": 23.289796829223633, "raw_occupancy": 3, "timestamp": "2026-09-15 18:55:32" }, "geometry": { "type": "Point", "coordinates": [ 23.289796829223633, 42.675289154052734 ] } },
{ "type": "Feature", "properties": { "vehicle_id": "A1226", "latitude": 42.72296142578125, "longitude": 23.238273620605469, "raw_occupancy": 1, "timestamp": "2026-09-15 18:55:32" }, "geometry": { "type": "Point", "coordinates": [ 23.238273620605469, 42.72296142578125 ] } },
{ "type": "Feature", "properties": { "vehicle_id": "A3670", "latitude": 42.687118530273438, "longitude": 23.401523590087891, "raw_occupancy": 1, "timestamp": "2026-09-15 18:55:32" }, "geometry": { "type": "Point", "coordinates": [ 23.401523590087891, 42.687118530273438 ] } },
{ "type": "Feature", "properties": { "vehicle_id": "A7115", "latitude": 42.774082183837891, "longitude": 23.315650939941406, "raw_occupancy": 1, "timestamp": "2026-09-15 18:55:32" }, "geometry": { "type": "Point", "coordinates": [ 23.315650939941406, 42.774082183837891 ] } },
{ "type": "Feature", "properties": { "vehicle_id": "A7041", "latitude": 42.828498840332031, "longitude": 23.239347457885742, "raw_occupancy": 1, "timestamp": "2026-09-15 18:55:32" }, "geometry": { "type": "Point", "coordinates": [ 23.239347457885742, 42.828498840332031 ] } },
{ "type": "Feature", "properties": { "vehicle_id": "A1869", "latitude": 42.713130950927734, "longitude": 23.161565780639648, "raw_occupancy": 0, "timestamp": "2026-09-15 18:55:32" }, "geometry": { "type": "Point", "coordinates": [ 23.161565780639648, 42.713130950927734 ] } },
{ "type": "Feature", "properties": { "vehicle_id": "A2053", "latitude": 42.631702423095703, "longitude": 23.408967971801758, "raw_occupancy": 1, "timestamp": "2026-09-15 18:55:32" }, "geometry": { "type": "Point", "coordinates": [ 23.408967971801758, 42.631702423095703 ] } },
{ "type": "Feature", "properties": { "vehicle_id": "A2302", "latitude": 42.647819519042969, "longitude": 23.341634750366211, "raw_occupancy": 1, "timestamp": "2026-09-15 18:55:32" }, "geometry": { "type": "Point", "coordinates": [ 23.341634750366211, 42.647819519042969 ] } },
{ "type": "Feature", "properties": { "vehicle_id": "A1819", "latitude": 42.757122039794922, "longitude": 23.244430541992188, "raw_occupancy": 1, "timestamp": "2026-09-15 18:55:32" }, "geometry": { "type": "Point", "coordinates": [ 23.244430541992188, 42.757122039794922 ] } },
{ "type": "Feature", "properties": { "vehicle_id": "A1153", "latitude": 42.732532501220703, "longitude": 23.296796798706055, "raw_occupancy": 1, "timestamp": "2026-09-15 18:55:32" }, "geometry": { "type": "Point", "coordinates": [ 23.296796798706055, 42.732532501220703 ] } },
{ "type": "Feature", "properties": { "vehicle_id": "A2038", "latitude": 42.644309997558594, "longitude": 23.341987609863281, "raw_occupancy": 1, "timestamp": "2026-09-15 18:55:32" }, "geometry": { "type": "Point", "coordinates": [ 23.341987609863281, 42.644309997558594 ] } },
{ "type": "Feature", "properties": { "vehicle_id": "A2086", "latitude": 42.737251281738281, "longitude": 23.295833587646484, "raw_occupancy": 1, "timestamp": "2026-09-15 18:55:32" }, "geometry": { "type": "Point", "coordinates": [ 23.295833587646484, 42.737251281738281 ] } },
{ "type": "Feature", "properties": { "vehicle_id": "A1861", "latitude": 42.715251922607422, "longitude": 23.243223190307617, "raw_occupancy": 3, "timestamp": "2026-09-15 18:55:32" }, "geometry": { "type": "Point", "coordinates": [ 23.243223190307617, 42.715251922607422 ] } },
{ "type": "Feature", "properties": { "vehicle_id": "A2090", "latitude": 42.665641784667969, "longitude": 23.373275756835938, "raw_occupancy": 1, "timestamp": "2026-09-15 18:55:32" }, "geometry": { "type": "Point", "coordinates": [ 23.373275756835938, 42.665641784667969 ] } },
{ "type": "Feature", "properties": { "vehicle_id": "A2070", "latitude": 42.633563995361328, "longitude": 23.449796676635742, "raw_occupancy": 1, "timestamp": "2026-09-15 18:55:32" }, "geometry": { "type": "Point", "coordinates": [ 23.449796676635742, 42.633563995361328 ] } },
{ "type": "Feature", "properties": { "vehicle_id": "A2026", "latitude": 42.698787689208984, "longitude": 23.335065841674805, "raw_occupancy": 1, "timestamp": "2026-09-15 18:55:32" }, "geometry": { "type": "Point", "coordinates": [ 23.335065841674805, 42.698787689208984 ] } },
{ "type": "Feature", "properties": { "vehicle_id": "A7191", "latitude": 42.75811767578125, "longitude": 23.425579071044922, "raw_occupancy": 0, "timestamp": "2026-09-15 18:55:32" }, "geometry": { "type": "Point", "coordinates": [ 23.425579071044922, 42.75811767578125 ] } },
{ "type": "Feature", "properties": { "vehicle_id": "A3140", "latitude": 42.704242706298828, "longitude": 23.328483581542969, "raw_occupancy": 1, "timestamp": "2026-09-15 18:55:32" }, "geometry": { "type": "Point", "coordinates": [ 23.328483581542969, 42.704242706298828 ] } },
{ "type": "Feature", "properties": { "vehicle_id": "A7161", "latitude": 42.776138305664062, "longitude": 23.315345764160156, "raw_occupancy": 1, "timestamp": "2026-09-15 18:55:32" }, "geometry": { "type": "Point", "coordinates": [ 23.315345764160156, 42.776138305664062 ] } },
{ "type": "Feature", "properties": { "vehicle_id": "A7193", "latitude": 42.737777709960938, "longitude": 23.34370231628418, "raw_occupancy": 0, "timestamp": "2026-09-15 18:55:32" }, "geometry": { "type": "Point", "coordinates": [ 23.34370231628418, 42.737777709960938 ] } },
{ "type": "Feature", "properties": { "vehicle_id": "A2076", "latitude": 42.6766357421875, "longitude": 23.369657516479492, "raw_occupancy": 1, "timestamp": "2026-09-15 18:55:32" }, "geometry": { "type": "Point", "coordinates": [ 23.369657516479492, 42.6766357421875 ] } },
{ "type": "Feature", "properties": { "vehicle_id": "A3606", "latitude": 42.619949340820312, "longitude": 23.369146347045898, "raw_occupancy": 2, "timestamp": "2026-09-15 18:55:32" }, "geometry": { "type": "Point", "coordinates": [ 23.369146347045898, 42.619949340820312 ] } },
{ "type": "Feature", "properties": { "vehicle_id": "A1839", "latitude": 42.705780029296875, "longitude": 23.316249847412109, "raw_occupancy": 1, "timestamp": "2026-09-15 18:55:32" }, "geometry": { "type": "Point", "coordinates": [ 23.316249847412109, 42.705780029296875 ] } },
{ "type": "Feature", "properties": { "vehicle_id": "A7173", "latitude": 42.710765838623047, "longitude": 23.348804473876953, "raw_occupancy": 0, "timestamp": "2026-09-15 18:55:32" }, "geometry": { "type": "Point", "coordinates": [ 23.348804473876953, 42.710765838623047 ] } },
{ "type": "Feature", "properties": { "vehicle_id": "A2306", "latitude": 42.648624420166016, "longitude": 23.341642379760742, "raw_occupancy": 2, "timestamp": "2026-09-15 18:55:32" }, "geometry": { "type": "Point", "coordinates": [ 23.341642379760742, 42.648624420166016 ] } },
{ "type": "Feature", "properties": { "vehicle_id": "A3622", "latitude": 42.676315307617188, "longitude": 23.464637756347656, "raw_occupancy": 0, "timestamp": "2026-09-15 18:55:32" }, "geometry": { "type": "Point", "coordinates": [ 23.464637756347656, 42.676315307617188 ] } },
{ "type": "Feature", "properties": { "vehicle_id": "A7055", "latitude": 42.718875885009766, "longitude": 23.442831039428711, "raw_occupancy": 2, "timestamp": "2026-09-15 18:55:32" }, "geometry": { "type": "Point", "coordinates": [ 23.442831039428711, 42.718875885009766 ] } },
{ "type": "Feature", "properties": { "vehicle_id": "A3101", "latitude": 42.705513000488281, "longitude": 23.320283889770508, "raw_occupancy": 0, "timestamp": "2026-09-15 18:55:32" }, "geometry": { "type": "Point", "coordinates": [ 23.320283889770508, 42.705513000488281 ] } },
{ "type": "Feature", "properties": { "vehicle_id": "A3154", "latitude": 42.673416137695312, "longitude": 23.286050796508789, "raw_occupancy": 1, "timestamp": "2026-09-15 18:55:32" }, "geometry": { "type": "Point", "coordinates": [ 23.286050796508789, 42.673416137695312 ] } },
{ "type": "Feature", "properties": { "vehicle_id": "A3152", "latitude": 42.658000946044922, "longitude": 23.328445434570312, "raw_occupancy": 0, "timestamp": "2026-09-15 18:55:32" }, "geometry": { "type": "Point", "coordinates": [ 23.328445434570312, 42.658000946044922 ] } },
{ "type": "Feature", "properties": { "vehicle_id": "A7159", "latitude": 42.730831146240234, "longitude": 23.313251495361328, "raw_occupancy": 3, "timestamp": "2026-09-15 18:55:32" }, "geometry": { "type": "Point", "coordinates": [ 23.313251495361328, 42.730831146240234 ] } },
{ "type": "Feature", "properties": { "vehicle_id": "A7061", "latitude": 42.820674896240234, "longitude": 23.354459762573242, "raw_occupancy": 0, "timestamp": "2026-09-15 18:55:32" }, "geometry": { "type": "Point", "coordinates": [ 23.354459762573242, 42.820674896240234 ] } },
{ "type": "Feature", "properties": { "vehicle_id": "A3150", "latitude": 42.648944854736328, "longitude": 23.409175872802734, "raw_occupancy": 2, "timestamp": "2026-09-15 18:55:32" }, "geometry": { "type": "Point", "coordinates": [ 23.409175872802734, 42.648944854736328 ] } },
{ "type": "Feature", "properties": { "vehicle_id": "A3129", "latitude": 42.639015197753906, "longitude": 23.389413833618164, "raw_occupancy": 0, "timestamp": "2026-09-15 18:55:32" }, "geometry": { "type": "Point", "coordinates": [ 23.389413833618164, 42.639015197753906 ] } },
{ "type": "Feature", "properties": { "vehicle_id": "A2502", "latitude": 42.661144256591797, "longitude": 23.320196151733398, "raw_occupancy": 0, "timestamp": "2026-09-15 18:55:32" }, "geometry": { "type": "Point", "coordinates": [ 23.320196151733398, 42.661144256591797 ] } },
{ "type": "Feature", "properties": { "vehicle_id": "A1223", "latitude": 42.624065399169922, "longitude": 23.358636856079102, "raw_occupancy": 1, "timestamp": "2026-09-15 18:55:32" }, "geometry": { "type": "Point", "coordinates": [ 23.358636856079102, 42.624065399169922 ] } },
{ "type": "Feature", "properties": { "vehicle_id": "A1035", "latitude": 42.668140411376953, "longitude": 23.241001129150391, "raw_occupancy": 0, "timestamp": "2026-09-15 18:55:32" }, "geometry": { "type": "Point", "coordinates": [ 23.241001129150391, 42.668140411376953 ] } },
{ "type": "Feature", "properties": { "vehicle_id": "A1410", "latitude": 42.629123687744141, "longitude": 23.309518814086914, "raw_occupancy": 2, "timestamp": "2026-09-15 18:55:32" }, "geometry": { "type": "Point", "coordinates": [ 23.309518814086914, 42.629123687744141 ] } },
{ "type": "Feature", "properties": { "vehicle_id": "A1183", "latitude": 42.689411163330078, "longitude": 23.260627746582031, "raw_occupancy": 1, "timestamp": "2026-09-15 18:55:32" }, "geometry": { "type": "Point", "coordinates": [ 23.260627746582031, 42.689411163330078 ] } },
{ "type": "Feature", "properties": { "vehicle_id": "A3016", "latitude": 42.681747436523438, "longitude": 23.356008529663086, "raw_occupancy": 1, "timestamp": "2026-09-15 18:55:32" }, "geometry": { "type": "Point", "coordinates": [ 23.356008529663086, 42.681747436523438 ] } },
{ "type": "Feature", "properties": { "vehicle_id": "A3115", "latitude": 42.64617919921875, "longitude": 23.40485954284668, "raw_occupancy": 0, "timestamp": "2026-09-15 18:55:32" }, "geometry": { "type": "Point", "coordinates": [ 23.40485954284668, 42.64617919921875 ] } },
{ "type": "Feature", "properties": { "vehicle_id": "A3134", "latitude": 42.699596405029297, "longitude": 23.345094680786133, "raw_occupancy": 3, "timestamp": "2026-09-15 18:55:32" }, "geometry": { "type": "Point", "coordinates": [ 23.345094680786133, 42.699596405029297 ] } },
{ "type": "Feature", "properties": { "vehicle_id": "A3121", "latitude": 42.687702178955078, "longitude": 23.352277755737305, "raw_occupancy": 2, "timestamp": "2026-09-15 18:55:32" }, "geometry": { "type": "Point", "coordinates": [ 23.352277755737305, 42.687702178955078 ] } },
{ "type": "Feature", "properties": { "vehicle_id": "A3117", "latitude": 42.685985565185547, "longitude": 23.344194412231445, "raw_occupancy": 3, "timestamp": "2026-09-15 18:55:32" }, "geometry": { "type": "Point", "coordinates": [ 23.344194412231445, 42.685985565185547 ] } },
{ "type": "Feature", "properties": { "vehicle_id": "A2055", "latitude": 42.724876403808594, "longitude": 23.260107040405273, "raw_occupancy": 1, "timestamp": "2026-09-15 18:55:32" }, "geometry": { "type": "Point", "coordinates": [ 23.260107040405273, 42.724876403808594 ] } },
{ "type": "Feature", "properties": { "vehicle_id": "A1319", "latitude": 42.680892944335938, "longitude": 23.254961013793945, "raw_occupancy": 1, "timestamp": "2026-09-15 18:55:32" }, "geometry": { "type": "Point", "coordinates": [ 23.254961013793945, 42.680892944335938 ] } },
{ "type": "Feature", "properties": { "vehicle_id": "A7099", "latitude": 42.818504333496094, "longitude": 23.356266021728516, "raw_occupancy": 2, "timestamp": "2026-09-15 18:55:32" }, "geometry": { "type": "Point", "coordinates": [ 23.356266021728516, 42.818504333496094 ] } },
{ "type": "Feature", "properties": { "vehicle_id": "A3137", "latitude": 42.683666229248047, "longitude": 23.321567535400391, "raw_occupancy": 2, "timestamp": "2026-09-15 18:55:32" }, "geometry": { "type": "Point", "coordinates": [ 23.321567535400391, 42.683666229248047 ] } },
{ "type": "Feature", "properties": { "vehicle_id": "A1305", "latitude": 42.628608703613281, "longitude": 23.195821762084961, "raw_occupancy": 0, "timestamp": "2026-09-15 18:55:32" }, "geometry": { "type": "Point", "coordinates": [ 23.195821762084961, 42.628608703613281 ] } },
{ "type": "Feature", "properties": { "vehicle_id": "A3017", "latitude": 42.694606781005859, "longitude": 23.346311569213867, "raw_occupancy": 1, "timestamp": "2026-09-15 18:55:32" }, "geometry": { "type": "Point", "coordinates": [ 23.346311569213867, 42.694606781005859 ] } },
{ "type": "Feature", "properties": { "vehicle_id": "A2054", "latitude": 42.682582855224609, "longitude": 23.318317413330078, "raw_occupancy": 2, "timestamp": "2026-09-15 18:55:32" }, "geometry": { "type": "Point", "coordinates": [ 23.318317413330078, 42.682582855224609 ] } },
{ "type": "Feature", "properties": { "vehicle_id": "A7149", "latitude": 42.706233978271484, "longitude": 23.332389831542969, "raw_occupancy": 1, "timestamp": "2026-09-15 18:55:32" }, "geometry": { "type": "Point", "coordinates": [ 23.332389831542969, 42.706233978271484 ] } },
{ "type": "Feature", "properties": { "vehicle_id": "A2017", "latitude": 42.706520080566406, "longitude": 23.323465347290039, "raw_occupancy": 1, "timestamp": "2026-09-15 18:55:32" }, "geometry": { "type": "Point", "coordinates": [ 23.323465347290039, 42.706520080566406 ] } },
{ "type": "Feature", "properties": { "vehicle_id": "A2811", "latitude": 42.674396514892578, "longitude": 23.221651077270508, "raw_occupancy": 0, "timestamp": "2026-09-15 18:55:32" }, "geometry": { "type": "Point", "coordinates": [ 23.221651077270508, 42.674396514892578 ] } },
{ "type": "Feature", "properties": { "vehicle_id": "A7109", "latitude": 42.709712982177734, "longitude": 23.391101837158203, "raw_occupancy": 2, "timestamp": "2026-09-15 18:55:32" }, "geometry": { "type": "Point", "coordinates": [ 23.391101837158203, 42.709712982177734 ] } },
{ "type": "Feature", "properties": { "vehicle_id": "A7051", "latitude": 42.718803405761719, "longitude": 23.53260612487793, "raw_occupancy": 1, "timestamp": "2026-09-15 18:55:32" }, "geometry": { "type": "Point", "coordinates": [ 23.53260612487793, 42.718803405761719 ] } },
{ "type": "Feature", "properties": { "vehicle_id": "A2064", "latitude": 42.741661071777344, "longitude": 23.286201477050781, "raw_occupancy": 1, "timestamp": "2026-09-15 18:55:32" }, "geometry": { "type": "Point", "coordinates": [ 23.286201477050781, 42.741661071777344 ] } },
{ "type": "Feature", "properties": { "vehicle_id": "A2317", "latitude": 42.653621673583984, "longitude": 23.347202301025391, "raw_occupancy": 3, "timestamp": "2026-09-15 18:55:32" }, "geometry": { "type": "Point", "coordinates": [ 23.347202301025391, 42.653621673583984 ] } },
{ "type": "Feature", "properties": { "vehicle_id": "A2165", "latitude": 42.705554962158203, "longitude": 23.349822998046875, "raw_occupancy": 1, "timestamp": "2026-09-15 18:55:32" }, "geometry": { "type": "Point", "coordinates": [ 23.349822998046875, 42.705554962158203 ] } },
{ "type": "Feature", "properties": { "vehicle_id": "A2085", "latitude": 42.636428833007812, "longitude": 23.310714721679688, "raw_occupancy": 3, "timestamp": "2026-09-15 18:55:32" }, "geometry": { "type": "Point", "coordinates": [ 23.310714721679688, 42.636428833007812 ] } },
{ "type": "Feature", "properties": { "vehicle_id": "A3119", "latitude": 42.659061431884766, "longitude": 23.346408843994141, "raw_occupancy": 3, "timestamp": "2026-09-15 18:55:32" }, "geometry": { "type": "Point", "coordinates": [ 23.346408843994141, 42.659061431884766 ] } },
{ "type": "Feature", "properties": { "vehicle_id": "A7175", "latitude": 42.713363647460938, "longitude": 23.314662933349609, "raw_occupancy": 0, "timestamp": "2026-09-15 18:55:32" }, "geometry": { "type": "Point", "coordinates": [ 23.314662933349609, 42.713363647460938 ] } },
{ "type": "Feature", "properties": { "vehicle_id": "A1015", "latitude": 42.636959075927734, "longitude": 23.339691162109375, "raw_occupancy": 1, "timestamp": "2026-09-15 18:55:32" }, "geometry": { "type": "Point", "coordinates": [ 23.339691162109375, 42.636959075927734 ] } },
{ "type": "Feature", "properties": { "vehicle_id": "A1205", "latitude": 42.631717681884766, "longitude": 23.337108612060547, "raw_occupancy": 2, "timestamp": "2026-09-15 18:55:32" }, "geometry": { "type": "Point", "coordinates": [ 23.337108612060547, 42.631717681884766 ] } },
{ "type": "Feature", "properties": { "vehicle_id": "A1170", "latitude": 42.659130096435547, "longitude": 23.315837860107422, "raw_occupancy": 0, "timestamp": "2026-09-15 18:55:32" }, "geometry": { "type": "Point", "coordinates": [ 23.315837860107422, 42.659130096435547 ] } },
{ "type": "Feature", "properties": { "vehicle_id": "A2605", "latitude": 42.665386199951172, "longitude": 23.319316864013672, "raw_occupancy": 1, "timestamp": "2026-09-15 18:55:32" }, "geometry": { "type": "Point", "coordinates": [ 23.319316864013672, 42.665386199951172 ] } },
{ "type": "Feature", "properties": { "vehicle_id": "A1603", "latitude": 42.650760650634766, "longitude": 23.376321792602539, "raw_occupancy": 1, "timestamp": "2026-09-15 18:55:32" }, "geometry": { "type": "Point", "coordinates": [ 23.376321792602539, 42.650760650634766 ] } },
{ "type": "Feature", "properties": { "vehicle_id": "A3402", "latitude": 42.641925811767578, "longitude": 23.334692001342773, "raw_occupancy": 1, "timestamp": "2026-09-15 18:55:32" }, "geometry": { "type": "Point", "coordinates": [ 23.334692001342773, 42.641925811767578 ] } },
{ "type": "Feature", "properties": { "vehicle_id": "A3107", "latitude": 42.635349273681641, "longitude": 23.372716903686523, "raw_occupancy": 1, "timestamp": "2026-09-15 18:55:32" }, "geometry": { "type": "Point", "coordinates": [ 23.372716903686523, 42.635349273681641 ] } },
{ "type": "Feature", "properties": { "vehicle_id": "A1150", "latitude": 42.717086791992188, "longitude": 23.279502868652344, "raw_occupancy": 1, "timestamp": "2026-09-15 18:55:32" }, "geometry": { "type": "Point", "coordinates": [ 23.279502868652344, 42.717086791992188 ] } },
{ "type": "Feature", "properties": { "vehicle_id": "A2015", "latitude": 42.70635986328125, "longitude": 23.307174682617188, "raw_occupancy": 2, "timestamp": "2026-09-15 18:55:32" }, "geometry": { "type": "Point", "coordinates": [ 23.307174682617188, 42.70635986328125 ] } },
{ "type": "Feature", "properties": { "vehicle_id": "A3627", "latitude": 42.690258026123047, "longitude": 23.336353302001953, "raw_occupancy": 3, "timestamp": "2026-09-15 18:55:32" }, "geometry": { "type": "Point", "coordinates": [ 23.336353302001953, 42.690258026123047 ] } },
{ "type": "Feature", "properties": { "vehicle_id": "A7123", "latitude": 42.769107818603516, "longitude": 23.540658950805664, "raw_occupancy": 1, "timestamp": "2026-09-15 18:55:32" }, "geometry": { "type": "Point", "coordinates": [ 23.540658950805664, 42.769107818603516 ] } }
]
}
