{
"type": "FeatureCollection",
"name": "bus_occupancy_period_4_12-47-40",
"crs": { "type": "name", "properties": { "name": "urn:ogc:def:crs:OGC:1.3:CRS84" } },
"features": [
{ "type": "Feature", "properties": { "latitude": 42.707546234130859, "longitude": 23.323148727416992, "heatmap_weight": 1, "raw_occupancy": 0 }, "geometry": { "type": "Point", "coordinates": [ 23.323148727416992, 42.707546234130859 ] } },
{ "type": "Feature", "properties": { "latitude": 42.680362701416016, "longitude": 23.287992477416992, "heatmap_weight": 9, "raw_occupancy": 2 }, "geometry": { "type": "Point", "coordinates": [ 23.287992477416992, 42.680362701416016 ] } },
{ "type": "Feature", "properties": { "latitude": 42.698287963867188, "longitude": 23.311498641967773, "heatmap_weight": 4, "raw_occupancy": 1 }, "geometry": { "type": "Point", "coordinates": [ 23.311498641967773, 42.698287963867188 ] } },
{ "type": "Feature", "properties": { "latitude": 42.707492828369141, "longitude": 23.353069305419922, "heatmap_weight": 4, "raw_occupancy": 1 }, "geometry": { "type": "Point", "coordinates": [ 23.353069305419922, 42.707492828369141 ] } },
{ "type": "Feature", "properties": { "latitude": 42.678203582763672, "longitude": 23.285434722900391, "heatmap_weight": 16, "raw_occupancy": 3 }, "geometry": { "type": "Point", "coordinates": [ 23.285434722900391, 42.678203582763672 ] } },
{ "type": "Feature", "properties": { "latitude": 42.676731109619141, "longitude": 23.306186676025391, "heatmap_weight": 4, "raw_occupancy": 1 }, "geometry": { "type": "Point", "coordinates": [ 23.306186676025391, 42.676731109619141 ] } },
{ "type": "Feature", "properties": { "latitude": 42.706245422363281, "longitude": 23.332426071166992, "heatmap_weight": 1, "raw_occupancy": 0 }, "geometry": { "type": "Point", "coordinates": [ 23.332426071166992, 42.706245422363281 ] } },
{ "type": "Feature", "properties": { "latitude": 42.726703643798828, "longitude": 23.302421569824219, "heatmap_weight": 16, "raw_occupancy": 3 }, "geometry": { "type": "Point", "coordinates": [ 23.302421569824219, 42.726703643798828 ] } },
{ "type": "Feature", "properties": { "latitude": 42.678970336914062, "longitude": 23.299976348876953, "heatmap_weight": 4, "raw_occupancy": 1 }, "geometry": { "type": "Point", "coordinates": [ 23.299976348876953, 42.678970336914062 ] } },
{ "type": "Feature", "properties": { "latitude": 42.672084808349609, "longitude": 23.273092269897461, "heatmap_weight": 4, "raw_occupancy": 1 }, "geometry": { "type": "Point", "coordinates": [ 23.273092269897461, 42.672084808349609 ] } },
{ "type": "Feature", "properties": { "latitude": 42.688507080078125, "longitude": 23.31268310546875, "heatmap_weight": 4, "raw_occupancy": 1 }, "geometry": { "type": "Point", "coordinates": [ 23.31268310546875, 42.688507080078125 ] } },
{ "type": "Feature", "properties": { "latitude": 42.694572448730469, "longitude": 23.295122146606445, "heatmap_weight": 9, "raw_occupancy": 2 }, "geometry": { "type": "Point", "coordinates": [ 23.295122146606445, 42.694572448730469 ] } },
{ "type": "Feature", "properties": { "latitude": 42.710071563720703, "longitude": 23.318452835083008, "heatmap_weight": 9, "raw_occupancy": 2 }, "geometry": { "type": "Point", "coordinates": [ 23.318452835083008, 42.710071563720703 ] } },
{ "type": "Feature", "properties": { "latitude": 42.661781311035156, "longitude": 23.294639587402344, "heatmap_weight": 16, "raw_occupancy": 3 }, "geometry": { "type": "Point", "coordinates": [ 23.294639587402344, 42.661781311035156 ] } },
{ "type": "Feature", "properties": { "latitude": 42.64788818359375, "longitude": 23.31488037109375, "heatmap_weight": 4, "raw_occupancy": 1 }, "geometry": { "type": "Point", "coordinates": [ 23.31488037109375, 42.64788818359375 ] } },
{ "type": "Feature", "properties": { "latitude": 42.714179992675781, "longitude": 23.307764053344727, "heatmap_weight": 9, "raw_occupancy": 2 }, "geometry": { "type": "Point", "coordinates": [ 23.307764053344727, 42.714179992675781 ] } },
{ "type": "Feature", "properties": { "latitude": 42.694908142089844, "longitude": 23.321187973022461, "heatmap_weight": 9, "raw_occupancy": 2 }, "geometry": { "type": "Point", "coordinates": [ 23.321187973022461, 42.694908142089844 ] } },
{ "type": "Feature", "properties": { "latitude": 42.745380401611328, "longitude": 23.31812858581543, "heatmap_weight": 16, "raw_occupancy": 3 }, "geometry": { "type": "Point", "coordinates": [ 23.31812858581543, 42.745380401611328 ] } },
{ "type": "Feature", "properties": { "latitude": 42.663307189941406, "longitude": 23.323863983154297, "heatmap_weight": 16, "raw_occupancy": 3 }, "geometry": { "type": "Point", "coordinates": [ 23.323863983154297, 42.663307189941406 ] } },
{ "type": "Feature", "properties": { "latitude": 42.661380767822266, "longitude": 23.295766830444336, "heatmap_weight": 1, "raw_occupancy": 0 }, "geometry": { "type": "Point", "coordinates": [ 23.295766830444336, 42.661380767822266 ] } },
{ "type": "Feature", "properties": { "latitude": 42.658023834228516, "longitude": 23.32847785949707, "heatmap_weight": 1, "raw_occupancy": 0 }, "geometry": { "type": "Point", "coordinates": [ 23.32847785949707, 42.658023834228516 ] } },
{ "type": "Feature", "properties": { "latitude": 42.651844024658203, "longitude": 23.342489242553711, "heatmap_weight": 4, "raw_occupancy": 1 }, "geometry": { "type": "Point", "coordinates": [ 23.342489242553711, 42.651844024658203 ] } },
{ "type": "Feature", "properties": { "latitude": 42.661457061767578, "longitude": 23.273647308349609, "heatmap_weight": 4, "raw_occupancy": 1 }, "geometry": { "type": "Point", "coordinates": [ 23.273647308349609, 42.661457061767578 ] } },
{ "type": "Feature", "properties": { "latitude": 42.7369384765625, "longitude": 23.300907135009766, "heatmap_weight": 4, "raw_occupancy": 1 }, "geometry": { "type": "Point", "coordinates": [ 23.300907135009766, 42.7369384765625 ] } },
{ "type": "Feature", "properties": { "latitude": 42.744918823242188, "longitude": 23.318376541137695, "heatmap_weight": 1, "raw_occupancy": 0 }, "geometry": { "type": "Point", "coordinates": [ 23.318376541137695, 42.744918823242188 ] } },
{ "type": "Feature", "properties": { "latitude": 42.679367065429688, "longitude": 23.301351547241211, "heatmap_weight": 9, "raw_occupancy": 2 }, "geometry": { "type": "Point", "coordinates": [ 23.301351547241211, 42.679367065429688 ] } },
{ "type": "Feature", "properties": { "latitude": 42.688945770263672, "longitude": 23.319969177246094, "heatmap_weight": 4, "raw_occupancy": 1 }, "geometry": { "type": "Point", "coordinates": [ 23.319969177246094, 42.688945770263672 ] } },
{ "type": "Feature", "properties": { "latitude": 42.697322845458984, "longitude": 23.321435928344727, "heatmap_weight": 4, "raw_occupancy": 1 }, "geometry": { "type": "Point", "coordinates": [ 23.321435928344727, 42.697322845458984 ] } },
{ "type": "Feature", "properties": { "latitude": 42.659542083740234, "longitude": 23.381376266479492, "heatmap_weight": 4, "raw_occupancy": 1 }, "geometry": { "type": "Point", "coordinates": [ 23.381376266479492, 42.659542083740234 ] } },
{ "type": "Feature", "properties": { "latitude": 42.699085235595703, "longitude": 23.338838577270508, "heatmap_weight": 4, "raw_occupancy": 1 }, "geometry": { "type": "Point", "coordinates": [ 23.338838577270508, 42.699085235595703 ] } },
{ "type": "Feature", "properties": { "latitude": 42.685558319091797, "longitude": 23.274396896362305, "heatmap_weight": 4, "raw_occupancy": 1 }, "geometry": { "type": "Point", "coordinates": [ 23.274396896362305, 42.685558319091797 ] } },
{ "type": "Feature", "properties": { "latitude": 42.693794250488281, "longitude": 23.33445930480957, "heatmap_weight": 4, "raw_occupancy": 1 }, "geometry": { "type": "Point", "coordinates": [ 23.33445930480957, 42.693794250488281 ] } },
{ "type": "Feature", "properties": { "latitude": 42.677371978759766, "longitude": 23.369646072387695, "heatmap_weight": 4, "raw_occupancy": 1 }, "geometry": { "type": "Point", "coordinates": [ 23.369646072387695, 42.677371978759766 ] } },
{ "type": "Feature", "properties": { "latitude": 42.694301605224609, "longitude": 23.322422027587891, "heatmap_weight": 4, "raw_occupancy": 1 }, "geometry": { "type": "Point", "coordinates": [ 23.322422027587891, 42.694301605224609 ] } },
{ "type": "Feature", "properties": { "latitude": 42.751754760742188, "longitude": 23.497003555297852, "heatmap_weight": 9, "raw_occupancy": 2 }, "geometry": { "type": "Point", "coordinates": [ 23.497003555297852, 42.751754760742188 ] } },
{ "type": "Feature", "properties": { "latitude": 42.660686492919922, "longitude": 23.296731948852539, "heatmap_weight": 4, "raw_occupancy": 1 }, "geometry": { "type": "Point", "coordinates": [ 23.296731948852539, 42.660686492919922 ] } },
{ "type": "Feature", "properties": { "latitude": 42.729496002197266, "longitude": 23.319423675537109, "heatmap_weight": 1, "raw_occupancy": 0 }, "geometry": { "type": "Point", "coordinates": [ 23.319423675537109, 42.729496002197266 ] } },
{ "type": "Feature", "properties": { "latitude": 42.800216674804688, "longitude": 23.341020584106445, "heatmap_weight": 4, "raw_occupancy": 1 }, "geometry": { "type": "Point", "coordinates": [ 23.341020584106445, 42.800216674804688 ] } },
{ "type": "Feature", "properties": { "latitude": 42.624641418457031, "longitude": 23.357307434082031, "heatmap_weight": 4, "raw_occupancy": 1 }, "geometry": { "type": "Point", "coordinates": [ 23.357307434082031, 42.624641418457031 ] } },
{ "type": "Feature", "properties": { "latitude": 42.671592712402344, "longitude": 23.395225524902344, "heatmap_weight": 9, "raw_occupancy": 2 }, "geometry": { "type": "Point", "coordinates": [ 23.395225524902344, 42.671592712402344 ] } },
{ "type": "Feature", "properties": { "latitude": 42.685359954833984, "longitude": 23.344699859619141, "heatmap_weight": 9, "raw_occupancy": 2 }, "geometry": { "type": "Point", "coordinates": [ 23.344699859619141, 42.685359954833984 ] } },
{ "type": "Feature", "properties": { "latitude": 42.674758911132812, "longitude": 23.359931945800781, "heatmap_weight": 9, "raw_occupancy": 2 }, "geometry": { "type": "Point", "coordinates": [ 23.359931945800781, 42.674758911132812 ] } },
{ "type": "Feature", "properties": { "latitude": 42.688167572021484, "longitude": 23.3291015625, "heatmap_weight": 4, "raw_occupancy": 1 }, "geometry": { "type": "Point", "coordinates": [ 23.3291015625, 42.688167572021484 ] } },
{ "type": "Feature", "properties": { "latitude": 42.619007110595703, "longitude": 23.333663940429688, "heatmap_weight": 4, "raw_occupancy": 1 }, "geometry": { "type": "Point", "coordinates": [ 23.333663940429688, 42.619007110595703 ] } },
{ "type": "Feature", "properties": { "latitude": 42.697967529296875, "longitude": 23.309526443481445, "heatmap_weight": 16, "raw_occupancy": 3 }, "geometry": { "type": "Point", "coordinates": [ 23.309526443481445, 42.697967529296875 ] } },
{ "type": "Feature", "properties": { "latitude": 42.710933685302734, "longitude": 23.27052116394043, "heatmap_weight": 4, "raw_occupancy": 1 }, "geometry": { "type": "Point", "coordinates": [ 23.27052116394043, 42.710933685302734 ] } },
{ "type": "Feature", "properties": { "latitude": 42.683689117431641, "longitude": 23.323799133300781, "heatmap_weight": 9, "raw_occupancy": 2 }, "geometry": { "type": "Point", "coordinates": [ 23.323799133300781, 42.683689117431641 ] } },
{ "type": "Feature", "properties": { "latitude": 42.772113800048828, "longitude": 23.241891860961914, "heatmap_weight": 1, "raw_occupancy": 0 }, "geometry": { "type": "Point", "coordinates": [ 23.241891860961914, 42.772113800048828 ] } },
{ "type": "Feature", "properties": { "latitude": 42.742958068847656, "longitude": 23.267972946166992, "heatmap_weight": 9, "raw_occupancy": 2 }, "geometry": { "type": "Point", "coordinates": [ 23.267972946166992, 42.742958068847656 ] } },
{ "type": "Feature", "properties": { "latitude": 42.690235137939453, "longitude": 23.326333999633789, "heatmap_weight": 4, "raw_occupancy": 1 }, "geometry": { "type": "Point", "coordinates": [ 23.326333999633789, 42.690235137939453 ] } },
{ "type": "Feature", "properties": { "latitude": 42.70416259765625, "longitude": 23.386465072631836, "heatmap_weight": 4, "raw_occupancy": 1 }, "geometry": { "type": "Point", "coordinates": [ 23.386465072631836, 42.70416259765625 ] } },
{ "type": "Feature", "properties": { "latitude": 42.692913055419922, "longitude": 23.345556259155273, "heatmap_weight": 9, "raw_occupancy": 2 }, "geometry": { "type": "Point", "coordinates": [ 23.345556259155273, 42.692913055419922 ] } },
{ "type": "Feature", "properties": { "latitude": 42.694118499755859, "longitude": 23.315126419067383, "heatmap_weight": 4, "raw_occupancy": 1 }, "geometry": { "type": "Point", "coordinates": [ 23.315126419067383, 42.694118499755859 ] } },
{ "type": "Feature", "properties": { "latitude": 42.710048675537109, "longitude": 23.322376251220703, "heatmap_weight": 4, "raw_occupancy": 1 }, "geometry": { "type": "Point", "coordinates": [ 23.322376251220703, 42.710048675537109 ] } },
{ "type": "Feature", "properties": { "latitude": 42.676708221435547, "longitude": 23.333124160766602, "heatmap_weight": 16, "raw_occupancy": 3 }, "geometry": { "type": "Point", "coordinates": [ 23.333124160766602, 42.676708221435547 ] } },
{ "type": "Feature", "properties": { "latitude": 42.724197387695312, "longitude": 23.243312835693359, "heatmap_weight": 4, "raw_occupancy": 1 }, "geometry": { "type": "Point", "coordinates": [ 23.243312835693359, 42.724197387695312 ] } },
{ "type": "Feature", "properties": { "latitude": 42.716297149658203, "longitude": 23.277559280395508, "heatmap_weight": 9, "raw_occupancy": 2 }, "geometry": { "type": "Point", "coordinates": [ 23.277559280395508, 42.716297149658203 ] } },
{ "type": "Feature", "properties": { "latitude": 42.711494445800781, "longitude": 23.300729751586914, "heatmap_weight": 4, "raw_occupancy": 1 }, "geometry": { "type": "Point", "coordinates": [ 23.300729751586914, 42.711494445800781 ] } },
{ "type": "Feature", "properties": { "latitude": 42.663818359375, "longitude": 23.358509063720703, "heatmap_weight": 4, "raw_occupancy": 1 }, "geometry": { "type": "Point", "coordinates": [ 23.358509063720703, 42.663818359375 ] } },
{ "type": "Feature", "properties": { "latitude": 42.676292419433594, "longitude": 23.308771133422852, "heatmap_weight": 1, "raw_occupancy": 0 }, "geometry": { "type": "Point", "coordinates": [ 23.308771133422852, 42.676292419433594 ] } },
{ "type": "Feature", "properties": { "latitude": 42.684822082519531, "longitude": 23.300729751586914, "heatmap_weight": 9, "raw_occupancy": 2 }, "geometry": { "type": "Point", "coordinates": [ 23.300729751586914, 42.684822082519531 ] } },
{ "type": "Feature", "properties": { "latitude": 42.623004913330078, "longitude": 23.405078887939453, "heatmap_weight": 4, "raw_occupancy": 1 }, "geometry": { "type": "Point", "coordinates": [ 23.405078887939453, 42.623004913330078 ] } },
{ "type": "Feature", "properties": { "latitude": 42.685638427734375, "longitude": 23.317245483398438, "heatmap_weight": 4, "raw_occupancy": 1 }, "geometry": { "type": "Point", "coordinates": [ 23.317245483398438, 42.685638427734375 ] } },
{ "type": "Feature", "properties": { "latitude": 42.69696044921875, "longitude": 23.296304702758789, "heatmap_weight": 4, "raw_occupancy": 1 }, "geometry": { "type": "Point", "coordinates": [ 23.296304702758789, 42.69696044921875 ] } },
{ "type": "Feature", "properties": { "latitude": 42.668598175048828, "longitude": 23.267120361328125, "heatmap_weight": 4, "raw_occupancy": 1 }, "geometry": { "type": "Point", "coordinates": [ 23.267120361328125, 42.668598175048828 ] } },
{ "type": "Feature", "properties": { "latitude": 42.707782745361328, "longitude": 23.31303596496582, "heatmap_weight": 9, "raw_occupancy": 2 }, "geometry": { "type": "Point", "coordinates": [ 23.31303596496582, 42.707782745361328 ] } },
{ "type": "Feature", "properties": { "latitude": 42.553844451904297, "longitude": 23.365245819091797, "heatmap_weight": 1, "raw_occupancy": 0 }, "geometry": { "type": "Point", "coordinates": [ 23.365245819091797, 42.553844451904297 ] } },
{ "type": "Feature", "properties": { "latitude": 42.712120056152344, "longitude": 23.312614440917969, "heatmap_weight": 4, "raw_occupancy": 1 }, "geometry": { "type": "Point", "coordinates": [ 23.312614440917969, 42.712120056152344 ] } },
{ "type": "Feature", "properties": { "latitude": 42.738330841064453, "longitude": 23.28938102722168, "heatmap_weight": 4, "raw_occupancy": 1 }, "geometry": { "type": "Point", "coordinates": [ 23.28938102722168, 42.738330841064453 ] } },
{ "type": "Feature", "properties": { "latitude": 42.602581024169922, "longitude": 23.175682067871094, "heatmap_weight": 1, "raw_occupancy": 0 }, "geometry": { "type": "Point", "coordinates": [ 23.175682067871094, 42.602581024169922 ] } },
{ "type": "Feature", "properties": { "latitude": 42.739978790283203, "longitude": 23.307201385498047, "heatmap_weight": 4, "raw_occupancy": 1 }, "geometry": { "type": "Point", "coordinates": [ 23.307201385498047, 42.739978790283203 ] } },
{ "type": "Feature", "properties": { "latitude": 42.718605041503906, "longitude": 23.246187210083008, "heatmap_weight": 9, "raw_occupancy": 2 }, "geometry": { "type": "Point", "coordinates": [ 23.246187210083008, 42.718605041503906 ] } },
{ "type": "Feature", "properties": { "latitude": 42.685070037841797, "longitude": 23.321147918701172, "heatmap_weight": 4, "raw_occupancy": 1 }, "geometry": { "type": "Point", "coordinates": [ 23.321147918701172, 42.685070037841797 ] } },
{ "type": "Feature", "properties": { "latitude": 42.81805419921875, "longitude": 23.355751037597656, "heatmap_weight": 1, "raw_occupancy": 0 }, "geometry": { "type": "Point", "coordinates": [ 23.355751037597656, 42.81805419921875 ] } },
{ "type": "Feature", "properties": { "latitude": 42.662715911865234, "longitude": 23.356285095214844, "heatmap_weight": 9, "raw_occupancy": 2 }, "geometry": { "type": "Point", "coordinates": [ 23.356285095214844, 42.662715911865234 ] } },
{ "type": "Feature", "properties": { "latitude": 42.687034606933594, "longitude": 23.316898345947266, "heatmap_weight": 4, "raw_occupancy": 1 }, "geometry": { "type": "Point", "coordinates": [ 23.316898345947266, 42.687034606933594 ] } },
{ "type": "Feature", "properties": { "latitude": 42.734542846679688, "longitude": 23.248193740844727, "heatmap_weight": 4, "raw_occupancy": 1 }, "geometry": { "type": "Point", "coordinates": [ 23.248193740844727, 42.734542846679688 ] } },
{ "type": "Feature", "properties": { "latitude": 42.633438110351562, "longitude": 23.332782745361328, "heatmap_weight": 4, "raw_occupancy": 1 }, "geometry": { "type": "Point", "coordinates": [ 23.332782745361328, 42.633438110351562 ] } },
{ "type": "Feature", "properties": { "latitude": 42.783611297607422, "longitude": 23.394582748413086, "heatmap_weight": 1, "raw_occupancy": 0 }, "geometry": { "type": "Point", "coordinates": [ 23.394582748413086, 42.783611297607422 ] } },
{ "type": "Feature", "properties": { "latitude": 42.672069549560547, "longitude": 23.372278213500977, "heatmap_weight": 4, "raw_occupancy": 1 }, "geometry": { "type": "Point", "coordinates": [ 23.372278213500977, 42.672069549560547 ] } },
{ "type": "Feature", "properties": { "latitude": 42.687431335449219, "longitude": 23.301393508911133, "heatmap_weight": 9, "raw_occupancy": 2 }, "geometry": { "type": "Point", "coordinates": [ 23.301393508911133, 42.687431335449219 ] } },
{ "type": "Feature", "properties": { "latitude": 42.736530303955078, "longitude": 23.267982482910156, "heatmap_weight": 4, "raw_occupancy": 1 }, "geometry": { "type": "Point", "coordinates": [ 23.267982482910156, 42.736530303955078 ] } },
{ "type": "Feature", "properties": { "latitude": 42.699775695800781, "longitude": 23.301240921020508, "heatmap_weight": 1, "raw_occupancy": 0 }, "geometry": { "type": "Point", "coordinates": [ 23.301240921020508, 42.699775695800781 ] } },
{ "type": "Feature", "properties": { "latitude": 42.660999298095703, "longitude": 23.249151229858398, "heatmap_weight": 4, "raw_occupancy": 1 }, "geometry": { "type": "Point", "coordinates": [ 23.249151229858398, 42.660999298095703 ] } },
{ "type": "Feature", "properties": { "latitude": 42.755805969238281, "longitude": 23.560064315795898, "heatmap_weight": 9, "raw_occupancy": 2 }, "geometry": { "type": "Point", "coordinates": [ 23.560064315795898, 42.755805969238281 ] } },
{ "type": "Feature", "properties": { "latitude": 42.639385223388672, "longitude": 23.295661926269531, "heatmap_weight": 4, "raw_occupancy": 1 }, "geometry": { "type": "Point", "coordinates": [ 23.295661926269531, 42.639385223388672 ] } },
{ "type": "Feature", "properties": { "latitude": 42.68438720703125, "longitude": 23.330785751342773, "heatmap_weight": 4, "raw_occupancy": 1 }, "geometry": { "type": "Point", "coordinates": [ 23.330785751342773, 42.68438720703125 ] } },
{ "type": "Feature", "properties": { "latitude": 42.674797058105469, "longitude": 23.308610916137695, "heatmap_weight": 4, "raw_occupancy": 1 }, "geometry": { "type": "Point", "coordinates": [ 23.308610916137695, 42.674797058105469 ] } },
{ "type": "Feature", "properties": { "latitude": 42.684715270996094, "longitude": 23.240205764770508, "heatmap_weight": 1, "raw_occupancy": 0 }, "geometry": { "type": "Point", "coordinates": [ 23.240205764770508, 42.684715270996094 ] } },
{ "type": "Feature", "properties": { "latitude": 42.736125946044922, "longitude": 23.317508697509766, "heatmap_weight": 1, "raw_occupancy": 0 }, "geometry": { "type": "Point", "coordinates": [ 23.317508697509766, 42.736125946044922 ] } },
{ "type": "Feature", "properties": { "latitude": 42.640640258789062, "longitude": 23.374427795410156, "heatmap_weight": 4, "raw_occupancy": 1 }, "geometry": { "type": "Point", "coordinates": [ 23.374427795410156, 42.640640258789062 ] } },
{ "type": "Feature", "properties": { "latitude": 42.680595397949219, "longitude": 23.351781845092773, "heatmap_weight": 9, "raw_occupancy": 2 }, "geometry": { "type": "Point", "coordinates": [ 23.351781845092773, 42.680595397949219 ] } },
{ "type": "Feature", "properties": { "latitude": 42.698974609375, "longitude": 23.309957504272461, "heatmap_weight": 4, "raw_occupancy": 1 }, "geometry": { "type": "Point", "coordinates": [ 23.309957504272461, 42.698974609375 ] } },
{ "type": "Feature", "properties": { "latitude": 42.693740844726562, "longitude": 23.322786331176758, "heatmap_weight": 4, "raw_occupancy": 1 }, "geometry": { "type": "Point", "coordinates": [ 23.322786331176758, 42.693740844726562 ] } },
{ "type": "Feature", "properties": { "latitude": 42.680149078369141, "longitude": 23.352069854736328, "heatmap_weight": 4, "raw_occupancy": 1 }, "geometry": { "type": "Point", "coordinates": [ 23.352069854736328, 42.680149078369141 ] } },
{ "type": "Feature", "properties": { "latitude": 42.780597686767578, "longitude": 23.515705108642578, "heatmap_weight": 9, "raw_occupancy": 2 }, "geometry": { "type": "Point", "coordinates": [ 23.515705108642578, 42.780597686767578 ] } },
{ "type": "Feature", "properties": { "latitude": 42.696781158447266, "longitude": 23.35179328918457, "heatmap_weight": 4, "raw_occupancy": 1 }, "geometry": { "type": "Point", "coordinates": [ 23.35179328918457, 42.696781158447266 ] } },
{ "type": "Feature", "properties": { "latitude": 42.653633117675781, "longitude": 23.346664428710938, "heatmap_weight": 9, "raw_occupancy": 2 }, "geometry": { "type": "Point", "coordinates": [ 23.346664428710938, 42.653633117675781 ] } },
{ "type": "Feature", "properties": { "latitude": 42.626628875732422, "longitude": 23.381362915039062, "heatmap_weight": 1, "raw_occupancy": 0 }, "geometry": { "type": "Point", "coordinates": [ 23.381362915039062, 42.626628875732422 ] } },
{ "type": "Feature", "properties": { "latitude": 42.674663543701172, "longitude": 23.38157844543457, "heatmap_weight": 16, "raw_occupancy": 3 }, "geometry": { "type": "Point", "coordinates": [ 23.38157844543457, 42.674663543701172 ] } },
{ "type": "Feature", "properties": { "latitude": 42.688121795654297, "longitude": 23.255075454711914, "heatmap_weight": 4, "raw_occupancy": 1 }, "geometry": { "type": "Point", "coordinates": [ 23.255075454711914, 42.688121795654297 ] } },
{ "type": "Feature", "properties": { "latitude": 42.603630065917969, "longitude": 23.175895690917969, "heatmap_weight": 4, "raw_occupancy": 1 }, "geometry": { "type": "Point", "coordinates": [ 23.175895690917969, 42.603630065917969 ] } },
{ "type": "Feature", "properties": { "latitude": 42.682418823242188, "longitude": 23.271139144897461, "heatmap_weight": 4, "raw_occupancy": 1 }, "geometry": { "type": "Point", "coordinates": [ 23.271139144897461, 42.682418823242188 ] } },
{ "type": "Feature", "properties": { "latitude": 42.684665679931641, "longitude": 23.346044540405273, "heatmap_weight": 9, "raw_occupancy": 2 }, "geometry": { "type": "Point", "coordinates": [ 23.346044540405273, 42.684665679931641 ] } },
{ "type": "Feature", "properties": { "latitude": 42.68731689453125, "longitude": 23.329797744750977, "heatmap_weight": 9, "raw_occupancy": 2 }, "geometry": { "type": "Point", "coordinates": [ 23.329797744750977, 42.68731689453125 ] } },
{ "type": "Feature", "properties": { "latitude": 42.675571441650391, "longitude": 23.288122177124023, "heatmap_weight": 4, "raw_occupancy": 1 }, "geometry": { "type": "Point", "coordinates": [ 23.288122177124023, 42.675571441650391 ] } },
{ "type": "Feature", "properties": { "latitude": 42.704799652099609, "longitude": 23.328884124755859, "heatmap_weight": 4, "raw_occupancy": 1 }, "geometry": { "type": "Point", "coordinates": [ 23.328884124755859, 42.704799652099609 ] } },
{ "type": "Feature", "properties": { "latitude": 42.667285919189453, "longitude": 23.289796829223633, "heatmap_weight": 9, "raw_occupancy": 2 }, "geometry": { "type": "Point", "coordinates": [ 23.289796829223633, 42.667285919189453 ] } },
{ "type": "Feature", "properties": { "latitude": 42.717498779296875, "longitude": 23.339111328125, "heatmap_weight": 4, "raw_occupancy": 1 }, "geometry": { "type": "Point", "coordinates": [ 23.339111328125, 42.717498779296875 ] } },
{ "type": "Feature", "properties": { "latitude": 42.682643890380859, "longitude": 23.301704406738281, "heatmap_weight": 1, "raw_occupancy": 0 }, "geometry": { "type": "Point", "coordinates": [ 23.301704406738281, 42.682643890380859 ] } },
{ "type": "Feature", "properties": { "latitude": 42.720626831054688, "longitude": 23.265707015991211, "heatmap_weight": 9, "raw_occupancy": 2 }, "geometry": { "type": "Point", "coordinates": [ 23.265707015991211, 42.720626831054688 ] } },
{ "type": "Feature", "properties": { "latitude": 42.685802459716797, "longitude": 23.255641937255859, "heatmap_weight": 4, "raw_occupancy": 1 }, "geometry": { "type": "Point", "coordinates": [ 23.255641937255859, 42.685802459716797 ] } },
{ "type": "Feature", "properties": { "latitude": 42.653572082519531, "longitude": 23.34675407409668, "heatmap_weight": 9, "raw_occupancy": 2 }, "geometry": { "type": "Point", "coordinates": [ 23.34675407409668, 42.653572082519531 ] } },
{ "type": "Feature", "properties": { "latitude": 42.674823760986328, "longitude": 23.359577178955078, "heatmap_weight": 4, "raw_occupancy": 1 }, "geometry": { "type": "Point", "coordinates": [ 23.359577178955078, 42.674823760986328 ] } },
{ "type": "Feature", "properties": { "latitude": 42.708450317382812, "longitude": 23.370145797729492, "heatmap_weight": 4, "raw_occupancy": 1 }, "geometry": { "type": "Point", "coordinates": [ 23.370145797729492, 42.708450317382812 ] } },
{ "type": "Feature", "properties": { "latitude": 42.648780822753906, "longitude": 23.373615264892578, "heatmap_weight": 9, "raw_occupancy": 2 }, "geometry": { "type": "Point", "coordinates": [ 23.373615264892578, 42.648780822753906 ] } },
{ "type": "Feature", "properties": { "latitude": 42.687572479248047, "longitude": 23.415721893310547, "heatmap_weight": 1, "raw_occupancy": 0 }, "geometry": { "type": "Point", "coordinates": [ 23.415721893310547, 42.687572479248047 ] } },
{ "type": "Feature", "properties": { "latitude": 42.7552490234375, "longitude": 23.275541305541992, "heatmap_weight": 4, "raw_occupancy": 1 }, "geometry": { "type": "Point", "coordinates": [ 23.275541305541992, 42.7552490234375 ] } },
{ "type": "Feature", "properties": { "latitude": 42.642765045166016, "longitude": 23.33574104309082, "heatmap_weight": 1, "raw_occupancy": 0 }, "geometry": { "type": "Point", "coordinates": [ 23.33574104309082, 42.642765045166016 ] } },
{ "type": "Feature", "properties": { "latitude": 42.639915466308594, "longitude": 23.416149139404297, "heatmap_weight": 1, "raw_occupancy": 0 }, "geometry": { "type": "Point", "coordinates": [ 23.416149139404297, 42.639915466308594 ] } },
{ "type": "Feature", "properties": { "latitude": 42.658962249755859, "longitude": 23.241914749145508, "heatmap_weight": 1, "raw_occupancy": 0 }, "geometry": { "type": "Point", "coordinates": [ 23.241914749145508, 42.658962249755859 ] } },
{ "type": "Feature", "properties": { "latitude": 42.68304443359375, "longitude": 23.243602752685547, "heatmap_weight": 1, "raw_occupancy": 0 }, "geometry": { "type": "Point", "coordinates": [ 23.243602752685547, 42.68304443359375 ] } },
{ "type": "Feature", "properties": { "latitude": 42.752384185791016, "longitude": 23.320669174194336, "heatmap_weight": 1, "raw_occupancy": 0 }, "geometry": { "type": "Point", "coordinates": [ 23.320669174194336, 42.752384185791016 ] } },
{ "type": "Feature", "properties": { "latitude": 42.705062866210938, "longitude": 23.331525802612305, "heatmap_weight": 1, "raw_occupancy": 0 }, "geometry": { "type": "Point", "coordinates": [ 23.331525802612305, 42.705062866210938 ] } },
{ "type": "Feature", "properties": { "latitude": 42.74896240234375, "longitude": 23.320075988769531, "heatmap_weight": 4, "raw_occupancy": 1 }, "geometry": { "type": "Point", "coordinates": [ 23.320075988769531, 42.74896240234375 ] } },
{ "type": "Feature", "properties": { "latitude": 42.661865234375, "longitude": 23.35328483581543, "heatmap_weight": 9, "raw_occupancy": 2 }, "geometry": { "type": "Point", "coordinates": [ 23.35328483581543, 42.661865234375 ] } },
{ "type": "Feature", "properties": { "latitude": 42.706123352050781, "longitude": 23.317703247070312, "heatmap_weight": 4, "raw_occupancy": 1 }, "geometry": { "type": "Point", "coordinates": [ 23.317703247070312, 42.706123352050781 ] } },
{ "type": "Feature", "properties": { "latitude": 42.672836303710938, "longitude": 23.347986221313477, "heatmap_weight": 9, "raw_occupancy": 2 }, "geometry": { "type": "Point", "coordinates": [ 23.347986221313477, 42.672836303710938 ] } },
{ "type": "Feature", "properties": { "latitude": 42.691322326660156, "longitude": 23.325046539306641, "heatmap_weight": 4, "raw_occupancy": 1 }, "geometry": { "type": "Point", "coordinates": [ 23.325046539306641, 42.691322326660156 ] } },
{ "type": "Feature", "properties": { "latitude": 42.675800323486328, "longitude": 23.240596771240234, "heatmap_weight": 9, "raw_occupancy": 2 }, "geometry": { "type": "Point", "coordinates": [ 23.240596771240234, 42.675800323486328 ] } },
{ "type": "Feature", "properties": { "latitude": 42.685302734375, "longitude": 23.371797561645508, "heatmap_weight": 9, "raw_occupancy": 2 }, "geometry": { "type": "Point", "coordinates": [ 23.371797561645508, 42.685302734375 ] } },
{ "type": "Feature", "properties": { "latitude": 42.702259063720703, "longitude": 23.285284042358398, "heatmap_weight": 4, "raw_occupancy": 1 }, "geometry": { "type": "Point", "coordinates": [ 23.285284042358398, 42.702259063720703 ] } },
{ "type": "Feature", "properties": { "latitude": 42.698501586914062, "longitude": 23.361597061157227, "heatmap_weight": 4, "raw_occupancy": 1 }, "geometry": { "type": "Point", "coordinates": [ 23.361597061157227, 42.698501586914062 ] } },
{ "type": "Feature", "properties": { "latitude": 42.687660217285156, "longitude": 23.269327163696289, "heatmap_weight": 4, "raw_occupancy": 1 }, "geometry": { "type": "Point", "coordinates": [ 23.269327163696289, 42.687660217285156 ] } },
{ "type": "Feature", "properties": { "latitude": 42.625839233398438, "longitude": 23.350730895996094, "heatmap_weight": 4, "raw_occupancy": 1 }, "geometry": { "type": "Point", "coordinates": [ 23.350730895996094, 42.625839233398438 ] } },
{ "type": "Feature", "properties": { "latitude": 42.698646545410156, "longitude": 23.230268478393555, "heatmap_weight": 4, "raw_occupancy": 1 }, "geometry": { "type": "Point", "coordinates": [ 23.230268478393555, 42.698646545410156 ] } },
{ "type": "Feature", "properties": { "latitude": 42.659503936767578, "longitude": 23.347942352294922, "heatmap_weight": 4, "raw_occupancy": 1 }, "geometry": { "type": "Point", "coordinates": [ 23.347942352294922, 42.659503936767578 ] } },
{ "type": "Feature", "properties": { "latitude": 42.680564880371094, "longitude": 23.269180297851562, "heatmap_weight": 4, "raw_occupancy": 1 }, "geometry": { "type": "Point", "coordinates": [ 23.269180297851562, 42.680564880371094 ] } },
{ "type": "Feature", "properties": { "latitude": 42.682125091552734, "longitude": 23.318868637084961, "heatmap_weight": 9, "raw_occupancy": 2 }, "geometry": { "type": "Point", "coordinates": [ 23.318868637084961, 42.682125091552734 ] } },
{ "type": "Feature", "properties": { "latitude": 42.676246643066406, "longitude": 23.359539031982422, "heatmap_weight": 9, "raw_occupancy": 2 }, "geometry": { "type": "Point", "coordinates": [ 23.359539031982422, 42.676246643066406 ] } },
{ "type": "Feature", "properties": { "latitude": 42.661136627197266, "longitude": 23.464744567871094, "heatmap_weight": 4, "raw_occupancy": 1 }, "geometry": { "type": "Point", "coordinates": [ 23.464744567871094, 42.661136627197266 ] } },
{ "type": "Feature", "properties": { "latitude": 42.732795715332031, "longitude": 23.295818328857422, "heatmap_weight": 9, "raw_occupancy": 2 }, "geometry": { "type": "Point", "coordinates": [ 23.295818328857422, 42.732795715332031 ] } },
{ "type": "Feature", "properties": { "latitude": 42.647968292236328, "longitude": 23.341617584228516, "heatmap_weight": 1, "raw_occupancy": 0 }, "geometry": { "type": "Point", "coordinates": [ 23.341617584228516, 42.647968292236328 ] } },
{ "type": "Feature", "properties": { "latitude": 42.729778289794922, "longitude": 23.256855010986328, "heatmap_weight": 4, "raw_occupancy": 1 }, "geometry": { "type": "Point", "coordinates": [ 23.256855010986328, 42.729778289794922 ] } },
{ "type": "Feature", "properties": { "latitude": 42.691249847412109, "longitude": 23.279150009155273, "heatmap_weight": 4, "raw_occupancy": 1 }, "geometry": { "type": "Point", "coordinates": [ 23.279150009155273, 42.691249847412109 ] } },
{ "type": "Feature", "properties": { "latitude": 42.792064666748047, "longitude": 23.335020065307617, "heatmap_weight": 16, "raw_occupancy": 3 }, "geometry": { "type": "Point", "coordinates": [ 23.335020065307617, 42.792064666748047 ] } },
{ "type": "Feature", "properties": { "latitude": 42.738273620605469, "longitude": 23.343706130981445, "heatmap_weight": 4, "raw_occupancy": 1 }, "geometry": { "type": "Point", "coordinates": [ 23.343706130981445, 42.738273620605469 ] } },
{ "type": "Feature", "properties": { "latitude": 42.716365814208984, "longitude": 23.251562118530273, "heatmap_weight": 9, "raw_occupancy": 2 }, "geometry": { "type": "Point", "coordinates": [ 23.251562118530273, 42.716365814208984 ] } },
{ "type": "Feature", "properties": { "latitude": 42.686943054199219, "longitude": 23.239818572998047, "heatmap_weight": 1, "raw_occupancy": 0 }, "geometry": { "type": "Point", "coordinates": [ 23.239818572998047, 42.686943054199219 ] } },
{ "type": "Feature", "properties": { "latitude": 42.696846008300781, "longitude": 23.278533935546875, "heatmap_weight": 9, "raw_occupancy": 2 }, "geometry": { "type": "Point", "coordinates": [ 23.278533935546875, 42.696846008300781 ] } },
{ "type": "Feature", "properties": { "latitude": 42.712455749511719, "longitude": 23.247722625732422, "heatmap_weight": 4, "raw_occupancy": 1 }, "geometry": { "type": "Point", "coordinates": [ 23.247722625732422, 42.712455749511719 ] } },
{ "type": "Feature", "properties": { "latitude": 42.686786651611328, "longitude": 23.275115966796875, "heatmap_weight": 9, "raw_occupancy": 2 }, "geometry": { "type": "Point", "coordinates": [ 23.275115966796875, 42.686786651611328 ] } },
{ "type": "Feature", "properties": { "latitude": 42.705348968505859, "longitude": 23.322481155395508, "heatmap_weight": 4, "raw_occupancy": 1 }, "geometry": { "type": "Point", "coordinates": [ 23.322481155395508, 42.705348968505859 ] } },
{ "type": "Feature", "properties": { "latitude": 42.701862335205078, "longitude": 23.322999954223633, "heatmap_weight": 4, "raw_occupancy": 1 }, "geometry": { "type": "Point", "coordinates": [ 23.322999954223633, 42.701862335205078 ] } },
{ "type": "Feature", "properties": { "latitude": 42.714496612548828, "longitude": 23.254005432128906, "heatmap_weight": 4, "raw_occupancy": 1 }, "geometry": { "type": "Point", "coordinates": [ 23.254005432128906, 42.714496612548828 ] } },
{ "type": "Feature", "properties": { "latitude": 42.659355163574219, "longitude": 23.24363899230957, "heatmap_weight": 4, "raw_occupancy": 1 }, "geometry": { "type": "Point", "coordinates": [ 23.24363899230957, 42.659355163574219 ] } },
{ "type": "Feature", "properties": { "latitude": 42.688259124755859, "longitude": 23.328670501708984, "heatmap_weight": 4, "raw_occupancy": 1 }, "geometry": { "type": "Point", "coordinates": [ 23.328670501708984, 42.688259124755859 ] } },
{ "type": "Feature", "properties": { "latitude": 42.660053253173828, "longitude": 23.297264099121094, "heatmap_weight": 1, "raw_occupancy": 0 }, "geometry": { "type": "Point", "coordinates": [ 23.297264099121094, 42.660053253173828 ] } },
{ "type": "Feature", "properties": { "latitude": 42.715484619140625, "longitude": 23.30755615234375, "heatmap_weight": 1, "raw_occupancy": 0 }, "geometry": { "type": "Point", "coordinates": [ 23.30755615234375, 42.715484619140625 ] } },
{ "type": "Feature", "properties": { "latitude": 42.668800354003906, "longitude": 23.255470275878906, "heatmap_weight": 1, "raw_occupancy": 0 }, "geometry": { "type": "Point", "coordinates": [ 23.255470275878906, 42.668800354003906 ] } },
{ "type": "Feature", "properties": { "latitude": 42.700229644775391, "longitude": 23.370845794677734, "heatmap_weight": 4, "raw_occupancy": 1 }, "geometry": { "type": "Point", "coordinates": [ 23.370845794677734, 42.700229644775391 ] } },
{ "type": "Feature", "properties": { "latitude": 42.674774169921875, "longitude": 23.434518814086914, "heatmap_weight": 1, "raw_occupancy": 0 }, "geometry": { "type": "Point", "coordinates": [ 23.434518814086914, 42.674774169921875 ] } },
{ "type": "Feature", "properties": { "latitude": 42.675559997558594, "longitude": 23.396934509277344, "heatmap_weight": 4, "raw_occupancy": 1 }, "geometry": { "type": "Point", "coordinates": [ 23.396934509277344, 42.675559997558594 ] } },
{ "type": "Feature", "properties": { "latitude": 42.706611633300781, "longitude": 23.361946105957031, "heatmap_weight": 4, "raw_occupancy": 1 }, "geometry": { "type": "Point", "coordinates": [ 23.361946105957031, 42.706611633300781 ] } },
{ "type": "Feature", "properties": { "latitude": 42.717056274414062, "longitude": 23.339504241943359, "heatmap_weight": 4, "raw_occupancy": 1 }, "geometry": { "type": "Point", "coordinates": [ 23.339504241943359, 42.717056274414062 ] } },
{ "type": "Feature", "properties": { "latitude": 42.719566345214844, "longitude": 23.310466766357422, "heatmap_weight": 1, "raw_occupancy": 0 }, "geometry": { "type": "Point", "coordinates": [ 23.310466766357422, 42.719566345214844 ] } },
{ "type": "Feature", "properties": { "latitude": 42.671504974365234, "longitude": 23.371585845947266, "heatmap_weight": 4, "raw_occupancy": 1 }, "geometry": { "type": "Point", "coordinates": [ 23.371585845947266, 42.671504974365234 ] } },
{ "type": "Feature", "properties": { "latitude": 42.687099456787109, "longitude": 23.316913604736328, "heatmap_weight": 4, "raw_occupancy": 1 }, "geometry": { "type": "Point", "coordinates": [ 23.316913604736328, 42.687099456787109 ] } },
{ "type": "Feature", "properties": { "latitude": 42.701412200927734, "longitude": 23.291555404663086, "heatmap_weight": 9, "raw_occupancy": 2 }, "geometry": { "type": "Point", "coordinates": [ 23.291555404663086, 42.701412200927734 ] } },
{ "type": "Feature", "properties": { "latitude": 42.694316864013672, "longitude": 23.308940887451172, "heatmap_weight": 9, "raw_occupancy": 2 }, "geometry": { "type": "Point", "coordinates": [ 23.308940887451172, 42.694316864013672 ] } },
{ "type": "Feature", "properties": { "latitude": 42.693424224853516, "longitude": 23.309610366821289, "heatmap_weight": 1, "raw_occupancy": 0 }, "geometry": { "type": "Point", "coordinates": [ 23.309610366821289, 42.693424224853516 ] } },
{ "type": "Feature", "properties": { "latitude": 42.603607177734375, "longitude": 23.493898391723633, "heatmap_weight": 1, "raw_occupancy": 0 }, "geometry": { "type": "Point", "coordinates": [ 23.493898391723633, 42.603607177734375 ] } },
{ "type": "Feature", "properties": { "latitude": 42.693874359130859, "longitude": 23.315029144287109, "heatmap_weight": 4, "raw_occupancy": 1 }, "geometry": { "type": "Point", "coordinates": [ 23.315029144287109, 42.693874359130859 ] } },
{ "type": "Feature", "properties": { "latitude": 42.704910278320312, "longitude": 23.357507705688477, "heatmap_weight": 1, "raw_occupancy": 0 }, "geometry": { "type": "Point", "coordinates": [ 23.357507705688477, 42.704910278320312 ] } },
{ "type": "Feature", "properties": { "latitude": 42.659461975097656, "longitude": 23.324186325073242, "heatmap_weight": 1, "raw_occupancy": 0 }, "geometry": { "type": "Point", "coordinates": [ 23.324186325073242, 42.659461975097656 ] } },
{ "type": "Feature", "properties": { "latitude": 42.685226440429688, "longitude": 23.312723159790039, "heatmap_weight": 16, "raw_occupancy": 3 }, "geometry": { "type": "Point", "coordinates": [ 23.312723159790039, 42.685226440429688 ] } },
{ "type": "Feature", "properties": { "latitude": 42.724063873291016, "longitude": 23.257835388183594, "heatmap_weight": 9, "raw_occupancy": 2 }, "geometry": { "type": "Point", "coordinates": [ 23.257835388183594, 42.724063873291016 ] } },
{ "type": "Feature", "properties": { "latitude": 42.717132568359375, "longitude": 23.278339385986328, "heatmap_weight": 9, "raw_occupancy": 2 }, "geometry": { "type": "Point", "coordinates": [ 23.278339385986328, 42.717132568359375 ] } },
{ "type": "Feature", "properties": { "latitude": 42.661792755126953, "longitude": 23.295394897460938, "heatmap_weight": 16, "raw_occupancy": 3 }, "geometry": { "type": "Point", "coordinates": [ 23.295394897460938, 42.661792755126953 ] } },
{ "type": "Feature", "properties": { "latitude": 42.708717346191406, "longitude": 23.248067855834961, "heatmap_weight": 9, "raw_occupancy": 2 }, "geometry": { "type": "Point", "coordinates": [ 23.248067855834961, 42.708717346191406 ] } },
{ "type": "Feature", "properties": { "latitude": 42.719509124755859, "longitude": 23.310176849365234, "heatmap_weight": 1, "raw_occupancy": 0 }, "geometry": { "type": "Point", "coordinates": [ 23.310176849365234, 42.719509124755859 ] } },
{ "type": "Feature", "properties": { "latitude": 42.685111999511719, "longitude": 23.296941757202148, "heatmap_weight": 4, "raw_occupancy": 1 }, "geometry": { "type": "Point", "coordinates": [ 23.296941757202148, 42.685111999511719 ] } },
{ "type": "Feature", "properties": { "latitude": 42.718563079833984, "longitude": 23.253597259521484, "heatmap_weight": 16, "raw_occupancy": 3 }, "geometry": { "type": "Point", "coordinates": [ 23.253597259521484, 42.718563079833984 ] } },
{ "type": "Feature", "properties": { "latitude": 42.701679229736328, "longitude": 23.276378631591797, "heatmap_weight": 1, "raw_occupancy": 0 }, "geometry": { "type": "Point", "coordinates": [ 23.276378631591797, 42.701679229736328 ] } },
{ "type": "Feature", "properties": { "latitude": 42.680721282958984, "longitude": 23.302295684814453, "heatmap_weight": 9, "raw_occupancy": 2 }, "geometry": { "type": "Point", "coordinates": [ 23.302295684814453, 42.680721282958984 ] } },
{ "type": "Feature", "properties": { "latitude": 42.719978332519531, "longitude": 23.254924774169922, "heatmap_weight": 4, "raw_occupancy": 1 }, "geometry": { "type": "Point", "coordinates": [ 23.254924774169922, 42.719978332519531 ] } },
{ "type": "Feature", "properties": { "latitude": 42.681430816650391, "longitude": 23.31587028503418, "heatmap_weight": 4, "raw_occupancy": 1 }, "geometry": { "type": "Point", "coordinates": [ 23.31587028503418, 42.681430816650391 ] } },
{ "type": "Feature", "properties": { "latitude": 42.692241668701172, "longitude": 23.335407257080078, "heatmap_weight": 16, "raw_occupancy": 3 }, "geometry": { "type": "Point", "coordinates": [ 23.335407257080078, 42.692241668701172 ] } },
{ "type": "Feature", "properties": { "latitude": 42.672023773193359, "longitude": 23.363862991333008, "heatmap_weight": 25, "raw_occupancy": 4 }, "geometry": { "type": "Point", "coordinates": [ 23.363862991333008, 42.672023773193359 ] } },
{ "type": "Feature", "properties": { "latitude": 42.696891784667969, "longitude": 23.352813720703125, "heatmap_weight": 16, "raw_occupancy": 3 }, "geometry": { "type": "Point", "coordinates": [ 23.352813720703125, 42.696891784667969 ] } },
{ "type": "Feature", "properties": { "latitude": 42.739555358886719, "longitude": 23.511367797851562, "heatmap_weight": 4, "raw_occupancy": 1 }, "geometry": { "type": "Point", "coordinates": [ 23.511367797851562, 42.739555358886719 ] } },
{ "type": "Feature", "properties": { "latitude": 42.647773742675781, "longitude": 23.355640411376953, "heatmap_weight": 4, "raw_occupancy": 1 }, "geometry": { "type": "Point", "coordinates": [ 23.355640411376953, 42.647773742675781 ] } },
{ "type": "Feature", "properties": { "latitude": 42.705791473388672, "longitude": 23.323398590087891, "heatmap_weight": 1, "raw_occupancy": 0 }, "geometry": { "type": "Point", "coordinates": [ 23.323398590087891, 42.705791473388672 ] } },
{ "type": "Feature", "properties": { "latitude": 42.674827575683594, "longitude": 23.303779602050781, "heatmap_weight": 16, "raw_occupancy": 3 }, "geometry": { "type": "Point", "coordinates": [ 23.303779602050781, 42.674827575683594 ] } },
{ "type": "Feature", "properties": { "latitude": 42.691802978515625, "longitude": 23.309850692749023, "heatmap_weight": 1, "raw_occupancy": 0 }, "geometry": { "type": "Point", "coordinates": [ 23.309850692749023, 42.691802978515625 ] } },
{ "type": "Feature", "properties": { "latitude": 42.666984558105469, "longitude": 23.365116119384766, "heatmap_weight": 9, "raw_occupancy": 2 }, "geometry": { "type": "Point", "coordinates": [ 23.365116119384766, 42.666984558105469 ] } },
{ "type": "Feature", "properties": { "latitude": 42.659687042236328, "longitude": 23.264886856079102, "heatmap_weight": 9, "raw_occupancy": 2 }, "geometry": { "type": "Point", "coordinates": [ 23.264886856079102, 42.659687042236328 ] } },
{ "type": "Feature", "properties": { "latitude": 42.657321929931641, "longitude": 23.374849319458008, "heatmap_weight": 4, "raw_occupancy": 1 }, "geometry": { "type": "Point", "coordinates": [ 23.374849319458008, 42.657321929931641 ] } },
{ "type": "Feature", "properties": { "latitude": 42.663093566894531, "longitude": 23.415729522705078, "heatmap_weight": 4, "raw_occupancy": 1 }, "geometry": { "type": "Point", "coordinates": [ 23.415729522705078, 42.663093566894531 ] } },
{ "type": "Feature", "properties": { "latitude": 42.674320220947266, "longitude": 23.375177383422852, "heatmap_weight": 9, "raw_occupancy": 2 }, "geometry": { "type": "Point", "coordinates": [ 23.375177383422852, 42.674320220947266 ] } },
{ "type": "Feature", "properties": { "latitude": 42.686832427978516, "longitude": 23.317256927490234, "heatmap_weight": 4, "raw_occupancy": 1 }, "geometry": { "type": "Point", "coordinates": [ 23.317256927490234, 42.686832427978516 ] } },
{ "type": "Feature", "properties": { "latitude": 42.706008911132812, "longitude": 23.517316818237305, "heatmap_weight": 9, "raw_occupancy": 2 }, "geometry": { "type": "Point", "coordinates": [ 23.517316818237305, 42.706008911132812 ] } },
{ "type": "Feature", "properties": { "latitude": 42.694244384765625, "longitude": 23.294815063476562, "heatmap_weight": 16, "raw_occupancy": 3 }, "geometry": { "type": "Point", "coordinates": [ 23.294815063476562, 42.694244384765625 ] } },
{ "type": "Feature", "properties": { "latitude": 42.69305419921875, "longitude": 23.351490020751953, "heatmap_weight": 4, "raw_occupancy": 1 }, "geometry": { "type": "Point", "coordinates": [ 23.351490020751953, 42.69305419921875 ] } },
{ "type": "Feature", "properties": { "latitude": 42.593715667724609, "longitude": 23.312253952026367, "heatmap_weight": 1, "raw_occupancy": 0 }, "geometry": { "type": "Point", "coordinates": [ 23.312253952026367, 42.593715667724609 ] } },
{ "type": "Feature", "properties": { "latitude": 42.707801818847656, "longitude": 23.413545608520508, "heatmap_weight": 9, "raw_occupancy": 2 }, "geometry": { "type": "Point", "coordinates": [ 23.413545608520508, 42.707801818847656 ] } },
{ "type": "Feature", "properties": { "latitude": 42.652019500732422, "longitude": 23.374433517456055, "heatmap_weight": 4, "raw_occupancy": 1 }, "geometry": { "type": "Point", "coordinates": [ 23.374433517456055, 42.652019500732422 ] } },
{ "type": "Feature", "properties": { "latitude": 42.693565368652344, "longitude": 23.351106643676758, "heatmap_weight": 9, "raw_occupancy": 2 }, "geometry": { "type": "Point", "coordinates": [ 23.351106643676758, 42.693565368652344 ] } },
{ "type": "Feature", "properties": { "latitude": 42.652194976806641, "longitude": 23.347366333007812, "heatmap_weight": 9, "raw_occupancy": 2 }, "geometry": { "type": "Point", "coordinates": [ 23.347366333007812, 42.652194976806641 ] } },
{ "type": "Feature", "properties": { "latitude": 42.699630737304688, "longitude": 23.310161590576172, "heatmap_weight": 4, "raw_occupancy": 1 }, "geometry": { "type": "Point", "coordinates": [ 23.310161590576172, 42.699630737304688 ] } },
{ "type": "Feature", "properties": { "latitude": 42.640525817871094, "longitude": 23.372217178344727, "heatmap_weight": 9, "raw_occupancy": 2 }, "geometry": { "type": "Point", "coordinates": [ 23.372217178344727, 42.640525817871094 ] } },
{ "type": "Feature", "properties": { "latitude": 42.599987030029297, "longitude": 23.367771148681641, "heatmap_weight": 4, "raw_occupancy": 1 }, "geometry": { "type": "Point", "coordinates": [ 23.367771148681641, 42.599987030029297 ] } },
{ "type": "Feature", "properties": { "latitude": 42.671646118164062, "longitude": 23.393575668334961, "heatmap_weight": 1, "raw_occupancy": 0 }, "geometry": { "type": "Point", "coordinates": [ 23.393575668334961, 42.671646118164062 ] } },
{ "type": "Feature", "properties": { "latitude": 42.737716674804688, "longitude": 23.316246032714844, "heatmap_weight": 4, "raw_occupancy": 1 }, "geometry": { "type": "Point", "coordinates": [ 23.316246032714844, 42.737716674804688 ] } },
{ "type": "Feature", "properties": { "latitude": 42.713703155517578, "longitude": 23.314384460449219, "heatmap_weight": 1, "raw_occupancy": 0 }, "geometry": { "type": "Point", "coordinates": [ 23.314384460449219, 42.713703155517578 ] } },
{ "type": "Feature", "properties": { "latitude": 42.675491333007812, "longitude": 23.314756393432617, "heatmap_weight": 9, "raw_occupancy": 2 }, "geometry": { "type": "Point", "coordinates": [ 23.314756393432617, 42.675491333007812 ] } },
{ "type": "Feature", "properties": { "latitude": 42.674457550048828, "longitude": 23.290916442871094, "heatmap_weight": 4, "raw_occupancy": 1 }, "geometry": { "type": "Point", "coordinates": [ 23.290916442871094, 42.674457550048828 ] } },
{ "type": "Feature", "properties": { "latitude": 42.688705444335938, "longitude": 23.333921432495117, "heatmap_weight": 4, "raw_occupancy": 1 }, "geometry": { "type": "Point", "coordinates": [ 23.333921432495117, 42.688705444335938 ] } },
{ "type": "Feature", "properties": { "latitude": 42.676780700683594, "longitude": 23.369762420654297, "heatmap_weight": 4, "raw_occupancy": 1 }, "geometry": { "type": "Point", "coordinates": [ 23.369762420654297, 42.676780700683594 ] } },
{ "type": "Feature", "properties": { "latitude": 42.678215026855469, "longitude": 23.284128189086914, "heatmap_weight": 9, "raw_occupancy": 2 }, "geometry": { "type": "Point", "coordinates": [ 23.284128189086914, 42.678215026855469 ] } },
{ "type": "Feature", "properties": { "latitude": 42.66802978515625, "longitude": 23.366548538208008, "heatmap_weight": 4, "raw_occupancy": 1 }, "geometry": { "type": "Point", "coordinates": [ 23.366548538208008, 42.66802978515625 ] } },
{ "type": "Feature", "properties": { "latitude": 42.702857971191406, "longitude": 23.300868988037109, "heatmap_weight": 4, "raw_occupancy": 1 }, "geometry": { "type": "Point", "coordinates": [ 23.300868988037109, 42.702857971191406 ] } },
{ "type": "Feature", "properties": { "latitude": 42.714057922363281, "longitude": 23.308231353759766, "heatmap_weight": 1, "raw_occupancy": 0 }, "geometry": { "type": "Point", "coordinates": [ 23.308231353759766, 42.714057922363281 ] } },
{ "type": "Feature", "properties": { "latitude": 42.596138000488281, "longitude": 23.413999557495117, "heatmap_weight": 4, "raw_occupancy": 1 }, "geometry": { "type": "Point", "coordinates": [ 23.413999557495117, 42.596138000488281 ] } },
{ "type": "Feature", "properties": { "latitude": 42.698715209960938, "longitude": 23.36225700378418, "heatmap_weight": 4, "raw_occupancy": 1 }, "geometry": { "type": "Point", "coordinates": [ 23.36225700378418, 42.698715209960938 ] } },
{ "type": "Feature", "properties": { "latitude": 42.715641021728516, "longitude": 23.30949592590332, "heatmap_weight": 4, "raw_occupancy": 1 }, "geometry": { "type": "Point", "coordinates": [ 23.30949592590332, 42.715641021728516 ] } },
{ "type": "Feature", "properties": { "latitude": 42.839515686035156, "longitude": 23.32484245300293, "heatmap_weight": 1, "raw_occupancy": 0 }, "geometry": { "type": "Point", "coordinates": [ 23.32484245300293, 42.839515686035156 ] } },
{ "type": "Feature", "properties": { "latitude": 42.709281921386719, "longitude": 23.39665412902832, "heatmap_weight": 9, "raw_occupancy": 2 }, "geometry": { "type": "Point", "coordinates": [ 23.39665412902832, 42.709281921386719 ] } },
{ "type": "Feature", "properties": { "latitude": 42.666240692138672, "longitude": 23.288528442382812, "heatmap_weight": 4, "raw_occupancy": 1 }, "geometry": { "type": "Point", "coordinates": [ 23.288528442382812, 42.666240692138672 ] } },
{ "type": "Feature", "properties": { "latitude": 42.717498779296875, "longitude": 23.279277801513672, "heatmap_weight": 4, "raw_occupancy": 1 }, "geometry": { "type": "Point", "coordinates": [ 23.279277801513672, 42.717498779296875 ] } },
{ "type": "Feature", "properties": { "latitude": 42.73504638671875, "longitude": 23.285785675048828, "heatmap_weight": 4, "raw_occupancy": 1 }, "geometry": { "type": "Point", "coordinates": [ 23.285785675048828, 42.73504638671875 ] } },
{ "type": "Feature", "properties": { "latitude": 42.671405792236328, "longitude": 23.252193450927734, "heatmap_weight": 4, "raw_occupancy": 1 }, "geometry": { "type": "Point", "coordinates": [ 23.252193450927734, 42.671405792236328 ] } },
{ "type": "Feature", "properties": { "latitude": 42.718925476074219, "longitude": 23.279621124267578, "heatmap_weight": 9, "raw_occupancy": 2 }, "geometry": { "type": "Point", "coordinates": [ 23.279621124267578, 42.718925476074219 ] } },
{ "type": "Feature", "properties": { "latitude": 42.665428161621094, "longitude": 23.407464981079102, "heatmap_weight": 4, "raw_occupancy": 1 }, "geometry": { "type": "Point", "coordinates": [ 23.407464981079102, 42.665428161621094 ] } },
{ "type": "Feature", "properties": { "latitude": 42.700084686279297, "longitude": 23.315916061401367, "heatmap_weight": 1, "raw_occupancy": 0 }, "geometry": { "type": "Point", "coordinates": [ 23.315916061401367, 42.700084686279297 ] } },
{ "type": "Feature", "properties": { "latitude": 42.829147338867188, "longitude": 23.340618133544922, "heatmap_weight": 4, "raw_occupancy": 1 }, "geometry": { "type": "Point", "coordinates": [ 23.340618133544922, 42.829147338867188 ] } },
{ "type": "Feature", "properties": { "latitude": 42.680130004882812, "longitude": 23.25474739074707, "heatmap_weight": 9, "raw_occupancy": 2 }, "geometry": { "type": "Point", "coordinates": [ 23.25474739074707, 42.680130004882812 ] } },
{ "type": "Feature", "properties": { "latitude": 42.726722717285156, "longitude": 23.313352584838867, "heatmap_weight": 4, "raw_occupancy": 1 }, "geometry": { "type": "Point", "coordinates": [ 23.313352584838867, 42.726722717285156 ] } },
{ "type": "Feature", "properties": { "latitude": 42.696567535400391, "longitude": 23.230337142944336, "heatmap_weight": 4, "raw_occupancy": 1 }, "geometry": { "type": "Point", "coordinates": [ 23.230337142944336, 42.696567535400391 ] } },
{ "type": "Feature", "properties": { "latitude": 42.643882751464844, "longitude": 23.412225723266602, "heatmap_weight": 4, "raw_occupancy": 1 }, "geometry": { "type": "Point", "coordinates": [ 23.412225723266602, 42.643882751464844 ] } },
{ "type": "Feature", "properties": { "latitude": 42.759117126464844, "longitude": 23.204916000366211, "heatmap_weight": 4, "raw_occupancy": 1 }, "geometry": { "type": "Point", "coordinates": [ 23.204916000366211, 42.759117126464844 ] } },
{ "type": "Feature", "properties": { "latitude": 42.694511413574219, "longitude": 23.292884826660156, "heatmap_weight": 4, "raw_occupancy": 1 }, "geometry": { "type": "Point", "coordinates": [ 23.292884826660156, 42.694511413574219 ] } },
{ "type": "Feature", "properties": { "latitude": 42.711521148681641, "longitude": 23.19188117980957, "heatmap_weight": 4, "raw_occupancy": 1 }, "geometry": { "type": "Point", "coordinates": [ 23.19188117980957, 42.711521148681641 ] } },
{ "type": "Feature", "properties": { "latitude": 42.64251708984375, "longitude": 23.402971267700195, "heatmap_weight": 9, "raw_occupancy": 2 }, "geometry": { "type": "Point", "coordinates": [ 23.402971267700195, 42.64251708984375 ] } },
{ "type": "Feature", "properties": { "latitude": 42.685970306396484, "longitude": 23.331218719482422, "heatmap_weight": 16, "raw_occupancy": 3 }, "geometry": { "type": "Point", "coordinates": [ 23.331218719482422, 42.685970306396484 ] } },
{ "type": "Feature", "properties": { "latitude": 42.686271667480469, "longitude": 23.317995071411133, "heatmap_weight": 9, "raw_occupancy": 2 }, "geometry": { "type": "Point", "coordinates": [ 23.317995071411133, 42.686271667480469 ] } },
{ "type": "Feature", "properties": { "latitude": 42.546607971191406, "longitude": 23.362522125244141, "heatmap_weight": 9, "raw_occupancy": 2 }, "geometry": { "type": "Point", "coordinates": [ 23.362522125244141, 42.546607971191406 ] } },
{ "type": "Feature", "properties": { "latitude": 42.694011688232422, "longitude": 23.366571426391602, "heatmap_weight": 4, "raw_occupancy": 1 }, "geometry": { "type": "Point", "coordinates": [ 23.366571426391602, 42.694011688232422 ] } },
{ "type": "Feature", "properties": { "latitude": 42.665897369384766, "longitude": 23.371633529663086, "heatmap_weight": 9, "raw_occupancy": 2 }, "geometry": { "type": "Point", "coordinates": [ 23.371633529663086, 42.665897369384766 ] } },
{ "type": "Feature", "properties": { "latitude": 42.774971008300781, "longitude": 23.250173568725586, "heatmap_weight": 4, "raw_occupancy": 1 }, "geometry": { "type": "Point", "coordinates": [ 23.250173568725586, 42.774971008300781 ] } },
{ "type": "Feature", "properties": { "latitude": 42.664009094238281, "longitude": 23.410629272460938, "heatmap_weight": 4, "raw_occupancy": 1 }, "geometry": { "type": "Point", "coordinates": [ 23.410629272460938, 42.664009094238281 ] } },
{ "type": "Feature", "properties": { "latitude": 42.740970611572266, "longitude": 23.287055969238281, "heatmap_weight": 4, "raw_occupancy": 1 }, "geometry": { "type": "Point", "coordinates": [ 23.287055969238281, 42.740970611572266 ] } },
{ "type": "Feature", "properties": { "latitude": 42.649860382080078, "longitude": 23.34184455871582, "heatmap_weight": 4, "raw_occupancy": 1 }, "geometry": { "type": "Point", "coordinates": [ 23.34184455871582, 42.649860382080078 ] } },
{ "type": "Feature", "properties": { "latitude": 42.707248687744141, "longitude": 23.323223114013672, "heatmap_weight": 4, "raw_occupancy": 1 }, "geometry": { "type": "Point", "coordinates": [ 23.323223114013672, 42.707248687744141 ] } },
{ "type": "Feature", "properties": { "latitude": 42.734470367431641, "longitude": 23.291475296020508, "heatmap_weight": 1, "raw_occupancy": 0 }, "geometry": { "type": "Point", "coordinates": [ 23.291475296020508, 42.734470367431641 ] } },
{ "type": "Feature", "properties": { "latitude": 42.693813323974609, "longitude": 23.355432510375977, "heatmap_weight": 4, "raw_occupancy": 1 }, "geometry": { "type": "Point", "coordinates": [ 23.355432510375977, 42.693813323974609 ] } },
{ "type": "Feature", "properties": { "latitude": 42.725921630859375, "longitude": 23.454549789428711, "heatmap_weight": 4, "raw_occupancy": 1 }, "geometry": { "type": "Point", "coordinates": [ 23.454549789428711, 42.725921630859375 ] } },
{ "type": "Feature", "properties": { "latitude": 42.711383819580078, "longitude": 23.336963653564453, "heatmap_weight": 4, "raw_occupancy": 1 }, "geometry": { "type": "Point", "coordinates": [ 23.336963653564453, 42.711383819580078 ] } },
{ "type": "Feature", "properties": { "latitude": 42.789653778076172, "longitude": 23.404912948608398, "heatmap_weight": 1, "raw_occupancy": 0 }, "geometry": { "type": "Point", "coordinates": [ 23.404912948608398, 42.789653778076172 ] } },
{ "type": "Feature", "properties": { "latitude": 42.708370208740234, "longitude": 23.350551605224609, "heatmap_weight": 4, "raw_occupancy": 1 }, "geometry": { "type": "Point", "coordinates": [ 23.350551605224609, 42.708370208740234 ] } },
{ "type": "Feature", "properties": { "latitude": 42.617507934570312, "longitude": 23.417495727539062, "heatmap_weight": 1, "raw_occupancy": 0 }, "geometry": { "type": "Point", "coordinates": [ 23.417495727539062, 42.617507934570312 ] } },
{ "type": "Feature", "properties": { "latitude": 42.678218841552734, "longitude": 23.323858261108398, "heatmap_weight": 4, "raw_occupancy": 1 }, "geometry": { "type": "Point", "coordinates": [ 23.323858261108398, 42.678218841552734 ] } },
{ "type": "Feature", "properties": { "latitude": 42.6865234375, "longitude": 23.299676895141602, "heatmap_weight": 4, "raw_occupancy": 1 }, "geometry": { "type": "Point", "coordinates": [ 23.299676895141602, 42.6865234375 ] } },
{ "type": "Feature", "properties": { "latitude": 42.640773773193359, "longitude": 23.412511825561523, "heatmap_weight": 1, "raw_occupancy": 0 }, "geometry": { "type": "Point", "coordinates": [ 23.412511825561523, 42.640773773193359 ] } },
{ "type": "Feature", "properties": { "latitude": 42.652828216552734, "longitude": 23.347402572631836, "heatmap_weight": 9, "raw_occupancy": 2 }, "geometry": { "type": "Point", "coordinates": [ 23.347402572631836, 42.652828216552734 ] } },
{ "type": "Feature", "properties": { "latitude": 42.694908142089844, "longitude": 23.320610046386719, "heatmap_weight": 4, "raw_occupancy": 1 }, "geometry": { "type": "Point", "coordinates": [ 23.320610046386719, 42.694908142089844 ] } },
{ "type": "Feature", "properties": { "latitude": 42.5743408203125, "longitude": 23.429054260253906, "heatmap_weight": 4, "raw_occupancy": 1 }, "geometry": { "type": "Point", "coordinates": [ 23.429054260253906, 42.5743408203125 ] } },
{ "type": "Feature", "properties": { "latitude": 42.608005523681641, "longitude": 23.468143463134766, "heatmap_weight": 4, "raw_occupancy": 1 }, "geometry": { "type": "Point", "coordinates": [ 23.468143463134766, 42.608005523681641 ] } },
{ "type": "Feature", "properties": { "latitude": 42.692241668701172, "longitude": 23.333873748779297, "heatmap_weight": 4, "raw_occupancy": 1 }, "geometry": { "type": "Point", "coordinates": [ 23.333873748779297, 42.692241668701172 ] } },
{ "type": "Feature", "properties": { "latitude": 42.74188232421875, "longitude": 23.345359802246094, "heatmap_weight": 4, "raw_occupancy": 1 }, "geometry": { "type": "Point", "coordinates": [ 23.345359802246094, 42.74188232421875 ] } },
{ "type": "Feature", "properties": { "latitude": 42.637386322021484, "longitude": 23.335500717163086, "heatmap_weight": 9, "raw_occupancy": 2 }, "geometry": { "type": "Point", "coordinates": [ 23.335500717163086, 42.637386322021484 ] } },
{ "type": "Feature", "properties": { "latitude": 42.706226348876953, "longitude": 23.301740646362305, "heatmap_weight": 9, "raw_occupancy": 2 }, "geometry": { "type": "Point", "coordinates": [ 23.301740646362305, 42.706226348876953 ] } },
{ "type": "Feature", "properties": { "latitude": 42.724140167236328, "longitude": 23.31195068359375, "heatmap_weight": 4, "raw_occupancy": 1 }, "geometry": { "type": "Point", "coordinates": [ 23.31195068359375, 42.724140167236328 ] } },
{ "type": "Feature", "properties": { "latitude": 42.692432403564453, "longitude": 23.343776702880859, "heatmap_weight": 1, "raw_occupancy": 0 }, "geometry": { "type": "Point", "coordinates": [ 23.343776702880859, 42.692432403564453 ] } },
{ "type": "Feature", "properties": { "latitude": 42.7017822265625, "longitude": 23.339479446411133, "heatmap_weight": 9, "raw_occupancy": 2 }, "geometry": { "type": "Point", "coordinates": [ 23.339479446411133, 42.7017822265625 ] } },
{ "type": "Feature", "properties": { "latitude": 42.668636322021484, "longitude": 23.401151657104492, "heatmap_weight": 4, "raw_occupancy": 1 }, "geometry": { "type": "Point", "coordinates": [ 23.401151657104492, 42.668636322021484 ] } },
{ "type": "Feature", "properties": { "latitude": 42.704631805419922, "longitude": 23.357955932617188, "heatmap_weight": 4, "raw_occupancy": 1 }, "geometry": { "type": "Point", "coordinates": [ 23.357955932617188, 42.704631805419922 ] } },
{ "type": "Feature", "properties": { "latitude": 42.702213287353516, "longitude": 23.359756469726562, "heatmap_weight": 16, "raw_occupancy": 3 }, "geometry": { "type": "Point", "coordinates": [ 23.359756469726562, 42.702213287353516 ] } },
{ "type": "Feature", "properties": { "latitude": 42.699974060058594, "longitude": 23.149787902832031, "heatmap_weight": 4, "raw_occupancy": 1 }, "geometry": { "type": "Point", "coordinates": [ 23.149787902832031, 42.699974060058594 ] } },
{ "type": "Feature", "properties": { "latitude": 42.730228424072266, "longitude": 23.383844375610352, "heatmap_weight": 4, "raw_occupancy": 1 }, "geometry": { "type": "Point", "coordinates": [ 23.383844375610352, 42.730228424072266 ] } },
{ "type": "Feature", "properties": { "latitude": 42.654483795166016, "longitude": 23.411087036132812, "heatmap_weight": 1, "raw_occupancy": 0 }, "geometry": { "type": "Point", "coordinates": [ 23.411087036132812, 42.654483795166016 ] } },
{ "type": "Feature", "properties": { "latitude": 42.689804077148438, "longitude": 23.335796356201172, "heatmap_weight": 9, "raw_occupancy": 2 }, "geometry": { "type": "Point", "coordinates": [ 23.335796356201172, 42.689804077148438 ] } },
{ "type": "Feature", "properties": { "latitude": 42.694931030273438, "longitude": 23.334945678710938, "heatmap_weight": 4, "raw_occupancy": 1 }, "geometry": { "type": "Point", "coordinates": [ 23.334945678710938, 42.694931030273438 ] } },
{ "type": "Feature", "properties": { "latitude": 42.649501800537109, "longitude": 23.265132904052734, "heatmap_weight": 4, "raw_occupancy": 1 }, "geometry": { "type": "Point", "coordinates": [ 23.265132904052734, 42.649501800537109 ] } },
{ "type": "Feature", "properties": { "latitude": 42.711647033691406, "longitude": 23.2901611328125, "heatmap_weight": 9, "raw_occupancy": 2 }, "geometry": { "type": "Point", "coordinates": [ 23.2901611328125, 42.711647033691406 ] } },
{ "type": "Feature", "properties": { "latitude": 42.668724060058594, "longitude": 23.254222869873047, "heatmap_weight": 9, "raw_occupancy": 2 }, "geometry": { "type": "Point", "coordinates": [ 23.254222869873047, 42.668724060058594 ] } },
{ "type": "Feature", "properties": { "latitude": 42.713603973388672, "longitude": 23.275175094604492, "heatmap_weight": 9, "raw_occupancy": 2 }, "geometry": { "type": "Point", "coordinates": [ 23.275175094604492, 42.713603973388672 ] } },
{ "type": "Feature", "properties": { "latitude": 42.718421936035156, "longitude": 23.257083892822266, "heatmap_weight": 9, "raw_occupancy": 2 }, "geometry": { "type": "Point", "coordinates": [ 23.257083892822266, 42.718421936035156 ] } },
{ "type": "Feature", "properties": { "latitude": 42.632545471191406, "longitude": 23.333730697631836, "heatmap_weight": 4, "raw_occupancy": 1 }, "geometry": { "type": "Point", "coordinates": [ 23.333730697631836, 42.632545471191406 ] } },
{ "type": "Feature", "properties": { "latitude": 42.687240600585938, "longitude": 23.351993560791016, "heatmap_weight": 4, "raw_occupancy": 1 }, "geometry": { "type": "Point", "coordinates": [ 23.351993560791016, 42.687240600585938 ] } },
{ "type": "Feature", "properties": { "latitude": 42.732109069824219, "longitude": 23.267480850219727, "heatmap_weight": 4, "raw_occupancy": 1 }, "geometry": { "type": "Point", "coordinates": [ 23.267480850219727, 42.732109069824219 ] } },
{ "type": "Feature", "properties": { "latitude": 42.630168914794922, "longitude": 23.374980926513672, "heatmap_weight": 4, "raw_occupancy": 1 }, "geometry": { "type": "Point", "coordinates": [ 23.374980926513672, 42.630168914794922 ] } },
{ "type": "Feature", "properties": { "latitude": 42.659820556640625, "longitude": 23.245340347290039, "heatmap_weight": 4, "raw_occupancy": 1 }, "geometry": { "type": "Point", "coordinates": [ 23.245340347290039, 42.659820556640625 ] } },
{ "type": "Feature", "properties": { "latitude": 42.713050842285156, "longitude": 23.304122924804688, "heatmap_weight": 9, "raw_occupancy": 2 }, "geometry": { "type": "Point", "coordinates": [ 23.304122924804688, 42.713050842285156 ] } },
{ "type": "Feature", "properties": { "latitude": 42.662258148193359, "longitude": 23.293979644775391, "heatmap_weight": 1, "raw_occupancy": 0 }, "geometry": { "type": "Point", "coordinates": [ 23.293979644775391, 42.662258148193359 ] } },
{ "type": "Feature", "properties": { "latitude": 42.585708618164062, "longitude": 23.421318054199219, "heatmap_weight": 4, "raw_occupancy": 1 }, "geometry": { "type": "Point", "coordinates": [ 23.421318054199219, 42.585708618164062 ] } },
{ "type": "Feature", "properties": { "latitude": 42.662563323974609, "longitude": 23.293371200561523, "heatmap_weight": 4, "raw_occupancy": 1 }, "geometry": { "type": "Point", "coordinates": [ 23.293371200561523, 42.662563323974609 ] } },
{ "type": "Feature", "properties": { "latitude": 42.6815185546875, "longitude": 23.316476821899414, "heatmap_weight": 9, "raw_occupancy": 2 }, "geometry": { "type": "Point", "coordinates": [ 23.316476821899414, 42.6815185546875 ] } },
{ "type": "Feature", "properties": { "latitude": 42.700454711914062, "longitude": 23.314453125, "heatmap_weight": 4, "raw_occupancy": 1 }, "geometry": { "type": "Point", "coordinates": [ 23.314453125, 42.700454711914062 ] } },
{ "type": "Feature", "properties": { "latitude": 42.676246643066406, "longitude": 23.268386840820312, "heatmap_weight": 9, "raw_occupancy": 2 }, "geometry": { "type": "Point", "coordinates": [ 23.268386840820312, 42.676246643066406 ] } },
{ "type": "Feature", "properties": { "latitude": 42.686100006103516, "longitude": 23.401248931884766, "heatmap_weight": 9, "raw_occupancy": 2 }, "geometry": { "type": "Point", "coordinates": [ 23.401248931884766, 42.686100006103516 ] } },
{ "type": "Feature", "properties": { "latitude": 42.684608459472656, "longitude": 23.295944213867188, "heatmap_weight": 4, "raw_occupancy": 1 }, "geometry": { "type": "Point", "coordinates": [ 23.295944213867188, 42.684608459472656 ] } },
{ "type": "Feature", "properties": { "latitude": 42.698390960693359, "longitude": 23.334926605224609, "heatmap_weight": 4, "raw_occupancy": 1 }, "geometry": { "type": "Point", "coordinates": [ 23.334926605224609, 42.698390960693359 ] } },
{ "type": "Feature", "properties": { "latitude": 42.693809509277344, "longitude": 23.334630966186523, "heatmap_weight": 4, "raw_occupancy": 1 }, "geometry": { "type": "Point", "coordinates": [ 23.334630966186523, 42.693809509277344 ] } },
{ "type": "Feature", "properties": { "latitude": 42.696811676025391, "longitude": 23.337947845458984, "heatmap_weight": 9, "raw_occupancy": 2 }, "geometry": { "type": "Point", "coordinates": [ 23.337947845458984, 42.696811676025391 ] } },
{ "type": "Feature", "properties": { "latitude": 42.717674255371094, "longitude": 23.278505325317383, "heatmap_weight": 4, "raw_occupancy": 1 }, "geometry": { "type": "Point", "coordinates": [ 23.278505325317383, 42.717674255371094 ] } },
{ "type": "Feature", "properties": { "latitude": 42.683223724365234, "longitude": 23.277746200561523, "heatmap_weight": 4, "raw_occupancy": 1 }, "geometry": { "type": "Point", "coordinates": [ 23.277746200561523, 42.683223724365234 ] } },
{ "type": "Feature", "properties": { "latitude": 42.718818664550781, "longitude": 23.309894561767578, "heatmap_weight": 9, "raw_occupancy": 2 }, "geometry": { "type": "Point", "coordinates": [ 23.309894561767578, 42.718818664550781 ] } },
{ "type": "Feature", "properties": { "latitude": 42.700035095214844, "longitude": 23.29994010925293, "heatmap_weight": 4, "raw_occupancy": 1 }, "geometry": { "type": "Point", "coordinates": [ 23.29994010925293, 42.700035095214844 ] } },
{ "type": "Feature", "properties": { "latitude": 42.660369873046875, "longitude": 23.264968872070312, "heatmap_weight": 4, "raw_occupancy": 1 }, "geometry": { "type": "Point", "coordinates": [ 23.264968872070312, 42.660369873046875 ] } },
{ "type": "Feature", "properties": { "latitude": 42.633068084716797, "longitude": 23.333681106567383, "heatmap_weight": 9, "raw_occupancy": 2 }, "geometry": { "type": "Point", "coordinates": [ 23.333681106567383, 42.633068084716797 ] } },
{ "type": "Feature", "properties": { "latitude": 42.705066680908203, "longitude": 23.325357437133789, "heatmap_weight": 9, "raw_occupancy": 2 }, "geometry": { "type": "Point", "coordinates": [ 23.325357437133789, 42.705066680908203 ] } },
{ "type": "Feature", "properties": { "latitude": 42.641071319580078, "longitude": 23.314321517944336, "heatmap_weight": 9, "raw_occupancy": 2 }, "geometry": { "type": "Point", "coordinates": [ 23.314321517944336, 42.641071319580078 ] } },
{ "type": "Feature", "properties": { "latitude": 42.706050872802734, "longitude": 23.312139511108398, "heatmap_weight": 9, "raw_occupancy": 2 }, "geometry": { "type": "Point", "coordinates": [ 23.312139511108398, 42.706050872802734 ] } },
{ "type": "Feature", "properties": { "latitude": 42.771480560302734, "longitude": 23.315729141235352, "heatmap_weight": 4, "raw_occupancy": 1 }, "geometry": { "type": "Point", "coordinates": [ 23.315729141235352, 42.771480560302734 ] } },
{ "type": "Feature", "properties": { "latitude": 42.667739868164062, "longitude": 23.265695571899414, "heatmap_weight": 4, "raw_occupancy": 1 }, "geometry": { "type": "Point", "coordinates": [ 23.265695571899414, 42.667739868164062 ] } },
{ "type": "Feature", "properties": { "latitude": 42.644451141357422, "longitude": 23.341968536376953, "heatmap_weight": 4, "raw_occupancy": 1 }, "geometry": { "type": "Point", "coordinates": [ 23.341968536376953, 42.644451141357422 ] } },
{ "type": "Feature", "properties": { "latitude": 42.741668701171875, "longitude": 23.278053283691406, "heatmap_weight": 4, "raw_occupancy": 1 }, "geometry": { "type": "Point", "coordinates": [ 23.278053283691406, 42.741668701171875 ] } },
{ "type": "Feature", "properties": { "latitude": 42.72418212890625, "longitude": 23.32618522644043, "heatmap_weight": 4, "raw_occupancy": 1 }, "geometry": { "type": "Point", "coordinates": [ 23.32618522644043, 42.72418212890625 ] } },
{ "type": "Feature", "properties": { "latitude": 42.656875610351562, "longitude": 23.316946029663086, "heatmap_weight": 4, "raw_occupancy": 1 }, "geometry": { "type": "Point", "coordinates": [ 23.316946029663086, 42.656875610351562 ] } },
{ "type": "Feature", "properties": { "latitude": 42.696903228759766, "longitude": 23.278366088867188, "heatmap_weight": 9, "raw_occupancy": 2 }, "geometry": { "type": "Point", "coordinates": [ 23.278366088867188, 42.696903228759766 ] } },
{ "type": "Feature", "properties": { "latitude": 42.695564270019531, "longitude": 23.337757110595703, "heatmap_weight": 4, "raw_occupancy": 1 }, "geometry": { "type": "Point", "coordinates": [ 23.337757110595703, 42.695564270019531 ] } },
{ "type": "Feature", "properties": { "latitude": 42.666130065917969, "longitude": 23.38713264465332, "heatmap_weight": 4, "raw_occupancy": 1 }, "geometry": { "type": "Point", "coordinates": [ 23.38713264465332, 42.666130065917969 ] } },
{ "type": "Feature", "properties": { "latitude": 42.693878173828125, "longitude": 23.36677360534668, "heatmap_weight": 1, "raw_occupancy": 0 }, "geometry": { "type": "Point", "coordinates": [ 23.36677360534668, 42.693878173828125 ] } },
{ "type": "Feature", "properties": { "latitude": 42.699138641357422, "longitude": 23.310062408447266, "heatmap_weight": 9, "raw_occupancy": 2 }, "geometry": { "type": "Point", "coordinates": [ 23.310062408447266, 42.699138641357422 ] } },
{ "type": "Feature", "properties": { "latitude": 42.677272796630859, "longitude": 23.235233306884766, "heatmap_weight": 4, "raw_occupancy": 1 }, "geometry": { "type": "Point", "coordinates": [ 23.235233306884766, 42.677272796630859 ] } },
{ "type": "Feature", "properties": { "latitude": 42.701251983642578, "longitude": 23.309831619262695, "heatmap_weight": 9, "raw_occupancy": 2 }, "geometry": { "type": "Point", "coordinates": [ 23.309831619262695, 42.701251983642578 ] } },
{ "type": "Feature", "properties": { "latitude": 42.658195495605469, "longitude": 23.341873168945312, "heatmap_weight": 4, "raw_occupancy": 1 }, "geometry": { "type": "Point", "coordinates": [ 23.341873168945312, 42.658195495605469 ] } },
{ "type": "Feature", "properties": { "latitude": 42.672599792480469, "longitude": 23.295186996459961, "heatmap_weight": 4, "raw_occupancy": 1 }, "geometry": { "type": "Point", "coordinates": [ 23.295186996459961, 42.672599792480469 ] } },
{ "type": "Feature", "properties": { "latitude": 42.778282165527344, "longitude": 23.394899368286133, "heatmap_weight": 1, "raw_occupancy": 0 }, "geometry": { "type": "Point", "coordinates": [ 23.394899368286133, 42.778282165527344 ] } },
{ "type": "Feature", "properties": { "latitude": 42.696571350097656, "longitude": 23.354885101318359, "heatmap_weight": 9, "raw_occupancy": 2 }, "geometry": { "type": "Point", "coordinates": [ 23.354885101318359, 42.696571350097656 ] } },
{ "type": "Feature", "properties": { "latitude": 42.667976379394531, "longitude": 23.266117095947266, "heatmap_weight": 4, "raw_occupancy": 1 }, "geometry": { "type": "Point", "coordinates": [ 23.266117095947266, 42.667976379394531 ] } },
{ "type": "Feature", "properties": { "latitude": 42.635761260986328, "longitude": 23.310617446899414, "heatmap_weight": 4, "raw_occupancy": 1 }, "geometry": { "type": "Point", "coordinates": [ 23.310617446899414, 42.635761260986328 ] } },
{ "type": "Feature", "properties": { "latitude": 42.669475555419922, "longitude": 23.319829940795898, "heatmap_weight": 9, "raw_occupancy": 2 }, "geometry": { "type": "Point", "coordinates": [ 23.319829940795898, 42.669475555419922 ] } },
{ "type": "Feature", "properties": { "latitude": 42.710868835449219, "longitude": 23.32073974609375, "heatmap_weight": 4, "raw_occupancy": 1 }, "geometry": { "type": "Point", "coordinates": [ 23.32073974609375, 42.710868835449219 ] } },
{ "type": "Feature", "properties": { "latitude": 42.679538726806641, "longitude": 23.302284240722656, "heatmap_weight": 4, "raw_occupancy": 1 }, "geometry": { "type": "Point", "coordinates": [ 23.302284240722656, 42.679538726806641 ] } },
{ "type": "Feature", "properties": { "latitude": 42.713527679443359, "longitude": 23.305534362792969, "heatmap_weight": 1, "raw_occupancy": 0 }, "geometry": { "type": "Point", "coordinates": [ 23.305534362792969, 42.713527679443359 ] } },
{ "type": "Feature", "properties": { "latitude": 42.667160034179688, "longitude": 23.370878219604492, "heatmap_weight": 1, "raw_occupancy": 0 }, "geometry": { "type": "Point", "coordinates": [ 23.370878219604492, 42.667160034179688 ] } },
{ "type": "Feature", "properties": { "latitude": 42.673542022705078, "longitude": 23.286048889160156, "heatmap_weight": 4, "raw_occupancy": 1 }, "geometry": { "type": "Point", "coordinates": [ 23.286048889160156, 42.673542022705078 ] } },
{ "type": "Feature", "properties": { "latitude": 42.645778656005859, "longitude": 23.367542266845703, "heatmap_weight": 4, "raw_occupancy": 1 }, "geometry": { "type": "Point", "coordinates": [ 23.367542266845703, 42.645778656005859 ] } },
{ "type": "Feature", "properties": { "latitude": 42.669044494628906, "longitude": 23.280075073242188, "heatmap_weight": 4, "raw_occupancy": 1 }, "geometry": { "type": "Point", "coordinates": [ 23.280075073242188, 42.669044494628906 ] } },
{ "type": "Feature", "properties": { "latitude": 42.644176483154297, "longitude": 23.412181854248047, "heatmap_weight": 1, "raw_occupancy": 0 }, "geometry": { "type": "Point", "coordinates": [ 23.412181854248047, 42.644176483154297 ] } },
{ "type": "Feature", "properties": { "latitude": 42.661720275878906, "longitude": 23.389423370361328, "heatmap_weight": 4, "raw_occupancy": 1 }, "geometry": { "type": "Point", "coordinates": [ 23.389423370361328, 42.661720275878906 ] } },
{ "type": "Feature", "properties": { "latitude": 42.671741485595703, "longitude": 23.364164352416992, "heatmap_weight": 9, "raw_occupancy": 2 }, "geometry": { "type": "Point", "coordinates": [ 23.364164352416992, 42.671741485595703 ] } },
{ "type": "Feature", "properties": { "latitude": 42.704471588134766, "longitude": 23.325056076049805, "heatmap_weight": 1, "raw_occupancy": 0 }, "geometry": { "type": "Point", "coordinates": [ 23.325056076049805, 42.704471588134766 ] } },
{ "type": "Feature", "properties": { "latitude": 42.697044372558594, "longitude": 23.315336227416992, "heatmap_weight": 4, "raw_occupancy": 1 }, "geometry": { "type": "Point", "coordinates": [ 23.315336227416992, 42.697044372558594 ] } },
{ "type": "Feature", "properties": { "latitude": 42.664417266845703, "longitude": 23.409265518188477, "heatmap_weight": 1, "raw_occupancy": 0 }, "geometry": { "type": "Point", "coordinates": [ 23.409265518188477, 42.664417266845703 ] } },
{ "type": "Feature", "properties": { "latitude": 42.694904327392578, "longitude": 23.351646423339844, "heatmap_weight": 4, "raw_occupancy": 1 }, "geometry": { "type": "Point", "coordinates": [ 23.351646423339844, 42.694904327392578 ] } },
{ "type": "Feature", "properties": { "latitude": 42.702339172363281, "longitude": 23.360239028930664, "heatmap_weight": 4, "raw_occupancy": 1 }, "geometry": { "type": "Point", "coordinates": [ 23.360239028930664, 42.702339172363281 ] } },
{ "type": "Feature", "properties": { "latitude": 42.656482696533203, "longitude": 23.465436935424805, "heatmap_weight": 1, "raw_occupancy": 0 }, "geometry": { "type": "Point", "coordinates": [ 23.465436935424805, 42.656482696533203 ] } },
{ "type": "Feature", "properties": { "latitude": 42.698497772216797, "longitude": 23.310441970825195, "heatmap_weight": 16, "raw_occupancy": 3 }, "geometry": { "type": "Point", "coordinates": [ 23.310441970825195, 42.698497772216797 ] } },
{ "type": "Feature", "properties": { "latitude": 42.669681549072266, "longitude": 23.368549346923828, "heatmap_weight": 9, "raw_occupancy": 2 }, "geometry": { "type": "Point", "coordinates": [ 23.368549346923828, 42.669681549072266 ] } },
{ "type": "Feature", "properties": { "latitude": 42.660327911376953, "longitude": 23.347332000732422, "heatmap_weight": 16, "raw_occupancy": 3 }, "geometry": { "type": "Point", "coordinates": [ 23.347332000732422, 42.660327911376953 ] } },
{ "type": "Feature", "properties": { "latitude": 42.671630859375, "longitude": 23.251792907714844, "heatmap_weight": 16, "raw_occupancy": 3 }, "geometry": { "type": "Point", "coordinates": [ 23.251792907714844, 42.671630859375 ] } },
{ "type": "Feature", "properties": { "latitude": 42.712940216064453, "longitude": 23.313114166259766, "heatmap_weight": 4, "raw_occupancy": 1 }, "geometry": { "type": "Point", "coordinates": [ 23.313114166259766, 42.712940216064453 ] } },
{ "type": "Feature", "properties": { "latitude": 42.699054718017578, "longitude": 23.347377777099609, "heatmap_weight": 9, "raw_occupancy": 2 }, "geometry": { "type": "Point", "coordinates": [ 23.347377777099609, 42.699054718017578 ] } },
{ "type": "Feature", "properties": { "latitude": 42.658916473388672, "longitude": 23.316499710083008, "heatmap_weight": 1, "raw_occupancy": 0 }, "geometry": { "type": "Point", "coordinates": [ 23.316499710083008, 42.658916473388672 ] } },
{ "type": "Feature", "properties": { "latitude": 42.683944702148438, "longitude": 23.241641998291016, "heatmap_weight": 4, "raw_occupancy": 1 }, "geometry": { "type": "Point", "coordinates": [ 23.241641998291016, 42.683944702148438 ] } },
{ "type": "Feature", "properties": { "latitude": 42.643177032470703, "longitude": 23.337306976318359, "heatmap_weight": 4, "raw_occupancy": 1 }, "geometry": { "type": "Point", "coordinates": [ 23.337306976318359, 42.643177032470703 ] } },
{ "type": "Feature", "properties": { "latitude": 42.691184997558594, "longitude": 23.324604034423828, "heatmap_weight": 16, "raw_occupancy": 3 }, "geometry": { "type": "Point", "coordinates": [ 23.324604034423828, 42.691184997558594 ] } },
{ "type": "Feature", "properties": { "latitude": 42.671817779541016, "longitude": 23.272882461547852, "heatmap_weight": 4, "raw_occupancy": 1 }, "geometry": { "type": "Point", "coordinates": [ 23.272882461547852, 42.671817779541016 ] } },
{ "type": "Feature", "properties": { "latitude": 42.662433624267578, "longitude": 23.37733268737793, "heatmap_weight": 4, "raw_occupancy": 1 }, "geometry": { "type": "Point", "coordinates": [ 23.37733268737793, 42.662433624267578 ] } },
{ "type": "Feature", "properties": { "latitude": 42.843826293945312, "longitude": 23.273880004882812, "heatmap_weight": 4, "raw_occupancy": 1 }, "geometry": { "type": "Point", "coordinates": [ 23.273880004882812, 42.843826293945312 ] } },
{ "type": "Feature", "properties": { "latitude": 42.696372985839844, "longitude": 23.349222183227539, "heatmap_weight": 9, "raw_occupancy": 2 }, "geometry": { "type": "Point", "coordinates": [ 23.349222183227539, 42.696372985839844 ] } },
{ "type": "Feature", "properties": { "latitude": 42.662628173828125, "longitude": 23.358198165893555, "heatmap_weight": 9, "raw_occupancy": 2 }, "geometry": { "type": "Point", "coordinates": [ 23.358198165893555, 42.662628173828125 ] } },
{ "type": "Feature", "properties": { "latitude": 42.703109741210938, "longitude": 23.352651596069336, "heatmap_weight": 4, "raw_occupancy": 1 }, "geometry": { "type": "Point", "coordinates": [ 23.352651596069336, 42.703109741210938 ] } },
{ "type": "Feature", "properties": { "latitude": 42.704822540283203, "longitude": 23.332878112792969, "heatmap_weight": 1, "raw_occupancy": 0 }, "geometry": { "type": "Point", "coordinates": [ 23.332878112792969, 42.704822540283203 ] } },
{ "type": "Feature", "properties": { "latitude": 42.684879302978516, "longitude": 23.302595138549805, "heatmap_weight": 4, "raw_occupancy": 1 }, "geometry": { "type": "Point", "coordinates": [ 23.302595138549805, 42.684879302978516 ] } },
{ "type": "Feature", "properties": { "latitude": 42.665149688720703, "longitude": 23.260238647460938, "heatmap_weight": 4, "raw_occupancy": 1 }, "geometry": { "type": "Point", "coordinates": [ 23.260238647460938, 42.665149688720703 ] } },
{ "type": "Feature", "properties": { "latitude": 42.706455230712891, "longitude": 23.312137603759766, "heatmap_weight": 4, "raw_occupancy": 1 }, "geometry": { "type": "Point", "coordinates": [ 23.312137603759766, 42.706455230712891 ] } },
{ "type": "Feature", "properties": { "latitude": 42.6417236328125, "longitude": 23.373306274414062, "heatmap_weight": 4, "raw_occupancy": 1 }, "geometry": { "type": "Point", "coordinates": [ 23.373306274414062, 42.6417236328125 ] } },
{ "type": "Feature", "properties": { "latitude": 42.685810089111328, "longitude": 23.35059928894043, "heatmap_weight": 4, "raw_occupancy": 1 }, "geometry": { "type": "Point", "coordinates": [ 23.35059928894043, 42.685810089111328 ] } },
{ "type": "Feature", "properties": { "latitude": 42.561794281005859, "longitude": 23.364812850952148, "heatmap_weight": 4, "raw_occupancy": 1 }, "geometry": { "type": "Point", "coordinates": [ 23.364812850952148, 42.561794281005859 ] } },
{ "type": "Feature", "properties": { "latitude": 42.714931488037109, "longitude": 23.173442840576172, "heatmap_weight": 9, "raw_occupancy": 2 }, "geometry": { "type": "Point", "coordinates": [ 23.173442840576172, 42.714931488037109 ] } },
{ "type": "Feature", "properties": { "latitude": 42.671588897705078, "longitude": 23.39387321472168, "heatmap_weight": 9, "raw_occupancy": 2 }, "geometry": { "type": "Point", "coordinates": [ 23.39387321472168, 42.671588897705078 ] } },
{ "type": "Feature", "properties": { "latitude": 42.675933837890625, "longitude": 23.303380966186523, "heatmap_weight": 9, "raw_occupancy": 2 }, "geometry": { "type": "Point", "coordinates": [ 23.303380966186523, 42.675933837890625 ] } },
{ "type": "Feature", "properties": { "latitude": 42.661842346191406, "longitude": 23.358715057373047, "heatmap_weight": 4, "raw_occupancy": 1 }, "geometry": { "type": "Point", "coordinates": [ 23.358715057373047, 42.661842346191406 ] } },
{ "type": "Feature", "properties": { "latitude": 42.674106597900391, "longitude": 23.435468673706055, "heatmap_weight": 4, "raw_occupancy": 1 }, "geometry": { "type": "Point", "coordinates": [ 23.435468673706055, 42.674106597900391 ] } },
{ "type": "Feature", "properties": { "latitude": 42.713134765625, "longitude": 23.316118240356445, "heatmap_weight": 1, "raw_occupancy": 0 }, "geometry": { "type": "Point", "coordinates": [ 23.316118240356445, 42.713134765625 ] } },
{ "type": "Feature", "properties": { "latitude": 42.738140106201172, "longitude": 23.316440582275391, "heatmap_weight": 4, "raw_occupancy": 1 }, "geometry": { "type": "Point", "coordinates": [ 23.316440582275391, 42.738140106201172 ] } },
{ "type": "Feature", "properties": { "latitude": 42.698753356933594, "longitude": 23.335226058959961, "heatmap_weight": 9, "raw_occupancy": 2 }, "geometry": { "type": "Point", "coordinates": [ 23.335226058959961, 42.698753356933594 ] } },
{ "type": "Feature", "properties": { "latitude": 42.698356628417969, "longitude": 23.330707550048828, "heatmap_weight": 9, "raw_occupancy": 2 }, "geometry": { "type": "Point", "coordinates": [ 23.330707550048828, 42.698356628417969 ] } },
{ "type": "Feature", "properties": { "latitude": 42.725547790527344, "longitude": 23.264150619506836, "heatmap_weight": 4, "raw_occupancy": 1 }, "geometry": { "type": "Point", "coordinates": [ 23.264150619506836, 42.725547790527344 ] } },
{ "type": "Feature", "properties": { "latitude": 42.698146820068359, "longitude": 23.321962356567383, "heatmap_weight": 1, "raw_occupancy": 0 }, "geometry": { "type": "Point", "coordinates": [ 23.321962356567383, 42.698146820068359 ] } },
{ "type": "Feature", "properties": { "latitude": 42.683883666992188, "longitude": 23.301490783691406, "heatmap_weight": 4, "raw_occupancy": 1 }, "geometry": { "type": "Point", "coordinates": [ 23.301490783691406, 42.683883666992188 ] } },
{ "type": "Feature", "properties": { "latitude": 42.665084838867188, "longitude": 23.407865524291992, "heatmap_weight": 1, "raw_occupancy": 0 }, "geometry": { "type": "Point", "coordinates": [ 23.407865524291992, 42.665084838867188 ] } },
{ "type": "Feature", "properties": { "latitude": 42.639022827148438, "longitude": 23.389261245727539, "heatmap_weight": 1, "raw_occupancy": 0 }, "geometry": { "type": "Point", "coordinates": [ 23.389261245727539, 42.639022827148438 ] } },
{ "type": "Feature", "properties": { "latitude": 42.712181091308594, "longitude": 23.314825057983398, "heatmap_weight": 4, "raw_occupancy": 1 }, "geometry": { "type": "Point", "coordinates": [ 23.314825057983398, 42.712181091308594 ] } },
{ "type": "Feature", "properties": { "latitude": 42.671661376953125, "longitude": 23.272670745849609, "heatmap_weight": 4, "raw_occupancy": 1 }, "geometry": { "type": "Point", "coordinates": [ 23.272670745849609, 42.671661376953125 ] } },
{ "type": "Feature", "properties": { "latitude": 42.706897735595703, "longitude": 23.323896408081055, "heatmap_weight": 4, "raw_occupancy": 1 }, "geometry": { "type": "Point", "coordinates": [ 23.323896408081055, 42.706897735595703 ] } },
{ "type": "Feature", "properties": { "latitude": 42.705188751220703, "longitude": 23.29826545715332, "heatmap_weight": 4, "raw_occupancy": 1 }, "geometry": { "type": "Point", "coordinates": [ 23.29826545715332, 42.705188751220703 ] } },
{ "type": "Feature", "properties": { "latitude": 42.673954010009766, "longitude": 23.326910018920898, "heatmap_weight": 9, "raw_occupancy": 2 }, "geometry": { "type": "Point", "coordinates": [ 23.326910018920898, 42.673954010009766 ] } },
{ "type": "Feature", "properties": { "latitude": 42.683090209960938, "longitude": 23.348344802856445, "heatmap_weight": 9, "raw_occupancy": 2 }, "geometry": { "type": "Point", "coordinates": [ 23.348344802856445, 42.683090209960938 ] } },
{ "type": "Feature", "properties": { "latitude": 42.688652038574219, "longitude": 23.321754455566406, "heatmap_weight": 4, "raw_occupancy": 1 }, "geometry": { "type": "Point", "coordinates": [ 23.321754455566406, 42.688652038574219 ] } },
{ "type": "Feature", "properties": { "latitude": 42.661396026611328, "longitude": 23.352272033691406, "heatmap_weight": 9, "raw_occupancy": 2 }, "geometry": { "type": "Point", "coordinates": [ 23.352272033691406, 42.661396026611328 ] } },
{ "type": "Feature", "properties": { "latitude": 42.659072875976562, "longitude": 23.315746307373047, "heatmap_weight": 9, "raw_occupancy": 2 }, "geometry": { "type": "Point", "coordinates": [ 23.315746307373047, 42.659072875976562 ] } },
{ "type": "Feature", "properties": { "latitude": 42.696048736572266, "longitude": 23.318960189819336, "heatmap_weight": 4, "raw_occupancy": 1 }, "geometry": { "type": "Point", "coordinates": [ 23.318960189819336, 42.696048736572266 ] } },
{ "type": "Feature", "properties": { "latitude": 42.681686401367188, "longitude": 23.349893569946289, "heatmap_weight": 16, "raw_occupancy": 3 }, "geometry": { "type": "Point", "coordinates": [ 23.349893569946289, 42.681686401367188 ] } },
{ "type": "Feature", "properties": { "latitude": 42.67340087890625, "longitude": 23.381227493286133, "heatmap_weight": 9, "raw_occupancy": 2 }, "geometry": { "type": "Point", "coordinates": [ 23.381227493286133, 42.67340087890625 ] } },
{ "type": "Feature", "properties": { "latitude": 42.732456207275391, "longitude": 23.249629974365234, "heatmap_weight": 4, "raw_occupancy": 1 }, "geometry": { "type": "Point", "coordinates": [ 23.249629974365234, 42.732456207275391 ] } },
{ "type": "Feature", "properties": { "latitude": 42.735836029052734, "longitude": 23.240318298339844, "heatmap_weight": 9, "raw_occupancy": 2 }, "geometry": { "type": "Point", "coordinates": [ 23.240318298339844, 42.735836029052734 ] } },
{ "type": "Feature", "properties": { "latitude": 42.709197998046875, "longitude": 23.313621520996094, "heatmap_weight": 4, "raw_occupancy": 1 }, "geometry": { "type": "Point", "coordinates": [ 23.313621520996094, 42.709197998046875 ] } },
{ "type": "Feature", "properties": { "latitude": 42.666637420654297, "longitude": 23.28392219543457, "heatmap_weight": 4, "raw_occupancy": 1 }, "geometry": { "type": "Point", "coordinates": [ 23.28392219543457, 42.666637420654297 ] } },
{ "type": "Feature", "properties": { "latitude": 42.695915222167969, "longitude": 23.347143173217773, "heatmap_weight": 1, "raw_occupancy": 0 }, "geometry": { "type": "Point", "coordinates": [ 23.347143173217773, 42.695915222167969 ] } },
{ "type": "Feature", "properties": { "latitude": 42.645427703857422, "longitude": 23.333845138549805, "heatmap_weight": 9, "raw_occupancy": 2 }, "geometry": { "type": "Point", "coordinates": [ 23.333845138549805, 42.645427703857422 ] } },
{ "type": "Feature", "properties": { "latitude": 42.676551818847656, "longitude": 23.297212600708008, "heatmap_weight": 9, "raw_occupancy": 2 }, "geometry": { "type": "Point", "coordinates": [ 23.297212600708008, 42.676551818847656 ] } },
{ "type": "Feature", "properties": { "latitude": 42.700218200683594, "longitude": 23.322202682495117, "heatmap_weight": 4, "raw_occupancy": 1 }, "geometry": { "type": "Point", "coordinates": [ 23.322202682495117, 42.700218200683594 ] } },
{ "type": "Feature", "properties": { "latitude": 42.656528472900391, "longitude": 23.325889587402344, "heatmap_weight": 4, "raw_occupancy": 1 }, "geometry": { "type": "Point", "coordinates": [ 23.325889587402344, 42.656528472900391 ] } },
{ "type": "Feature", "properties": { "latitude": 42.694728851318359, "longitude": 23.32948112487793, "heatmap_weight": 4, "raw_occupancy": 1 }, "geometry": { "type": "Point", "coordinates": [ 23.32948112487793, 42.694728851318359 ] } },
{ "type": "Feature", "properties": { "latitude": 42.79144287109375, "longitude": 23.329418182373047, "heatmap_weight": 4, "raw_occupancy": 1 }, "geometry": { "type": "Point", "coordinates": [ 23.329418182373047, 42.79144287109375 ] } },
{ "type": "Feature", "properties": { "latitude": 42.654853820800781, "longitude": 23.330106735229492, "heatmap_weight": 16, "raw_occupancy": 3 }, "geometry": { "type": "Point", "coordinates": [ 23.330106735229492, 42.654853820800781 ] } },
{ "type": "Feature", "properties": { "latitude": 42.731296539306641, "longitude": 23.386154174804688, "heatmap_weight": 4, "raw_occupancy": 1 }, "geometry": { "type": "Point", "coordinates": [ 23.386154174804688, 42.731296539306641 ] } },
{ "type": "Feature", "properties": { "latitude": 42.705585479736328, "longitude": 23.31144905090332, "heatmap_weight": 9, "raw_occupancy": 2 }, "geometry": { "type": "Point", "coordinates": [ 23.31144905090332, 42.705585479736328 ] } },
{ "type": "Feature", "properties": { "latitude": 42.660961151123047, "longitude": 23.243083953857422, "heatmap_weight": 4, "raw_occupancy": 1 }, "geometry": { "type": "Point", "coordinates": [ 23.243083953857422, 42.660961151123047 ] } },
{ "type": "Feature", "properties": { "latitude": 42.662307739257812, "longitude": 23.252595901489258, "heatmap_weight": 4, "raw_occupancy": 1 }, "geometry": { "type": "Point", "coordinates": [ 23.252595901489258, 42.662307739257812 ] } },
{ "type": "Feature", "properties": { "latitude": 42.666667938232422, "longitude": 23.404474258422852, "heatmap_weight": 4, "raw_occupancy": 1 }, "geometry": { "type": "Point", "coordinates": [ 23.404474258422852, 42.666667938232422 ] } },
{ "type": "Feature", "properties": { "latitude": 42.71221923828125, "longitude": 23.379816055297852, "heatmap_weight": 1, "raw_occupancy": 0 }, "geometry": { "type": "Point", "coordinates": [ 23.379816055297852, 42.71221923828125 ] } },
{ "type": "Feature", "properties": { "latitude": 42.717922210693359, "longitude": 23.338430404663086, "heatmap_weight": 4, "raw_occupancy": 1 }, "geometry": { "type": "Point", "coordinates": [ 23.338430404663086, 42.717922210693359 ] } },
{ "type": "Feature", "properties": { "latitude": 42.681533813476562, "longitude": 23.312507629394531, "heatmap_weight": 4, "raw_occupancy": 1 }, "geometry": { "type": "Point", "coordinates": [ 23.312507629394531, 42.681533813476562 ] } },
{ "type": "Feature", "properties": { "latitude": 42.697353363037109, "longitude": 23.314481735229492, "heatmap_weight": 4, "raw_occupancy": 1 }, "geometry": { "type": "Point", "coordinates": [ 23.314481735229492, 42.697353363037109 ] } },
{ "type": "Feature", "properties": { "latitude": 42.656635284423828, "longitude": 23.384960174560547, "heatmap_weight": 9, "raw_occupancy": 2 }, "geometry": { "type": "Point", "coordinates": [ 23.384960174560547, 42.656635284423828 ] } },
{ "type": "Feature", "properties": { "latitude": 42.668296813964844, "longitude": 23.27928352355957, "heatmap_weight": 9, "raw_occupancy": 2 }, "geometry": { "type": "Point", "coordinates": [ 23.27928352355957, 42.668296813964844 ] } },
{ "type": "Feature", "properties": { "latitude": 42.705314636230469, "longitude": 23.323928833007812, "heatmap_weight": 4, "raw_occupancy": 1 }, "geometry": { "type": "Point", "coordinates": [ 23.323928833007812, 42.705314636230469 ] } },
{ "type": "Feature", "properties": { "latitude": 42.669822692871094, "longitude": 23.276803970336914, "heatmap_weight": 4, "raw_occupancy": 1 }, "geometry": { "type": "Point", "coordinates": [ 23.276803970336914, 42.669822692871094 ] } },
{ "type": "Feature", "properties": { "latitude": 42.708095550537109, "longitude": 23.297395706176758, "heatmap_weight": 4, "raw_occupancy": 1 }, "geometry": { "type": "Point", "coordinates": [ 23.297395706176758, 42.708095550537109 ] } },
{ "type": "Feature", "properties": { "latitude": 42.684700012207031, "longitude": 23.301956176757812, "heatmap_weight": 4, "raw_occupancy": 1 }, "geometry": { "type": "Point", "coordinates": [ 23.301956176757812, 42.684700012207031 ] } },
{ "type": "Feature", "properties": { "latitude": 42.696815490722656, "longitude": 23.347230911254883, "heatmap_weight": 9, "raw_occupancy": 2 }, "geometry": { "type": "Point", "coordinates": [ 23.347230911254883, 42.696815490722656 ] } },
{ "type": "Feature", "properties": { "latitude": 42.711898803710938, "longitude": 23.289276123046875, "heatmap_weight": 1, "raw_occupancy": 0 }, "geometry": { "type": "Point", "coordinates": [ 23.289276123046875, 42.711898803710938 ] } },
{ "type": "Feature", "properties": { "latitude": 42.701587677001953, "longitude": 23.297662734985352, "heatmap_weight": 4, "raw_occupancy": 1 }, "geometry": { "type": "Point", "coordinates": [ 23.297662734985352, 42.701587677001953 ] } },
{ "type": "Feature", "properties": { "latitude": 42.618984222412109, "longitude": 23.368949890136719, "heatmap_weight": 4, "raw_occupancy": 1 }, "geometry": { "type": "Point", "coordinates": [ 23.368949890136719, 42.618984222412109 ] } },
{ "type": "Feature", "properties": { "latitude": 42.661060333251953, "longitude": 23.285373687744141, "heatmap_weight": 1, "raw_occupancy": 0 }, "geometry": { "type": "Point", "coordinates": [ 23.285373687744141, 42.661060333251953 ] } },
{ "type": "Feature", "properties": { "latitude": 42.713386535644531, "longitude": 23.414693832397461, "heatmap_weight": 1, "raw_occupancy": 0 }, "geometry": { "type": "Point", "coordinates": [ 23.414693832397461, 42.713386535644531 ] } },
{ "type": "Feature", "properties": { "latitude": 42.688899993896484, "longitude": 23.313261032104492, "heatmap_weight": 4, "raw_occupancy": 1 }, "geometry": { "type": "Point", "coordinates": [ 23.313261032104492, 42.688899993896484 ] } },
{ "type": "Feature", "properties": { "latitude": 42.641143798828125, "longitude": 23.381406784057617, "heatmap_weight": 9, "raw_occupancy": 2 }, "geometry": { "type": "Point", "coordinates": [ 23.381406784057617, 42.641143798828125 ] } },
{ "type": "Feature", "properties": { "latitude": 42.690155029296875, "longitude": 23.258846282958984, "heatmap_weight": 4, "raw_occupancy": 1 }, "geometry": { "type": "Point", "coordinates": [ 23.258846282958984, 42.690155029296875 ] } },
{ "type": "Feature", "properties": { "latitude": 42.660552978515625, "longitude": 23.373590469360352, "heatmap_weight": 1, "raw_occupancy": 0 }, "geometry": { "type": "Point", "coordinates": [ 23.373590469360352, 42.660552978515625 ] } },
{ "type": "Feature", "properties": { "latitude": 42.657844543457031, "longitude": 23.316038131713867, "heatmap_weight": 4, "raw_occupancy": 1 }, "geometry": { "type": "Point", "coordinates": [ 23.316038131713867, 42.657844543457031 ] } },
{ "type": "Feature", "properties": { "latitude": 42.699455261230469, "longitude": 23.342092514038086, "heatmap_weight": 9, "raw_occupancy": 2 }, "geometry": { "type": "Point", "coordinates": [ 23.342092514038086, 42.699455261230469 ] } },
{ "type": "Feature", "properties": { "latitude": 42.689384460449219, "longitude": 23.336029052734375, "heatmap_weight": 4, "raw_occupancy": 1 }, "geometry": { "type": "Point", "coordinates": [ 23.336029052734375, 42.689384460449219 ] } },
{ "type": "Feature", "properties": { "latitude": 42.6861572265625, "longitude": 23.329364776611328, "heatmap_weight": 9, "raw_occupancy": 2 }, "geometry": { "type": "Point", "coordinates": [ 23.329364776611328, 42.6861572265625 ] } },
{ "type": "Feature", "properties": { "latitude": 42.682464599609375, "longitude": 23.31419563293457, "heatmap_weight": 4, "raw_occupancy": 1 }, "geometry": { "type": "Point", "coordinates": [ 23.31419563293457, 42.682464599609375 ] } },
{ "type": "Feature", "properties": { "latitude": 42.712287902832031, "longitude": 23.317296981811523, "heatmap_weight": 1, "raw_occupancy": 0 }, "geometry": { "type": "Point", "coordinates": [ 23.317296981811523, 42.712287902832031 ] } },
{ "type": "Feature", "properties": { "latitude": 42.701389312744141, "longitude": 23.340909957885742, "heatmap_weight": 9, "raw_occupancy": 2 }, "geometry": { "type": "Point", "coordinates": [ 23.340909957885742, 42.701389312744141 ] } },
{ "type": "Feature", "properties": { "latitude": 42.663230895996094, "longitude": 23.24566650390625, "heatmap_weight": 4, "raw_occupancy": 1 }, "geometry": { "type": "Point", "coordinates": [ 23.24566650390625, 42.663230895996094 ] } },
{ "type": "Feature", "properties": { "latitude": 42.691082000732422, "longitude": 23.381845474243164, "heatmap_weight": 9, "raw_occupancy": 2 }, "geometry": { "type": "Point", "coordinates": [ 23.381845474243164, 42.691082000732422 ] } },
{ "type": "Feature", "properties": { "latitude": 42.664722442626953, "longitude": 23.274936676025391, "heatmap_weight": 4, "raw_occupancy": 1 }, "geometry": { "type": "Point", "coordinates": [ 23.274936676025391, 42.664722442626953 ] } },
{ "type": "Feature", "properties": { "latitude": 42.672050476074219, "longitude": 23.335586547851562, "heatmap_weight": 4, "raw_occupancy": 1 }, "geometry": { "type": "Point", "coordinates": [ 23.335586547851562, 42.672050476074219 ] } },
{ "type": "Feature", "properties": { "latitude": 42.656246185302734, "longitude": 23.359254837036133, "heatmap_weight": 9, "raw_occupancy": 2 }, "geometry": { "type": "Point", "coordinates": [ 23.359254837036133, 42.656246185302734 ] } },
{ "type": "Feature", "properties": { "latitude": 42.667510986328125, "longitude": 23.303276062011719, "heatmap_weight": 4, "raw_occupancy": 1 }, "geometry": { "type": "Point", "coordinates": [ 23.303276062011719, 42.667510986328125 ] } },
{ "type": "Feature", "properties": { "latitude": 42.635360717773438, "longitude": 23.310504913330078, "heatmap_weight": 4, "raw_occupancy": 1 }, "geometry": { "type": "Point", "coordinates": [ 23.310504913330078, 42.635360717773438 ] } },
{ "type": "Feature", "properties": { "latitude": 42.708751678466797, "longitude": 23.399425506591797, "heatmap_weight": 4, "raw_occupancy": 1 }, "geometry": { "type": "Point", "coordinates": [ 23.399425506591797, 42.708751678466797 ] } },
{ "type": "Feature", "properties": { "latitude": 42.706951141357422, "longitude": 23.36334228515625, "heatmap_weight": 4, "raw_occupancy": 1 }, "geometry": { "type": "Point", "coordinates": [ 23.36334228515625, 42.706951141357422 ] } },
{ "type": "Feature", "properties": { "latitude": 42.649517059326172, "longitude": 23.261198043823242, "heatmap_weight": 9, "raw_occupancy": 2 }, "geometry": { "type": "Point", "coordinates": [ 23.261198043823242, 42.649517059326172 ] } },
{ "type": "Feature", "properties": { "latitude": 42.657402038574219, "longitude": 23.337766647338867, "heatmap_weight": 9, "raw_occupancy": 2 }, "geometry": { "type": "Point", "coordinates": [ 23.337766647338867, 42.657402038574219 ] } },
{ "type": "Feature", "properties": { "latitude": 42.820621490478516, "longitude": 23.369892120361328, "heatmap_weight": 4, "raw_occupancy": 1 }, "geometry": { "type": "Point", "coordinates": [ 23.369892120361328, 42.820621490478516 ] } },
{ "type": "Feature", "properties": { "latitude": 42.713771820068359, "longitude": 23.313377380371094, "heatmap_weight": 4, "raw_occupancy": 1 }, "geometry": { "type": "Point", "coordinates": [ 23.313377380371094, 42.713771820068359 ] } },
{ "type": "Feature", "properties": { "latitude": 42.6953125, "longitude": 23.320993423461914, "heatmap_weight": 4, "raw_occupancy": 1 }, "geometry": { "type": "Point", "coordinates": [ 23.320993423461914, 42.6953125 ] } },
{ "type": "Feature", "properties": { "latitude": 42.678230285644531, "longitude": 23.285667419433594, "heatmap_weight": 4, "raw_occupancy": 1 }, "geometry": { "type": "Point", "coordinates": [ 23.285667419433594, 42.678230285644531 ] } },
{ "type": "Feature", "properties": { "latitude": 42.689067840576172, "longitude": 23.327802658081055, "heatmap_weight": 9, "raw_occupancy": 2 }, "geometry": { "type": "Point", "coordinates": [ 23.327802658081055, 42.689067840576172 ] } },
{ "type": "Feature", "properties": { "latitude": 42.669479370117188, "longitude": 23.332340240478516, "heatmap_weight": 4, "raw_occupancy": 1 }, "geometry": { "type": "Point", "coordinates": [ 23.332340240478516, 42.669479370117188 ] } },
{ "type": "Feature", "properties": { "latitude": 42.734233856201172, "longitude": 23.308570861816406, "heatmap_weight": 4, "raw_occupancy": 1 }, "geometry": { "type": "Point", "coordinates": [ 23.308570861816406, 42.734233856201172 ] } },
{ "type": "Feature", "properties": { "latitude": 42.694332122802734, "longitude": 23.283599853515625, "heatmap_weight": 9, "raw_occupancy": 2 }, "geometry": { "type": "Point", "coordinates": [ 23.283599853515625, 42.694332122802734 ] } },
{ "type": "Feature", "properties": { "latitude": 42.685997009277344, "longitude": 23.343721389770508, "heatmap_weight": 9, "raw_occupancy": 2 }, "geometry": { "type": "Point", "coordinates": [ 23.343721389770508, 42.685997009277344 ] } },
{ "type": "Feature", "properties": { "latitude": 42.692417144775391, "longitude": 23.343902587890625, "heatmap_weight": 9, "raw_occupancy": 2 }, "geometry": { "type": "Point", "coordinates": [ 23.343902587890625, 42.692417144775391 ] } },
{ "type": "Feature", "properties": { "latitude": 42.704421997070312, "longitude": 23.332927703857422, "heatmap_weight": 4, "raw_occupancy": 1 }, "geometry": { "type": "Point", "coordinates": [ 23.332927703857422, 42.704421997070312 ] } },
{ "type": "Feature", "properties": { "latitude": 42.693771362304688, "longitude": 23.346595764160156, "heatmap_weight": 9, "raw_occupancy": 2 }, "geometry": { "type": "Point", "coordinates": [ 23.346595764160156, 42.693771362304688 ] } },
{ "type": "Feature", "properties": { "latitude": 42.701644897460938, "longitude": 23.333948135375977, "heatmap_weight": 4, "raw_occupancy": 1 }, "geometry": { "type": "Point", "coordinates": [ 23.333948135375977, 42.701644897460938 ] } },
{ "type": "Feature", "properties": { "latitude": 42.678539276123047, "longitude": 23.299613952636719, "heatmap_weight": 4, "raw_occupancy": 1 }, "geometry": { "type": "Point", "coordinates": [ 23.299613952636719, 42.678539276123047 ] } },
{ "type": "Feature", "properties": { "latitude": 42.6431884765625, "longitude": 23.412267684936523, "heatmap_weight": 4, "raw_occupancy": 1 }, "geometry": { "type": "Point", "coordinates": [ 23.412267684936523, 42.6431884765625 ] } },
{ "type": "Feature", "properties": { "latitude": 42.666446685791016, "longitude": 23.34184455871582, "heatmap_weight": 4, "raw_occupancy": 1 }, "geometry": { "type": "Point", "coordinates": [ 23.34184455871582, 42.666446685791016 ] } },
{ "type": "Feature", "properties": { "latitude": 42.737998962402344, "longitude": 23.298038482666016, "heatmap_weight": 4, "raw_occupancy": 1 }, "geometry": { "type": "Point", "coordinates": [ 23.298038482666016, 42.737998962402344 ] } },
{ "type": "Feature", "properties": { "latitude": 42.702186584472656, "longitude": 23.297885894775391, "heatmap_weight": 1, "raw_occupancy": 0 }, "geometry": { "type": "Point", "coordinates": [ 23.297885894775391, 42.702186584472656 ] } },
{ "type": "Feature", "properties": { "latitude": 42.633235931396484, "longitude": 23.375091552734375, "heatmap_weight": 4, "raw_occupancy": 1 }, "geometry": { "type": "Point", "coordinates": [ 23.375091552734375, 42.633235931396484 ] } },
{ "type": "Feature", "properties": { "latitude": 42.660030364990234, "longitude": 23.380825042724609, "heatmap_weight": 4, "raw_occupancy": 1 }, "geometry": { "type": "Point", "coordinates": [ 23.380825042724609, 42.660030364990234 ] } },
{ "type": "Feature", "properties": { "latitude": 42.689994812011719, "longitude": 23.313243865966797, "heatmap_weight": 4, "raw_occupancy": 1 }, "geometry": { "type": "Point", "coordinates": [ 23.313243865966797, 42.689994812011719 ] } },
{ "type": "Feature", "properties": { "latitude": 42.689170837402344, "longitude": 23.313482284545898, "heatmap_weight": 4, "raw_occupancy": 1 }, "geometry": { "type": "Point", "coordinates": [ 23.313482284545898, 42.689170837402344 ] } },
{ "type": "Feature", "properties": { "latitude": 42.676486968994141, "longitude": 23.289260864257812, "heatmap_weight": 4, "raw_occupancy": 1 }, "geometry": { "type": "Point", "coordinates": [ 23.289260864257812, 42.676486968994141 ] } },
{ "type": "Feature", "properties": { "latitude": 42.7762451171875, "longitude": 23.365156173706055, "heatmap_weight": 1, "raw_occupancy": 0 }, "geometry": { "type": "Point", "coordinates": [ 23.365156173706055, 42.7762451171875 ] } },
{ "type": "Feature", "properties": { "latitude": 42.637664794921875, "longitude": 23.373113632202148, "heatmap_weight": 4, "raw_occupancy": 1 }, "geometry": { "type": "Point", "coordinates": [ 23.373113632202148, 42.637664794921875 ] } },
{ "type": "Feature", "properties": { "latitude": 42.662143707275391, "longitude": 23.295770645141602, "heatmap_weight": 9, "raw_occupancy": 2 }, "geometry": { "type": "Point", "coordinates": [ 23.295770645141602, 42.662143707275391 ] } },
{ "type": "Feature", "properties": { "latitude": 42.767658233642578, "longitude": 23.194099426269531, "heatmap_weight": 1, "raw_occupancy": 0 }, "geometry": { "type": "Point", "coordinates": [ 23.194099426269531, 42.767658233642578 ] } },
{ "type": "Feature", "properties": { "latitude": 42.693611145019531, "longitude": 23.355415344238281, "heatmap_weight": 9, "raw_occupancy": 2 }, "geometry": { "type": "Point", "coordinates": [ 23.355415344238281, 42.693611145019531 ] } },
{ "type": "Feature", "properties": { "latitude": 42.700222015380859, "longitude": 23.310054779052734, "heatmap_weight": 4, "raw_occupancy": 1 }, "geometry": { "type": "Point", "coordinates": [ 23.310054779052734, 42.700222015380859 ] } },
{ "type": "Feature", "properties": { "latitude": 42.666618347167969, "longitude": 23.364381790161133, "heatmap_weight": 1, "raw_occupancy": 0 }, "geometry": { "type": "Point", "coordinates": [ 23.364381790161133, 42.666618347167969 ] } },
{ "type": "Feature", "properties": { "latitude": 42.676727294921875, "longitude": 23.369583129882812, "heatmap_weight": 9, "raw_occupancy": 2 }, "geometry": { "type": "Point", "coordinates": [ 23.369583129882812, 42.676727294921875 ] } },
{ "type": "Feature", "properties": { "latitude": 42.649494171142578, "longitude": 23.35814094543457, "heatmap_weight": 4, "raw_occupancy": 1 }, "geometry": { "type": "Point", "coordinates": [ 23.35814094543457, 42.649494171142578 ] } },
{ "type": "Feature", "properties": { "latitude": 42.762714385986328, "longitude": 23.564010620117188, "heatmap_weight": 4, "raw_occupancy": 1 }, "geometry": { "type": "Point", "coordinates": [ 23.564010620117188, 42.762714385986328 ] } },
{ "type": "Feature", "properties": { "latitude": 42.700481414794922, "longitude": 23.296995162963867, "heatmap_weight": 4, "raw_occupancy": 1 }, "geometry": { "type": "Point", "coordinates": [ 23.296995162963867, 42.700481414794922 ] } },
{ "type": "Feature", "properties": { "latitude": 42.703880310058594, "longitude": 23.390159606933594, "heatmap_weight": 4, "raw_occupancy": 1 }, "geometry": { "type": "Point", "coordinates": [ 23.390159606933594, 42.703880310058594 ] } },
{ "type": "Feature", "properties": { "latitude": 42.669818878173828, "longitude": 23.366359710693359, "heatmap_weight": 4, "raw_occupancy": 1 }, "geometry": { "type": "Point", "coordinates": [ 23.366359710693359, 42.669818878173828 ] } },
{ "type": "Feature", "properties": { "latitude": 42.720481872558594, "longitude": 23.273591995239258, "heatmap_weight": 4, "raw_occupancy": 1 }, "geometry": { "type": "Point", "coordinates": [ 23.273591995239258, 42.720481872558594 ] } },
{ "type": "Feature", "properties": { "latitude": 42.686275482177734, "longitude": 23.30810546875, "heatmap_weight": 16, "raw_occupancy": 3 }, "geometry": { "type": "Point", "coordinates": [ 23.30810546875, 42.686275482177734 ] } },
{ "type": "Feature", "properties": { "latitude": 42.670646667480469, "longitude": 23.277093887329102, "heatmap_weight": 4, "raw_occupancy": 1 }, "geometry": { "type": "Point", "coordinates": [ 23.277093887329102, 42.670646667480469 ] } },
{ "type": "Feature", "properties": { "latitude": 42.718471527099609, "longitude": 23.316207885742188, "heatmap_weight": 1, "raw_occupancy": 0 }, "geometry": { "type": "Point", "coordinates": [ 23.316207885742188, 42.718471527099609 ] } },
{ "type": "Feature", "properties": { "latitude": 42.715663909912109, "longitude": 23.175569534301758, "heatmap_weight": 9, "raw_occupancy": 2 }, "geometry": { "type": "Point", "coordinates": [ 23.175569534301758, 42.715663909912109 ] } },
{ "type": "Feature", "properties": { "latitude": 42.702190399169922, "longitude": 23.359066009521484, "heatmap_weight": 9, "raw_occupancy": 2 }, "geometry": { "type": "Point", "coordinates": [ 23.359066009521484, 42.702190399169922 ] } },
{ "type": "Feature", "properties": { "latitude": 42.674633026123047, "longitude": 23.296205520629883, "heatmap_weight": 9, "raw_occupancy": 2 }, "geometry": { "type": "Point", "coordinates": [ 23.296205520629883, 42.674633026123047 ] } },
{ "type": "Feature", "properties": { "latitude": 42.661575317382812, "longitude": 23.390880584716797, "heatmap_weight": 9, "raw_occupancy": 2 }, "geometry": { "type": "Point", "coordinates": [ 23.390880584716797, 42.661575317382812 ] } },
{ "type": "Feature", "properties": { "latitude": 42.685440063476562, "longitude": 23.350954055786133, "heatmap_weight": 4, "raw_occupancy": 1 }, "geometry": { "type": "Point", "coordinates": [ 23.350954055786133, 42.685440063476562 ] } },
{ "type": "Feature", "properties": { "latitude": 42.672229766845703, "longitude": 23.363155364990234, "heatmap_weight": 9, "raw_occupancy": 2 }, "geometry": { "type": "Point", "coordinates": [ 23.363155364990234, 42.672229766845703 ] } },
{ "type": "Feature", "properties": { "latitude": 42.660682678222656, "longitude": 23.389036178588867, "heatmap_weight": 4, "raw_occupancy": 1 }, "geometry": { "type": "Point", "coordinates": [ 23.389036178588867, 42.660682678222656 ] } },
{ "type": "Feature", "properties": { "latitude": 42.723117828369141, "longitude": 23.268718719482422, "heatmap_weight": 1, "raw_occupancy": 0 }, "geometry": { "type": "Point", "coordinates": [ 23.268718719482422, 42.723117828369141 ] } },
{ "type": "Feature", "properties": { "latitude": 42.661884307861328, "longitude": 23.415206909179688, "heatmap_weight": 1, "raw_occupancy": 0 }, "geometry": { "type": "Point", "coordinates": [ 23.415206909179688, 42.661884307861328 ] } },
{ "type": "Feature", "properties": { "latitude": 42.68701171875, "longitude": 23.300559997558594, "heatmap_weight": 4, "raw_occupancy": 1 }, "geometry": { "type": "Point", "coordinates": [ 23.300559997558594, 42.68701171875 ] } },
{ "type": "Feature", "properties": { "latitude": 42.660686492919922, "longitude": 23.305021286010742, "heatmap_weight": 9, "raw_occupancy": 2 }, "geometry": { "type": "Point", "coordinates": [ 23.305021286010742, 42.660686492919922 ] } },
{ "type": "Feature", "properties": { "latitude": 42.643402099609375, "longitude": 23.379648208618164, "heatmap_weight": 9, "raw_occupancy": 2 }, "geometry": { "type": "Point", "coordinates": [ 23.379648208618164, 42.643402099609375 ] } },
{ "type": "Feature", "properties": { "latitude": 42.714191436767578, "longitude": 23.30504035949707, "heatmap_weight": 4, "raw_occupancy": 1 }, "geometry": { "type": "Point", "coordinates": [ 23.30504035949707, 42.714191436767578 ] } },
{ "type": "Feature", "properties": { "latitude": 42.738582611083984, "longitude": 23.316587448120117, "heatmap_weight": 9, "raw_occupancy": 2 }, "geometry": { "type": "Point", "coordinates": [ 23.316587448120117, 42.738582611083984 ] } },
{ "type": "Feature", "properties": { "latitude": 42.705238342285156, "longitude": 23.333459854125977, "heatmap_weight": 4, "raw_occupancy": 1 }, "geometry": { "type": "Point", "coordinates": [ 23.333459854125977, 42.705238342285156 ] } },
{ "type": "Feature", "properties": { "latitude": 42.6953125, "longitude": 23.285076141357422, "heatmap_weight": 4, "raw_occupancy": 1 }, "geometry": { "type": "Point", "coordinates": [ 23.285076141357422, 42.6953125 ] } },
{ "type": "Feature", "properties": { "latitude": 42.706356048583984, "longitude": 23.350801467895508, "heatmap_weight": 4, "raw_occupancy": 1 }, "geometry": { "type": "Point", "coordinates": [ 23.350801467895508, 42.706356048583984 ] } },
{ "type": "Feature", "properties": { "latitude": 42.672874450683594, "longitude": 23.335895538330078, "heatmap_weight": 16, "raw_occupancy": 3 }, "geometry": { "type": "Point", "coordinates": [ 23.335895538330078, 42.672874450683594 ] } },
{ "type": "Feature", "properties": { "latitude": 42.711734771728516, "longitude": 23.384346008300781, "heatmap_weight": 4, "raw_occupancy": 1 }, "geometry": { "type": "Point", "coordinates": [ 23.384346008300781, 42.711734771728516 ] } },
{ "type": "Feature", "properties": { "latitude": 42.674526214599609, "longitude": 23.240379333496094, "heatmap_weight": 4, "raw_occupancy": 1 }, "geometry": { "type": "Point", "coordinates": [ 23.240379333496094, 42.674526214599609 ] } },
{ "type": "Feature", "properties": { "latitude": 42.690044403076172, "longitude": 23.353803634643555, "heatmap_weight": 4, "raw_occupancy": 1 }, "geometry": { "type": "Point", "coordinates": [ 23.353803634643555, 42.690044403076172 ] } },
{ "type": "Feature", "properties": { "latitude": 42.676052093505859, "longitude": 23.333086013793945, "heatmap_weight": 4, "raw_occupancy": 1 }, "geometry": { "type": "Point", "coordinates": [ 23.333086013793945, 42.676052093505859 ] } },
{ "type": "Feature", "properties": { "latitude": 42.679939270019531, "longitude": 23.334527969360352, "heatmap_weight": 4, "raw_occupancy": 1 }, "geometry": { "type": "Point", "coordinates": [ 23.334527969360352, 42.679939270019531 ] } },
{ "type": "Feature", "properties": { "latitude": 42.686710357666016, "longitude": 23.33057975769043, "heatmap_weight": 4, "raw_occupancy": 1 }, "geometry": { "type": "Point", "coordinates": [ 23.33057975769043, 42.686710357666016 ] } },
{ "type": "Feature", "properties": { "latitude": 42.701053619384766, "longitude": 23.20079231262207, "heatmap_weight": 4, "raw_occupancy": 1 }, "geometry": { "type": "Point", "coordinates": [ 23.20079231262207, 42.701053619384766 ] } },
{ "type": "Feature", "properties": { "latitude": 42.716068267822266, "longitude": 23.237703323364258, "heatmap_weight": 1, "raw_occupancy": 0 }, "geometry": { "type": "Point", "coordinates": [ 23.237703323364258, 42.716068267822266 ] } },
{ "type": "Feature", "properties": { "latitude": 42.69525146484375, "longitude": 23.31523323059082, "heatmap_weight": 4, "raw_occupancy": 1 }, "geometry": { "type": "Point", "coordinates": [ 23.31523323059082, 42.69525146484375 ] } },
{ "type": "Feature", "properties": { "latitude": 42.699771881103516, "longitude": 23.323976516723633, "heatmap_weight": 16, "raw_occupancy": 3 }, "geometry": { "type": "Point", "coordinates": [ 23.323976516723633, 42.699771881103516 ] } },
{ "type": "Feature", "properties": { "latitude": 42.680038452148438, "longitude": 23.304819107055664, "heatmap_weight": 4, "raw_occupancy": 1 }, "geometry": { "type": "Point", "coordinates": [ 23.304819107055664, 42.680038452148438 ] } },
{ "type": "Feature", "properties": { "latitude": 42.702552795410156, "longitude": 23.329084396362305, "heatmap_weight": 4, "raw_occupancy": 1 }, "geometry": { "type": "Point", "coordinates": [ 23.329084396362305, 42.702552795410156 ] } },
{ "type": "Feature", "properties": { "latitude": 42.692668914794922, "longitude": 23.120523452758789, "heatmap_weight": 4, "raw_occupancy": 1 }, "geometry": { "type": "Point", "coordinates": [ 23.120523452758789, 42.692668914794922 ] } },
{ "type": "Feature", "properties": { "latitude": 42.681327819824219, "longitude": 23.301668167114258, "heatmap_weight": 1, "raw_occupancy": 0 }, "geometry": { "type": "Point", "coordinates": [ 23.301668167114258, 42.681327819824219 ] } },
{ "type": "Feature", "properties": { "latitude": 42.642185211181641, "longitude": 23.368505477905273, "heatmap_weight": 4, "raw_occupancy": 1 }, "geometry": { "type": "Point", "coordinates": [ 23.368505477905273, 42.642185211181641 ] } },
{ "type": "Feature", "properties": { "latitude": 42.70635986328125, "longitude": 23.293058395385742, "heatmap_weight": 4, "raw_occupancy": 1 }, "geometry": { "type": "Point", "coordinates": [ 23.293058395385742, 42.70635986328125 ] } },
{ "type": "Feature", "properties": { "latitude": 42.729621887207031, "longitude": 23.287656784057617, "heatmap_weight": 4, "raw_occupancy": 1 }, "geometry": { "type": "Point", "coordinates": [ 23.287656784057617, 42.729621887207031 ] } },
{ "type": "Feature", "properties": { "latitude": 42.661708831787109, "longitude": 23.286098480224609, "heatmap_weight": 4, "raw_occupancy": 1 }, "geometry": { "type": "Point", "coordinates": [ 23.286098480224609, 42.661708831787109 ] } },
{ "type": "Feature", "properties": { "latitude": 42.601955413818359, "longitude": 23.495843887329102, "heatmap_weight": 4, "raw_occupancy": 1 }, "geometry": { "type": "Point", "coordinates": [ 23.495843887329102, 42.601955413818359 ] } },
{ "type": "Feature", "properties": { "latitude": 42.7371826171875, "longitude": 23.268245697021484, "heatmap_weight": 4, "raw_occupancy": 1 }, "geometry": { "type": "Point", "coordinates": [ 23.268245697021484, 42.7371826171875 ] } },
{ "type": "Feature", "properties": { "latitude": 42.692413330078125, "longitude": 23.335189819335938, "heatmap_weight": 4, "raw_occupancy": 1 }, "geometry": { "type": "Point", "coordinates": [ 23.335189819335938, 42.692413330078125 ] } },
{ "type": "Feature", "properties": { "latitude": 42.68255615234375, "longitude": 23.318637847900391, "heatmap_weight": 4, "raw_occupancy": 1 }, "geometry": { "type": "Point", "coordinates": [ 23.318637847900391, 42.68255615234375 ] } },
{ "type": "Feature", "properties": { "latitude": 42.728515625, "longitude": 23.561199188232422, "heatmap_weight": 1, "raw_occupancy": 0 }, "geometry": { "type": "Point", "coordinates": [ 23.561199188232422, 42.728515625 ] } },
{ "type": "Feature", "properties": { "latitude": 42.660037994384766, "longitude": 23.373960494995117, "heatmap_weight": 4, "raw_occupancy": 1 }, "geometry": { "type": "Point", "coordinates": [ 23.373960494995117, 42.660037994384766 ] } },
{ "type": "Feature", "properties": { "latitude": 42.694774627685547, "longitude": 23.315807342529297, "heatmap_weight": 4, "raw_occupancy": 1 }, "geometry": { "type": "Point", "coordinates": [ 23.315807342529297, 42.694774627685547 ] } },
{ "type": "Feature", "properties": { "latitude": 42.713920593261719, "longitude": 23.312999725341797, "heatmap_weight": 4, "raw_occupancy": 1 }, "geometry": { "type": "Point", "coordinates": [ 23.312999725341797, 42.713920593261719 ] } },
{ "type": "Feature", "properties": { "latitude": 42.672988891601562, "longitude": 23.362083435058594, "heatmap_weight": 9, "raw_occupancy": 2 }, "geometry": { "type": "Point", "coordinates": [ 23.362083435058594, 42.672988891601562 ] } },
{ "type": "Feature", "properties": { "latitude": 42.695919036865234, "longitude": 23.230506896972656, "heatmap_weight": 4, "raw_occupancy": 1 }, "geometry": { "type": "Point", "coordinates": [ 23.230506896972656, 42.695919036865234 ] } },
{ "type": "Feature", "properties": { "latitude": 42.6832275390625, "longitude": 23.347055435180664, "heatmap_weight": 16, "raw_occupancy": 3 }, "geometry": { "type": "Point", "coordinates": [ 23.347055435180664, 42.6832275390625 ] } },
{ "type": "Feature", "properties": { "latitude": 42.662094116210938, "longitude": 23.419200897216797, "heatmap_weight": 4, "raw_occupancy": 1 }, "geometry": { "type": "Point", "coordinates": [ 23.419200897216797, 42.662094116210938 ] } },
{ "type": "Feature", "properties": { "latitude": 42.696502685546875, "longitude": 23.31541633605957, "heatmap_weight": 4, "raw_occupancy": 1 }, "geometry": { "type": "Point", "coordinates": [ 23.31541633605957, 42.696502685546875 ] } },
{ "type": "Feature", "properties": { "latitude": 42.635272979736328, "longitude": 23.400995254516602, "heatmap_weight": 4, "raw_occupancy": 1 }, "geometry": { "type": "Point", "coordinates": [ 23.400995254516602, 42.635272979736328 ] } },
{ "type": "Feature", "properties": { "latitude": 42.807235717773438, "longitude": 23.259408950805664, "heatmap_weight": 4, "raw_occupancy": 1 }, "geometry": { "type": "Point", "coordinates": [ 23.259408950805664, 42.807235717773438 ] } },
{ "type": "Feature", "properties": { "latitude": 42.726749420166016, "longitude": 23.314540863037109, "heatmap_weight": 1, "raw_occupancy": 0 }, "geometry": { "type": "Point", "coordinates": [ 23.314540863037109, 42.726749420166016 ] } },
{ "type": "Feature", "properties": { "latitude": 42.669204711914062, "longitude": 23.319631576538086, "heatmap_weight": 16, "raw_occupancy": 3 }, "geometry": { "type": "Point", "coordinates": [ 23.319631576538086, 42.669204711914062 ] } },
{ "type": "Feature", "properties": { "latitude": 42.660232543945312, "longitude": 23.297422409057617, "heatmap_weight": 4, "raw_occupancy": 1 }, "geometry": { "type": "Point", "coordinates": [ 23.297422409057617, 42.660232543945312 ] } },
{ "type": "Feature", "properties": { "latitude": 42.720470428466797, "longitude": 23.363307952880859, "heatmap_weight": 16, "raw_occupancy": 3 }, "geometry": { "type": "Point", "coordinates": [ 23.363307952880859, 42.720470428466797 ] } },
{ "type": "Feature", "properties": { "latitude": 42.729381561279297, "longitude": 23.313043594360352, "heatmap_weight": 4, "raw_occupancy": 1 }, "geometry": { "type": "Point", "coordinates": [ 23.313043594360352, 42.729381561279297 ] } },
{ "type": "Feature", "properties": { "latitude": 42.690567016601562, "longitude": 23.353984832763672, "heatmap_weight": 1, "raw_occupancy": 0 }, "geometry": { "type": "Point", "coordinates": [ 23.353984832763672, 42.690567016601562 ] } },
{ "type": "Feature", "properties": { "latitude": 42.686668395996094, "longitude": 23.274971008300781, "heatmap_weight": 4, "raw_occupancy": 1 }, "geometry": { "type": "Point", "coordinates": [ 23.274971008300781, 42.686668395996094 ] } },
{ "type": "Feature", "properties": { "latitude": 42.704303741455078, "longitude": 23.328521728515625, "heatmap_weight": 4, "raw_occupancy": 1 }, "geometry": { "type": "Point", "coordinates": [ 23.328521728515625, 42.704303741455078 ] } },
{ "type": "Feature", "properties": { "latitude": 42.654209136962891, "longitude": 23.380989074707031, "heatmap_weight": 9, "raw_occupancy": 2 }, "geometry": { "type": "Point", "coordinates": [ 23.380989074707031, 42.654209136962891 ] } },
{ "type": "Feature", "properties": { "latitude": 42.701206207275391, "longitude": 23.292665481567383, "heatmap_weight": 4, "raw_occupancy": 1 }, "geometry": { "type": "Point", "coordinates": [ 23.292665481567383, 42.701206207275391 ] } },
{ "type": "Feature", "properties": { "latitude": 42.642654418945312, "longitude": 23.334466934204102, "heatmap_weight": 4, "raw_occupancy": 1 }, "geometry": { "type": "Point", "coordinates": [ 23.334466934204102, 42.642654418945312 ] } },
{ "type": "Feature", "properties": { "latitude": 42.699703216552734, "longitude": 23.312376022338867, "heatmap_weight": 4, "raw_occupancy": 1 }, "geometry": { "type": "Point", "coordinates": [ 23.312376022338867, 42.699703216552734 ] } },
{ "type": "Feature", "properties": { "latitude": 42.699073791503906, "longitude": 23.338310241699219, "heatmap_weight": 4, "raw_occupancy": 1 }, "geometry": { "type": "Point", "coordinates": [ 23.338310241699219, 42.699073791503906 ] } },
{ "type": "Feature", "properties": { "latitude": 42.703010559082031, "longitude": 23.352386474609375, "heatmap_weight": 4, "raw_occupancy": 1 }, "geometry": { "type": "Point", "coordinates": [ 23.352386474609375, 42.703010559082031 ] } },
{ "type": "Feature", "properties": { "latitude": 42.675296783447266, "longitude": 23.402469635009766, "heatmap_weight": 1, "raw_occupancy": 0 }, "geometry": { "type": "Point", "coordinates": [ 23.402469635009766, 42.675296783447266 ] } },
{ "type": "Feature", "properties": { "latitude": 42.70269775390625, "longitude": 23.311012268066406, "heatmap_weight": 4, "raw_occupancy": 1 }, "geometry": { "type": "Point", "coordinates": [ 23.311012268066406, 42.70269775390625 ] } },
{ "type": "Feature", "properties": { "latitude": 42.656990051269531, "longitude": 23.308254241943359, "heatmap_weight": 16, "raw_occupancy": 3 }, "geometry": { "type": "Point", "coordinates": [ 23.308254241943359, 42.656990051269531 ] } },
{ "type": "Feature", "properties": { "latitude": 42.641223907470703, "longitude": 23.313024520874023, "heatmap_weight": 16, "raw_occupancy": 3 }, "geometry": { "type": "Point", "coordinates": [ 23.313024520874023, 42.641223907470703 ] } },
{ "type": "Feature", "properties": { "latitude": 42.700550079345703, "longitude": 23.306356430053711, "heatmap_weight": 4, "raw_occupancy": 1 }, "geometry": { "type": "Point", "coordinates": [ 23.306356430053711, 42.700550079345703 ] } },
{ "type": "Feature", "properties": { "latitude": 42.713085174560547, "longitude": 23.24736213684082, "heatmap_weight": 9, "raw_occupancy": 2 }, "geometry": { "type": "Point", "coordinates": [ 23.24736213684082, 42.713085174560547 ] } },
{ "type": "Feature", "properties": { "latitude": 42.696296691894531, "longitude": 23.344518661499023, "heatmap_weight": 9, "raw_occupancy": 2 }, "geometry": { "type": "Point", "coordinates": [ 23.344518661499023, 42.696296691894531 ] } },
{ "type": "Feature", "properties": { "latitude": 42.595039367675781, "longitude": 23.364238739013672, "heatmap_weight": 4, "raw_occupancy": 1 }, "geometry": { "type": "Point", "coordinates": [ 23.364238739013672, 42.595039367675781 ] } },
{ "type": "Feature", "properties": { "latitude": 42.704761505126953, "longitude": 23.323812484741211, "heatmap_weight": 1, "raw_occupancy": 0 }, "geometry": { "type": "Point", "coordinates": [ 23.323812484741211, 42.704761505126953 ] } },
{ "type": "Feature", "properties": { "latitude": 42.659439086914062, "longitude": 23.359024047851562, "heatmap_weight": 9, "raw_occupancy": 2 }, "geometry": { "type": "Point", "coordinates": [ 23.359024047851562, 42.659439086914062 ] } },
{ "type": "Feature", "properties": { "latitude": 42.709259033203125, "longitude": 23.424692153930664, "heatmap_weight": 9, "raw_occupancy": 2 }, "geometry": { "type": "Point", "coordinates": [ 23.424692153930664, 42.709259033203125 ] } },
{ "type": "Feature", "properties": { "latitude": 42.665195465087891, "longitude": 23.29878044128418, "heatmap_weight": 1, "raw_occupancy": 0 }, "geometry": { "type": "Point", "coordinates": [ 23.29878044128418, 42.665195465087891 ] } },
{ "type": "Feature", "properties": { "latitude": 42.707191467285156, "longitude": 23.332193374633789, "heatmap_weight": 4, "raw_occupancy": 1 }, "geometry": { "type": "Point", "coordinates": [ 23.332193374633789, 42.707191467285156 ] } },
{ "type": "Feature", "properties": { "latitude": 42.656970977783203, "longitude": 23.309381484985352, "heatmap_weight": 4, "raw_occupancy": 1 }, "geometry": { "type": "Point", "coordinates": [ 23.309381484985352, 42.656970977783203 ] } },
{ "type": "Feature", "properties": { "latitude": 42.703166961669922, "longitude": 23.387142181396484, "heatmap_weight": 1, "raw_occupancy": 0 }, "geometry": { "type": "Point", "coordinates": [ 23.387142181396484, 42.703166961669922 ] } },
{ "type": "Feature", "properties": { "latitude": 42.723011016845703, "longitude": 23.268962860107422, "heatmap_weight": 4, "raw_occupancy": 1 }, "geometry": { "type": "Point", "coordinates": [ 23.268962860107422, 42.723011016845703 ] } },
{ "type": "Feature", "properties": { "latitude": 42.700168609619141, "longitude": 23.316493988037109, "heatmap_weight": 4, "raw_occupancy": 1 }, "geometry": { "type": "Point", "coordinates": [ 23.316493988037109, 42.700168609619141 ] } },
{ "type": "Feature", "properties": { "latitude": 42.640384674072266, "longitude": 23.413080215454102, "heatmap_weight": 1, "raw_occupancy": 0 }, "geometry": { "type": "Point", "coordinates": [ 23.413080215454102, 42.640384674072266 ] } },
{ "type": "Feature", "properties": { "latitude": 42.717231750488281, "longitude": 23.27869987487793, "heatmap_weight": 4, "raw_occupancy": 1 }, "geometry": { "type": "Point", "coordinates": [ 23.27869987487793, 42.717231750488281 ] } },
{ "type": "Feature", "properties": { "latitude": 42.66302490234375, "longitude": 23.356346130371094, "heatmap_weight": 9, "raw_occupancy": 2 }, "geometry": { "type": "Point", "coordinates": [ 23.356346130371094, 42.66302490234375 ] } },
{ "type": "Feature", "properties": { "latitude": 42.81927490234375, "longitude": 23.281131744384766, "heatmap_weight": 1, "raw_occupancy": 0 }, "geometry": { "type": "Point", "coordinates": [ 23.281131744384766, 42.81927490234375 ] } },
{ "type": "Feature", "properties": { "latitude": 42.646572113037109, "longitude": 23.346452713012695, "heatmap_weight": 1, "raw_occupancy": 0 }, "geometry": { "type": "Point", "coordinates": [ 23.346452713012695, 42.646572113037109 ] } },
{ "type": "Feature", "properties": { "latitude": 42.661342620849609, "longitude": 23.34648323059082, "heatmap_weight": 9, "raw_occupancy": 2 }, "geometry": { "type": "Point", "coordinates": [ 23.34648323059082, 42.661342620849609 ] } },
{ "type": "Feature", "properties": { "latitude": 42.616558074951172, "longitude": 23.400651931762695, "heatmap_weight": 1, "raw_occupancy": 0 }, "geometry": { "type": "Point", "coordinates": [ 23.400651931762695, 42.616558074951172 ] } },
{ "type": "Feature", "properties": { "latitude": 42.696426391601562, "longitude": 23.360343933105469, "heatmap_weight": 4, "raw_occupancy": 1 }, "geometry": { "type": "Point", "coordinates": [ 23.360343933105469, 42.696426391601562 ] } },
{ "type": "Feature", "properties": { "latitude": 42.669673919677734, "longitude": 23.366556167602539, "heatmap_weight": 4, "raw_occupancy": 1 }, "geometry": { "type": "Point", "coordinates": [ 23.366556167602539, 42.669673919677734 ] } },
{ "type": "Feature", "properties": { "latitude": 42.696968078613281, "longitude": 23.335296630859375, "heatmap_weight": 4, "raw_occupancy": 1 }, "geometry": { "type": "Point", "coordinates": [ 23.335296630859375, 42.696968078613281 ] } },
{ "type": "Feature", "properties": { "latitude": 42.653202056884766, "longitude": 23.342657089233398, "heatmap_weight": 4, "raw_occupancy": 1 }, "geometry": { "type": "Point", "coordinates": [ 23.342657089233398, 42.653202056884766 ] } },
{ "type": "Feature", "properties": { "latitude": 42.677112579345703, "longitude": 23.335048675537109, "heatmap_weight": 9, "raw_occupancy": 2 }, "geometry": { "type": "Point", "coordinates": [ 23.335048675537109, 42.677112579345703 ] } },
{ "type": "Feature", "properties": { "latitude": 42.694454193115234, "longitude": 23.295028686523438, "heatmap_weight": 4, "raw_occupancy": 1 }, "geometry": { "type": "Point", "coordinates": [ 23.295028686523438, 42.694454193115234 ] } },
{ "type": "Feature", "properties": { "latitude": 42.714584350585938, "longitude": 23.16560173034668, "heatmap_weight": 4, "raw_occupancy": 1 }, "geometry": { "type": "Point", "coordinates": [ 23.16560173034668, 42.714584350585938 ] } },
{ "type": "Feature", "properties": { "latitude": 42.705410003662109, "longitude": 23.32435417175293, "heatmap_weight": 4, "raw_occupancy": 1 }, "geometry": { "type": "Point", "coordinates": [ 23.32435417175293, 42.705410003662109 ] } },
{ "type": "Feature", "properties": { "latitude": 42.788169860839844, "longitude": 23.272867202758789, "heatmap_weight": 4, "raw_occupancy": 1 }, "geometry": { "type": "Point", "coordinates": [ 23.272867202758789, 42.788169860839844 ] } },
{ "type": "Feature", "properties": { "latitude": 42.698513031005859, "longitude": 23.310077667236328, "heatmap_weight": 1, "raw_occupancy": 0 }, "geometry": { "type": "Point", "coordinates": [ 23.310077667236328, 42.698513031005859 ] } },
{ "type": "Feature", "properties": { "latitude": 42.705760955810547, "longitude": 23.328630447387695, "heatmap_weight": 4, "raw_occupancy": 1 }, "geometry": { "type": "Point", "coordinates": [ 23.328630447387695, 42.705760955810547 ] } },
{ "type": "Feature", "properties": { "latitude": 42.634937286376953, "longitude": 23.436017990112305, "heatmap_weight": 4, "raw_occupancy": 1 }, "geometry": { "type": "Point", "coordinates": [ 23.436017990112305, 42.634937286376953 ] } },
{ "type": "Feature", "properties": { "latitude": 42.694896697998047, "longitude": 23.315265655517578, "heatmap_weight": 1, "raw_occupancy": 0 }, "geometry": { "type": "Point", "coordinates": [ 23.315265655517578, 42.694896697998047 ] } },
{ "type": "Feature", "properties": { "latitude": 42.692798614501953, "longitude": 23.334362030029297, "heatmap_weight": 4, "raw_occupancy": 1 }, "geometry": { "type": "Point", "coordinates": [ 23.334362030029297, 42.692798614501953 ] } },
{ "type": "Feature", "properties": { "latitude": 42.646739959716797, "longitude": 23.345972061157227, "heatmap_weight": 1, "raw_occupancy": 0 }, "geometry": { "type": "Point", "coordinates": [ 23.345972061157227, 42.646739959716797 ] } },
{ "type": "Feature", "properties": { "latitude": 42.688999176025391, "longitude": 23.319765090942383, "heatmap_weight": 9, "raw_occupancy": 2 }, "geometry": { "type": "Point", "coordinates": [ 23.319765090942383, 42.688999176025391 ] } },
{ "type": "Feature", "properties": { "latitude": 42.700874328613281, "longitude": 23.297452926635742, "heatmap_weight": 4, "raw_occupancy": 1 }, "geometry": { "type": "Point", "coordinates": [ 23.297452926635742, 42.700874328613281 ] } },
{ "type": "Feature", "properties": { "latitude": 42.822055816650391, "longitude": 23.281967163085938, "heatmap_weight": 1, "raw_occupancy": 0 }, "geometry": { "type": "Point", "coordinates": [ 23.281967163085938, 42.822055816650391 ] } },
{ "type": "Feature", "properties": { "latitude": 42.671993255615234, "longitude": 23.272314071655273, "heatmap_weight": 9, "raw_occupancy": 2 }, "geometry": { "type": "Point", "coordinates": [ 23.272314071655273, 42.671993255615234 ] } },
{ "type": "Feature", "properties": { "latitude": 42.680992126464844, "longitude": 23.321294784545898, "heatmap_weight": 4, "raw_occupancy": 1 }, "geometry": { "type": "Point", "coordinates": [ 23.321294784545898, 42.680992126464844 ] } },
{ "type": "Feature", "properties": { "latitude": 42.707042694091797, "longitude": 23.323305130004883, "heatmap_weight": 1, "raw_occupancy": 0 }, "geometry": { "type": "Point", "coordinates": [ 23.323305130004883, 42.707042694091797 ] } },
{ "type": "Feature", "properties": { "latitude": 42.672649383544922, "longitude": 23.336002349853516, "heatmap_weight": 9, "raw_occupancy": 2 }, "geometry": { "type": "Point", "coordinates": [ 23.336002349853516, 42.672649383544922 ] } },
{ "type": "Feature", "properties": { "latitude": 42.689075469970703, "longitude": 23.313545227050781, "heatmap_weight": 16, "raw_occupancy": 3 }, "geometry": { "type": "Point", "coordinates": [ 23.313545227050781, 42.689075469970703 ] } },
{ "type": "Feature", "properties": { "latitude": 42.705646514892578, "longitude": 23.334318161010742, "heatmap_weight": 9, "raw_occupancy": 2 }, "geometry": { "type": "Point", "coordinates": [ 23.334318161010742, 42.705646514892578 ] } },
{ "type": "Feature", "properties": { "latitude": 42.690189361572266, "longitude": 23.363868713378906, "heatmap_weight": 9, "raw_occupancy": 2 }, "geometry": { "type": "Point", "coordinates": [ 23.363868713378906, 42.690189361572266 ] } },
{ "type": "Feature", "properties": { "latitude": 42.658740997314453, "longitude": 23.241340637207031, "heatmap_weight": 4, "raw_occupancy": 1 }, "geometry": { "type": "Point", "coordinates": [ 23.241340637207031, 42.658740997314453 ] } },
{ "type": "Feature", "properties": { "latitude": 42.709785461425781, "longitude": 23.335554122924805, "heatmap_weight": 4, "raw_occupancy": 1 }, "geometry": { "type": "Point", "coordinates": [ 23.335554122924805, 42.709785461425781 ] } },
{ "type": "Feature", "properties": { "latitude": 42.753597259521484, "longitude": 23.320819854736328, "heatmap_weight": 1, "raw_occupancy": 0 }, "geometry": { "type": "Point", "coordinates": [ 23.320819854736328, 42.753597259521484 ] } }
]
}
