{
"type": "FeatureCollection",
"name": "bus_occupancy_period_12_14-07-54",
"crs": { "type": "name", "properties": { "name": "urn:ogc:def:crs:OGC:1.3:CRS84" } },
"features": [
{ "type": "Feature", "properties": { "latitude": 42.577564239501953, "longitude": 23.427272796630859, "heatmap_weight": 4, "raw_occupancy": 1 }, "geometry": { "type": "Point", "coordinates": [ 23.427272796630859, 42.577564239501953 ] } },
{ "type": "Feature", "properties": { "latitude": 42.681964874267578, "longitude": 23.2705078125, "heatmap_weight": 4, "raw_occupancy": 1 }, "geometry": { "type": "Point", "coordinates": [ 23.2705078125, 42.681964874267578 ] } },
{ "type": "Feature", "properties": { "latitude": 42.688919067382812, "longitude": 23.32036018371582, "heatmap_weight": 4, "raw_occupancy": 1 }, "geometry": { "type": "Point", "coordinates": [ 23.32036018371582, 42.688919067382812 ] } },
{ "type": "Feature", "properties": { "latitude": 42.663013458251953, "longitude": 23.415050506591797, "heatmap_weight": 1, "raw_occupancy": 0 }, "geometry": { "type": "Point", "coordinates": [ 23.415050506591797, 42.663013458251953 ] } },
{ "type": "Feature", "properties": { "latitude": 42.684612274169922, "longitude": 23.30084228515625, "heatmap_weight": 4, "raw_occupancy": 1 }, "geometry": { "type": "Point", "coordinates": [ 23.30084228515625, 42.684612274169922 ] } },
{ "type": "Feature", "properties": { "latitude": 42.70556640625, "longitude": 23.311407089233398, "heatmap_weight": 4, "raw_occupancy": 1 }, "geometry": { "type": "Point", "coordinates": [ 23.311407089233398, 42.70556640625 ] } },
{ "type": "Feature", "properties": { "latitude": 42.704151153564453, "longitude": 23.298322677612305, "heatmap_weight": 9, "raw_occupancy": 2 }, "geometry": { "type": "Point", "coordinates": [ 23.298322677612305, 42.704151153564453 ] } },
{ "type": "Feature", "properties": { "latitude": 42.637786865234375, "longitude": 23.334722518920898, "heatmap_weight": 16, "raw_occupancy": 3 }, "geometry": { "type": "Point", "coordinates": [ 23.334722518920898, 42.637786865234375 ] } },
{ "type": "Feature", "properties": { "latitude": 42.482841491699219, "longitude": 23.411115646362305, "heatmap_weight": 1, "raw_occupancy": 0 }, "geometry": { "type": "Point", "coordinates": [ 23.411115646362305, 42.482841491699219 ] } },
{ "type": "Feature", "properties": { "latitude": 42.738735198974609, "longitude": 23.326803207397461, "heatmap_weight": 4, "raw_occupancy": 1 }, "geometry": { "type": "Point", "coordinates": [ 23.326803207397461, 42.738735198974609 ] } },
{ "type": "Feature", "properties": { "latitude": 42.664234161376953, "longitude": 23.297595977783203, "heatmap_weight": 16, "raw_occupancy": 3 }, "geometry": { "type": "Point", "coordinates": [ 23.297595977783203, 42.664234161376953 ] } },
{ "type": "Feature", "properties": { "latitude": 42.636039733886719, "longitude": 23.425298690795898, "heatmap_weight": 4, "raw_occupancy": 1 }, "geometry": { "type": "Point", "coordinates": [ 23.425298690795898, 42.636039733886719 ] } },
{ "type": "Feature", "properties": { "latitude": 42.603443145751953, "longitude": 23.474540710449219, "heatmap_weight": 1, "raw_occupancy": 0 }, "geometry": { "type": "Point", "coordinates": [ 23.474540710449219, 42.603443145751953 ] } },
{ "type": "Feature", "properties": { "latitude": 42.660533905029297, "longitude": 23.297183990478516, "heatmap_weight": 4, "raw_occupancy": 1 }, "geometry": { "type": "Point", "coordinates": [ 23.297183990478516, 42.660533905029297 ] } },
{ "type": "Feature", "properties": { "latitude": 42.666961669921875, "longitude": 23.365156173706055, "heatmap_weight": 9, "raw_occupancy": 2 }, "geometry": { "type": "Point", "coordinates": [ 23.365156173706055, 42.666961669921875 ] } },
{ "type": "Feature", "properties": { "latitude": 42.684368133544922, "longitude": 23.295455932617188, "heatmap_weight": 4, "raw_occupancy": 1 }, "geometry": { "type": "Point", "coordinates": [ 23.295455932617188, 42.684368133544922 ] } },
{ "type": "Feature", "properties": { "latitude": 42.717380523681641, "longitude": 23.279356002807617, "heatmap_weight": 4, "raw_occupancy": 1 }, "geometry": { "type": "Point", "coordinates": [ 23.279356002807617, 42.717380523681641 ] } },
{ "type": "Feature", "properties": { "latitude": 42.6722412109375, "longitude": 23.294031143188477, "heatmap_weight": 4, "raw_occupancy": 1 }, "geometry": { "type": "Point", "coordinates": [ 23.294031143188477, 42.6722412109375 ] } },
{ "type": "Feature", "properties": { "latitude": 42.678497314453125, "longitude": 23.28459358215332, "heatmap_weight": 4, "raw_occupancy": 1 }, "geometry": { "type": "Point", "coordinates": [ 23.28459358215332, 42.678497314453125 ] } },
{ "type": "Feature", "properties": { "latitude": 42.666530609130859, "longitude": 23.300483703613281, "heatmap_weight": 4, "raw_occupancy": 1 }, "geometry": { "type": "Point", "coordinates": [ 23.300483703613281, 42.666530609130859 ] } },
{ "type": "Feature", "properties": { "latitude": 42.701290130615234, "longitude": 23.376579284667969, "heatmap_weight": 4, "raw_occupancy": 1 }, "geometry": { "type": "Point", "coordinates": [ 23.376579284667969, 42.701290130615234 ] } },
{ "type": "Feature", "properties": { "latitude": 42.689220428466797, "longitude": 23.31367301940918, "heatmap_weight": 4, "raw_occupancy": 1 }, "geometry": { "type": "Point", "coordinates": [ 23.31367301940918, 42.689220428466797 ] } },
{ "type": "Feature", "properties": { "latitude": 42.698261260986328, "longitude": 23.329715728759766, "heatmap_weight": 4, "raw_occupancy": 1 }, "geometry": { "type": "Point", "coordinates": [ 23.329715728759766, 42.698261260986328 ] } },
{ "type": "Feature", "properties": { "latitude": 42.705055236816406, "longitude": 23.325616836547852, "heatmap_weight": 4, "raw_occupancy": 1 }, "geometry": { "type": "Point", "coordinates": [ 23.325616836547852, 42.705055236816406 ] } },
{ "type": "Feature", "properties": { "latitude": 42.660484313964844, "longitude": 23.297136306762695, "heatmap_weight": 4, "raw_occupancy": 1 }, "geometry": { "type": "Point", "coordinates": [ 23.297136306762695, 42.660484313964844 ] } },
{ "type": "Feature", "properties": { "latitude": 42.712917327880859, "longitude": 23.247533798217773, "heatmap_weight": 4, "raw_occupancy": 1 }, "geometry": { "type": "Point", "coordinates": [ 23.247533798217773, 42.712917327880859 ] } },
{ "type": "Feature", "properties": { "latitude": 42.66326904296875, "longitude": 23.274356842041016, "heatmap_weight": 1, "raw_occupancy": 0 }, "geometry": { "type": "Point", "coordinates": [ 23.274356842041016, 42.66326904296875 ] } },
{ "type": "Feature", "properties": { "latitude": 42.782840728759766, "longitude": 23.498954772949219, "heatmap_weight": 4, "raw_occupancy": 1 }, "geometry": { "type": "Point", "coordinates": [ 23.498954772949219, 42.782840728759766 ] } },
{ "type": "Feature", "properties": { "latitude": 42.673301696777344, "longitude": 23.373626708984375, "heatmap_weight": 4, "raw_occupancy": 1 }, "geometry": { "type": "Point", "coordinates": [ 23.373626708984375, 42.673301696777344 ] } },
{ "type": "Feature", "properties": { "latitude": 42.659164428710938, "longitude": 23.381471633911133, "heatmap_weight": 4, "raw_occupancy": 1 }, "geometry": { "type": "Point", "coordinates": [ 23.381471633911133, 42.659164428710938 ] } },
{ "type": "Feature", "properties": { "latitude": 42.697933197021484, "longitude": 23.313253402709961, "heatmap_weight": 9, "raw_occupancy": 2 }, "geometry": { "type": "Point", "coordinates": [ 23.313253402709961, 42.697933197021484 ] } },
{ "type": "Feature", "properties": { "latitude": 42.709262847900391, "longitude": 23.384138107299805, "heatmap_weight": 4, "raw_occupancy": 1 }, "geometry": { "type": "Point", "coordinates": [ 23.384138107299805, 42.709262847900391 ] } },
{ "type": "Feature", "properties": { "latitude": 42.719448089599609, "longitude": 23.255380630493164, "heatmap_weight": 16, "raw_occupancy": 3 }, "geometry": { "type": "Point", "coordinates": [ 23.255380630493164, 42.719448089599609 ] } },
{ "type": "Feature", "properties": { "latitude": 42.70050048828125, "longitude": 23.297355651855469, "heatmap_weight": 9, "raw_occupancy": 2 }, "geometry": { "type": "Point", "coordinates": [ 23.297355651855469, 42.70050048828125 ] } },
{ "type": "Feature", "properties": { "latitude": 42.709667205810547, "longitude": 23.318389892578125, "heatmap_weight": 1, "raw_occupancy": 0 }, "geometry": { "type": "Point", "coordinates": [ 23.318389892578125, 42.709667205810547 ] } },
{ "type": "Feature", "properties": { "latitude": 42.731975555419922, "longitude": 23.267234802246094, "heatmap_weight": 4, "raw_occupancy": 1 }, "geometry": { "type": "Point", "coordinates": [ 23.267234802246094, 42.731975555419922 ] } },
{ "type": "Feature", "properties": { "latitude": 42.598033905029297, "longitude": 23.368087768554688, "heatmap_weight": 4, "raw_occupancy": 1 }, "geometry": { "type": "Point", "coordinates": [ 23.368087768554688, 42.598033905029297 ] } },
{ "type": "Feature", "properties": { "latitude": 42.696601867675781, "longitude": 23.354938507080078, "heatmap_weight": 4, "raw_occupancy": 1 }, "geometry": { "type": "Point", "coordinates": [ 23.354938507080078, 42.696601867675781 ] } },
{ "type": "Feature", "properties": { "latitude": 42.713077545166016, "longitude": 23.379905700683594, "heatmap_weight": 4, "raw_occupancy": 1 }, "geometry": { "type": "Point", "coordinates": [ 23.379905700683594, 42.713077545166016 ] } },
{ "type": "Feature", "properties": { "latitude": 42.71368408203125, "longitude": 23.314327239990234, "heatmap_weight": 4, "raw_occupancy": 1 }, "geometry": { "type": "Point", "coordinates": [ 23.314327239990234, 42.71368408203125 ] } },
{ "type": "Feature", "properties": { "latitude": 42.702838897705078, "longitude": 23.333473205566406, "heatmap_weight": 4, "raw_occupancy": 1 }, "geometry": { "type": "Point", "coordinates": [ 23.333473205566406, 42.702838897705078 ] } },
{ "type": "Feature", "properties": { "latitude": 42.686084747314453, "longitude": 23.321863174438477, "heatmap_weight": 4, "raw_occupancy": 1 }, "geometry": { "type": "Point", "coordinates": [ 23.321863174438477, 42.686084747314453 ] } },
{ "type": "Feature", "properties": { "latitude": 42.735740661621094, "longitude": 23.515079498291016, "heatmap_weight": 4, "raw_occupancy": 1 }, "geometry": { "type": "Point", "coordinates": [ 23.515079498291016, 42.735740661621094 ] } },
{ "type": "Feature", "properties": { "latitude": 42.7060546875, "longitude": 23.312570571899414, "heatmap_weight": 4, "raw_occupancy": 1 }, "geometry": { "type": "Point", "coordinates": [ 23.312570571899414, 42.7060546875 ] } },
{ "type": "Feature", "properties": { "latitude": 42.70166015625, "longitude": 23.307573318481445, "heatmap_weight": 9, "raw_occupancy": 2 }, "geometry": { "type": "Point", "coordinates": [ 23.307573318481445, 42.70166015625 ] } },
{ "type": "Feature", "properties": { "latitude": 42.673709869384766, "longitude": 23.325878143310547, "heatmap_weight": 9, "raw_occupancy": 2 }, "geometry": { "type": "Point", "coordinates": [ 23.325878143310547, 42.673709869384766 ] } },
{ "type": "Feature", "properties": { "latitude": 42.688251495361328, "longitude": 23.327716827392578, "heatmap_weight": 4, "raw_occupancy": 1 }, "geometry": { "type": "Point", "coordinates": [ 23.327716827392578, 42.688251495361328 ] } },
{ "type": "Feature", "properties": { "latitude": 42.638946533203125, "longitude": 23.397806167602539, "heatmap_weight": 1, "raw_occupancy": 0 }, "geometry": { "type": "Point", "coordinates": [ 23.397806167602539, 42.638946533203125 ] } },
{ "type": "Feature", "properties": { "latitude": 42.712902069091797, "longitude": 23.303859710693359, "heatmap_weight": 1, "raw_occupancy": 0 }, "geometry": { "type": "Point", "coordinates": [ 23.303859710693359, 42.712902069091797 ] } },
{ "type": "Feature", "properties": { "latitude": 42.604274749755859, "longitude": 23.176300048828125, "heatmap_weight": 4, "raw_occupancy": 1 }, "geometry": { "type": "Point", "coordinates": [ 23.176300048828125, 42.604274749755859 ] } },
{ "type": "Feature", "properties": { "latitude": 42.677108764648438, "longitude": 23.397907257080078, "heatmap_weight": 4, "raw_occupancy": 1 }, "geometry": { "type": "Point", "coordinates": [ 23.397907257080078, 42.677108764648438 ] } },
{ "type": "Feature", "properties": { "latitude": 42.688880920410156, "longitude": 23.321048736572266, "heatmap_weight": 4, "raw_occupancy": 1 }, "geometry": { "type": "Point", "coordinates": [ 23.321048736572266, 42.688880920410156 ] } },
{ "type": "Feature", "properties": { "latitude": 42.676837921142578, "longitude": 23.305891036987305, "heatmap_weight": 4, "raw_occupancy": 1 }, "geometry": { "type": "Point", "coordinates": [ 23.305891036987305, 42.676837921142578 ] } },
{ "type": "Feature", "properties": { "latitude": 42.677745819091797, "longitude": 23.253839492797852, "heatmap_weight": 4, "raw_occupancy": 1 }, "geometry": { "type": "Point", "coordinates": [ 23.253839492797852, 42.677745819091797 ] } },
{ "type": "Feature", "properties": { "latitude": 42.677452087402344, "longitude": 23.355789184570312, "heatmap_weight": 9, "raw_occupancy": 2 }, "geometry": { "type": "Point", "coordinates": [ 23.355789184570312, 42.677452087402344 ] } },
{ "type": "Feature", "properties": { "latitude": 42.651649475097656, "longitude": 23.379112243652344, "heatmap_weight": 9, "raw_occupancy": 2 }, "geometry": { "type": "Point", "coordinates": [ 23.379112243652344, 42.651649475097656 ] } },
{ "type": "Feature", "properties": { "latitude": 42.673591613769531, "longitude": 23.221418380737305, "heatmap_weight": 4, "raw_occupancy": 1 }, "geometry": { "type": "Point", "coordinates": [ 23.221418380737305, 42.673591613769531 ] } },
{ "type": "Feature", "properties": { "latitude": 42.735176086425781, "longitude": 23.285617828369141, "heatmap_weight": 1, "raw_occupancy": 0 }, "geometry": { "type": "Point", "coordinates": [ 23.285617828369141, 42.735176086425781 ] } },
{ "type": "Feature", "properties": { "latitude": 42.783054351806641, "longitude": 23.391054153442383, "heatmap_weight": 9, "raw_occupancy": 2 }, "geometry": { "type": "Point", "coordinates": [ 23.391054153442383, 42.783054351806641 ] } },
{ "type": "Feature", "properties": { "latitude": 42.648746490478516, "longitude": 23.272645950317383, "heatmap_weight": 16, "raw_occupancy": 3 }, "geometry": { "type": "Point", "coordinates": [ 23.272645950317383, 42.648746490478516 ] } },
{ "type": "Feature", "properties": { "latitude": 42.696022033691406, "longitude": 23.282773971557617, "heatmap_weight": 9, "raw_occupancy": 2 }, "geometry": { "type": "Point", "coordinates": [ 23.282773971557617, 42.696022033691406 ] } },
{ "type": "Feature", "properties": { "latitude": 42.6922607421875, "longitude": 23.368894577026367, "heatmap_weight": 16, "raw_occupancy": 3 }, "geometry": { "type": "Point", "coordinates": [ 23.368894577026367, 42.6922607421875 ] } },
{ "type": "Feature", "properties": { "latitude": 42.688285827636719, "longitude": 23.328622817993164, "heatmap_weight": 9, "raw_occupancy": 2 }, "geometry": { "type": "Point", "coordinates": [ 23.328622817993164, 42.688285827636719 ] } },
{ "type": "Feature", "properties": { "latitude": 42.698574066162109, "longitude": 23.329875946044922, "heatmap_weight": 4, "raw_occupancy": 1 }, "geometry": { "type": "Point", "coordinates": [ 23.329875946044922, 42.698574066162109 ] } },
{ "type": "Feature", "properties": { "latitude": 42.719257354736328, "longitude": 23.313327789306641, "heatmap_weight": 1, "raw_occupancy": 0 }, "geometry": { "type": "Point", "coordinates": [ 23.313327789306641, 42.719257354736328 ] } },
{ "type": "Feature", "properties": { "latitude": 42.664932250976562, "longitude": 23.259559631347656, "heatmap_weight": 4, "raw_occupancy": 1 }, "geometry": { "type": "Point", "coordinates": [ 23.259559631347656, 42.664932250976562 ] } },
{ "type": "Feature", "properties": { "latitude": 42.783870697021484, "longitude": 23.320688247680664, "heatmap_weight": 4, "raw_occupancy": 1 }, "geometry": { "type": "Point", "coordinates": [ 23.320688247680664, 42.783870697021484 ] } },
{ "type": "Feature", "properties": { "latitude": 42.51593017578125, "longitude": 23.367183685302734, "heatmap_weight": 1, "raw_occupancy": 0 }, "geometry": { "type": "Point", "coordinates": [ 23.367183685302734, 42.51593017578125 ] } },
{ "type": "Feature", "properties": { "latitude": 42.672645568847656, "longitude": 23.244634628295898, "heatmap_weight": 9, "raw_occupancy": 2 }, "geometry": { "type": "Point", "coordinates": [ 23.244634628295898, 42.672645568847656 ] } },
{ "type": "Feature", "properties": { "latitude": 42.697242736816406, "longitude": 23.337907791137695, "heatmap_weight": 4, "raw_occupancy": 1 }, "geometry": { "type": "Point", "coordinates": [ 23.337907791137695, 42.697242736816406 ] } },
{ "type": "Feature", "properties": { "latitude": 42.685150146484375, "longitude": 23.296995162963867, "heatmap_weight": 9, "raw_occupancy": 2 }, "geometry": { "type": "Point", "coordinates": [ 23.296995162963867, 42.685150146484375 ] } },
{ "type": "Feature", "properties": { "latitude": 42.637081146240234, "longitude": 23.297853469848633, "heatmap_weight": 4, "raw_occupancy": 1 }, "geometry": { "type": "Point", "coordinates": [ 23.297853469848633, 42.637081146240234 ] } },
{ "type": "Feature", "properties": { "latitude": 42.715633392333984, "longitude": 23.282350540161133, "heatmap_weight": 4, "raw_occupancy": 1 }, "geometry": { "type": "Point", "coordinates": [ 23.282350540161133, 42.715633392333984 ] } },
{ "type": "Feature", "properties": { "latitude": 42.601226806640625, "longitude": 23.172658920288086, "heatmap_weight": 4, "raw_occupancy": 1 }, "geometry": { "type": "Point", "coordinates": [ 23.172658920288086, 42.601226806640625 ] } },
{ "type": "Feature", "properties": { "latitude": 42.726604461669922, "longitude": 23.262393951416016, "heatmap_weight": 9, "raw_occupancy": 2 }, "geometry": { "type": "Point", "coordinates": [ 23.262393951416016, 42.726604461669922 ] } },
{ "type": "Feature", "properties": { "latitude": 42.688339233398438, "longitude": 23.315212249755859, "heatmap_weight": 1, "raw_occupancy": 0 }, "geometry": { "type": "Point", "coordinates": [ 23.315212249755859, 42.688339233398438 ] } },
{ "type": "Feature", "properties": { "latitude": 42.733608245849609, "longitude": 23.309089660644531, "heatmap_weight": 4, "raw_occupancy": 1 }, "geometry": { "type": "Point", "coordinates": [ 23.309089660644531, 42.733608245849609 ] } },
{ "type": "Feature", "properties": { "latitude": 42.699264526367188, "longitude": 23.297008514404297, "heatmap_weight": 9, "raw_occupancy": 2 }, "geometry": { "type": "Point", "coordinates": [ 23.297008514404297, 42.699264526367188 ] } },
{ "type": "Feature", "properties": { "latitude": 42.622352600097656, "longitude": 23.348377227783203, "heatmap_weight": 1, "raw_occupancy": 0 }, "geometry": { "type": "Point", "coordinates": [ 23.348377227783203, 42.622352600097656 ] } },
{ "type": "Feature", "properties": { "latitude": 42.732414245605469, "longitude": 23.317211151123047, "heatmap_weight": 9, "raw_occupancy": 2 }, "geometry": { "type": "Point", "coordinates": [ 23.317211151123047, 42.732414245605469 ] } },
{ "type": "Feature", "properties": { "latitude": 42.661369323730469, "longitude": 23.286027908325195, "heatmap_weight": 4, "raw_occupancy": 1 }, "geometry": { "type": "Point", "coordinates": [ 23.286027908325195, 42.661369323730469 ] } },
{ "type": "Feature", "properties": { "latitude": 42.704620361328125, "longitude": 23.331945419311523, "heatmap_weight": 4, "raw_occupancy": 1 }, "geometry": { "type": "Point", "coordinates": [ 23.331945419311523, 42.704620361328125 ] } },
{ "type": "Feature", "properties": { "latitude": 42.656608581542969, "longitude": 23.323789596557617, "heatmap_weight": 9, "raw_occupancy": 2 }, "geometry": { "type": "Point", "coordinates": [ 23.323789596557617, 42.656608581542969 ] } },
{ "type": "Feature", "properties": { "latitude": 42.710662841796875, "longitude": 23.361265182495117, "heatmap_weight": 4, "raw_occupancy": 1 }, "geometry": { "type": "Point", "coordinates": [ 23.361265182495117, 42.710662841796875 ] } },
{ "type": "Feature", "properties": { "latitude": 42.704437255859375, "longitude": 23.35615348815918, "heatmap_weight": 4, "raw_occupancy": 1 }, "geometry": { "type": "Point", "coordinates": [ 23.35615348815918, 42.704437255859375 ] } },
{ "type": "Feature", "properties": { "latitude": 42.668552398681641, "longitude": 23.290882110595703, "heatmap_weight": 1, "raw_occupancy": 0 }, "geometry": { "type": "Point", "coordinates": [ 23.290882110595703, 42.668552398681641 ] } },
{ "type": "Feature", "properties": { "latitude": 42.694866180419922, "longitude": 23.317037582397461, "heatmap_weight": 4, "raw_occupancy": 1 }, "geometry": { "type": "Point", "coordinates": [ 23.317037582397461, 42.694866180419922 ] } },
{ "type": "Feature", "properties": { "latitude": 42.796615600585938, "longitude": 23.396556854248047, "heatmap_weight": 1, "raw_occupancy": 0 }, "geometry": { "type": "Point", "coordinates": [ 23.396556854248047, 42.796615600585938 ] } },
{ "type": "Feature", "properties": { "latitude": 42.716251373291016, "longitude": 23.168201446533203, "heatmap_weight": 4, "raw_occupancy": 1 }, "geometry": { "type": "Point", "coordinates": [ 23.168201446533203, 42.716251373291016 ] } },
{ "type": "Feature", "properties": { "latitude": 42.700645446777344, "longitude": 23.313241958618164, "heatmap_weight": 4, "raw_occupancy": 1 }, "geometry": { "type": "Point", "coordinates": [ 23.313241958618164, 42.700645446777344 ] } },
{ "type": "Feature", "properties": { "latitude": 42.662059783935547, "longitude": 23.419431686401367, "heatmap_weight": 4, "raw_occupancy": 1 }, "geometry": { "type": "Point", "coordinates": [ 23.419431686401367, 42.662059783935547 ] } },
{ "type": "Feature", "properties": { "latitude": 42.618503570556641, "longitude": 23.402761459350586, "heatmap_weight": 4, "raw_occupancy": 1 }, "geometry": { "type": "Point", "coordinates": [ 23.402761459350586, 42.618503570556641 ] } },
{ "type": "Feature", "properties": { "latitude": 42.704898834228516, "longitude": 23.333887100219727, "heatmap_weight": 4, "raw_occupancy": 1 }, "geometry": { "type": "Point", "coordinates": [ 23.333887100219727, 42.704898834228516 ] } },
{ "type": "Feature", "properties": { "latitude": 42.758186340332031, "longitude": 23.321556091308594, "heatmap_weight": 16, "raw_occupancy": 3 }, "geometry": { "type": "Point", "coordinates": [ 23.321556091308594, 42.758186340332031 ] } },
{ "type": "Feature", "properties": { "latitude": 42.669948577880859, "longitude": 23.38325309753418, "heatmap_weight": 1, "raw_occupancy": 0 }, "geometry": { "type": "Point", "coordinates": [ 23.38325309753418, 42.669948577880859 ] } },
{ "type": "Feature", "properties": { "latitude": 42.640609741210938, "longitude": 23.411415100097656, "heatmap_weight": 4, "raw_occupancy": 1 }, "geometry": { "type": "Point", "coordinates": [ 23.411415100097656, 42.640609741210938 ] } },
{ "type": "Feature", "properties": { "latitude": 42.696861267089844, "longitude": 23.352104187011719, "heatmap_weight": 4, "raw_occupancy": 1 }, "geometry": { "type": "Point", "coordinates": [ 23.352104187011719, 42.696861267089844 ] } },
{ "type": "Feature", "properties": { "latitude": 42.685825347900391, "longitude": 23.255571365356445, "heatmap_weight": 4, "raw_occupancy": 1 }, "geometry": { "type": "Point", "coordinates": [ 23.255571365356445, 42.685825347900391 ] } },
{ "type": "Feature", "properties": { "latitude": 42.646690368652344, "longitude": 23.368076324462891, "heatmap_weight": 4, "raw_occupancy": 1 }, "geometry": { "type": "Point", "coordinates": [ 23.368076324462891, 42.646690368652344 ] } },
{ "type": "Feature", "properties": { "latitude": 42.648166656494141, "longitude": 23.376340866088867, "heatmap_weight": 9, "raw_occupancy": 2 }, "geometry": { "type": "Point", "coordinates": [ 23.376340866088867, 42.648166656494141 ] } },
{ "type": "Feature", "properties": { "latitude": 42.657566070556641, "longitude": 23.337364196777344, "heatmap_weight": 16, "raw_occupancy": 3 }, "geometry": { "type": "Point", "coordinates": [ 23.337364196777344, 42.657566070556641 ] } },
{ "type": "Feature", "properties": { "latitude": 42.659816741943359, "longitude": 23.348176956176758, "heatmap_weight": 4, "raw_occupancy": 1 }, "geometry": { "type": "Point", "coordinates": [ 23.348176956176758, 42.659816741943359 ] } },
{ "type": "Feature", "properties": { "latitude": 42.688228607177734, "longitude": 23.302925109863281, "heatmap_weight": 1, "raw_occupancy": 0 }, "geometry": { "type": "Point", "coordinates": [ 23.302925109863281, 42.688228607177734 ] } },
{ "type": "Feature", "properties": { "latitude": 42.616302490234375, "longitude": 23.401498794555664, "heatmap_weight": 9, "raw_occupancy": 2 }, "geometry": { "type": "Point", "coordinates": [ 23.401498794555664, 42.616302490234375 ] } },
{ "type": "Feature", "properties": { "latitude": 42.645469665527344, "longitude": 23.333259582519531, "heatmap_weight": 9, "raw_occupancy": 2 }, "geometry": { "type": "Point", "coordinates": [ 23.333259582519531, 42.645469665527344 ] } },
{ "type": "Feature", "properties": { "latitude": 42.686077117919922, "longitude": 23.266584396362305, "heatmap_weight": 16, "raw_occupancy": 3 }, "geometry": { "type": "Point", "coordinates": [ 23.266584396362305, 42.686077117919922 ] } },
{ "type": "Feature", "properties": { "latitude": 42.692878723144531, "longitude": 23.314834594726562, "heatmap_weight": 9, "raw_occupancy": 2 }, "geometry": { "type": "Point", "coordinates": [ 23.314834594726562, 42.692878723144531 ] } },
{ "type": "Feature", "properties": { "latitude": 42.704227447509766, "longitude": 23.323749542236328, "heatmap_weight": 1, "raw_occupancy": 0 }, "geometry": { "type": "Point", "coordinates": [ 23.323749542236328, 42.704227447509766 ] } },
{ "type": "Feature", "properties": { "latitude": 42.700138092041016, "longitude": 23.34490966796875, "heatmap_weight": 4, "raw_occupancy": 1 }, "geometry": { "type": "Point", "coordinates": [ 23.34490966796875, 42.700138092041016 ] } },
{ "type": "Feature", "properties": { "latitude": 42.688034057617188, "longitude": 23.333019256591797, "heatmap_weight": 9, "raw_occupancy": 2 }, "geometry": { "type": "Point", "coordinates": [ 23.333019256591797, 42.688034057617188 ] } },
{ "type": "Feature", "properties": { "latitude": 42.659385681152344, "longitude": 23.395610809326172, "heatmap_weight": 4, "raw_occupancy": 1 }, "geometry": { "type": "Point", "coordinates": [ 23.395610809326172, 42.659385681152344 ] } },
{ "type": "Feature", "properties": { "latitude": 42.651119232177734, "longitude": 23.358345031738281, "heatmap_weight": 16, "raw_occupancy": 3 }, "geometry": { "type": "Point", "coordinates": [ 23.358345031738281, 42.651119232177734 ] } },
{ "type": "Feature", "properties": { "latitude": 42.659675598144531, "longitude": 23.317054748535156, "heatmap_weight": 16, "raw_occupancy": 3 }, "geometry": { "type": "Point", "coordinates": [ 23.317054748535156, 42.659675598144531 ] } },
{ "type": "Feature", "properties": { "latitude": 42.711799621582031, "longitude": 23.289093017578125, "heatmap_weight": 1, "raw_occupancy": 0 }, "geometry": { "type": "Point", "coordinates": [ 23.289093017578125, 42.711799621582031 ] } },
{ "type": "Feature", "properties": { "latitude": 42.661483764648438, "longitude": 23.378618240356445, "heatmap_weight": 9, "raw_occupancy": 2 }, "geometry": { "type": "Point", "coordinates": [ 23.378618240356445, 42.661483764648438 ] } },
{ "type": "Feature", "properties": { "latitude": 42.681026458740234, "longitude": 23.372245788574219, "heatmap_weight": 4, "raw_occupancy": 1 }, "geometry": { "type": "Point", "coordinates": [ 23.372245788574219, 42.681026458740234 ] } },
{ "type": "Feature", "properties": { "latitude": 42.658779144287109, "longitude": 23.268651962280273, "heatmap_weight": 9, "raw_occupancy": 2 }, "geometry": { "type": "Point", "coordinates": [ 23.268651962280273, 42.658779144287109 ] } },
{ "type": "Feature", "properties": { "latitude": 42.668682098388672, "longitude": 23.267232894897461, "heatmap_weight": 4, "raw_occupancy": 1 }, "geometry": { "type": "Point", "coordinates": [ 23.267232894897461, 42.668682098388672 ] } },
{ "type": "Feature", "properties": { "latitude": 42.657947540283203, "longitude": 23.377555847167969, "heatmap_weight": 4, "raw_occupancy": 1 }, "geometry": { "type": "Point", "coordinates": [ 23.377555847167969, 42.657947540283203 ] } },
{ "type": "Feature", "properties": { "latitude": 42.690677642822266, "longitude": 23.307638168334961, "heatmap_weight": 4, "raw_occupancy": 1 }, "geometry": { "type": "Point", "coordinates": [ 23.307638168334961, 42.690677642822266 ] } },
{ "type": "Feature", "properties": { "latitude": 42.617637634277344, "longitude": 23.360572814941406, "heatmap_weight": 9, "raw_occupancy": 2 }, "geometry": { "type": "Point", "coordinates": [ 23.360572814941406, 42.617637634277344 ] } },
{ "type": "Feature", "properties": { "latitude": 42.719886779785156, "longitude": 23.310470581054688, "heatmap_weight": 9, "raw_occupancy": 2 }, "geometry": { "type": "Point", "coordinates": [ 23.310470581054688, 42.719886779785156 ] } },
{ "type": "Feature", "properties": { "latitude": 42.664649963378906, "longitude": 23.317533493041992, "heatmap_weight": 4, "raw_occupancy": 1 }, "geometry": { "type": "Point", "coordinates": [ 23.317533493041992, 42.664649963378906 ] } },
{ "type": "Feature", "properties": { "latitude": 42.713077545166016, "longitude": 23.315814971923828, "heatmap_weight": 1, "raw_occupancy": 0 }, "geometry": { "type": "Point", "coordinates": [ 23.315814971923828, 42.713077545166016 ] } },
{ "type": "Feature", "properties": { "latitude": 42.603534698486328, "longitude": 23.301803588867188, "heatmap_weight": 9, "raw_occupancy": 2 }, "geometry": { "type": "Point", "coordinates": [ 23.301803588867188, 42.603534698486328 ] } },
{ "type": "Feature", "properties": { "latitude": 42.704654693603516, "longitude": 23.393949508666992, "heatmap_weight": 1, "raw_occupancy": 0 }, "geometry": { "type": "Point", "coordinates": [ 23.393949508666992, 42.704654693603516 ] } },
{ "type": "Feature", "properties": { "latitude": 42.688259124755859, "longitude": 23.328765869140625, "heatmap_weight": 9, "raw_occupancy": 2 }, "geometry": { "type": "Point", "coordinates": [ 23.328765869140625, 42.688259124755859 ] } },
{ "type": "Feature", "properties": { "latitude": 42.731346130371094, "longitude": 23.253921508789062, "heatmap_weight": 4, "raw_occupancy": 1 }, "geometry": { "type": "Point", "coordinates": [ 23.253921508789062, 42.731346130371094 ] } },
{ "type": "Feature", "properties": { "latitude": 42.718490600585938, "longitude": 23.256938934326172, "heatmap_weight": 9, "raw_occupancy": 2 }, "geometry": { "type": "Point", "coordinates": [ 23.256938934326172, 42.718490600585938 ] } },
{ "type": "Feature", "properties": { "latitude": 42.664546966552734, "longitude": 23.398962020874023, "heatmap_weight": 9, "raw_occupancy": 2 }, "geometry": { "type": "Point", "coordinates": [ 23.398962020874023, 42.664546966552734 ] } },
{ "type": "Feature", "properties": { "latitude": 42.688835144042969, "longitude": 23.314777374267578, "heatmap_weight": 4, "raw_occupancy": 1 }, "geometry": { "type": "Point", "coordinates": [ 23.314777374267578, 42.688835144042969 ] } },
{ "type": "Feature", "properties": { "latitude": 42.710933685302734, "longitude": 23.292076110839844, "heatmap_weight": 9, "raw_occupancy": 2 }, "geometry": { "type": "Point", "coordinates": [ 23.292076110839844, 42.710933685302734 ] } },
{ "type": "Feature", "properties": { "latitude": 42.671455383300781, "longitude": 23.272123336791992, "heatmap_weight": 9, "raw_occupancy": 2 }, "geometry": { "type": "Point", "coordinates": [ 23.272123336791992, 42.671455383300781 ] } },
{ "type": "Feature", "properties": { "latitude": 42.717491149902344, "longitude": 23.286298751831055, "heatmap_weight": 4, "raw_occupancy": 1 }, "geometry": { "type": "Point", "coordinates": [ 23.286298751831055, 42.717491149902344 ] } },
{ "type": "Feature", "properties": { "latitude": 42.705127716064453, "longitude": 23.32542610168457, "heatmap_weight": 1, "raw_occupancy": 0 }, "geometry": { "type": "Point", "coordinates": [ 23.32542610168457, 42.705127716064453 ] } },
{ "type": "Feature", "properties": { "latitude": 42.693534851074219, "longitude": 23.334344863891602, "heatmap_weight": 9, "raw_occupancy": 2 }, "geometry": { "type": "Point", "coordinates": [ 23.334344863891602, 42.693534851074219 ] } },
{ "type": "Feature", "properties": { "latitude": 42.71075439453125, "longitude": 23.319028854370117, "heatmap_weight": 1, "raw_occupancy": 0 }, "geometry": { "type": "Point", "coordinates": [ 23.319028854370117, 42.71075439453125 ] } },
{ "type": "Feature", "properties": { "latitude": 42.659542083740234, "longitude": 23.299257278442383, "heatmap_weight": 4, "raw_occupancy": 1 }, "geometry": { "type": "Point", "coordinates": [ 23.299257278442383, 42.659542083740234 ] } },
{ "type": "Feature", "properties": { "latitude": 42.676002502441406, "longitude": 23.358236312866211, "heatmap_weight": 16, "raw_occupancy": 3 }, "geometry": { "type": "Point", "coordinates": [ 23.358236312866211, 42.676002502441406 ] } },
{ "type": "Feature", "properties": { "latitude": 42.661235809326172, "longitude": 23.242996215820312, "heatmap_weight": 4, "raw_occupancy": 1 }, "geometry": { "type": "Point", "coordinates": [ 23.242996215820312, 42.661235809326172 ] } },
{ "type": "Feature", "properties": { "latitude": 42.705928802490234, "longitude": 23.314006805419922, "heatmap_weight": 4, "raw_occupancy": 1 }, "geometry": { "type": "Point", "coordinates": [ 23.314006805419922, 42.705928802490234 ] } },
{ "type": "Feature", "properties": { "latitude": 42.737071990966797, "longitude": 23.267936706542969, "heatmap_weight": 4, "raw_occupancy": 1 }, "geometry": { "type": "Point", "coordinates": [ 23.267936706542969, 42.737071990966797 ] } },
{ "type": "Feature", "properties": { "latitude": 42.665103912353516, "longitude": 23.41956901550293, "heatmap_weight": 4, "raw_occupancy": 1 }, "geometry": { "type": "Point", "coordinates": [ 23.41956901550293, 42.665103912353516 ] } },
{ "type": "Feature", "properties": { "latitude": 42.715099334716797, "longitude": 23.360116958618164, "heatmap_weight": 1, "raw_occupancy": 0 }, "geometry": { "type": "Point", "coordinates": [ 23.360116958618164, 42.715099334716797 ] } },
{ "type": "Feature", "properties": { "latitude": 42.654556274414062, "longitude": 23.290744781494141, "heatmap_weight": 1, "raw_occupancy": 0 }, "geometry": { "type": "Point", "coordinates": [ 23.290744781494141, 42.654556274414062 ] } },
{ "type": "Feature", "properties": { "latitude": 42.685691833496094, "longitude": 23.305917739868164, "heatmap_weight": 4, "raw_occupancy": 1 }, "geometry": { "type": "Point", "coordinates": [ 23.305917739868164, 42.685691833496094 ] } },
{ "type": "Feature", "properties": { "latitude": 42.699478149414062, "longitude": 23.304315567016602, "heatmap_weight": 4, "raw_occupancy": 1 }, "geometry": { "type": "Point", "coordinates": [ 23.304315567016602, 42.699478149414062 ] } },
{ "type": "Feature", "properties": { "latitude": 42.700283050537109, "longitude": 23.316110610961914, "heatmap_weight": 4, "raw_occupancy": 1 }, "geometry": { "type": "Point", "coordinates": [ 23.316110610961914, 42.700283050537109 ] } },
{ "type": "Feature", "properties": { "latitude": 42.688560485839844, "longitude": 23.340335845947266, "heatmap_weight": 16, "raw_occupancy": 3 }, "geometry": { "type": "Point", "coordinates": [ 23.340335845947266, 42.688560485839844 ] } },
{ "type": "Feature", "properties": { "latitude": 42.705772399902344, "longitude": 23.334402084350586, "heatmap_weight": 4, "raw_occupancy": 1 }, "geometry": { "type": "Point", "coordinates": [ 23.334402084350586, 42.705772399902344 ] } },
{ "type": "Feature", "properties": { "latitude": 42.722751617431641, "longitude": 23.257747650146484, "heatmap_weight": 4, "raw_occupancy": 1 }, "geometry": { "type": "Point", "coordinates": [ 23.257747650146484, 42.722751617431641 ] } },
{ "type": "Feature", "properties": { "latitude": 42.685588836669922, "longitude": 23.317293167114258, "heatmap_weight": 16, "raw_occupancy": 3 }, "geometry": { "type": "Point", "coordinates": [ 23.317293167114258, 42.685588836669922 ] } },
{ "type": "Feature", "properties": { "latitude": 42.658393859863281, "longitude": 23.314695358276367, "heatmap_weight": 9, "raw_occupancy": 2 }, "geometry": { "type": "Point", "coordinates": [ 23.314695358276367, 42.658393859863281 ] } },
{ "type": "Feature", "properties": { "latitude": 42.692428588867188, "longitude": 23.310712814331055, "heatmap_weight": 4, "raw_occupancy": 1 }, "geometry": { "type": "Point", "coordinates": [ 23.310712814331055, 42.692428588867188 ] } },
{ "type": "Feature", "properties": { "latitude": 42.675872802734375, "longitude": 23.33404541015625, "heatmap_weight": 9, "raw_occupancy": 2 }, "geometry": { "type": "Point", "coordinates": [ 23.33404541015625, 42.675872802734375 ] } },
{ "type": "Feature", "properties": { "latitude": 42.666286468505859, "longitude": 23.275672912597656, "heatmap_weight": 4, "raw_occupancy": 1 }, "geometry": { "type": "Point", "coordinates": [ 23.275672912597656, 42.666286468505859 ] } },
{ "type": "Feature", "properties": { "latitude": 42.684486389160156, "longitude": 23.326213836669922, "heatmap_weight": 4, "raw_occupancy": 1 }, "geometry": { "type": "Point", "coordinates": [ 23.326213836669922, 42.684486389160156 ] } },
{ "type": "Feature", "properties": { "latitude": 42.699222564697266, "longitude": 23.339666366577148, "heatmap_weight": 4, "raw_occupancy": 1 }, "geometry": { "type": "Point", "coordinates": [ 23.339666366577148, 42.699222564697266 ] } },
{ "type": "Feature", "properties": { "latitude": 42.694850921630859, "longitude": 23.316488265991211, "heatmap_weight": 4, "raw_occupancy": 1 }, "geometry": { "type": "Point", "coordinates": [ 23.316488265991211, 42.694850921630859 ] } },
{ "type": "Feature", "properties": { "latitude": 42.697067260742188, "longitude": 23.320953369140625, "heatmap_weight": 4, "raw_occupancy": 1 }, "geometry": { "type": "Point", "coordinates": [ 23.320953369140625, 42.697067260742188 ] } },
{ "type": "Feature", "properties": { "latitude": 42.632850646972656, "longitude": 23.334596633911133, "heatmap_weight": 9, "raw_occupancy": 2 }, "geometry": { "type": "Point", "coordinates": [ 23.334596633911133, 42.632850646972656 ] } },
{ "type": "Feature", "properties": { "latitude": 42.633430480957031, "longitude": 23.332195281982422, "heatmap_weight": 1, "raw_occupancy": 0 }, "geometry": { "type": "Point", "coordinates": [ 23.332195281982422, 42.633430480957031 ] } },
{ "type": "Feature", "properties": { "latitude": 42.706390380859375, "longitude": 23.346994400024414, "heatmap_weight": 4, "raw_occupancy": 1 }, "geometry": { "type": "Point", "coordinates": [ 23.346994400024414, 42.706390380859375 ] } },
{ "type": "Feature", "properties": { "latitude": 42.707874298095703, "longitude": 23.318063735961914, "heatmap_weight": 4, "raw_occupancy": 1 }, "geometry": { "type": "Point", "coordinates": [ 23.318063735961914, 42.707874298095703 ] } },
{ "type": "Feature", "properties": { "latitude": 42.676662445068359, "longitude": 23.334423065185547, "heatmap_weight": 4, "raw_occupancy": 1 }, "geometry": { "type": "Point", "coordinates": [ 23.334423065185547, 42.676662445068359 ] } },
{ "type": "Feature", "properties": { "latitude": 42.718238830566406, "longitude": 23.309167861938477, "heatmap_weight": 4, "raw_occupancy": 1 }, "geometry": { "type": "Point", "coordinates": [ 23.309167861938477, 42.718238830566406 ] } },
{ "type": "Feature", "properties": { "latitude": 42.710868835449219, "longitude": 23.271081924438477, "heatmap_weight": 9, "raw_occupancy": 2 }, "geometry": { "type": "Point", "coordinates": [ 23.271081924438477, 42.710868835449219 ] } },
{ "type": "Feature", "properties": { "latitude": 42.711238861083984, "longitude": 23.370443344116211, "heatmap_weight": 1, "raw_occupancy": 0 }, "geometry": { "type": "Point", "coordinates": [ 23.370443344116211, 42.711238861083984 ] } },
{ "type": "Feature", "properties": { "latitude": 42.656734466552734, "longitude": 23.383487701416016, "heatmap_weight": 1, "raw_occupancy": 0 }, "geometry": { "type": "Point", "coordinates": [ 23.383487701416016, 42.656734466552734 ] } },
{ "type": "Feature", "properties": { "latitude": 42.68359375, "longitude": 23.321523666381836, "heatmap_weight": 4, "raw_occupancy": 1 }, "geometry": { "type": "Point", "coordinates": [ 23.321523666381836, 42.68359375 ] } },
{ "type": "Feature", "properties": { "latitude": 42.650215148925781, "longitude": 23.357915878295898, "heatmap_weight": 9, "raw_occupancy": 2 }, "geometry": { "type": "Point", "coordinates": [ 23.357915878295898, 42.650215148925781 ] } },
{ "type": "Feature", "properties": { "latitude": 42.662265777587891, "longitude": 23.252586364746094, "heatmap_weight": 4, "raw_occupancy": 1 }, "geometry": { "type": "Point", "coordinates": [ 23.252586364746094, 42.662265777587891 ] } },
{ "type": "Feature", "properties": { "latitude": 42.660152435302734, "longitude": 23.317962646484375, "heatmap_weight": 4, "raw_occupancy": 1 }, "geometry": { "type": "Point", "coordinates": [ 23.317962646484375, 42.660152435302734 ] } },
{ "type": "Feature", "properties": { "latitude": 42.710289001464844, "longitude": 23.292856216430664, "heatmap_weight": 4, "raw_occupancy": 1 }, "geometry": { "type": "Point", "coordinates": [ 23.292856216430664, 42.710289001464844 ] } },
{ "type": "Feature", "properties": { "latitude": 42.698459625244141, "longitude": 23.310111999511719, "heatmap_weight": 4, "raw_occupancy": 1 }, "geometry": { "type": "Point", "coordinates": [ 23.310111999511719, 42.698459625244141 ] } },
{ "type": "Feature", "properties": { "latitude": 42.709762573242188, "longitude": 23.3843994140625, "heatmap_weight": 4, "raw_occupancy": 1 }, "geometry": { "type": "Point", "coordinates": [ 23.3843994140625, 42.709762573242188 ] } },
{ "type": "Feature", "properties": { "latitude": 42.703983306884766, "longitude": 23.323610305786133, "heatmap_weight": 9, "raw_occupancy": 2 }, "geometry": { "type": "Point", "coordinates": [ 23.323610305786133, 42.703983306884766 ] } },
{ "type": "Feature", "properties": { "latitude": 42.668804168701172, "longitude": 23.255460739135742, "heatmap_weight": 9, "raw_occupancy": 2 }, "geometry": { "type": "Point", "coordinates": [ 23.255460739135742, 42.668804168701172 ] } },
{ "type": "Feature", "properties": { "latitude": 42.675621032714844, "longitude": 23.372373580932617, "heatmap_weight": 4, "raw_occupancy": 1 }, "geometry": { "type": "Point", "coordinates": [ 23.372373580932617, 42.675621032714844 ] } },
{ "type": "Feature", "properties": { "latitude": 42.710079193115234, "longitude": 23.371223449707031, "heatmap_weight": 1, "raw_occupancy": 0 }, "geometry": { "type": "Point", "coordinates": [ 23.371223449707031, 42.710079193115234 ] } },
{ "type": "Feature", "properties": { "latitude": 42.686538696289062, "longitude": 23.265989303588867, "heatmap_weight": 4, "raw_occupancy": 1 }, "geometry": { "type": "Point", "coordinates": [ 23.265989303588867, 42.686538696289062 ] } },
{ "type": "Feature", "properties": { "latitude": 42.683490753173828, "longitude": 23.347387313842773, "heatmap_weight": 9, "raw_occupancy": 2 }, "geometry": { "type": "Point", "coordinates": [ 23.347387313842773, 42.683490753173828 ] } },
{ "type": "Feature", "properties": { "latitude": 42.623664855957031, "longitude": 23.364023208618164, "heatmap_weight": 9, "raw_occupancy": 2 }, "geometry": { "type": "Point", "coordinates": [ 23.364023208618164, 42.623664855957031 ] } },
{ "type": "Feature", "properties": { "latitude": 42.704788208007812, "longitude": 23.322641372680664, "heatmap_weight": 4, "raw_occupancy": 1 }, "geometry": { "type": "Point", "coordinates": [ 23.322641372680664, 42.704788208007812 ] } },
{ "type": "Feature", "properties": { "latitude": 42.687232971191406, "longitude": 23.271196365356445, "heatmap_weight": 4, "raw_occupancy": 1 }, "geometry": { "type": "Point", "coordinates": [ 23.271196365356445, 42.687232971191406 ] } },
{ "type": "Feature", "properties": { "latitude": 42.650478363037109, "longitude": 23.33574104309082, "heatmap_weight": 4, "raw_occupancy": 1 }, "geometry": { "type": "Point", "coordinates": [ 23.33574104309082, 42.650478363037109 ] } },
{ "type": "Feature", "properties": { "latitude": 42.701969146728516, "longitude": 23.3812255859375, "heatmap_weight": 9, "raw_occupancy": 2 }, "geometry": { "type": "Point", "coordinates": [ 23.3812255859375, 42.701969146728516 ] } },
{ "type": "Feature", "properties": { "latitude": 42.681591033935547, "longitude": 23.312856674194336, "heatmap_weight": 9, "raw_occupancy": 2 }, "geometry": { "type": "Point", "coordinates": [ 23.312856674194336, 42.681591033935547 ] } },
{ "type": "Feature", "properties": { "latitude": 42.674701690673828, "longitude": 23.278913497924805, "heatmap_weight": 4, "raw_occupancy": 1 }, "geometry": { "type": "Point", "coordinates": [ 23.278913497924805, 42.674701690673828 ] } },
{ "type": "Feature", "properties": { "latitude": 42.711524963378906, "longitude": 23.318887710571289, "heatmap_weight": 1, "raw_occupancy": 0 }, "geometry": { "type": "Point", "coordinates": [ 23.318887710571289, 42.711524963378906 ] } },
{ "type": "Feature", "properties": { "latitude": 42.681747436523438, "longitude": 23.301544189453125, "heatmap_weight": 9, "raw_occupancy": 2 }, "geometry": { "type": "Point", "coordinates": [ 23.301544189453125, 42.681747436523438 ] } },
{ "type": "Feature", "properties": { "latitude": 42.728813171386719, "longitude": 23.248922348022461, "heatmap_weight": 1, "raw_occupancy": 0 }, "geometry": { "type": "Point", "coordinates": [ 23.248922348022461, 42.728813171386719 ] } },
{ "type": "Feature", "properties": { "latitude": 42.705768585205078, "longitude": 23.298837661743164, "heatmap_weight": 1, "raw_occupancy": 0 }, "geometry": { "type": "Point", "coordinates": [ 23.298837661743164, 42.705768585205078 ] } },
{ "type": "Feature", "properties": { "latitude": 42.693801879882812, "longitude": 23.322786331176758, "heatmap_weight": 9, "raw_occupancy": 2 }, "geometry": { "type": "Point", "coordinates": [ 23.322786331176758, 42.693801879882812 ] } },
{ "type": "Feature", "properties": { "latitude": 42.670234680175781, "longitude": 23.257349014282227, "heatmap_weight": 4, "raw_occupancy": 1 }, "geometry": { "type": "Point", "coordinates": [ 23.257349014282227, 42.670234680175781 ] } },
{ "type": "Feature", "properties": { "latitude": 42.731849670410156, "longitude": 23.313045501708984, "heatmap_weight": 4, "raw_occupancy": 1 }, "geometry": { "type": "Point", "coordinates": [ 23.313045501708984, 42.731849670410156 ] } },
{ "type": "Feature", "properties": { "latitude": 42.694187164306641, "longitude": 23.35151481628418, "heatmap_weight": 9, "raw_occupancy": 2 }, "geometry": { "type": "Point", "coordinates": [ 23.35151481628418, 42.694187164306641 ] } },
{ "type": "Feature", "properties": { "latitude": 42.676582336425781, "longitude": 23.309663772583008, "heatmap_weight": 1, "raw_occupancy": 0 }, "geometry": { "type": "Point", "coordinates": [ 23.309663772583008, 42.676582336425781 ] } },
{ "type": "Feature", "properties": { "latitude": 42.694923400878906, "longitude": 23.317001342773438, "heatmap_weight": 4, "raw_occupancy": 1 }, "geometry": { "type": "Point", "coordinates": [ 23.317001342773438, 42.694923400878906 ] } },
{ "type": "Feature", "properties": { "latitude": 42.699951171875, "longitude": 23.300498962402344, "heatmap_weight": 4, "raw_occupancy": 1 }, "geometry": { "type": "Point", "coordinates": [ 23.300498962402344, 42.699951171875 ] } },
{ "type": "Feature", "properties": { "latitude": 42.651859283447266, "longitude": 23.349945068359375, "heatmap_weight": 4, "raw_occupancy": 1 }, "geometry": { "type": "Point", "coordinates": [ 23.349945068359375, 42.651859283447266 ] } },
{ "type": "Feature", "properties": { "latitude": 42.697849273681641, "longitude": 23.321802139282227, "heatmap_weight": 4, "raw_occupancy": 1 }, "geometry": { "type": "Point", "coordinates": [ 23.321802139282227, 42.697849273681641 ] } },
{ "type": "Feature", "properties": { "latitude": 42.70977783203125, "longitude": 23.322427749633789, "heatmap_weight": 4, "raw_occupancy": 1 }, "geometry": { "type": "Point", "coordinates": [ 23.322427749633789, 42.70977783203125 ] } },
{ "type": "Feature", "properties": { "latitude": 42.690883636474609, "longitude": 23.338890075683594, "heatmap_weight": 1, "raw_occupancy": 0 }, "geometry": { "type": "Point", "coordinates": [ 23.338890075683594, 42.690883636474609 ] } },
{ "type": "Feature", "properties": { "latitude": 42.700706481933594, "longitude": 23.322652816772461, "heatmap_weight": 9, "raw_occupancy": 2 }, "geometry": { "type": "Point", "coordinates": [ 23.322652816772461, 42.700706481933594 ] } },
{ "type": "Feature", "properties": { "latitude": 42.654594421386719, "longitude": 23.400686264038086, "heatmap_weight": 4, "raw_occupancy": 1 }, "geometry": { "type": "Point", "coordinates": [ 23.400686264038086, 42.654594421386719 ] } },
{ "type": "Feature", "properties": { "latitude": 42.726310729980469, "longitude": 23.241836547851562, "heatmap_weight": 9, "raw_occupancy": 2 }, "geometry": { "type": "Point", "coordinates": [ 23.241836547851562, 42.726310729980469 ] } },
{ "type": "Feature", "properties": { "latitude": 42.664970397949219, "longitude": 23.456024169921875, "heatmap_weight": 4, "raw_occupancy": 1 }, "geometry": { "type": "Point", "coordinates": [ 23.456024169921875, 42.664970397949219 ] } },
{ "type": "Feature", "properties": { "latitude": 42.681377410888672, "longitude": 23.301651000976562, "heatmap_weight": 4, "raw_occupancy": 1 }, "geometry": { "type": "Point", "coordinates": [ 23.301651000976562, 42.681377410888672 ] } },
{ "type": "Feature", "properties": { "latitude": 42.708320617675781, "longitude": 23.332632064819336, "heatmap_weight": 1, "raw_occupancy": 0 }, "geometry": { "type": "Point", "coordinates": [ 23.332632064819336, 42.708320617675781 ] } },
{ "type": "Feature", "properties": { "latitude": 42.765495300292969, "longitude": 23.196649551391602, "heatmap_weight": 1, "raw_occupancy": 0 }, "geometry": { "type": "Point", "coordinates": [ 23.196649551391602, 42.765495300292969 ] } },
{ "type": "Feature", "properties": { "latitude": 42.684532165527344, "longitude": 23.301380157470703, "heatmap_weight": 4, "raw_occupancy": 1 }, "geometry": { "type": "Point", "coordinates": [ 23.301380157470703, 42.684532165527344 ] } },
{ "type": "Feature", "properties": { "latitude": 42.722110748291016, "longitude": 23.280670166015625, "heatmap_weight": 4, "raw_occupancy": 1 }, "geometry": { "type": "Point", "coordinates": [ 23.280670166015625, 42.722110748291016 ] } },
{ "type": "Feature", "properties": { "latitude": 42.702064514160156, "longitude": 23.283914566040039, "heatmap_weight": 4, "raw_occupancy": 1 }, "geometry": { "type": "Point", "coordinates": [ 23.283914566040039, 42.702064514160156 ] } },
{ "type": "Feature", "properties": { "latitude": 42.697029113769531, "longitude": 23.346921920776367, "heatmap_weight": 9, "raw_occupancy": 2 }, "geometry": { "type": "Point", "coordinates": [ 23.346921920776367, 42.697029113769531 ] } },
{ "type": "Feature", "properties": { "latitude": 42.687484741210938, "longitude": 23.352123260498047, "heatmap_weight": 9, "raw_occupancy": 2 }, "geometry": { "type": "Point", "coordinates": [ 23.352123260498047, 42.687484741210938 ] } },
{ "type": "Feature", "properties": { "latitude": 42.710552215576172, "longitude": 23.361190795898438, "heatmap_weight": 4, "raw_occupancy": 1 }, "geometry": { "type": "Point", "coordinates": [ 23.361190795898438, 42.710552215576172 ] } },
{ "type": "Feature", "properties": { "latitude": 42.674877166748047, "longitude": 23.37629508972168, "heatmap_weight": 4, "raw_occupancy": 1 }, "geometry": { "type": "Point", "coordinates": [ 23.37629508972168, 42.674877166748047 ] } },
{ "type": "Feature", "properties": { "latitude": 42.723419189453125, "longitude": 23.300909042358398, "heatmap_weight": 4, "raw_occupancy": 1 }, "geometry": { "type": "Point", "coordinates": [ 23.300909042358398, 42.723419189453125 ] } },
{ "type": "Feature", "properties": { "latitude": 42.722579956054688, "longitude": 23.257591247558594, "heatmap_weight": 16, "raw_occupancy": 3 }, "geometry": { "type": "Point", "coordinates": [ 23.257591247558594, 42.722579956054688 ] } },
{ "type": "Feature", "properties": { "latitude": 42.713180541992188, "longitude": 23.248420715332031, "heatmap_weight": 4, "raw_occupancy": 1 }, "geometry": { "type": "Point", "coordinates": [ 23.248420715332031, 42.713180541992188 ] } },
{ "type": "Feature", "properties": { "latitude": 42.695735931396484, "longitude": 23.285758972167969, "heatmap_weight": 4, "raw_occupancy": 1 }, "geometry": { "type": "Point", "coordinates": [ 23.285758972167969, 42.695735931396484 ] } },
{ "type": "Feature", "properties": { "latitude": 42.696319580078125, "longitude": 23.349321365356445, "heatmap_weight": 4, "raw_occupancy": 1 }, "geometry": { "type": "Point", "coordinates": [ 23.349321365356445, 42.696319580078125 ] } },
{ "type": "Feature", "properties": { "latitude": 42.656185150146484, "longitude": 23.414421081542969, "heatmap_weight": 1, "raw_occupancy": 0 }, "geometry": { "type": "Point", "coordinates": [ 23.414421081542969, 42.656185150146484 ] } },
{ "type": "Feature", "properties": { "latitude": 42.663482666015625, "longitude": 23.357772827148438, "heatmap_weight": 9, "raw_occupancy": 2 }, "geometry": { "type": "Point", "coordinates": [ 23.357772827148438, 42.663482666015625 ] } },
{ "type": "Feature", "properties": { "latitude": 42.704147338867188, "longitude": 23.38641357421875, "heatmap_weight": 1, "raw_occupancy": 0 }, "geometry": { "type": "Point", "coordinates": [ 23.38641357421875, 42.704147338867188 ] } },
{ "type": "Feature", "properties": { "latitude": 42.627307891845703, "longitude": 23.19349479675293, "heatmap_weight": 1, "raw_occupancy": 0 }, "geometry": { "type": "Point", "coordinates": [ 23.19349479675293, 42.627307891845703 ] } },
{ "type": "Feature", "properties": { "latitude": 42.681003570556641, "longitude": 23.307109832763672, "heatmap_weight": 4, "raw_occupancy": 1 }, "geometry": { "type": "Point", "coordinates": [ 23.307109832763672, 42.681003570556641 ] } },
{ "type": "Feature", "properties": { "latitude": 42.686073303222656, "longitude": 23.307258605957031, "heatmap_weight": 16, "raw_occupancy": 3 }, "geometry": { "type": "Point", "coordinates": [ 23.307258605957031, 42.686073303222656 ] } },
{ "type": "Feature", "properties": { "latitude": 42.690372467041016, "longitude": 23.253751754760742, "heatmap_weight": 4, "raw_occupancy": 1 }, "geometry": { "type": "Point", "coordinates": [ 23.253751754760742, 42.690372467041016 ] } },
{ "type": "Feature", "properties": { "latitude": 42.646881103515625, "longitude": 23.3458251953125, "heatmap_weight": 1, "raw_occupancy": 0 }, "geometry": { "type": "Point", "coordinates": [ 23.3458251953125, 42.646881103515625 ] } },
{ "type": "Feature", "properties": { "latitude": 42.671714782714844, "longitude": 23.336948394775391, "heatmap_weight": 9, "raw_occupancy": 2 }, "geometry": { "type": "Point", "coordinates": [ 23.336948394775391, 42.671714782714844 ] } },
{ "type": "Feature", "properties": { "latitude": 42.676929473876953, "longitude": 23.317916870117188, "heatmap_weight": 9, "raw_occupancy": 2 }, "geometry": { "type": "Point", "coordinates": [ 23.317916870117188, 42.676929473876953 ] } },
{ "type": "Feature", "properties": { "latitude": 42.670188903808594, "longitude": 23.398061752319336, "heatmap_weight": 1, "raw_occupancy": 0 }, "geometry": { "type": "Point", "coordinates": [ 23.398061752319336, 42.670188903808594 ] } },
{ "type": "Feature", "properties": { "latitude": 42.583057403564453, "longitude": 23.423896789550781, "heatmap_weight": 4, "raw_occupancy": 1 }, "geometry": { "type": "Point", "coordinates": [ 23.423896789550781, 42.583057403564453 ] } },
{ "type": "Feature", "properties": { "latitude": 42.811695098876953, "longitude": 23.377445220947266, "heatmap_weight": 4, "raw_occupancy": 1 }, "geometry": { "type": "Point", "coordinates": [ 23.377445220947266, 42.811695098876953 ] } },
{ "type": "Feature", "properties": { "latitude": 42.682292938232422, "longitude": 23.242179870605469, "heatmap_weight": 9, "raw_occupancy": 2 }, "geometry": { "type": "Point", "coordinates": [ 23.242179870605469, 42.682292938232422 ] } },
{ "type": "Feature", "properties": { "latitude": 42.685737609863281, "longitude": 23.255598068237305, "heatmap_weight": 9, "raw_occupancy": 2 }, "geometry": { "type": "Point", "coordinates": [ 23.255598068237305, 42.685737609863281 ] } },
{ "type": "Feature", "properties": { "latitude": 42.710151672363281, "longitude": 23.378820419311523, "heatmap_weight": 9, "raw_occupancy": 2 }, "geometry": { "type": "Point", "coordinates": [ 23.378820419311523, 42.710151672363281 ] } },
{ "type": "Feature", "properties": { "latitude": 42.712005615234375, "longitude": 23.317554473876953, "heatmap_weight": 1, "raw_occupancy": 0 }, "geometry": { "type": "Point", "coordinates": [ 23.317554473876953, 42.712005615234375 ] } },
{ "type": "Feature", "properties": { "latitude": 42.711349487304688, "longitude": 23.336986541748047, "heatmap_weight": 4, "raw_occupancy": 1 }, "geometry": { "type": "Point", "coordinates": [ 23.336986541748047, 42.711349487304688 ] } },
{ "type": "Feature", "properties": { "latitude": 42.721397399902344, "longitude": 23.241077423095703, "heatmap_weight": 4, "raw_occupancy": 1 }, "geometry": { "type": "Point", "coordinates": [ 23.241077423095703, 42.721397399902344 ] } },
{ "type": "Feature", "properties": { "latitude": 42.723415374755859, "longitude": 23.343305587768555, "heatmap_weight": 9, "raw_occupancy": 2 }, "geometry": { "type": "Point", "coordinates": [ 23.343305587768555, 42.723415374755859 ] } },
{ "type": "Feature", "properties": { "latitude": 42.693855285644531, "longitude": 23.31507682800293, "heatmap_weight": 4, "raw_occupancy": 1 }, "geometry": { "type": "Point", "coordinates": [ 23.31507682800293, 42.693855285644531 ] } },
{ "type": "Feature", "properties": { "latitude": 42.652050018310547, "longitude": 23.335964202880859, "heatmap_weight": 4, "raw_occupancy": 1 }, "geometry": { "type": "Point", "coordinates": [ 23.335964202880859, 42.652050018310547 ] } },
{ "type": "Feature", "properties": { "latitude": 42.694923400878906, "longitude": 23.320564270019531, "heatmap_weight": 9, "raw_occupancy": 2 }, "geometry": { "type": "Point", "coordinates": [ 23.320564270019531, 42.694923400878906 ] } },
{ "type": "Feature", "properties": { "latitude": 42.639434814453125, "longitude": 23.372898101806641, "heatmap_weight": 4, "raw_occupancy": 1 }, "geometry": { "type": "Point", "coordinates": [ 23.372898101806641, 42.639434814453125 ] } },
{ "type": "Feature", "properties": { "latitude": 42.654781341552734, "longitude": 23.349353790283203, "heatmap_weight": 1, "raw_occupancy": 0 }, "geometry": { "type": "Point", "coordinates": [ 23.349353790283203, 42.654781341552734 ] } },
{ "type": "Feature", "properties": { "latitude": 42.690414428710938, "longitude": 23.337493896484375, "heatmap_weight": 1, "raw_occupancy": 0 }, "geometry": { "type": "Point", "coordinates": [ 23.337493896484375, 42.690414428710938 ] } },
{ "type": "Feature", "properties": { "latitude": 42.686603546142578, "longitude": 23.309415817260742, "heatmap_weight": 4, "raw_occupancy": 1 }, "geometry": { "type": "Point", "coordinates": [ 23.309415817260742, 42.686603546142578 ] } },
{ "type": "Feature", "properties": { "latitude": 42.666297912597656, "longitude": 23.300319671630859, "heatmap_weight": 4, "raw_occupancy": 1 }, "geometry": { "type": "Point", "coordinates": [ 23.300319671630859, 42.666297912597656 ] } },
{ "type": "Feature", "properties": { "latitude": 42.676582336425781, "longitude": 23.304464340209961, "heatmap_weight": 1, "raw_occupancy": 0 }, "geometry": { "type": "Point", "coordinates": [ 23.304464340209961, 42.676582336425781 ] } },
{ "type": "Feature", "properties": { "latitude": 42.700176239013672, "longitude": 23.322854995727539, "heatmap_weight": 9, "raw_occupancy": 2 }, "geometry": { "type": "Point", "coordinates": [ 23.322854995727539, 42.700176239013672 ] } },
{ "type": "Feature", "properties": { "latitude": 42.649810791015625, "longitude": 23.261175155639648, "heatmap_weight": 4, "raw_occupancy": 1 }, "geometry": { "type": "Point", "coordinates": [ 23.261175155639648, 42.649810791015625 ] } },
{ "type": "Feature", "properties": { "latitude": 42.704799652099609, "longitude": 23.333011627197266, "heatmap_weight": 4, "raw_occupancy": 1 }, "geometry": { "type": "Point", "coordinates": [ 23.333011627197266, 42.704799652099609 ] } },
{ "type": "Feature", "properties": { "latitude": 42.690261840820312, "longitude": 23.336418151855469, "heatmap_weight": 4, "raw_occupancy": 1 }, "geometry": { "type": "Point", "coordinates": [ 23.336418151855469, 42.690261840820312 ] } },
{ "type": "Feature", "properties": { "latitude": 42.712337493896484, "longitude": 23.33753776550293, "heatmap_weight": 9, "raw_occupancy": 2 }, "geometry": { "type": "Point", "coordinates": [ 23.33753776550293, 42.712337493896484 ] } },
{ "type": "Feature", "properties": { "latitude": 42.659526824951172, "longitude": 23.266805648803711, "heatmap_weight": 9, "raw_occupancy": 2 }, "geometry": { "type": "Point", "coordinates": [ 23.266805648803711, 42.659526824951172 ] } },
{ "type": "Feature", "properties": { "latitude": 42.740398406982422, "longitude": 23.344549179077148, "heatmap_weight": 1, "raw_occupancy": 0 }, "geometry": { "type": "Point", "coordinates": [ 23.344549179077148, 42.740398406982422 ] } },
{ "type": "Feature", "properties": { "latitude": 42.696846008300781, "longitude": 23.352067947387695, "heatmap_weight": 4, "raw_occupancy": 1 }, "geometry": { "type": "Point", "coordinates": [ 23.352067947387695, 42.696846008300781 ] } },
{ "type": "Feature", "properties": { "latitude": 42.668613433837891, "longitude": 23.303470611572266, "heatmap_weight": 4, "raw_occupancy": 1 }, "geometry": { "type": "Point", "coordinates": [ 23.303470611572266, 42.668613433837891 ] } },
{ "type": "Feature", "properties": { "latitude": 42.596492767333984, "longitude": 23.410552978515625, "heatmap_weight": 9, "raw_occupancy": 2 }, "geometry": { "type": "Point", "coordinates": [ 23.410552978515625, 42.596492767333984 ] } },
{ "type": "Feature", "properties": { "latitude": 42.689022064208984, "longitude": 23.24351692199707, "heatmap_weight": 4, "raw_occupancy": 1 }, "geometry": { "type": "Point", "coordinates": [ 23.24351692199707, 42.689022064208984 ] } },
{ "type": "Feature", "properties": { "latitude": 42.6904296875, "longitude": 23.32341194152832, "heatmap_weight": 4, "raw_occupancy": 1 }, "geometry": { "type": "Point", "coordinates": [ 23.32341194152832, 42.6904296875 ] } },
{ "type": "Feature", "properties": { "latitude": 42.657451629638672, "longitude": 23.316301345825195, "heatmap_weight": 1, "raw_occupancy": 0 }, "geometry": { "type": "Point", "coordinates": [ 23.316301345825195, 42.657451629638672 ] } },
{ "type": "Feature", "properties": { "latitude": 42.662120819091797, "longitude": 23.273853302001953, "heatmap_weight": 9, "raw_occupancy": 2 }, "geometry": { "type": "Point", "coordinates": [ 23.273853302001953, 42.662120819091797 ] } },
{ "type": "Feature", "properties": { "latitude": 42.845417022705078, "longitude": 23.319057464599609, "heatmap_weight": 4, "raw_occupancy": 1 }, "geometry": { "type": "Point", "coordinates": [ 23.319057464599609, 42.845417022705078 ] } },
{ "type": "Feature", "properties": { "latitude": 42.686264038085938, "longitude": 23.274879455566406, "heatmap_weight": 4, "raw_occupancy": 1 }, "geometry": { "type": "Point", "coordinates": [ 23.274879455566406, 42.686264038085938 ] } },
{ "type": "Feature", "properties": { "latitude": 42.704769134521484, "longitude": 23.323564529418945, "heatmap_weight": 1, "raw_occupancy": 0 }, "geometry": { "type": "Point", "coordinates": [ 23.323564529418945, 42.704769134521484 ] } },
{ "type": "Feature", "properties": { "latitude": 42.741065979003906, "longitude": 23.236528396606445, "heatmap_weight": 16, "raw_occupancy": 3 }, "geometry": { "type": "Point", "coordinates": [ 23.236528396606445, 42.741065979003906 ] } },
{ "type": "Feature", "properties": { "latitude": 42.662380218505859, "longitude": 23.345426559448242, "heatmap_weight": 4, "raw_occupancy": 1 }, "geometry": { "type": "Point", "coordinates": [ 23.345426559448242, 42.662380218505859 ] } },
{ "type": "Feature", "properties": { "latitude": 42.640048980712891, "longitude": 23.415897369384766, "heatmap_weight": 1, "raw_occupancy": 0 }, "geometry": { "type": "Point", "coordinates": [ 23.415897369384766, 42.640048980712891 ] } },
{ "type": "Feature", "properties": { "latitude": 42.715785980224609, "longitude": 23.176088333129883, "heatmap_weight": 4, "raw_occupancy": 1 }, "geometry": { "type": "Point", "coordinates": [ 23.176088333129883, 42.715785980224609 ] } },
{ "type": "Feature", "properties": { "latitude": 42.714080810546875, "longitude": 23.308176040649414, "heatmap_weight": 1, "raw_occupancy": 0 }, "geometry": { "type": "Point", "coordinates": [ 23.308176040649414, 42.714080810546875 ] } },
{ "type": "Feature", "properties": { "latitude": 42.676662445068359, "longitude": 23.268321990966797, "heatmap_weight": 9, "raw_occupancy": 2 }, "geometry": { "type": "Point", "coordinates": [ 23.268321990966797, 42.676662445068359 ] } },
{ "type": "Feature", "properties": { "latitude": 42.674774169921875, "longitude": 23.304677963256836, "heatmap_weight": 16, "raw_occupancy": 3 }, "geometry": { "type": "Point", "coordinates": [ 23.304677963256836, 42.674774169921875 ] } },
{ "type": "Feature", "properties": { "latitude": 42.702049255371094, "longitude": 23.287139892578125, "heatmap_weight": 4, "raw_occupancy": 1 }, "geometry": { "type": "Point", "coordinates": [ 23.287139892578125, 42.702049255371094 ] } },
{ "type": "Feature", "properties": { "latitude": 42.702213287353516, "longitude": 23.286106109619141, "heatmap_weight": 9, "raw_occupancy": 2 }, "geometry": { "type": "Point", "coordinates": [ 23.286106109619141, 42.702213287353516 ] } },
{ "type": "Feature", "properties": { "latitude": 42.664592742919922, "longitude": 23.373933792114258, "heatmap_weight": 4, "raw_occupancy": 1 }, "geometry": { "type": "Point", "coordinates": [ 23.373933792114258, 42.664592742919922 ] } },
{ "type": "Feature", "properties": { "latitude": 42.724880218505859, "longitude": 23.265602111816406, "heatmap_weight": 1, "raw_occupancy": 0 }, "geometry": { "type": "Point", "coordinates": [ 23.265602111816406, 42.724880218505859 ] } },
{ "type": "Feature", "properties": { "latitude": 42.710952758789062, "longitude": 23.350847244262695, "heatmap_weight": 4, "raw_occupancy": 1 }, "geometry": { "type": "Point", "coordinates": [ 23.350847244262695, 42.710952758789062 ] } },
{ "type": "Feature", "properties": { "latitude": 42.706050872802734, "longitude": 23.312240600585938, "heatmap_weight": 4, "raw_occupancy": 1 }, "geometry": { "type": "Point", "coordinates": [ 23.312240600585938, 42.706050872802734 ] } },
{ "type": "Feature", "properties": { "latitude": 42.653697967529297, "longitude": 23.344978332519531, "heatmap_weight": 4, "raw_occupancy": 1 }, "geometry": { "type": "Point", "coordinates": [ 23.344978332519531, 42.653697967529297 ] } },
{ "type": "Feature", "properties": { "latitude": 42.683021545410156, "longitude": 23.320703506469727, "heatmap_weight": 1, "raw_occupancy": 0 }, "geometry": { "type": "Point", "coordinates": [ 23.320703506469727, 42.683021545410156 ] } },
{ "type": "Feature", "properties": { "latitude": 42.668292999267578, "longitude": 23.2666015625, "heatmap_weight": 4, "raw_occupancy": 1 }, "geometry": { "type": "Point", "coordinates": [ 23.2666015625, 42.668292999267578 ] } },
{ "type": "Feature", "properties": { "latitude": 42.702301025390625, "longitude": 23.360134124755859, "heatmap_weight": 16, "raw_occupancy": 3 }, "geometry": { "type": "Point", "coordinates": [ 23.360134124755859, 42.702301025390625 ] } },
{ "type": "Feature", "properties": { "latitude": 42.680477142333984, "longitude": 23.306467056274414, "heatmap_weight": 4, "raw_occupancy": 1 }, "geometry": { "type": "Point", "coordinates": [ 23.306467056274414, 42.680477142333984 ] } },
{ "type": "Feature", "properties": { "latitude": 42.730644226074219, "longitude": 23.577184677124023, "heatmap_weight": 1, "raw_occupancy": 0 }, "geometry": { "type": "Point", "coordinates": [ 23.577184677124023, 42.730644226074219 ] } },
{ "type": "Feature", "properties": { "latitude": 42.683788299560547, "longitude": 23.410486221313477, "heatmap_weight": 4, "raw_occupancy": 1 }, "geometry": { "type": "Point", "coordinates": [ 23.410486221313477, 42.683788299560547 ] } },
{ "type": "Feature", "properties": { "latitude": 42.681884765625, "longitude": 23.31745719909668, "heatmap_weight": 9, "raw_occupancy": 2 }, "geometry": { "type": "Point", "coordinates": [ 23.31745719909668, 42.681884765625 ] } },
{ "type": "Feature", "properties": { "latitude": 42.692710876464844, "longitude": 23.355079650878906, "heatmap_weight": 4, "raw_occupancy": 1 }, "geometry": { "type": "Point", "coordinates": [ 23.355079650878906, 42.692710876464844 ] } },
{ "type": "Feature", "properties": { "latitude": 42.654060363769531, "longitude": 23.412290573120117, "heatmap_weight": 1, "raw_occupancy": 0 }, "geometry": { "type": "Point", "coordinates": [ 23.412290573120117, 42.654060363769531 ] } },
{ "type": "Feature", "properties": { "latitude": 42.647754669189453, "longitude": 23.376735687255859, "heatmap_weight": 16, "raw_occupancy": 3 }, "geometry": { "type": "Point", "coordinates": [ 23.376735687255859, 42.647754669189453 ] } },
{ "type": "Feature", "properties": { "latitude": 42.685916900634766, "longitude": 23.350698471069336, "heatmap_weight": 9, "raw_occupancy": 2 }, "geometry": { "type": "Point", "coordinates": [ 23.350698471069336, 42.685916900634766 ] } },
{ "type": "Feature", "properties": { "latitude": 42.660144805908203, "longitude": 23.316654205322266, "heatmap_weight": 1, "raw_occupancy": 0 }, "geometry": { "type": "Point", "coordinates": [ 23.316654205322266, 42.660144805908203 ] } },
{ "type": "Feature", "properties": { "latitude": 42.811031341552734, "longitude": 23.350975036621094, "heatmap_weight": 4, "raw_occupancy": 1 }, "geometry": { "type": "Point", "coordinates": [ 23.350975036621094, 42.811031341552734 ] } },
{ "type": "Feature", "properties": { "latitude": 42.65887451171875, "longitude": 23.381879806518555, "heatmap_weight": 4, "raw_occupancy": 1 }, "geometry": { "type": "Point", "coordinates": [ 23.381879806518555, 42.65887451171875 ] } },
{ "type": "Feature", "properties": { "latitude": 42.69085693359375, "longitude": 23.363784790039062, "heatmap_weight": 4, "raw_occupancy": 1 }, "geometry": { "type": "Point", "coordinates": [ 23.363784790039062, 42.69085693359375 ] } },
{ "type": "Feature", "properties": { "latitude": 42.698455810546875, "longitude": 23.273368835449219, "heatmap_weight": 36, "raw_occupancy": 5 }, "geometry": { "type": "Point", "coordinates": [ 23.273368835449219, 42.698455810546875 ] } },
{ "type": "Feature", "properties": { "latitude": 42.712135314941406, "longitude": 23.194671630859375, "heatmap_weight": 4, "raw_occupancy": 1 }, "geometry": { "type": "Point", "coordinates": [ 23.194671630859375, 42.712135314941406 ] } },
{ "type": "Feature", "properties": { "latitude": 42.660629272460938, "longitude": 23.316709518432617, "heatmap_weight": 4, "raw_occupancy": 1 }, "geometry": { "type": "Point", "coordinates": [ 23.316709518432617, 42.660629272460938 ] } },
{ "type": "Feature", "properties": { "latitude": 42.653636932373047, "longitude": 23.346242904663086, "heatmap_weight": 9, "raw_occupancy": 2 }, "geometry": { "type": "Point", "coordinates": [ 23.346242904663086, 42.653636932373047 ] } },
{ "type": "Feature", "properties": { "latitude": 42.705890655517578, "longitude": 23.312082290649414, "heatmap_weight": 4, "raw_occupancy": 1 }, "geometry": { "type": "Point", "coordinates": [ 23.312082290649414, 42.705890655517578 ] } },
{ "type": "Feature", "properties": { "latitude": 42.668777465820312, "longitude": 23.319326400756836, "heatmap_weight": 9, "raw_occupancy": 2 }, "geometry": { "type": "Point", "coordinates": [ 23.319326400756836, 42.668777465820312 ] } },
{ "type": "Feature", "properties": { "latitude": 42.677051544189453, "longitude": 23.287303924560547, "heatmap_weight": 4, "raw_occupancy": 1 }, "geometry": { "type": "Point", "coordinates": [ 23.287303924560547, 42.677051544189453 ] } },
{ "type": "Feature", "properties": { "latitude": 42.647590637207031, "longitude": 23.376760482788086, "heatmap_weight": 9, "raw_occupancy": 2 }, "geometry": { "type": "Point", "coordinates": [ 23.376760482788086, 42.647590637207031 ] } },
{ "type": "Feature", "properties": { "latitude": 42.700237274169922, "longitude": 23.322296142578125, "heatmap_weight": 9, "raw_occupancy": 2 }, "geometry": { "type": "Point", "coordinates": [ 23.322296142578125, 42.700237274169922 ] } },
{ "type": "Feature", "properties": { "latitude": 42.655410766601562, "longitude": 23.399370193481445, "heatmap_weight": 4, "raw_occupancy": 1 }, "geometry": { "type": "Point", "coordinates": [ 23.399370193481445, 42.655410766601562 ] } },
{ "type": "Feature", "properties": { "latitude": 42.656513214111328, "longitude": 23.383743286132812, "heatmap_weight": 9, "raw_occupancy": 2 }, "geometry": { "type": "Point", "coordinates": [ 23.383743286132812, 42.656513214111328 ] } },
{ "type": "Feature", "properties": { "latitude": 42.73114013671875, "longitude": 23.313888549804688, "heatmap_weight": 4, "raw_occupancy": 1 }, "geometry": { "type": "Point", "coordinates": [ 23.313888549804688, 42.73114013671875 ] } },
{ "type": "Feature", "properties": { "latitude": 42.649497985839844, "longitude": 23.408489227294922, "heatmap_weight": 9, "raw_occupancy": 2 }, "geometry": { "type": "Point", "coordinates": [ 23.408489227294922, 42.649497985839844 ] } },
{ "type": "Feature", "properties": { "latitude": 42.708751678466797, "longitude": 23.251638412475586, "heatmap_weight": 9, "raw_occupancy": 2 }, "geometry": { "type": "Point", "coordinates": [ 23.251638412475586, 42.708751678466797 ] } },
{ "type": "Feature", "properties": { "latitude": 42.709857940673828, "longitude": 23.313934326171875, "heatmap_weight": 16, "raw_occupancy": 3 }, "geometry": { "type": "Point", "coordinates": [ 23.313934326171875, 42.709857940673828 ] } },
{ "type": "Feature", "properties": { "latitude": 42.728897094726562, "longitude": 23.258083343505859, "heatmap_weight": 9, "raw_occupancy": 2 }, "geometry": { "type": "Point", "coordinates": [ 23.258083343505859, 42.728897094726562 ] } },
{ "type": "Feature", "properties": { "latitude": 42.691524505615234, "longitude": 23.333030700683594, "heatmap_weight": 16, "raw_occupancy": 3 }, "geometry": { "type": "Point", "coordinates": [ 23.333030700683594, 42.691524505615234 ] } },
{ "type": "Feature", "properties": { "latitude": 42.687557220458984, "longitude": 23.328159332275391, "heatmap_weight": 9, "raw_occupancy": 2 }, "geometry": { "type": "Point", "coordinates": [ 23.328159332275391, 42.687557220458984 ] } },
{ "type": "Feature", "properties": { "latitude": 42.653850555419922, "longitude": 23.225641250610352, "heatmap_weight": 9, "raw_occupancy": 2 }, "geometry": { "type": "Point", "coordinates": [ 23.225641250610352, 42.653850555419922 ] } },
{ "type": "Feature", "properties": { "latitude": 42.678653717041016, "longitude": 23.321676254272461, "heatmap_weight": 9, "raw_occupancy": 2 }, "geometry": { "type": "Point", "coordinates": [ 23.321676254272461, 42.678653717041016 ] } },
{ "type": "Feature", "properties": { "latitude": 42.695747375488281, "longitude": 23.284872055053711, "heatmap_weight": 4, "raw_occupancy": 1 }, "geometry": { "type": "Point", "coordinates": [ 23.284872055053711, 42.695747375488281 ] } },
{ "type": "Feature", "properties": { "latitude": 42.691879272460938, "longitude": 23.310398101806641, "heatmap_weight": 9, "raw_occupancy": 2 }, "geometry": { "type": "Point", "coordinates": [ 23.310398101806641, 42.691879272460938 ] } },
{ "type": "Feature", "properties": { "latitude": 42.694915771484375, "longitude": 23.315891265869141, "heatmap_weight": 9, "raw_occupancy": 2 }, "geometry": { "type": "Point", "coordinates": [ 23.315891265869141, 42.694915771484375 ] } },
{ "type": "Feature", "properties": { "latitude": 42.655834197998047, "longitude": 23.265464782714844, "heatmap_weight": 9, "raw_occupancy": 2 }, "geometry": { "type": "Point", "coordinates": [ 23.265464782714844, 42.655834197998047 ] } },
{ "type": "Feature", "properties": { "latitude": 42.6943359375, "longitude": 23.293222427368164, "heatmap_weight": 4, "raw_occupancy": 1 }, "geometry": { "type": "Point", "coordinates": [ 23.293222427368164, 42.6943359375 ] } },
{ "type": "Feature", "properties": { "latitude": 42.708778381347656, "longitude": 23.334665298461914, "heatmap_weight": 4, "raw_occupancy": 1 }, "geometry": { "type": "Point", "coordinates": [ 23.334665298461914, 42.708778381347656 ] } },
{ "type": "Feature", "properties": { "latitude": 42.664527893066406, "longitude": 23.28748893737793, "heatmap_weight": 4, "raw_occupancy": 1 }, "geometry": { "type": "Point", "coordinates": [ 23.28748893737793, 42.664527893066406 ] } },
{ "type": "Feature", "properties": { "latitude": 42.653575897216797, "longitude": 23.347238540649414, "heatmap_weight": 4, "raw_occupancy": 1 }, "geometry": { "type": "Point", "coordinates": [ 23.347238540649414, 42.653575897216797 ] } },
{ "type": "Feature", "properties": { "latitude": 42.733608245849609, "longitude": 23.308523178100586, "heatmap_weight": 4, "raw_occupancy": 1 }, "geometry": { "type": "Point", "coordinates": [ 23.308523178100586, 42.733608245849609 ] } },
{ "type": "Feature", "properties": { "latitude": 42.657272338867188, "longitude": 23.310214996337891, "heatmap_weight": 9, "raw_occupancy": 2 }, "geometry": { "type": "Point", "coordinates": [ 23.310214996337891, 42.657272338867188 ] } },
{ "type": "Feature", "properties": { "latitude": 42.640659332275391, "longitude": 23.381633758544922, "heatmap_weight": 4, "raw_occupancy": 1 }, "geometry": { "type": "Point", "coordinates": [ 23.381633758544922, 42.640659332275391 ] } },
{ "type": "Feature", "properties": { "latitude": 42.6949462890625, "longitude": 23.334930419921875, "heatmap_weight": 4, "raw_occupancy": 1 }, "geometry": { "type": "Point", "coordinates": [ 23.334930419921875, 42.6949462890625 ] } },
{ "type": "Feature", "properties": { "latitude": 42.699386596679688, "longitude": 23.304271697998047, "heatmap_weight": 4, "raw_occupancy": 1 }, "geometry": { "type": "Point", "coordinates": [ 23.304271697998047, 42.699386596679688 ] } },
{ "type": "Feature", "properties": { "latitude": 42.709465026855469, "longitude": 23.421075820922852, "heatmap_weight": 4, "raw_occupancy": 1 }, "geometry": { "type": "Point", "coordinates": [ 23.421075820922852, 42.709465026855469 ] } },
{ "type": "Feature", "properties": { "latitude": 42.659969329833984, "longitude": 23.380868911743164, "heatmap_weight": 4, "raw_occupancy": 1 }, "geometry": { "type": "Point", "coordinates": [ 23.380868911743164, 42.659969329833984 ] } },
{ "type": "Feature", "properties": { "latitude": 42.698955535888672, "longitude": 23.309980392456055, "heatmap_weight": 4, "raw_occupancy": 1 }, "geometry": { "type": "Point", "coordinates": [ 23.309980392456055, 42.698955535888672 ] } },
{ "type": "Feature", "properties": { "latitude": 42.704971313476562, "longitude": 23.330648422241211, "heatmap_weight": 4, "raw_occupancy": 1 }, "geometry": { "type": "Point", "coordinates": [ 23.330648422241211, 42.704971313476562 ] } },
{ "type": "Feature", "properties": { "latitude": 42.705051422119141, "longitude": 23.318656921386719, "heatmap_weight": 4, "raw_occupancy": 1 }, "geometry": { "type": "Point", "coordinates": [ 23.318656921386719, 42.705051422119141 ] } },
{ "type": "Feature", "properties": { "latitude": 42.661697387695312, "longitude": 23.250984191894531, "heatmap_weight": 4, "raw_occupancy": 1 }, "geometry": { "type": "Point", "coordinates": [ 23.250984191894531, 42.661697387695312 ] } },
{ "type": "Feature", "properties": { "latitude": 42.658912658691406, "longitude": 23.315708160400391, "heatmap_weight": 9, "raw_occupancy": 2 }, "geometry": { "type": "Point", "coordinates": [ 23.315708160400391, 42.658912658691406 ] } },
{ "type": "Feature", "properties": { "latitude": 42.686233520507812, "longitude": 23.331096649169922, "heatmap_weight": 4, "raw_occupancy": 1 }, "geometry": { "type": "Point", "coordinates": [ 23.331096649169922, 42.686233520507812 ] } },
{ "type": "Feature", "properties": { "latitude": 42.674358367919922, "longitude": 23.29106330871582, "heatmap_weight": 1, "raw_occupancy": 0 }, "geometry": { "type": "Point", "coordinates": [ 23.29106330871582, 42.674358367919922 ] } },
{ "type": "Feature", "properties": { "latitude": 42.632148742675781, "longitude": 23.380270004272461, "heatmap_weight": 1, "raw_occupancy": 0 }, "geometry": { "type": "Point", "coordinates": [ 23.380270004272461, 42.632148742675781 ] } },
{ "type": "Feature", "properties": { "latitude": 42.705513000488281, "longitude": 23.296356201171875, "heatmap_weight": 1, "raw_occupancy": 0 }, "geometry": { "type": "Point", "coordinates": [ 23.296356201171875, 42.705513000488281 ] } },
{ "type": "Feature", "properties": { "latitude": 42.681018829345703, "longitude": 23.331871032714844, "heatmap_weight": 1, "raw_occupancy": 0 }, "geometry": { "type": "Point", "coordinates": [ 23.331871032714844, 42.681018829345703 ] } },
{ "type": "Feature", "properties": { "latitude": 42.643962860107422, "longitude": 23.412263870239258, "heatmap_weight": 4, "raw_occupancy": 1 }, "geometry": { "type": "Point", "coordinates": [ 23.412263870239258, 42.643962860107422 ] } },
{ "type": "Feature", "properties": { "latitude": 42.657390594482422, "longitude": 23.41472053527832, "heatmap_weight": 4, "raw_occupancy": 1 }, "geometry": { "type": "Point", "coordinates": [ 23.41472053527832, 42.657390594482422 ] } },
{ "type": "Feature", "properties": { "latitude": 42.642368316650391, "longitude": 23.373353958129883, "heatmap_weight": 4, "raw_occupancy": 1 }, "geometry": { "type": "Point", "coordinates": [ 23.373353958129883, 42.642368316650391 ] } },
{ "type": "Feature", "properties": { "latitude": 42.643070220947266, "longitude": 23.334527969360352, "heatmap_weight": 4, "raw_occupancy": 1 }, "geometry": { "type": "Point", "coordinates": [ 23.334527969360352, 42.643070220947266 ] } },
{ "type": "Feature", "properties": { "latitude": 42.693199157714844, "longitude": 23.367799758911133, "heatmap_weight": 4, "raw_occupancy": 1 }, "geometry": { "type": "Point", "coordinates": [ 23.367799758911133, 42.693199157714844 ] } },
{ "type": "Feature", "properties": { "latitude": 42.710227966308594, "longitude": 23.321975708007812, "heatmap_weight": 1, "raw_occupancy": 0 }, "geometry": { "type": "Point", "coordinates": [ 23.321975708007812, 42.710227966308594 ] } },
{ "type": "Feature", "properties": { "latitude": 42.693260192871094, "longitude": 23.31488037109375, "heatmap_weight": 4, "raw_occupancy": 1 }, "geometry": { "type": "Point", "coordinates": [ 23.31488037109375, 42.693260192871094 ] } },
{ "type": "Feature", "properties": { "latitude": 42.663410186767578, "longitude": 23.463296890258789, "heatmap_weight": 1, "raw_occupancy": 0 }, "geometry": { "type": "Point", "coordinates": [ 23.463296890258789, 42.663410186767578 ] } },
{ "type": "Feature", "properties": { "latitude": 42.704261779785156, "longitude": 23.328495025634766, "heatmap_weight": 4, "raw_occupancy": 1 }, "geometry": { "type": "Point", "coordinates": [ 23.328495025634766, 42.704261779785156 ] } },
{ "type": "Feature", "properties": { "latitude": 42.733139038085938, "longitude": 23.288459777832031, "heatmap_weight": 4, "raw_occupancy": 1 }, "geometry": { "type": "Point", "coordinates": [ 23.288459777832031, 42.733139038085938 ] } },
{ "type": "Feature", "properties": { "latitude": 42.696517944335938, "longitude": 23.149517059326172, "heatmap_weight": 4, "raw_occupancy": 1 }, "geometry": { "type": "Point", "coordinates": [ 23.149517059326172, 42.696517944335938 ] } },
{ "type": "Feature", "properties": { "latitude": 42.679149627685547, "longitude": 23.300930023193359, "heatmap_weight": 4, "raw_occupancy": 1 }, "geometry": { "type": "Point", "coordinates": [ 23.300930023193359, 42.679149627685547 ] } },
{ "type": "Feature", "properties": { "latitude": 42.717491149902344, "longitude": 23.184080123901367, "heatmap_weight": 9, "raw_occupancy": 2 }, "geometry": { "type": "Point", "coordinates": [ 23.184080123901367, 42.717491149902344 ] } },
{ "type": "Feature", "properties": { "latitude": 42.662975311279297, "longitude": 23.296157836914062, "heatmap_weight": 1, "raw_occupancy": 0 }, "geometry": { "type": "Point", "coordinates": [ 23.296157836914062, 42.662975311279297 ] } },
{ "type": "Feature", "properties": { "latitude": 42.70135498046875, "longitude": 23.310409545898438, "heatmap_weight": 4, "raw_occupancy": 1 }, "geometry": { "type": "Point", "coordinates": [ 23.310409545898438, 42.70135498046875 ] } },
{ "type": "Feature", "properties": { "latitude": 42.639915466308594, "longitude": 23.353229522705078, "heatmap_weight": 9, "raw_occupancy": 2 }, "geometry": { "type": "Point", "coordinates": [ 23.353229522705078, 42.639915466308594 ] } },
{ "type": "Feature", "properties": { "latitude": 42.665397644042969, "longitude": 23.407491683959961, "heatmap_weight": 4, "raw_occupancy": 1 }, "geometry": { "type": "Point", "coordinates": [ 23.407491683959961, 42.665397644042969 ] } },
{ "type": "Feature", "properties": { "latitude": 42.701644897460938, "longitude": 23.297676086425781, "heatmap_weight": 4, "raw_occupancy": 1 }, "geometry": { "type": "Point", "coordinates": [ 23.297676086425781, 42.701644897460938 ] } },
{ "type": "Feature", "properties": { "latitude": 42.710353851318359, "longitude": 23.349809646606445, "heatmap_weight": 1, "raw_occupancy": 0 }, "geometry": { "type": "Point", "coordinates": [ 23.349809646606445, 42.710353851318359 ] } },
{ "type": "Feature", "properties": { "latitude": 42.732646942138672, "longitude": 23.317346572875977, "heatmap_weight": 1, "raw_occupancy": 0 }, "geometry": { "type": "Point", "coordinates": [ 23.317346572875977, 42.732646942138672 ] } },
{ "type": "Feature", "properties": { "latitude": 42.686805725097656, "longitude": 23.351957321166992, "heatmap_weight": 4, "raw_occupancy": 1 }, "geometry": { "type": "Point", "coordinates": [ 23.351957321166992, 42.686805725097656 ] } },
{ "type": "Feature", "properties": { "latitude": 42.654445648193359, "longitude": 23.349084854125977, "heatmap_weight": 9, "raw_occupancy": 2 }, "geometry": { "type": "Point", "coordinates": [ 23.349084854125977, 42.654445648193359 ] } },
{ "type": "Feature", "properties": { "latitude": 42.669269561767578, "longitude": 23.277593612670898, "heatmap_weight": 16, "raw_occupancy": 3 }, "geometry": { "type": "Point", "coordinates": [ 23.277593612670898, 42.669269561767578 ] } },
{ "type": "Feature", "properties": { "latitude": 42.758338928222656, "longitude": 23.206222534179688, "heatmap_weight": 9, "raw_occupancy": 2 }, "geometry": { "type": "Point", "coordinates": [ 23.206222534179688, 42.758338928222656 ] } },
{ "type": "Feature", "properties": { "latitude": 42.664676666259766, "longitude": 23.390697479248047, "heatmap_weight": 4, "raw_occupancy": 1 }, "geometry": { "type": "Point", "coordinates": [ 23.390697479248047, 42.664676666259766 ] } },
{ "type": "Feature", "properties": { "latitude": 42.644325256347656, "longitude": 23.342023849487305, "heatmap_weight": 1, "raw_occupancy": 0 }, "geometry": { "type": "Point", "coordinates": [ 23.342023849487305, 42.644325256347656 ] } },
{ "type": "Feature", "properties": { "latitude": 42.674335479736328, "longitude": 23.287191390991211, "heatmap_weight": 9, "raw_occupancy": 2 }, "geometry": { "type": "Point", "coordinates": [ 23.287191390991211, 42.674335479736328 ] } },
{ "type": "Feature", "properties": { "latitude": 42.826797485351562, "longitude": 23.353372573852539, "heatmap_weight": 4, "raw_occupancy": 1 }, "geometry": { "type": "Point", "coordinates": [ 23.353372573852539, 42.826797485351562 ] } },
{ "type": "Feature", "properties": { "latitude": 42.638816833496094, "longitude": 23.412057876586914, "heatmap_weight": 4, "raw_occupancy": 1 }, "geometry": { "type": "Point", "coordinates": [ 23.412057876586914, 42.638816833496094 ] } },
{ "type": "Feature", "properties": { "latitude": 42.670951843261719, "longitude": 23.364963531494141, "heatmap_weight": 16, "raw_occupancy": 3 }, "geometry": { "type": "Point", "coordinates": [ 23.364963531494141, 42.670951843261719 ] } },
{ "type": "Feature", "properties": { "latitude": 42.696334838867188, "longitude": 23.280952453613281, "heatmap_weight": 9, "raw_occupancy": 2 }, "geometry": { "type": "Point", "coordinates": [ 23.280952453613281, 42.696334838867188 ] } },
{ "type": "Feature", "properties": { "latitude": 42.694812774658203, "longitude": 23.317211151123047, "heatmap_weight": 16, "raw_occupancy": 3 }, "geometry": { "type": "Point", "coordinates": [ 23.317211151123047, 42.694812774658203 ] } },
{ "type": "Feature", "properties": { "latitude": 42.688941955566406, "longitude": 23.335258483886719, "heatmap_weight": 16, "raw_occupancy": 3 }, "geometry": { "type": "Point", "coordinates": [ 23.335258483886719, 42.688941955566406 ] } },
{ "type": "Feature", "properties": { "latitude": 42.698310852050781, "longitude": 23.334964752197266, "heatmap_weight": 4, "raw_occupancy": 1 }, "geometry": { "type": "Point", "coordinates": [ 23.334964752197266, 42.698310852050781 ] } },
{ "type": "Feature", "properties": { "latitude": 42.683738708496094, "longitude": 23.315523147583008, "heatmap_weight": 4, "raw_occupancy": 1 }, "geometry": { "type": "Point", "coordinates": [ 23.315523147583008, 42.683738708496094 ] } },
{ "type": "Feature", "properties": { "latitude": 42.698104858398438, "longitude": 23.334962844848633, "heatmap_weight": 4, "raw_occupancy": 1 }, "geometry": { "type": "Point", "coordinates": [ 23.334962844848633, 42.698104858398438 ] } },
{ "type": "Feature", "properties": { "latitude": 42.695518493652344, "longitude": 23.335290908813477, "heatmap_weight": 9, "raw_occupancy": 2 }, "geometry": { "type": "Point", "coordinates": [ 23.335290908813477, 42.695518493652344 ] } },
{ "type": "Feature", "properties": { "latitude": 42.695159912109375, "longitude": 23.295476913452148, "heatmap_weight": 9, "raw_occupancy": 2 }, "geometry": { "type": "Point", "coordinates": [ 23.295476913452148, 42.695159912109375 ] } },
{ "type": "Feature", "properties": { "latitude": 42.783054351806641, "longitude": 23.391433715820312, "heatmap_weight": 4, "raw_occupancy": 1 }, "geometry": { "type": "Point", "coordinates": [ 23.391433715820312, 42.783054351806641 ] } },
{ "type": "Feature", "properties": { "latitude": 42.773445129394531, "longitude": 23.315942764282227, "heatmap_weight": 9, "raw_occupancy": 2 }, "geometry": { "type": "Point", "coordinates": [ 23.315942764282227, 42.773445129394531 ] } },
{ "type": "Feature", "properties": { "latitude": 42.698749542236328, "longitude": 23.362895965576172, "heatmap_weight": 4, "raw_occupancy": 1 }, "geometry": { "type": "Point", "coordinates": [ 23.362895965576172, 42.698749542236328 ] } },
{ "type": "Feature", "properties": { "latitude": 42.709640502929688, "longitude": 23.318435668945312, "heatmap_weight": 9, "raw_occupancy": 2 }, "geometry": { "type": "Point", "coordinates": [ 23.318435668945312, 42.709640502929688 ] } },
{ "type": "Feature", "properties": { "latitude": 42.637195587158203, "longitude": 23.370878219604492, "heatmap_weight": 4, "raw_occupancy": 1 }, "geometry": { "type": "Point", "coordinates": [ 23.370878219604492, 42.637195587158203 ] } },
{ "type": "Feature", "properties": { "latitude": 42.694065093994141, "longitude": 23.347307205200195, "heatmap_weight": 9, "raw_occupancy": 2 }, "geometry": { "type": "Point", "coordinates": [ 23.347307205200195, 42.694065093994141 ] } },
{ "type": "Feature", "properties": { "latitude": 42.710536956787109, "longitude": 23.318939208984375, "heatmap_weight": 4, "raw_occupancy": 1 }, "geometry": { "type": "Point", "coordinates": [ 23.318939208984375, 42.710536956787109 ] } },
{ "type": "Feature", "properties": { "latitude": 42.635391235351562, "longitude": 23.300174713134766, "heatmap_weight": 9, "raw_occupancy": 2 }, "geometry": { "type": "Point", "coordinates": [ 23.300174713134766, 42.635391235351562 ] } },
{ "type": "Feature", "properties": { "latitude": 42.659370422363281, "longitude": 23.395442962646484, "heatmap_weight": 1, "raw_occupancy": 0 }, "geometry": { "type": "Point", "coordinates": [ 23.395442962646484, 42.659370422363281 ] } },
{ "type": "Feature", "properties": { "latitude": 42.684497833251953, "longitude": 23.349090576171875, "heatmap_weight": 16, "raw_occupancy": 3 }, "geometry": { "type": "Point", "coordinates": [ 23.349090576171875, 42.684497833251953 ] } },
{ "type": "Feature", "properties": { "latitude": 42.709743499755859, "longitude": 23.335474014282227, "heatmap_weight": 4, "raw_occupancy": 1 }, "geometry": { "type": "Point", "coordinates": [ 23.335474014282227, 42.709743499755859 ] } },
{ "type": "Feature", "properties": { "latitude": 42.636390686035156, "longitude": 23.310737609863281, "heatmap_weight": 4, "raw_occupancy": 1 }, "geometry": { "type": "Point", "coordinates": [ 23.310737609863281, 42.636390686035156 ] } },
{ "type": "Feature", "properties": { "latitude": 42.700420379638672, "longitude": 23.297826766967773, "heatmap_weight": 4, "raw_occupancy": 1 }, "geometry": { "type": "Point", "coordinates": [ 23.297826766967773, 42.700420379638672 ] } },
{ "type": "Feature", "properties": { "latitude": 42.739479064941406, "longitude": 23.290847778320312, "heatmap_weight": 1, "raw_occupancy": 0 }, "geometry": { "type": "Point", "coordinates": [ 23.290847778320312, 42.739479064941406 ] } },
{ "type": "Feature", "properties": { "latitude": 42.646781921386719, "longitude": 23.342067718505859, "heatmap_weight": 4, "raw_occupancy": 1 }, "geometry": { "type": "Point", "coordinates": [ 23.342067718505859, 42.646781921386719 ] } },
{ "type": "Feature", "properties": { "latitude": 42.602333068847656, "longitude": 23.491264343261719, "heatmap_weight": 4, "raw_occupancy": 1 }, "geometry": { "type": "Point", "coordinates": [ 23.491264343261719, 42.602333068847656 ] } },
{ "type": "Feature", "properties": { "latitude": 42.685771942138672, "longitude": 23.331016540527344, "heatmap_weight": 1, "raw_occupancy": 0 }, "geometry": { "type": "Point", "coordinates": [ 23.331016540527344, 42.685771942138672 ] } },
{ "type": "Feature", "properties": { "latitude": 42.6715087890625, "longitude": 23.293876647949219, "heatmap_weight": 4, "raw_occupancy": 1 }, "geometry": { "type": "Point", "coordinates": [ 23.293876647949219, 42.6715087890625 ] } },
{ "type": "Feature", "properties": { "latitude": 42.617870330810547, "longitude": 23.417827606201172, "heatmap_weight": 4, "raw_occupancy": 1 }, "geometry": { "type": "Point", "coordinates": [ 23.417827606201172, 42.617870330810547 ] } },
{ "type": "Feature", "properties": { "latitude": 42.672061920166016, "longitude": 23.407253265380859, "heatmap_weight": 1, "raw_occupancy": 0 }, "geometry": { "type": "Point", "coordinates": [ 23.407253265380859, 42.672061920166016 ] } },
{ "type": "Feature", "properties": { "latitude": 42.701690673828125, "longitude": 23.360048294067383, "heatmap_weight": 9, "raw_occupancy": 2 }, "geometry": { "type": "Point", "coordinates": [ 23.360048294067383, 42.701690673828125 ] } },
{ "type": "Feature", "properties": { "latitude": 42.673931121826172, "longitude": 23.286819458007812, "heatmap_weight": 4, "raw_occupancy": 1 }, "geometry": { "type": "Point", "coordinates": [ 23.286819458007812, 42.673931121826172 ] } },
{ "type": "Feature", "properties": { "latitude": 42.7042236328125, "longitude": 23.33319091796875, "heatmap_weight": 4, "raw_occupancy": 1 }, "geometry": { "type": "Point", "coordinates": [ 23.33319091796875, 42.7042236328125 ] } },
{ "type": "Feature", "properties": { "latitude": 42.683563232421875, "longitude": 23.458845138549805, "heatmap_weight": 4, "raw_occupancy": 1 }, "geometry": { "type": "Point", "coordinates": [ 23.458845138549805, 42.683563232421875 ] } },
{ "type": "Feature", "properties": { "latitude": 42.646900177001953, "longitude": 23.376491546630859, "heatmap_weight": 9, "raw_occupancy": 2 }, "geometry": { "type": "Point", "coordinates": [ 23.376491546630859, 42.646900177001953 ] } },
{ "type": "Feature", "properties": { "latitude": 42.6796875, "longitude": 23.353015899658203, "heatmap_weight": 9, "raw_occupancy": 2 }, "geometry": { "type": "Point", "coordinates": [ 23.353015899658203, 42.6796875 ] } },
{ "type": "Feature", "properties": { "latitude": 42.704616546630859, "longitude": 23.324024200439453, "heatmap_weight": 4, "raw_occupancy": 1 }, "geometry": { "type": "Point", "coordinates": [ 23.324024200439453, 42.704616546630859 ] } },
{ "type": "Feature", "properties": { "latitude": 42.709274291992188, "longitude": 23.426496505737305, "heatmap_weight": 9, "raw_occupancy": 2 }, "geometry": { "type": "Point", "coordinates": [ 23.426496505737305, 42.709274291992188 ] } },
{ "type": "Feature", "properties": { "latitude": 42.694095611572266, "longitude": 23.294315338134766, "heatmap_weight": 4, "raw_occupancy": 1 }, "geometry": { "type": "Point", "coordinates": [ 23.294315338134766, 42.694095611572266 ] } },
{ "type": "Feature", "properties": { "latitude": 42.690696716308594, "longitude": 23.337043762207031, "heatmap_weight": 4, "raw_occupancy": 1 }, "geometry": { "type": "Point", "coordinates": [ 23.337043762207031, 42.690696716308594 ] } },
{ "type": "Feature", "properties": { "latitude": 42.699287414550781, "longitude": 23.366371154785156, "heatmap_weight": 16, "raw_occupancy": 3 }, "geometry": { "type": "Point", "coordinates": [ 23.366371154785156, 42.699287414550781 ] } },
{ "type": "Feature", "properties": { "latitude": 42.651435852050781, "longitude": 23.357122421264648, "heatmap_weight": 9, "raw_occupancy": 2 }, "geometry": { "type": "Point", "coordinates": [ 23.357122421264648, 42.651435852050781 ] } },
{ "type": "Feature", "properties": { "latitude": 42.707744598388672, "longitude": 23.341936111450195, "heatmap_weight": 1, "raw_occupancy": 0 }, "geometry": { "type": "Point", "coordinates": [ 23.341936111450195, 42.707744598388672 ] } },
{ "type": "Feature", "properties": { "latitude": 42.629299163818359, "longitude": 23.373289108276367, "heatmap_weight": 4, "raw_occupancy": 1 }, "geometry": { "type": "Point", "coordinates": [ 23.373289108276367, 42.629299163818359 ] } },
{ "type": "Feature", "properties": { "latitude": 42.622673034667969, "longitude": 23.322288513183594, "heatmap_weight": 9, "raw_occupancy": 2 }, "geometry": { "type": "Point", "coordinates": [ 23.322288513183594, 42.622673034667969 ] } },
{ "type": "Feature", "properties": { "latitude": 42.635604858398438, "longitude": 23.401769638061523, "heatmap_weight": 9, "raw_occupancy": 2 }, "geometry": { "type": "Point", "coordinates": [ 23.401769638061523, 42.635604858398438 ] } },
{ "type": "Feature", "properties": { "latitude": 42.684028625488281, "longitude": 23.241565704345703, "heatmap_weight": 4, "raw_occupancy": 1 }, "geometry": { "type": "Point", "coordinates": [ 23.241565704345703, 42.684028625488281 ] } },
{ "type": "Feature", "properties": { "latitude": 42.696304321289062, "longitude": 23.345340728759766, "heatmap_weight": 9, "raw_occupancy": 2 }, "geometry": { "type": "Point", "coordinates": [ 23.345340728759766, 42.696304321289062 ] } },
{ "type": "Feature", "properties": { "latitude": 42.68109130859375, "longitude": 23.301736831665039, "heatmap_weight": 9, "raw_occupancy": 2 }, "geometry": { "type": "Point", "coordinates": [ 23.301736831665039, 42.68109130859375 ] } },
{ "type": "Feature", "properties": { "latitude": 42.646465301513672, "longitude": 23.36815071105957, "heatmap_weight": 16, "raw_occupancy": 3 }, "geometry": { "type": "Point", "coordinates": [ 23.36815071105957, 42.646465301513672 ] } },
{ "type": "Feature", "properties": { "latitude": 42.681438446044922, "longitude": 23.3118896484375, "heatmap_weight": 16, "raw_occupancy": 3 }, "geometry": { "type": "Point", "coordinates": [ 23.3118896484375, 42.681438446044922 ] } },
{ "type": "Feature", "properties": { "latitude": 42.67803955078125, "longitude": 23.334177017211914, "heatmap_weight": 4, "raw_occupancy": 1 }, "geometry": { "type": "Point", "coordinates": [ 23.334177017211914, 42.67803955078125 ] } },
{ "type": "Feature", "properties": { "latitude": 42.659370422363281, "longitude": 23.325172424316406, "heatmap_weight": 1, "raw_occupancy": 0 }, "geometry": { "type": "Point", "coordinates": [ 23.325172424316406, 42.659370422363281 ] } },
{ "type": "Feature", "properties": { "latitude": 42.667289733886719, "longitude": 23.264829635620117, "heatmap_weight": 4, "raw_occupancy": 1 }, "geometry": { "type": "Point", "coordinates": [ 23.264829635620117, 42.667289733886719 ] } },
{ "type": "Feature", "properties": { "latitude": 42.720237731933594, "longitude": 23.36277961730957, "heatmap_weight": 9, "raw_occupancy": 2 }, "geometry": { "type": "Point", "coordinates": [ 23.36277961730957, 42.720237731933594 ] } },
{ "type": "Feature", "properties": { "latitude": 42.665233612060547, "longitude": 23.362150192260742, "heatmap_weight": 9, "raw_occupancy": 2 }, "geometry": { "type": "Point", "coordinates": [ 23.362150192260742, 42.665233612060547 ] } },
{ "type": "Feature", "properties": { "latitude": 42.683177947998047, "longitude": 23.277883529663086, "heatmap_weight": 25, "raw_occupancy": 4 }, "geometry": { "type": "Point", "coordinates": [ 23.277883529663086, 42.683177947998047 ] } },
{ "type": "Feature", "properties": { "latitude": 42.689205169677734, "longitude": 23.339536666870117, "heatmap_weight": 9, "raw_occupancy": 2 }, "geometry": { "type": "Point", "coordinates": [ 23.339536666870117, 42.689205169677734 ] } },
{ "type": "Feature", "properties": { "latitude": 42.678855895996094, "longitude": 23.285350799560547, "heatmap_weight": 4, "raw_occupancy": 1 }, "geometry": { "type": "Point", "coordinates": [ 23.285350799560547, 42.678855895996094 ] } },
{ "type": "Feature", "properties": { "latitude": 42.700675964355469, "longitude": 23.310457229614258, "heatmap_weight": 9, "raw_occupancy": 2 }, "geometry": { "type": "Point", "coordinates": [ 23.310457229614258, 42.700675964355469 ] } },
{ "type": "Feature", "properties": { "latitude": 42.706409454345703, "longitude": 23.283084869384766, "heatmap_weight": 4, "raw_occupancy": 1 }, "geometry": { "type": "Point", "coordinates": [ 23.283084869384766, 42.706409454345703 ] } },
{ "type": "Feature", "properties": { "latitude": 42.702533721923828, "longitude": 23.333614349365234, "heatmap_weight": 4, "raw_occupancy": 1 }, "geometry": { "type": "Point", "coordinates": [ 23.333614349365234, 42.702533721923828 ] } },
{ "type": "Feature", "properties": { "latitude": 42.683692932128906, "longitude": 23.320856094360352, "heatmap_weight": 4, "raw_occupancy": 1 }, "geometry": { "type": "Point", "coordinates": [ 23.320856094360352, 42.683692932128906 ] } },
{ "type": "Feature", "properties": { "latitude": 42.6785888671875, "longitude": 23.30293083190918, "heatmap_weight": 9, "raw_occupancy": 2 }, "geometry": { "type": "Point", "coordinates": [ 23.30293083190918, 42.6785888671875 ] } },
{ "type": "Feature", "properties": { "latitude": 42.678447723388672, "longitude": 23.285451889038086, "heatmap_weight": 9, "raw_occupancy": 2 }, "geometry": { "type": "Point", "coordinates": [ 23.285451889038086, 42.678447723388672 ] } },
{ "type": "Feature", "properties": { "latitude": 42.661575317382812, "longitude": 23.284309387207031, "heatmap_weight": 1, "raw_occupancy": 0 }, "geometry": { "type": "Point", "coordinates": [ 23.284309387207031, 42.661575317382812 ] } },
{ "type": "Feature", "properties": { "latitude": 42.715854644775391, "longitude": 23.267784118652344, "heatmap_weight": 9, "raw_occupancy": 2 }, "geometry": { "type": "Point", "coordinates": [ 23.267784118652344, 42.715854644775391 ] } },
{ "type": "Feature", "properties": { "latitude": 42.697818756103516, "longitude": 23.313459396362305, "heatmap_weight": 9, "raw_occupancy": 2 }, "geometry": { "type": "Point", "coordinates": [ 23.313459396362305, 42.697818756103516 ] } },
{ "type": "Feature", "properties": { "latitude": 42.660350799560547, "longitude": 23.347305297851562, "heatmap_weight": 9, "raw_occupancy": 2 }, "geometry": { "type": "Point", "coordinates": [ 23.347305297851562, 42.660350799560547 ] } },
{ "type": "Feature", "properties": { "latitude": 42.712440490722656, "longitude": 23.291654586791992, "heatmap_weight": 4, "raw_occupancy": 1 }, "geometry": { "type": "Point", "coordinates": [ 23.291654586791992, 42.712440490722656 ] } },
{ "type": "Feature", "properties": { "latitude": 42.718227386474609, "longitude": 23.24683952331543, "heatmap_weight": 4, "raw_occupancy": 1 }, "geometry": { "type": "Point", "coordinates": [ 23.24683952331543, 42.718227386474609 ] } },
{ "type": "Feature", "properties": { "latitude": 42.703235626220703, "longitude": 23.386529922485352, "heatmap_weight": 9, "raw_occupancy": 2 }, "geometry": { "type": "Point", "coordinates": [ 23.386529922485352, 42.703235626220703 ] } },
{ "type": "Feature", "properties": { "latitude": 42.642215728759766, "longitude": 23.407489776611328, "heatmap_weight": 4, "raw_occupancy": 1 }, "geometry": { "type": "Point", "coordinates": [ 23.407489776611328, 42.642215728759766 ] } },
{ "type": "Feature", "properties": { "latitude": 42.676784515380859, "longitude": 23.369613647460938, "heatmap_weight": 4, "raw_occupancy": 1 }, "geometry": { "type": "Point", "coordinates": [ 23.369613647460938, 42.676784515380859 ] } },
{ "type": "Feature", "properties": { "latitude": 42.642539978027344, "longitude": 23.366792678833008, "heatmap_weight": 4, "raw_occupancy": 1 }, "geometry": { "type": "Point", "coordinates": [ 23.366792678833008, 42.642539978027344 ] } },
{ "type": "Feature", "properties": { "latitude": 42.694980621337891, "longitude": 23.315217971801758, "heatmap_weight": 4, "raw_occupancy": 1 }, "geometry": { "type": "Point", "coordinates": [ 23.315217971801758, 42.694980621337891 ] } },
{ "type": "Feature", "properties": { "latitude": 42.654609680175781, "longitude": 23.336105346679688, "heatmap_weight": 4, "raw_occupancy": 1 }, "geometry": { "type": "Point", "coordinates": [ 23.336105346679688, 42.654609680175781 ] } },
{ "type": "Feature", "properties": { "latitude": 42.731132507324219, "longitude": 23.314054489135742, "heatmap_weight": 4, "raw_occupancy": 1 }, "geometry": { "type": "Point", "coordinates": [ 23.314054489135742, 42.731132507324219 ] } },
{ "type": "Feature", "properties": { "latitude": 42.698703765869141, "longitude": 23.31562614440918, "heatmap_weight": 4, "raw_occupancy": 1 }, "geometry": { "type": "Point", "coordinates": [ 23.31562614440918, 42.698703765869141 ] } },
{ "type": "Feature", "properties": { "latitude": 42.685821533203125, "longitude": 23.306278228759766, "heatmap_weight": 1, "raw_occupancy": 0 }, "geometry": { "type": "Point", "coordinates": [ 23.306278228759766, 42.685821533203125 ] } },
{ "type": "Feature", "properties": { "latitude": 42.689804077148438, "longitude": 23.353889465332031, "heatmap_weight": 9, "raw_occupancy": 2 }, "geometry": { "type": "Point", "coordinates": [ 23.353889465332031, 42.689804077148438 ] } },
{ "type": "Feature", "properties": { "latitude": 42.725250244140625, "longitude": 23.312065124511719, "heatmap_weight": 1, "raw_occupancy": 0 }, "geometry": { "type": "Point", "coordinates": [ 23.312065124511719, 42.725250244140625 ] } },
{ "type": "Feature", "properties": { "latitude": 42.680564880371094, "longitude": 23.351863861083984, "heatmap_weight": 9, "raw_occupancy": 2 }, "geometry": { "type": "Point", "coordinates": [ 23.351863861083984, 42.680564880371094 ] } },
{ "type": "Feature", "properties": { "latitude": 42.692249298095703, "longitude": 23.335309982299805, "heatmap_weight": 4, "raw_occupancy": 1 }, "geometry": { "type": "Point", "coordinates": [ 23.335309982299805, 42.692249298095703 ] } },
{ "type": "Feature", "properties": { "latitude": 42.686077117919922, "longitude": 23.401739120483398, "heatmap_weight": 4, "raw_occupancy": 1 }, "geometry": { "type": "Point", "coordinates": [ 23.401739120483398, 42.686077117919922 ] } },
{ "type": "Feature", "properties": { "latitude": 42.668560028076172, "longitude": 23.31928825378418, "heatmap_weight": 4, "raw_occupancy": 1 }, "geometry": { "type": "Point", "coordinates": [ 23.31928825378418, 42.668560028076172 ] } },
{ "type": "Feature", "properties": { "latitude": 42.609176635742188, "longitude": 23.36652946472168, "heatmap_weight": 4, "raw_occupancy": 1 }, "geometry": { "type": "Point", "coordinates": [ 23.36652946472168, 42.609176635742188 ] } },
{ "type": "Feature", "properties": { "latitude": 42.742263793945312, "longitude": 23.277679443359375, "heatmap_weight": 9, "raw_occupancy": 2 }, "geometry": { "type": "Point", "coordinates": [ 23.277679443359375, 42.742263793945312 ] } },
{ "type": "Feature", "properties": { "latitude": 42.669635772705078, "longitude": 23.352371215820312, "heatmap_weight": 4, "raw_occupancy": 1 }, "geometry": { "type": "Point", "coordinates": [ 23.352371215820312, 42.669635772705078 ] } },
{ "type": "Feature", "properties": { "latitude": 42.737033843994141, "longitude": 23.310171127319336, "heatmap_weight": 9, "raw_occupancy": 2 }, "geometry": { "type": "Point", "coordinates": [ 23.310171127319336, 42.737033843994141 ] } },
{ "type": "Feature", "properties": { "latitude": 42.642799377441406, "longitude": 23.344688415527344, "heatmap_weight": 4, "raw_occupancy": 1 }, "geometry": { "type": "Point", "coordinates": [ 23.344688415527344, 42.642799377441406 ] } },
{ "type": "Feature", "properties": { "latitude": 42.660995483398438, "longitude": 23.374044418334961, "heatmap_weight": 1, "raw_occupancy": 0 }, "geometry": { "type": "Point", "coordinates": [ 23.374044418334961, 42.660995483398438 ] } },
{ "type": "Feature", "properties": { "latitude": 42.665458679199219, "longitude": 23.317609786987305, "heatmap_weight": 16, "raw_occupancy": 3 }, "geometry": { "type": "Point", "coordinates": [ 23.317609786987305, 42.665458679199219 ] } },
{ "type": "Feature", "properties": { "latitude": 42.670822143554688, "longitude": 23.386480331420898, "heatmap_weight": 1, "raw_occupancy": 0 }, "geometry": { "type": "Point", "coordinates": [ 23.386480331420898, 42.670822143554688 ] } },
{ "type": "Feature", "properties": { "latitude": 42.557102203369141, "longitude": 23.367727279663086, "heatmap_weight": 4, "raw_occupancy": 1 }, "geometry": { "type": "Point", "coordinates": [ 23.367727279663086, 42.557102203369141 ] } },
{ "type": "Feature", "properties": { "latitude": 42.720588684082031, "longitude": 23.311973571777344, "heatmap_weight": 1, "raw_occupancy": 0 }, "geometry": { "type": "Point", "coordinates": [ 23.311973571777344, 42.720588684082031 ] } },
{ "type": "Feature", "properties": { "latitude": 42.69976806640625, "longitude": 23.312152862548828, "heatmap_weight": 1, "raw_occupancy": 0 }, "geometry": { "type": "Point", "coordinates": [ 23.312152862548828, 42.69976806640625 ] } },
{ "type": "Feature", "properties": { "latitude": 42.690242767333984, "longitude": 23.252946853637695, "heatmap_weight": 1, "raw_occupancy": 0 }, "geometry": { "type": "Point", "coordinates": [ 23.252946853637695, 42.690242767333984 ] } },
{ "type": "Feature", "properties": { "latitude": 42.68011474609375, "longitude": 23.254749298095703, "heatmap_weight": 9, "raw_occupancy": 2 }, "geometry": { "type": "Point", "coordinates": [ 23.254749298095703, 42.68011474609375 ] } },
{ "type": "Feature", "properties": { "latitude": 42.657077789306641, "longitude": 23.376155853271484, "heatmap_weight": 4, "raw_occupancy": 1 }, "geometry": { "type": "Point", "coordinates": [ 23.376155853271484, 42.657077789306641 ] } },
{ "type": "Feature", "properties": { "latitude": 42.699607849121094, "longitude": 23.344335556030273, "heatmap_weight": 9, "raw_occupancy": 2 }, "geometry": { "type": "Point", "coordinates": [ 23.344335556030273, 42.699607849121094 ] } },
{ "type": "Feature", "properties": { "latitude": 42.702110290527344, "longitude": 23.355167388916016, "heatmap_weight": 9, "raw_occupancy": 2 }, "geometry": { "type": "Point", "coordinates": [ 23.355167388916016, 42.702110290527344 ] } },
{ "type": "Feature", "properties": { "latitude": 42.821926116943359, "longitude": 23.283355712890625, "heatmap_weight": 9, "raw_occupancy": 2 }, "geometry": { "type": "Point", "coordinates": [ 23.283355712890625, 42.821926116943359 ] } },
{ "type": "Feature", "properties": { "latitude": 42.787559509277344, "longitude": 23.401445388793945, "heatmap_weight": 4, "raw_occupancy": 1 }, "geometry": { "type": "Point", "coordinates": [ 23.401445388793945, 42.787559509277344 ] } },
{ "type": "Feature", "properties": { "latitude": 42.696224212646484, "longitude": 23.345891952514648, "heatmap_weight": 4, "raw_occupancy": 1 }, "geometry": { "type": "Point", "coordinates": [ 23.345891952514648, 42.696224212646484 ] } },
{ "type": "Feature", "properties": { "latitude": 42.665313720703125, "longitude": 23.317697525024414, "heatmap_weight": 4, "raw_occupancy": 1 }, "geometry": { "type": "Point", "coordinates": [ 23.317697525024414, 42.665313720703125 ] } },
{ "type": "Feature", "properties": { "latitude": 42.734825134277344, "longitude": 23.393186569213867, "heatmap_weight": 9, "raw_occupancy": 2 }, "geometry": { "type": "Point", "coordinates": [ 23.393186569213867, 42.734825134277344 ] } },
{ "type": "Feature", "properties": { "latitude": 42.665248870849609, "longitude": 23.260297775268555, "heatmap_weight": 1, "raw_occupancy": 0 }, "geometry": { "type": "Point", "coordinates": [ 23.260297775268555, 42.665248870849609 ] } },
{ "type": "Feature", "properties": { "latitude": 42.674110412597656, "longitude": 23.286975860595703, "heatmap_weight": 4, "raw_occupancy": 1 }, "geometry": { "type": "Point", "coordinates": [ 23.286975860595703, 42.674110412597656 ] } },
{ "type": "Feature", "properties": { "latitude": 42.698795318603516, "longitude": 23.335580825805664, "heatmap_weight": 4, "raw_occupancy": 1 }, "geometry": { "type": "Point", "coordinates": [ 23.335580825805664, 42.698795318603516 ] } },
{ "type": "Feature", "properties": { "latitude": 42.670398712158203, "longitude": 23.386310577392578, "heatmap_weight": 4, "raw_occupancy": 1 }, "geometry": { "type": "Point", "coordinates": [ 23.386310577392578, 42.670398712158203 ] } },
{ "type": "Feature", "properties": { "latitude": 42.737808227539062, "longitude": 23.316257476806641, "heatmap_weight": 1, "raw_occupancy": 0 }, "geometry": { "type": "Point", "coordinates": [ 23.316257476806641, 42.737808227539062 ] } },
{ "type": "Feature", "properties": { "latitude": 42.6790771484375, "longitude": 23.353885650634766, "heatmap_weight": 9, "raw_occupancy": 2 }, "geometry": { "type": "Point", "coordinates": [ 23.353885650634766, 42.6790771484375 ] } },
{ "type": "Feature", "properties": { "latitude": 42.672245025634766, "longitude": 23.335563659667969, "heatmap_weight": 4, "raw_occupancy": 1 }, "geometry": { "type": "Point", "coordinates": [ 23.335563659667969, 42.672245025634766 ] } },
{ "type": "Feature", "properties": { "latitude": 42.771854400634766, "longitude": 23.241779327392578, "heatmap_weight": 1, "raw_occupancy": 0 }, "geometry": { "type": "Point", "coordinates": [ 23.241779327392578, 42.771854400634766 ] } },
{ "type": "Feature", "properties": { "latitude": 42.679649353027344, "longitude": 23.371395111083984, "heatmap_weight": 9, "raw_occupancy": 2 }, "geometry": { "type": "Point", "coordinates": [ 23.371395111083984, 42.679649353027344 ] } },
{ "type": "Feature", "properties": { "latitude": 42.736763000488281, "longitude": 23.24262809753418, "heatmap_weight": 4, "raw_occupancy": 1 }, "geometry": { "type": "Point", "coordinates": [ 23.24262809753418, 42.736763000488281 ] } },
{ "type": "Feature", "properties": { "latitude": 42.709510803222656, "longitude": 23.418787002563477, "heatmap_weight": 4, "raw_occupancy": 1 }, "geometry": { "type": "Point", "coordinates": [ 23.418787002563477, 42.709510803222656 ] } },
{ "type": "Feature", "properties": { "latitude": 42.674331665039062, "longitude": 23.381744384765625, "heatmap_weight": 4, "raw_occupancy": 1 }, "geometry": { "type": "Point", "coordinates": [ 23.381744384765625, 42.674331665039062 ] } },
{ "type": "Feature", "properties": { "latitude": 42.688247680664062, "longitude": 23.328994750976562, "heatmap_weight": 4, "raw_occupancy": 1 }, "geometry": { "type": "Point", "coordinates": [ 23.328994750976562, 42.688247680664062 ] } },
{ "type": "Feature", "properties": { "latitude": 42.667430877685547, "longitude": 23.28973388671875, "heatmap_weight": 16, "raw_occupancy": 3 }, "geometry": { "type": "Point", "coordinates": [ 23.28973388671875, 42.667430877685547 ] } },
{ "type": "Feature", "properties": { "latitude": 42.806941986083984, "longitude": 23.404722213745117, "heatmap_weight": 1, "raw_occupancy": 0 }, "geometry": { "type": "Point", "coordinates": [ 23.404722213745117, 42.806941986083984 ] } },
{ "type": "Feature", "properties": { "latitude": 42.686679840087891, "longitude": 23.324207305908203, "heatmap_weight": 4, "raw_occupancy": 1 }, "geometry": { "type": "Point", "coordinates": [ 23.324207305908203, 42.686679840087891 ] } },
{ "type": "Feature", "properties": { "latitude": 42.698528289794922, "longitude": 23.334909439086914, "heatmap_weight": 4, "raw_occupancy": 1 }, "geometry": { "type": "Point", "coordinates": [ 23.334909439086914, 42.698528289794922 ] } },
{ "type": "Feature", "properties": { "latitude": 42.67657470703125, "longitude": 23.29719352722168, "heatmap_weight": 4, "raw_occupancy": 1 }, "geometry": { "type": "Point", "coordinates": [ 23.29719352722168, 42.67657470703125 ] } },
{ "type": "Feature", "properties": { "latitude": 42.656764984130859, "longitude": 23.32295036315918, "heatmap_weight": 25, "raw_occupancy": 4 }, "geometry": { "type": "Point", "coordinates": [ 23.32295036315918, 42.656764984130859 ] } },
{ "type": "Feature", "properties": { "latitude": 42.729835510253906, "longitude": 23.298915863037109, "heatmap_weight": 16, "raw_occupancy": 3 }, "geometry": { "type": "Point", "coordinates": [ 23.298915863037109, 42.729835510253906 ] } },
{ "type": "Feature", "properties": { "latitude": 42.689403533935547, "longitude": 23.314184188842773, "heatmap_weight": 9, "raw_occupancy": 2 }, "geometry": { "type": "Point", "coordinates": [ 23.314184188842773, 42.689403533935547 ] } },
{ "type": "Feature", "properties": { "latitude": 42.792819976806641, "longitude": 23.269842147827148, "heatmap_weight": 4, "raw_occupancy": 1 }, "geometry": { "type": "Point", "coordinates": [ 23.269842147827148, 42.792819976806641 ] } },
{ "type": "Feature", "properties": { "latitude": 42.695919036865234, "longitude": 23.308847427368164, "heatmap_weight": 1, "raw_occupancy": 0 }, "geometry": { "type": "Point", "coordinates": [ 23.308847427368164, 42.695919036865234 ] } },
{ "type": "Feature", "properties": { "latitude": 42.668685913085938, "longitude": 23.330121994018555, "heatmap_weight": 9, "raw_occupancy": 2 }, "geometry": { "type": "Point", "coordinates": [ 23.330121994018555, 42.668685913085938 ] } },
{ "type": "Feature", "properties": { "latitude": 42.687202453613281, "longitude": 23.332859039306641, "heatmap_weight": 16, "raw_occupancy": 3 }, "geometry": { "type": "Point", "coordinates": [ 23.332859039306641, 42.687202453613281 ] } },
{ "type": "Feature", "properties": { "latitude": 42.661827087402344, "longitude": 23.294889450073242, "heatmap_weight": 16, "raw_occupancy": 3 }, "geometry": { "type": "Point", "coordinates": [ 23.294889450073242, 42.661827087402344 ] } },
{ "type": "Feature", "properties": { "latitude": 42.665855407714844, "longitude": 23.286184310913086, "heatmap_weight": 9, "raw_occupancy": 2 }, "geometry": { "type": "Point", "coordinates": [ 23.286184310913086, 42.665855407714844 ] } },
{ "type": "Feature", "properties": { "latitude": 42.721115112304688, "longitude": 23.264768600463867, "heatmap_weight": 9, "raw_occupancy": 2 }, "geometry": { "type": "Point", "coordinates": [ 23.264768600463867, 42.721115112304688 ] } },
{ "type": "Feature", "properties": { "latitude": 42.668910980224609, "longitude": 23.368196487426758, "heatmap_weight": 4, "raw_occupancy": 1 }, "geometry": { "type": "Point", "coordinates": [ 23.368196487426758, 42.668910980224609 ] } },
{ "type": "Feature", "properties": { "latitude": 42.847309112548828, "longitude": 23.267757415771484, "heatmap_weight": 1, "raw_occupancy": 0 }, "geometry": { "type": "Point", "coordinates": [ 23.267757415771484, 42.847309112548828 ] } },
{ "type": "Feature", "properties": { "latitude": 42.641086578369141, "longitude": 23.382743835449219, "heatmap_weight": 4, "raw_occupancy": 1 }, "geometry": { "type": "Point", "coordinates": [ 23.382743835449219, 42.641086578369141 ] } },
{ "type": "Feature", "properties": { "latitude": 42.706375122070312, "longitude": 23.307159423828125, "heatmap_weight": 9, "raw_occupancy": 2 }, "geometry": { "type": "Point", "coordinates": [ 23.307159423828125, 42.706375122070312 ] } },
{ "type": "Feature", "properties": { "latitude": 42.714195251464844, "longitude": 23.346769332885742, "heatmap_weight": 4, "raw_occupancy": 1 }, "geometry": { "type": "Point", "coordinates": [ 23.346769332885742, 42.714195251464844 ] } },
{ "type": "Feature", "properties": { "latitude": 42.692302703857422, "longitude": 23.354940414428711, "heatmap_weight": 4, "raw_occupancy": 1 }, "geometry": { "type": "Point", "coordinates": [ 23.354940414428711, 42.692302703857422 ] } },
{ "type": "Feature", "properties": { "latitude": 42.661125183105469, "longitude": 23.351497650146484, "heatmap_weight": 4, "raw_occupancy": 1 }, "geometry": { "type": "Point", "coordinates": [ 23.351497650146484, 42.661125183105469 ] } },
{ "type": "Feature", "properties": { "latitude": 42.665542602539062, "longitude": 23.287269592285156, "heatmap_weight": 1, "raw_occupancy": 0 }, "geometry": { "type": "Point", "coordinates": [ 23.287269592285156, 42.665542602539062 ] } },
{ "type": "Feature", "properties": { "latitude": 42.662071228027344, "longitude": 23.377836227416992, "heatmap_weight": 4, "raw_occupancy": 1 }, "geometry": { "type": "Point", "coordinates": [ 23.377836227416992, 42.662071228027344 ] } },
{ "type": "Feature", "properties": { "latitude": 42.693313598632812, "longitude": 23.340295791625977, "heatmap_weight": 4, "raw_occupancy": 1 }, "geometry": { "type": "Point", "coordinates": [ 23.340295791625977, 42.693313598632812 ] } },
{ "type": "Feature", "properties": { "latitude": 42.733901977539062, "longitude": 23.328439712524414, "heatmap_weight": 1, "raw_occupancy": 0 }, "geometry": { "type": "Point", "coordinates": [ 23.328439712524414, 42.733901977539062 ] } },
{ "type": "Feature", "properties": { "latitude": 42.730846405029297, "longitude": 23.313331604003906, "heatmap_weight": 4, "raw_occupancy": 1 }, "geometry": { "type": "Point", "coordinates": [ 23.313331604003906, 42.730846405029297 ] } },
{ "type": "Feature", "properties": { "latitude": 42.723110198974609, "longitude": 23.544891357421875, "heatmap_weight": 4, "raw_occupancy": 1 }, "geometry": { "type": "Point", "coordinates": [ 23.544891357421875, 42.723110198974609 ] } },
{ "type": "Feature", "properties": { "latitude": 42.700305938720703, "longitude": 23.298463821411133, "heatmap_weight": 4, "raw_occupancy": 1 }, "geometry": { "type": "Point", "coordinates": [ 23.298463821411133, 42.700305938720703 ] } },
{ "type": "Feature", "properties": { "latitude": 42.722488403320312, "longitude": 23.311651229858398, "heatmap_weight": 1, "raw_occupancy": 0 }, "geometry": { "type": "Point", "coordinates": [ 23.311651229858398, 42.722488403320312 ] } },
{ "type": "Feature", "properties": { "latitude": 42.706047058105469, "longitude": 23.312225341796875, "heatmap_weight": 9, "raw_occupancy": 2 }, "geometry": { "type": "Point", "coordinates": [ 23.312225341796875, 42.706047058105469 ] } },
{ "type": "Feature", "properties": { "latitude": 42.694942474365234, "longitude": 23.3211669921875, "heatmap_weight": 4, "raw_occupancy": 1 }, "geometry": { "type": "Point", "coordinates": [ 23.3211669921875, 42.694942474365234 ] } },
{ "type": "Feature", "properties": { "latitude": 42.698982238769531, "longitude": 23.30976676940918, "heatmap_weight": 4, "raw_occupancy": 1 }, "geometry": { "type": "Point", "coordinates": [ 23.30976676940918, 42.698982238769531 ] } },
{ "type": "Feature", "properties": { "latitude": 42.682773590087891, "longitude": 23.320760726928711, "heatmap_weight": 4, "raw_occupancy": 1 }, "geometry": { "type": "Point", "coordinates": [ 23.320760726928711, 42.682773590087891 ] } },
{ "type": "Feature", "properties": { "latitude": 42.685432434082031, "longitude": 23.236234664916992, "heatmap_weight": 9, "raw_occupancy": 2 }, "geometry": { "type": "Point", "coordinates": [ 23.236234664916992, 42.685432434082031 ] } },
{ "type": "Feature", "properties": { "latitude": 42.659412384033203, "longitude": 23.324954986572266, "heatmap_weight": 1, "raw_occupancy": 0 }, "geometry": { "type": "Point", "coordinates": [ 23.324954986572266, 42.659412384033203 ] } },
{ "type": "Feature", "properties": { "latitude": 42.603145599365234, "longitude": 23.475227355957031, "heatmap_weight": 4, "raw_occupancy": 1 }, "geometry": { "type": "Point", "coordinates": [ 23.475227355957031, 42.603145599365234 ] } },
{ "type": "Feature", "properties": { "latitude": 42.666439056396484, "longitude": 23.301128387451172, "heatmap_weight": 4, "raw_occupancy": 1 }, "geometry": { "type": "Point", "coordinates": [ 23.301128387451172, 42.666439056396484 ] } },
{ "type": "Feature", "properties": { "latitude": 42.670555114746094, "longitude": 23.292768478393555, "heatmap_weight": 4, "raw_occupancy": 1 }, "geometry": { "type": "Point", "coordinates": [ 23.292768478393555, 42.670555114746094 ] } },
{ "type": "Feature", "properties": { "latitude": 42.665164947509766, "longitude": 23.266010284423828, "heatmap_weight": 16, "raw_occupancy": 3 }, "geometry": { "type": "Point", "coordinates": [ 23.266010284423828, 42.665164947509766 ] } },
{ "type": "Feature", "properties": { "latitude": 42.714820861816406, "longitude": 23.339254379272461, "heatmap_weight": 4, "raw_occupancy": 1 }, "geometry": { "type": "Point", "coordinates": [ 23.339254379272461, 42.714820861816406 ] } },
{ "type": "Feature", "properties": { "latitude": 42.650402069091797, "longitude": 23.357954025268555, "heatmap_weight": 4, "raw_occupancy": 1 }, "geometry": { "type": "Point", "coordinates": [ 23.357954025268555, 42.650402069091797 ] } },
{ "type": "Feature", "properties": { "latitude": 42.595428466796875, "longitude": 23.359624862670898, "heatmap_weight": 4, "raw_occupancy": 1 }, "geometry": { "type": "Point", "coordinates": [ 23.359624862670898, 42.595428466796875 ] } },
{ "type": "Feature", "properties": { "latitude": 42.734512329101562, "longitude": 23.55354118347168, "heatmap_weight": 4, "raw_occupancy": 1 }, "geometry": { "type": "Point", "coordinates": [ 23.55354118347168, 42.734512329101562 ] } },
{ "type": "Feature", "properties": { "latitude": 42.709308624267578, "longitude": 23.396003723144531, "heatmap_weight": 9, "raw_occupancy": 2 }, "geometry": { "type": "Point", "coordinates": [ 23.396003723144531, 42.709308624267578 ] } },
{ "type": "Feature", "properties": { "latitude": 42.700756072998047, "longitude": 23.297435760498047, "heatmap_weight": 16, "raw_occupancy": 3 }, "geometry": { "type": "Point", "coordinates": [ 23.297435760498047, 42.700756072998047 ] } },
{ "type": "Feature", "properties": { "latitude": 42.667308807373047, "longitude": 23.33758544921875, "heatmap_weight": 4, "raw_occupancy": 1 }, "geometry": { "type": "Point", "coordinates": [ 23.33758544921875, 42.667308807373047 ] } },
{ "type": "Feature", "properties": { "latitude": 42.661209106445312, "longitude": 23.351999282836914, "heatmap_weight": 16, "raw_occupancy": 3 }, "geometry": { "type": "Point", "coordinates": [ 23.351999282836914, 42.661209106445312 ] } },
{ "type": "Feature", "properties": { "latitude": 42.785865783691406, "longitude": 23.500621795654297, "heatmap_weight": 1, "raw_occupancy": 0 }, "geometry": { "type": "Point", "coordinates": [ 23.500621795654297, 42.785865783691406 ] } },
{ "type": "Feature", "properties": { "latitude": 42.770046234130859, "longitude": 23.274745941162109, "heatmap_weight": 4, "raw_occupancy": 1 }, "geometry": { "type": "Point", "coordinates": [ 23.274745941162109, 42.770046234130859 ] } },
{ "type": "Feature", "properties": { "latitude": 42.703098297119141, "longitude": 23.298053741455078, "heatmap_weight": 4, "raw_occupancy": 1 }, "geometry": { "type": "Point", "coordinates": [ 23.298053741455078, 42.703098297119141 ] } },
{ "type": "Feature", "properties": { "latitude": 42.717399597167969, "longitude": 23.279031753540039, "heatmap_weight": 9, "raw_occupancy": 2 }, "geometry": { "type": "Point", "coordinates": [ 23.279031753540039, 42.717399597167969 ] } },
{ "type": "Feature", "properties": { "latitude": 42.643749237060547, "longitude": 23.379402160644531, "heatmap_weight": 16, "raw_occupancy": 3 }, "geometry": { "type": "Point", "coordinates": [ 23.379402160644531, 42.643749237060547 ] } },
{ "type": "Feature", "properties": { "latitude": 42.737251281738281, "longitude": 23.270137786865234, "heatmap_weight": 1, "raw_occupancy": 0 }, "geometry": { "type": "Point", "coordinates": [ 23.270137786865234, 42.737251281738281 ] } },
{ "type": "Feature", "properties": { "latitude": 42.657737731933594, "longitude": 23.359209060668945, "heatmap_weight": 9, "raw_occupancy": 2 }, "geometry": { "type": "Point", "coordinates": [ 23.359209060668945, 42.657737731933594 ] } },
{ "type": "Feature", "properties": { "latitude": 42.690414428710938, "longitude": 23.312692642211914, "heatmap_weight": 4, "raw_occupancy": 1 }, "geometry": { "type": "Point", "coordinates": [ 23.312692642211914, 42.690414428710938 ] } },
{ "type": "Feature", "properties": { "latitude": 42.672584533691406, "longitude": 23.294925689697266, "heatmap_weight": 4, "raw_occupancy": 1 }, "geometry": { "type": "Point", "coordinates": [ 23.294925689697266, 42.672584533691406 ] } },
{ "type": "Feature", "properties": { "latitude": 42.678138732910156, "longitude": 23.298374176025391, "heatmap_weight": 4, "raw_occupancy": 1 }, "geometry": { "type": "Point", "coordinates": [ 23.298374176025391, 42.678138732910156 ] } },
{ "type": "Feature", "properties": { "latitude": 42.683746337890625, "longitude": 23.330911636352539, "heatmap_weight": 1, "raw_occupancy": 0 }, "geometry": { "type": "Point", "coordinates": [ 23.330911636352539, 42.683746337890625 ] } },
{ "type": "Feature", "properties": { "latitude": 42.710945129394531, "longitude": 23.321233749389648, "heatmap_weight": 1, "raw_occupancy": 0 }, "geometry": { "type": "Point", "coordinates": [ 23.321233749389648, 42.710945129394531 ] } },
{ "type": "Feature", "properties": { "latitude": 42.683155059814453, "longitude": 23.29313850402832, "heatmap_weight": 9, "raw_occupancy": 2 }, "geometry": { "type": "Point", "coordinates": [ 23.29313850402832, 42.683155059814453 ] } },
{ "type": "Feature", "properties": { "latitude": 42.648651123046875, "longitude": 23.269304275512695, "heatmap_weight": 4, "raw_occupancy": 1 }, "geometry": { "type": "Point", "coordinates": [ 23.269304275512695, 42.648651123046875 ] } },
{ "type": "Feature", "properties": { "latitude": 42.692592620849609, "longitude": 23.310457229614258, "heatmap_weight": 4, "raw_occupancy": 1 }, "geometry": { "type": "Point", "coordinates": [ 23.310457229614258, 42.692592620849609 ] } },
{ "type": "Feature", "properties": { "latitude": 42.696941375732422, "longitude": 23.337875366210938, "heatmap_weight": 4, "raw_occupancy": 1 }, "geometry": { "type": "Point", "coordinates": [ 23.337875366210938, 42.696941375732422 ] } },
{ "type": "Feature", "properties": { "latitude": 42.669178009033203, "longitude": 23.30372428894043, "heatmap_weight": 4, "raw_occupancy": 1 }, "geometry": { "type": "Point", "coordinates": [ 23.30372428894043, 42.669178009033203 ] } },
{ "type": "Feature", "properties": { "latitude": 42.688854217529297, "longitude": 23.314662933349609, "heatmap_weight": 4, "raw_occupancy": 1 }, "geometry": { "type": "Point", "coordinates": [ 23.314662933349609, 42.688854217529297 ] } },
{ "type": "Feature", "properties": { "latitude": 42.67431640625, "longitude": 23.3282470703125, "heatmap_weight": 4, "raw_occupancy": 1 }, "geometry": { "type": "Point", "coordinates": [ 23.3282470703125, 42.67431640625 ] } },
{ "type": "Feature", "properties": { "latitude": 42.706398010253906, "longitude": 23.312158584594727, "heatmap_weight": 4, "raw_occupancy": 1 }, "geometry": { "type": "Point", "coordinates": [ 23.312158584594727, 42.706398010253906 ] } },
{ "type": "Feature", "properties": { "latitude": 42.699142456054688, "longitude": 23.322132110595703, "heatmap_weight": 4, "raw_occupancy": 1 }, "geometry": { "type": "Point", "coordinates": [ 23.322132110595703, 42.699142456054688 ] } },
{ "type": "Feature", "properties": { "latitude": 42.649059295654297, "longitude": 23.34166145324707, "heatmap_weight": 9, "raw_occupancy": 2 }, "geometry": { "type": "Point", "coordinates": [ 23.34166145324707, 42.649059295654297 ] } },
{ "type": "Feature", "properties": { "latitude": 42.690906524658203, "longitude": 23.278476715087891, "heatmap_weight": 9, "raw_occupancy": 2 }, "geometry": { "type": "Point", "coordinates": [ 23.278476715087891, 42.690906524658203 ] } },
{ "type": "Feature", "properties": { "latitude": 42.681713104248047, "longitude": 23.331483840942383, "heatmap_weight": 1, "raw_occupancy": 0 }, "geometry": { "type": "Point", "coordinates": [ 23.331483840942383, 42.681713104248047 ] } },
{ "type": "Feature", "properties": { "latitude": 42.672725677490234, "longitude": 23.362838745117188, "heatmap_weight": 4, "raw_occupancy": 1 }, "geometry": { "type": "Point", "coordinates": [ 23.362838745117188, 42.672725677490234 ] } },
{ "type": "Feature", "properties": { "latitude": 42.724853515625, "longitude": 23.256244659423828, "heatmap_weight": 9, "raw_occupancy": 2 }, "geometry": { "type": "Point", "coordinates": [ 23.256244659423828, 42.724853515625 ] } },
{ "type": "Feature", "properties": { "latitude": 42.668014526367188, "longitude": 23.252735137939453, "heatmap_weight": 1, "raw_occupancy": 0 }, "geometry": { "type": "Point", "coordinates": [ 23.252735137939453, 42.668014526367188 ] } },
{ "type": "Feature", "properties": { "latitude": 42.685958862304688, "longitude": 23.331293106079102, "heatmap_weight": 4, "raw_occupancy": 1 }, "geometry": { "type": "Point", "coordinates": [ 23.331293106079102, 42.685958862304688 ] } },
{ "type": "Feature", "properties": { "latitude": 42.700668334960938, "longitude": 23.318180084228516, "heatmap_weight": 1, "raw_occupancy": 0 }, "geometry": { "type": "Point", "coordinates": [ 23.318180084228516, 42.700668334960938 ] } },
{ "type": "Feature", "properties": { "latitude": 42.685806274414062, "longitude": 23.343976974487305, "heatmap_weight": 16, "raw_occupancy": 3 }, "geometry": { "type": "Point", "coordinates": [ 23.343976974487305, 42.685806274414062 ] } },
{ "type": "Feature", "properties": { "latitude": 42.653671264648438, "longitude": 23.345895767211914, "heatmap_weight": 4, "raw_occupancy": 1 }, "geometry": { "type": "Point", "coordinates": [ 23.345895767211914, 42.653671264648438 ] } },
{ "type": "Feature", "properties": { "latitude": 42.678665161132812, "longitude": 23.284805297851562, "heatmap_weight": 4, "raw_occupancy": 1 }, "geometry": { "type": "Point", "coordinates": [ 23.284805297851562, 42.678665161132812 ] } },
{ "type": "Feature", "properties": { "latitude": 42.646106719970703, "longitude": 23.342170715332031, "heatmap_weight": 4, "raw_occupancy": 1 }, "geometry": { "type": "Point", "coordinates": [ 23.342170715332031, 42.646106719970703 ] } },
{ "type": "Feature", "properties": { "latitude": 42.741867065429688, "longitude": 23.329006195068359, "heatmap_weight": 4, "raw_occupancy": 1 }, "geometry": { "type": "Point", "coordinates": [ 23.329006195068359, 42.741867065429688 ] } },
{ "type": "Feature", "properties": { "latitude": 42.660377502441406, "longitude": 23.349599838256836, "heatmap_weight": 9, "raw_occupancy": 2 }, "geometry": { "type": "Point", "coordinates": [ 23.349599838256836, 42.660377502441406 ] } },
{ "type": "Feature", "properties": { "latitude": 42.661399841308594, "longitude": 23.389318466186523, "heatmap_weight": 9, "raw_occupancy": 2 }, "geometry": { "type": "Point", "coordinates": [ 23.389318466186523, 42.661399841308594 ] } },
{ "type": "Feature", "properties": { "latitude": 42.709121704101562, "longitude": 23.384193420410156, "heatmap_weight": 4, "raw_occupancy": 1 }, "geometry": { "type": "Point", "coordinates": [ 23.384193420410156, 42.709121704101562 ] } },
{ "type": "Feature", "properties": { "latitude": 42.707805633544922, "longitude": 23.329208374023438, "heatmap_weight": 4, "raw_occupancy": 1 }, "geometry": { "type": "Point", "coordinates": [ 23.329208374023438, 42.707805633544922 ] } },
{ "type": "Feature", "properties": { "latitude": 42.782470703125, "longitude": 23.38719367980957, "heatmap_weight": 1, "raw_occupancy": 0 }, "geometry": { "type": "Point", "coordinates": [ 23.38719367980957, 42.782470703125 ] } },
{ "type": "Feature", "properties": { "latitude": 42.627124786376953, "longitude": 23.378995895385742, "heatmap_weight": 4, "raw_occupancy": 1 }, "geometry": { "type": "Point", "coordinates": [ 23.378995895385742, 42.627124786376953 ] } },
{ "type": "Feature", "properties": { "latitude": 42.695365905761719, "longitude": 23.285097122192383, "heatmap_weight": 9, "raw_occupancy": 2 }, "geometry": { "type": "Point", "coordinates": [ 23.285097122192383, 42.695365905761719 ] } },
{ "type": "Feature", "properties": { "latitude": 42.700244903564453, "longitude": 23.299091339111328, "heatmap_weight": 4, "raw_occupancy": 1 }, "geometry": { "type": "Point", "coordinates": [ 23.299091339111328, 42.700244903564453 ] } },
{ "type": "Feature", "properties": { "latitude": 42.719745635986328, "longitude": 23.31103515625, "heatmap_weight": 4, "raw_occupancy": 1 }, "geometry": { "type": "Point", "coordinates": [ 23.31103515625, 42.719745635986328 ] } },
{ "type": "Feature", "properties": { "latitude": 42.671180725097656, "longitude": 23.282800674438477, "heatmap_weight": 4, "raw_occupancy": 1 }, "geometry": { "type": "Point", "coordinates": [ 23.282800674438477, 42.671180725097656 ] } },
{ "type": "Feature", "properties": { "latitude": 42.619468688964844, "longitude": 23.419008255004883, "heatmap_weight": 1, "raw_occupancy": 0 }, "geometry": { "type": "Point", "coordinates": [ 23.419008255004883, 42.619468688964844 ] } },
{ "type": "Feature", "properties": { "latitude": 42.722465515136719, "longitude": 23.26970100402832, "heatmap_weight": 4, "raw_occupancy": 1 }, "geometry": { "type": "Point", "coordinates": [ 23.26970100402832, 42.722465515136719 ] } },
{ "type": "Feature", "properties": { "latitude": 42.729339599609375, "longitude": 23.264566421508789, "heatmap_weight": 9, "raw_occupancy": 2 }, "geometry": { "type": "Point", "coordinates": [ 23.264566421508789, 42.729339599609375 ] } },
{ "type": "Feature", "properties": { "latitude": 42.681446075439453, "longitude": 23.269758224487305, "heatmap_weight": 4, "raw_occupancy": 1 }, "geometry": { "type": "Point", "coordinates": [ 23.269758224487305, 42.681446075439453 ] } },
{ "type": "Feature", "properties": { "latitude": 42.731224060058594, "longitude": 23.313671112060547, "heatmap_weight": 4, "raw_occupancy": 1 }, "geometry": { "type": "Point", "coordinates": [ 23.313671112060547, 42.731224060058594 ] } },
{ "type": "Feature", "properties": { "latitude": 42.723545074462891, "longitude": 23.302207946777344, "heatmap_weight": 4, "raw_occupancy": 1 }, "geometry": { "type": "Point", "coordinates": [ 23.302207946777344, 42.723545074462891 ] } },
{ "type": "Feature", "properties": { "latitude": 42.673263549804688, "longitude": 23.384321212768555, "heatmap_weight": 4, "raw_occupancy": 1 }, "geometry": { "type": "Point", "coordinates": [ 23.384321212768555, 42.673263549804688 ] } },
{ "type": "Feature", "properties": { "latitude": 42.674217224121094, "longitude": 23.277166366577148, "heatmap_weight": 4, "raw_occupancy": 1 }, "geometry": { "type": "Point", "coordinates": [ 23.277166366577148, 42.674217224121094 ] } },
{ "type": "Feature", "properties": { "latitude": 42.664443969726562, "longitude": 23.317478179931641, "heatmap_weight": 4, "raw_occupancy": 1 }, "geometry": { "type": "Point", "coordinates": [ 23.317478179931641, 42.664443969726562 ] } },
{ "type": "Feature", "properties": { "latitude": 42.845970153808594, "longitude": 23.27107048034668, "heatmap_weight": 4, "raw_occupancy": 1 }, "geometry": { "type": "Point", "coordinates": [ 23.27107048034668, 42.845970153808594 ] } },
{ "type": "Feature", "properties": { "latitude": 42.631298065185547, "longitude": 23.313394546508789, "heatmap_weight": 4, "raw_occupancy": 1 }, "geometry": { "type": "Point", "coordinates": [ 23.313394546508789, 42.631298065185547 ] } },
{ "type": "Feature", "properties": { "latitude": 42.7384033203125, "longitude": 23.317779541015625, "heatmap_weight": 4, "raw_occupancy": 1 }, "geometry": { "type": "Point", "coordinates": [ 23.317779541015625, 42.7384033203125 ] } },
{ "type": "Feature", "properties": { "latitude": 42.810371398925781, "longitude": 23.256931304931641, "heatmap_weight": 4, "raw_occupancy": 1 }, "geometry": { "type": "Point", "coordinates": [ 23.256931304931641, 42.810371398925781 ] } },
{ "type": "Feature", "properties": { "latitude": 42.642734527587891, "longitude": 23.334447860717773, "heatmap_weight": 4, "raw_occupancy": 1 }, "geometry": { "type": "Point", "coordinates": [ 23.334447860717773, 42.642734527587891 ] } },
{ "type": "Feature", "properties": { "latitude": 42.774013519287109, "longitude": 23.245626449584961, "heatmap_weight": 4, "raw_occupancy": 1 }, "geometry": { "type": "Point", "coordinates": [ 23.245626449584961, 42.774013519287109 ] } },
{ "type": "Feature", "properties": { "latitude": 42.665534973144531, "longitude": 23.287204742431641, "heatmap_weight": 4, "raw_occupancy": 1 }, "geometry": { "type": "Point", "coordinates": [ 23.287204742431641, 42.665534973144531 ] } },
{ "type": "Feature", "properties": { "latitude": 42.69757080078125, "longitude": 23.321699142456055, "heatmap_weight": 9, "raw_occupancy": 2 }, "geometry": { "type": "Point", "coordinates": [ 23.321699142456055, 42.69757080078125 ] } },
{ "type": "Feature", "properties": { "latitude": 42.647411346435547, "longitude": 23.404115676879883, "heatmap_weight": 4, "raw_occupancy": 1 }, "geometry": { "type": "Point", "coordinates": [ 23.404115676879883, 42.647411346435547 ] } },
{ "type": "Feature", "properties": { "latitude": 42.702091217041016, "longitude": 23.305078506469727, "heatmap_weight": 9, "raw_occupancy": 2 }, "geometry": { "type": "Point", "coordinates": [ 23.305078506469727, 42.702091217041016 ] } },
{ "type": "Feature", "properties": { "latitude": 42.689762115478516, "longitude": 23.323375701904297, "heatmap_weight": 9, "raw_occupancy": 2 }, "geometry": { "type": "Point", "coordinates": [ 23.323375701904297, 42.689762115478516 ] } },
{ "type": "Feature", "properties": { "latitude": 42.717258453369141, "longitude": 23.274185180664062, "heatmap_weight": 9, "raw_occupancy": 2 }, "geometry": { "type": "Point", "coordinates": [ 23.274185180664062, 42.717258453369141 ] } }
]
}
