{
"type": "FeatureCollection",
"name": "bus_occupancy_period_11_13-57-53",
"crs": { "type": "name", "properties": { "name": "urn:ogc:def:crs:OGC:1.3:CRS84" } },
"features": [
{ "type": "Feature", "properties": { "latitude": 42.682106018066406, "longitude": 23.32093620300293, "heatmap_weight": 1, "raw_occupancy": 0 }, "geometry": { "type": "Point", "coordinates": [ 23.32093620300293, 42.682106018066406 ] } },
{ "type": "Feature", "properties": { "latitude": 42.718093872070312, "longitude": 23.25335693359375, "heatmap_weight": 4, "raw_occupancy": 1 }, "geometry": { "type": "Point", "coordinates": [ 23.25335693359375, 42.718093872070312 ] } },
{ "type": "Feature", "properties": { "latitude": 42.692127227783203, "longitude": 23.280401229858398, "heatmap_weight": 4, "raw_occupancy": 1 }, "geometry": { "type": "Point", "coordinates": [ 23.280401229858398, 42.692127227783203 ] } },
{ "type": "Feature", "properties": { "latitude": 42.640567779541016, "longitude": 23.312265396118164, "heatmap_weight": 4, "raw_occupancy": 1 }, "geometry": { "type": "Point", "coordinates": [ 23.312265396118164, 42.640567779541016 ] } },
{ "type": "Feature", "properties": { "latitude": 42.688819885253906, "longitude": 23.321222305297852, "heatmap_weight": 4, "raw_occupancy": 1 }, "geometry": { "type": "Point", "coordinates": [ 23.321222305297852, 42.688819885253906 ] } },
{ "type": "Feature", "properties": { "latitude": 42.685825347900391, "longitude": 23.343969345092773, "heatmap_weight": 4, "raw_occupancy": 1 }, "geometry": { "type": "Point", "coordinates": [ 23.343969345092773, 42.685825347900391 ] } },
{ "type": "Feature", "properties": { "latitude": 42.784000396728516, "longitude": 23.519336700439453, "heatmap_weight": 9, "raw_occupancy": 2 }, "geometry": { "type": "Point", "coordinates": [ 23.519336700439453, 42.784000396728516 ] } },
{ "type": "Feature", "properties": { "latitude": 42.700813293457031, "longitude": 23.297382354736328, "heatmap_weight": 9, "raw_occupancy": 2 }, "geometry": { "type": "Point", "coordinates": [ 23.297382354736328, 42.700813293457031 ] } },
{ "type": "Feature", "properties": { "latitude": 42.708915710449219, "longitude": 23.131723403930664, "heatmap_weight": 9, "raw_occupancy": 2 }, "geometry": { "type": "Point", "coordinates": [ 23.131723403930664, 42.708915710449219 ] } },
{ "type": "Feature", "properties": { "latitude": 42.662876129150391, "longitude": 23.375726699829102, "heatmap_weight": 4, "raw_occupancy": 1 }, "geometry": { "type": "Point", "coordinates": [ 23.375726699829102, 42.662876129150391 ] } },
{ "type": "Feature", "properties": { "latitude": 42.709896087646484, "longitude": 23.294136047363281, "heatmap_weight": 9, "raw_occupancy": 2 }, "geometry": { "type": "Point", "coordinates": [ 23.294136047363281, 42.709896087646484 ] } },
{ "type": "Feature", "properties": { "latitude": 42.690467834472656, "longitude": 23.32611083984375, "heatmap_weight": 4, "raw_occupancy": 1 }, "geometry": { "type": "Point", "coordinates": [ 23.32611083984375, 42.690467834472656 ] } },
{ "type": "Feature", "properties": { "latitude": 42.651165008544922, "longitude": 23.368032455444336, "heatmap_weight": 1, "raw_occupancy": 0 }, "geometry": { "type": "Point", "coordinates": [ 23.368032455444336, 42.651165008544922 ] } },
{ "type": "Feature", "properties": { "latitude": 42.711570739746094, "longitude": 23.318788528442383, "heatmap_weight": 1, "raw_occupancy": 0 }, "geometry": { "type": "Point", "coordinates": [ 23.318788528442383, 42.711570739746094 ] } },
{ "type": "Feature", "properties": { "latitude": 42.619762420654297, "longitude": 23.297676086425781, "heatmap_weight": 36, "raw_occupancy": 5 }, "geometry": { "type": "Point", "coordinates": [ 23.297676086425781, 42.619762420654297 ] } },
{ "type": "Feature", "properties": { "latitude": 42.649848937988281, "longitude": 23.341817855834961, "heatmap_weight": 4, "raw_occupancy": 1 }, "geometry": { "type": "Point", "coordinates": [ 23.341817855834961, 42.649848937988281 ] } },
{ "type": "Feature", "properties": { "latitude": 42.692390441894531, "longitude": 23.343847274780273, "heatmap_weight": 4, "raw_occupancy": 1 }, "geometry": { "type": "Point", "coordinates": [ 23.343847274780273, 42.692390441894531 ] } },
{ "type": "Feature", "properties": { "latitude": 42.640880584716797, "longitude": 23.412469863891602, "heatmap_weight": 4, "raw_occupancy": 1 }, "geometry": { "type": "Point", "coordinates": [ 23.412469863891602, 42.640880584716797 ] } },
{ "type": "Feature", "properties": { "latitude": 42.796665191650391, "longitude": 23.396629333496094, "heatmap_weight": 4, "raw_occupancy": 1 }, "geometry": { "type": "Point", "coordinates": [ 23.396629333496094, 42.796665191650391 ] } },
{ "type": "Feature", "properties": { "latitude": 42.656318664550781, "longitude": 23.349607467651367, "heatmap_weight": 4, "raw_occupancy": 1 }, "geometry": { "type": "Point", "coordinates": [ 23.349607467651367, 42.656318664550781 ] } },
{ "type": "Feature", "properties": { "latitude": 42.643970489501953, "longitude": 23.345199584960938, "heatmap_weight": 1, "raw_occupancy": 0 }, "geometry": { "type": "Point", "coordinates": [ 23.345199584960938, 42.643970489501953 ] } },
{ "type": "Feature", "properties": { "latitude": 42.688987731933594, "longitude": 23.370735168457031, "heatmap_weight": 4, "raw_occupancy": 1 }, "geometry": { "type": "Point", "coordinates": [ 23.370735168457031, 42.688987731933594 ] } },
{ "type": "Feature", "properties": { "latitude": 42.645839691162109, "longitude": 23.265546798706055, "heatmap_weight": 4, "raw_occupancy": 1 }, "geometry": { "type": "Point", "coordinates": [ 23.265546798706055, 42.645839691162109 ] } },
{ "type": "Feature", "properties": { "latitude": 42.781368255615234, "longitude": 23.381185531616211, "heatmap_weight": 4, "raw_occupancy": 1 }, "geometry": { "type": "Point", "coordinates": [ 23.381185531616211, 42.781368255615234 ] } },
{ "type": "Feature", "properties": { "latitude": 42.640350341796875, "longitude": 23.38157844543457, "heatmap_weight": 9, "raw_occupancy": 2 }, "geometry": { "type": "Point", "coordinates": [ 23.38157844543457, 42.640350341796875 ] } },
{ "type": "Feature", "properties": { "latitude": 42.700202941894531, "longitude": 23.316179275512695, "heatmap_weight": 4, "raw_occupancy": 1 }, "geometry": { "type": "Point", "coordinates": [ 23.316179275512695, 42.700202941894531 ] } },
{ "type": "Feature", "properties": { "latitude": 42.74920654296875, "longitude": 23.320354461669922, "heatmap_weight": 4, "raw_occupancy": 1 }, "geometry": { "type": "Point", "coordinates": [ 23.320354461669922, 42.74920654296875 ] } },
{ "type": "Feature", "properties": { "latitude": 42.697441101074219, "longitude": 23.359846115112305, "heatmap_weight": 9, "raw_occupancy": 2 }, "geometry": { "type": "Point", "coordinates": [ 23.359846115112305, 42.697441101074219 ] } },
{ "type": "Feature", "properties": { "latitude": 42.69036865234375, "longitude": 23.331750869750977, "heatmap_weight": 4, "raw_occupancy": 1 }, "geometry": { "type": "Point", "coordinates": [ 23.331750869750977, 42.69036865234375 ] } },
{ "type": "Feature", "properties": { "latitude": 42.626674652099609, "longitude": 23.358707427978516, "heatmap_weight": 9, "raw_occupancy": 2 }, "geometry": { "type": "Point", "coordinates": [ 23.358707427978516, 42.626674652099609 ] } },
{ "type": "Feature", "properties": { "latitude": 42.689266204833984, "longitude": 23.339456558227539, "heatmap_weight": 4, "raw_occupancy": 1 }, "geometry": { "type": "Point", "coordinates": [ 23.339456558227539, 42.689266204833984 ] } },
{ "type": "Feature", "properties": { "latitude": 42.700794219970703, "longitude": 23.346038818359375, "heatmap_weight": 4, "raw_occupancy": 1 }, "geometry": { "type": "Point", "coordinates": [ 23.346038818359375, 42.700794219970703 ] } },
{ "type": "Feature", "properties": { "latitude": 42.709228515625, "longitude": 23.335067749023438, "heatmap_weight": 9, "raw_occupancy": 2 }, "geometry": { "type": "Point", "coordinates": [ 23.335067749023438, 42.709228515625 ] } },
{ "type": "Feature", "properties": { "latitude": 42.650424957275391, "longitude": 23.335626602172852, "heatmap_weight": 4, "raw_occupancy": 1 }, "geometry": { "type": "Point", "coordinates": [ 23.335626602172852, 42.650424957275391 ] } },
{ "type": "Feature", "properties": { "latitude": 42.716648101806641, "longitude": 23.249813079833984, "heatmap_weight": 4, "raw_occupancy": 1 }, "geometry": { "type": "Point", "coordinates": [ 23.249813079833984, 42.716648101806641 ] } },
{ "type": "Feature", "properties": { "latitude": 42.673629760742188, "longitude": 23.382720947265625, "heatmap_weight": 1, "raw_occupancy": 0 }, "geometry": { "type": "Point", "coordinates": [ 23.382720947265625, 42.673629760742188 ] } },
{ "type": "Feature", "properties": { "latitude": 42.713096618652344, "longitude": 23.315753936767578, "heatmap_weight": 4, "raw_occupancy": 1 }, "geometry": { "type": "Point", "coordinates": [ 23.315753936767578, 42.713096618652344 ] } },
{ "type": "Feature", "properties": { "latitude": 42.621170043945312, "longitude": 23.4521484375, "heatmap_weight": 4, "raw_occupancy": 1 }, "geometry": { "type": "Point", "coordinates": [ 23.4521484375, 42.621170043945312 ] } },
{ "type": "Feature", "properties": { "latitude": 42.663173675537109, "longitude": 23.29627799987793, "heatmap_weight": 4, "raw_occupancy": 1 }, "geometry": { "type": "Point", "coordinates": [ 23.29627799987793, 42.663173675537109 ] } },
{ "type": "Feature", "properties": { "latitude": 42.638542175292969, "longitude": 23.41169548034668, "heatmap_weight": 4, "raw_occupancy": 1 }, "geometry": { "type": "Point", "coordinates": [ 23.41169548034668, 42.638542175292969 ] } },
{ "type": "Feature", "properties": { "latitude": 42.732837677001953, "longitude": 23.297237396240234, "heatmap_weight": 4, "raw_occupancy": 1 }, "geometry": { "type": "Point", "coordinates": [ 23.297237396240234, 42.732837677001953 ] } },
{ "type": "Feature", "properties": { "latitude": 42.695262908935547, "longitude": 23.247224807739258, "heatmap_weight": 4, "raw_occupancy": 1 }, "geometry": { "type": "Point", "coordinates": [ 23.247224807739258, 42.695262908935547 ] } },
{ "type": "Feature", "properties": { "latitude": 42.673168182373047, "longitude": 23.324127197265625, "heatmap_weight": 9, "raw_occupancy": 2 }, "geometry": { "type": "Point", "coordinates": [ 23.324127197265625, 42.673168182373047 ] } },
{ "type": "Feature", "properties": { "latitude": 42.715320587158203, "longitude": 23.282917022705078, "heatmap_weight": 4, "raw_occupancy": 1 }, "geometry": { "type": "Point", "coordinates": [ 23.282917022705078, 42.715320587158203 ] } },
{ "type": "Feature", "properties": { "latitude": 42.714191436767578, "longitude": 23.307790756225586, "heatmap_weight": 4, "raw_occupancy": 1 }, "geometry": { "type": "Point", "coordinates": [ 23.307790756225586, 42.714191436767578 ] } },
{ "type": "Feature", "properties": { "latitude": 42.738365173339844, "longitude": 23.294853210449219, "heatmap_weight": 1, "raw_occupancy": 0 }, "geometry": { "type": "Point", "coordinates": [ 23.294853210449219, 42.738365173339844 ] } },
{ "type": "Feature", "properties": { "latitude": 42.707546234130859, "longitude": 23.364225387573242, "heatmap_weight": 1, "raw_occupancy": 0 }, "geometry": { "type": "Point", "coordinates": [ 23.364225387573242, 42.707546234130859 ] } },
{ "type": "Feature", "properties": { "latitude": 42.786972045898438, "longitude": 23.400857925415039, "heatmap_weight": 1, "raw_occupancy": 0 }, "geometry": { "type": "Point", "coordinates": [ 23.400857925415039, 42.786972045898438 ] } },
{ "type": "Feature", "properties": { "latitude": 42.704933166503906, "longitude": 23.326543807983398, "heatmap_weight": 4, "raw_occupancy": 1 }, "geometry": { "type": "Point", "coordinates": [ 23.326543807983398, 42.704933166503906 ] } },
{ "type": "Feature", "properties": { "latitude": 42.710285186767578, "longitude": 23.29296875, "heatmap_weight": 9, "raw_occupancy": 2 }, "geometry": { "type": "Point", "coordinates": [ 23.29296875, 42.710285186767578 ] } },
{ "type": "Feature", "properties": { "latitude": 42.697147369384766, "longitude": 23.286632537841797, "heatmap_weight": 4, "raw_occupancy": 1 }, "geometry": { "type": "Point", "coordinates": [ 23.286632537841797, 42.697147369384766 ] } },
{ "type": "Feature", "properties": { "latitude": 42.674289703369141, "longitude": 23.312347412109375, "heatmap_weight": 4, "raw_occupancy": 1 }, "geometry": { "type": "Point", "coordinates": [ 23.312347412109375, 42.674289703369141 ] } },
{ "type": "Feature", "properties": { "latitude": 42.686561584472656, "longitude": 23.299156188964844, "heatmap_weight": 1, "raw_occupancy": 0 }, "geometry": { "type": "Point", "coordinates": [ 23.299156188964844, 42.686561584472656 ] } },
{ "type": "Feature", "properties": { "latitude": 42.695724487304688, "longitude": 23.287509918212891, "heatmap_weight": 4, "raw_occupancy": 1 }, "geometry": { "type": "Point", "coordinates": [ 23.287509918212891, 42.695724487304688 ] } },
{ "type": "Feature", "properties": { "latitude": 42.653717041015625, "longitude": 23.344457626342773, "heatmap_weight": 16, "raw_occupancy": 3 }, "geometry": { "type": "Point", "coordinates": [ 23.344457626342773, 42.653717041015625 ] } },
{ "type": "Feature", "properties": { "latitude": 42.621746063232422, "longitude": 23.419593811035156, "heatmap_weight": 1, "raw_occupancy": 0 }, "geometry": { "type": "Point", "coordinates": [ 23.419593811035156, 42.621746063232422 ] } },
{ "type": "Feature", "properties": { "latitude": 42.716526031494141, "longitude": 23.251682281494141, "heatmap_weight": 4, "raw_occupancy": 1 }, "geometry": { "type": "Point", "coordinates": [ 23.251682281494141, 42.716526031494141 ] } },
{ "type": "Feature", "properties": { "latitude": 42.682304382324219, "longitude": 23.349411010742188, "heatmap_weight": 4, "raw_occupancy": 1 }, "geometry": { "type": "Point", "coordinates": [ 23.349411010742188, 42.682304382324219 ] } },
{ "type": "Feature", "properties": { "latitude": 42.69873046875, "longitude": 23.362499237060547, "heatmap_weight": 9, "raw_occupancy": 2 }, "geometry": { "type": "Point", "coordinates": [ 23.362499237060547, 42.69873046875 ] } },
{ "type": "Feature", "properties": { "latitude": 42.700099945068359, "longitude": 23.299646377563477, "heatmap_weight": 9, "raw_occupancy": 2 }, "geometry": { "type": "Point", "coordinates": [ 23.299646377563477, 42.700099945068359 ] } },
{ "type": "Feature", "properties": { "latitude": 42.668361663818359, "longitude": 23.401908874511719, "heatmap_weight": 9, "raw_occupancy": 2 }, "geometry": { "type": "Point", "coordinates": [ 23.401908874511719, 42.668361663818359 ] } },
{ "type": "Feature", "properties": { "latitude": 42.657199859619141, "longitude": 23.335641860961914, "heatmap_weight": 9, "raw_occupancy": 2 }, "geometry": { "type": "Point", "coordinates": [ 23.335641860961914, 42.657199859619141 ] } },
{ "type": "Feature", "properties": { "latitude": 42.662940979003906, "longitude": 23.415670394897461, "heatmap_weight": 4, "raw_occupancy": 1 }, "geometry": { "type": "Point", "coordinates": [ 23.415670394897461, 42.662940979003906 ] } },
{ "type": "Feature", "properties": { "latitude": 42.676815032958984, "longitude": 23.306112289428711, "heatmap_weight": 1, "raw_occupancy": 0 }, "geometry": { "type": "Point", "coordinates": [ 23.306112289428711, 42.676815032958984 ] } },
{ "type": "Feature", "properties": { "latitude": 42.644172668457031, "longitude": 23.412178039550781, "heatmap_weight": 4, "raw_occupancy": 1 }, "geometry": { "type": "Point", "coordinates": [ 23.412178039550781, 42.644172668457031 ] } },
{ "type": "Feature", "properties": { "latitude": 42.702262878417969, "longitude": 23.338836669921875, "heatmap_weight": 4, "raw_occupancy": 1 }, "geometry": { "type": "Point", "coordinates": [ 23.338836669921875, 42.702262878417969 ] } },
{ "type": "Feature", "properties": { "latitude": 42.670188903808594, "longitude": 23.369724273681641, "heatmap_weight": 4, "raw_occupancy": 1 }, "geometry": { "type": "Point", "coordinates": [ 23.369724273681641, 42.670188903808594 ] } },
{ "type": "Feature", "properties": { "latitude": 42.689720153808594, "longitude": 23.314046859741211, "heatmap_weight": 4, "raw_occupancy": 1 }, "geometry": { "type": "Point", "coordinates": [ 23.314046859741211, 42.689720153808594 ] } },
{ "type": "Feature", "properties": { "latitude": 42.691184997558594, "longitude": 23.308544158935547, "heatmap_weight": 4, "raw_occupancy": 1 }, "geometry": { "type": "Point", "coordinates": [ 23.308544158935547, 42.691184997558594 ] } },
{ "type": "Feature", "properties": { "latitude": 42.712841033935547, "longitude": 23.316328048706055, "heatmap_weight": 1, "raw_occupancy": 0 }, "geometry": { "type": "Point", "coordinates": [ 23.316328048706055, 42.712841033935547 ] } },
{ "type": "Feature", "properties": { "latitude": 42.684463500976562, "longitude": 23.364301681518555, "heatmap_weight": 4, "raw_occupancy": 1 }, "geometry": { "type": "Point", "coordinates": [ 23.364301681518555, 42.684463500976562 ] } },
{ "type": "Feature", "properties": { "latitude": 42.67584228515625, "longitude": 23.358495712280273, "heatmap_weight": 4, "raw_occupancy": 1 }, "geometry": { "type": "Point", "coordinates": [ 23.358495712280273, 42.67584228515625 ] } },
{ "type": "Feature", "properties": { "latitude": 42.665252685546875, "longitude": 23.272911071777344, "heatmap_weight": 25, "raw_occupancy": 4 }, "geometry": { "type": "Point", "coordinates": [ 23.272911071777344, 42.665252685546875 ] } },
{ "type": "Feature", "properties": { "latitude": 42.708152770996094, "longitude": 23.445138931274414, "heatmap_weight": 4, "raw_occupancy": 1 }, "geometry": { "type": "Point", "coordinates": [ 23.445138931274414, 42.708152770996094 ] } },
{ "type": "Feature", "properties": { "latitude": 42.821159362792969, "longitude": 23.35407829284668, "heatmap_weight": 16, "raw_occupancy": 3 }, "geometry": { "type": "Point", "coordinates": [ 23.35407829284668, 42.821159362792969 ] } },
{ "type": "Feature", "properties": { "latitude": 42.662307739257812, "longitude": 23.345497131347656, "heatmap_weight": 4, "raw_occupancy": 1 }, "geometry": { "type": "Point", "coordinates": [ 23.345497131347656, 42.662307739257812 ] } },
{ "type": "Feature", "properties": { "latitude": 42.674148559570312, "longitude": 23.276578903198242, "heatmap_weight": 4, "raw_occupancy": 1 }, "geometry": { "type": "Point", "coordinates": [ 23.276578903198242, 42.674148559570312 ] } },
{ "type": "Feature", "properties": { "latitude": 42.655567169189453, "longitude": 23.382236480712891, "heatmap_weight": 4, "raw_occupancy": 1 }, "geometry": { "type": "Point", "coordinates": [ 23.382236480712891, 42.655567169189453 ] } },
{ "type": "Feature", "properties": { "latitude": 42.664836883544922, "longitude": 23.259363174438477, "heatmap_weight": 4, "raw_occupancy": 1 }, "geometry": { "type": "Point", "coordinates": [ 23.259363174438477, 42.664836883544922 ] } },
{ "type": "Feature", "properties": { "latitude": 42.707099914550781, "longitude": 23.340356826782227, "heatmap_weight": 4, "raw_occupancy": 1 }, "geometry": { "type": "Point", "coordinates": [ 23.340356826782227, 42.707099914550781 ] } },
{ "type": "Feature", "properties": { "latitude": 42.732803344726562, "longitude": 23.311384201049805, "heatmap_weight": 4, "raw_occupancy": 1 }, "geometry": { "type": "Point", "coordinates": [ 23.311384201049805, 42.732803344726562 ] } },
{ "type": "Feature", "properties": { "latitude": 42.685783386230469, "longitude": 23.350408554077148, "heatmap_weight": 9, "raw_occupancy": 2 }, "geometry": { "type": "Point", "coordinates": [ 23.350408554077148, 42.685783386230469 ] } },
{ "type": "Feature", "properties": { "latitude": 42.659881591796875, "longitude": 23.322092056274414, "heatmap_weight": 1, "raw_occupancy": 0 }, "geometry": { "type": "Point", "coordinates": [ 23.322092056274414, 42.659881591796875 ] } },
{ "type": "Feature", "properties": { "latitude": 42.629440307617188, "longitude": 23.373327255249023, "heatmap_weight": 4, "raw_occupancy": 1 }, "geometry": { "type": "Point", "coordinates": [ 23.373327255249023, 42.629440307617188 ] } },
{ "type": "Feature", "properties": { "latitude": 42.724925994873047, "longitude": 23.239797592163086, "heatmap_weight": 9, "raw_occupancy": 2 }, "geometry": { "type": "Point", "coordinates": [ 23.239797592163086, 42.724925994873047 ] } },
{ "type": "Feature", "properties": { "latitude": 42.697879791259766, "longitude": 23.309513092041016, "heatmap_weight": 4, "raw_occupancy": 1 }, "geometry": { "type": "Point", "coordinates": [ 23.309513092041016, 42.697879791259766 ] } },
{ "type": "Feature", "properties": { "latitude": 42.780338287353516, "longitude": 23.312807083129883, "heatmap_weight": 4, "raw_occupancy": 1 }, "geometry": { "type": "Point", "coordinates": [ 23.312807083129883, 42.780338287353516 ] } },
{ "type": "Feature", "properties": { "latitude": 42.681983947753906, "longitude": 23.31689453125, "heatmap_weight": 16, "raw_occupancy": 3 }, "geometry": { "type": "Point", "coordinates": [ 23.31689453125, 42.681983947753906 ] } },
{ "type": "Feature", "properties": { "latitude": 42.752834320068359, "longitude": 23.501623153686523, "heatmap_weight": 4, "raw_occupancy": 1 }, "geometry": { "type": "Point", "coordinates": [ 23.501623153686523, 42.752834320068359 ] } },
{ "type": "Feature", "properties": { "latitude": 42.680465698242188, "longitude": 23.374940872192383, "heatmap_weight": 4, "raw_occupancy": 1 }, "geometry": { "type": "Point", "coordinates": [ 23.374940872192383, 42.680465698242188 ] } },
{ "type": "Feature", "properties": { "latitude": 42.72552490234375, "longitude": 23.254970550537109, "heatmap_weight": 4, "raw_occupancy": 1 }, "geometry": { "type": "Point", "coordinates": [ 23.254970550537109, 42.72552490234375 ] } },
{ "type": "Feature", "properties": { "latitude": 42.628211975097656, "longitude": 23.383378982543945, "heatmap_weight": 1, "raw_occupancy": 0 }, "geometry": { "type": "Point", "coordinates": [ 23.383378982543945, 42.628211975097656 ] } },
{ "type": "Feature", "properties": { "latitude": 42.714733123779297, "longitude": 23.258668899536133, "heatmap_weight": 9, "raw_occupancy": 2 }, "geometry": { "type": "Point", "coordinates": [ 23.258668899536133, 42.714733123779297 ] } },
{ "type": "Feature", "properties": { "latitude": 42.640213012695312, "longitude": 23.343677520751953, "heatmap_weight": 4, "raw_occupancy": 1 }, "geometry": { "type": "Point", "coordinates": [ 23.343677520751953, 42.640213012695312 ] } },
{ "type": "Feature", "properties": { "latitude": 42.690547943115234, "longitude": 23.332086563110352, "heatmap_weight": 9, "raw_occupancy": 2 }, "geometry": { "type": "Point", "coordinates": [ 23.332086563110352, 42.690547943115234 ] } },
{ "type": "Feature", "properties": { "latitude": 42.653774261474609, "longitude": 23.343837738037109, "heatmap_weight": 4, "raw_occupancy": 1 }, "geometry": { "type": "Point", "coordinates": [ 23.343837738037109, 42.653774261474609 ] } },
{ "type": "Feature", "properties": { "latitude": 42.670188903808594, "longitude": 23.233280181884766, "heatmap_weight": 4, "raw_occupancy": 1 }, "geometry": { "type": "Point", "coordinates": [ 23.233280181884766, 42.670188903808594 ] } },
{ "type": "Feature", "properties": { "latitude": 42.685771942138672, "longitude": 23.331050872802734, "heatmap_weight": 4, "raw_occupancy": 1 }, "geometry": { "type": "Point", "coordinates": [ 23.331050872802734, 42.685771942138672 ] } },
{ "type": "Feature", "properties": { "latitude": 42.680274963378906, "longitude": 23.30242919921875, "heatmap_weight": 4, "raw_occupancy": 1 }, "geometry": { "type": "Point", "coordinates": [ 23.30242919921875, 42.680274963378906 ] } },
{ "type": "Feature", "properties": { "latitude": 42.7086181640625, "longitude": 23.288125991821289, "heatmap_weight": 4, "raw_occupancy": 1 }, "geometry": { "type": "Point", "coordinates": [ 23.288125991821289, 42.7086181640625 ] } },
{ "type": "Feature", "properties": { "latitude": 42.696529388427734, "longitude": 23.340385437011719, "heatmap_weight": 4, "raw_occupancy": 1 }, "geometry": { "type": "Point", "coordinates": [ 23.340385437011719, 42.696529388427734 ] } },
{ "type": "Feature", "properties": { "latitude": 42.704471588134766, "longitude": 23.325939178466797, "heatmap_weight": 4, "raw_occupancy": 1 }, "geometry": { "type": "Point", "coordinates": [ 23.325939178466797, 42.704471588134766 ] } },
{ "type": "Feature", "properties": { "latitude": 42.731475830078125, "longitude": 23.266839981079102, "heatmap_weight": 4, "raw_occupancy": 1 }, "geometry": { "type": "Point", "coordinates": [ 23.266839981079102, 42.731475830078125 ] } },
{ "type": "Feature", "properties": { "latitude": 42.705310821533203, "longitude": 23.359830856323242, "heatmap_weight": 4, "raw_occupancy": 1 }, "geometry": { "type": "Point", "coordinates": [ 23.359830856323242, 42.705310821533203 ] } },
{ "type": "Feature", "properties": { "latitude": 42.665298461914062, "longitude": 23.275304794311523, "heatmap_weight": 4, "raw_occupancy": 1 }, "geometry": { "type": "Point", "coordinates": [ 23.275304794311523, 42.665298461914062 ] } },
{ "type": "Feature", "properties": { "latitude": 42.617504119873047, "longitude": 23.402177810668945, "heatmap_weight": 16, "raw_occupancy": 3 }, "geometry": { "type": "Point", "coordinates": [ 23.402177810668945, 42.617504119873047 ] } },
{ "type": "Feature", "properties": { "latitude": 42.705902099609375, "longitude": 23.314430236816406, "heatmap_weight": 9, "raw_occupancy": 2 }, "geometry": { "type": "Point", "coordinates": [ 23.314430236816406, 42.705902099609375 ] } },
{ "type": "Feature", "properties": { "latitude": 42.662616729736328, "longitude": 23.37652587890625, "heatmap_weight": 4, "raw_occupancy": 1 }, "geometry": { "type": "Point", "coordinates": [ 23.37652587890625, 42.662616729736328 ] } },
{ "type": "Feature", "properties": { "latitude": 42.659343719482422, "longitude": 23.243354797363281, "heatmap_weight": 1, "raw_occupancy": 0 }, "geometry": { "type": "Point", "coordinates": [ 23.243354797363281, 42.659343719482422 ] } },
{ "type": "Feature", "properties": { "latitude": 42.617294311523438, "longitude": 23.402067184448242, "heatmap_weight": 4, "raw_occupancy": 1 }, "geometry": { "type": "Point", "coordinates": [ 23.402067184448242, 42.617294311523438 ] } },
{ "type": "Feature", "properties": { "latitude": 42.697269439697266, "longitude": 23.321256637573242, "heatmap_weight": 4, "raw_occupancy": 1 }, "geometry": { "type": "Point", "coordinates": [ 23.321256637573242, 42.697269439697266 ] } },
{ "type": "Feature", "properties": { "latitude": 42.640937805175781, "longitude": 23.312280654907227, "heatmap_weight": 9, "raw_occupancy": 2 }, "geometry": { "type": "Point", "coordinates": [ 23.312280654907227, 42.640937805175781 ] } },
{ "type": "Feature", "properties": { "latitude": 42.726943969726562, "longitude": 23.314058303833008, "heatmap_weight": 4, "raw_occupancy": 1 }, "geometry": { "type": "Point", "coordinates": [ 23.314058303833008, 42.726943969726562 ] } },
{ "type": "Feature", "properties": { "latitude": 42.729274749755859, "longitude": 23.459962844848633, "heatmap_weight": 9, "raw_occupancy": 2 }, "geometry": { "type": "Point", "coordinates": [ 23.459962844848633, 42.729274749755859 ] } },
{ "type": "Feature", "properties": { "latitude": 42.646625518798828, "longitude": 23.346141815185547, "heatmap_weight": 1, "raw_occupancy": 0 }, "geometry": { "type": "Point", "coordinates": [ 23.346141815185547, 42.646625518798828 ] } },
{ "type": "Feature", "properties": { "latitude": 42.672985076904297, "longitude": 23.386070251464844, "heatmap_weight": 4, "raw_occupancy": 1 }, "geometry": { "type": "Point", "coordinates": [ 23.386070251464844, 42.672985076904297 ] } },
{ "type": "Feature", "properties": { "latitude": 42.72625732421875, "longitude": 23.262802124023438, "heatmap_weight": 9, "raw_occupancy": 2 }, "geometry": { "type": "Point", "coordinates": [ 23.262802124023438, 42.72625732421875 ] } },
{ "type": "Feature", "properties": { "latitude": 42.659885406494141, "longitude": 23.317560195922852, "heatmap_weight": 4, "raw_occupancy": 1 }, "geometry": { "type": "Point", "coordinates": [ 23.317560195922852, 42.659885406494141 ] } },
{ "type": "Feature", "properties": { "latitude": 42.659072875976562, "longitude": 23.241649627685547, "heatmap_weight": 4, "raw_occupancy": 1 }, "geometry": { "type": "Point", "coordinates": [ 23.241649627685547, 42.659072875976562 ] } },
{ "type": "Feature", "properties": { "latitude": 42.576866149902344, "longitude": 23.414323806762695, "heatmap_weight": 1, "raw_occupancy": 0 }, "geometry": { "type": "Point", "coordinates": [ 23.414323806762695, 42.576866149902344 ] } },
{ "type": "Feature", "properties": { "latitude": 42.686786651611328, "longitude": 23.330585479736328, "heatmap_weight": 9, "raw_occupancy": 2 }, "geometry": { "type": "Point", "coordinates": [ 23.330585479736328, 42.686786651611328 ] } },
{ "type": "Feature", "properties": { "latitude": 42.724002838134766, "longitude": 23.267019271850586, "heatmap_weight": 9, "raw_occupancy": 2 }, "geometry": { "type": "Point", "coordinates": [ 23.267019271850586, 42.724002838134766 ] } },
{ "type": "Feature", "properties": { "latitude": 42.686717987060547, "longitude": 23.324665069580078, "heatmap_weight": 4, "raw_occupancy": 1 }, "geometry": { "type": "Point", "coordinates": [ 23.324665069580078, 42.686717987060547 ] } },
{ "type": "Feature", "properties": { "latitude": 42.730968475341797, "longitude": 23.313447952270508, "heatmap_weight": 4, "raw_occupancy": 1 }, "geometry": { "type": "Point", "coordinates": [ 23.313447952270508, 42.730968475341797 ] } },
{ "type": "Feature", "properties": { "latitude": 42.665840148925781, "longitude": 23.391439437866211, "heatmap_weight": 4, "raw_occupancy": 1 }, "geometry": { "type": "Point", "coordinates": [ 23.391439437866211, 42.665840148925781 ] } },
{ "type": "Feature", "properties": { "latitude": 42.711067199707031, "longitude": 23.319276809692383, "heatmap_weight": 4, "raw_occupancy": 1 }, "geometry": { "type": "Point", "coordinates": [ 23.319276809692383, 42.711067199707031 ] } },
{ "type": "Feature", "properties": { "latitude": 42.698986053466797, "longitude": 23.337642669677734, "heatmap_weight": 4, "raw_occupancy": 1 }, "geometry": { "type": "Point", "coordinates": [ 23.337642669677734, 42.698986053466797 ] } },
{ "type": "Feature", "properties": { "latitude": 42.69488525390625, "longitude": 23.291383743286133, "heatmap_weight": 16, "raw_occupancy": 3 }, "geometry": { "type": "Point", "coordinates": [ 23.291383743286133, 42.69488525390625 ] } },
{ "type": "Feature", "properties": { "latitude": 42.734912872314453, "longitude": 23.292289733886719, "heatmap_weight": 4, "raw_occupancy": 1 }, "geometry": { "type": "Point", "coordinates": [ 23.292289733886719, 42.734912872314453 ] } },
{ "type": "Feature", "properties": { "latitude": 42.649028778076172, "longitude": 23.417491912841797, "heatmap_weight": 1, "raw_occupancy": 0 }, "geometry": { "type": "Point", "coordinates": [ 23.417491912841797, 42.649028778076172 ] } },
{ "type": "Feature", "properties": { "latitude": 42.689502716064453, "longitude": 23.36357307434082, "heatmap_weight": 4, "raw_occupancy": 1 }, "geometry": { "type": "Point", "coordinates": [ 23.36357307434082, 42.689502716064453 ] } },
{ "type": "Feature", "properties": { "latitude": 42.7017822265625, "longitude": 23.35017204284668, "heatmap_weight": 4, "raw_occupancy": 1 }, "geometry": { "type": "Point", "coordinates": [ 23.35017204284668, 42.7017822265625 ] } },
{ "type": "Feature", "properties": { "latitude": 42.675212860107422, "longitude": 23.264875411987305, "heatmap_weight": 4, "raw_occupancy": 1 }, "geometry": { "type": "Point", "coordinates": [ 23.264875411987305, 42.675212860107422 ] } },
{ "type": "Feature", "properties": { "latitude": 42.704807281494141, "longitude": 23.328168869018555, "heatmap_weight": 4, "raw_occupancy": 1 }, "geometry": { "type": "Point", "coordinates": [ 23.328168869018555, 42.704807281494141 ] } },
{ "type": "Feature", "properties": { "latitude": 42.690483093261719, "longitude": 23.331901550292969, "heatmap_weight": 4, "raw_occupancy": 1 }, "geometry": { "type": "Point", "coordinates": [ 23.331901550292969, 42.690483093261719 ] } },
{ "type": "Feature", "properties": { "latitude": 42.660537719726562, "longitude": 23.391996383666992, "heatmap_weight": 16, "raw_occupancy": 3 }, "geometry": { "type": "Point", "coordinates": [ 23.391996383666992, 42.660537719726562 ] } },
{ "type": "Feature", "properties": { "latitude": 42.702987670898438, "longitude": 23.386054992675781, "heatmap_weight": 1, "raw_occupancy": 0 }, "geometry": { "type": "Point", "coordinates": [ 23.386054992675781, 42.702987670898438 ] } },
{ "type": "Feature", "properties": { "latitude": 42.647418975830078, "longitude": 23.376678466796875, "heatmap_weight": 9, "raw_occupancy": 2 }, "geometry": { "type": "Point", "coordinates": [ 23.376678466796875, 42.647418975830078 ] } },
{ "type": "Feature", "properties": { "latitude": 42.706523895263672, "longitude": 23.323564529418945, "heatmap_weight": 4, "raw_occupancy": 1 }, "geometry": { "type": "Point", "coordinates": [ 23.323564529418945, 42.706523895263672 ] } },
{ "type": "Feature", "properties": { "latitude": 42.668479919433594, "longitude": 23.255844116210938, "heatmap_weight": 9, "raw_occupancy": 2 }, "geometry": { "type": "Point", "coordinates": [ 23.255844116210938, 42.668479919433594 ] } },
{ "type": "Feature", "properties": { "latitude": 42.683815002441406, "longitude": 23.301416397094727, "heatmap_weight": 4, "raw_occupancy": 1 }, "geometry": { "type": "Point", "coordinates": [ 23.301416397094727, 42.683815002441406 ] } },
{ "type": "Feature", "properties": { "latitude": 42.709384918212891, "longitude": 23.13397216796875, "heatmap_weight": 1, "raw_occupancy": 0 }, "geometry": { "type": "Point", "coordinates": [ 23.13397216796875, 42.709384918212891 ] } },
{ "type": "Feature", "properties": { "latitude": 42.685409545898438, "longitude": 23.304752349853516, "heatmap_weight": 9, "raw_occupancy": 2 }, "geometry": { "type": "Point", "coordinates": [ 23.304752349853516, 42.685409545898438 ] } },
{ "type": "Feature", "properties": { "latitude": 42.692676544189453, "longitude": 23.359958648681641, "heatmap_weight": 4, "raw_occupancy": 1 }, "geometry": { "type": "Point", "coordinates": [ 23.359958648681641, 42.692676544189453 ] } },
{ "type": "Feature", "properties": { "latitude": 42.696254730224609, "longitude": 23.348682403564453, "heatmap_weight": 9, "raw_occupancy": 2 }, "geometry": { "type": "Point", "coordinates": [ 23.348682403564453, 42.696254730224609 ] } },
{ "type": "Feature", "properties": { "latitude": 42.733783721923828, "longitude": 23.287879943847656, "heatmap_weight": 1, "raw_occupancy": 0 }, "geometry": { "type": "Point", "coordinates": [ 23.287879943847656, 42.733783721923828 ] } },
{ "type": "Feature", "properties": { "latitude": 42.671871185302734, "longitude": 23.321445465087891, "heatmap_weight": 4, "raw_occupancy": 1 }, "geometry": { "type": "Point", "coordinates": [ 23.321445465087891, 42.671871185302734 ] } },
{ "type": "Feature", "properties": { "latitude": 42.655681610107422, "longitude": 23.408121109008789, "heatmap_weight": 4, "raw_occupancy": 1 }, "geometry": { "type": "Point", "coordinates": [ 23.408121109008789, 42.655681610107422 ] } },
{ "type": "Feature", "properties": { "latitude": 42.711753845214844, "longitude": 23.289644241333008, "heatmap_weight": 1, "raw_occupancy": 0 }, "geometry": { "type": "Point", "coordinates": [ 23.289644241333008, 42.711753845214844 ] } },
{ "type": "Feature", "properties": { "latitude": 42.710098266601562, "longitude": 23.387969970703125, "heatmap_weight": 4, "raw_occupancy": 1 }, "geometry": { "type": "Point", "coordinates": [ 23.387969970703125, 42.710098266601562 ] } },
{ "type": "Feature", "properties": { "latitude": 42.747058868408203, "longitude": 23.268550872802734, "heatmap_weight": 4, "raw_occupancy": 1 }, "geometry": { "type": "Point", "coordinates": [ 23.268550872802734, 42.747058868408203 ] } },
{ "type": "Feature", "properties": { "latitude": 42.689792633056641, "longitude": 23.249349594116211, "heatmap_weight": 4, "raw_occupancy": 1 }, "geometry": { "type": "Point", "coordinates": [ 23.249349594116211, 42.689792633056641 ] } },
{ "type": "Feature", "properties": { "latitude": 42.651287078857422, "longitude": 23.357414245605469, "heatmap_weight": 9, "raw_occupancy": 2 }, "geometry": { "type": "Point", "coordinates": [ 23.357414245605469, 42.651287078857422 ] } },
{ "type": "Feature", "properties": { "latitude": 42.712802886962891, "longitude": 23.337953567504883, "heatmap_weight": 1, "raw_occupancy": 0 }, "geometry": { "type": "Point", "coordinates": [ 23.337953567504883, 42.712802886962891 ] } },
{ "type": "Feature", "properties": { "latitude": 42.667953491210938, "longitude": 23.402204513549805, "heatmap_weight": 4, "raw_occupancy": 1 }, "geometry": { "type": "Point", "coordinates": [ 23.402204513549805, 42.667953491210938 ] } },
{ "type": "Feature", "properties": { "latitude": 42.664333343505859, "longitude": 23.359790802001953, "heatmap_weight": 4, "raw_occupancy": 1 }, "geometry": { "type": "Point", "coordinates": [ 23.359790802001953, 42.664333343505859 ] } },
{ "type": "Feature", "properties": { "latitude": 42.675548553466797, "longitude": 23.289497375488281, "heatmap_weight": 9, "raw_occupancy": 2 }, "geometry": { "type": "Point", "coordinates": [ 23.289497375488281, 42.675548553466797 ] } },
{ "type": "Feature", "properties": { "latitude": 42.683143615722656, "longitude": 23.277965545654297, "heatmap_weight": 1, "raw_occupancy": 0 }, "geometry": { "type": "Point", "coordinates": [ 23.277965545654297, 42.683143615722656 ] } },
{ "type": "Feature", "properties": { "latitude": 42.691474914550781, "longitude": 23.324718475341797, "heatmap_weight": 9, "raw_occupancy": 2 }, "geometry": { "type": "Point", "coordinates": [ 23.324718475341797, 42.691474914550781 ] } },
{ "type": "Feature", "properties": { "latitude": 42.670364379882812, "longitude": 23.369869232177734, "heatmap_weight": 9, "raw_occupancy": 2 }, "geometry": { "type": "Point", "coordinates": [ 23.369869232177734, 42.670364379882812 ] } },
{ "type": "Feature", "properties": { "latitude": 42.684768676757812, "longitude": 23.324932098388672, "heatmap_weight": 4, "raw_occupancy": 1 }, "geometry": { "type": "Point", "coordinates": [ 23.324932098388672, 42.684768676757812 ] } },
{ "type": "Feature", "properties": { "latitude": 42.692741394042969, "longitude": 23.334239959716797, "heatmap_weight": 4, "raw_occupancy": 1 }, "geometry": { "type": "Point", "coordinates": [ 23.334239959716797, 42.692741394042969 ] } },
{ "type": "Feature", "properties": { "latitude": 42.628246307373047, "longitude": 23.195024490356445, "heatmap_weight": 4, "raw_occupancy": 1 }, "geometry": { "type": "Point", "coordinates": [ 23.195024490356445, 42.628246307373047 ] } },
{ "type": "Feature", "properties": { "latitude": 42.708641052246094, "longitude": 23.313093185424805, "heatmap_weight": 4, "raw_occupancy": 1 }, "geometry": { "type": "Point", "coordinates": [ 23.313093185424805, 42.708641052246094 ] } },
{ "type": "Feature", "properties": { "latitude": 42.688175201416016, "longitude": 23.308872222900391, "heatmap_weight": 4, "raw_occupancy": 1 }, "geometry": { "type": "Point", "coordinates": [ 23.308872222900391, 42.688175201416016 ] } },
{ "type": "Feature", "properties": { "latitude": 42.683067321777344, "longitude": 23.292938232421875, "heatmap_weight": 4, "raw_occupancy": 1 }, "geometry": { "type": "Point", "coordinates": [ 23.292938232421875, 42.683067321777344 ] } },
{ "type": "Feature", "properties": { "latitude": 42.690715789794922, "longitude": 23.278203964233398, "heatmap_weight": 9, "raw_occupancy": 2 }, "geometry": { "type": "Point", "coordinates": [ 23.278203964233398, 42.690715789794922 ] } },
{ "type": "Feature", "properties": { "latitude": 42.736824035644531, "longitude": 23.242996215820312, "heatmap_weight": 16, "raw_occupancy": 3 }, "geometry": { "type": "Point", "coordinates": [ 23.242996215820312, 42.736824035644531 ] } },
{ "type": "Feature", "properties": { "latitude": 42.759445190429688, "longitude": 23.275384902954102, "heatmap_weight": 4, "raw_occupancy": 1 }, "geometry": { "type": "Point", "coordinates": [ 23.275384902954102, 42.759445190429688 ] } },
{ "type": "Feature", "properties": { "latitude": 42.653831481933594, "longitude": 23.36802864074707, "heatmap_weight": 4, "raw_occupancy": 1 }, "geometry": { "type": "Point", "coordinates": [ 23.36802864074707, 42.653831481933594 ] } },
{ "type": "Feature", "properties": { "latitude": 42.660209655761719, "longitude": 23.374092102050781, "heatmap_weight": 4, "raw_occupancy": 1 }, "geometry": { "type": "Point", "coordinates": [ 23.374092102050781, 42.660209655761719 ] } },
{ "type": "Feature", "properties": { "latitude": 42.663436889648438, "longitude": 23.291763305664062, "heatmap_weight": 4, "raw_occupancy": 1 }, "geometry": { "type": "Point", "coordinates": [ 23.291763305664062, 42.663436889648438 ] } },
{ "type": "Feature", "properties": { "latitude": 42.686489105224609, "longitude": 23.299644470214844, "heatmap_weight": 4, "raw_occupancy": 1 }, "geometry": { "type": "Point", "coordinates": [ 23.299644470214844, 42.686489105224609 ] } },
{ "type": "Feature", "properties": { "latitude": 42.686119079589844, "longitude": 23.343982696533203, "heatmap_weight": 4, "raw_occupancy": 1 }, "geometry": { "type": "Point", "coordinates": [ 23.343982696533203, 42.686119079589844 ] } },
{ "type": "Feature", "properties": { "latitude": 42.717445373535156, "longitude": 23.27924919128418, "heatmap_weight": 9, "raw_occupancy": 2 }, "geometry": { "type": "Point", "coordinates": [ 23.27924919128418, 42.717445373535156 ] } },
{ "type": "Feature", "properties": { "latitude": 42.666751861572266, "longitude": 23.283575057983398, "heatmap_weight": 16, "raw_occupancy": 3 }, "geometry": { "type": "Point", "coordinates": [ 23.283575057983398, 42.666751861572266 ] } },
{ "type": "Feature", "properties": { "latitude": 42.685817718505859, "longitude": 23.328281402587891, "heatmap_weight": 9, "raw_occupancy": 2 }, "geometry": { "type": "Point", "coordinates": [ 23.328281402587891, 42.685817718505859 ] } },
{ "type": "Feature", "properties": { "latitude": 42.650352478027344, "longitude": 23.358190536499023, "heatmap_weight": 4, "raw_occupancy": 1 }, "geometry": { "type": "Point", "coordinates": [ 23.358190536499023, 42.650352478027344 ] } },
{ "type": "Feature", "properties": { "latitude": 42.718967437744141, "longitude": 23.254083633422852, "heatmap_weight": 4, "raw_occupancy": 1 }, "geometry": { "type": "Point", "coordinates": [ 23.254083633422852, 42.718967437744141 ] } },
{ "type": "Feature", "properties": { "latitude": 42.691909790039062, "longitude": 23.310699462890625, "heatmap_weight": 4, "raw_occupancy": 1 }, "geometry": { "type": "Point", "coordinates": [ 23.310699462890625, 42.691909790039062 ] } },
{ "type": "Feature", "properties": { "latitude": 42.67779541015625, "longitude": 23.355705261230469, "heatmap_weight": 9, "raw_occupancy": 2 }, "geometry": { "type": "Point", "coordinates": [ 23.355705261230469, 42.67779541015625 ] } },
{ "type": "Feature", "properties": { "latitude": 42.731670379638672, "longitude": 23.313405990600586, "heatmap_weight": 1, "raw_occupancy": 0 }, "geometry": { "type": "Point", "coordinates": [ 23.313405990600586, 42.731670379638672 ] } },
{ "type": "Feature", "properties": { "latitude": 42.686779022216797, "longitude": 23.300153732299805, "heatmap_weight": 4, "raw_occupancy": 1 }, "geometry": { "type": "Point", "coordinates": [ 23.300153732299805, 42.686779022216797 ] } },
{ "type": "Feature", "properties": { "latitude": 42.6973876953125, "longitude": 23.314559936523438, "heatmap_weight": 9, "raw_occupancy": 2 }, "geometry": { "type": "Point", "coordinates": [ 23.314559936523438, 42.6973876953125 ] } },
{ "type": "Feature", "properties": { "latitude": 42.674579620361328, "longitude": 23.328975677490234, "heatmap_weight": 9, "raw_occupancy": 2 }, "geometry": { "type": "Point", "coordinates": [ 23.328975677490234, 42.674579620361328 ] } },
{ "type": "Feature", "properties": { "latitude": 42.736076354980469, "longitude": 23.488430023193359, "heatmap_weight": 4, "raw_occupancy": 1 }, "geometry": { "type": "Point", "coordinates": [ 23.488430023193359, 42.736076354980469 ] } },
{ "type": "Feature", "properties": { "latitude": 42.671699523925781, "longitude": 23.363914489746094, "heatmap_weight": 16, "raw_occupancy": 3 }, "geometry": { "type": "Point", "coordinates": [ 23.363914489746094, 42.671699523925781 ] } },
{ "type": "Feature", "properties": { "latitude": 42.633872985839844, "longitude": 23.409168243408203, "heatmap_weight": 4, "raw_occupancy": 1 }, "geometry": { "type": "Point", "coordinates": [ 23.409168243408203, 42.633872985839844 ] } },
{ "type": "Feature", "properties": { "latitude": 42.690887451171875, "longitude": 23.338912963867188, "heatmap_weight": 4, "raw_occupancy": 1 }, "geometry": { "type": "Point", "coordinates": [ 23.338912963867188, 42.690887451171875 ] } },
{ "type": "Feature", "properties": { "latitude": 42.688606262207031, "longitude": 23.328357696533203, "heatmap_weight": 4, "raw_occupancy": 1 }, "geometry": { "type": "Point", "coordinates": [ 23.328357696533203, 42.688606262207031 ] } },
{ "type": "Feature", "properties": { "latitude": 42.679141998291016, "longitude": 23.300102233886719, "heatmap_weight": 9, "raw_occupancy": 2 }, "geometry": { "type": "Point", "coordinates": [ 23.300102233886719, 42.679141998291016 ] } },
{ "type": "Feature", "properties": { "latitude": 42.666469573974609, "longitude": 23.301116943359375, "heatmap_weight": 25, "raw_occupancy": 4 }, "geometry": { "type": "Point", "coordinates": [ 23.301116943359375, 42.666469573974609 ] } },
{ "type": "Feature", "properties": { "latitude": 42.725341796875, "longitude": 23.303861618041992, "heatmap_weight": 16, "raw_occupancy": 3 }, "geometry": { "type": "Point", "coordinates": [ 23.303861618041992, 42.725341796875 ] } },
{ "type": "Feature", "properties": { "latitude": 42.66778564453125, "longitude": 23.327045440673828, "heatmap_weight": 4, "raw_occupancy": 1 }, "geometry": { "type": "Point", "coordinates": [ 23.327045440673828, 42.66778564453125 ] } },
{ "type": "Feature", "properties": { "latitude": 42.668628692626953, "longitude": 23.425115585327148, "heatmap_weight": 4, "raw_occupancy": 1 }, "geometry": { "type": "Point", "coordinates": [ 23.425115585327148, 42.668628692626953 ] } },
{ "type": "Feature", "properties": { "latitude": 42.676555633544922, "longitude": 23.289194107055664, "heatmap_weight": 9, "raw_occupancy": 2 }, "geometry": { "type": "Point", "coordinates": [ 23.289194107055664, 42.676555633544922 ] } },
{ "type": "Feature", "properties": { "latitude": 42.524925231933594, "longitude": 23.365070343017578, "heatmap_weight": 4, "raw_occupancy": 1 }, "geometry": { "type": "Point", "coordinates": [ 23.365070343017578, 42.524925231933594 ] } },
{ "type": "Feature", "properties": { "latitude": 42.703731536865234, "longitude": 23.323524475097656, "heatmap_weight": 4, "raw_occupancy": 1 }, "geometry": { "type": "Point", "coordinates": [ 23.323524475097656, 42.703731536865234 ] } },
{ "type": "Feature", "properties": { "latitude": 42.700279235839844, "longitude": 23.315832138061523, "heatmap_weight": 9, "raw_occupancy": 2 }, "geometry": { "type": "Point", "coordinates": [ 23.315832138061523, 42.700279235839844 ] } },
{ "type": "Feature", "properties": { "latitude": 42.597675323486328, "longitude": 23.354438781738281, "heatmap_weight": 4, "raw_occupancy": 1 }, "geometry": { "type": "Point", "coordinates": [ 23.354438781738281, 42.597675323486328 ] } },
{ "type": "Feature", "properties": { "latitude": 42.696567535400391, "longitude": 23.279508590698242, "heatmap_weight": 4, "raw_occupancy": 1 }, "geometry": { "type": "Point", "coordinates": [ 23.279508590698242, 42.696567535400391 ] } },
{ "type": "Feature", "properties": { "latitude": 42.730861663818359, "longitude": 23.316160202026367, "heatmap_weight": 16, "raw_occupancy": 3 }, "geometry": { "type": "Point", "coordinates": [ 23.316160202026367, 42.730861663818359 ] } },
{ "type": "Feature", "properties": { "latitude": 42.696964263916016, "longitude": 23.353675842285156, "heatmap_weight": 4, "raw_occupancy": 1 }, "geometry": { "type": "Point", "coordinates": [ 23.353675842285156, 42.696964263916016 ] } },
{ "type": "Feature", "properties": { "latitude": 42.675071716308594, "longitude": 23.359220504760742, "heatmap_weight": 4, "raw_occupancy": 1 }, "geometry": { "type": "Point", "coordinates": [ 23.359220504760742, 42.675071716308594 ] } },
{ "type": "Feature", "properties": { "latitude": 42.694259643554688, "longitude": 23.314373016357422, "heatmap_weight": 4, "raw_occupancy": 1 }, "geometry": { "type": "Point", "coordinates": [ 23.314373016357422, 42.694259643554688 ] } },
{ "type": "Feature", "properties": { "latitude": 42.702693939208984, "longitude": 23.351722717285156, "heatmap_weight": 9, "raw_occupancy": 2 }, "geometry": { "type": "Point", "coordinates": [ 23.351722717285156, 42.702693939208984 ] } },
{ "type": "Feature", "properties": { "latitude": 42.687416076660156, "longitude": 23.316638946533203, "heatmap_weight": 4, "raw_occupancy": 1 }, "geometry": { "type": "Point", "coordinates": [ 23.316638946533203, 42.687416076660156 ] } },
{ "type": "Feature", "properties": { "latitude": 42.68511962890625, "longitude": 23.330696105957031, "heatmap_weight": 4, "raw_occupancy": 1 }, "geometry": { "type": "Point", "coordinates": [ 23.330696105957031, 42.68511962890625 ] } },
{ "type": "Feature", "properties": { "latitude": 42.685611724853516, "longitude": 23.305746078491211, "heatmap_weight": 16, "raw_occupancy": 3 }, "geometry": { "type": "Point", "coordinates": [ 23.305746078491211, 42.685611724853516 ] } },
{ "type": "Feature", "properties": { "latitude": 42.706462860107422, "longitude": 23.350790023803711, "heatmap_weight": 4, "raw_occupancy": 1 }, "geometry": { "type": "Point", "coordinates": [ 23.350790023803711, 42.706462860107422 ] } },
{ "type": "Feature", "properties": { "latitude": 42.700263977050781, "longitude": 23.310157775878906, "heatmap_weight": 4, "raw_occupancy": 1 }, "geometry": { "type": "Point", "coordinates": [ 23.310157775878906, 42.700263977050781 ] } },
{ "type": "Feature", "properties": { "latitude": 42.697029113769531, "longitude": 23.320934295654297, "heatmap_weight": 1, "raw_occupancy": 0 }, "geometry": { "type": "Point", "coordinates": [ 23.320934295654297, 42.697029113769531 ] } },
{ "type": "Feature", "properties": { "latitude": 42.667022705078125, "longitude": 23.25738525390625, "heatmap_weight": 4, "raw_occupancy": 1 }, "geometry": { "type": "Point", "coordinates": [ 23.25738525390625, 42.667022705078125 ] } },
{ "type": "Feature", "properties": { "latitude": 42.708408355712891, "longitude": 23.285667419433594, "heatmap_weight": 4, "raw_occupancy": 1 }, "geometry": { "type": "Point", "coordinates": [ 23.285667419433594, 42.708408355712891 ] } },
{ "type": "Feature", "properties": { "latitude": 42.714458465576172, "longitude": 23.16499137878418, "heatmap_weight": 9, "raw_occupancy": 2 }, "geometry": { "type": "Point", "coordinates": [ 23.16499137878418, 42.714458465576172 ] } },
{ "type": "Feature", "properties": { "latitude": 42.702781677246094, "longitude": 23.333454132080078, "heatmap_weight": 1, "raw_occupancy": 0 }, "geometry": { "type": "Point", "coordinates": [ 23.333454132080078, 42.702781677246094 ] } },
{ "type": "Feature", "properties": { "latitude": 42.683567047119141, "longitude": 23.35394287109375, "heatmap_weight": 9, "raw_occupancy": 2 }, "geometry": { "type": "Point", "coordinates": [ 23.35394287109375, 42.683567047119141 ] } },
{ "type": "Feature", "properties": { "latitude": 42.711223602294922, "longitude": 23.309474945068359, "heatmap_weight": 4, "raw_occupancy": 1 }, "geometry": { "type": "Point", "coordinates": [ 23.309474945068359, 42.711223602294922 ] } },
{ "type": "Feature", "properties": { "latitude": 42.692916870117188, "longitude": 23.309928894042969, "heatmap_weight": 16, "raw_occupancy": 3 }, "geometry": { "type": "Point", "coordinates": [ 23.309928894042969, 42.692916870117188 ] } },
{ "type": "Feature", "properties": { "latitude": 42.662933349609375, "longitude": 23.376626968383789, "heatmap_weight": 4, "raw_occupancy": 1 }, "geometry": { "type": "Point", "coordinates": [ 23.376626968383789, 42.662933349609375 ] } },
{ "type": "Feature", "properties": { "latitude": 42.751026153564453, "longitude": 23.320278167724609, "heatmap_weight": 9, "raw_occupancy": 2 }, "geometry": { "type": "Point", "coordinates": [ 23.320278167724609, 42.751026153564453 ] } },
{ "type": "Feature", "properties": { "latitude": 42.701534271240234, "longitude": 23.279054641723633, "heatmap_weight": 4, "raw_occupancy": 1 }, "geometry": { "type": "Point", "coordinates": [ 23.279054641723633, 42.701534271240234 ] } },
{ "type": "Feature", "properties": { "latitude": 42.719661712646484, "longitude": 23.31097412109375, "heatmap_weight": 1, "raw_occupancy": 0 }, "geometry": { "type": "Point", "coordinates": [ 23.31097412109375, 42.719661712646484 ] } },
{ "type": "Feature", "properties": { "latitude": 42.698337554931641, "longitude": 23.314271926879883, "heatmap_weight": 4, "raw_occupancy": 1 }, "geometry": { "type": "Point", "coordinates": [ 23.314271926879883, 42.698337554931641 ] } },
{ "type": "Feature", "properties": { "latitude": 42.702083587646484, "longitude": 23.310840606689453, "heatmap_weight": 4, "raw_occupancy": 1 }, "geometry": { "type": "Point", "coordinates": [ 23.310840606689453, 42.702083587646484 ] } },
{ "type": "Feature", "properties": { "latitude": 42.678558349609375, "longitude": 23.365310668945312, "heatmap_weight": 4, "raw_occupancy": 1 }, "geometry": { "type": "Point", "coordinates": [ 23.365310668945312, 42.678558349609375 ] } },
{ "type": "Feature", "properties": { "latitude": 42.618648529052734, "longitude": 23.44012451171875, "heatmap_weight": 4, "raw_occupancy": 1 }, "geometry": { "type": "Point", "coordinates": [ 23.44012451171875, 42.618648529052734 ] } },
{ "type": "Feature", "properties": { "latitude": 42.670936584472656, "longitude": 23.282428741455078, "heatmap_weight": 4, "raw_occupancy": 1 }, "geometry": { "type": "Point", "coordinates": [ 23.282428741455078, 42.670936584472656 ] } },
{ "type": "Feature", "properties": { "latitude": 42.677165985107422, "longitude": 23.297817230224609, "heatmap_weight": 4, "raw_occupancy": 1 }, "geometry": { "type": "Point", "coordinates": [ 23.297817230224609, 42.677165985107422 ] } },
{ "type": "Feature", "properties": { "latitude": 42.681793212890625, "longitude": 23.279836654663086, "heatmap_weight": 1, "raw_occupancy": 0 }, "geometry": { "type": "Point", "coordinates": [ 23.279836654663086, 42.681793212890625 ] } },
{ "type": "Feature", "properties": { "latitude": 42.679363250732422, "longitude": 23.302097320556641, "heatmap_weight": 4, "raw_occupancy": 1 }, "geometry": { "type": "Point", "coordinates": [ 23.302097320556641, 42.679363250732422 ] } },
{ "type": "Feature", "properties": { "latitude": 42.694881439208984, "longitude": 23.3172607421875, "heatmap_weight": 9, "raw_occupancy": 2 }, "geometry": { "type": "Point", "coordinates": [ 23.3172607421875, 42.694881439208984 ] } },
{ "type": "Feature", "properties": { "latitude": 42.722431182861328, "longitude": 23.26202392578125, "heatmap_weight": 4, "raw_occupancy": 1 }, "geometry": { "type": "Point", "coordinates": [ 23.26202392578125, 42.722431182861328 ] } },
{ "type": "Feature", "properties": { "latitude": 42.697067260742188, "longitude": 23.3154296875, "heatmap_weight": 4, "raw_occupancy": 1 }, "geometry": { "type": "Point", "coordinates": [ 23.3154296875, 42.697067260742188 ] } },
{ "type": "Feature", "properties": { "latitude": 42.702888488769531, "longitude": 23.363391876220703, "heatmap_weight": 16, "raw_occupancy": 3 }, "geometry": { "type": "Point", "coordinates": [ 23.363391876220703, 42.702888488769531 ] } },
{ "type": "Feature", "properties": { "latitude": 42.68072509765625, "longitude": 23.302248001098633, "heatmap_weight": 4, "raw_occupancy": 1 }, "geometry": { "type": "Point", "coordinates": [ 23.302248001098633, 42.68072509765625 ] } },
{ "type": "Feature", "properties": { "latitude": 42.695362091064453, "longitude": 23.35169792175293, "heatmap_weight": 4, "raw_occupancy": 1 }, "geometry": { "type": "Point", "coordinates": [ 23.35169792175293, 42.695362091064453 ] } },
{ "type": "Feature", "properties": { "latitude": 42.731010437011719, "longitude": 23.31324577331543, "heatmap_weight": 4, "raw_occupancy": 1 }, "geometry": { "type": "Point", "coordinates": [ 23.31324577331543, 42.731010437011719 ] } },
{ "type": "Feature", "properties": { "latitude": 42.679065704345703, "longitude": 23.254344940185547, "heatmap_weight": 4, "raw_occupancy": 1 }, "geometry": { "type": "Point", "coordinates": [ 23.254344940185547, 42.679065704345703 ] } },
{ "type": "Feature", "properties": { "latitude": 42.682994842529297, "longitude": 23.292654037475586, "heatmap_weight": 9, "raw_occupancy": 2 }, "geometry": { "type": "Point", "coordinates": [ 23.292654037475586, 42.682994842529297 ] } },
{ "type": "Feature", "properties": { "latitude": 42.661102294921875, "longitude": 23.295978546142578, "heatmap_weight": 4, "raw_occupancy": 1 }, "geometry": { "type": "Point", "coordinates": [ 23.295978546142578, 42.661102294921875 ] } },
{ "type": "Feature", "properties": { "latitude": 42.673851013183594, "longitude": 23.360897064208984, "heatmap_weight": 4, "raw_occupancy": 1 }, "geometry": { "type": "Point", "coordinates": [ 23.360897064208984, 42.673851013183594 ] } },
{ "type": "Feature", "properties": { "latitude": 42.820590972900391, "longitude": 23.371250152587891, "heatmap_weight": 4, "raw_occupancy": 1 }, "geometry": { "type": "Point", "coordinates": [ 23.371250152587891, 42.820590972900391 ] } },
{ "type": "Feature", "properties": { "latitude": 42.710323333740234, "longitude": 23.384458541870117, "heatmap_weight": 1, "raw_occupancy": 0 }, "geometry": { "type": "Point", "coordinates": [ 23.384458541870117, 42.710323333740234 ] } },
{ "type": "Feature", "properties": { "latitude": 42.689037322998047, "longitude": 23.319311141967773, "heatmap_weight": 36, "raw_occupancy": 5 }, "geometry": { "type": "Point", "coordinates": [ 23.319311141967773, 42.689037322998047 ] } },
{ "type": "Feature", "properties": { "latitude": 42.649303436279297, "longitude": 23.377542495727539, "heatmap_weight": 4, "raw_occupancy": 1 }, "geometry": { "type": "Point", "coordinates": [ 23.377542495727539, 42.649303436279297 ] } },
{ "type": "Feature", "properties": { "latitude": 42.634681701660156, "longitude": 23.333839416503906, "heatmap_weight": 4, "raw_occupancy": 1 }, "geometry": { "type": "Point", "coordinates": [ 23.333839416503906, 42.634681701660156 ] } },
{ "type": "Feature", "properties": { "latitude": 42.689868927001953, "longitude": 23.323410034179688, "heatmap_weight": 4, "raw_occupancy": 1 }, "geometry": { "type": "Point", "coordinates": [ 23.323410034179688, 42.689868927001953 ] } },
{ "type": "Feature", "properties": { "latitude": 42.676906585693359, "longitude": 23.268047332763672, "heatmap_weight": 4, "raw_occupancy": 1 }, "geometry": { "type": "Point", "coordinates": [ 23.268047332763672, 42.676906585693359 ] } },
{ "type": "Feature", "properties": { "latitude": 42.667560577392578, "longitude": 23.265350341796875, "heatmap_weight": 9, "raw_occupancy": 2 }, "geometry": { "type": "Point", "coordinates": [ 23.265350341796875, 42.667560577392578 ] } },
{ "type": "Feature", "properties": { "latitude": 42.70526123046875, "longitude": 23.32444953918457, "heatmap_weight": 4, "raw_occupancy": 1 }, "geometry": { "type": "Point", "coordinates": [ 23.32444953918457, 42.70526123046875 ] } },
{ "type": "Feature", "properties": { "latitude": 42.707073211669922, "longitude": 23.299600601196289, "heatmap_weight": 9, "raw_occupancy": 2 }, "geometry": { "type": "Point", "coordinates": [ 23.299600601196289, 42.707073211669922 ] } },
{ "type": "Feature", "properties": { "latitude": 42.703704833984375, "longitude": 23.333293914794922, "heatmap_weight": 4, "raw_occupancy": 1 }, "geometry": { "type": "Point", "coordinates": [ 23.333293914794922, 42.703704833984375 ] } },
{ "type": "Feature", "properties": { "latitude": 42.694488525390625, "longitude": 23.292360305786133, "heatmap_weight": 4, "raw_occupancy": 1 }, "geometry": { "type": "Point", "coordinates": [ 23.292360305786133, 42.694488525390625 ] } },
{ "type": "Feature", "properties": { "latitude": 42.684123992919922, "longitude": 23.320867538452148, "heatmap_weight": 4, "raw_occupancy": 1 }, "geometry": { "type": "Point", "coordinates": [ 23.320867538452148, 42.684123992919922 ] } },
{ "type": "Feature", "properties": { "latitude": 42.623722076416016, "longitude": 23.362398147583008, "heatmap_weight": 4, "raw_occupancy": 1 }, "geometry": { "type": "Point", "coordinates": [ 23.362398147583008, 42.623722076416016 ] } },
{ "type": "Feature", "properties": { "latitude": 42.689426422119141, "longitude": 23.25474739074707, "heatmap_weight": 9, "raw_occupancy": 2 }, "geometry": { "type": "Point", "coordinates": [ 23.25474739074707, 42.689426422119141 ] } },
{ "type": "Feature", "properties": { "latitude": 42.704563140869141, "longitude": 23.3245849609375, "heatmap_weight": 4, "raw_occupancy": 1 }, "geometry": { "type": "Point", "coordinates": [ 23.3245849609375, 42.704563140869141 ] } },
{ "type": "Feature", "properties": { "latitude": 42.662620544433594, "longitude": 23.415672302246094, "heatmap_weight": 1, "raw_occupancy": 0 }, "geometry": { "type": "Point", "coordinates": [ 23.415672302246094, 42.662620544433594 ] } },
{ "type": "Feature", "properties": { "latitude": 42.689723968505859, "longitude": 23.313783645629883, "heatmap_weight": 4, "raw_occupancy": 1 }, "geometry": { "type": "Point", "coordinates": [ 23.313783645629883, 42.689723968505859 ] } },
{ "type": "Feature", "properties": { "latitude": 42.644390106201172, "longitude": 23.374471664428711, "heatmap_weight": 4, "raw_occupancy": 1 }, "geometry": { "type": "Point", "coordinates": [ 23.374471664428711, 42.644390106201172 ] } },
{ "type": "Feature", "properties": { "latitude": 42.708671569824219, "longitude": 23.248571395874023, "heatmap_weight": 4, "raw_occupancy": 1 }, "geometry": { "type": "Point", "coordinates": [ 23.248571395874023, 42.708671569824219 ] } },
{ "type": "Feature", "properties": { "latitude": 42.652194976806641, "longitude": 23.367855072021484, "heatmap_weight": 4, "raw_occupancy": 1 }, "geometry": { "type": "Point", "coordinates": [ 23.367855072021484, 42.652194976806641 ] } },
{ "type": "Feature", "properties": { "latitude": 42.664524078369141, "longitude": 23.243803024291992, "heatmap_weight": 1, "raw_occupancy": 0 }, "geometry": { "type": "Point", "coordinates": [ 23.243803024291992, 42.664524078369141 ] } },
{ "type": "Feature", "properties": { "latitude": 42.762825012207031, "longitude": 23.314117431640625, "heatmap_weight": 9, "raw_occupancy": 2 }, "geometry": { "type": "Point", "coordinates": [ 23.314117431640625, 42.762825012207031 ] } },
{ "type": "Feature", "properties": { "latitude": 42.717067718505859, "longitude": 23.274639129638672, "heatmap_weight": 4, "raw_occupancy": 1 }, "geometry": { "type": "Point", "coordinates": [ 23.274639129638672, 42.717067718505859 ] } },
{ "type": "Feature", "properties": { "latitude": 42.700397491455078, "longitude": 23.317806243896484, "heatmap_weight": 4, "raw_occupancy": 1 }, "geometry": { "type": "Point", "coordinates": [ 23.317806243896484, 42.700397491455078 ] } },
{ "type": "Feature", "properties": { "latitude": 42.6680908203125, "longitude": 23.369636535644531, "heatmap_weight": 4, "raw_occupancy": 1 }, "geometry": { "type": "Point", "coordinates": [ 23.369636535644531, 42.6680908203125 ] } },
{ "type": "Feature", "properties": { "latitude": 42.627510070800781, "longitude": 23.446071624755859, "heatmap_weight": 4, "raw_occupancy": 1 }, "geometry": { "type": "Point", "coordinates": [ 23.446071624755859, 42.627510070800781 ] } },
{ "type": "Feature", "properties": { "latitude": 42.674003601074219, "longitude": 23.382034301757812, "heatmap_weight": 9, "raw_occupancy": 2 }, "geometry": { "type": "Point", "coordinates": [ 23.382034301757812, 42.674003601074219 ] } },
{ "type": "Feature", "properties": { "latitude": 42.677959442138672, "longitude": 23.297422409057617, "heatmap_weight": 4, "raw_occupancy": 1 }, "geometry": { "type": "Point", "coordinates": [ 23.297422409057617, 42.677959442138672 ] } },
{ "type": "Feature", "properties": { "latitude": 42.702194213867188, "longitude": 23.305137634277344, "heatmap_weight": 4, "raw_occupancy": 1 }, "geometry": { "type": "Point", "coordinates": [ 23.305137634277344, 42.702194213867188 ] } },
{ "type": "Feature", "properties": { "latitude": 42.699897766113281, "longitude": 23.323793411254883, "heatmap_weight": 1, "raw_occupancy": 0 }, "geometry": { "type": "Point", "coordinates": [ 23.323793411254883, 42.699897766113281 ] } },
{ "type": "Feature", "properties": { "latitude": 42.682022094726562, "longitude": 23.462751388549805, "heatmap_weight": 1, "raw_occupancy": 0 }, "geometry": { "type": "Point", "coordinates": [ 23.462751388549805, 42.682022094726562 ] } },
{ "type": "Feature", "properties": { "latitude": 42.698249816894531, "longitude": 23.311853408813477, "heatmap_weight": 4, "raw_occupancy": 1 }, "geometry": { "type": "Point", "coordinates": [ 23.311853408813477, 42.698249816894531 ] } },
{ "type": "Feature", "properties": { "latitude": 42.648036956787109, "longitude": 23.403713226318359, "heatmap_weight": 4, "raw_occupancy": 1 }, "geometry": { "type": "Point", "coordinates": [ 23.403713226318359, 42.648036956787109 ] } },
{ "type": "Feature", "properties": { "latitude": 42.691848754882812, "longitude": 23.309720993041992, "heatmap_weight": 1, "raw_occupancy": 0 }, "geometry": { "type": "Point", "coordinates": [ 23.309720993041992, 42.691848754882812 ] } },
{ "type": "Feature", "properties": { "latitude": 42.672454833984375, "longitude": 23.251836776733398, "heatmap_weight": 9, "raw_occupancy": 2 }, "geometry": { "type": "Point", "coordinates": [ 23.251836776733398, 42.672454833984375 ] } },
{ "type": "Feature", "properties": { "latitude": 42.638889312744141, "longitude": 23.371255874633789, "heatmap_weight": 4, "raw_occupancy": 1 }, "geometry": { "type": "Point", "coordinates": [ 23.371255874633789, 42.638889312744141 ] } },
{ "type": "Feature", "properties": { "latitude": 42.685157775878906, "longitude": 23.405038833618164, "heatmap_weight": 4, "raw_occupancy": 1 }, "geometry": { "type": "Point", "coordinates": [ 23.405038833618164, 42.685157775878906 ] } },
{ "type": "Feature", "properties": { "latitude": 42.661903381347656, "longitude": 23.294488906860352, "heatmap_weight": 36, "raw_occupancy": 5 }, "geometry": { "type": "Point", "coordinates": [ 23.294488906860352, 42.661903381347656 ] } },
{ "type": "Feature", "properties": { "latitude": 42.726215362548828, "longitude": 23.253673553466797, "heatmap_weight": 4, "raw_occupancy": 1 }, "geometry": { "type": "Point", "coordinates": [ 23.253673553466797, 42.726215362548828 ] } },
{ "type": "Feature", "properties": { "latitude": 42.682575225830078, "longitude": 23.355495452880859, "heatmap_weight": 4, "raw_occupancy": 1 }, "geometry": { "type": "Point", "coordinates": [ 23.355495452880859, 42.682575225830078 ] } },
{ "type": "Feature", "properties": { "latitude": 42.670600891113281, "longitude": 23.409500122070312, "heatmap_weight": 1, "raw_occupancy": 0 }, "geometry": { "type": "Point", "coordinates": [ 23.409500122070312, 42.670600891113281 ] } },
{ "type": "Feature", "properties": { "latitude": 42.739521026611328, "longitude": 23.303905487060547, "heatmap_weight": 4, "raw_occupancy": 1 }, "geometry": { "type": "Point", "coordinates": [ 23.303905487060547, 42.739521026611328 ] } },
{ "type": "Feature", "properties": { "latitude": 42.691757202148438, "longitude": 23.325496673583984, "heatmap_weight": 1, "raw_occupancy": 0 }, "geometry": { "type": "Point", "coordinates": [ 23.325496673583984, 42.691757202148438 ] } },
{ "type": "Feature", "properties": { "latitude": 42.714920043945312, "longitude": 23.34222412109375, "heatmap_weight": 4, "raw_occupancy": 1 }, "geometry": { "type": "Point", "coordinates": [ 23.34222412109375, 42.714920043945312 ] } },
{ "type": "Feature", "properties": { "latitude": 42.673263549804688, "longitude": 23.335443496704102, "heatmap_weight": 4, "raw_occupancy": 1 }, "geometry": { "type": "Point", "coordinates": [ 23.335443496704102, 42.673263549804688 ] } },
{ "type": "Feature", "properties": { "latitude": 42.731796264648438, "longitude": 23.313409805297852, "heatmap_weight": 4, "raw_occupancy": 1 }, "geometry": { "type": "Point", "coordinates": [ 23.313409805297852, 42.731796264648438 ] } },
{ "type": "Feature", "properties": { "latitude": 42.699493408203125, "longitude": 23.343631744384766, "heatmap_weight": 4, "raw_occupancy": 1 }, "geometry": { "type": "Point", "coordinates": [ 23.343631744384766, 42.699493408203125 ] } },
{ "type": "Feature", "properties": { "latitude": 42.696456909179688, "longitude": 23.360860824584961, "heatmap_weight": 9, "raw_occupancy": 2 }, "geometry": { "type": "Point", "coordinates": [ 23.360860824584961, 42.696456909179688 ] } },
{ "type": "Feature", "properties": { "latitude": 42.676177978515625, "longitude": 23.359376907348633, "heatmap_weight": 4, "raw_occupancy": 1 }, "geometry": { "type": "Point", "coordinates": [ 23.359376907348633, 42.676177978515625 ] } },
{ "type": "Feature", "properties": { "latitude": 42.689167022705078, "longitude": 23.401123046875, "heatmap_weight": 4, "raw_occupancy": 1 }, "geometry": { "type": "Point", "coordinates": [ 23.401123046875, 42.689167022705078 ] } },
{ "type": "Feature", "properties": { "latitude": 42.656890869140625, "longitude": 23.314792633056641, "heatmap_weight": 9, "raw_occupancy": 2 }, "geometry": { "type": "Point", "coordinates": [ 23.314792633056641, 42.656890869140625 ] } },
{ "type": "Feature", "properties": { "latitude": 42.731067657470703, "longitude": 23.313491821289062, "heatmap_weight": 1, "raw_occupancy": 0 }, "geometry": { "type": "Point", "coordinates": [ 23.313491821289062, 42.731067657470703 ] } },
{ "type": "Feature", "properties": { "latitude": 42.705394744873047, "longitude": 23.333986282348633, "heatmap_weight": 9, "raw_occupancy": 2 }, "geometry": { "type": "Point", "coordinates": [ 23.333986282348633, 42.705394744873047 ] } },
{ "type": "Feature", "properties": { "latitude": 42.681514739990234, "longitude": 23.331760406494141, "heatmap_weight": 1, "raw_occupancy": 0 }, "geometry": { "type": "Point", "coordinates": [ 23.331760406494141, 42.681514739990234 ] } },
{ "type": "Feature", "properties": { "latitude": 42.679943084716797, "longitude": 23.304227828979492, "heatmap_weight": 4, "raw_occupancy": 1 }, "geometry": { "type": "Point", "coordinates": [ 23.304227828979492, 42.679943084716797 ] } },
{ "type": "Feature", "properties": { "latitude": 42.716705322265625, "longitude": 23.28624153137207, "heatmap_weight": 9, "raw_occupancy": 2 }, "geometry": { "type": "Point", "coordinates": [ 23.28624153137207, 42.716705322265625 ] } },
{ "type": "Feature", "properties": { "latitude": 42.718151092529297, "longitude": 23.232269287109375, "heatmap_weight": 16, "raw_occupancy": 3 }, "geometry": { "type": "Point", "coordinates": [ 23.232269287109375, 42.718151092529297 ] } },
{ "type": "Feature", "properties": { "latitude": 42.660850524902344, "longitude": 23.379497528076172, "heatmap_weight": 9, "raw_occupancy": 2 }, "geometry": { "type": "Point", "coordinates": [ 23.379497528076172, 42.660850524902344 ] } },
{ "type": "Feature", "properties": { "latitude": 42.676124572753906, "longitude": 23.359567642211914, "heatmap_weight": 4, "raw_occupancy": 1 }, "geometry": { "type": "Point", "coordinates": [ 23.359567642211914, 42.676124572753906 ] } },
{ "type": "Feature", "properties": { "latitude": 42.681018829345703, "longitude": 23.332036972045898, "heatmap_weight": 16, "raw_occupancy": 3 }, "geometry": { "type": "Point", "coordinates": [ 23.332036972045898, 42.681018829345703 ] } },
{ "type": "Feature", "properties": { "latitude": 42.643070220947266, "longitude": 23.345016479492188, "heatmap_weight": 4, "raw_occupancy": 1 }, "geometry": { "type": "Point", "coordinates": [ 23.345016479492188, 42.643070220947266 ] } },
{ "type": "Feature", "properties": { "latitude": 42.692577362060547, "longitude": 23.344167709350586, "heatmap_weight": 4, "raw_occupancy": 1 }, "geometry": { "type": "Point", "coordinates": [ 23.344167709350586, 42.692577362060547 ] } },
{ "type": "Feature", "properties": { "latitude": 42.677974700927734, "longitude": 23.370588302612305, "heatmap_weight": 1, "raw_occupancy": 0 }, "geometry": { "type": "Point", "coordinates": [ 23.370588302612305, 42.677974700927734 ] } },
{ "type": "Feature", "properties": { "latitude": 42.653598785400391, "longitude": 23.265918731689453, "heatmap_weight": 1, "raw_occupancy": 0 }, "geometry": { "type": "Point", "coordinates": [ 23.265918731689453, 42.653598785400391 ] } },
{ "type": "Feature", "properties": { "latitude": 42.690238952636719, "longitude": 23.351570129394531, "heatmap_weight": 9, "raw_occupancy": 2 }, "geometry": { "type": "Point", "coordinates": [ 23.351570129394531, 42.690238952636719 ] } },
{ "type": "Feature", "properties": { "latitude": 42.720542907714844, "longitude": 23.311891555786133, "heatmap_weight": 4, "raw_occupancy": 1 }, "geometry": { "type": "Point", "coordinates": [ 23.311891555786133, 42.720542907714844 ] } },
{ "type": "Feature", "properties": { "latitude": 42.660240173339844, "longitude": 23.318029403686523, "heatmap_weight": 16, "raw_occupancy": 3 }, "geometry": { "type": "Point", "coordinates": [ 23.318029403686523, 42.660240173339844 ] } },
{ "type": "Feature", "properties": { "latitude": 42.686702728271484, "longitude": 23.324874877929688, "heatmap_weight": 25, "raw_occupancy": 4 }, "geometry": { "type": "Point", "coordinates": [ 23.324874877929688, 42.686702728271484 ] } },
{ "type": "Feature", "properties": { "latitude": 42.638671875, "longitude": 23.334449768066406, "heatmap_weight": 16, "raw_occupancy": 3 }, "geometry": { "type": "Point", "coordinates": [ 23.334449768066406, 42.638671875 ] } },
{ "type": "Feature", "properties": { "latitude": 42.732627868652344, "longitude": 23.472356796264648, "heatmap_weight": 4, "raw_occupancy": 1 }, "geometry": { "type": "Point", "coordinates": [ 23.472356796264648, 42.732627868652344 ] } },
{ "type": "Feature", "properties": { "latitude": 42.667793273925781, "longitude": 23.402132034301758, "heatmap_weight": 9, "raw_occupancy": 2 }, "geometry": { "type": "Point", "coordinates": [ 23.402132034301758, 42.667793273925781 ] } },
{ "type": "Feature", "properties": { "latitude": 42.658649444580078, "longitude": 23.343999862670898, "heatmap_weight": 4, "raw_occupancy": 1 }, "geometry": { "type": "Point", "coordinates": [ 23.343999862670898, 42.658649444580078 ] } },
{ "type": "Feature", "properties": { "latitude": 42.546943664550781, "longitude": 23.361759185791016, "heatmap_weight": 4, "raw_occupancy": 1 }, "geometry": { "type": "Point", "coordinates": [ 23.361759185791016, 42.546943664550781 ] } },
{ "type": "Feature", "properties": { "latitude": 42.680347442626953, "longitude": 23.302061080932617, "heatmap_weight": 9, "raw_occupancy": 2 }, "geometry": { "type": "Point", "coordinates": [ 23.302061080932617, 42.680347442626953 ] } },
{ "type": "Feature", "properties": { "latitude": 42.710968017578125, "longitude": 23.292030334472656, "heatmap_weight": 9, "raw_occupancy": 2 }, "geometry": { "type": "Point", "coordinates": [ 23.292030334472656, 42.710968017578125 ] } },
{ "type": "Feature", "properties": { "latitude": 42.623172760009766, "longitude": 23.372426986694336, "heatmap_weight": 4, "raw_occupancy": 1 }, "geometry": { "type": "Point", "coordinates": [ 23.372426986694336, 42.623172760009766 ] } },
{ "type": "Feature", "properties": { "latitude": 42.670841217041016, "longitude": 23.351568222045898, "heatmap_weight": 4, "raw_occupancy": 1 }, "geometry": { "type": "Point", "coordinates": [ 23.351568222045898, 42.670841217041016 ] } },
{ "type": "Feature", "properties": { "latitude": 42.699741363525391, "longitude": 23.312294006347656, "heatmap_weight": 4, "raw_occupancy": 1 }, "geometry": { "type": "Point", "coordinates": [ 23.312294006347656, 42.699741363525391 ] } },
{ "type": "Feature", "properties": { "latitude": 42.651298522949219, "longitude": 23.357086181640625, "heatmap_weight": 4, "raw_occupancy": 1 }, "geometry": { "type": "Point", "coordinates": [ 23.357086181640625, 42.651298522949219 ] } },
{ "type": "Feature", "properties": { "latitude": 42.710742950439453, "longitude": 23.318611145019531, "heatmap_weight": 4, "raw_occupancy": 1 }, "geometry": { "type": "Point", "coordinates": [ 23.318611145019531, 42.710742950439453 ] } },
{ "type": "Feature", "properties": { "latitude": 42.701644897460938, "longitude": 23.277917861938477, "heatmap_weight": 4, "raw_occupancy": 1 }, "geometry": { "type": "Point", "coordinates": [ 23.277917861938477, 42.701644897460938 ] } },
{ "type": "Feature", "properties": { "latitude": 42.705810546875, "longitude": 23.332511901855469, "heatmap_weight": 1, "raw_occupancy": 0 }, "geometry": { "type": "Point", "coordinates": [ 23.332511901855469, 42.705810546875 ] } },
{ "type": "Feature", "properties": { "latitude": 42.665180206298828, "longitude": 23.260158538818359, "heatmap_weight": 4, "raw_occupancy": 1 }, "geometry": { "type": "Point", "coordinates": [ 23.260158538818359, 42.665180206298828 ] } },
{ "type": "Feature", "properties": { "latitude": 42.748283386230469, "longitude": 23.273643493652344, "heatmap_weight": 4, "raw_occupancy": 1 }, "geometry": { "type": "Point", "coordinates": [ 23.273643493652344, 42.748283386230469 ] } },
{ "type": "Feature", "properties": { "latitude": 42.675571441650391, "longitude": 23.35888671875, "heatmap_weight": 4, "raw_occupancy": 1 }, "geometry": { "type": "Point", "coordinates": [ 23.35888671875, 42.675571441650391 ] } },
{ "type": "Feature", "properties": { "latitude": 42.715576171875, "longitude": 23.324285507202148, "heatmap_weight": 1, "raw_occupancy": 0 }, "geometry": { "type": "Point", "coordinates": [ 23.324285507202148, 42.715576171875 ] } },
{ "type": "Feature", "properties": { "latitude": 42.69085693359375, "longitude": 23.354534149169922, "heatmap_weight": 4, "raw_occupancy": 1 }, "geometry": { "type": "Point", "coordinates": [ 23.354534149169922, 42.69085693359375 ] } },
{ "type": "Feature", "properties": { "latitude": 42.637260437011719, "longitude": 23.341358184814453, "heatmap_weight": 4, "raw_occupancy": 1 }, "geometry": { "type": "Point", "coordinates": [ 23.341358184814453, 42.637260437011719 ] } },
{ "type": "Feature", "properties": { "latitude": 42.675403594970703, "longitude": 23.359107971191406, "heatmap_weight": 9, "raw_occupancy": 2 }, "geometry": { "type": "Point", "coordinates": [ 23.359107971191406, 42.675403594970703 ] } },
{ "type": "Feature", "properties": { "latitude": 42.750190734863281, "longitude": 23.220178604125977, "heatmap_weight": 4, "raw_occupancy": 1 }, "geometry": { "type": "Point", "coordinates": [ 23.220178604125977, 42.750190734863281 ] } },
{ "type": "Feature", "properties": { "latitude": 42.685325622558594, "longitude": 23.304513931274414, "heatmap_weight": 4, "raw_occupancy": 1 }, "geometry": { "type": "Point", "coordinates": [ 23.304513931274414, 42.685325622558594 ] } },
{ "type": "Feature", "properties": { "latitude": 42.713382720947266, "longitude": 23.338319778442383, "heatmap_weight": 4, "raw_occupancy": 1 }, "geometry": { "type": "Point", "coordinates": [ 23.338319778442383, 42.713382720947266 ] } },
{ "type": "Feature", "properties": { "latitude": 42.658279418945312, "longitude": 23.316196441650391, "heatmap_weight": 1, "raw_occupancy": 0 }, "geometry": { "type": "Point", "coordinates": [ 23.316196441650391, 42.658279418945312 ] } },
{ "type": "Feature", "properties": { "latitude": 42.678619384765625, "longitude": 23.284866333007812, "heatmap_weight": 4, "raw_occupancy": 1 }, "geometry": { "type": "Point", "coordinates": [ 23.284866333007812, 42.678619384765625 ] } },
{ "type": "Feature", "properties": { "latitude": 42.642948150634766, "longitude": 23.308992385864258, "heatmap_weight": 1, "raw_occupancy": 0 }, "geometry": { "type": "Point", "coordinates": [ 23.308992385864258, 42.642948150634766 ] } },
{ "type": "Feature", "properties": { "latitude": 42.827217102050781, "longitude": 23.240802764892578, "heatmap_weight": 4, "raw_occupancy": 1 }, "geometry": { "type": "Point", "coordinates": [ 23.240802764892578, 42.827217102050781 ] } },
{ "type": "Feature", "properties": { "latitude": 42.721820831298828, "longitude": 23.331193923950195, "heatmap_weight": 9, "raw_occupancy": 2 }, "geometry": { "type": "Point", "coordinates": [ 23.331193923950195, 42.721820831298828 ] } },
{ "type": "Feature", "properties": { "latitude": 42.661956787109375, "longitude": 23.35401725769043, "heatmap_weight": 16, "raw_occupancy": 3 }, "geometry": { "type": "Point", "coordinates": [ 23.35401725769043, 42.661956787109375 ] } },
{ "type": "Feature", "properties": { "latitude": 42.684059143066406, "longitude": 23.163684844970703, "heatmap_weight": 4, "raw_occupancy": 1 }, "geometry": { "type": "Point", "coordinates": [ 23.163684844970703, 42.684059143066406 ] } },
{ "type": "Feature", "properties": { "latitude": 42.794216156005859, "longitude": 23.447544097900391, "heatmap_weight": 4, "raw_occupancy": 1 }, "geometry": { "type": "Point", "coordinates": [ 23.447544097900391, 42.794216156005859 ] } },
{ "type": "Feature", "properties": { "latitude": 42.677410125732422, "longitude": 23.249368667602539, "heatmap_weight": 9, "raw_occupancy": 2 }, "geometry": { "type": "Point", "coordinates": [ 23.249368667602539, 42.677410125732422 ] } },
{ "type": "Feature", "properties": { "latitude": 42.657432556152344, "longitude": 23.337799072265625, "heatmap_weight": 4, "raw_occupancy": 1 }, "geometry": { "type": "Point", "coordinates": [ 23.337799072265625, 42.657432556152344 ] } },
{ "type": "Feature", "properties": { "latitude": 42.697513580322266, "longitude": 23.354536056518555, "heatmap_weight": 4, "raw_occupancy": 1 }, "geometry": { "type": "Point", "coordinates": [ 23.354536056518555, 42.697513580322266 ] } },
{ "type": "Feature", "properties": { "latitude": 42.702304840087891, "longitude": 23.333583831787109, "heatmap_weight": 4, "raw_occupancy": 1 }, "geometry": { "type": "Point", "coordinates": [ 23.333583831787109, 42.702304840087891 ] } },
{ "type": "Feature", "properties": { "latitude": 42.714973449707031, "longitude": 23.309913635253906, "heatmap_weight": 9, "raw_occupancy": 2 }, "geometry": { "type": "Point", "coordinates": [ 23.309913635253906, 42.714973449707031 ] } },
{ "type": "Feature", "properties": { "latitude": 42.679115295410156, "longitude": 23.343620300292969, "heatmap_weight": 4, "raw_occupancy": 1 }, "geometry": { "type": "Point", "coordinates": [ 23.343620300292969, 42.679115295410156 ] } },
{ "type": "Feature", "properties": { "latitude": 42.623138427734375, "longitude": 23.37101936340332, "heatmap_weight": 4, "raw_occupancy": 1 }, "geometry": { "type": "Point", "coordinates": [ 23.37101936340332, 42.623138427734375 ] } },
{ "type": "Feature", "properties": { "latitude": 42.650691986083984, "longitude": 23.335691452026367, "heatmap_weight": 4, "raw_occupancy": 1 }, "geometry": { "type": "Point", "coordinates": [ 23.335691452026367, 42.650691986083984 ] } },
{ "type": "Feature", "properties": { "latitude": 42.668674468994141, "longitude": 23.352804183959961, "heatmap_weight": 4, "raw_occupancy": 1 }, "geometry": { "type": "Point", "coordinates": [ 23.352804183959961, 42.668674468994141 ] } },
{ "type": "Feature", "properties": { "latitude": 42.70050048828125, "longitude": 23.296960830688477, "heatmap_weight": 4, "raw_occupancy": 1 }, "geometry": { "type": "Point", "coordinates": [ 23.296960830688477, 42.70050048828125 ] } },
{ "type": "Feature", "properties": { "latitude": 42.745723724365234, "longitude": 23.349166870117188, "heatmap_weight": 1, "raw_occupancy": 0 }, "geometry": { "type": "Point", "coordinates": [ 23.349166870117188, 42.745723724365234 ] } },
{ "type": "Feature", "properties": { "latitude": 42.665119171142578, "longitude": 23.452648162841797, "heatmap_weight": 1, "raw_occupancy": 0 }, "geometry": { "type": "Point", "coordinates": [ 23.452648162841797, 42.665119171142578 ] } },
{ "type": "Feature", "properties": { "latitude": 42.696979522705078, "longitude": 23.358163833618164, "heatmap_weight": 9, "raw_occupancy": 2 }, "geometry": { "type": "Point", "coordinates": [ 23.358163833618164, 42.696979522705078 ] } },
{ "type": "Feature", "properties": { "latitude": 42.811573028564453, "longitude": 23.377279281616211, "heatmap_weight": 1, "raw_occupancy": 0 }, "geometry": { "type": "Point", "coordinates": [ 23.377279281616211, 42.811573028564453 ] } },
{ "type": "Feature", "properties": { "latitude": 42.716518402099609, "longitude": 23.249992370605469, "heatmap_weight": 4, "raw_occupancy": 1 }, "geometry": { "type": "Point", "coordinates": [ 23.249992370605469, 42.716518402099609 ] } },
{ "type": "Feature", "properties": { "latitude": 42.671348571777344, "longitude": 23.36482048034668, "heatmap_weight": 9, "raw_occupancy": 2 }, "geometry": { "type": "Point", "coordinates": [ 23.36482048034668, 42.671348571777344 ] } },
{ "type": "Feature", "properties": { "latitude": 42.707080841064453, "longitude": 23.299167633056641, "heatmap_weight": 9, "raw_occupancy": 2 }, "geometry": { "type": "Point", "coordinates": [ 23.299167633056641, 42.707080841064453 ] } },
{ "type": "Feature", "properties": { "latitude": 42.694957733154297, "longitude": 23.321201324462891, "heatmap_weight": 9, "raw_occupancy": 2 }, "geometry": { "type": "Point", "coordinates": [ 23.321201324462891, 42.694957733154297 ] } },
{ "type": "Feature", "properties": { "latitude": 42.674335479736328, "longitude": 23.31279182434082, "heatmap_weight": 4, "raw_occupancy": 1 }, "geometry": { "type": "Point", "coordinates": [ 23.31279182434082, 42.674335479736328 ] } },
{ "type": "Feature", "properties": { "latitude": 42.698509216308594, "longitude": 23.332405090332031, "heatmap_weight": 9, "raw_occupancy": 2 }, "geometry": { "type": "Point", "coordinates": [ 23.332405090332031, 42.698509216308594 ] } },
{ "type": "Feature", "properties": { "latitude": 42.705547332763672, "longitude": 23.483827590942383, "heatmap_weight": 9, "raw_occupancy": 2 }, "geometry": { "type": "Point", "coordinates": [ 23.483827590942383, 42.705547332763672 ] } },
{ "type": "Feature", "properties": { "latitude": 42.695232391357422, "longitude": 23.337533950805664, "heatmap_weight": 4, "raw_occupancy": 1 }, "geometry": { "type": "Point", "coordinates": [ 23.337533950805664, 42.695232391357422 ] } },
{ "type": "Feature", "properties": { "latitude": 42.669956207275391, "longitude": 23.383256912231445, "heatmap_weight": 1, "raw_occupancy": 0 }, "geometry": { "type": "Point", "coordinates": [ 23.383256912231445, 42.669956207275391 ] } },
{ "type": "Feature", "properties": { "latitude": 42.669460296630859, "longitude": 23.399682998657227, "heatmap_weight": 9, "raw_occupancy": 2 }, "geometry": { "type": "Point", "coordinates": [ 23.399682998657227, 42.669460296630859 ] } },
{ "type": "Feature", "properties": { "latitude": 42.714561462402344, "longitude": 23.312028884887695, "heatmap_weight": 1, "raw_occupancy": 0 }, "geometry": { "type": "Point", "coordinates": [ 23.312028884887695, 42.714561462402344 ] } },
{ "type": "Feature", "properties": { "latitude": 42.669132232666016, "longitude": 23.303775787353516, "heatmap_weight": 1, "raw_occupancy": 0 }, "geometry": { "type": "Point", "coordinates": [ 23.303775787353516, 42.669132232666016 ] } },
{ "type": "Feature", "properties": { "latitude": 42.688255310058594, "longitude": 23.329019546508789, "heatmap_weight": 4, "raw_occupancy": 1 }, "geometry": { "type": "Point", "coordinates": [ 23.329019546508789, 42.688255310058594 ] } },
{ "type": "Feature", "properties": { "latitude": 42.6597900390625, "longitude": 23.347551345825195, "heatmap_weight": 4, "raw_occupancy": 1 }, "geometry": { "type": "Point", "coordinates": [ 23.347551345825195, 42.6597900390625 ] } },
{ "type": "Feature", "properties": { "latitude": 42.637699127197266, "longitude": 23.322536468505859, "heatmap_weight": 4, "raw_occupancy": 1 }, "geometry": { "type": "Point", "coordinates": [ 23.322536468505859, 42.637699127197266 ] } },
{ "type": "Feature", "properties": { "latitude": 42.634246826171875, "longitude": 23.330173492431641, "heatmap_weight": 4, "raw_occupancy": 1 }, "geometry": { "type": "Point", "coordinates": [ 23.330173492431641, 42.634246826171875 ] } },
{ "type": "Feature", "properties": { "latitude": 42.639266967773438, "longitude": 23.375041961669922, "heatmap_weight": 4, "raw_occupancy": 1 }, "geometry": { "type": "Point", "coordinates": [ 23.375041961669922, 42.639266967773438 ] } },
{ "type": "Feature", "properties": { "latitude": 42.644931793212891, "longitude": 23.345199584960938, "heatmap_weight": 1, "raw_occupancy": 0 }, "geometry": { "type": "Point", "coordinates": [ 23.345199584960938, 42.644931793212891 ] } },
{ "type": "Feature", "properties": { "latitude": 42.705299377441406, "longitude": 23.297727584838867, "heatmap_weight": 4, "raw_occupancy": 1 }, "geometry": { "type": "Point", "coordinates": [ 23.297727584838867, 42.705299377441406 ] } },
{ "type": "Feature", "properties": { "latitude": 42.654426574707031, "longitude": 23.401308059692383, "heatmap_weight": 4, "raw_occupancy": 1 }, "geometry": { "type": "Point", "coordinates": [ 23.401308059692383, 42.654426574707031 ] } },
{ "type": "Feature", "properties": { "latitude": 42.696441650390625, "longitude": 23.33985710144043, "heatmap_weight": 9, "raw_occupancy": 2 }, "geometry": { "type": "Point", "coordinates": [ 23.33985710144043, 42.696441650390625 ] } },
{ "type": "Feature", "properties": { "latitude": 42.759723663330078, "longitude": 23.315916061401367, "heatmap_weight": 9, "raw_occupancy": 2 }, "geometry": { "type": "Point", "coordinates": [ 23.315916061401367, 42.759723663330078 ] } },
{ "type": "Feature", "properties": { "latitude": 42.695701599121094, "longitude": 23.286581039428711, "heatmap_weight": 4, "raw_occupancy": 1 }, "geometry": { "type": "Point", "coordinates": [ 23.286581039428711, 42.695701599121094 ] } },
{ "type": "Feature", "properties": { "latitude": 42.670970916748047, "longitude": 23.273458480834961, "heatmap_weight": 16, "raw_occupancy": 3 }, "geometry": { "type": "Point", "coordinates": [ 23.273458480834961, 42.670970916748047 ] } },
{ "type": "Feature", "properties": { "latitude": 42.672580718994141, "longitude": 23.274072647094727, "heatmap_weight": 9, "raw_occupancy": 2 }, "geometry": { "type": "Point", "coordinates": [ 23.274072647094727, 42.672580718994141 ] } },
{ "type": "Feature", "properties": { "latitude": 42.663330078125, "longitude": 23.324462890625, "heatmap_weight": 4, "raw_occupancy": 1 }, "geometry": { "type": "Point", "coordinates": [ 23.324462890625, 42.663330078125 ] } },
{ "type": "Feature", "properties": { "latitude": 42.718486785888672, "longitude": 23.291095733642578, "heatmap_weight": 1, "raw_occupancy": 0 }, "geometry": { "type": "Point", "coordinates": [ 23.291095733642578, 42.718486785888672 ] } },
{ "type": "Feature", "properties": { "latitude": 42.672855377197266, "longitude": 23.335824966430664, "heatmap_weight": 1, "raw_occupancy": 0 }, "geometry": { "type": "Point", "coordinates": [ 23.335824966430664, 42.672855377197266 ] } },
{ "type": "Feature", "properties": { "latitude": 42.621841430664062, "longitude": 23.324073791503906, "heatmap_weight": 9, "raw_occupancy": 2 }, "geometry": { "type": "Point", "coordinates": [ 23.324073791503906, 42.621841430664062 ] } },
{ "type": "Feature", "properties": { "latitude": 42.691986083984375, "longitude": 23.324220657348633, "heatmap_weight": 1, "raw_occupancy": 0 }, "geometry": { "type": "Point", "coordinates": [ 23.324220657348633, 42.691986083984375 ] } },
{ "type": "Feature", "properties": { "latitude": 42.848621368408203, "longitude": 23.269357681274414, "heatmap_weight": 4, "raw_occupancy": 1 }, "geometry": { "type": "Point", "coordinates": [ 23.269357681274414, 42.848621368408203 ] } },
{ "type": "Feature", "properties": { "latitude": 42.675022125244141, "longitude": 23.381708145141602, "heatmap_weight": 9, "raw_occupancy": 2 }, "geometry": { "type": "Point", "coordinates": [ 23.381708145141602, 42.675022125244141 ] } },
{ "type": "Feature", "properties": { "latitude": 42.66558837890625, "longitude": 23.362842559814453, "heatmap_weight": 4, "raw_occupancy": 1 }, "geometry": { "type": "Point", "coordinates": [ 23.362842559814453, 42.66558837890625 ] } },
{ "type": "Feature", "properties": { "latitude": 42.672657012939453, "longitude": 23.284996032714844, "heatmap_weight": 4, "raw_occupancy": 1 }, "geometry": { "type": "Point", "coordinates": [ 23.284996032714844, 42.672657012939453 ] } },
{ "type": "Feature", "properties": { "latitude": 42.657455444335938, "longitude": 23.359024047851562, "heatmap_weight": 16, "raw_occupancy": 3 }, "geometry": { "type": "Point", "coordinates": [ 23.359024047851562, 42.657455444335938 ] } },
{ "type": "Feature", "properties": { "latitude": 42.673053741455078, "longitude": 23.245946884155273, "heatmap_weight": 4, "raw_occupancy": 1 }, "geometry": { "type": "Point", "coordinates": [ 23.245946884155273, 42.673053741455078 ] } },
{ "type": "Feature", "properties": { "latitude": 42.672229766845703, "longitude": 23.294097900390625, "heatmap_weight": 16, "raw_occupancy": 3 }, "geometry": { "type": "Point", "coordinates": [ 23.294097900390625, 42.672229766845703 ] } },
{ "type": "Feature", "properties": { "latitude": 42.734161376953125, "longitude": 23.087118148803711, "heatmap_weight": 4, "raw_occupancy": 1 }, "geometry": { "type": "Point", "coordinates": [ 23.087118148803711, 42.734161376953125 ] } },
{ "type": "Feature", "properties": { "latitude": 42.714977264404297, "longitude": 23.310203552246094, "heatmap_weight": 4, "raw_occupancy": 1 }, "geometry": { "type": "Point", "coordinates": [ 23.310203552246094, 42.714977264404297 ] } },
{ "type": "Feature", "properties": { "latitude": 42.664962768554688, "longitude": 23.259653091430664, "heatmap_weight": 1, "raw_occupancy": 0 }, "geometry": { "type": "Point", "coordinates": [ 23.259653091430664, 42.664962768554688 ] } },
{ "type": "Feature", "properties": { "latitude": 42.646953582763672, "longitude": 23.346267700195312, "heatmap_weight": 1, "raw_occupancy": 0 }, "geometry": { "type": "Point", "coordinates": [ 23.346267700195312, 42.646953582763672 ] } },
{ "type": "Feature", "properties": { "latitude": 42.71142578125, "longitude": 23.370389938354492, "heatmap_weight": 1, "raw_occupancy": 0 }, "geometry": { "type": "Point", "coordinates": [ 23.370389938354492, 42.71142578125 ] } },
{ "type": "Feature", "properties": { "latitude": 42.668727874755859, "longitude": 23.276481628417969, "heatmap_weight": 9, "raw_occupancy": 2 }, "geometry": { "type": "Point", "coordinates": [ 23.276481628417969, 42.668727874755859 ] } },
{ "type": "Feature", "properties": { "latitude": 42.669517517089844, "longitude": 23.280130386352539, "heatmap_weight": 4, "raw_occupancy": 1 }, "geometry": { "type": "Point", "coordinates": [ 23.280130386352539, 42.669517517089844 ] } },
{ "type": "Feature", "properties": { "latitude": 42.684738159179688, "longitude": 23.300760269165039, "heatmap_weight": 16, "raw_occupancy": 3 }, "geometry": { "type": "Point", "coordinates": [ 23.300760269165039, 42.684738159179688 ] } },
{ "type": "Feature", "properties": { "latitude": 42.672046661376953, "longitude": 23.336692810058594, "heatmap_weight": 16, "raw_occupancy": 3 }, "geometry": { "type": "Point", "coordinates": [ 23.336692810058594, 42.672046661376953 ] } },
{ "type": "Feature", "properties": { "latitude": 42.699150085449219, "longitude": 23.339927673339844, "heatmap_weight": 4, "raw_occupancy": 1 }, "geometry": { "type": "Point", "coordinates": [ 23.339927673339844, 42.699150085449219 ] } },
{ "type": "Feature", "properties": { "latitude": 42.794834136962891, "longitude": 23.413721084594727, "heatmap_weight": 1, "raw_occupancy": 0 }, "geometry": { "type": "Point", "coordinates": [ 23.413721084594727, 42.794834136962891 ] } },
{ "type": "Feature", "properties": { "latitude": 42.656669616699219, "longitude": 23.317106246948242, "heatmap_weight": 4, "raw_occupancy": 1 }, "geometry": { "type": "Point", "coordinates": [ 23.317106246948242, 42.656669616699219 ] } },
{ "type": "Feature", "properties": { "latitude": 42.679645538330078, "longitude": 23.302240371704102, "heatmap_weight": 9, "raw_occupancy": 2 }, "geometry": { "type": "Point", "coordinates": [ 23.302240371704102, 42.679645538330078 ] } },
{ "type": "Feature", "properties": { "latitude": 42.689830780029297, "longitude": 23.331125259399414, "heatmap_weight": 4, "raw_occupancy": 1 }, "geometry": { "type": "Point", "coordinates": [ 23.331125259399414, 42.689830780029297 ] } },
{ "type": "Feature", "properties": { "latitude": 42.659099578857422, "longitude": 23.348054885864258, "heatmap_weight": 9, "raw_occupancy": 2 }, "geometry": { "type": "Point", "coordinates": [ 23.348054885864258, 42.659099578857422 ] } },
{ "type": "Feature", "properties": { "latitude": 42.665603637695312, "longitude": 23.362737655639648, "heatmap_weight": 4, "raw_occupancy": 1 }, "geometry": { "type": "Point", "coordinates": [ 23.362737655639648, 42.665603637695312 ] } },
{ "type": "Feature", "properties": { "latitude": 42.687515258789062, "longitude": 23.341951370239258, "heatmap_weight": 9, "raw_occupancy": 2 }, "geometry": { "type": "Point", "coordinates": [ 23.341951370239258, 42.687515258789062 ] } },
{ "type": "Feature", "properties": { "latitude": 42.642650604248047, "longitude": 23.230234146118164, "heatmap_weight": 1, "raw_occupancy": 0 }, "geometry": { "type": "Point", "coordinates": [ 23.230234146118164, 42.642650604248047 ] } },
{ "type": "Feature", "properties": { "latitude": 42.761920928955078, "longitude": 23.275236129760742, "heatmap_weight": 9, "raw_occupancy": 2 }, "geometry": { "type": "Point", "coordinates": [ 23.275236129760742, 42.761920928955078 ] } },
{ "type": "Feature", "properties": { "latitude": 42.750839233398438, "longitude": 23.218917846679688, "heatmap_weight": 4, "raw_occupancy": 1 }, "geometry": { "type": "Point", "coordinates": [ 23.218917846679688, 42.750839233398438 ] } },
{ "type": "Feature", "properties": { "latitude": 42.659412384033203, "longitude": 23.392587661743164, "heatmap_weight": 4, "raw_occupancy": 1 }, "geometry": { "type": "Point", "coordinates": [ 23.392587661743164, 42.659412384033203 ] } },
{ "type": "Feature", "properties": { "latitude": 42.707103729248047, "longitude": 23.299224853515625, "heatmap_weight": 4, "raw_occupancy": 1 }, "geometry": { "type": "Point", "coordinates": [ 23.299224853515625, 42.707103729248047 ] } },
{ "type": "Feature", "properties": { "latitude": 42.669563293457031, "longitude": 23.392848968505859, "heatmap_weight": 4, "raw_occupancy": 1 }, "geometry": { "type": "Point", "coordinates": [ 23.392848968505859, 42.669563293457031 ] } },
{ "type": "Feature", "properties": { "latitude": 42.677135467529297, "longitude": 23.24089241027832, "heatmap_weight": 1, "raw_occupancy": 0 }, "geometry": { "type": "Point", "coordinates": [ 23.24089241027832, 42.677135467529297 ] } },
{ "type": "Feature", "properties": { "latitude": 42.693973541259766, "longitude": 23.315160751342773, "heatmap_weight": 4, "raw_occupancy": 1 }, "geometry": { "type": "Point", "coordinates": [ 23.315160751342773, 42.693973541259766 ] } },
{ "type": "Feature", "properties": { "latitude": 42.652378082275391, "longitude": 23.347347259521484, "heatmap_weight": 1, "raw_occupancy": 0 }, "geometry": { "type": "Point", "coordinates": [ 23.347347259521484, 42.652378082275391 ] } },
{ "type": "Feature", "properties": { "latitude": 42.702121734619141, "longitude": 23.355079650878906, "heatmap_weight": 9, "raw_occupancy": 2 }, "geometry": { "type": "Point", "coordinates": [ 23.355079650878906, 42.702121734619141 ] } },
{ "type": "Feature", "properties": { "latitude": 42.695259094238281, "longitude": 23.290098190307617, "heatmap_weight": 9, "raw_occupancy": 2 }, "geometry": { "type": "Point", "coordinates": [ 23.290098190307617, 42.695259094238281 ] } },
{ "type": "Feature", "properties": { "latitude": 42.708042144775391, "longitude": 23.333074569702148, "heatmap_weight": 4, "raw_occupancy": 1 }, "geometry": { "type": "Point", "coordinates": [ 23.333074569702148, 42.708042144775391 ] } },
{ "type": "Feature", "properties": { "latitude": 42.684558868408203, "longitude": 23.301752090454102, "heatmap_weight": 9, "raw_occupancy": 2 }, "geometry": { "type": "Point", "coordinates": [ 23.301752090454102, 42.684558868408203 ] } },
{ "type": "Feature", "properties": { "latitude": 42.694309234619141, "longitude": 23.293304443359375, "heatmap_weight": 9, "raw_occupancy": 2 }, "geometry": { "type": "Point", "coordinates": [ 23.293304443359375, 42.694309234619141 ] } },
{ "type": "Feature", "properties": { "latitude": 42.708526611328125, "longitude": 23.318161010742188, "heatmap_weight": 1, "raw_occupancy": 0 }, "geometry": { "type": "Point", "coordinates": [ 23.318161010742188, 42.708526611328125 ] } },
{ "type": "Feature", "properties": { "latitude": 42.714725494384766, "longitude": 23.244319915771484, "heatmap_weight": 9, "raw_occupancy": 2 }, "geometry": { "type": "Point", "coordinates": [ 23.244319915771484, 42.714725494384766 ] } },
{ "type": "Feature", "properties": { "latitude": 42.664325714111328, "longitude": 23.360233306884766, "heatmap_weight": 9, "raw_occupancy": 2 }, "geometry": { "type": "Point", "coordinates": [ 23.360233306884766, 42.664325714111328 ] } },
{ "type": "Feature", "properties": { "latitude": 42.68682861328125, "longitude": 23.273273468017578, "heatmap_weight": 4, "raw_occupancy": 1 }, "geometry": { "type": "Point", "coordinates": [ 23.273273468017578, 42.68682861328125 ] } },
{ "type": "Feature", "properties": { "latitude": 42.654495239257812, "longitude": 23.347824096679688, "heatmap_weight": 9, "raw_occupancy": 2 }, "geometry": { "type": "Point", "coordinates": [ 23.347824096679688, 42.654495239257812 ] } },
{ "type": "Feature", "properties": { "latitude": 42.65447998046875, "longitude": 23.411083221435547, "heatmap_weight": 1, "raw_occupancy": 0 }, "geometry": { "type": "Point", "coordinates": [ 23.411083221435547, 42.65447998046875 ] } },
{ "type": "Feature", "properties": { "latitude": 42.681556701660156, "longitude": 23.312965393066406, "heatmap_weight": 9, "raw_occupancy": 2 }, "geometry": { "type": "Point", "coordinates": [ 23.312965393066406, 42.681556701660156 ] } },
{ "type": "Feature", "properties": { "latitude": 42.704353332519531, "longitude": 23.32933235168457, "heatmap_weight": 4, "raw_occupancy": 1 }, "geometry": { "type": "Point", "coordinates": [ 23.32933235168457, 42.704353332519531 ] } },
{ "type": "Feature", "properties": { "latitude": 42.660842895507812, "longitude": 23.391489028930664, "heatmap_weight": 9, "raw_occupancy": 2 }, "geometry": { "type": "Point", "coordinates": [ 23.391489028930664, 42.660842895507812 ] } },
{ "type": "Feature", "properties": { "latitude": 42.728298187255859, "longitude": 23.249839782714844, "heatmap_weight": 4, "raw_occupancy": 1 }, "geometry": { "type": "Point", "coordinates": [ 23.249839782714844, 42.728298187255859 ] } },
{ "type": "Feature", "properties": { "latitude": 42.679450988769531, "longitude": 23.301855087280273, "heatmap_weight": 4, "raw_occupancy": 1 }, "geometry": { "type": "Point", "coordinates": [ 23.301855087280273, 42.679450988769531 ] } },
{ "type": "Feature", "properties": { "latitude": 42.669795989990234, "longitude": 23.276287078857422, "heatmap_weight": 9, "raw_occupancy": 2 }, "geometry": { "type": "Point", "coordinates": [ 23.276287078857422, 42.669795989990234 ] } },
{ "type": "Feature", "properties": { "latitude": 42.698898315429688, "longitude": 23.325798034667969, "heatmap_weight": 4, "raw_occupancy": 1 }, "geometry": { "type": "Point", "coordinates": [ 23.325798034667969, 42.698898315429688 ] } },
{ "type": "Feature", "properties": { "latitude": 42.668659210205078, "longitude": 23.401304244995117, "heatmap_weight": 4, "raw_occupancy": 1 }, "geometry": { "type": "Point", "coordinates": [ 23.401304244995117, 42.668659210205078 ] } },
{ "type": "Feature", "properties": { "latitude": 42.685737609863281, "longitude": 23.25566291809082, "heatmap_weight": 9, "raw_occupancy": 2 }, "geometry": { "type": "Point", "coordinates": [ 23.25566291809082, 42.685737609863281 ] } },
{ "type": "Feature", "properties": { "latitude": 42.808513641357422, "longitude": 23.278190612792969, "heatmap_weight": 4, "raw_occupancy": 1 }, "geometry": { "type": "Point", "coordinates": [ 23.278190612792969, 42.808513641357422 ] } },
{ "type": "Feature", "properties": { "latitude": 42.689826965332031, "longitude": 23.230424880981445, "heatmap_weight": 16, "raw_occupancy": 3 }, "geometry": { "type": "Point", "coordinates": [ 23.230424880981445, 42.689826965332031 ] } },
{ "type": "Feature", "properties": { "latitude": 42.661514282226562, "longitude": 23.284273147583008, "heatmap_weight": 1, "raw_occupancy": 0 }, "geometry": { "type": "Point", "coordinates": [ 23.284273147583008, 42.661514282226562 ] } },
{ "type": "Feature", "properties": { "latitude": 42.688312530517578, "longitude": 23.33338737487793, "heatmap_weight": 4, "raw_occupancy": 1 }, "geometry": { "type": "Point", "coordinates": [ 23.33338737487793, 42.688312530517578 ] } },
{ "type": "Feature", "properties": { "latitude": 42.64605712890625, "longitude": 23.334331512451172, "heatmap_weight": 9, "raw_occupancy": 2 }, "geometry": { "type": "Point", "coordinates": [ 23.334331512451172, 42.64605712890625 ] } },
{ "type": "Feature", "properties": { "latitude": 42.709861755371094, "longitude": 23.376750946044922, "heatmap_weight": 4, "raw_occupancy": 1 }, "geometry": { "type": "Point", "coordinates": [ 23.376750946044922, 42.709861755371094 ] } },
{ "type": "Feature", "properties": { "latitude": 42.661052703857422, "longitude": 23.295009613037109, "heatmap_weight": 4, "raw_occupancy": 1 }, "geometry": { "type": "Point", "coordinates": [ 23.295009613037109, 42.661052703857422 ] } },
{ "type": "Feature", "properties": { "latitude": 42.678031921386719, "longitude": 23.355060577392578, "heatmap_weight": 4, "raw_occupancy": 1 }, "geometry": { "type": "Point", "coordinates": [ 23.355060577392578, 42.678031921386719 ] } },
{ "type": "Feature", "properties": { "latitude": 42.656238555908203, "longitude": 23.41444206237793, "heatmap_weight": 1, "raw_occupancy": 0 }, "geometry": { "type": "Point", "coordinates": [ 23.41444206237793, 42.656238555908203 ] } },
{ "type": "Feature", "properties": { "latitude": 42.636878967285156, "longitude": 23.384292602539062, "heatmap_weight": 4, "raw_occupancy": 1 }, "geometry": { "type": "Point", "coordinates": [ 23.384292602539062, 42.636878967285156 ] } },
{ "type": "Feature", "properties": { "latitude": 42.656879425048828, "longitude": 23.315399169921875, "heatmap_weight": 4, "raw_occupancy": 1 }, "geometry": { "type": "Point", "coordinates": [ 23.315399169921875, 42.656879425048828 ] } },
{ "type": "Feature", "properties": { "latitude": 42.719669342041016, "longitude": 23.239570617675781, "heatmap_weight": 9, "raw_occupancy": 2 }, "geometry": { "type": "Point", "coordinates": [ 23.239570617675781, 42.719669342041016 ] } },
{ "type": "Feature", "properties": { "latitude": 42.677249908447266, "longitude": 23.368377685546875, "heatmap_weight": 4, "raw_occupancy": 1 }, "geometry": { "type": "Point", "coordinates": [ 23.368377685546875, 42.677249908447266 ] } },
{ "type": "Feature", "properties": { "latitude": 42.683807373046875, "longitude": 23.324190139770508, "heatmap_weight": 9, "raw_occupancy": 2 }, "geometry": { "type": "Point", "coordinates": [ 23.324190139770508, 42.683807373046875 ] } },
{ "type": "Feature", "properties": { "latitude": 42.733009338378906, "longitude": 23.343578338623047, "heatmap_weight": 4, "raw_occupancy": 1 }, "geometry": { "type": "Point", "coordinates": [ 23.343578338623047, 42.733009338378906 ] } },
{ "type": "Feature", "properties": { "latitude": 42.703052520751953, "longitude": 23.298088073730469, "heatmap_weight": 4, "raw_occupancy": 1 }, "geometry": { "type": "Point", "coordinates": [ 23.298088073730469, 42.703052520751953 ] } },
{ "type": "Feature", "properties": { "latitude": 42.707916259765625, "longitude": 23.318178176879883, "heatmap_weight": 4, "raw_occupancy": 1 }, "geometry": { "type": "Point", "coordinates": [ 23.318178176879883, 42.707916259765625 ] } },
{ "type": "Feature", "properties": { "latitude": 42.712203979492188, "longitude": 23.37989616394043, "heatmap_weight": 1, "raw_occupancy": 0 }, "geometry": { "type": "Point", "coordinates": [ 23.37989616394043, 42.712203979492188 ] } },
{ "type": "Feature", "properties": { "latitude": 42.690223693847656, "longitude": 23.338022232055664, "heatmap_weight": 9, "raw_occupancy": 2 }, "geometry": { "type": "Point", "coordinates": [ 23.338022232055664, 42.690223693847656 ] } },
{ "type": "Feature", "properties": { "latitude": 42.714591979980469, "longitude": 23.141077041625977, "heatmap_weight": 4, "raw_occupancy": 1 }, "geometry": { "type": "Point", "coordinates": [ 23.141077041625977, 42.714591979980469 ] } },
{ "type": "Feature", "properties": { "latitude": 42.675228118896484, "longitude": 23.303560256958008, "heatmap_weight": 9, "raw_occupancy": 2 }, "geometry": { "type": "Point", "coordinates": [ 23.303560256958008, 42.675228118896484 ] } },
{ "type": "Feature", "properties": { "latitude": 42.721290588378906, "longitude": 23.240768432617188, "heatmap_weight": 16, "raw_occupancy": 3 }, "geometry": { "type": "Point", "coordinates": [ 23.240768432617188, 42.721290588378906 ] } },
{ "type": "Feature", "properties": { "latitude": 42.714775085449219, "longitude": 23.310638427734375, "heatmap_weight": 1, "raw_occupancy": 0 }, "geometry": { "type": "Point", "coordinates": [ 23.310638427734375, 42.714775085449219 ] } },
{ "type": "Feature", "properties": { "latitude": 42.698501586914062, "longitude": 23.310102462768555, "heatmap_weight": 1, "raw_occupancy": 0 }, "geometry": { "type": "Point", "coordinates": [ 23.310102462768555, 42.698501586914062 ] } },
{ "type": "Feature", "properties": { "latitude": 42.680957794189453, "longitude": 23.26953125, "heatmap_weight": 4, "raw_occupancy": 1 }, "geometry": { "type": "Point", "coordinates": [ 23.26953125, 42.680957794189453 ] } },
{ "type": "Feature", "properties": { "latitude": 42.643196105957031, "longitude": 23.313058853149414, "heatmap_weight": 4, "raw_occupancy": 1 }, "geometry": { "type": "Point", "coordinates": [ 23.313058853149414, 42.643196105957031 ] } },
{ "type": "Feature", "properties": { "latitude": 42.848670959472656, "longitude": 23.267641067504883, "heatmap_weight": 4, "raw_occupancy": 1 }, "geometry": { "type": "Point", "coordinates": [ 23.267641067504883, 42.848670959472656 ] } },
{ "type": "Feature", "properties": { "latitude": 42.65716552734375, "longitude": 23.316165924072266, "heatmap_weight": 1, "raw_occupancy": 0 }, "geometry": { "type": "Point", "coordinates": [ 23.316165924072266, 42.65716552734375 ] } },
{ "type": "Feature", "properties": { "latitude": 42.663047790527344, "longitude": 23.356912612915039, "heatmap_weight": 9, "raw_occupancy": 2 }, "geometry": { "type": "Point", "coordinates": [ 23.356912612915039, 42.663047790527344 ] } },
{ "type": "Feature", "properties": { "latitude": 42.685752868652344, "longitude": 23.274465560913086, "heatmap_weight": 9, "raw_occupancy": 2 }, "geometry": { "type": "Point", "coordinates": [ 23.274465560913086, 42.685752868652344 ] } },
{ "type": "Feature", "properties": { "latitude": 42.705657958984375, "longitude": 23.310003280639648, "heatmap_weight": 4, "raw_occupancy": 1 }, "geometry": { "type": "Point", "coordinates": [ 23.310003280639648, 42.705657958984375 ] } },
{ "type": "Feature", "properties": { "latitude": 42.65142822265625, "longitude": 23.342397689819336, "heatmap_weight": 4, "raw_occupancy": 1 }, "geometry": { "type": "Point", "coordinates": [ 23.342397689819336, 42.65142822265625 ] } },
{ "type": "Feature", "properties": { "latitude": 42.687705993652344, "longitude": 23.332391738891602, "heatmap_weight": 4, "raw_occupancy": 1 }, "geometry": { "type": "Point", "coordinates": [ 23.332391738891602, 42.687705993652344 ] } },
{ "type": "Feature", "properties": { "latitude": 42.729846954345703, "longitude": 23.293121337890625, "heatmap_weight": 4, "raw_occupancy": 1 }, "geometry": { "type": "Point", "coordinates": [ 23.293121337890625, 42.729846954345703 ] } },
{ "type": "Feature", "properties": { "latitude": 42.738922119140625, "longitude": 23.30299186706543, "heatmap_weight": 4, "raw_occupancy": 1 }, "geometry": { "type": "Point", "coordinates": [ 23.30299186706543, 42.738922119140625 ] } },
{ "type": "Feature", "properties": { "latitude": 42.719856262207031, "longitude": 23.312385559082031, "heatmap_weight": 1, "raw_occupancy": 0 }, "geometry": { "type": "Point", "coordinates": [ 23.312385559082031, 42.719856262207031 ] } },
{ "type": "Feature", "properties": { "latitude": 42.71514892578125, "longitude": 23.360570907592773, "heatmap_weight": 1, "raw_occupancy": 0 }, "geometry": { "type": "Point", "coordinates": [ 23.360570907592773, 42.71514892578125 ] } },
{ "type": "Feature", "properties": { "latitude": 42.703876495361328, "longitude": 23.346794128417969, "heatmap_weight": 4, "raw_occupancy": 1 }, "geometry": { "type": "Point", "coordinates": [ 23.346794128417969, 42.703876495361328 ] } },
{ "type": "Feature", "properties": { "latitude": 42.671703338623047, "longitude": 23.293912887573242, "heatmap_weight": 1, "raw_occupancy": 0 }, "geometry": { "type": "Point", "coordinates": [ 23.293912887573242, 42.671703338623047 ] } },
{ "type": "Feature", "properties": { "latitude": 42.679866790771484, "longitude": 23.37158203125, "heatmap_weight": 4, "raw_occupancy": 1 }, "geometry": { "type": "Point", "coordinates": [ 23.37158203125, 42.679866790771484 ] } },
{ "type": "Feature", "properties": { "latitude": 42.710502624511719, "longitude": 23.271699905395508, "heatmap_weight": 4, "raw_occupancy": 1 }, "geometry": { "type": "Point", "coordinates": [ 23.271699905395508, 42.710502624511719 ] } },
{ "type": "Feature", "properties": { "latitude": 42.690921783447266, "longitude": 23.324111938476562, "heatmap_weight": 4, "raw_occupancy": 1 }, "geometry": { "type": "Point", "coordinates": [ 23.324111938476562, 42.690921783447266 ] } },
{ "type": "Feature", "properties": { "latitude": 42.726020812988281, "longitude": 23.281965255737305, "heatmap_weight": 4, "raw_occupancy": 1 }, "geometry": { "type": "Point", "coordinates": [ 23.281965255737305, 42.726020812988281 ] } },
{ "type": "Feature", "properties": { "latitude": 42.704444885253906, "longitude": 23.366933822631836, "heatmap_weight": 9, "raw_occupancy": 2 }, "geometry": { "type": "Point", "coordinates": [ 23.366933822631836, 42.704444885253906 ] } },
{ "type": "Feature", "properties": { "latitude": 42.703624725341797, "longitude": 23.336221694946289, "heatmap_weight": 4, "raw_occupancy": 1 }, "geometry": { "type": "Point", "coordinates": [ 23.336221694946289, 42.703624725341797 ] } },
{ "type": "Feature", "properties": { "latitude": 42.700054168701172, "longitude": 23.316055297851562, "heatmap_weight": 4, "raw_occupancy": 1 }, "geometry": { "type": "Point", "coordinates": [ 23.316055297851562, 42.700054168701172 ] } },
{ "type": "Feature", "properties": { "latitude": 42.634178161621094, "longitude": 23.373012542724609, "heatmap_weight": 16, "raw_occupancy": 3 }, "geometry": { "type": "Point", "coordinates": [ 23.373012542724609, 42.634178161621094 ] } },
{ "type": "Feature", "properties": { "latitude": 42.762992858886719, "longitude": 23.420469284057617, "heatmap_weight": 9, "raw_occupancy": 2 }, "geometry": { "type": "Point", "coordinates": [ 23.420469284057617, 42.762992858886719 ] } },
{ "type": "Feature", "properties": { "latitude": 42.695041656494141, "longitude": 23.334831237792969, "heatmap_weight": 4, "raw_occupancy": 1 }, "geometry": { "type": "Point", "coordinates": [ 23.334831237792969, 42.695041656494141 ] } },
{ "type": "Feature", "properties": { "latitude": 42.706348419189453, "longitude": 23.332403182983398, "heatmap_weight": 1, "raw_occupancy": 0 }, "geometry": { "type": "Point", "coordinates": [ 23.332403182983398, 42.706348419189453 ] } },
{ "type": "Feature", "properties": { "latitude": 42.694995880126953, "longitude": 23.31529426574707, "heatmap_weight": 4, "raw_occupancy": 1 }, "geometry": { "type": "Point", "coordinates": [ 23.31529426574707, 42.694995880126953 ] } },
{ "type": "Feature", "properties": { "latitude": 42.681262969970703, "longitude": 23.308597564697266, "heatmap_weight": 9, "raw_occupancy": 2 }, "geometry": { "type": "Point", "coordinates": [ 23.308597564697266, 42.681262969970703 ] } },
{ "type": "Feature", "properties": { "latitude": 42.698314666748047, "longitude": 23.331230163574219, "heatmap_weight": 4, "raw_occupancy": 1 }, "geometry": { "type": "Point", "coordinates": [ 23.331230163574219, 42.698314666748047 ] } },
{ "type": "Feature", "properties": { "latitude": 42.665908813476562, "longitude": 23.363227844238281, "heatmap_weight": 9, "raw_occupancy": 2 }, "geometry": { "type": "Point", "coordinates": [ 23.363227844238281, 42.665908813476562 ] } },
{ "type": "Feature", "properties": { "latitude": 42.685234069824219, "longitude": 23.344882965087891, "heatmap_weight": 9, "raw_occupancy": 2 }, "geometry": { "type": "Point", "coordinates": [ 23.344882965087891, 42.685234069824219 ] } },
{ "type": "Feature", "properties": { "latitude": 42.701332092285156, "longitude": 23.291555404663086, "heatmap_weight": 4, "raw_occupancy": 1 }, "geometry": { "type": "Point", "coordinates": [ 23.291555404663086, 42.701332092285156 ] } },
{ "type": "Feature", "properties": { "latitude": 42.704643249511719, "longitude": 23.332185745239258, "heatmap_weight": 9, "raw_occupancy": 2 }, "geometry": { "type": "Point", "coordinates": [ 23.332185745239258, 42.704643249511719 ] } },
{ "type": "Feature", "properties": { "latitude": 42.692256927490234, "longitude": 23.369260787963867, "heatmap_weight": 4, "raw_occupancy": 1 }, "geometry": { "type": "Point", "coordinates": [ 23.369260787963867, 42.692256927490234 ] } },
{ "type": "Feature", "properties": { "latitude": 42.731189727783203, "longitude": 23.313255310058594, "heatmap_weight": 9, "raw_occupancy": 2 }, "geometry": { "type": "Point", "coordinates": [ 23.313255310058594, 42.731189727783203 ] } },
{ "type": "Feature", "properties": { "latitude": 42.695819854736328, "longitude": 23.319215774536133, "heatmap_weight": 1, "raw_occupancy": 0 }, "geometry": { "type": "Point", "coordinates": [ 23.319215774536133, 42.695819854736328 ] } },
{ "type": "Feature", "properties": { "latitude": 42.772426605224609, "longitude": 23.534639358520508, "heatmap_weight": 1, "raw_occupancy": 0 }, "geometry": { "type": "Point", "coordinates": [ 23.534639358520508, 42.772426605224609 ] } },
{ "type": "Feature", "properties": { "latitude": 42.744644165039062, "longitude": 23.605617523193359, "heatmap_weight": 4, "raw_occupancy": 1 }, "geometry": { "type": "Point", "coordinates": [ 23.605617523193359, 42.744644165039062 ] } },
{ "type": "Feature", "properties": { "latitude": 42.695945739746094, "longitude": 23.335039138793945, "heatmap_weight": 1, "raw_occupancy": 0 }, "geometry": { "type": "Point", "coordinates": [ 23.335039138793945, 42.695945739746094 ] } },
{ "type": "Feature", "properties": { "latitude": 42.688556671142578, "longitude": 23.315036773681641, "heatmap_weight": 9, "raw_occupancy": 2 }, "geometry": { "type": "Point", "coordinates": [ 23.315036773681641, 42.688556671142578 ] } },
{ "type": "Feature", "properties": { "latitude": 42.689556121826172, "longitude": 23.314304351806641, "heatmap_weight": 4, "raw_occupancy": 1 }, "geometry": { "type": "Point", "coordinates": [ 23.314304351806641, 42.689556121826172 ] } },
{ "type": "Feature", "properties": { "latitude": 42.725231170654297, "longitude": 23.260738372802734, "heatmap_weight": 1, "raw_occupancy": 0 }, "geometry": { "type": "Point", "coordinates": [ 23.260738372802734, 42.725231170654297 ] } },
{ "type": "Feature", "properties": { "latitude": 42.707004547119141, "longitude": 23.323305130004883, "heatmap_weight": 4, "raw_occupancy": 1 }, "geometry": { "type": "Point", "coordinates": [ 23.323305130004883, 42.707004547119141 ] } },
{ "type": "Feature", "properties": { "latitude": 42.678932189941406, "longitude": 23.321617126464844, "heatmap_weight": 4, "raw_occupancy": 1 }, "geometry": { "type": "Point", "coordinates": [ 23.321617126464844, 42.678932189941406 ] } },
{ "type": "Feature", "properties": { "latitude": 42.743801116943359, "longitude": 23.283937454223633, "heatmap_weight": 4, "raw_occupancy": 1 }, "geometry": { "type": "Point", "coordinates": [ 23.283937454223633, 42.743801116943359 ] } },
{ "type": "Feature", "properties": { "latitude": 42.664310455322266, "longitude": 23.317438125610352, "heatmap_weight": 1, "raw_occupancy": 0 }, "geometry": { "type": "Point", "coordinates": [ 23.317438125610352, 42.664310455322266 ] } },
{ "type": "Feature", "properties": { "latitude": 42.648544311523438, "longitude": 23.367765426635742, "heatmap_weight": 1, "raw_occupancy": 0 }, "geometry": { "type": "Point", "coordinates": [ 23.367765426635742, 42.648544311523438 ] } },
{ "type": "Feature", "properties": { "latitude": 42.711891174316406, "longitude": 23.318750381469727, "heatmap_weight": 1, "raw_occupancy": 0 }, "geometry": { "type": "Point", "coordinates": [ 23.318750381469727, 42.711891174316406 ] } },
{ "type": "Feature", "properties": { "latitude": 42.654518127441406, "longitude": 23.348455429077148, "heatmap_weight": 16, "raw_occupancy": 3 }, "geometry": { "type": "Point", "coordinates": [ 23.348455429077148, 42.654518127441406 ] } },
{ "type": "Feature", "properties": { "latitude": 42.650474548339844, "longitude": 23.378538131713867, "heatmap_weight": 4, "raw_occupancy": 1 }, "geometry": { "type": "Point", "coordinates": [ 23.378538131713867, 42.650474548339844 ] } },
{ "type": "Feature", "properties": { "latitude": 42.707889556884766, "longitude": 23.364059448242188, "heatmap_weight": 1, "raw_occupancy": 0 }, "geometry": { "type": "Point", "coordinates": [ 23.364059448242188, 42.707889556884766 ] } },
{ "type": "Feature", "properties": { "latitude": 42.657058715820312, "longitude": 23.307680130004883, "heatmap_weight": 4, "raw_occupancy": 1 }, "geometry": { "type": "Point", "coordinates": [ 23.307680130004883, 42.657058715820312 ] } },
{ "type": "Feature", "properties": { "latitude": 42.663360595703125, "longitude": 23.415842056274414, "heatmap_weight": 1, "raw_occupancy": 0 }, "geometry": { "type": "Point", "coordinates": [ 23.415842056274414, 42.663360595703125 ] } },
{ "type": "Feature", "properties": { "latitude": 42.648971557617188, "longitude": 23.262310028076172, "heatmap_weight": 9, "raw_occupancy": 2 }, "geometry": { "type": "Point", "coordinates": [ 23.262310028076172, 42.648971557617188 ] } },
{ "type": "Feature", "properties": { "latitude": 42.718414306640625, "longitude": 23.23603630065918, "heatmap_weight": 4, "raw_occupancy": 1 }, "geometry": { "type": "Point", "coordinates": [ 23.23603630065918, 42.718414306640625 ] } },
{ "type": "Feature", "properties": { "latitude": 42.700607299804688, "longitude": 23.296558380126953, "heatmap_weight": 9, "raw_occupancy": 2 }, "geometry": { "type": "Point", "coordinates": [ 23.296558380126953, 42.700607299804688 ] } },
{ "type": "Feature", "properties": { "latitude": 42.653518676757812, "longitude": 23.316024780273438, "heatmap_weight": 4, "raw_occupancy": 1 }, "geometry": { "type": "Point", "coordinates": [ 23.316024780273438, 42.653518676757812 ] } },
{ "type": "Feature", "properties": { "latitude": 42.688018798828125, "longitude": 23.340951919555664, "heatmap_weight": 4, "raw_occupancy": 1 }, "geometry": { "type": "Point", "coordinates": [ 23.340951919555664, 42.688018798828125 ] } },
{ "type": "Feature", "properties": { "latitude": 42.705696105957031, "longitude": 23.347795486450195, "heatmap_weight": 4, "raw_occupancy": 1 }, "geometry": { "type": "Point", "coordinates": [ 23.347795486450195, 42.705696105957031 ] } },
{ "type": "Feature", "properties": { "latitude": 42.643569946289062, "longitude": 23.345170974731445, "heatmap_weight": 1, "raw_occupancy": 0 }, "geometry": { "type": "Point", "coordinates": [ 23.345170974731445, 42.643569946289062 ] } },
{ "type": "Feature", "properties": { "latitude": 42.680503845214844, "longitude": 23.281744003295898, "heatmap_weight": 4, "raw_occupancy": 1 }, "geometry": { "type": "Point", "coordinates": [ 23.281744003295898, 42.680503845214844 ] } },
{ "type": "Feature", "properties": { "latitude": 42.683383941650391, "longitude": 23.347541809082031, "heatmap_weight": 9, "raw_occupancy": 2 }, "geometry": { "type": "Point", "coordinates": [ 23.347541809082031, 42.683383941650391 ] } },
{ "type": "Feature", "properties": { "latitude": 42.617137908935547, "longitude": 23.402053833007812, "heatmap_weight": 4, "raw_occupancy": 1 }, "geometry": { "type": "Point", "coordinates": [ 23.402053833007812, 42.617137908935547 ] } },
{ "type": "Feature", "properties": { "latitude": 42.669219970703125, "longitude": 23.276725769042969, "heatmap_weight": 4, "raw_occupancy": 1 }, "geometry": { "type": "Point", "coordinates": [ 23.276725769042969, 42.669219970703125 ] } },
{ "type": "Feature", "properties": { "latitude": 42.695110321044922, "longitude": 23.320976257324219, "heatmap_weight": 9, "raw_occupancy": 2 }, "geometry": { "type": "Point", "coordinates": [ 23.320976257324219, 42.695110321044922 ] } },
{ "type": "Feature", "properties": { "latitude": 42.687065124511719, "longitude": 23.300529479980469, "heatmap_weight": 1, "raw_occupancy": 0 }, "geometry": { "type": "Point", "coordinates": [ 23.300529479980469, 42.687065124511719 ] } },
{ "type": "Feature", "properties": { "latitude": 42.642002105712891, "longitude": 23.402610778808594, "heatmap_weight": 9, "raw_occupancy": 2 }, "geometry": { "type": "Point", "coordinates": [ 23.402610778808594, 42.642002105712891 ] } },
{ "type": "Feature", "properties": { "latitude": 42.654415130615234, "longitude": 23.371423721313477, "heatmap_weight": 1, "raw_occupancy": 0 }, "geometry": { "type": "Point", "coordinates": [ 23.371423721313477, 42.654415130615234 ] } },
{ "type": "Feature", "properties": { "latitude": 42.665554046630859, "longitude": 23.40687370300293, "heatmap_weight": 4, "raw_occupancy": 1 }, "geometry": { "type": "Point", "coordinates": [ 23.40687370300293, 42.665554046630859 ] } },
{ "type": "Feature", "properties": { "latitude": 42.689903259277344, "longitude": 23.313470840454102, "heatmap_weight": 36, "raw_occupancy": 5 }, "geometry": { "type": "Point", "coordinates": [ 23.313470840454102, 42.689903259277344 ] } },
{ "type": "Feature", "properties": { "latitude": 42.683147430419922, "longitude": 23.243356704711914, "heatmap_weight": 1, "raw_occupancy": 0 }, "geometry": { "type": "Point", "coordinates": [ 23.243356704711914, 42.683147430419922 ] } },
{ "type": "Feature", "properties": { "latitude": 42.6673583984375, "longitude": 23.386569976806641, "heatmap_weight": 4, "raw_occupancy": 1 }, "geometry": { "type": "Point", "coordinates": [ 23.386569976806641, 42.6673583984375 ] } },
{ "type": "Feature", "properties": { "latitude": 42.6783447265625, "longitude": 23.321067810058594, "heatmap_weight": 9, "raw_occupancy": 2 }, "geometry": { "type": "Point", "coordinates": [ 23.321067810058594, 42.6783447265625 ] } },
{ "type": "Feature", "properties": { "latitude": 42.733905792236328, "longitude": 23.309055328369141, "heatmap_weight": 4, "raw_occupancy": 1 }, "geometry": { "type": "Point", "coordinates": [ 23.309055328369141, 42.733905792236328 ] } },
{ "type": "Feature", "properties": { "latitude": 42.613685607910156, "longitude": 23.338830947875977, "heatmap_weight": 4, "raw_occupancy": 1 }, "geometry": { "type": "Point", "coordinates": [ 23.338830947875977, 42.613685607910156 ] } },
{ "type": "Feature", "properties": { "latitude": 42.638996124267578, "longitude": 23.397792816162109, "heatmap_weight": 1, "raw_occupancy": 0 }, "geometry": { "type": "Point", "coordinates": [ 23.397792816162109, 42.638996124267578 ] } },
{ "type": "Feature", "properties": { "latitude": 42.705108642578125, "longitude": 23.333461761474609, "heatmap_weight": 4, "raw_occupancy": 1 }, "geometry": { "type": "Point", "coordinates": [ 23.333461761474609, 42.705108642578125 ] } },
{ "type": "Feature", "properties": { "latitude": 42.67889404296875, "longitude": 23.285327911376953, "heatmap_weight": 4, "raw_occupancy": 1 }, "geometry": { "type": "Point", "coordinates": [ 23.285327911376953, 42.67889404296875 ] } },
{ "type": "Feature", "properties": { "latitude": 42.724102020263672, "longitude": 23.305047988891602, "heatmap_weight": 4, "raw_occupancy": 1 }, "geometry": { "type": "Point", "coordinates": [ 23.305047988891602, 42.724102020263672 ] } },
{ "type": "Feature", "properties": { "latitude": 42.7000732421875, "longitude": 23.322414398193359, "heatmap_weight": 9, "raw_occupancy": 2 }, "geometry": { "type": "Point", "coordinates": [ 23.322414398193359, 42.7000732421875 ] } },
{ "type": "Feature", "properties": { "latitude": 42.719245910644531, "longitude": 23.086238861083984, "heatmap_weight": 1, "raw_occupancy": 0 }, "geometry": { "type": "Point", "coordinates": [ 23.086238861083984, 42.719245910644531 ] } },
{ "type": "Feature", "properties": { "latitude": 42.656600952148438, "longitude": 23.321043014526367, "heatmap_weight": 1, "raw_occupancy": 0 }, "geometry": { "type": "Point", "coordinates": [ 23.321043014526367, 42.656600952148438 ] } },
{ "type": "Feature", "properties": { "latitude": 42.688865661621094, "longitude": 23.314722061157227, "heatmap_weight": 4, "raw_occupancy": 1 }, "geometry": { "type": "Point", "coordinates": [ 23.314722061157227, 42.688865661621094 ] } },
{ "type": "Feature", "properties": { "latitude": 42.692008972167969, "longitude": 23.333564758300781, "heatmap_weight": 16, "raw_occupancy": 3 }, "geometry": { "type": "Point", "coordinates": [ 23.333564758300781, 42.692008972167969 ] } },
{ "type": "Feature", "properties": { "latitude": 42.709556579589844, "longitude": 23.322210311889648, "heatmap_weight": 4, "raw_occupancy": 1 }, "geometry": { "type": "Point", "coordinates": [ 23.322210311889648, 42.709556579589844 ] } },
{ "type": "Feature", "properties": { "latitude": 42.652912139892578, "longitude": 23.469144821166992, "heatmap_weight": 1, "raw_occupancy": 0 }, "geometry": { "type": "Point", "coordinates": [ 23.469144821166992, 42.652912139892578 ] } },
{ "type": "Feature", "properties": { "latitude": 42.704715728759766, "longitude": 23.396188735961914, "heatmap_weight": 1, "raw_occupancy": 0 }, "geometry": { "type": "Point", "coordinates": [ 23.396188735961914, 42.704715728759766 ] } },
{ "type": "Feature", "properties": { "latitude": 42.559638977050781, "longitude": 23.453973770141602, "heatmap_weight": 4, "raw_occupancy": 1 }, "geometry": { "type": "Point", "coordinates": [ 23.453973770141602, 42.559638977050781 ] } },
{ "type": "Feature", "properties": { "latitude": 42.685470581054688, "longitude": 23.317070007324219, "heatmap_weight": 4, "raw_occupancy": 1 }, "geometry": { "type": "Point", "coordinates": [ 23.317070007324219, 42.685470581054688 ] } },
{ "type": "Feature", "properties": { "latitude": 42.685466766357422, "longitude": 23.274303436279297, "heatmap_weight": 4, "raw_occupancy": 1 }, "geometry": { "type": "Point", "coordinates": [ 23.274303436279297, 42.685466766357422 ] } },
{ "type": "Feature", "properties": { "latitude": 42.705410003662109, "longitude": 23.298734664916992, "heatmap_weight": 4, "raw_occupancy": 1 }, "geometry": { "type": "Point", "coordinates": [ 23.298734664916992, 42.705410003662109 ] } },
{ "type": "Feature", "properties": { "latitude": 42.678276062011719, "longitude": 23.322608947753906, "heatmap_weight": 4, "raw_occupancy": 1 }, "geometry": { "type": "Point", "coordinates": [ 23.322608947753906, 42.678276062011719 ] } },
{ "type": "Feature", "properties": { "latitude": 42.76470947265625, "longitude": 23.24378776550293, "heatmap_weight": 1, "raw_occupancy": 0 }, "geometry": { "type": "Point", "coordinates": [ 23.24378776550293, 42.76470947265625 ] } },
{ "type": "Feature", "properties": { "latitude": 42.664218902587891, "longitude": 23.302770614624023, "heatmap_weight": 9, "raw_occupancy": 2 }, "geometry": { "type": "Point", "coordinates": [ 23.302770614624023, 42.664218902587891 ] } },
{ "type": "Feature", "properties": { "latitude": 42.686168670654297, "longitude": 23.322601318359375, "heatmap_weight": 4, "raw_occupancy": 1 }, "geometry": { "type": "Point", "coordinates": [ 23.322601318359375, 42.686168670654297 ] } },
{ "type": "Feature", "properties": { "latitude": 42.708541870117188, "longitude": 23.350513458251953, "heatmap_weight": 4, "raw_occupancy": 1 }, "geometry": { "type": "Point", "coordinates": [ 23.350513458251953, 42.708541870117188 ] } },
{ "type": "Feature", "properties": { "latitude": 42.669082641601562, "longitude": 23.291589736938477, "heatmap_weight": 9, "raw_occupancy": 2 }, "geometry": { "type": "Point", "coordinates": [ 23.291589736938477, 42.669082641601562 ] } },
{ "type": "Feature", "properties": { "latitude": 42.698165893554688, "longitude": 23.329839706420898, "heatmap_weight": 4, "raw_occupancy": 1 }, "geometry": { "type": "Point", "coordinates": [ 23.329839706420898, 42.698165893554688 ] } },
{ "type": "Feature", "properties": { "latitude": 42.716045379638672, "longitude": 23.341300964355469, "heatmap_weight": 1, "raw_occupancy": 0 }, "geometry": { "type": "Point", "coordinates": [ 23.341300964355469, 42.716045379638672 ] } },
{ "type": "Feature", "properties": { "latitude": 42.662364959716797, "longitude": 23.252889633178711, "heatmap_weight": 4, "raw_occupancy": 1 }, "geometry": { "type": "Point", "coordinates": [ 23.252889633178711, 42.662364959716797 ] } },
{ "type": "Feature", "properties": { "latitude": 42.730571746826172, "longitude": 23.248178482055664, "heatmap_weight": 1, "raw_occupancy": 0 }, "geometry": { "type": "Point", "coordinates": [ 23.248178482055664, 42.730571746826172 ] } },
{ "type": "Feature", "properties": { "latitude": 42.644817352294922, "longitude": 23.278463363647461, "heatmap_weight": 4, "raw_occupancy": 1 }, "geometry": { "type": "Point", "coordinates": [ 23.278463363647461, 42.644817352294922 ] } },
{ "type": "Feature", "properties": { "latitude": 42.694297790527344, "longitude": 23.376832962036133, "heatmap_weight": 9, "raw_occupancy": 2 }, "geometry": { "type": "Point", "coordinates": [ 23.376832962036133, 42.694297790527344 ] } },
{ "type": "Feature", "properties": { "latitude": 42.690269470214844, "longitude": 23.337715148925781, "heatmap_weight": 4, "raw_occupancy": 1 }, "geometry": { "type": "Point", "coordinates": [ 23.337715148925781, 42.690269470214844 ] } },
{ "type": "Feature", "properties": { "latitude": 42.693496704101562, "longitude": 23.334409713745117, "heatmap_weight": 9, "raw_occupancy": 2 }, "geometry": { "type": "Point", "coordinates": [ 23.334409713745117, 42.693496704101562 ] } },
{ "type": "Feature", "properties": { "latitude": 42.813282012939453, "longitude": 23.351530075073242, "heatmap_weight": 4, "raw_occupancy": 1 }, "geometry": { "type": "Point", "coordinates": [ 23.351530075073242, 42.813282012939453 ] } },
{ "type": "Feature", "properties": { "latitude": 42.669631958007812, "longitude": 23.268457412719727, "heatmap_weight": 4, "raw_occupancy": 1 }, "geometry": { "type": "Point", "coordinates": [ 23.268457412719727, 42.669631958007812 ] } },
{ "type": "Feature", "properties": { "latitude": 42.669254302978516, "longitude": 23.337856292724609, "heatmap_weight": 4, "raw_occupancy": 1 }, "geometry": { "type": "Point", "coordinates": [ 23.337856292724609, 42.669254302978516 ] } },
{ "type": "Feature", "properties": { "latitude": 42.717418670654297, "longitude": 23.339067459106445, "heatmap_weight": 1, "raw_occupancy": 0 }, "geometry": { "type": "Point", "coordinates": [ 23.339067459106445, 42.717418670654297 ] } },
{ "type": "Feature", "properties": { "latitude": 42.705646514892578, "longitude": 23.310419082641602, "heatmap_weight": 4, "raw_occupancy": 1 }, "geometry": { "type": "Point", "coordinates": [ 23.310419082641602, 42.705646514892578 ] } },
{ "type": "Feature", "properties": { "latitude": 42.659149169921875, "longitude": 23.242176055908203, "heatmap_weight": 4, "raw_occupancy": 1 }, "geometry": { "type": "Point", "coordinates": [ 23.242176055908203, 42.659149169921875 ] } },
{ "type": "Feature", "properties": { "latitude": 42.626556396484375, "longitude": 23.381681442260742, "heatmap_weight": 1, "raw_occupancy": 0 }, "geometry": { "type": "Point", "coordinates": [ 23.381681442260742, 42.626556396484375 ] } },
{ "type": "Feature", "properties": { "latitude": 42.6748046875, "longitude": 23.375856399536133, "heatmap_weight": 4, "raw_occupancy": 1 }, "geometry": { "type": "Point", "coordinates": [ 23.375856399536133, 42.6748046875 ] } },
{ "type": "Feature", "properties": { "latitude": 42.668567657470703, "longitude": 23.279541015625, "heatmap_weight": 9, "raw_occupancy": 2 }, "geometry": { "type": "Point", "coordinates": [ 23.279541015625, 42.668567657470703 ] } },
{ "type": "Feature", "properties": { "latitude": 42.684825897216797, "longitude": 23.32536506652832, "heatmap_weight": 4, "raw_occupancy": 1 }, "geometry": { "type": "Point", "coordinates": [ 23.32536506652832, 42.684825897216797 ] } },
{ "type": "Feature", "properties": { "latitude": 42.658012390136719, "longitude": 23.328439712524414, "heatmap_weight": 1, "raw_occupancy": 0 }, "geometry": { "type": "Point", "coordinates": [ 23.328439712524414, 42.658012390136719 ] } },
{ "type": "Feature", "properties": { "latitude": 42.714984893798828, "longitude": 23.309818267822266, "heatmap_weight": 4, "raw_occupancy": 1 }, "geometry": { "type": "Point", "coordinates": [ 23.309818267822266, 42.714984893798828 ] } },
{ "type": "Feature", "properties": { "latitude": 42.672248840332031, "longitude": 23.294111251831055, "heatmap_weight": 4, "raw_occupancy": 1 }, "geometry": { "type": "Point", "coordinates": [ 23.294111251831055, 42.672248840332031 ] } },
{ "type": "Feature", "properties": { "latitude": 42.659095764160156, "longitude": 23.241931915283203, "heatmap_weight": 4, "raw_occupancy": 1 }, "geometry": { "type": "Point", "coordinates": [ 23.241931915283203, 42.659095764160156 ] } },
{ "type": "Feature", "properties": { "latitude": 42.716720581054688, "longitude": 23.280305862426758, "heatmap_weight": 4, "raw_occupancy": 1 }, "geometry": { "type": "Point", "coordinates": [ 23.280305862426758, 42.716720581054688 ] } },
{ "type": "Feature", "properties": { "latitude": 42.691387176513672, "longitude": 23.325197219848633, "heatmap_weight": 9, "raw_occupancy": 2 }, "geometry": { "type": "Point", "coordinates": [ 23.325197219848633, 42.691387176513672 ] } },
{ "type": "Feature", "properties": { "latitude": 42.67193603515625, "longitude": 23.364013671875, "heatmap_weight": 9, "raw_occupancy": 2 }, "geometry": { "type": "Point", "coordinates": [ 23.364013671875, 42.67193603515625 ] } },
{ "type": "Feature", "properties": { "latitude": 42.677135467529297, "longitude": 23.281587600708008, "heatmap_weight": 4, "raw_occupancy": 1 }, "geometry": { "type": "Point", "coordinates": [ 23.281587600708008, 42.677135467529297 ] } },
{ "type": "Feature", "properties": { "latitude": 42.694900512695312, "longitude": 23.291353225708008, "heatmap_weight": 4, "raw_occupancy": 1 }, "geometry": { "type": "Point", "coordinates": [ 23.291353225708008, 42.694900512695312 ] } },
{ "type": "Feature", "properties": { "latitude": 42.690311431884766, "longitude": 23.337957382202148, "heatmap_weight": 9, "raw_occupancy": 2 }, "geometry": { "type": "Point", "coordinates": [ 23.337957382202148, 42.690311431884766 ] } },
{ "type": "Feature", "properties": { "latitude": 42.713714599609375, "longitude": 23.298574447631836, "heatmap_weight": 16, "raw_occupancy": 3 }, "geometry": { "type": "Point", "coordinates": [ 23.298574447631836, 42.713714599609375 ] } },
{ "type": "Feature", "properties": { "latitude": 42.645496368408203, "longitude": 23.36747932434082, "heatmap_weight": 4, "raw_occupancy": 1 }, "geometry": { "type": "Point", "coordinates": [ 23.36747932434082, 42.645496368408203 ] } },
{ "type": "Feature", "properties": { "latitude": 42.686649322509766, "longitude": 23.317607879638672, "heatmap_weight": 4, "raw_occupancy": 1 }, "geometry": { "type": "Point", "coordinates": [ 23.317607879638672, 42.686649322509766 ] } },
{ "type": "Feature", "properties": { "latitude": 42.696533203125, "longitude": 23.315326690673828, "heatmap_weight": 9, "raw_occupancy": 2 }, "geometry": { "type": "Point", "coordinates": [ 23.315326690673828, 42.696533203125 ] } },
{ "type": "Feature", "properties": { "latitude": 42.693416595458984, "longitude": 23.355081558227539, "heatmap_weight": 9, "raw_occupancy": 2 }, "geometry": { "type": "Point", "coordinates": [ 23.355081558227539, 42.693416595458984 ] } },
{ "type": "Feature", "properties": { "latitude": 42.677677154541016, "longitude": 23.370405197143555, "heatmap_weight": 1, "raw_occupancy": 0 }, "geometry": { "type": "Point", "coordinates": [ 23.370405197143555, 42.677677154541016 ] } },
{ "type": "Feature", "properties": { "latitude": 42.671817779541016, "longitude": 23.336887359619141, "heatmap_weight": 9, "raw_occupancy": 2 }, "geometry": { "type": "Point", "coordinates": [ 23.336887359619141, 42.671817779541016 ] } },
{ "type": "Feature", "properties": { "latitude": 42.668724060058594, "longitude": 23.330057144165039, "heatmap_weight": 16, "raw_occupancy": 3 }, "geometry": { "type": "Point", "coordinates": [ 23.330057144165039, 42.668724060058594 ] } },
{ "type": "Feature", "properties": { "latitude": 42.69085693359375, "longitude": 23.279266357421875, "heatmap_weight": 1, "raw_occupancy": 0 }, "geometry": { "type": "Point", "coordinates": [ 23.279266357421875, 42.69085693359375 ] } },
{ "type": "Feature", "properties": { "latitude": 42.676753997802734, "longitude": 23.304882049560547, "heatmap_weight": 1, "raw_occupancy": 0 }, "geometry": { "type": "Point", "coordinates": [ 23.304882049560547, 42.676753997802734 ] } },
{ "type": "Feature", "properties": { "latitude": 42.708797454833984, "longitude": 23.39935302734375, "heatmap_weight": 4, "raw_occupancy": 1 }, "geometry": { "type": "Point", "coordinates": [ 23.39935302734375, 42.708797454833984 ] } },
{ "type": "Feature", "properties": { "latitude": 42.662326812744141, "longitude": 23.419649124145508, "heatmap_weight": 4, "raw_occupancy": 1 }, "geometry": { "type": "Point", "coordinates": [ 23.419649124145508, 42.662326812744141 ] } },
{ "type": "Feature", "properties": { "latitude": 42.708087921142578, "longitude": 23.383672714233398, "heatmap_weight": 9, "raw_occupancy": 2 }, "geometry": { "type": "Point", "coordinates": [ 23.383672714233398, 42.708087921142578 ] } },
{ "type": "Feature", "properties": { "latitude": 42.671985626220703, "longitude": 23.3043212890625, "heatmap_weight": 4, "raw_occupancy": 1 }, "geometry": { "type": "Point", "coordinates": [ 23.3043212890625, 42.671985626220703 ] } },
{ "type": "Feature", "properties": { "latitude": 42.704387664794922, "longitude": 23.323785781860352, "heatmap_weight": 1, "raw_occupancy": 0 }, "geometry": { "type": "Point", "coordinates": [ 23.323785781860352, 42.704387664794922 ] } },
{ "type": "Feature", "properties": { "latitude": 42.709796905517578, "longitude": 23.318384170532227, "heatmap_weight": 1, "raw_occupancy": 0 }, "geometry": { "type": "Point", "coordinates": [ 23.318384170532227, 42.709796905517578 ] } },
{ "type": "Feature", "properties": { "latitude": 42.714756011962891, "longitude": 23.341665267944336, "heatmap_weight": 1, "raw_occupancy": 0 }, "geometry": { "type": "Point", "coordinates": [ 23.341665267944336, 42.714756011962891 ] } },
{ "type": "Feature", "properties": { "latitude": 42.651874542236328, "longitude": 23.342517852783203, "heatmap_weight": 4, "raw_occupancy": 1 }, "geometry": { "type": "Point", "coordinates": [ 23.342517852783203, 42.651874542236328 ] } },
{ "type": "Feature", "properties": { "latitude": 42.654682159423828, "longitude": 23.400453567504883, "heatmap_weight": 9, "raw_occupancy": 2 }, "geometry": { "type": "Point", "coordinates": [ 23.400453567504883, 42.654682159423828 ] } },
{ "type": "Feature", "properties": { "latitude": 42.697593688964844, "longitude": 23.321779251098633, "heatmap_weight": 4, "raw_occupancy": 1 }, "geometry": { "type": "Point", "coordinates": [ 23.321779251098633, 42.697593688964844 ] } },
{ "type": "Feature", "properties": { "latitude": 42.702011108398438, "longitude": 23.350994110107422, "heatmap_weight": 4, "raw_occupancy": 1 }, "geometry": { "type": "Point", "coordinates": [ 23.350994110107422, 42.702011108398438 ] } }
]
}
