{
"type": "FeatureCollection",
"name": "bus_occupancy_period_5_12-57-43",
"crs": { "type": "name", "properties": { "name": "urn:ogc:def:crs:OGC:1.3:CRS84" } },
"features": [
{ "type": "Feature", "properties": { "latitude": 42.678302764892578, "longitude": 23.322669982910156, "heatmap_weight": 4, "raw_occupancy": 1 }, "geometry": { "type": "Point", "coordinates": [ 23.322669982910156, 42.678302764892578 ] } },
{ "type": "Feature", "properties": { "latitude": 42.641506195068359, "longitude": 23.372440338134766, "heatmap_weight": 4, "raw_occupancy": 1 }, "geometry": { "type": "Point", "coordinates": [ 23.372440338134766, 42.641506195068359 ] } },
{ "type": "Feature", "properties": { "latitude": 42.710033416748047, "longitude": 23.384628295898438, "heatmap_weight": 4, "raw_occupancy": 1 }, "geometry": { "type": "Point", "coordinates": [ 23.384628295898438, 42.710033416748047 ] } },
{ "type": "Feature", "properties": { "latitude": 42.704898834228516, "longitude": 23.329763412475586, "heatmap_weight": 1, "raw_occupancy": 0 }, "geometry": { "type": "Point", "coordinates": [ 23.329763412475586, 42.704898834228516 ] } },
{ "type": "Feature", "properties": { "latitude": 42.692737579345703, "longitude": 23.343305587768555, "heatmap_weight": 9, "raw_occupancy": 2 }, "geometry": { "type": "Point", "coordinates": [ 23.343305587768555, 42.692737579345703 ] } },
{ "type": "Feature", "properties": { "latitude": 42.698394775390625, "longitude": 23.338033676147461, "heatmap_weight": 9, "raw_occupancy": 2 }, "geometry": { "type": "Point", "coordinates": [ 23.338033676147461, 42.698394775390625 ] } },
{ "type": "Feature", "properties": { "latitude": 42.705745697021484, "longitude": 23.332616806030273, "heatmap_weight": 1, "raw_occupancy": 0 }, "geometry": { "type": "Point", "coordinates": [ 23.332616806030273, 42.705745697021484 ] } },
{ "type": "Feature", "properties": { "latitude": 42.700031280517578, "longitude": 23.299953460693359, "heatmap_weight": 4, "raw_occupancy": 1 }, "geometry": { "type": "Point", "coordinates": [ 23.299953460693359, 42.700031280517578 ] } },
{ "type": "Feature", "properties": { "latitude": 42.742790222167969, "longitude": 23.281879425048828, "heatmap_weight": 9, "raw_occupancy": 2 }, "geometry": { "type": "Point", "coordinates": [ 23.281879425048828, 42.742790222167969 ] } },
{ "type": "Feature", "properties": { "latitude": 42.669551849365234, "longitude": 23.30378532409668, "heatmap_weight": 4, "raw_occupancy": 1 }, "geometry": { "type": "Point", "coordinates": [ 23.30378532409668, 42.669551849365234 ] } },
{ "type": "Feature", "properties": { "latitude": 42.718589782714844, "longitude": 23.2366943359375, "heatmap_weight": 9, "raw_occupancy": 2 }, "geometry": { "type": "Point", "coordinates": [ 23.2366943359375, 42.718589782714844 ] } },
{ "type": "Feature", "properties": { "latitude": 42.765739440917969, "longitude": 23.27501106262207, "heatmap_weight": 4, "raw_occupancy": 1 }, "geometry": { "type": "Point", "coordinates": [ 23.27501106262207, 42.765739440917969 ] } },
{ "type": "Feature", "properties": { "latitude": 42.638645172119141, "longitude": 23.342441558837891, "heatmap_weight": 4, "raw_occupancy": 1 }, "geometry": { "type": "Point", "coordinates": [ 23.342441558837891, 42.638645172119141 ] } },
{ "type": "Feature", "properties": { "latitude": 42.623714447021484, "longitude": 23.405637741088867, "heatmap_weight": 4, "raw_occupancy": 1 }, "geometry": { "type": "Point", "coordinates": [ 23.405637741088867, 42.623714447021484 ] } },
{ "type": "Feature", "properties": { "latitude": 42.676570892333984, "longitude": 23.334310531616211, "heatmap_weight": 1, "raw_occupancy": 0 }, "geometry": { "type": "Point", "coordinates": [ 23.334310531616211, 42.676570892333984 ] } },
{ "type": "Feature", "properties": { "latitude": 42.664501190185547, "longitude": 23.30268669128418, "heatmap_weight": 9, "raw_occupancy": 2 }, "geometry": { "type": "Point", "coordinates": [ 23.30268669128418, 42.664501190185547 ] } },
{ "type": "Feature", "properties": { "latitude": 42.662208557128906, "longitude": 23.358558654785156, "heatmap_weight": 4, "raw_occupancy": 1 }, "geometry": { "type": "Point", "coordinates": [ 23.358558654785156, 42.662208557128906 ] } },
{ "type": "Feature", "properties": { "latitude": 42.719497680664062, "longitude": 23.310338973999023, "heatmap_weight": 1, "raw_occupancy": 0 }, "geometry": { "type": "Point", "coordinates": [ 23.310338973999023, 42.719497680664062 ] } },
{ "type": "Feature", "properties": { "latitude": 42.669727325439453, "longitude": 23.256385803222656, "heatmap_weight": 4, "raw_occupancy": 1 }, "geometry": { "type": "Point", "coordinates": [ 23.256385803222656, 42.669727325439453 ] } },
{ "type": "Feature", "properties": { "latitude": 42.685409545898438, "longitude": 23.349887847900391, "heatmap_weight": 9, "raw_occupancy": 2 }, "geometry": { "type": "Point", "coordinates": [ 23.349887847900391, 42.685409545898438 ] } },
{ "type": "Feature", "properties": { "latitude": 42.677146911621094, "longitude": 23.297813415527344, "heatmap_weight": 4, "raw_occupancy": 1 }, "geometry": { "type": "Point", "coordinates": [ 23.297813415527344, 42.677146911621094 ] } },
{ "type": "Feature", "properties": { "latitude": 42.737285614013672, "longitude": 23.473848342895508, "heatmap_weight": 4, "raw_occupancy": 1 }, "geometry": { "type": "Point", "coordinates": [ 23.473848342895508, 42.737285614013672 ] } },
{ "type": "Feature", "properties": { "latitude": 42.665538787841797, "longitude": 23.372522354125977, "heatmap_weight": 25, "raw_occupancy": 4 }, "geometry": { "type": "Point", "coordinates": [ 23.372522354125977, 42.665538787841797 ] } },
{ "type": "Feature", "properties": { "latitude": 42.689365386962891, "longitude": 23.330471038818359, "heatmap_weight": 4, "raw_occupancy": 1 }, "geometry": { "type": "Point", "coordinates": [ 23.330471038818359, 42.689365386962891 ] } },
{ "type": "Feature", "properties": { "latitude": 42.676609039306641, "longitude": 23.304492950439453, "heatmap_weight": 1, "raw_occupancy": 0 }, "geometry": { "type": "Point", "coordinates": [ 23.304492950439453, 42.676609039306641 ] } },
{ "type": "Feature", "properties": { "latitude": 42.704860687255859, "longitude": 23.323833465576172, "heatmap_weight": 4, "raw_occupancy": 1 }, "geometry": { "type": "Point", "coordinates": [ 23.323833465576172, 42.704860687255859 ] } },
{ "type": "Feature", "properties": { "latitude": 42.676853179931641, "longitude": 23.369340896606445, "heatmap_weight": 1, "raw_occupancy": 0 }, "geometry": { "type": "Point", "coordinates": [ 23.369340896606445, 42.676853179931641 ] } },
{ "type": "Feature", "properties": { "latitude": 42.662178039550781, "longitude": 23.295877456665039, "heatmap_weight": 4, "raw_occupancy": 1 }, "geometry": { "type": "Point", "coordinates": [ 23.295877456665039, 42.662178039550781 ] } },
{ "type": "Feature", "properties": { "latitude": 42.65673828125, "longitude": 23.3258056640625, "heatmap_weight": 16, "raw_occupancy": 3 }, "geometry": { "type": "Point", "coordinates": [ 23.3258056640625, 42.65673828125 ] } },
{ "type": "Feature", "properties": { "latitude": 42.691482543945312, "longitude": 23.363613128662109, "heatmap_weight": 9, "raw_occupancy": 2 }, "geometry": { "type": "Point", "coordinates": [ 23.363613128662109, 42.691482543945312 ] } },
{ "type": "Feature", "properties": { "latitude": 42.676189422607422, "longitude": 23.33348274230957, "heatmap_weight": 4, "raw_occupancy": 1 }, "geometry": { "type": "Point", "coordinates": [ 23.33348274230957, 42.676189422607422 ] } },
{ "type": "Feature", "properties": { "latitude": 42.686775207519531, "longitude": 23.29957389831543, "heatmap_weight": 4, "raw_occupancy": 1 }, "geometry": { "type": "Point", "coordinates": [ 23.29957389831543, 42.686775207519531 ] } },
{ "type": "Feature", "properties": { "latitude": 42.721572875976562, "longitude": 23.2410888671875, "heatmap_weight": 4, "raw_occupancy": 1 }, "geometry": { "type": "Point", "coordinates": [ 23.2410888671875, 42.721572875976562 ] } },
{ "type": "Feature", "properties": { "latitude": 42.676670074462891, "longitude": 23.369802474975586, "heatmap_weight": 9, "raw_occupancy": 2 }, "geometry": { "type": "Point", "coordinates": [ 23.369802474975586, 42.676670074462891 ] } },
{ "type": "Feature", "properties": { "latitude": 42.705020904541016, "longitude": 23.357671737670898, "heatmap_weight": 4, "raw_occupancy": 1 }, "geometry": { "type": "Point", "coordinates": [ 23.357671737670898, 42.705020904541016 ] } },
{ "type": "Feature", "properties": { "latitude": 42.659515380859375, "longitude": 23.244312286376953, "heatmap_weight": 4, "raw_occupancy": 1 }, "geometry": { "type": "Point", "coordinates": [ 23.244312286376953, 42.659515380859375 ] } },
{ "type": "Feature", "properties": { "latitude": 42.732261657714844, "longitude": 23.317256927490234, "heatmap_weight": 4, "raw_occupancy": 1 }, "geometry": { "type": "Point", "coordinates": [ 23.317256927490234, 42.732261657714844 ] } },
{ "type": "Feature", "properties": { "latitude": 42.697971343994141, "longitude": 23.325973510742188, "heatmap_weight": 9, "raw_occupancy": 2 }, "geometry": { "type": "Point", "coordinates": [ 23.325973510742188, 42.697971343994141 ] } },
{ "type": "Feature", "properties": { "latitude": 42.653598785400391, "longitude": 23.346445083618164, "heatmap_weight": 9, "raw_occupancy": 2 }, "geometry": { "type": "Point", "coordinates": [ 23.346445083618164, 42.653598785400391 ] } },
{ "type": "Feature", "properties": { "latitude": 42.689643859863281, "longitude": 23.248798370361328, "heatmap_weight": 4, "raw_occupancy": 1 }, "geometry": { "type": "Point", "coordinates": [ 23.248798370361328, 42.689643859863281 ] } },
{ "type": "Feature", "properties": { "latitude": 42.707561492919922, "longitude": 23.298377990722656, "heatmap_weight": 4, "raw_occupancy": 1 }, "geometry": { "type": "Point", "coordinates": [ 23.298377990722656, 42.707561492919922 ] } },
{ "type": "Feature", "properties": { "latitude": 42.673160552978516, "longitude": 23.304313659667969, "heatmap_weight": 4, "raw_occupancy": 1 }, "geometry": { "type": "Point", "coordinates": [ 23.304313659667969, 42.673160552978516 ] } },
{ "type": "Feature", "properties": { "latitude": 42.682430267333984, "longitude": 23.271148681640625, "heatmap_weight": 1, "raw_occupancy": 0 }, "geometry": { "type": "Point", "coordinates": [ 23.271148681640625, 42.682430267333984 ] } },
{ "type": "Feature", "properties": { "latitude": 42.693592071533203, "longitude": 23.351037979125977, "heatmap_weight": 9, "raw_occupancy": 2 }, "geometry": { "type": "Point", "coordinates": [ 23.351037979125977, 42.693592071533203 ] } },
{ "type": "Feature", "properties": { "latitude": 42.670963287353516, "longitude": 23.33758544921875, "heatmap_weight": 9, "raw_occupancy": 2 }, "geometry": { "type": "Point", "coordinates": [ 23.33758544921875, 42.670963287353516 ] } },
{ "type": "Feature", "properties": { "latitude": 42.684764862060547, "longitude": 23.302270889282227, "heatmap_weight": 16, "raw_occupancy": 3 }, "geometry": { "type": "Point", "coordinates": [ 23.302270889282227, 42.684764862060547 ] } },
{ "type": "Feature", "properties": { "latitude": 42.696231842041016, "longitude": 23.3153076171875, "heatmap_weight": 4, "raw_occupancy": 1 }, "geometry": { "type": "Point", "coordinates": [ 23.3153076171875, 42.696231842041016 ] } },
{ "type": "Feature", "properties": { "latitude": 42.687232971191406, "longitude": 23.316640853881836, "heatmap_weight": 1, "raw_occupancy": 0 }, "geometry": { "type": "Point", "coordinates": [ 23.316640853881836, 42.687232971191406 ] } },
{ "type": "Feature", "properties": { "latitude": 42.781875610351562, "longitude": 23.518159866333008, "heatmap_weight": 4, "raw_occupancy": 1 }, "geometry": { "type": "Point", "coordinates": [ 23.518159866333008, 42.781875610351562 ] } },
{ "type": "Feature", "properties": { "latitude": 42.671310424804688, "longitude": 23.273174285888672, "heatmap_weight": 9, "raw_occupancy": 2 }, "geometry": { "type": "Point", "coordinates": [ 23.273174285888672, 42.671310424804688 ] } },
{ "type": "Feature", "properties": { "latitude": 42.669132232666016, "longitude": 23.254701614379883, "heatmap_weight": 4, "raw_occupancy": 1 }, "geometry": { "type": "Point", "coordinates": [ 23.254701614379883, 42.669132232666016 ] } },
{ "type": "Feature", "properties": { "latitude": 42.720375061035156, "longitude": 23.334102630615234, "heatmap_weight": 4, "raw_occupancy": 1 }, "geometry": { "type": "Point", "coordinates": [ 23.334102630615234, 42.720375061035156 ] } },
{ "type": "Feature", "properties": { "latitude": 42.655864715576172, "longitude": 23.333181381225586, "heatmap_weight": 16, "raw_occupancy": 3 }, "geometry": { "type": "Point", "coordinates": [ 23.333181381225586, 42.655864715576172 ] } },
{ "type": "Feature", "properties": { "latitude": 42.586265563964844, "longitude": 23.360525131225586, "heatmap_weight": 1, "raw_occupancy": 0 }, "geometry": { "type": "Point", "coordinates": [ 23.360525131225586, 42.586265563964844 ] } },
{ "type": "Feature", "properties": { "latitude": 42.694530487060547, "longitude": 23.315191268920898, "heatmap_weight": 4, "raw_occupancy": 1 }, "geometry": { "type": "Point", "coordinates": [ 23.315191268920898, 42.694530487060547 ] } },
{ "type": "Feature", "properties": { "latitude": 42.63885498046875, "longitude": 23.386236190795898, "heatmap_weight": 1, "raw_occupancy": 0 }, "geometry": { "type": "Point", "coordinates": [ 23.386236190795898, 42.63885498046875 ] } },
{ "type": "Feature", "properties": { "latitude": 42.668010711669922, "longitude": 23.266071319580078, "heatmap_weight": 4, "raw_occupancy": 1 }, "geometry": { "type": "Point", "coordinates": [ 23.266071319580078, 42.668010711669922 ] } },
{ "type": "Feature", "properties": { "latitude": 42.732120513916016, "longitude": 23.343757629394531, "heatmap_weight": 4, "raw_occupancy": 1 }, "geometry": { "type": "Point", "coordinates": [ 23.343757629394531, 42.732120513916016 ] } },
{ "type": "Feature", "properties": { "latitude": 42.71710205078125, "longitude": 23.279541015625, "heatmap_weight": 4, "raw_occupancy": 1 }, "geometry": { "type": "Point", "coordinates": [ 23.279541015625, 42.71710205078125 ] } },
{ "type": "Feature", "properties": { "latitude": 42.704185485839844, "longitude": 23.333227157592773, "heatmap_weight": 4, "raw_occupancy": 1 }, "geometry": { "type": "Point", "coordinates": [ 23.333227157592773, 42.704185485839844 ] } },
{ "type": "Feature", "properties": { "latitude": 42.718463897705078, "longitude": 23.238742828369141, "heatmap_weight": 4, "raw_occupancy": 1 }, "geometry": { "type": "Point", "coordinates": [ 23.238742828369141, 42.718463897705078 ] } },
{ "type": "Feature", "properties": { "latitude": 42.677005767822266, "longitude": 23.30328369140625, "heatmap_weight": 4, "raw_occupancy": 1 }, "geometry": { "type": "Point", "coordinates": [ 23.30328369140625, 42.677005767822266 ] } },
{ "type": "Feature", "properties": { "latitude": 42.704715728759766, "longitude": 23.323328018188477, "heatmap_weight": 4, "raw_occupancy": 1 }, "geometry": { "type": "Point", "coordinates": [ 23.323328018188477, 42.704715728759766 ] } },
{ "type": "Feature", "properties": { "latitude": 42.711135864257812, "longitude": 23.384445190429688, "heatmap_weight": 4, "raw_occupancy": 1 }, "geometry": { "type": "Point", "coordinates": [ 23.384445190429688, 42.711135864257812 ] } },
{ "type": "Feature", "properties": { "latitude": 42.702007293701172, "longitude": 23.349899291992188, "heatmap_weight": 9, "raw_occupancy": 2 }, "geometry": { "type": "Point", "coordinates": [ 23.349899291992188, 42.702007293701172 ] } },
{ "type": "Feature", "properties": { "latitude": 42.664600372314453, "longitude": 23.317506790161133, "heatmap_weight": 4, "raw_occupancy": 1 }, "geometry": { "type": "Point", "coordinates": [ 23.317506790161133, 42.664600372314453 ] } },
{ "type": "Feature", "properties": { "latitude": 42.653724670410156, "longitude": 23.343151092529297, "heatmap_weight": 9, "raw_occupancy": 2 }, "geometry": { "type": "Point", "coordinates": [ 23.343151092529297, 42.653724670410156 ] } },
{ "type": "Feature", "properties": { "latitude": 42.646774291992188, "longitude": 23.345928192138672, "heatmap_weight": 4, "raw_occupancy": 1 }, "geometry": { "type": "Point", "coordinates": [ 23.345928192138672, 42.646774291992188 ] } },
{ "type": "Feature", "properties": { "latitude": 42.713367462158203, "longitude": 23.315214157104492, "heatmap_weight": 4, "raw_occupancy": 1 }, "geometry": { "type": "Point", "coordinates": [ 23.315214157104492, 42.713367462158203 ] } },
{ "type": "Feature", "properties": { "latitude": 42.697120666503906, "longitude": 23.321023941040039, "heatmap_weight": 4, "raw_occupancy": 1 }, "geometry": { "type": "Point", "coordinates": [ 23.321023941040039, 42.697120666503906 ] } },
{ "type": "Feature", "properties": { "latitude": 42.686553955078125, "longitude": 23.255439758300781, "heatmap_weight": 4, "raw_occupancy": 1 }, "geometry": { "type": "Point", "coordinates": [ 23.255439758300781, 42.686553955078125 ] } },
{ "type": "Feature", "properties": { "latitude": 42.704166412353516, "longitude": 23.356555938720703, "heatmap_weight": 1, "raw_occupancy": 0 }, "geometry": { "type": "Point", "coordinates": [ 23.356555938720703, 42.704166412353516 ] } },
{ "type": "Feature", "properties": { "latitude": 42.676853179931641, "longitude": 23.281452178955078, "heatmap_weight": 4, "raw_occupancy": 1 }, "geometry": { "type": "Point", "coordinates": [ 23.281452178955078, 42.676853179931641 ] } },
{ "type": "Feature", "properties": { "latitude": 42.713214874267578, "longitude": 23.418460845947266, "heatmap_weight": 1, "raw_occupancy": 0 }, "geometry": { "type": "Point", "coordinates": [ 23.418460845947266, 42.713214874267578 ] } },
{ "type": "Feature", "properties": { "latitude": 42.736774444580078, "longitude": 23.242818832397461, "heatmap_weight": 9, "raw_occupancy": 2 }, "geometry": { "type": "Point", "coordinates": [ 23.242818832397461, 42.736774444580078 ] } },
{ "type": "Feature", "properties": { "latitude": 42.69537353515625, "longitude": 23.335060119628906, "heatmap_weight": 16, "raw_occupancy": 3 }, "geometry": { "type": "Point", "coordinates": [ 23.335060119628906, 42.69537353515625 ] } },
{ "type": "Feature", "properties": { "latitude": 42.706996917724609, "longitude": 23.323318481445312, "heatmap_weight": 4, "raw_occupancy": 1 }, "geometry": { "type": "Point", "coordinates": [ 23.323318481445312, 42.706996917724609 ] } },
{ "type": "Feature", "properties": { "latitude": 42.717697143554688, "longitude": 23.337856292724609, "heatmap_weight": 1, "raw_occupancy": 0 }, "geometry": { "type": "Point", "coordinates": [ 23.337856292724609, 42.717697143554688 ] } },
{ "type": "Feature", "properties": { "latitude": 42.704593658447266, "longitude": 23.356767654418945, "heatmap_weight": 16, "raw_occupancy": 3 }, "geometry": { "type": "Point", "coordinates": [ 23.356767654418945, 42.704593658447266 ] } },
{ "type": "Feature", "properties": { "latitude": 42.657245635986328, "longitude": 23.284616470336914, "heatmap_weight": 9, "raw_occupancy": 2 }, "geometry": { "type": "Point", "coordinates": [ 23.284616470336914, 42.657245635986328 ] } },
{ "type": "Feature", "properties": { "latitude": 42.706462860107422, "longitude": 23.350709915161133, "heatmap_weight": 4, "raw_occupancy": 1 }, "geometry": { "type": "Point", "coordinates": [ 23.350709915161133, 42.706462860107422 ] } },
{ "type": "Feature", "properties": { "latitude": 42.673263549804688, "longitude": 23.335517883300781, "heatmap_weight": 16, "raw_occupancy": 3 }, "geometry": { "type": "Point", "coordinates": [ 23.335517883300781, 42.673263549804688 ] } },
{ "type": "Feature", "properties": { "latitude": 42.815505981445312, "longitude": 23.352239608764648, "heatmap_weight": 9, "raw_occupancy": 2 }, "geometry": { "type": "Point", "coordinates": [ 23.352239608764648, 42.815505981445312 ] } },
{ "type": "Feature", "properties": { "latitude": 42.686847686767578, "longitude": 23.376081466674805, "heatmap_weight": 9, "raw_occupancy": 2 }, "geometry": { "type": "Point", "coordinates": [ 23.376081466674805, 42.686847686767578 ] } },
{ "type": "Feature", "properties": { "latitude": 42.669391632080078, "longitude": 23.280000686645508, "heatmap_weight": 4, "raw_occupancy": 1 }, "geometry": { "type": "Point", "coordinates": [ 23.280000686645508, 42.669391632080078 ] } },
{ "type": "Feature", "properties": { "latitude": 42.700618743896484, "longitude": 23.29649543762207, "heatmap_weight": 4, "raw_occupancy": 1 }, "geometry": { "type": "Point", "coordinates": [ 23.29649543762207, 42.700618743896484 ] } },
{ "type": "Feature", "properties": { "latitude": 42.690834045410156, "longitude": 23.337528228759766, "heatmap_weight": 4, "raw_occupancy": 1 }, "geometry": { "type": "Point", "coordinates": [ 23.337528228759766, 42.690834045410156 ] } },
{ "type": "Feature", "properties": { "latitude": 42.679386138916016, "longitude": 23.301782608032227, "heatmap_weight": 4, "raw_occupancy": 1 }, "geometry": { "type": "Point", "coordinates": [ 23.301782608032227, 42.679386138916016 ] } },
{ "type": "Feature", "properties": { "latitude": 42.717220306396484, "longitude": 23.279346466064453, "heatmap_weight": 4, "raw_occupancy": 1 }, "geometry": { "type": "Point", "coordinates": [ 23.279346466064453, 42.717220306396484 ] } },
{ "type": "Feature", "properties": { "latitude": 42.779510498046875, "longitude": 23.313154220581055, "heatmap_weight": 9, "raw_occupancy": 2 }, "geometry": { "type": "Point", "coordinates": [ 23.313154220581055, 42.779510498046875 ] } },
{ "type": "Feature", "properties": { "latitude": 42.715400695800781, "longitude": 23.360841751098633, "heatmap_weight": 1, "raw_occupancy": 0 }, "geometry": { "type": "Point", "coordinates": [ 23.360841751098633, 42.715400695800781 ] } },
{ "type": "Feature", "properties": { "latitude": 42.695045471191406, "longitude": 23.249801635742188, "heatmap_weight": 4, "raw_occupancy": 1 }, "geometry": { "type": "Point", "coordinates": [ 23.249801635742188, 42.695045471191406 ] } },
{ "type": "Feature", "properties": { "latitude": 42.672233581542969, "longitude": 23.363515853881836, "heatmap_weight": 4, "raw_occupancy": 1 }, "geometry": { "type": "Point", "coordinates": [ 23.363515853881836, 42.672233581542969 ] } },
{ "type": "Feature", "properties": { "latitude": 42.712894439697266, "longitude": 23.356121063232422, "heatmap_weight": 1, "raw_occupancy": 0 }, "geometry": { "type": "Point", "coordinates": [ 23.356121063232422, 42.712894439697266 ] } },
{ "type": "Feature", "properties": { "latitude": 42.684261322021484, "longitude": 23.323638916015625, "heatmap_weight": 4, "raw_occupancy": 1 }, "geometry": { "type": "Point", "coordinates": [ 23.323638916015625, 42.684261322021484 ] } },
{ "type": "Feature", "properties": { "latitude": 42.688728332519531, "longitude": 23.328145980834961, "heatmap_weight": 9, "raw_occupancy": 2 }, "geometry": { "type": "Point", "coordinates": [ 23.328145980834961, 42.688728332519531 ] } },
{ "type": "Feature", "properties": { "latitude": 42.656764984130859, "longitude": 23.336530685424805, "heatmap_weight": 16, "raw_occupancy": 3 }, "geometry": { "type": "Point", "coordinates": [ 23.336530685424805, 42.656764984130859 ] } },
{ "type": "Feature", "properties": { "latitude": 42.699733734130859, "longitude": 23.322309494018555, "heatmap_weight": 9, "raw_occupancy": 2 }, "geometry": { "type": "Point", "coordinates": [ 23.322309494018555, 42.699733734130859 ] } },
{ "type": "Feature", "properties": { "latitude": 42.668621063232422, "longitude": 23.264671325683594, "heatmap_weight": 4, "raw_occupancy": 1 }, "geometry": { "type": "Point", "coordinates": [ 23.264671325683594, 42.668621063232422 ] } },
{ "type": "Feature", "properties": { "latitude": 42.677520751953125, "longitude": 23.356115341186523, "heatmap_weight": 9, "raw_occupancy": 2 }, "geometry": { "type": "Point", "coordinates": [ 23.356115341186523, 42.677520751953125 ] } },
{ "type": "Feature", "properties": { "latitude": 42.665767669677734, "longitude": 23.391382217407227, "heatmap_weight": 4, "raw_occupancy": 1 }, "geometry": { "type": "Point", "coordinates": [ 23.391382217407227, 42.665767669677734 ] } },
{ "type": "Feature", "properties": { "latitude": 42.653640747070312, "longitude": 23.342691421508789, "heatmap_weight": 4, "raw_occupancy": 1 }, "geometry": { "type": "Point", "coordinates": [ 23.342691421508789, 42.653640747070312 ] } },
{ "type": "Feature", "properties": { "latitude": 42.650100708007812, "longitude": 23.405071258544922, "heatmap_weight": 1, "raw_occupancy": 0 }, "geometry": { "type": "Point", "coordinates": [ 23.405071258544922, 42.650100708007812 ] } },
{ "type": "Feature", "properties": { "latitude": 42.671161651611328, "longitude": 23.282665252685547, "heatmap_weight": 4, "raw_occupancy": 1 }, "geometry": { "type": "Point", "coordinates": [ 23.282665252685547, 42.671161651611328 ] } },
{ "type": "Feature", "properties": { "latitude": 42.645809173583984, "longitude": 23.367544174194336, "heatmap_weight": 1, "raw_occupancy": 0 }, "geometry": { "type": "Point", "coordinates": [ 23.367544174194336, 42.645809173583984 ] } },
{ "type": "Feature", "properties": { "latitude": 42.672592163085938, "longitude": 23.304319381713867, "heatmap_weight": 4, "raw_occupancy": 1 }, "geometry": { "type": "Point", "coordinates": [ 23.304319381713867, 42.672592163085938 ] } },
{ "type": "Feature", "properties": { "latitude": 42.689388275146484, "longitude": 23.364376068115234, "heatmap_weight": 4, "raw_occupancy": 1 }, "geometry": { "type": "Point", "coordinates": [ 23.364376068115234, 42.689388275146484 ] } },
{ "type": "Feature", "properties": { "latitude": 42.653095245361328, "longitude": 23.342580795288086, "heatmap_weight": 4, "raw_occupancy": 1 }, "geometry": { "type": "Point", "coordinates": [ 23.342580795288086, 42.653095245361328 ] } },
{ "type": "Feature", "properties": { "latitude": 42.655624389648438, "longitude": 23.398849487304688, "heatmap_weight": 16, "raw_occupancy": 3 }, "geometry": { "type": "Point", "coordinates": [ 23.398849487304688, 42.655624389648438 ] } },
{ "type": "Feature", "properties": { "latitude": 42.725284576416016, "longitude": 23.255435943603516, "heatmap_weight": 9, "raw_occupancy": 2 }, "geometry": { "type": "Point", "coordinates": [ 23.255435943603516, 42.725284576416016 ] } },
{ "type": "Feature", "properties": { "latitude": 42.68939208984375, "longitude": 23.33892822265625, "heatmap_weight": 9, "raw_occupancy": 2 }, "geometry": { "type": "Point", "coordinates": [ 23.33892822265625, 42.68939208984375 ] } },
{ "type": "Feature", "properties": { "latitude": 42.52490234375, "longitude": 23.364936828613281, "heatmap_weight": 1, "raw_occupancy": 0 }, "geometry": { "type": "Point", "coordinates": [ 23.364936828613281, 42.52490234375 ] } },
{ "type": "Feature", "properties": { "latitude": 42.704761505126953, "longitude": 23.317451477050781, "heatmap_weight": 4, "raw_occupancy": 1 }, "geometry": { "type": "Point", "coordinates": [ 23.317451477050781, 42.704761505126953 ] } },
{ "type": "Feature", "properties": { "latitude": 42.714958190917969, "longitude": 23.309816360473633, "heatmap_weight": 1, "raw_occupancy": 0 }, "geometry": { "type": "Point", "coordinates": [ 23.309816360473633, 42.714958190917969 ] } },
{ "type": "Feature", "properties": { "latitude": 42.694839477539062, "longitude": 23.315975189208984, "heatmap_weight": 9, "raw_occupancy": 2 }, "geometry": { "type": "Point", "coordinates": [ 23.315975189208984, 42.694839477539062 ] } },
{ "type": "Feature", "properties": { "latitude": 42.642166137695312, "longitude": 23.412477493286133, "heatmap_weight": 4, "raw_occupancy": 1 }, "geometry": { "type": "Point", "coordinates": [ 23.412477493286133, 42.642166137695312 ] } },
{ "type": "Feature", "properties": { "latitude": 42.683902740478516, "longitude": 23.315664291381836, "heatmap_weight": 9, "raw_occupancy": 2 }, "geometry": { "type": "Point", "coordinates": [ 23.315664291381836, 42.683902740478516 ] } },
{ "type": "Feature", "properties": { "latitude": 42.702293395996094, "longitude": 23.382196426391602, "heatmap_weight": 4, "raw_occupancy": 1 }, "geometry": { "type": "Point", "coordinates": [ 23.382196426391602, 42.702293395996094 ] } },
{ "type": "Feature", "properties": { "latitude": 42.715034484863281, "longitude": 23.28400993347168, "heatmap_weight": 4, "raw_occupancy": 1 }, "geometry": { "type": "Point", "coordinates": [ 23.28400993347168, 42.715034484863281 ] } },
{ "type": "Feature", "properties": { "latitude": 42.65972900390625, "longitude": 23.298831939697266, "heatmap_weight": 1, "raw_occupancy": 0 }, "geometry": { "type": "Point", "coordinates": [ 23.298831939697266, 42.65972900390625 ] } },
{ "type": "Feature", "properties": { "latitude": 42.706142425537109, "longitude": 23.311363220214844, "heatmap_weight": 4, "raw_occupancy": 1 }, "geometry": { "type": "Point", "coordinates": [ 23.311363220214844, 42.706142425537109 ] } },
{ "type": "Feature", "properties": { "latitude": 42.65850830078125, "longitude": 23.299140930175781, "heatmap_weight": 1, "raw_occupancy": 0 }, "geometry": { "type": "Point", "coordinates": [ 23.299140930175781, 42.65850830078125 ] } },
{ "type": "Feature", "properties": { "latitude": 42.698925018310547, "longitude": 23.337924957275391, "heatmap_weight": 4, "raw_occupancy": 1 }, "geometry": { "type": "Point", "coordinates": [ 23.337924957275391, 42.698925018310547 ] } },
{ "type": "Feature", "properties": { "latitude": 42.704002380371094, "longitude": 23.335107803344727, "heatmap_weight": 9, "raw_occupancy": 2 }, "geometry": { "type": "Point", "coordinates": [ 23.335107803344727, 42.704002380371094 ] } },
{ "type": "Feature", "properties": { "latitude": 42.812137603759766, "longitude": 23.279121398925781, "heatmap_weight": 4, "raw_occupancy": 1 }, "geometry": { "type": "Point", "coordinates": [ 23.279121398925781, 42.812137603759766 ] } },
{ "type": "Feature", "properties": { "latitude": 42.713848114013672, "longitude": 23.313207626342773, "heatmap_weight": 9, "raw_occupancy": 2 }, "geometry": { "type": "Point", "coordinates": [ 23.313207626342773, 42.713848114013672 ] } },
{ "type": "Feature", "properties": { "latitude": 42.688594818115234, "longitude": 23.333747863769531, "heatmap_weight": 16, "raw_occupancy": 3 }, "geometry": { "type": "Point", "coordinates": [ 23.333747863769531, 42.688594818115234 ] } },
{ "type": "Feature", "properties": { "latitude": 42.676597595214844, "longitude": 23.317005157470703, "heatmap_weight": 4, "raw_occupancy": 1 }, "geometry": { "type": "Point", "coordinates": [ 23.317005157470703, 42.676597595214844 ] } },
{ "type": "Feature", "properties": { "latitude": 42.679775238037109, "longitude": 23.302518844604492, "heatmap_weight": 4, "raw_occupancy": 1 }, "geometry": { "type": "Point", "coordinates": [ 23.302518844604492, 42.679775238037109 ] } },
{ "type": "Feature", "properties": { "latitude": 42.64251708984375, "longitude": 23.287220001220703, "heatmap_weight": 4, "raw_occupancy": 1 }, "geometry": { "type": "Point", "coordinates": [ 23.287220001220703, 42.64251708984375 ] } },
{ "type": "Feature", "properties": { "latitude": 42.738639831542969, "longitude": 23.316560745239258, "heatmap_weight": 4, "raw_occupancy": 1 }, "geometry": { "type": "Point", "coordinates": [ 23.316560745239258, 42.738639831542969 ] } },
{ "type": "Feature", "properties": { "latitude": 42.687000274658203, "longitude": 23.300498962402344, "heatmap_weight": 9, "raw_occupancy": 2 }, "geometry": { "type": "Point", "coordinates": [ 23.300498962402344, 42.687000274658203 ] } },
{ "type": "Feature", "properties": { "latitude": 42.686855316162109, "longitude": 23.31022834777832, "heatmap_weight": 9, "raw_occupancy": 2 }, "geometry": { "type": "Point", "coordinates": [ 23.31022834777832, 42.686855316162109 ] } },
{ "type": "Feature", "properties": { "latitude": 42.701286315917969, "longitude": 23.292539596557617, "heatmap_weight": 4, "raw_occupancy": 1 }, "geometry": { "type": "Point", "coordinates": [ 23.292539596557617, 42.701286315917969 ] } },
{ "type": "Feature", "properties": { "latitude": 42.702033996582031, "longitude": 23.35108757019043, "heatmap_weight": 9, "raw_occupancy": 2 }, "geometry": { "type": "Point", "coordinates": [ 23.35108757019043, 42.702033996582031 ] } },
{ "type": "Feature", "properties": { "latitude": 42.696601867675781, "longitude": 23.309093475341797, "heatmap_weight": 16, "raw_occupancy": 3 }, "geometry": { "type": "Point", "coordinates": [ 23.309093475341797, 42.696601867675781 ] } },
{ "type": "Feature", "properties": { "latitude": 42.769184112548828, "longitude": 23.274761199951172, "heatmap_weight": 4, "raw_occupancy": 1 }, "geometry": { "type": "Point", "coordinates": [ 23.274761199951172, 42.769184112548828 ] } },
{ "type": "Feature", "properties": { "latitude": 42.715408325195312, "longitude": 23.339714050292969, "heatmap_weight": 1, "raw_occupancy": 0 }, "geometry": { "type": "Point", "coordinates": [ 23.339714050292969, 42.715408325195312 ] } },
{ "type": "Feature", "properties": { "latitude": 42.733085632324219, "longitude": 23.28852653503418, "heatmap_weight": 4, "raw_occupancy": 1 }, "geometry": { "type": "Point", "coordinates": [ 23.28852653503418, 42.733085632324219 ] } },
{ "type": "Feature", "properties": { "latitude": 42.707210540771484, "longitude": 23.299531936645508, "heatmap_weight": 4, "raw_occupancy": 1 }, "geometry": { "type": "Point", "coordinates": [ 23.299531936645508, 42.707210540771484 ] } },
{ "type": "Feature", "properties": { "latitude": 42.651561737060547, "longitude": 23.40533447265625, "heatmap_weight": 4, "raw_occupancy": 1 }, "geometry": { "type": "Point", "coordinates": [ 23.40533447265625, 42.651561737060547 ] } },
{ "type": "Feature", "properties": { "latitude": 42.663112640380859, "longitude": 23.415609359741211, "heatmap_weight": 1, "raw_occupancy": 0 }, "geometry": { "type": "Point", "coordinates": [ 23.415609359741211, 42.663112640380859 ] } },
{ "type": "Feature", "properties": { "latitude": 42.694995880126953, "longitude": 23.320466995239258, "heatmap_weight": 1, "raw_occupancy": 0 }, "geometry": { "type": "Point", "coordinates": [ 23.320466995239258, 42.694995880126953 ] } },
{ "type": "Feature", "properties": { "latitude": 42.629035949707031, "longitude": 23.372882843017578, "heatmap_weight": 9, "raw_occupancy": 2 }, "geometry": { "type": "Point", "coordinates": [ 23.372882843017578, 42.629035949707031 ] } },
{ "type": "Feature", "properties": { "latitude": 42.690475463867188, "longitude": 23.277851104736328, "heatmap_weight": 9, "raw_occupancy": 2 }, "geometry": { "type": "Point", "coordinates": [ 23.277851104736328, 42.690475463867188 ] } },
{ "type": "Feature", "properties": { "latitude": 42.705997467041016, "longitude": 23.313037872314453, "heatmap_weight": 4, "raw_occupancy": 1 }, "geometry": { "type": "Point", "coordinates": [ 23.313037872314453, 42.705997467041016 ] } },
{ "type": "Feature", "properties": { "latitude": 42.707786560058594, "longitude": 23.298023223876953, "heatmap_weight": 4, "raw_occupancy": 1 }, "geometry": { "type": "Point", "coordinates": [ 23.298023223876953, 42.707786560058594 ] } },
{ "type": "Feature", "properties": { "latitude": 42.644001007080078, "longitude": 23.313667297363281, "heatmap_weight": 16, "raw_occupancy": 3 }, "geometry": { "type": "Point", "coordinates": [ 23.313667297363281, 42.644001007080078 ] } },
{ "type": "Feature", "properties": { "latitude": 42.691925048828125, "longitude": 23.335693359375, "heatmap_weight": 4, "raw_occupancy": 1 }, "geometry": { "type": "Point", "coordinates": [ 23.335693359375, 42.691925048828125 ] } },
{ "type": "Feature", "properties": { "latitude": 42.716423034667969, "longitude": 23.251663208007812, "heatmap_weight": 4, "raw_occupancy": 1 }, "geometry": { "type": "Point", "coordinates": [ 23.251663208007812, 42.716423034667969 ] } },
{ "type": "Feature", "properties": { "latitude": 42.678768157958984, "longitude": 23.285215377807617, "heatmap_weight": 9, "raw_occupancy": 2 }, "geometry": { "type": "Point", "coordinates": [ 23.285215377807617, 42.678768157958984 ] } },
{ "type": "Feature", "properties": { "latitude": 42.689151763916016, "longitude": 23.314226150512695, "heatmap_weight": 9, "raw_occupancy": 2 }, "geometry": { "type": "Point", "coordinates": [ 23.314226150512695, 42.689151763916016 ] } },
{ "type": "Feature", "properties": { "latitude": 42.827590942382812, "longitude": 23.240318298339844, "heatmap_weight": 4, "raw_occupancy": 1 }, "geometry": { "type": "Point", "coordinates": [ 23.240318298339844, 42.827590942382812 ] } },
{ "type": "Feature", "properties": { "latitude": 42.685390472412109, "longitude": 23.139341354370117, "heatmap_weight": 1, "raw_occupancy": 0 }, "geometry": { "type": "Point", "coordinates": [ 23.139341354370117, 42.685390472412109 ] } },
{ "type": "Feature", "properties": { "latitude": 42.671733856201172, "longitude": 23.350671768188477, "heatmap_weight": 1, "raw_occupancy": 0 }, "geometry": { "type": "Point", "coordinates": [ 23.350671768188477, 42.671733856201172 ] } },
{ "type": "Feature", "properties": { "latitude": 42.724079132080078, "longitude": 23.311775207519531, "heatmap_weight": 4, "raw_occupancy": 1 }, "geometry": { "type": "Point", "coordinates": [ 23.311775207519531, 42.724079132080078 ] } },
{ "type": "Feature", "properties": { "latitude": 42.700469970703125, "longitude": 23.334129333496094, "heatmap_weight": 4, "raw_occupancy": 1 }, "geometry": { "type": "Point", "coordinates": [ 23.334129333496094, 42.700469970703125 ] } },
{ "type": "Feature", "properties": { "latitude": 42.687267303466797, "longitude": 23.301094055175781, "heatmap_weight": 4, "raw_occupancy": 1 }, "geometry": { "type": "Point", "coordinates": [ 23.301094055175781, 42.687267303466797 ] } },
{ "type": "Feature", "properties": { "latitude": 42.667087554931641, "longitude": 23.403829574584961, "heatmap_weight": 4, "raw_occupancy": 1 }, "geometry": { "type": "Point", "coordinates": [ 23.403829574584961, 42.667087554931641 ] } },
{ "type": "Feature", "properties": { "latitude": 42.665760040283203, "longitude": 23.28813362121582, "heatmap_weight": 9, "raw_occupancy": 2 }, "geometry": { "type": "Point", "coordinates": [ 23.28813362121582, 42.665760040283203 ] } },
{ "type": "Feature", "properties": { "latitude": 42.718345642089844, "longitude": 23.22688102722168, "heatmap_weight": 4, "raw_occupancy": 1 }, "geometry": { "type": "Point", "coordinates": [ 23.22688102722168, 42.718345642089844 ] } },
{ "type": "Feature", "properties": { "latitude": 42.68896484375, "longitude": 23.31977653503418, "heatmap_weight": 4, "raw_occupancy": 1 }, "geometry": { "type": "Point", "coordinates": [ 23.31977653503418, 42.68896484375 ] } },
{ "type": "Feature", "properties": { "latitude": 42.622875213623047, "longitude": 23.370197296142578, "heatmap_weight": 4, "raw_occupancy": 1 }, "geometry": { "type": "Point", "coordinates": [ 23.370197296142578, 42.622875213623047 ] } },
{ "type": "Feature", "properties": { "latitude": 42.692920684814453, "longitude": 23.334674835205078, "heatmap_weight": 16, "raw_occupancy": 3 }, "geometry": { "type": "Point", "coordinates": [ 23.334674835205078, 42.692920684814453 ] } },
{ "type": "Feature", "properties": { "latitude": 42.739437103271484, "longitude": 23.294424057006836, "heatmap_weight": 4, "raw_occupancy": 1 }, "geometry": { "type": "Point", "coordinates": [ 23.294424057006836, 42.739437103271484 ] } },
{ "type": "Feature", "properties": { "latitude": 42.698719024658203, "longitude": 23.334987640380859, "heatmap_weight": 16, "raw_occupancy": 3 }, "geometry": { "type": "Point", "coordinates": [ 23.334987640380859, 42.698719024658203 ] } },
{ "type": "Feature", "properties": { "latitude": 42.670272827148438, "longitude": 23.369138717651367, "heatmap_weight": 9, "raw_occupancy": 2 }, "geometry": { "type": "Point", "coordinates": [ 23.369138717651367, 42.670272827148438 ] } },
{ "type": "Feature", "properties": { "latitude": 42.701522827148438, "longitude": 23.297645568847656, "heatmap_weight": 9, "raw_occupancy": 2 }, "geometry": { "type": "Point", "coordinates": [ 23.297645568847656, 42.701522827148438 ] } },
{ "type": "Feature", "properties": { "latitude": 42.669757843017578, "longitude": 23.256528854370117, "heatmap_weight": 4, "raw_occupancy": 1 }, "geometry": { "type": "Point", "coordinates": [ 23.256528854370117, 42.669757843017578 ] } },
{ "type": "Feature", "properties": { "latitude": 42.69921875, "longitude": 23.365259170532227, "heatmap_weight": 9, "raw_occupancy": 2 }, "geometry": { "type": "Point", "coordinates": [ 23.365259170532227, 42.69921875 ] } },
{ "type": "Feature", "properties": { "latitude": 42.669578552246094, "longitude": 23.332511901855469, "heatmap_weight": 4, "raw_occupancy": 1 }, "geometry": { "type": "Point", "coordinates": [ 23.332511901855469, 42.669578552246094 ] } },
{ "type": "Feature", "properties": { "latitude": 42.762958526611328, "longitude": 23.548679351806641, "heatmap_weight": 4, "raw_occupancy": 1 }, "geometry": { "type": "Point", "coordinates": [ 23.548679351806641, 42.762958526611328 ] } },
{ "type": "Feature", "properties": { "latitude": 42.713272094726562, "longitude": 23.265523910522461, "heatmap_weight": 9, "raw_occupancy": 2 }, "geometry": { "type": "Point", "coordinates": [ 23.265523910522461, 42.713272094726562 ] } },
{ "type": "Feature", "properties": { "latitude": 42.712650299072266, "longitude": 23.308382034301758, "heatmap_weight": 1, "raw_occupancy": 0 }, "geometry": { "type": "Point", "coordinates": [ 23.308382034301758, 42.712650299072266 ] } },
{ "type": "Feature", "properties": { "latitude": 42.665390014648438, "longitude": 23.287513732910156, "heatmap_weight": 1, "raw_occupancy": 0 }, "geometry": { "type": "Point", "coordinates": [ 23.287513732910156, 42.665390014648438 ] } },
{ "type": "Feature", "properties": { "latitude": 42.715499877929688, "longitude": 23.310234069824219, "heatmap_weight": 4, "raw_occupancy": 1 }, "geometry": { "type": "Point", "coordinates": [ 23.310234069824219, 42.715499877929688 ] } },
{ "type": "Feature", "properties": { "latitude": 42.691165924072266, "longitude": 23.278989791870117, "heatmap_weight": 4, "raw_occupancy": 1 }, "geometry": { "type": "Point", "coordinates": [ 23.278989791870117, 42.691165924072266 ] } },
{ "type": "Feature", "properties": { "latitude": 42.684295654296875, "longitude": 23.268596649169922, "heatmap_weight": 4, "raw_occupancy": 1 }, "geometry": { "type": "Point", "coordinates": [ 23.268596649169922, 42.684295654296875 ] } },
{ "type": "Feature", "properties": { "latitude": 42.700553894042969, "longitude": 23.296487808227539, "heatmap_weight": 4, "raw_occupancy": 1 }, "geometry": { "type": "Point", "coordinates": [ 23.296487808227539, 42.700553894042969 ] } },
{ "type": "Feature", "properties": { "latitude": 42.739826202392578, "longitude": 23.309114456176758, "heatmap_weight": 4, "raw_occupancy": 1 }, "geometry": { "type": "Point", "coordinates": [ 23.309114456176758, 42.739826202392578 ] } },
{ "type": "Feature", "properties": { "latitude": 42.691341400146484, "longitude": 23.325128555297852, "heatmap_weight": 16, "raw_occupancy": 3 }, "geometry": { "type": "Point", "coordinates": [ 23.325128555297852, 42.691341400146484 ] } },
{ "type": "Feature", "properties": { "latitude": 42.673759460449219, "longitude": 23.286556243896484, "heatmap_weight": 9, "raw_occupancy": 2 }, "geometry": { "type": "Point", "coordinates": [ 23.286556243896484, 42.673759460449219 ] } },
{ "type": "Feature", "properties": { "latitude": 42.651966094970703, "longitude": 23.404800415039062, "heatmap_weight": 9, "raw_occupancy": 2 }, "geometry": { "type": "Point", "coordinates": [ 23.404800415039062, 42.651966094970703 ] } },
{ "type": "Feature", "properties": { "latitude": 42.731971740722656, "longitude": 23.317220687866211, "heatmap_weight": 4, "raw_occupancy": 1 }, "geometry": { "type": "Point", "coordinates": [ 23.317220687866211, 42.731971740722656 ] } },
{ "type": "Feature", "properties": { "latitude": 42.663848876953125, "longitude": 23.296901702880859, "heatmap_weight": 9, "raw_occupancy": 2 }, "geometry": { "type": "Point", "coordinates": [ 23.296901702880859, 42.663848876953125 ] } },
{ "type": "Feature", "properties": { "latitude": 42.666404724121094, "longitude": 23.386585235595703, "heatmap_weight": 4, "raw_occupancy": 1 }, "geometry": { "type": "Point", "coordinates": [ 23.386585235595703, 42.666404724121094 ] } },
{ "type": "Feature", "properties": { "latitude": 42.706924438476562, "longitude": 23.350673675537109, "heatmap_weight": 1, "raw_occupancy": 0 }, "geometry": { "type": "Point", "coordinates": [ 23.350673675537109, 42.706924438476562 ] } },
{ "type": "Feature", "properties": { "latitude": 42.624530792236328, "longitude": 23.385456085205078, "heatmap_weight": 1, "raw_occupancy": 0 }, "geometry": { "type": "Point", "coordinates": [ 23.385456085205078, 42.624530792236328 ] } },
{ "type": "Feature", "properties": { "latitude": 42.723308563232422, "longitude": 23.299322128295898, "heatmap_weight": 4, "raw_occupancy": 1 }, "geometry": { "type": "Point", "coordinates": [ 23.299322128295898, 42.723308563232422 ] } },
{ "type": "Feature", "properties": { "latitude": 42.663501739501953, "longitude": 23.375862121582031, "heatmap_weight": 9, "raw_occupancy": 2 }, "geometry": { "type": "Point", "coordinates": [ 23.375862121582031, 42.663501739501953 ] } },
{ "type": "Feature", "properties": { "latitude": 42.687488555908203, "longitude": 23.299577713012695, "heatmap_weight": 16, "raw_occupancy": 3 }, "geometry": { "type": "Point", "coordinates": [ 23.299577713012695, 42.687488555908203 ] } },
{ "type": "Feature", "properties": { "latitude": 42.704414367675781, "longitude": 23.326805114746094, "heatmap_weight": 4, "raw_occupancy": 1 }, "geometry": { "type": "Point", "coordinates": [ 23.326805114746094, 42.704414367675781 ] } },
{ "type": "Feature", "properties": { "latitude": 42.688491821289062, "longitude": 23.27659797668457, "heatmap_weight": 9, "raw_occupancy": 2 }, "geometry": { "type": "Point", "coordinates": [ 23.27659797668457, 42.688491821289062 ] } },
{ "type": "Feature", "properties": { "latitude": 42.694862365722656, "longitude": 23.317617416381836, "heatmap_weight": 4, "raw_occupancy": 1 }, "geometry": { "type": "Point", "coordinates": [ 23.317617416381836, 42.694862365722656 ] } },
{ "type": "Feature", "properties": { "latitude": 42.688674926757812, "longitude": 23.32237434387207, "heatmap_weight": 4, "raw_occupancy": 1 }, "geometry": { "type": "Point", "coordinates": [ 23.32237434387207, 42.688674926757812 ] } },
{ "type": "Feature", "properties": { "latitude": 42.704254150390625, "longitude": 23.334949493408203, "heatmap_weight": 4, "raw_occupancy": 1 }, "geometry": { "type": "Point", "coordinates": [ 23.334949493408203, 42.704254150390625 ] } },
{ "type": "Feature", "properties": { "latitude": 42.662727355957031, "longitude": 23.345064163208008, "heatmap_weight": 9, "raw_occupancy": 2 }, "geometry": { "type": "Point", "coordinates": [ 23.345064163208008, 42.662727355957031 ] } },
{ "type": "Feature", "properties": { "latitude": 42.676612854003906, "longitude": 23.333581924438477, "heatmap_weight": 1, "raw_occupancy": 0 }, "geometry": { "type": "Point", "coordinates": [ 23.333581924438477, 42.676612854003906 ] } },
{ "type": "Feature", "properties": { "latitude": 42.694038391113281, "longitude": 23.355253219604492, "heatmap_weight": 4, "raw_occupancy": 1 }, "geometry": { "type": "Point", "coordinates": [ 23.355253219604492, 42.694038391113281 ] } },
{ "type": "Feature", "properties": { "latitude": 42.676517486572266, "longitude": 23.370302200317383, "heatmap_weight": 4, "raw_occupancy": 1 }, "geometry": { "type": "Point", "coordinates": [ 23.370302200317383, 42.676517486572266 ] } },
{ "type": "Feature", "properties": { "latitude": 42.717174530029297, "longitude": 23.278331756591797, "heatmap_weight": 9, "raw_occupancy": 2 }, "geometry": { "type": "Point", "coordinates": [ 23.278331756591797, 42.717174530029297 ] } },
{ "type": "Feature", "properties": { "latitude": 42.705848693847656, "longitude": 23.30744743347168, "heatmap_weight": 25, "raw_occupancy": 4 }, "geometry": { "type": "Point", "coordinates": [ 23.30744743347168, 42.705848693847656 ] } },
{ "type": "Feature", "properties": { "latitude": 42.689746856689453, "longitude": 23.335639953613281, "heatmap_weight": 4, "raw_occupancy": 1 }, "geometry": { "type": "Point", "coordinates": [ 23.335639953613281, 42.689746856689453 ] } },
{ "type": "Feature", "properties": { "latitude": 42.694488525390625, "longitude": 23.314764022827148, "heatmap_weight": 9, "raw_occupancy": 2 }, "geometry": { "type": "Point", "coordinates": [ 23.314764022827148, 42.694488525390625 ] } },
{ "type": "Feature", "properties": { "latitude": 42.692306518554688, "longitude": 23.280668258666992, "heatmap_weight": 4, "raw_occupancy": 1 }, "geometry": { "type": "Point", "coordinates": [ 23.280668258666992, 42.692306518554688 ] } },
{ "type": "Feature", "properties": { "latitude": 42.620014190673828, "longitude": 23.297208786010742, "heatmap_weight": 1, "raw_occupancy": 0 }, "geometry": { "type": "Point", "coordinates": [ 23.297208786010742, 42.620014190673828 ] } },
{ "type": "Feature", "properties": { "latitude": 42.669345855712891, "longitude": 23.368894577026367, "heatmap_weight": 4, "raw_occupancy": 1 }, "geometry": { "type": "Point", "coordinates": [ 23.368894577026367, 42.669345855712891 ] } },
{ "type": "Feature", "properties": { "latitude": 42.703159332275391, "longitude": 23.298757553100586, "heatmap_weight": 4, "raw_occupancy": 1 }, "geometry": { "type": "Point", "coordinates": [ 23.298757553100586, 42.703159332275391 ] } },
{ "type": "Feature", "properties": { "latitude": 42.710170745849609, "longitude": 23.335868835449219, "heatmap_weight": 4, "raw_occupancy": 1 }, "geometry": { "type": "Point", "coordinates": [ 23.335868835449219, 42.710170745849609 ] } },
{ "type": "Feature", "properties": { "latitude": 42.686359405517578, "longitude": 23.323301315307617, "heatmap_weight": 4, "raw_occupancy": 1 }, "geometry": { "type": "Point", "coordinates": [ 23.323301315307617, 42.686359405517578 ] } },
{ "type": "Feature", "properties": { "latitude": 42.702159881591797, "longitude": 23.35869026184082, "heatmap_weight": 16, "raw_occupancy": 3 }, "geometry": { "type": "Point", "coordinates": [ 23.35869026184082, 42.702159881591797 ] } },
{ "type": "Feature", "properties": { "latitude": 42.79443359375, "longitude": 23.268287658691406, "heatmap_weight": 1, "raw_occupancy": 0 }, "geometry": { "type": "Point", "coordinates": [ 23.268287658691406, 42.79443359375 ] } },
{ "type": "Feature", "properties": { "latitude": 42.746234893798828, "longitude": 23.60627555847168, "heatmap_weight": 4, "raw_occupancy": 1 }, "geometry": { "type": "Point", "coordinates": [ 23.60627555847168, 42.746234893798828 ] } },
{ "type": "Feature", "properties": { "latitude": 42.638072967529297, "longitude": 23.38116455078125, "heatmap_weight": 4, "raw_occupancy": 1 }, "geometry": { "type": "Point", "coordinates": [ 23.38116455078125, 42.638072967529297 ] } },
{ "type": "Feature", "properties": { "latitude": 42.668350219726562, "longitude": 23.401931762695312, "heatmap_weight": 4, "raw_occupancy": 1 }, "geometry": { "type": "Point", "coordinates": [ 23.401931762695312, 42.668350219726562 ] } },
{ "type": "Feature", "properties": { "latitude": 42.751869201660156, "longitude": 23.217222213745117, "heatmap_weight": 4, "raw_occupancy": 1 }, "geometry": { "type": "Point", "coordinates": [ 23.217222213745117, 42.751869201660156 ] } },
{ "type": "Feature", "properties": { "latitude": 42.683139801025391, "longitude": 23.24321174621582, "heatmap_weight": 4, "raw_occupancy": 1 }, "geometry": { "type": "Point", "coordinates": [ 23.24321174621582, 42.683139801025391 ] } },
{ "type": "Feature", "properties": { "latitude": 42.711193084716797, "longitude": 23.246561050415039, "heatmap_weight": 4, "raw_occupancy": 1 }, "geometry": { "type": "Point", "coordinates": [ 23.246561050415039, 42.711193084716797 ] } },
{ "type": "Feature", "properties": { "latitude": 42.677375793457031, "longitude": 23.35588264465332, "heatmap_weight": 16, "raw_occupancy": 3 }, "geometry": { "type": "Point", "coordinates": [ 23.35588264465332, 42.677375793457031 ] } },
{ "type": "Feature", "properties": { "latitude": 42.686073303222656, "longitude": 23.274415969848633, "heatmap_weight": 4, "raw_occupancy": 1 }, "geometry": { "type": "Point", "coordinates": [ 23.274415969848633, 42.686073303222656 ] } },
{ "type": "Feature", "properties": { "latitude": 42.692676544189453, "longitude": 23.323604583740234, "heatmap_weight": 4, "raw_occupancy": 1 }, "geometry": { "type": "Point", "coordinates": [ 23.323604583740234, 42.692676544189453 ] } },
{ "type": "Feature", "properties": { "latitude": 42.696521759033203, "longitude": 23.33873176574707, "heatmap_weight": 9, "raw_occupancy": 2 }, "geometry": { "type": "Point", "coordinates": [ 23.33873176574707, 42.696521759033203 ] } },
{ "type": "Feature", "properties": { "latitude": 42.753692626953125, "longitude": 23.321075439453125, "heatmap_weight": 1, "raw_occupancy": 0 }, "geometry": { "type": "Point", "coordinates": [ 23.321075439453125, 42.753692626953125 ] } },
{ "type": "Feature", "properties": { "latitude": 42.673118591308594, "longitude": 23.361871719360352, "heatmap_weight": 4, "raw_occupancy": 1 }, "geometry": { "type": "Point", "coordinates": [ 23.361871719360352, 42.673118591308594 ] } },
{ "type": "Feature", "properties": { "latitude": 42.700248718261719, "longitude": 23.32221794128418, "heatmap_weight": 4, "raw_occupancy": 1 }, "geometry": { "type": "Point", "coordinates": [ 23.32221794128418, 42.700248718261719 ] } },
{ "type": "Feature", "properties": { "latitude": 42.684688568115234, "longitude": 23.300769805908203, "heatmap_weight": 9, "raw_occupancy": 2 }, "geometry": { "type": "Point", "coordinates": [ 23.300769805908203, 42.684688568115234 ] } },
{ "type": "Feature", "properties": { "latitude": 42.742351531982422, "longitude": 23.27745246887207, "heatmap_weight": 4, "raw_occupancy": 1 }, "geometry": { "type": "Point", "coordinates": [ 23.27745246887207, 42.742351531982422 ] } },
{ "type": "Feature", "properties": { "latitude": 42.678504943847656, "longitude": 23.285333633422852, "heatmap_weight": 4, "raw_occupancy": 1 }, "geometry": { "type": "Point", "coordinates": [ 23.285333633422852, 42.678504943847656 ] } },
{ "type": "Feature", "properties": { "latitude": 42.700187683105469, "longitude": 23.334182739257812, "heatmap_weight": 4, "raw_occupancy": 1 }, "geometry": { "type": "Point", "coordinates": [ 23.334182739257812, 42.700187683105469 ] } },
{ "type": "Feature", "properties": { "latitude": 42.6561279296875, "longitude": 23.397785186767578, "heatmap_weight": 9, "raw_occupancy": 2 }, "geometry": { "type": "Point", "coordinates": [ 23.397785186767578, 42.6561279296875 ] } },
{ "type": "Feature", "properties": { "latitude": 42.710845947265625, "longitude": 23.318696975708008, "heatmap_weight": 1, "raw_occupancy": 0 }, "geometry": { "type": "Point", "coordinates": [ 23.318696975708008, 42.710845947265625 ] } },
{ "type": "Feature", "properties": { "latitude": 42.661857604980469, "longitude": 23.284130096435547, "heatmap_weight": 4, "raw_occupancy": 1 }, "geometry": { "type": "Point", "coordinates": [ 23.284130096435547, 42.661857604980469 ] } },
{ "type": "Feature", "properties": { "latitude": 42.709903717041016, "longitude": 23.139223098754883, "heatmap_weight": 1, "raw_occupancy": 0 }, "geometry": { "type": "Point", "coordinates": [ 23.139223098754883, 42.709903717041016 ] } },
{ "type": "Feature", "properties": { "latitude": 42.663295745849609, "longitude": 23.303022384643555, "heatmap_weight": 4, "raw_occupancy": 1 }, "geometry": { "type": "Point", "coordinates": [ 23.303022384643555, 42.663295745849609 ] } },
{ "type": "Feature", "properties": { "latitude": 42.709911346435547, "longitude": 23.389877319335938, "heatmap_weight": 4, "raw_occupancy": 1 }, "geometry": { "type": "Point", "coordinates": [ 23.389877319335938, 42.709911346435547 ] } },
{ "type": "Feature", "properties": { "latitude": 42.628414154052734, "longitude": 23.407917022705078, "heatmap_weight": 9, "raw_occupancy": 2 }, "geometry": { "type": "Point", "coordinates": [ 23.407917022705078, 42.628414154052734 ] } },
{ "type": "Feature", "properties": { "latitude": 42.657886505126953, "longitude": 23.384525299072266, "heatmap_weight": 16, "raw_occupancy": 3 }, "geometry": { "type": "Point", "coordinates": [ 23.384525299072266, 42.657886505126953 ] } },
{ "type": "Feature", "properties": { "latitude": 42.731311798095703, "longitude": 23.313522338867188, "heatmap_weight": 1, "raw_occupancy": 0 }, "geometry": { "type": "Point", "coordinates": [ 23.313522338867188, 42.731311798095703 ] } },
{ "type": "Feature", "properties": { "latitude": 42.671581268310547, "longitude": 23.428108215332031, "heatmap_weight": 4, "raw_occupancy": 1 }, "geometry": { "type": "Point", "coordinates": [ 23.428108215332031, 42.671581268310547 ] } },
{ "type": "Feature", "properties": { "latitude": 42.708599090576172, "longitude": 23.350522994995117, "heatmap_weight": 4, "raw_occupancy": 1 }, "geometry": { "type": "Point", "coordinates": [ 23.350522994995117, 42.708599090576172 ] } },
{ "type": "Feature", "properties": { "latitude": 42.662994384765625, "longitude": 23.254583358764648, "heatmap_weight": 1, "raw_occupancy": 0 }, "geometry": { "type": "Point", "coordinates": [ 23.254583358764648, 42.662994384765625 ] } },
{ "type": "Feature", "properties": { "latitude": 42.663074493408203, "longitude": 23.375482559204102, "heatmap_weight": 4, "raw_occupancy": 1 }, "geometry": { "type": "Point", "coordinates": [ 23.375482559204102, 42.663074493408203 ] } },
{ "type": "Feature", "properties": { "latitude": 42.642635345458984, "longitude": 23.335311889648438, "heatmap_weight": 4, "raw_occupancy": 1 }, "geometry": { "type": "Point", "coordinates": [ 23.335311889648438, 42.642635345458984 ] } },
{ "type": "Feature", "properties": { "latitude": 42.663578033447266, "longitude": 23.286630630493164, "heatmap_weight": 4, "raw_occupancy": 1 }, "geometry": { "type": "Point", "coordinates": [ 23.286630630493164, 42.663578033447266 ] } },
{ "type": "Feature", "properties": { "latitude": 42.685962677001953, "longitude": 23.331289291381836, "heatmap_weight": 4, "raw_occupancy": 1 }, "geometry": { "type": "Point", "coordinates": [ 23.331289291381836, 42.685962677001953 ] } },
{ "type": "Feature", "properties": { "latitude": 42.70660400390625, "longitude": 23.284814834594727, "heatmap_weight": 4, "raw_occupancy": 1 }, "geometry": { "type": "Point", "coordinates": [ 23.284814834594727, 42.70660400390625 ] } },
{ "type": "Feature", "properties": { "latitude": 42.701923370361328, "longitude": 23.281824111938477, "heatmap_weight": 4, "raw_occupancy": 1 }, "geometry": { "type": "Point", "coordinates": [ 23.281824111938477, 42.701923370361328 ] } },
{ "type": "Feature", "properties": { "latitude": 42.765251159667969, "longitude": 23.35614013671875, "heatmap_weight": 4, "raw_occupancy": 1 }, "geometry": { "type": "Point", "coordinates": [ 23.35614013671875, 42.765251159667969 ] } },
{ "type": "Feature", "properties": { "latitude": 42.689655303955078, "longitude": 23.33641242980957, "heatmap_weight": 9, "raw_occupancy": 2 }, "geometry": { "type": "Point", "coordinates": [ 23.33641242980957, 42.689655303955078 ] } },
{ "type": "Feature", "properties": { "latitude": 42.695640563964844, "longitude": 23.355401992797852, "heatmap_weight": 9, "raw_occupancy": 2 }, "geometry": { "type": "Point", "coordinates": [ 23.355401992797852, 42.695640563964844 ] } },
{ "type": "Feature", "properties": { "latitude": 42.710346221923828, "longitude": 23.292840957641602, "heatmap_weight": 4, "raw_occupancy": 1 }, "geometry": { "type": "Point", "coordinates": [ 23.292840957641602, 42.710346221923828 ] } },
{ "type": "Feature", "properties": { "latitude": 42.696792602539062, "longitude": 23.347236633300781, "heatmap_weight": 9, "raw_occupancy": 2 }, "geometry": { "type": "Point", "coordinates": [ 23.347236633300781, 42.696792602539062 ] } },
{ "type": "Feature", "properties": { "latitude": 42.693229675292969, "longitude": 23.312295913696289, "heatmap_weight": 9, "raw_occupancy": 2 }, "geometry": { "type": "Point", "coordinates": [ 23.312295913696289, 42.693229675292969 ] } },
{ "type": "Feature", "properties": { "latitude": 42.680950164794922, "longitude": 23.463685989379883, "heatmap_weight": 1, "raw_occupancy": 0 }, "geometry": { "type": "Point", "coordinates": [ 23.463685989379883, 42.680950164794922 ] } },
{ "type": "Feature", "properties": { "latitude": 42.746570587158203, "longitude": 23.269170761108398, "heatmap_weight": 4, "raw_occupancy": 1 }, "geometry": { "type": "Point", "coordinates": [ 23.269170761108398, 42.746570587158203 ] } },
{ "type": "Feature", "properties": { "latitude": 42.714752197265625, "longitude": 23.258750915527344, "heatmap_weight": 4, "raw_occupancy": 1 }, "geometry": { "type": "Point", "coordinates": [ 23.258750915527344, 42.714752197265625 ] } },
{ "type": "Feature", "properties": { "latitude": 42.701759338378906, "longitude": 23.339616775512695, "heatmap_weight": 4, "raw_occupancy": 1 }, "geometry": { "type": "Point", "coordinates": [ 23.339616775512695, 42.701759338378906 ] } },
{ "type": "Feature", "properties": { "latitude": 42.627666473388672, "longitude": 23.375324249267578, "heatmap_weight": 4, "raw_occupancy": 1 }, "geometry": { "type": "Point", "coordinates": [ 23.375324249267578, 42.627666473388672 ] } },
{ "type": "Feature", "properties": { "latitude": 42.729709625244141, "longitude": 23.292966842651367, "heatmap_weight": 4, "raw_occupancy": 1 }, "geometry": { "type": "Point", "coordinates": [ 23.292966842651367, 42.729709625244141 ] } },
{ "type": "Feature", "properties": { "latitude": 42.820610046386719, "longitude": 23.354528427124023, "heatmap_weight": 4, "raw_occupancy": 1 }, "geometry": { "type": "Point", "coordinates": [ 23.354528427124023, 42.820610046386719 ] } },
{ "type": "Feature", "properties": { "latitude": 42.665126800537109, "longitude": 23.318002700805664, "heatmap_weight": 1, "raw_occupancy": 0 }, "geometry": { "type": "Point", "coordinates": [ 23.318002700805664, 42.665126800537109 ] } },
{ "type": "Feature", "properties": { "latitude": 42.753692626953125, "longitude": 23.320962905883789, "heatmap_weight": 1, "raw_occupancy": 0 }, "geometry": { "type": "Point", "coordinates": [ 23.320962905883789, 42.753692626953125 ] } },
{ "type": "Feature", "properties": { "latitude": 42.709522247314453, "longitude": 23.356779098510742, "heatmap_weight": 4, "raw_occupancy": 1 }, "geometry": { "type": "Point", "coordinates": [ 23.356779098510742, 42.709522247314453 ] } },
{ "type": "Feature", "properties": { "latitude": 42.700160980224609, "longitude": 23.316326141357422, "heatmap_weight": 4, "raw_occupancy": 1 }, "geometry": { "type": "Point", "coordinates": [ 23.316326141357422, 42.700160980224609 ] } },
{ "type": "Feature", "properties": { "latitude": 42.657192230224609, "longitude": 23.376808166503906, "heatmap_weight": 4, "raw_occupancy": 1 }, "geometry": { "type": "Point", "coordinates": [ 23.376808166503906, 42.657192230224609 ] } },
{ "type": "Feature", "properties": { "latitude": 42.697978973388672, "longitude": 23.337961196899414, "heatmap_weight": 4, "raw_occupancy": 1 }, "geometry": { "type": "Point", "coordinates": [ 23.337961196899414, 42.697978973388672 ] } },
{ "type": "Feature", "properties": { "latitude": 42.70477294921875, "longitude": 23.328151702880859, "heatmap_weight": 4, "raw_occupancy": 1 }, "geometry": { "type": "Point", "coordinates": [ 23.328151702880859, 42.70477294921875 ] } },
{ "type": "Feature", "properties": { "latitude": 42.685306549072266, "longitude": 23.321193695068359, "heatmap_weight": 4, "raw_occupancy": 1 }, "geometry": { "type": "Point", "coordinates": [ 23.321193695068359, 42.685306549072266 ] } },
{ "type": "Feature", "properties": { "latitude": 42.664253234863281, "longitude": 23.26099967956543, "heatmap_weight": 9, "raw_occupancy": 2 }, "geometry": { "type": "Point", "coordinates": [ 23.26099967956543, 42.664253234863281 ] } },
{ "type": "Feature", "properties": { "latitude": 42.710319519042969, "longitude": 23.245437622070312, "heatmap_weight": 4, "raw_occupancy": 1 }, "geometry": { "type": "Point", "coordinates": [ 23.245437622070312, 42.710319519042969 ] } },
{ "type": "Feature", "properties": { "latitude": 42.683601379394531, "longitude": 23.323793411254883, "heatmap_weight": 9, "raw_occupancy": 2 }, "geometry": { "type": "Point", "coordinates": [ 23.323793411254883, 42.683601379394531 ] } },
{ "type": "Feature", "properties": { "latitude": 42.700275421142578, "longitude": 23.297281265258789, "heatmap_weight": 4, "raw_occupancy": 1 }, "geometry": { "type": "Point", "coordinates": [ 23.297281265258789, 42.700275421142578 ] } },
{ "type": "Feature", "properties": { "latitude": 42.749488830566406, "longitude": 23.320461273193359, "heatmap_weight": 4, "raw_occupancy": 1 }, "geometry": { "type": "Point", "coordinates": [ 23.320461273193359, 42.749488830566406 ] } },
{ "type": "Feature", "properties": { "latitude": 42.628456115722656, "longitude": 23.33326530456543, "heatmap_weight": 1, "raw_occupancy": 0 }, "geometry": { "type": "Point", "coordinates": [ 23.33326530456543, 42.628456115722656 ] } },
{ "type": "Feature", "properties": { "latitude": 42.689979553222656, "longitude": 23.358974456787109, "heatmap_weight": 4, "raw_occupancy": 1 }, "geometry": { "type": "Point", "coordinates": [ 23.358974456787109, 42.689979553222656 ] } },
{ "type": "Feature", "properties": { "latitude": 42.728599548339844, "longitude": 23.458568572998047, "heatmap_weight": 4, "raw_occupancy": 1 }, "geometry": { "type": "Point", "coordinates": [ 23.458568572998047, 42.728599548339844 ] } },
{ "type": "Feature", "properties": { "latitude": 42.654926300048828, "longitude": 23.370220184326172, "heatmap_weight": 1, "raw_occupancy": 0 }, "geometry": { "type": "Point", "coordinates": [ 23.370220184326172, 42.654926300048828 ] } },
{ "type": "Feature", "properties": { "latitude": 42.691783905029297, "longitude": 23.30987548828125, "heatmap_weight": 9, "raw_occupancy": 2 }, "geometry": { "type": "Point", "coordinates": [ 23.30987548828125, 42.691783905029297 ] } },
{ "type": "Feature", "properties": { "latitude": 42.717937469482422, "longitude": 23.339118957519531, "heatmap_weight": 9, "raw_occupancy": 2 }, "geometry": { "type": "Point", "coordinates": [ 23.339118957519531, 42.717937469482422 ] } },
{ "type": "Feature", "properties": { "latitude": 42.687335968017578, "longitude": 23.310884475708008, "heatmap_weight": 4, "raw_occupancy": 1 }, "geometry": { "type": "Point", "coordinates": [ 23.310884475708008, 42.687335968017578 ] } },
{ "type": "Feature", "properties": { "latitude": 42.677875518798828, "longitude": 23.355583190917969, "heatmap_weight": 9, "raw_occupancy": 2 }, "geometry": { "type": "Point", "coordinates": [ 23.355583190917969, 42.677875518798828 ] } },
{ "type": "Feature", "properties": { "latitude": 42.67205810546875, "longitude": 23.273162841796875, "heatmap_weight": 9, "raw_occupancy": 2 }, "geometry": { "type": "Point", "coordinates": [ 23.273162841796875, 42.67205810546875 ] } },
{ "type": "Feature", "properties": { "latitude": 42.664218902587891, "longitude": 23.410581588745117, "heatmap_weight": 1, "raw_occupancy": 0 }, "geometry": { "type": "Point", "coordinates": [ 23.410581588745117, 42.664218902587891 ] } },
{ "type": "Feature", "properties": { "latitude": 42.698135375976562, "longitude": 23.329660415649414, "heatmap_weight": 9, "raw_occupancy": 2 }, "geometry": { "type": "Point", "coordinates": [ 23.329660415649414, 42.698135375976562 ] } },
{ "type": "Feature", "properties": { "latitude": 42.671279907226562, "longitude": 23.427783966064453, "heatmap_weight": 4, "raw_occupancy": 1 }, "geometry": { "type": "Point", "coordinates": [ 23.427783966064453, 42.671279907226562 ] } },
{ "type": "Feature", "properties": { "latitude": 42.640155792236328, "longitude": 23.334524154663086, "heatmap_weight": 4, "raw_occupancy": 1 }, "geometry": { "type": "Point", "coordinates": [ 23.334524154663086, 42.640155792236328 ] } },
{ "type": "Feature", "properties": { "latitude": 42.670543670654297, "longitude": 23.337928771972656, "heatmap_weight": 9, "raw_occupancy": 2 }, "geometry": { "type": "Point", "coordinates": [ 23.337928771972656, 42.670543670654297 ] } },
{ "type": "Feature", "properties": { "latitude": 42.685134887695312, "longitude": 23.351245880126953, "heatmap_weight": 9, "raw_occupancy": 2 }, "geometry": { "type": "Point", "coordinates": [ 23.351245880126953, 42.685134887695312 ] } },
{ "type": "Feature", "properties": { "latitude": 42.688472747802734, "longitude": 23.328561782836914, "heatmap_weight": 4, "raw_occupancy": 1 }, "geometry": { "type": "Point", "coordinates": [ 23.328561782836914, 42.688472747802734 ] } },
{ "type": "Feature", "properties": { "latitude": 42.682113647460938, "longitude": 23.313831329345703, "heatmap_weight": 1, "raw_occupancy": 0 }, "geometry": { "type": "Point", "coordinates": [ 23.313831329345703, 42.682113647460938 ] } },
{ "type": "Feature", "properties": { "latitude": 42.698093414306641, "longitude": 23.312631607055664, "heatmap_weight": 9, "raw_occupancy": 2 }, "geometry": { "type": "Point", "coordinates": [ 23.312631607055664, 42.698093414306641 ] } },
{ "type": "Feature", "properties": { "latitude": 42.704376220703125, "longitude": 23.323764801025391, "heatmap_weight": 9, "raw_occupancy": 2 }, "geometry": { "type": "Point", "coordinates": [ 23.323764801025391, 42.704376220703125 ] } },
{ "type": "Feature", "properties": { "latitude": 42.667407989501953, "longitude": 23.256885528564453, "heatmap_weight": 9, "raw_occupancy": 2 }, "geometry": { "type": "Point", "coordinates": [ 23.256885528564453, 42.667407989501953 ] } },
{ "type": "Feature", "properties": { "latitude": 42.708759307861328, "longitude": 23.313209533691406, "heatmap_weight": 4, "raw_occupancy": 1 }, "geometry": { "type": "Point", "coordinates": [ 23.313209533691406, 42.708759307861328 ] } },
{ "type": "Feature", "properties": { "latitude": 42.689952850341797, "longitude": 23.313438415527344, "heatmap_weight": 16, "raw_occupancy": 3 }, "geometry": { "type": "Point", "coordinates": [ 23.313438415527344, 42.689952850341797 ] } },
{ "type": "Feature", "properties": { "latitude": 42.762210845947266, "longitude": 23.314023971557617, "heatmap_weight": 9, "raw_occupancy": 2 }, "geometry": { "type": "Point", "coordinates": [ 23.314023971557617, 42.762210845947266 ] } },
{ "type": "Feature", "properties": { "latitude": 42.694904327392578, "longitude": 23.321025848388672, "heatmap_weight": 4, "raw_occupancy": 1 }, "geometry": { "type": "Point", "coordinates": [ 23.321025848388672, 42.694904327392578 ] } },
{ "type": "Feature", "properties": { "latitude": 42.705715179443359, "longitude": 23.334318161010742, "heatmap_weight": 9, "raw_occupancy": 2 }, "geometry": { "type": "Point", "coordinates": [ 23.334318161010742, 42.705715179443359 ] } },
{ "type": "Feature", "properties": { "latitude": 42.657131195068359, "longitude": 23.375782012939453, "heatmap_weight": 4, "raw_occupancy": 1 }, "geometry": { "type": "Point", "coordinates": [ 23.375782012939453, 42.657131195068359 ] } },
{ "type": "Feature", "properties": { "latitude": 42.685329437255859, "longitude": 23.330572128295898, "heatmap_weight": 4, "raw_occupancy": 1 }, "geometry": { "type": "Point", "coordinates": [ 23.330572128295898, 42.685329437255859 ] } },
{ "type": "Feature", "properties": { "latitude": 42.785030364990234, "longitude": 23.396303176879883, "heatmap_weight": 4, "raw_occupancy": 1 }, "geometry": { "type": "Point", "coordinates": [ 23.396303176879883, 42.785030364990234 ] } },
{ "type": "Feature", "properties": { "latitude": 42.624187469482422, "longitude": 23.356941223144531, "heatmap_weight": 9, "raw_occupancy": 2 }, "geometry": { "type": "Point", "coordinates": [ 23.356941223144531, 42.624187469482422 ] } },
{ "type": "Feature", "properties": { "latitude": 42.7266845703125, "longitude": 23.313579559326172, "heatmap_weight": 1, "raw_occupancy": 0 }, "geometry": { "type": "Point", "coordinates": [ 23.313579559326172, 42.7266845703125 ] } },
{ "type": "Feature", "properties": { "latitude": 42.70989990234375, "longitude": 23.322513580322266, "heatmap_weight": 4, "raw_occupancy": 1 }, "geometry": { "type": "Point", "coordinates": [ 23.322513580322266, 42.70989990234375 ] } },
{ "type": "Feature", "properties": { "latitude": 42.723270416259766, "longitude": 23.268316268920898, "heatmap_weight": 9, "raw_occupancy": 2 }, "geometry": { "type": "Point", "coordinates": [ 23.268316268920898, 42.723270416259766 ] } },
{ "type": "Feature", "properties": { "latitude": 42.629493713378906, "longitude": 23.372987747192383, "heatmap_weight": 4, "raw_occupancy": 1 }, "geometry": { "type": "Point", "coordinates": [ 23.372987747192383, 42.629493713378906 ] } },
{ "type": "Feature", "properties": { "latitude": 42.682662963867188, "longitude": 23.314434051513672, "heatmap_weight": 1, "raw_occupancy": 0 }, "geometry": { "type": "Point", "coordinates": [ 23.314434051513672, 42.682662963867188 ] } },
{ "type": "Feature", "properties": { "latitude": 42.62005615234375, "longitude": 23.45341682434082, "heatmap_weight": 4, "raw_occupancy": 1 }, "geometry": { "type": "Point", "coordinates": [ 23.45341682434082, 42.62005615234375 ] } },
{ "type": "Feature", "properties": { "latitude": 42.696910858154297, "longitude": 23.354885101318359, "heatmap_weight": 4, "raw_occupancy": 1 }, "geometry": { "type": "Point", "coordinates": [ 23.354885101318359, 42.696910858154297 ] } },
{ "type": "Feature", "properties": { "latitude": 42.649559020996094, "longitude": 23.214319229125977, "heatmap_weight": 4, "raw_occupancy": 1 }, "geometry": { "type": "Point", "coordinates": [ 23.214319229125977, 42.649559020996094 ] } },
{ "type": "Feature", "properties": { "latitude": 42.647911071777344, "longitude": 23.376741409301758, "heatmap_weight": 4, "raw_occupancy": 1 }, "geometry": { "type": "Point", "coordinates": [ 23.376741409301758, 42.647911071777344 ] } },
{ "type": "Feature", "properties": { "latitude": 42.664882659912109, "longitude": 23.454265594482422, "heatmap_weight": 1, "raw_occupancy": 0 }, "geometry": { "type": "Point", "coordinates": [ 23.454265594482422, 42.664882659912109 ] } },
{ "type": "Feature", "properties": { "latitude": 42.694988250732422, "longitude": 23.320127487182617, "heatmap_weight": 9, "raw_occupancy": 2 }, "geometry": { "type": "Point", "coordinates": [ 23.320127487182617, 42.694988250732422 ] } },
{ "type": "Feature", "properties": { "latitude": 42.656108856201172, "longitude": 23.385177612304688, "heatmap_weight": 4, "raw_occupancy": 1 }, "geometry": { "type": "Point", "coordinates": [ 23.385177612304688, 42.656108856201172 ] } },
{ "type": "Feature", "properties": { "latitude": 42.684730529785156, "longitude": 23.352132797241211, "heatmap_weight": 4, "raw_occupancy": 1 }, "geometry": { "type": "Point", "coordinates": [ 23.352132797241211, 42.684730529785156 ] } },
{ "type": "Feature", "properties": { "latitude": 42.733310699462891, "longitude": 23.300912857055664, "heatmap_weight": 4, "raw_occupancy": 1 }, "geometry": { "type": "Point", "coordinates": [ 23.300912857055664, 42.733310699462891 ] } },
{ "type": "Feature", "properties": { "latitude": 42.727302551269531, "longitude": 23.312604904174805, "heatmap_weight": 4, "raw_occupancy": 1 }, "geometry": { "type": "Point", "coordinates": [ 23.312604904174805, 42.727302551269531 ] } },
{ "type": "Feature", "properties": { "latitude": 42.660560607910156, "longitude": 23.317134857177734, "heatmap_weight": 1, "raw_occupancy": 0 }, "geometry": { "type": "Point", "coordinates": [ 23.317134857177734, 42.660560607910156 ] } },
{ "type": "Feature", "properties": { "latitude": 42.668415069580078, "longitude": 23.36717414855957, "heatmap_weight": 4, "raw_occupancy": 1 }, "geometry": { "type": "Point", "coordinates": [ 23.36717414855957, 42.668415069580078 ] } },
{ "type": "Feature", "properties": { "latitude": 42.633056640625, "longitude": 23.194375991821289, "heatmap_weight": 4, "raw_occupancy": 1 }, "geometry": { "type": "Point", "coordinates": [ 23.194375991821289, 42.633056640625 ] } },
{ "type": "Feature", "properties": { "latitude": 42.643791198730469, "longitude": 23.345098495483398, "heatmap_weight": 1, "raw_occupancy": 0 }, "geometry": { "type": "Point", "coordinates": [ 23.345098495483398, 42.643791198730469 ] } },
{ "type": "Feature", "properties": { "latitude": 42.798297882080078, "longitude": 23.381538391113281, "heatmap_weight": 4, "raw_occupancy": 1 }, "geometry": { "type": "Point", "coordinates": [ 23.381538391113281, 42.798297882080078 ] } },
{ "type": "Feature", "properties": { "latitude": 42.716934204101562, "longitude": 23.309829711914062, "heatmap_weight": 9, "raw_occupancy": 2 }, "geometry": { "type": "Point", "coordinates": [ 23.309829711914062, 42.716934204101562 ] } },
{ "type": "Feature", "properties": { "latitude": 42.701740264892578, "longitude": 23.297685623168945, "heatmap_weight": 4, "raw_occupancy": 1 }, "geometry": { "type": "Point", "coordinates": [ 23.297685623168945, 42.701740264892578 ] } },
{ "type": "Feature", "properties": { "latitude": 42.665782928466797, "longitude": 23.286508560180664, "heatmap_weight": 4, "raw_occupancy": 1 }, "geometry": { "type": "Point", "coordinates": [ 23.286508560180664, 42.665782928466797 ] } },
{ "type": "Feature", "properties": { "latitude": 42.660671234130859, "longitude": 23.316717147827148, "heatmap_weight": 4, "raw_occupancy": 1 }, "geometry": { "type": "Point", "coordinates": [ 23.316717147827148, 42.660671234130859 ] } },
{ "type": "Feature", "properties": { "latitude": 42.674442291259766, "longitude": 23.379356384277344, "heatmap_weight": 4, "raw_occupancy": 1 }, "geometry": { "type": "Point", "coordinates": [ 23.379356384277344, 42.674442291259766 ] } },
{ "type": "Feature", "properties": { "latitude": 42.683181762695312, "longitude": 23.293136596679688, "heatmap_weight": 4, "raw_occupancy": 1 }, "geometry": { "type": "Point", "coordinates": [ 23.293136596679688, 42.683181762695312 ] } },
{ "type": "Feature", "properties": { "latitude": 42.706741333007812, "longitude": 23.284717559814453, "heatmap_weight": 9, "raw_occupancy": 2 }, "geometry": { "type": "Point", "coordinates": [ 23.284717559814453, 42.706741333007812 ] } },
{ "type": "Feature", "properties": { "latitude": 42.675811767578125, "longitude": 23.358484268188477, "heatmap_weight": 4, "raw_occupancy": 1 }, "geometry": { "type": "Point", "coordinates": [ 23.358484268188477, 42.675811767578125 ] } },
{ "type": "Feature", "properties": { "latitude": 42.689510345458984, "longitude": 23.338741302490234, "heatmap_weight": 4, "raw_occupancy": 1 }, "geometry": { "type": "Point", "coordinates": [ 23.338741302490234, 42.689510345458984 ] } },
{ "type": "Feature", "properties": { "latitude": 42.699581146240234, "longitude": 23.310161590576172, "heatmap_weight": 9, "raw_occupancy": 2 }, "geometry": { "type": "Point", "coordinates": [ 23.310161590576172, 42.699581146240234 ] } },
{ "type": "Feature", "properties": { "latitude": 42.7088623046875, "longitude": 23.398736953735352, "heatmap_weight": 4, "raw_occupancy": 1 }, "geometry": { "type": "Point", "coordinates": [ 23.398736953735352, 42.7088623046875 ] } },
{ "type": "Feature", "properties": { "latitude": 42.692070007324219, "longitude": 23.326038360595703, "heatmap_weight": 9, "raw_occupancy": 2 }, "geometry": { "type": "Point", "coordinates": [ 23.326038360595703, 42.692070007324219 ] } },
{ "type": "Feature", "properties": { "latitude": 42.681659698486328, "longitude": 23.317588806152344, "heatmap_weight": 1, "raw_occupancy": 0 }, "geometry": { "type": "Point", "coordinates": [ 23.317588806152344, 42.681659698486328 ] } },
{ "type": "Feature", "properties": { "latitude": 42.683574676513672, "longitude": 23.323604583740234, "heatmap_weight": 9, "raw_occupancy": 2 }, "geometry": { "type": "Point", "coordinates": [ 23.323604583740234, 42.683574676513672 ] } },
{ "type": "Feature", "properties": { "latitude": 42.632999420166016, "longitude": 23.311443328857422, "heatmap_weight": 4, "raw_occupancy": 1 }, "geometry": { "type": "Point", "coordinates": [ 23.311443328857422, 42.632999420166016 ] } },
{ "type": "Feature", "properties": { "latitude": 42.688625335693359, "longitude": 23.322755813598633, "heatmap_weight": 4, "raw_occupancy": 1 }, "geometry": { "type": "Point", "coordinates": [ 23.322755813598633, 42.688625335693359 ] } },
{ "type": "Feature", "properties": { "latitude": 42.699958801269531, "longitude": 23.30070686340332, "heatmap_weight": 4, "raw_occupancy": 1 }, "geometry": { "type": "Point", "coordinates": [ 23.30070686340332, 42.699958801269531 ] } },
{ "type": "Feature", "properties": { "latitude": 42.667495727539062, "longitude": 23.3865966796875, "heatmap_weight": 4, "raw_occupancy": 1 }, "geometry": { "type": "Point", "coordinates": [ 23.3865966796875, 42.667495727539062 ] } },
{ "type": "Feature", "properties": { "latitude": 42.733261108398438, "longitude": 23.250272750854492, "heatmap_weight": 1, "raw_occupancy": 0 }, "geometry": { "type": "Point", "coordinates": [ 23.250272750854492, 42.733261108398438 ] } },
{ "type": "Feature", "properties": { "latitude": 42.680572509765625, "longitude": 23.302284240722656, "heatmap_weight": 4, "raw_occupancy": 1 }, "geometry": { "type": "Point", "coordinates": [ 23.302284240722656, 42.680572509765625 ] } },
{ "type": "Feature", "properties": { "latitude": 42.599491119384766, "longitude": 23.499710083007812, "heatmap_weight": 1, "raw_occupancy": 0 }, "geometry": { "type": "Point", "coordinates": [ 23.499710083007812, 42.599491119384766 ] } },
{ "type": "Feature", "properties": { "latitude": 42.580898284912109, "longitude": 23.423498153686523, "heatmap_weight": 1, "raw_occupancy": 0 }, "geometry": { "type": "Point", "coordinates": [ 23.423498153686523, 42.580898284912109 ] } },
{ "type": "Feature", "properties": { "latitude": 42.6585693359375, "longitude": 23.316308975219727, "heatmap_weight": 4, "raw_occupancy": 1 }, "geometry": { "type": "Point", "coordinates": [ 23.316308975219727, 42.6585693359375 ] } },
{ "type": "Feature", "properties": { "latitude": 42.675537109375, "longitude": 23.358907699584961, "heatmap_weight": 4, "raw_occupancy": 1 }, "geometry": { "type": "Point", "coordinates": [ 23.358907699584961, 42.675537109375 ] } },
{ "type": "Feature", "properties": { "latitude": 42.640922546386719, "longitude": 23.314651489257812, "heatmap_weight": 4, "raw_occupancy": 1 }, "geometry": { "type": "Point", "coordinates": [ 23.314651489257812, 42.640922546386719 ] } },
{ "type": "Feature", "properties": { "latitude": 42.677745819091797, "longitude": 23.282136917114258, "heatmap_weight": 1, "raw_occupancy": 0 }, "geometry": { "type": "Point", "coordinates": [ 23.282136917114258, 42.677745819091797 ] } },
{ "type": "Feature", "properties": { "latitude": 42.705745697021484, "longitude": 23.316913604736328, "heatmap_weight": 4, "raw_occupancy": 1 }, "geometry": { "type": "Point", "coordinates": [ 23.316913604736328, 42.705745697021484 ] } },
{ "type": "Feature", "properties": { "latitude": 42.641559600830078, "longitude": 23.521341323852539, "heatmap_weight": 1, "raw_occupancy": 0 }, "geometry": { "type": "Point", "coordinates": [ 23.521341323852539, 42.641559600830078 ] } },
{ "type": "Feature", "properties": { "latitude": 42.626327514648438, "longitude": 23.446022033691406, "heatmap_weight": 9, "raw_occupancy": 2 }, "geometry": { "type": "Point", "coordinates": [ 23.446022033691406, 42.626327514648438 ] } },
{ "type": "Feature", "properties": { "latitude": 42.722900390625, "longitude": 23.261297225952148, "heatmap_weight": 4, "raw_occupancy": 1 }, "geometry": { "type": "Point", "coordinates": [ 23.261297225952148, 42.722900390625 ] } },
{ "type": "Feature", "properties": { "latitude": 42.674900054931641, "longitude": 23.303693771362305, "heatmap_weight": 4, "raw_occupancy": 1 }, "geometry": { "type": "Point", "coordinates": [ 23.303693771362305, 42.674900054931641 ] } },
{ "type": "Feature", "properties": { "latitude": 42.652053833007812, "longitude": 23.222251892089844, "heatmap_weight": 9, "raw_occupancy": 2 }, "geometry": { "type": "Point", "coordinates": [ 23.222251892089844, 42.652053833007812 ] } },
{ "type": "Feature", "properties": { "latitude": 42.644264221191406, "longitude": 23.313703536987305, "heatmap_weight": 4, "raw_occupancy": 1 }, "geometry": { "type": "Point", "coordinates": [ 23.313703536987305, 42.644264221191406 ] } },
{ "type": "Feature", "properties": { "latitude": 42.656532287597656, "longitude": 23.359292984008789, "heatmap_weight": 9, "raw_occupancy": 2 }, "geometry": { "type": "Point", "coordinates": [ 23.359292984008789, 42.656532287597656 ] } },
{ "type": "Feature", "properties": { "latitude": 42.672592163085938, "longitude": 23.293661117553711, "heatmap_weight": 9, "raw_occupancy": 2 }, "geometry": { "type": "Point", "coordinates": [ 23.293661117553711, 42.672592163085938 ] } },
{ "type": "Feature", "properties": { "latitude": 42.694007873535156, "longitude": 23.315126419067383, "heatmap_weight": 4, "raw_occupancy": 1 }, "geometry": { "type": "Point", "coordinates": [ 23.315126419067383, 42.694007873535156 ] } },
{ "type": "Feature", "properties": { "latitude": 42.644874572753906, "longitude": 23.375087738037109, "heatmap_weight": 9, "raw_occupancy": 2 }, "geometry": { "type": "Point", "coordinates": [ 23.375087738037109, 42.644874572753906 ] } },
{ "type": "Feature", "properties": { "latitude": 42.683681488037109, "longitude": 23.321846008300781, "heatmap_weight": 9, "raw_occupancy": 2 }, "geometry": { "type": "Point", "coordinates": [ 23.321846008300781, 42.683681488037109 ] } },
{ "type": "Feature", "properties": { "latitude": 42.642147064208984, "longitude": 23.312646865844727, "heatmap_weight": 4, "raw_occupancy": 1 }, "geometry": { "type": "Point", "coordinates": [ 23.312646865844727, 42.642147064208984 ] } },
{ "type": "Feature", "properties": { "latitude": 42.781147003173828, "longitude": 23.380216598510742, "heatmap_weight": 4, "raw_occupancy": 1 }, "geometry": { "type": "Point", "coordinates": [ 23.380216598510742, 42.781147003173828 ] } },
{ "type": "Feature", "properties": { "latitude": 42.6893310546875, "longitude": 23.315275192260742, "heatmap_weight": 4, "raw_occupancy": 1 }, "geometry": { "type": "Point", "coordinates": [ 23.315275192260742, 42.6893310546875 ] } },
{ "type": "Feature", "properties": { "latitude": 42.696601867675781, "longitude": 23.351875305175781, "heatmap_weight": 4, "raw_occupancy": 1 }, "geometry": { "type": "Point", "coordinates": [ 23.351875305175781, 42.696601867675781 ] } },
{ "type": "Feature", "properties": { "latitude": 42.671726226806641, "longitude": 23.394428253173828, "heatmap_weight": 9, "raw_occupancy": 2 }, "geometry": { "type": "Point", "coordinates": [ 23.394428253173828, 42.671726226806641 ] } },
{ "type": "Feature", "properties": { "latitude": 42.690040588378906, "longitude": 23.277580261230469, "heatmap_weight": 9, "raw_occupancy": 2 }, "geometry": { "type": "Point", "coordinates": [ 23.277580261230469, 42.690040588378906 ] } },
{ "type": "Feature", "properties": { "latitude": 42.676708221435547, "longitude": 23.334510803222656, "heatmap_weight": 4, "raw_occupancy": 1 }, "geometry": { "type": "Point", "coordinates": [ 23.334510803222656, 42.676708221435547 ] } },
{ "type": "Feature", "properties": { "latitude": 42.646926879882812, "longitude": 23.368040084838867, "heatmap_weight": 1, "raw_occupancy": 0 }, "geometry": { "type": "Point", "coordinates": [ 23.368040084838867, 42.646926879882812 ] } },
{ "type": "Feature", "properties": { "latitude": 42.688812255859375, "longitude": 23.314838409423828, "heatmap_weight": 9, "raw_occupancy": 2 }, "geometry": { "type": "Point", "coordinates": [ 23.314838409423828, 42.688812255859375 ] } },
{ "type": "Feature", "properties": { "latitude": 42.696208953857422, "longitude": 23.346136093139648, "heatmap_weight": 4, "raw_occupancy": 1 }, "geometry": { "type": "Point", "coordinates": [ 23.346136093139648, 42.696208953857422 ] } },
{ "type": "Feature", "properties": { "latitude": 42.689346313476562, "longitude": 23.31416130065918, "heatmap_weight": 9, "raw_occupancy": 2 }, "geometry": { "type": "Point", "coordinates": [ 23.31416130065918, 42.689346313476562 ] } },
{ "type": "Feature", "properties": { "latitude": 42.659244537353516, "longitude": 23.272777557373047, "heatmap_weight": 4, "raw_occupancy": 1 }, "geometry": { "type": "Point", "coordinates": [ 23.272777557373047, 42.659244537353516 ] } },
{ "type": "Feature", "properties": { "latitude": 42.658966064453125, "longitude": 23.345588684082031, "heatmap_weight": 4, "raw_occupancy": 1 }, "geometry": { "type": "Point", "coordinates": [ 23.345588684082031, 42.658966064453125 ] } },
{ "type": "Feature", "properties": { "latitude": 42.69879150390625, "longitude": 23.336124420166016, "heatmap_weight": 4, "raw_occupancy": 1 }, "geometry": { "type": "Point", "coordinates": [ 23.336124420166016, 42.69879150390625 ] } },
{ "type": "Feature", "properties": { "latitude": 42.67462158203125, "longitude": 23.238080978393555, "heatmap_weight": 4, "raw_occupancy": 1 }, "geometry": { "type": "Point", "coordinates": [ 23.238080978393555, 42.67462158203125 ] } },
{ "type": "Feature", "properties": { "latitude": 42.695034027099609, "longitude": 23.315454483032227, "heatmap_weight": 4, "raw_occupancy": 1 }, "geometry": { "type": "Point", "coordinates": [ 23.315454483032227, 42.695034027099609 ] } },
{ "type": "Feature", "properties": { "latitude": 42.718296051025391, "longitude": 23.228506088256836, "heatmap_weight": 9, "raw_occupancy": 2 }, "geometry": { "type": "Point", "coordinates": [ 23.228506088256836, 42.718296051025391 ] } },
{ "type": "Feature", "properties": { "latitude": 42.656597137451172, "longitude": 23.359100341796875, "heatmap_weight": 4, "raw_occupancy": 1 }, "geometry": { "type": "Point", "coordinates": [ 23.359100341796875, 42.656597137451172 ] } },
{ "type": "Feature", "properties": { "latitude": 42.646469116210938, "longitude": 23.345369338989258, "heatmap_weight": 1, "raw_occupancy": 0 }, "geometry": { "type": "Point", "coordinates": [ 23.345369338989258, 42.646469116210938 ] } },
{ "type": "Feature", "properties": { "latitude": 42.667041778564453, "longitude": 23.365081787109375, "heatmap_weight": 4, "raw_occupancy": 1 }, "geometry": { "type": "Point", "coordinates": [ 23.365081787109375, 42.667041778564453 ] } },
{ "type": "Feature", "properties": { "latitude": 42.687511444091797, "longitude": 23.232172012329102, "heatmap_weight": 9, "raw_occupancy": 2 }, "geometry": { "type": "Point", "coordinates": [ 23.232172012329102, 42.687511444091797 ] } },
{ "type": "Feature", "properties": { "latitude": 42.666973114013672, "longitude": 23.283021926879883, "heatmap_weight": 4, "raw_occupancy": 1 }, "geometry": { "type": "Point", "coordinates": [ 23.283021926879883, 42.666973114013672 ] } },
{ "type": "Feature", "properties": { "latitude": 42.725818634033203, "longitude": 23.24366569519043, "heatmap_weight": 4, "raw_occupancy": 1 }, "geometry": { "type": "Point", "coordinates": [ 23.24366569519043, 42.725818634033203 ] } },
{ "type": "Feature", "properties": { "latitude": 42.685237884521484, "longitude": 23.351329803466797, "heatmap_weight": 4, "raw_occupancy": 1 }, "geometry": { "type": "Point", "coordinates": [ 23.351329803466797, 42.685237884521484 ] } },
{ "type": "Feature", "properties": { "latitude": 42.711891174316406, "longitude": 23.318805694580078, "heatmap_weight": 1, "raw_occupancy": 0 }, "geometry": { "type": "Point", "coordinates": [ 23.318805694580078, 42.711891174316406 ] } },
{ "type": "Feature", "properties": { "latitude": 42.663848876953125, "longitude": 23.390666961669922, "heatmap_weight": 1, "raw_occupancy": 0 }, "geometry": { "type": "Point", "coordinates": [ 23.390666961669922, 42.663848876953125 ] } },
{ "type": "Feature", "properties": { "latitude": 42.659793853759766, "longitude": 23.281438827514648, "heatmap_weight": 4, "raw_occupancy": 1 }, "geometry": { "type": "Point", "coordinates": [ 23.281438827514648, 42.659793853759766 ] } },
{ "type": "Feature", "properties": { "latitude": 42.651371002197266, "longitude": 23.3577880859375, "heatmap_weight": 9, "raw_occupancy": 2 }, "geometry": { "type": "Point", "coordinates": [ 23.3577880859375, 42.651371002197266 ] } },
{ "type": "Feature", "properties": { "latitude": 42.703071594238281, "longitude": 23.364080429077148, "heatmap_weight": 4, "raw_occupancy": 1 }, "geometry": { "type": "Point", "coordinates": [ 23.364080429077148, 42.703071594238281 ] } },
{ "type": "Feature", "properties": { "latitude": 42.710979461669922, "longitude": 23.318769454956055, "heatmap_weight": 1, "raw_occupancy": 0 }, "geometry": { "type": "Point", "coordinates": [ 23.318769454956055, 42.710979461669922 ] } },
{ "type": "Feature", "properties": { "latitude": 42.670501708984375, "longitude": 23.366245269775391, "heatmap_weight": 9, "raw_occupancy": 2 }, "geometry": { "type": "Point", "coordinates": [ 23.366245269775391, 42.670501708984375 ] } },
{ "type": "Feature", "properties": { "latitude": 42.733856201171875, "longitude": 23.309368133544922, "heatmap_weight": 9, "raw_occupancy": 2 }, "geometry": { "type": "Point", "coordinates": [ 23.309368133544922, 42.733856201171875 ] } },
{ "type": "Feature", "properties": { "latitude": 42.651615142822266, "longitude": 23.37907600402832, "heatmap_weight": 9, "raw_occupancy": 2 }, "geometry": { "type": "Point", "coordinates": [ 23.37907600402832, 42.651615142822266 ] } },
{ "type": "Feature", "properties": { "latitude": 42.692790985107422, "longitude": 23.310020446777344, "heatmap_weight": 16, "raw_occupancy": 3 }, "geometry": { "type": "Point", "coordinates": [ 23.310020446777344, 42.692790985107422 ] } },
{ "type": "Feature", "properties": { "latitude": 42.669754028320312, "longitude": 23.369270324707031, "heatmap_weight": 4, "raw_occupancy": 1 }, "geometry": { "type": "Point", "coordinates": [ 23.369270324707031, 42.669754028320312 ] } },
{ "type": "Feature", "properties": { "latitude": 42.735950469970703, "longitude": 23.305042266845703, "heatmap_weight": 9, "raw_occupancy": 2 }, "geometry": { "type": "Point", "coordinates": [ 23.305042266845703, 42.735950469970703 ] } },
{ "type": "Feature", "properties": { "latitude": 42.676933288574219, "longitude": 23.268054962158203, "heatmap_weight": 4, "raw_occupancy": 1 }, "geometry": { "type": "Point", "coordinates": [ 23.268054962158203, 42.676933288574219 ] } },
{ "type": "Feature", "properties": { "latitude": 42.695198059082031, "longitude": 23.295469284057617, "heatmap_weight": 4, "raw_occupancy": 1 }, "geometry": { "type": "Point", "coordinates": [ 23.295469284057617, 42.695198059082031 ] } },
{ "type": "Feature", "properties": { "latitude": 42.690746307373047, "longitude": 23.354219436645508, "heatmap_weight": 4, "raw_occupancy": 1 }, "geometry": { "type": "Point", "coordinates": [ 23.354219436645508, 42.690746307373047 ] } },
{ "type": "Feature", "properties": { "latitude": 42.656902313232422, "longitude": 23.316289901733398, "heatmap_weight": 1, "raw_occupancy": 0 }, "geometry": { "type": "Point", "coordinates": [ 23.316289901733398, 42.656902313232422 ] } },
{ "type": "Feature", "properties": { "latitude": 42.699008941650391, "longitude": 23.337753295898438, "heatmap_weight": 4, "raw_occupancy": 1 }, "geometry": { "type": "Point", "coordinates": [ 23.337753295898438, 42.699008941650391 ] } },
{ "type": "Feature", "properties": { "latitude": 42.671009063720703, "longitude": 23.282485961914062, "heatmap_weight": 4, "raw_occupancy": 1 }, "geometry": { "type": "Point", "coordinates": [ 23.282485961914062, 42.671009063720703 ] } },
{ "type": "Feature", "properties": { "latitude": 42.626853942871094, "longitude": 23.384151458740234, "heatmap_weight": 1, "raw_occupancy": 0 }, "geometry": { "type": "Point", "coordinates": [ 23.384151458740234, 42.626853942871094 ] } },
{ "type": "Feature", "properties": { "latitude": 42.711437225341797, "longitude": 23.319145202636719, "heatmap_weight": 1, "raw_occupancy": 0 }, "geometry": { "type": "Point", "coordinates": [ 23.319145202636719, 42.711437225341797 ] } },
{ "type": "Feature", "properties": { "latitude": 42.706317901611328, "longitude": 23.332376480102539, "heatmap_weight": 1, "raw_occupancy": 0 }, "geometry": { "type": "Point", "coordinates": [ 23.332376480102539, 42.706317901611328 ] } },
{ "type": "Feature", "properties": { "latitude": 42.715465545654297, "longitude": 23.309503555297852, "heatmap_weight": 4, "raw_occupancy": 1 }, "geometry": { "type": "Point", "coordinates": [ 23.309503555297852, 42.715465545654297 ] } },
{ "type": "Feature", "properties": { "latitude": 42.697559356689453, "longitude": 23.122196197509766, "heatmap_weight": 1, "raw_occupancy": 0 }, "geometry": { "type": "Point", "coordinates": [ 23.122196197509766, 42.697559356689453 ] } },
{ "type": "Feature", "properties": { "latitude": 42.657260894775391, "longitude": 23.272735595703125, "heatmap_weight": 16, "raw_occupancy": 3 }, "geometry": { "type": "Point", "coordinates": [ 23.272735595703125, 42.657260894775391 ] } },
{ "type": "Feature", "properties": { "latitude": 42.717826843261719, "longitude": 23.338554382324219, "heatmap_weight": 1, "raw_occupancy": 0 }, "geometry": { "type": "Point", "coordinates": [ 23.338554382324219, 42.717826843261719 ] } },
{ "type": "Feature", "properties": { "latitude": 42.679557800292969, "longitude": 23.302854537963867, "heatmap_weight": 4, "raw_occupancy": 1 }, "geometry": { "type": "Point", "coordinates": [ 23.302854537963867, 42.679557800292969 ] } },
{ "type": "Feature", "properties": { "latitude": 42.712852478027344, "longitude": 23.343887329101562, "heatmap_weight": 4, "raw_occupancy": 1 }, "geometry": { "type": "Point", "coordinates": [ 23.343887329101562, 42.712852478027344 ] } },
{ "type": "Feature", "properties": { "latitude": 42.654750823974609, "longitude": 23.400955200195312, "heatmap_weight": 4, "raw_occupancy": 1 }, "geometry": { "type": "Point", "coordinates": [ 23.400955200195312, 42.654750823974609 ] } },
{ "type": "Feature", "properties": { "latitude": 42.665084838867188, "longitude": 23.419605255126953, "heatmap_weight": 4, "raw_occupancy": 1 }, "geometry": { "type": "Point", "coordinates": [ 23.419605255126953, 42.665084838867188 ] } },
{ "type": "Feature", "properties": { "latitude": 42.6915283203125, "longitude": 23.311222076416016, "heatmap_weight": 4, "raw_occupancy": 1 }, "geometry": { "type": "Point", "coordinates": [ 23.311222076416016, 42.6915283203125 ] } },
{ "type": "Feature", "properties": { "latitude": 42.707027435302734, "longitude": 23.299247741699219, "heatmap_weight": 1, "raw_occupancy": 0 }, "geometry": { "type": "Point", "coordinates": [ 23.299247741699219, 42.707027435302734 ] } },
{ "type": "Feature", "properties": { "latitude": 42.702949523925781, "longitude": 23.298126220703125, "heatmap_weight": 4, "raw_occupancy": 1 }, "geometry": { "type": "Point", "coordinates": [ 23.298126220703125, 42.702949523925781 ] } },
{ "type": "Feature", "properties": { "latitude": 42.6654052734375, "longitude": 23.317617416381836, "heatmap_weight": 4, "raw_occupancy": 1 }, "geometry": { "type": "Point", "coordinates": [ 23.317617416381836, 42.6654052734375 ] } },
{ "type": "Feature", "properties": { "latitude": 42.656753540039062, "longitude": 23.317041397094727, "heatmap_weight": 4, "raw_occupancy": 1 }, "geometry": { "type": "Point", "coordinates": [ 23.317041397094727, 42.656753540039062 ] } },
{ "type": "Feature", "properties": { "latitude": 42.706111907958984, "longitude": 23.490550994873047, "heatmap_weight": 4, "raw_occupancy": 1 }, "geometry": { "type": "Point", "coordinates": [ 23.490550994873047, 42.706111907958984 ] } },
{ "type": "Feature", "properties": { "latitude": 42.700580596923828, "longitude": 23.371952056884766, "heatmap_weight": 16, "raw_occupancy": 3 }, "geometry": { "type": "Point", "coordinates": [ 23.371952056884766, 42.700580596923828 ] } },
{ "type": "Feature", "properties": { "latitude": 42.693279266357422, "longitude": 23.281719207763672, "heatmap_weight": 4, "raw_occupancy": 1 }, "geometry": { "type": "Point", "coordinates": [ 23.281719207763672, 42.693279266357422 ] } },
{ "type": "Feature", "properties": { "latitude": 42.686721801757812, "longitude": 23.330484390258789, "heatmap_weight": 4, "raw_occupancy": 1 }, "geometry": { "type": "Point", "coordinates": [ 23.330484390258789, 42.686721801757812 ] } },
{ "type": "Feature", "properties": { "latitude": 42.677055358886719, "longitude": 23.268083572387695, "heatmap_weight": 4, "raw_occupancy": 1 }, "geometry": { "type": "Point", "coordinates": [ 23.268083572387695, 42.677055358886719 ] } },
{ "type": "Feature", "properties": { "latitude": 42.701938629150391, "longitude": 23.339157104492188, "heatmap_weight": 16, "raw_occupancy": 3 }, "geometry": { "type": "Point", "coordinates": [ 23.339157104492188, 42.701938629150391 ] } },
{ "type": "Feature", "properties": { "latitude": 42.675178527832031, "longitude": 23.296401977539062, "heatmap_weight": 4, "raw_occupancy": 1 }, "geometry": { "type": "Point", "coordinates": [ 23.296401977539062, 42.675178527832031 ] } },
{ "type": "Feature", "properties": { "latitude": 42.707321166992188, "longitude": 23.284587860107422, "heatmap_weight": 4, "raw_occupancy": 1 }, "geometry": { "type": "Point", "coordinates": [ 23.284587860107422, 42.707321166992188 ] } },
{ "type": "Feature", "properties": { "latitude": 42.662193298339844, "longitude": 23.345718383789062, "heatmap_weight": 4, "raw_occupancy": 1 }, "geometry": { "type": "Point", "coordinates": [ 23.345718383789062, 42.662193298339844 ] } },
{ "type": "Feature", "properties": { "latitude": 42.685855865478516, "longitude": 23.30645751953125, "heatmap_weight": 9, "raw_occupancy": 2 }, "geometry": { "type": "Point", "coordinates": [ 23.30645751953125, 42.685855865478516 ] } },
{ "type": "Feature", "properties": { "latitude": 42.659404754638672, "longitude": 23.381126403808594, "heatmap_weight": 9, "raw_occupancy": 2 }, "geometry": { "type": "Point", "coordinates": [ 23.381126403808594, 42.659404754638672 ] } },
{ "type": "Feature", "properties": { "latitude": 42.718170166015625, "longitude": 23.279378890991211, "heatmap_weight": 4, "raw_occupancy": 1 }, "geometry": { "type": "Point", "coordinates": [ 23.279378890991211, 42.718170166015625 ] } },
{ "type": "Feature", "properties": { "latitude": 42.668167114257812, "longitude": 23.36768913269043, "heatmap_weight": 9, "raw_occupancy": 2 }, "geometry": { "type": "Point", "coordinates": [ 23.36768913269043, 42.668167114257812 ] } },
{ "type": "Feature", "properties": { "latitude": 42.649951934814453, "longitude": 23.363357543945312, "heatmap_weight": 9, "raw_occupancy": 2 }, "geometry": { "type": "Point", "coordinates": [ 23.363357543945312, 42.649951934814453 ] } },
{ "type": "Feature", "properties": { "latitude": 42.709625244140625, "longitude": 23.318382263183594, "heatmap_weight": 4, "raw_occupancy": 1 }, "geometry": { "type": "Point", "coordinates": [ 23.318382263183594, 42.709625244140625 ] } },
{ "type": "Feature", "properties": { "latitude": 42.670459747314453, "longitude": 23.393491744995117, "heatmap_weight": 4, "raw_occupancy": 1 }, "geometry": { "type": "Point", "coordinates": [ 23.393491744995117, 42.670459747314453 ] } },
{ "type": "Feature", "properties": { "latitude": 42.676589965820312, "longitude": 23.369913101196289, "heatmap_weight": 4, "raw_occupancy": 1 }, "geometry": { "type": "Point", "coordinates": [ 23.369913101196289, 42.676589965820312 ] } },
{ "type": "Feature", "properties": { "latitude": 42.716636657714844, "longitude": 23.24981689453125, "heatmap_weight": 9, "raw_occupancy": 2 }, "geometry": { "type": "Point", "coordinates": [ 23.24981689453125, 42.716636657714844 ] } },
{ "type": "Feature", "properties": { "latitude": 42.678955078125, "longitude": 23.285524368286133, "heatmap_weight": 9, "raw_occupancy": 2 }, "geometry": { "type": "Point", "coordinates": [ 23.285524368286133, 42.678955078125 ] } },
{ "type": "Feature", "properties": { "latitude": 42.675834655761719, "longitude": 23.303409576416016, "heatmap_weight": 1, "raw_occupancy": 0 }, "geometry": { "type": "Point", "coordinates": [ 23.303409576416016, 42.675834655761719 ] } },
{ "type": "Feature", "properties": { "latitude": 42.679092407226562, "longitude": 23.371013641357422, "heatmap_weight": 4, "raw_occupancy": 1 }, "geometry": { "type": "Point", "coordinates": [ 23.371013641357422, 42.679092407226562 ] } },
{ "type": "Feature", "properties": { "latitude": 42.698505401611328, "longitude": 23.310098648071289, "heatmap_weight": 4, "raw_occupancy": 1 }, "geometry": { "type": "Point", "coordinates": [ 23.310098648071289, 42.698505401611328 ] } },
{ "type": "Feature", "properties": { "latitude": 42.702129364013672, "longitude": 23.350387573242188, "heatmap_weight": 4, "raw_occupancy": 1 }, "geometry": { "type": "Point", "coordinates": [ 23.350387573242188, 42.702129364013672 ] } },
{ "type": "Feature", "properties": { "latitude": 42.725322723388672, "longitude": 23.244409561157227, "heatmap_weight": 4, "raw_occupancy": 1 }, "geometry": { "type": "Point", "coordinates": [ 23.244409561157227, 42.725322723388672 ] } },
{ "type": "Feature", "properties": { "latitude": 42.681003570556641, "longitude": 23.331840515136719, "heatmap_weight": 1, "raw_occupancy": 0 }, "geometry": { "type": "Point", "coordinates": [ 23.331840515136719, 42.681003570556641 ] } },
{ "type": "Feature", "properties": { "latitude": 42.701015472412109, "longitude": 23.297451019287109, "heatmap_weight": 4, "raw_occupancy": 1 }, "geometry": { "type": "Point", "coordinates": [ 23.297451019287109, 42.701015472412109 ] } },
{ "type": "Feature", "properties": { "latitude": 42.672916412353516, "longitude": 23.304330825805664, "heatmap_weight": 16, "raw_occupancy": 3 }, "geometry": { "type": "Point", "coordinates": [ 23.304330825805664, 42.672916412353516 ] } },
{ "type": "Feature", "properties": { "latitude": 42.704860687255859, "longitude": 23.327411651611328, "heatmap_weight": 4, "raw_occupancy": 1 }, "geometry": { "type": "Point", "coordinates": [ 23.327411651611328, 42.704860687255859 ] } },
{ "type": "Feature", "properties": { "latitude": 42.655715942382812, "longitude": 23.386751174926758, "heatmap_weight": 9, "raw_occupancy": 2 }, "geometry": { "type": "Point", "coordinates": [ 23.386751174926758, 42.655715942382812 ] } },
{ "type": "Feature", "properties": { "latitude": 42.693561553955078, "longitude": 23.334508895874023, "heatmap_weight": 4, "raw_occupancy": 1 }, "geometry": { "type": "Point", "coordinates": [ 23.334508895874023, 42.693561553955078 ] } },
{ "type": "Feature", "properties": { "latitude": 42.664779663085938, "longitude": 23.355768203735352, "heatmap_weight": 9, "raw_occupancy": 2 }, "geometry": { "type": "Point", "coordinates": [ 23.355768203735352, 42.664779663085938 ] } },
{ "type": "Feature", "properties": { "latitude": 42.711391448974609, "longitude": 23.332893371582031, "heatmap_weight": 4, "raw_occupancy": 1 }, "geometry": { "type": "Point", "coordinates": [ 23.332893371582031, 42.711391448974609 ] } },
{ "type": "Feature", "properties": { "latitude": 42.652133941650391, "longitude": 23.347370147705078, "heatmap_weight": 4, "raw_occupancy": 1 }, "geometry": { "type": "Point", "coordinates": [ 23.347370147705078, 42.652133941650391 ] } },
{ "type": "Feature", "properties": { "latitude": 42.686569213867188, "longitude": 23.299638748168945, "heatmap_weight": 4, "raw_occupancy": 1 }, "geometry": { "type": "Point", "coordinates": [ 23.299638748168945, 42.686569213867188 ] } },
{ "type": "Feature", "properties": { "latitude": 42.677474975585938, "longitude": 23.342145919799805, "heatmap_weight": 9, "raw_occupancy": 2 }, "geometry": { "type": "Point", "coordinates": [ 23.342145919799805, 42.677474975585938 ] } },
{ "type": "Feature", "properties": { "latitude": 42.656520843505859, "longitude": 23.327096939086914, "heatmap_weight": 9, "raw_occupancy": 2 }, "geometry": { "type": "Point", "coordinates": [ 23.327096939086914, 42.656520843505859 ] } },
{ "type": "Feature", "properties": { "latitude": 42.644439697265625, "longitude": 23.345151901245117, "heatmap_weight": 4, "raw_occupancy": 1 }, "geometry": { "type": "Point", "coordinates": [ 23.345151901245117, 42.644439697265625 ] } },
{ "type": "Feature", "properties": { "latitude": 42.751762390136719, "longitude": 23.50469970703125, "heatmap_weight": 4, "raw_occupancy": 1 }, "geometry": { "type": "Point", "coordinates": [ 23.50469970703125, 42.751762390136719 ] } },
{ "type": "Feature", "properties": { "latitude": 42.695728302001953, "longitude": 23.286762237548828, "heatmap_weight": 4, "raw_occupancy": 1 }, "geometry": { "type": "Point", "coordinates": [ 23.286762237548828, 42.695728302001953 ] } },
{ "type": "Feature", "properties": { "latitude": 42.713386535644531, "longitude": 23.383787155151367, "heatmap_weight": 4, "raw_occupancy": 1 }, "geometry": { "type": "Point", "coordinates": [ 23.383787155151367, 42.713386535644531 ] } },
{ "type": "Feature", "properties": { "latitude": 42.686744689941406, "longitude": 23.324928283691406, "heatmap_weight": 9, "raw_occupancy": 2 }, "geometry": { "type": "Point", "coordinates": [ 23.324928283691406, 42.686744689941406 ] } },
{ "type": "Feature", "properties": { "latitude": 42.716484069824219, "longitude": 23.296066284179688, "heatmap_weight": 4, "raw_occupancy": 1 }, "geometry": { "type": "Point", "coordinates": [ 23.296066284179688, 42.716484069824219 ] } },
{ "type": "Feature", "properties": { "latitude": 42.704811096191406, "longitude": 23.322414398193359, "heatmap_weight": 9, "raw_occupancy": 2 }, "geometry": { "type": "Point", "coordinates": [ 23.322414398193359, 42.704811096191406 ] } },
{ "type": "Feature", "properties": { "latitude": 42.714389801025391, "longitude": 23.255840301513672, "heatmap_weight": 4, "raw_occupancy": 1 }, "geometry": { "type": "Point", "coordinates": [ 23.255840301513672, 42.714389801025391 ] } },
{ "type": "Feature", "properties": { "latitude": 42.662487030029297, "longitude": 23.293573379516602, "heatmap_weight": 4, "raw_occupancy": 1 }, "geometry": { "type": "Point", "coordinates": [ 23.293573379516602, 42.662487030029297 ] } },
{ "type": "Feature", "properties": { "latitude": 42.689723968505859, "longitude": 23.314189910888672, "heatmap_weight": 4, "raw_occupancy": 1 }, "geometry": { "type": "Point", "coordinates": [ 23.314189910888672, 42.689723968505859 ] } },
{ "type": "Feature", "properties": { "latitude": 42.693744659423828, "longitude": 23.322719573974609, "heatmap_weight": 9, "raw_occupancy": 2 }, "geometry": { "type": "Point", "coordinates": [ 23.322719573974609, 42.693744659423828 ] } },
{ "type": "Feature", "properties": { "latitude": 42.64434814453125, "longitude": 23.265813827514648, "heatmap_weight": 1, "raw_occupancy": 0 }, "geometry": { "type": "Point", "coordinates": [ 23.265813827514648, 42.64434814453125 ] } },
{ "type": "Feature", "properties": { "latitude": 42.701400756835938, "longitude": 23.277973175048828, "heatmap_weight": 1, "raw_occupancy": 0 }, "geometry": { "type": "Point", "coordinates": [ 23.277973175048828, 42.701400756835938 ] } },
{ "type": "Feature", "properties": { "latitude": 42.712677001953125, "longitude": 23.343631744384766, "heatmap_weight": 4, "raw_occupancy": 1 }, "geometry": { "type": "Point", "coordinates": [ 23.343631744384766, 42.712677001953125 ] } },
{ "type": "Feature", "properties": { "latitude": 42.706302642822266, "longitude": 23.302448272705078, "heatmap_weight": 4, "raw_occupancy": 1 }, "geometry": { "type": "Point", "coordinates": [ 23.302448272705078, 42.706302642822266 ] } },
{ "type": "Feature", "properties": { "latitude": 42.662036895751953, "longitude": 23.415599822998047, "heatmap_weight": 4, "raw_occupancy": 1 }, "geometry": { "type": "Point", "coordinates": [ 23.415599822998047, 42.662036895751953 ] } },
{ "type": "Feature", "properties": { "latitude": 42.726200103759766, "longitude": 23.261478424072266, "heatmap_weight": 1, "raw_occupancy": 0 }, "geometry": { "type": "Point", "coordinates": [ 23.261478424072266, 42.726200103759766 ] } },
{ "type": "Feature", "properties": { "latitude": 42.723220825195312, "longitude": 23.306140899658203, "heatmap_weight": 4, "raw_occupancy": 1 }, "geometry": { "type": "Point", "coordinates": [ 23.306140899658203, 42.723220825195312 ] } },
{ "type": "Feature", "properties": { "latitude": 42.707721710205078, "longitude": 23.290096282958984, "heatmap_weight": 4, "raw_occupancy": 1 }, "geometry": { "type": "Point", "coordinates": [ 23.290096282958984, 42.707721710205078 ] } },
{ "type": "Feature", "properties": { "latitude": 42.645198822021484, "longitude": 23.342075347900391, "heatmap_weight": 4, "raw_occupancy": 1 }, "geometry": { "type": "Point", "coordinates": [ 23.342075347900391, 42.645198822021484 ] } },
{ "type": "Feature", "properties": { "latitude": 42.675495147705078, "longitude": 23.339672088623047, "heatmap_weight": 4, "raw_occupancy": 1 }, "geometry": { "type": "Point", "coordinates": [ 23.339672088623047, 42.675495147705078 ] } },
{ "type": "Feature", "properties": { "latitude": 42.695014953613281, "longitude": 23.320005416870117, "heatmap_weight": 1, "raw_occupancy": 0 }, "geometry": { "type": "Point", "coordinates": [ 23.320005416870117, 42.695014953613281 ] } },
{ "type": "Feature", "properties": { "latitude": 42.695037841796875, "longitude": 23.351667404174805, "heatmap_weight": 4, "raw_occupancy": 1 }, "geometry": { "type": "Point", "coordinates": [ 23.351667404174805, 42.695037841796875 ] } },
{ "type": "Feature", "properties": { "latitude": 42.685260772705078, "longitude": 23.404603958129883, "heatmap_weight": 4, "raw_occupancy": 1 }, "geometry": { "type": "Point", "coordinates": [ 23.404603958129883, 42.685260772705078 ] } },
{ "type": "Feature", "properties": { "latitude": 42.654277801513672, "longitude": 23.372426986694336, "heatmap_weight": 4, "raw_occupancy": 1 }, "geometry": { "type": "Point", "coordinates": [ 23.372426986694336, 42.654277801513672 ] } },
{ "type": "Feature", "properties": { "latitude": 42.724937438964844, "longitude": 23.256097793579102, "heatmap_weight": 4, "raw_occupancy": 1 }, "geometry": { "type": "Point", "coordinates": [ 23.256097793579102, 42.724937438964844 ] } },
{ "type": "Feature", "properties": { "latitude": 42.656463623046875, "longitude": 23.316049575805664, "heatmap_weight": 4, "raw_occupancy": 1 }, "geometry": { "type": "Point", "coordinates": [ 23.316049575805664, 42.656463623046875 ] } },
{ "type": "Feature", "properties": { "latitude": 42.631061553955078, "longitude": 23.380893707275391, "heatmap_weight": 1, "raw_occupancy": 0 }, "geometry": { "type": "Point", "coordinates": [ 23.380893707275391, 42.631061553955078 ] } },
{ "type": "Feature", "properties": { "latitude": 42.747734069824219, "longitude": 23.269145965576172, "heatmap_weight": 4, "raw_occupancy": 1 }, "geometry": { "type": "Point", "coordinates": [ 23.269145965576172, 42.747734069824219 ] } },
{ "type": "Feature", "properties": { "latitude": 42.704872131347656, "longitude": 23.327497482299805, "heatmap_weight": 4, "raw_occupancy": 1 }, "geometry": { "type": "Point", "coordinates": [ 23.327497482299805, 42.704872131347656 ] } },
{ "type": "Feature", "properties": { "latitude": 42.630599975585938, "longitude": 23.194108963012695, "heatmap_weight": 9, "raw_occupancy": 2 }, "geometry": { "type": "Point", "coordinates": [ 23.194108963012695, 42.630599975585938 ] } },
{ "type": "Feature", "properties": { "latitude": 42.756832122802734, "longitude": 23.399440765380859, "heatmap_weight": 16, "raw_occupancy": 3 }, "geometry": { "type": "Point", "coordinates": [ 23.399440765380859, 42.756832122802734 ] } },
{ "type": "Feature", "properties": { "latitude": 42.653839111328125, "longitude": 23.3680419921875, "heatmap_weight": 4, "raw_occupancy": 1 }, "geometry": { "type": "Point", "coordinates": [ 23.3680419921875, 42.653839111328125 ] } },
{ "type": "Feature", "properties": { "latitude": 42.649734497070312, "longitude": 23.242893218994141, "heatmap_weight": 4, "raw_occupancy": 1 }, "geometry": { "type": "Point", "coordinates": [ 23.242893218994141, 42.649734497070312 ] } },
{ "type": "Feature", "properties": { "latitude": 42.662490844726562, "longitude": 23.286537170410156, "heatmap_weight": 36, "raw_occupancy": 5 }, "geometry": { "type": "Point", "coordinates": [ 23.286537170410156, 42.662490844726562 ] } },
{ "type": "Feature", "properties": { "latitude": 42.601203918457031, "longitude": 23.351753234863281, "heatmap_weight": 9, "raw_occupancy": 2 }, "geometry": { "type": "Point", "coordinates": [ 23.351753234863281, 42.601203918457031 ] } },
{ "type": "Feature", "properties": { "latitude": 42.688125610351562, "longitude": 23.240825653076172, "heatmap_weight": 4, "raw_occupancy": 1 }, "geometry": { "type": "Point", "coordinates": [ 23.240825653076172, 42.688125610351562 ] } },
{ "type": "Feature", "properties": { "latitude": 42.690071105957031, "longitude": 23.175273895263672, "heatmap_weight": 1, "raw_occupancy": 0 }, "geometry": { "type": "Point", "coordinates": [ 23.175273895263672, 42.690071105957031 ] } },
{ "type": "Feature", "properties": { "latitude": 42.637493133544922, "longitude": 23.375009536743164, "heatmap_weight": 4, "raw_occupancy": 1 }, "geometry": { "type": "Point", "coordinates": [ 23.375009536743164, 42.637493133544922 ] } },
{ "type": "Feature", "properties": { "latitude": 42.761222839355469, "longitude": 23.429721832275391, "heatmap_weight": 1, "raw_occupancy": 0 }, "geometry": { "type": "Point", "coordinates": [ 23.429721832275391, 42.761222839355469 ] } },
{ "type": "Feature", "properties": { "latitude": 42.688861846923828, "longitude": 23.314554214477539, "heatmap_weight": 4, "raw_occupancy": 1 }, "geometry": { "type": "Point", "coordinates": [ 23.314554214477539, 42.688861846923828 ] } },
{ "type": "Feature", "properties": { "latitude": 42.688873291015625, "longitude": 23.403181076049805, "heatmap_weight": 1, "raw_occupancy": 0 }, "geometry": { "type": "Point", "coordinates": [ 23.403181076049805, 42.688873291015625 ] } },
{ "type": "Feature", "properties": { "latitude": 42.694850921630859, "longitude": 23.316350936889648, "heatmap_weight": 9, "raw_occupancy": 2 }, "geometry": { "type": "Point", "coordinates": [ 23.316350936889648, 42.694850921630859 ] } },
{ "type": "Feature", "properties": { "latitude": 42.652423858642578, "longitude": 23.359634399414062, "heatmap_weight": 4, "raw_occupancy": 1 }, "geometry": { "type": "Point", "coordinates": [ 23.359634399414062, 42.652423858642578 ] } },
{ "type": "Feature", "properties": { "latitude": 42.697044372558594, "longitude": 23.277847290039062, "heatmap_weight": 4, "raw_occupancy": 1 }, "geometry": { "type": "Point", "coordinates": [ 23.277847290039062, 42.697044372558594 ] } },
{ "type": "Feature", "properties": { "latitude": 42.656055450439453, "longitude": 23.455856323242188, "heatmap_weight": 1, "raw_occupancy": 0 }, "geometry": { "type": "Point", "coordinates": [ 23.455856323242188, 42.656055450439453 ] } },
{ "type": "Feature", "properties": { "latitude": 42.694732666015625, "longitude": 23.315494537353516, "heatmap_weight": 1, "raw_occupancy": 0 }, "geometry": { "type": "Point", "coordinates": [ 23.315494537353516, 42.694732666015625 ] } },
{ "type": "Feature", "properties": { "latitude": 42.680900573730469, "longitude": 23.307172775268555, "heatmap_weight": 9, "raw_occupancy": 2 }, "geometry": { "type": "Point", "coordinates": [ 23.307172775268555, 42.680900573730469 ] } },
{ "type": "Feature", "properties": { "latitude": 42.611698150634766, "longitude": 23.339582443237305, "heatmap_weight": 4, "raw_occupancy": 1 }, "geometry": { "type": "Point", "coordinates": [ 23.339582443237305, 42.611698150634766 ] } },
{ "type": "Feature", "properties": { "latitude": 42.6512451171875, "longitude": 23.367650985717773, "heatmap_weight": 1, "raw_occupancy": 0 }, "geometry": { "type": "Point", "coordinates": [ 23.367650985717773, 42.6512451171875 ] } },
{ "type": "Feature", "properties": { "latitude": 42.718280792236328, "longitude": 23.229713439941406, "heatmap_weight": 9, "raw_occupancy": 2 }, "geometry": { "type": "Point", "coordinates": [ 23.229713439941406, 42.718280792236328 ] } },
{ "type": "Feature", "properties": { "latitude": 42.663265228271484, "longitude": 23.344583511352539, "heatmap_weight": 4, "raw_occupancy": 1 }, "geometry": { "type": "Point", "coordinates": [ 23.344583511352539, 42.663265228271484 ] } },
{ "type": "Feature", "properties": { "latitude": 42.742973327636719, "longitude": 23.272998809814453, "heatmap_weight": 4, "raw_occupancy": 1 }, "geometry": { "type": "Point", "coordinates": [ 23.272998809814453, 42.742973327636719 ] } },
{ "type": "Feature", "properties": { "latitude": 42.695259094238281, "longitude": 23.290103912353516, "heatmap_weight": 4, "raw_occupancy": 1 }, "geometry": { "type": "Point", "coordinates": [ 23.290103912353516, 42.695259094238281 ] } },
{ "type": "Feature", "properties": { "latitude": 42.711074829101562, "longitude": 23.289186477661133, "heatmap_weight": 1, "raw_occupancy": 0 }, "geometry": { "type": "Point", "coordinates": [ 23.289186477661133, 42.711074829101562 ] } },
{ "type": "Feature", "properties": { "latitude": 42.525447845458984, "longitude": 23.367399215698242, "heatmap_weight": 1, "raw_occupancy": 0 }, "geometry": { "type": "Point", "coordinates": [ 23.367399215698242, 42.525447845458984 ] } },
{ "type": "Feature", "properties": { "latitude": 42.670188903808594, "longitude": 23.235261917114258, "heatmap_weight": 9, "raw_occupancy": 2 }, "geometry": { "type": "Point", "coordinates": [ 23.235261917114258, 42.670188903808594 ] } },
{ "type": "Feature", "properties": { "latitude": 42.635692596435547, "longitude": 23.353719711303711, "heatmap_weight": 9, "raw_occupancy": 2 }, "geometry": { "type": "Point", "coordinates": [ 23.353719711303711, 42.635692596435547 ] } },
{ "type": "Feature", "properties": { "latitude": 42.708560943603516, "longitude": 23.31831169128418, "heatmap_weight": 4, "raw_occupancy": 1 }, "geometry": { "type": "Point", "coordinates": [ 23.31831169128418, 42.708560943603516 ] } },
{ "type": "Feature", "properties": { "latitude": 42.659740447998047, "longitude": 23.317012786865234, "heatmap_weight": 4, "raw_occupancy": 1 }, "geometry": { "type": "Point", "coordinates": [ 23.317012786865234, 42.659740447998047 ] } },
{ "type": "Feature", "properties": { "latitude": 42.714145660400391, "longitude": 23.313217163085938, "heatmap_weight": 1, "raw_occupancy": 0 }, "geometry": { "type": "Point", "coordinates": [ 23.313217163085938, 42.714145660400391 ] } },
{ "type": "Feature", "properties": { "latitude": 42.725223541259766, "longitude": 23.260761260986328, "heatmap_weight": 1, "raw_occupancy": 0 }, "geometry": { "type": "Point", "coordinates": [ 23.260761260986328, 42.725223541259766 ] } },
{ "type": "Feature", "properties": { "latitude": 42.694309234619141, "longitude": 23.334640502929688, "heatmap_weight": 9, "raw_occupancy": 2 }, "geometry": { "type": "Point", "coordinates": [ 23.334640502929688, 42.694309234619141 ] } },
{ "type": "Feature", "properties": { "latitude": 42.686477661132812, "longitude": 23.274948120117188, "heatmap_weight": 16, "raw_occupancy": 3 }, "geometry": { "type": "Point", "coordinates": [ 23.274948120117188, 42.686477661132812 ] } },
{ "type": "Feature", "properties": { "latitude": 42.698966979980469, "longitude": 23.307163238525391, "heatmap_weight": 4, "raw_occupancy": 1 }, "geometry": { "type": "Point", "coordinates": [ 23.307163238525391, 42.698966979980469 ] } },
{ "type": "Feature", "properties": { "latitude": 42.707004547119141, "longitude": 23.339242935180664, "heatmap_weight": 4, "raw_occupancy": 1 }, "geometry": { "type": "Point", "coordinates": [ 23.339242935180664, 42.707004547119141 ] } },
{ "type": "Feature", "properties": { "latitude": 42.641830444335938, "longitude": 23.41248893737793, "heatmap_weight": 4, "raw_occupancy": 1 }, "geometry": { "type": "Point", "coordinates": [ 23.41248893737793, 42.641830444335938 ] } },
{ "type": "Feature", "properties": { "latitude": 42.745559692382812, "longitude": 23.228185653686523, "heatmap_weight": 4, "raw_occupancy": 1 }, "geometry": { "type": "Point", "coordinates": [ 23.228185653686523, 42.745559692382812 ] } },
{ "type": "Feature", "properties": { "latitude": 42.700546264648438, "longitude": 23.314695358276367, "heatmap_weight": 9, "raw_occupancy": 2 }, "geometry": { "type": "Point", "coordinates": [ 23.314695358276367, 42.700546264648438 ] } },
{ "type": "Feature", "properties": { "latitude": 42.629592895507812, "longitude": 23.373157501220703, "heatmap_weight": 1, "raw_occupancy": 0 }, "geometry": { "type": "Point", "coordinates": [ 23.373157501220703, 42.629592895507812 ] } },
{ "type": "Feature", "properties": { "latitude": 42.615127563476562, "longitude": 23.400959014892578, "heatmap_weight": 4, "raw_occupancy": 1 }, "geometry": { "type": "Point", "coordinates": [ 23.400959014892578, 42.615127563476562 ] } },
{ "type": "Feature", "properties": { "latitude": 42.704135894775391, "longitude": 23.333000183105469, "heatmap_weight": 4, "raw_occupancy": 1 }, "geometry": { "type": "Point", "coordinates": [ 23.333000183105469, 42.704135894775391 ] } },
{ "type": "Feature", "properties": { "latitude": 42.704204559326172, "longitude": 23.38641357421875, "heatmap_weight": 1, "raw_occupancy": 0 }, "geometry": { "type": "Point", "coordinates": [ 23.38641357421875, 42.704204559326172 ] } },
{ "type": "Feature", "properties": { "latitude": 42.707283020019531, "longitude": 23.332002639770508, "heatmap_weight": 1, "raw_occupancy": 0 }, "geometry": { "type": "Point", "coordinates": [ 23.332002639770508, 42.707283020019531 ] } },
{ "type": "Feature", "properties": { "latitude": 42.657901763916016, "longitude": 23.397863388061523, "heatmap_weight": 4, "raw_occupancy": 1 }, "geometry": { "type": "Point", "coordinates": [ 23.397863388061523, 42.657901763916016 ] } },
{ "type": "Feature", "properties": { "latitude": 42.707420349121094, "longitude": 23.383237838745117, "heatmap_weight": 1, "raw_occupancy": 0 }, "geometry": { "type": "Point", "coordinates": [ 23.383237838745117, 42.707420349121094 ] } },
{ "type": "Feature", "properties": { "latitude": 42.670955657958984, "longitude": 23.364934921264648, "heatmap_weight": 9, "raw_occupancy": 2 }, "geometry": { "type": "Point", "coordinates": [ 23.364934921264648, 42.670955657958984 ] } },
{ "type": "Feature", "properties": { "latitude": 42.710487365722656, "longitude": 23.318880081176758, "heatmap_weight": 4, "raw_occupancy": 1 }, "geometry": { "type": "Point", "coordinates": [ 23.318880081176758, 42.710487365722656 ] } },
{ "type": "Feature", "properties": { "latitude": 42.822166442871094, "longitude": 23.354028701782227, "heatmap_weight": 4, "raw_occupancy": 1 }, "geometry": { "type": "Point", "coordinates": [ 23.354028701782227, 42.822166442871094 ] } },
{ "type": "Feature", "properties": { "latitude": 42.668445587158203, "longitude": 23.328607559204102, "heatmap_weight": 16, "raw_occupancy": 3 }, "geometry": { "type": "Point", "coordinates": [ 23.328607559204102, 42.668445587158203 ] } },
{ "type": "Feature", "properties": { "latitude": 42.671615600585938, "longitude": 23.283655166625977, "heatmap_weight": 4, "raw_occupancy": 1 }, "geometry": { "type": "Point", "coordinates": [ 23.283655166625977, 42.671615600585938 ] } },
{ "type": "Feature", "properties": { "latitude": 42.69281005859375, "longitude": 23.334266662597656, "heatmap_weight": 9, "raw_occupancy": 2 }, "geometry": { "type": "Point", "coordinates": [ 23.334266662597656, 42.69281005859375 ] } },
{ "type": "Feature", "properties": { "latitude": 42.692920684814453, "longitude": 23.334369659423828, "heatmap_weight": 16, "raw_occupancy": 3 }, "geometry": { "type": "Point", "coordinates": [ 23.334369659423828, 42.692920684814453 ] } },
{ "type": "Feature", "properties": { "latitude": 42.662342071533203, "longitude": 23.252706527709961, "heatmap_weight": 4, "raw_occupancy": 1 }, "geometry": { "type": "Point", "coordinates": [ 23.252706527709961, 42.662342071533203 ] } },
{ "type": "Feature", "properties": { "latitude": 42.703765869140625, "longitude": 23.317146301269531, "heatmap_weight": 1, "raw_occupancy": 0 }, "geometry": { "type": "Point", "coordinates": [ 23.317146301269531, 42.703765869140625 ] } },
{ "type": "Feature", "properties": { "latitude": 42.687297821044922, "longitude": 23.352401733398438, "heatmap_weight": 9, "raw_occupancy": 2 }, "geometry": { "type": "Point", "coordinates": [ 23.352401733398438, 42.687297821044922 ] } },
{ "type": "Feature", "properties": { "latitude": 42.681545257568359, "longitude": 23.3319091796875, "heatmap_weight": 1, "raw_occupancy": 0 }, "geometry": { "type": "Point", "coordinates": [ 23.3319091796875, 42.681545257568359 ] } },
{ "type": "Feature", "properties": { "latitude": 42.671821594238281, "longitude": 23.272811889648438, "heatmap_weight": 9, "raw_occupancy": 2 }, "geometry": { "type": "Point", "coordinates": [ 23.272811889648438, 42.671821594238281 ] } },
{ "type": "Feature", "properties": { "latitude": 42.682868957519531, "longitude": 23.243520736694336, "heatmap_weight": 1, "raw_occupancy": 0 }, "geometry": { "type": "Point", "coordinates": [ 23.243520736694336, 42.682868957519531 ] } },
{ "type": "Feature", "properties": { "latitude": 42.685771942138672, "longitude": 23.343973159790039, "heatmap_weight": 4, "raw_occupancy": 1 }, "geometry": { "type": "Point", "coordinates": [ 23.343973159790039, 42.685771942138672 ] } },
{ "type": "Feature", "properties": { "latitude": 42.645977020263672, "longitude": 23.333610534667969, "heatmap_weight": 9, "raw_occupancy": 2 }, "geometry": { "type": "Point", "coordinates": [ 23.333610534667969, 42.645977020263672 ] } },
{ "type": "Feature", "properties": { "latitude": 42.677909851074219, "longitude": 23.329612731933594, "heatmap_weight": 9, "raw_occupancy": 2 }, "geometry": { "type": "Point", "coordinates": [ 23.329612731933594, 42.677909851074219 ] } },
{ "type": "Feature", "properties": { "latitude": 42.725296020507812, "longitude": 23.260717391967773, "heatmap_weight": 1, "raw_occupancy": 0 }, "geometry": { "type": "Point", "coordinates": [ 23.260717391967773, 42.725296020507812 ] } },
{ "type": "Feature", "properties": { "latitude": 42.67486572265625, "longitude": 23.329740524291992, "heatmap_weight": 9, "raw_occupancy": 2 }, "geometry": { "type": "Point", "coordinates": [ 23.329740524291992, 42.67486572265625 ] } },
{ "type": "Feature", "properties": { "latitude": 42.649898529052734, "longitude": 23.33561897277832, "heatmap_weight": 9, "raw_occupancy": 2 }, "geometry": { "type": "Point", "coordinates": [ 23.33561897277832, 42.649898529052734 ] } },
{ "type": "Feature", "properties": { "latitude": 42.711906433105469, "longitude": 23.312278747558594, "heatmap_weight": 4, "raw_occupancy": 1 }, "geometry": { "type": "Point", "coordinates": [ 23.312278747558594, 42.711906433105469 ] } },
{ "type": "Feature", "properties": { "latitude": 42.56109619140625, "longitude": 23.44892692565918, "heatmap_weight": 4, "raw_occupancy": 1 }, "geometry": { "type": "Point", "coordinates": [ 23.44892692565918, 42.56109619140625 ] } },
{ "type": "Feature", "properties": { "latitude": 42.611526489257812, "longitude": 23.399410247802734, "heatmap_weight": 4, "raw_occupancy": 1 }, "geometry": { "type": "Point", "coordinates": [ 23.399410247802734, 42.611526489257812 ] } },
{ "type": "Feature", "properties": { "latitude": 42.732688903808594, "longitude": 23.466493606567383, "heatmap_weight": 9, "raw_occupancy": 2 }, "geometry": { "type": "Point", "coordinates": [ 23.466493606567383, 42.732688903808594 ] } },
{ "type": "Feature", "properties": { "latitude": 42.660854339599609, "longitude": 23.243064880371094, "heatmap_weight": 4, "raw_occupancy": 1 }, "geometry": { "type": "Point", "coordinates": [ 23.243064880371094, 42.660854339599609 ] } },
{ "type": "Feature", "properties": { "latitude": 42.683078765869141, "longitude": 23.255830764770508, "heatmap_weight": 4, "raw_occupancy": 1 }, "geometry": { "type": "Point", "coordinates": [ 23.255830764770508, 42.683078765869141 ] } },
{ "type": "Feature", "properties": { "latitude": 42.716346740722656, "longitude": 23.340215682983398, "heatmap_weight": 4, "raw_occupancy": 1 }, "geometry": { "type": "Point", "coordinates": [ 23.340215682983398, 42.716346740722656 ] } },
{ "type": "Feature", "properties": { "latitude": 42.651279449462891, "longitude": 23.357643127441406, "heatmap_weight": 9, "raw_occupancy": 2 }, "geometry": { "type": "Point", "coordinates": [ 23.357643127441406, 42.651279449462891 ] } },
{ "type": "Feature", "properties": { "latitude": 42.683113098144531, "longitude": 23.348360061645508, "heatmap_weight": 4, "raw_occupancy": 1 }, "geometry": { "type": "Point", "coordinates": [ 23.348360061645508, 42.683113098144531 ] } },
{ "type": "Feature", "properties": { "latitude": 42.690376281738281, "longitude": 23.336526870727539, "heatmap_weight": 9, "raw_occupancy": 2 }, "geometry": { "type": "Point", "coordinates": [ 23.336526870727539, 42.690376281738281 ] } },
{ "type": "Feature", "properties": { "latitude": 42.707180023193359, "longitude": 23.299226760864258, "heatmap_weight": 4, "raw_occupancy": 1 }, "geometry": { "type": "Point", "coordinates": [ 23.299226760864258, 42.707180023193359 ] } },
{ "type": "Feature", "properties": { "latitude": 42.7225341796875, "longitude": 23.311683654785156, "heatmap_weight": 1, "raw_occupancy": 0 }, "geometry": { "type": "Point", "coordinates": [ 23.311683654785156, 42.7225341796875 ] } },
{ "type": "Feature", "properties": { "latitude": 42.672622680664062, "longitude": 23.322277069091797, "heatmap_weight": 9, "raw_occupancy": 2 }, "geometry": { "type": "Point", "coordinates": [ 23.322277069091797, 42.672622680664062 ] } },
{ "type": "Feature", "properties": { "latitude": 42.707771301269531, "longitude": 23.323080062866211, "heatmap_weight": 1, "raw_occupancy": 0 }, "geometry": { "type": "Point", "coordinates": [ 23.323080062866211, 42.707771301269531 ] } },
{ "type": "Feature", "properties": { "latitude": 42.669116973876953, "longitude": 23.255062103271484, "heatmap_weight": 4, "raw_occupancy": 1 }, "geometry": { "type": "Point", "coordinates": [ 23.255062103271484, 42.669116973876953 ] } },
{ "type": "Feature", "properties": { "latitude": 42.610431671142578, "longitude": 23.237285614013672, "heatmap_weight": 4, "raw_occupancy": 1 }, "geometry": { "type": "Point", "coordinates": [ 23.237285614013672, 42.610431671142578 ] } },
{ "type": "Feature", "properties": { "latitude": 42.676525115966797, "longitude": 23.333465576171875, "heatmap_weight": 9, "raw_occupancy": 2 }, "geometry": { "type": "Point", "coordinates": [ 23.333465576171875, 42.676525115966797 ] } },
{ "type": "Feature", "properties": { "latitude": 42.689361572265625, "longitude": 23.31512451171875, "heatmap_weight": 16, "raw_occupancy": 3 }, "geometry": { "type": "Point", "coordinates": [ 23.31512451171875, 42.689361572265625 ] } },
{ "type": "Feature", "properties": { "latitude": 42.626583099365234, "longitude": 23.381486892700195, "heatmap_weight": 1, "raw_occupancy": 0 }, "geometry": { "type": "Point", "coordinates": [ 23.381486892700195, 42.626583099365234 ] } },
{ "type": "Feature", "properties": { "latitude": 42.708908081054688, "longitude": 23.371576309204102, "heatmap_weight": 4, "raw_occupancy": 1 }, "geometry": { "type": "Point", "coordinates": [ 23.371576309204102, 42.708908081054688 ] } },
{ "type": "Feature", "properties": { "latitude": 42.790943145751953, "longitude": 23.329418182373047, "heatmap_weight": 4, "raw_occupancy": 1 }, "geometry": { "type": "Point", "coordinates": [ 23.329418182373047, 42.790943145751953 ] } },
{ "type": "Feature", "properties": { "latitude": 42.691986083984375, "longitude": 23.335865020751953, "heatmap_weight": 4, "raw_occupancy": 1 }, "geometry": { "type": "Point", "coordinates": [ 23.335865020751953, 42.691986083984375 ] } },
{ "type": "Feature", "properties": { "latitude": 42.672443389892578, "longitude": 23.294509887695312, "heatmap_weight": 4, "raw_occupancy": 1 }, "geometry": { "type": "Point", "coordinates": [ 23.294509887695312, 42.672443389892578 ] } },
{ "type": "Feature", "properties": { "latitude": 42.683670043945312, "longitude": 23.347110748291016, "heatmap_weight": 9, "raw_occupancy": 2 }, "geometry": { "type": "Point", "coordinates": [ 23.347110748291016, 42.683670043945312 ] } },
{ "type": "Feature", "properties": { "latitude": 42.660343170166016, "longitude": 23.358985900878906, "heatmap_weight": 16, "raw_occupancy": 3 }, "geometry": { "type": "Point", "coordinates": [ 23.358985900878906, 42.660343170166016 ] } },
{ "type": "Feature", "properties": { "latitude": 42.683746337890625, "longitude": 23.314241409301758, "heatmap_weight": 9, "raw_occupancy": 2 }, "geometry": { "type": "Point", "coordinates": [ 23.314241409301758, 42.683746337890625 ] } },
{ "type": "Feature", "properties": { "latitude": 42.667583465576172, "longitude": 23.365787506103516, "heatmap_weight": 9, "raw_occupancy": 2 }, "geometry": { "type": "Point", "coordinates": [ 23.365787506103516, 42.667583465576172 ] } },
{ "type": "Feature", "properties": { "latitude": 42.643325805664062, "longitude": 23.281192779541016, "heatmap_weight": 4, "raw_occupancy": 1 }, "geometry": { "type": "Point", "coordinates": [ 23.281192779541016, 42.643325805664062 ] } },
{ "type": "Feature", "properties": { "latitude": 42.691932678222656, "longitude": 23.309898376464844, "heatmap_weight": 1, "raw_occupancy": 0 }, "geometry": { "type": "Point", "coordinates": [ 23.309898376464844, 42.691932678222656 ] } },
{ "type": "Feature", "properties": { "latitude": 42.704486846923828, "longitude": 23.328710556030273, "heatmap_weight": 1, "raw_occupancy": 0 }, "geometry": { "type": "Point", "coordinates": [ 23.328710556030273, 42.704486846923828 ] } },
{ "type": "Feature", "properties": { "latitude": 42.748680114746094, "longitude": 23.276975631713867, "heatmap_weight": 1, "raw_occupancy": 0 }, "geometry": { "type": "Point", "coordinates": [ 23.276975631713867, 42.748680114746094 ] } },
{ "type": "Feature", "properties": { "latitude": 42.689891815185547, "longitude": 23.338418960571289, "heatmap_weight": 4, "raw_occupancy": 1 }, "geometry": { "type": "Point", "coordinates": [ 23.338418960571289, 42.689891815185547 ] } },
{ "type": "Feature", "properties": { "latitude": 42.7122802734375, "longitude": 23.15941047668457, "heatmap_weight": 9, "raw_occupancy": 2 }, "geometry": { "type": "Point", "coordinates": [ 23.15941047668457, 42.7122802734375 ] } },
{ "type": "Feature", "properties": { "latitude": 42.725715637207031, "longitude": 23.244314193725586, "heatmap_weight": 4, "raw_occupancy": 1 }, "geometry": { "type": "Point", "coordinates": [ 23.244314193725586, 42.725715637207031 ] } },
{ "type": "Feature", "properties": { "latitude": 42.629875183105469, "longitude": 23.356500625610352, "heatmap_weight": 9, "raw_occupancy": 2 }, "geometry": { "type": "Point", "coordinates": [ 23.356500625610352, 42.629875183105469 ] } },
{ "type": "Feature", "properties": { "latitude": 42.663364410400391, "longitude": 23.415855407714844, "heatmap_weight": 4, "raw_occupancy": 1 }, "geometry": { "type": "Point", "coordinates": [ 23.415855407714844, 42.663364410400391 ] } },
{ "type": "Feature", "properties": { "latitude": 42.68524169921875, "longitude": 23.301172256469727, "heatmap_weight": 1, "raw_occupancy": 0 }, "geometry": { "type": "Point", "coordinates": [ 23.301172256469727, 42.68524169921875 ] } },
{ "type": "Feature", "properties": { "latitude": 42.695911407470703, "longitude": 23.309101104736328, "heatmap_weight": 9, "raw_occupancy": 2 }, "geometry": { "type": "Point", "coordinates": [ 23.309101104736328, 42.695911407470703 ] } },
{ "type": "Feature", "properties": { "latitude": 42.652683258056641, "longitude": 23.403942108154297, "heatmap_weight": 1, "raw_occupancy": 0 }, "geometry": { "type": "Point", "coordinates": [ 23.403942108154297, 42.652683258056641 ] } },
{ "type": "Feature", "properties": { "latitude": 42.672065734863281, "longitude": 23.294702529907227, "heatmap_weight": 4, "raw_occupancy": 1 }, "geometry": { "type": "Point", "coordinates": [ 23.294702529907227, 42.672065734863281 ] } },
{ "type": "Feature", "properties": { "latitude": 42.661773681640625, "longitude": 23.29478645324707, "heatmap_weight": 16, "raw_occupancy": 3 }, "geometry": { "type": "Point", "coordinates": [ 23.29478645324707, 42.661773681640625 ] } },
{ "type": "Feature", "properties": { "latitude": 42.710914611816406, "longitude": 23.270013809204102, "heatmap_weight": 4, "raw_occupancy": 1 }, "geometry": { "type": "Point", "coordinates": [ 23.270013809204102, 42.710914611816406 ] } },
{ "type": "Feature", "properties": { "latitude": 42.658805847167969, "longitude": 23.241334915161133, "heatmap_weight": 4, "raw_occupancy": 1 }, "geometry": { "type": "Point", "coordinates": [ 23.241334915161133, 42.658805847167969 ] } },
{ "type": "Feature", "properties": { "latitude": 42.643898010253906, "longitude": 23.412275314331055, "heatmap_weight": 4, "raw_occupancy": 1 }, "geometry": { "type": "Point", "coordinates": [ 23.412275314331055, 42.643898010253906 ] } },
{ "type": "Feature", "properties": { "latitude": 42.692611694335938, "longitude": 23.334287643432617, "heatmap_weight": 4, "raw_occupancy": 1 }, "geometry": { "type": "Point", "coordinates": [ 23.334287643432617, 42.692611694335938 ] } },
{ "type": "Feature", "properties": { "latitude": 42.850223541259766, "longitude": 23.267452239990234, "heatmap_weight": 1, "raw_occupancy": 0 }, "geometry": { "type": "Point", "coordinates": [ 23.267452239990234, 42.850223541259766 ] } },
{ "type": "Feature", "properties": { "latitude": 42.707477569580078, "longitude": 23.45570182800293, "heatmap_weight": 9, "raw_occupancy": 2 }, "geometry": { "type": "Point", "coordinates": [ 23.45570182800293, 42.707477569580078 ] } },
{ "type": "Feature", "properties": { "latitude": 42.705223083496094, "longitude": 23.298702239990234, "heatmap_weight": 9, "raw_occupancy": 2 }, "geometry": { "type": "Point", "coordinates": [ 23.298702239990234, 42.705223083496094 ] } },
{ "type": "Feature", "properties": { "latitude": 42.662181854248047, "longitude": 23.321685791015625, "heatmap_weight": 9, "raw_occupancy": 2 }, "geometry": { "type": "Point", "coordinates": [ 23.321685791015625, 42.662181854248047 ] } },
{ "type": "Feature", "properties": { "latitude": 42.728099822998047, "longitude": 23.30078125, "heatmap_weight": 16, "raw_occupancy": 3 }, "geometry": { "type": "Point", "coordinates": [ 23.30078125, 42.728099822998047 ] } },
{ "type": "Feature", "properties": { "latitude": 42.722946166992188, "longitude": 23.306430816650391, "heatmap_weight": 4, "raw_occupancy": 1 }, "geometry": { "type": "Point", "coordinates": [ 23.306430816650391, 42.722946166992188 ] } },
{ "type": "Feature", "properties": { "latitude": 42.731613159179688, "longitude": 23.286188125610352, "heatmap_weight": 9, "raw_occupancy": 2 }, "geometry": { "type": "Point", "coordinates": [ 23.286188125610352, 42.731613159179688 ] } },
{ "type": "Feature", "properties": { "latitude": 42.66778564453125, "longitude": 23.265726089477539, "heatmap_weight": 1, "raw_occupancy": 0 }, "geometry": { "type": "Point", "coordinates": [ 23.265726089477539, 42.66778564453125 ] } }
]
}
