{
"type": "FeatureCollection",
"name": "bus_occupancy_period_9_13-37-50",
"crs": { "type": "name", "properties": { "name": "urn:ogc:def:crs:OGC:1.3:CRS84" } },
"features": [
{ "type": "Feature", "properties": { "latitude": 42.662296295166016, "longitude": 23.418346405029297, "heatmap_weight": 4, "raw_occupancy": 1 }, "geometry": { "type": "Point", "coordinates": [ 23.418346405029297, 42.662296295166016 ] } },
{ "type": "Feature", "properties": { "latitude": 42.700962066650391, "longitude": 23.360071182250977, "heatmap_weight": 4, "raw_occupancy": 1 }, "geometry": { "type": "Point", "coordinates": [ 23.360071182250977, 42.700962066650391 ] } },
{ "type": "Feature", "properties": { "latitude": 42.672550201416016, "longitude": 23.406534194946289, "heatmap_weight": 4, "raw_occupancy": 1 }, "geometry": { "type": "Point", "coordinates": [ 23.406534194946289, 42.672550201416016 ] } },
{ "type": "Feature", "properties": { "latitude": 42.74212646484375, "longitude": 23.345514297485352, "heatmap_weight": 4, "raw_occupancy": 1 }, "geometry": { "type": "Point", "coordinates": [ 23.345514297485352, 42.74212646484375 ] } },
{ "type": "Feature", "properties": { "latitude": 42.67926025390625, "longitude": 23.310916900634766, "heatmap_weight": 4, "raw_occupancy": 1 }, "geometry": { "type": "Point", "coordinates": [ 23.310916900634766, 42.67926025390625 ] } },
{ "type": "Feature", "properties": { "latitude": 42.676841735839844, "longitude": 23.305902481079102, "heatmap_weight": 1, "raw_occupancy": 0 }, "geometry": { "type": "Point", "coordinates": [ 23.305902481079102, 42.676841735839844 ] } },
{ "type": "Feature", "properties": { "latitude": 42.660999298095703, "longitude": 23.391429901123047, "heatmap_weight": 4, "raw_occupancy": 1 }, "geometry": { "type": "Point", "coordinates": [ 23.391429901123047, 42.660999298095703 ] } },
{ "type": "Feature", "properties": { "latitude": 42.679225921630859, "longitude": 23.285987854003906, "heatmap_weight": 1, "raw_occupancy": 0 }, "geometry": { "type": "Point", "coordinates": [ 23.285987854003906, 42.679225921630859 ] } },
{ "type": "Feature", "properties": { "latitude": 42.665000915527344, "longitude": 23.287834167480469, "heatmap_weight": 4, "raw_occupancy": 1 }, "geometry": { "type": "Point", "coordinates": [ 23.287834167480469, 42.665000915527344 ] } },
{ "type": "Feature", "properties": { "latitude": 42.668708801269531, "longitude": 23.264619827270508, "heatmap_weight": 4, "raw_occupancy": 1 }, "geometry": { "type": "Point", "coordinates": [ 23.264619827270508, 42.668708801269531 ] } },
{ "type": "Feature", "properties": { "latitude": 42.671821594238281, "longitude": 23.272872924804688, "heatmap_weight": 4, "raw_occupancy": 1 }, "geometry": { "type": "Point", "coordinates": [ 23.272872924804688, 42.671821594238281 ] } },
{ "type": "Feature", "properties": { "latitude": 42.681812286376953, "longitude": 23.301540374755859, "heatmap_weight": 1, "raw_occupancy": 0 }, "geometry": { "type": "Point", "coordinates": [ 23.301540374755859, 42.681812286376953 ] } },
{ "type": "Feature", "properties": { "latitude": 42.665988922119141, "longitude": 23.342453002929688, "heatmap_weight": 4, "raw_occupancy": 1 }, "geometry": { "type": "Point", "coordinates": [ 23.342453002929688, 42.665988922119141 ] } },
{ "type": "Feature", "properties": { "latitude": 42.685459136962891, "longitude": 23.27436637878418, "heatmap_weight": 4, "raw_occupancy": 1 }, "geometry": { "type": "Point", "coordinates": [ 23.27436637878418, 42.685459136962891 ] } },
{ "type": "Feature", "properties": { "latitude": 42.667827606201172, "longitude": 23.265844345092773, "heatmap_weight": 4, "raw_occupancy": 1 }, "geometry": { "type": "Point", "coordinates": [ 23.265844345092773, 42.667827606201172 ] } },
{ "type": "Feature", "properties": { "latitude": 42.675502777099609, "longitude": 23.314790725708008, "heatmap_weight": 9, "raw_occupancy": 2 }, "geometry": { "type": "Point", "coordinates": [ 23.314790725708008, 42.675502777099609 ] } },
{ "type": "Feature", "properties": { "latitude": 42.699451446533203, "longitude": 23.303915023803711, "heatmap_weight": 4, "raw_occupancy": 1 }, "geometry": { "type": "Point", "coordinates": [ 23.303915023803711, 42.699451446533203 ] } },
{ "type": "Feature", "properties": { "latitude": 42.733646392822266, "longitude": 23.484272003173828, "heatmap_weight": 4, "raw_occupancy": 1 }, "geometry": { "type": "Point", "coordinates": [ 23.484272003173828, 42.733646392822266 ] } },
{ "type": "Feature", "properties": { "latitude": 42.696826934814453, "longitude": 23.358118057250977, "heatmap_weight": 4, "raw_occupancy": 1 }, "geometry": { "type": "Point", "coordinates": [ 23.358118057250977, 42.696826934814453 ] } },
{ "type": "Feature", "properties": { "latitude": 42.697456359863281, "longitude": 23.31437873840332, "heatmap_weight": 4, "raw_occupancy": 1 }, "geometry": { "type": "Point", "coordinates": [ 23.31437873840332, 42.697456359863281 ] } },
{ "type": "Feature", "properties": { "latitude": 42.713687896728516, "longitude": 23.313867568969727, "heatmap_weight": 4, "raw_occupancy": 1 }, "geometry": { "type": "Point", "coordinates": [ 23.313867568969727, 42.713687896728516 ] } },
{ "type": "Feature", "properties": { "latitude": 42.70318603515625, "longitude": 23.352705001831055, "heatmap_weight": 1, "raw_occupancy": 0 }, "geometry": { "type": "Point", "coordinates": [ 23.352705001831055, 42.70318603515625 ] } },
{ "type": "Feature", "properties": { "latitude": 42.663150787353516, "longitude": 23.357135772705078, "heatmap_weight": 9, "raw_occupancy": 2 }, "geometry": { "type": "Point", "coordinates": [ 23.357135772705078, 42.663150787353516 ] } },
{ "type": "Feature", "properties": { "latitude": 42.682910919189453, "longitude": 23.320713043212891, "heatmap_weight": 9, "raw_occupancy": 2 }, "geometry": { "type": "Point", "coordinates": [ 23.320713043212891, 42.682910919189453 ] } },
{ "type": "Feature", "properties": { "latitude": 42.708877563476562, "longitude": 23.318323135375977, "heatmap_weight": 4, "raw_occupancy": 1 }, "geometry": { "type": "Point", "coordinates": [ 23.318323135375977, 42.708877563476562 ] } },
{ "type": "Feature", "properties": { "latitude": 42.772945404052734, "longitude": 23.185537338256836, "heatmap_weight": 1, "raw_occupancy": 0 }, "geometry": { "type": "Point", "coordinates": [ 23.185537338256836, 42.772945404052734 ] } },
{ "type": "Feature", "properties": { "latitude": 42.705631256103516, "longitude": 23.310543060302734, "heatmap_weight": 4, "raw_occupancy": 1 }, "geometry": { "type": "Point", "coordinates": [ 23.310543060302734, 42.705631256103516 ] } },
{ "type": "Feature", "properties": { "latitude": 42.6466064453125, "longitude": 23.34625244140625, "heatmap_weight": 1, "raw_occupancy": 0 }, "geometry": { "type": "Point", "coordinates": [ 23.34625244140625, 42.6466064453125 ] } },
{ "type": "Feature", "properties": { "latitude": 42.619449615478516, "longitude": 23.403297424316406, "heatmap_weight": 16, "raw_occupancy": 3 }, "geometry": { "type": "Point", "coordinates": [ 23.403297424316406, 42.619449615478516 ] } },
{ "type": "Feature", "properties": { "latitude": 42.704120635986328, "longitude": 23.38646125793457, "heatmap_weight": 4, "raw_occupancy": 1 }, "geometry": { "type": "Point", "coordinates": [ 23.38646125793457, 42.704120635986328 ] } },
{ "type": "Feature", "properties": { "latitude": 42.790752410888672, "longitude": 23.333166122436523, "heatmap_weight": 1, "raw_occupancy": 0 }, "geometry": { "type": "Point", "coordinates": [ 23.333166122436523, 42.790752410888672 ] } },
{ "type": "Feature", "properties": { "latitude": 42.685405731201172, "longitude": 23.350946426391602, "heatmap_weight": 4, "raw_occupancy": 1 }, "geometry": { "type": "Point", "coordinates": [ 23.350946426391602, 42.685405731201172 ] } },
{ "type": "Feature", "properties": { "latitude": 42.649391174316406, "longitude": 23.377788543701172, "heatmap_weight": 4, "raw_occupancy": 1 }, "geometry": { "type": "Point", "coordinates": [ 23.377788543701172, 42.649391174316406 ] } },
{ "type": "Feature", "properties": { "latitude": 42.741153717041016, "longitude": 23.32988166809082, "heatmap_weight": 1, "raw_occupancy": 0 }, "geometry": { "type": "Point", "coordinates": [ 23.32988166809082, 42.741153717041016 ] } },
{ "type": "Feature", "properties": { "latitude": 42.704715728759766, "longitude": 23.332363128662109, "heatmap_weight": 4, "raw_occupancy": 1 }, "geometry": { "type": "Point", "coordinates": [ 23.332363128662109, 42.704715728759766 ] } },
{ "type": "Feature", "properties": { "latitude": 42.692867279052734, "longitude": 23.342771530151367, "heatmap_weight": 4, "raw_occupancy": 1 }, "geometry": { "type": "Point", "coordinates": [ 23.342771530151367, 42.692867279052734 ] } },
{ "type": "Feature", "properties": { "latitude": 42.696193695068359, "longitude": 23.347028732299805, "heatmap_weight": 4, "raw_occupancy": 1 }, "geometry": { "type": "Point", "coordinates": [ 23.347028732299805, 42.696193695068359 ] } },
{ "type": "Feature", "properties": { "latitude": 42.708526611328125, "longitude": 23.371368408203125, "heatmap_weight": 1, "raw_occupancy": 0 }, "geometry": { "type": "Point", "coordinates": [ 23.371368408203125, 42.708526611328125 ] } },
{ "type": "Feature", "properties": { "latitude": 42.662532806396484, "longitude": 23.392162322998047, "heatmap_weight": 4, "raw_occupancy": 1 }, "geometry": { "type": "Point", "coordinates": [ 23.392162322998047, 42.662532806396484 ] } },
{ "type": "Feature", "properties": { "latitude": 42.629234313964844, "longitude": 23.373331069946289, "heatmap_weight": 4, "raw_occupancy": 1 }, "geometry": { "type": "Point", "coordinates": [ 23.373331069946289, 42.629234313964844 ] } },
{ "type": "Feature", "properties": { "latitude": 42.700233459472656, "longitude": 23.371576309204102, "heatmap_weight": 36, "raw_occupancy": 5 }, "geometry": { "type": "Point", "coordinates": [ 23.371576309204102, 42.700233459472656 ] } },
{ "type": "Feature", "properties": { "latitude": 42.693828582763672, "longitude": 23.315084457397461, "heatmap_weight": 4, "raw_occupancy": 1 }, "geometry": { "type": "Point", "coordinates": [ 23.315084457397461, 42.693828582763672 ] } },
{ "type": "Feature", "properties": { "latitude": 42.698570251464844, "longitude": 23.310564041137695, "heatmap_weight": 4, "raw_occupancy": 1 }, "geometry": { "type": "Point", "coordinates": [ 23.310564041137695, 42.698570251464844 ] } },
{ "type": "Feature", "properties": { "latitude": 42.711711883544922, "longitude": 23.318622589111328, "heatmap_weight": 1, "raw_occupancy": 0 }, "geometry": { "type": "Point", "coordinates": [ 23.318622589111328, 42.711711883544922 ] } },
{ "type": "Feature", "properties": { "latitude": 42.709152221679688, "longitude": 23.133310317993164, "heatmap_weight": 4, "raw_occupancy": 1 }, "geometry": { "type": "Point", "coordinates": [ 23.133310317993164, 42.709152221679688 ] } },
{ "type": "Feature", "properties": { "latitude": 42.786552429199219, "longitude": 23.325092315673828, "heatmap_weight": 16, "raw_occupancy": 3 }, "geometry": { "type": "Point", "coordinates": [ 23.325092315673828, 42.786552429199219 ] } },
{ "type": "Feature", "properties": { "latitude": 42.703235626220703, "longitude": 23.311174392700195, "heatmap_weight": 4, "raw_occupancy": 1 }, "geometry": { "type": "Point", "coordinates": [ 23.311174392700195, 42.703235626220703 ] } },
{ "type": "Feature", "properties": { "latitude": 42.688499450683594, "longitude": 23.374807357788086, "heatmap_weight": 4, "raw_occupancy": 1 }, "geometry": { "type": "Point", "coordinates": [ 23.374807357788086, 42.688499450683594 ] } },
{ "type": "Feature", "properties": { "latitude": 42.676990509033203, "longitude": 23.30329704284668, "heatmap_weight": 9, "raw_occupancy": 2 }, "geometry": { "type": "Point", "coordinates": [ 23.30329704284668, 42.676990509033203 ] } },
{ "type": "Feature", "properties": { "latitude": 42.690032958984375, "longitude": 23.331363677978516, "heatmap_weight": 1, "raw_occupancy": 0 }, "geometry": { "type": "Point", "coordinates": [ 23.331363677978516, 42.690032958984375 ] } },
{ "type": "Feature", "properties": { "latitude": 42.696601867675781, "longitude": 23.354961395263672, "heatmap_weight": 9, "raw_occupancy": 2 }, "geometry": { "type": "Point", "coordinates": [ 23.354961395263672, 42.696601867675781 ] } },
{ "type": "Feature", "properties": { "latitude": 42.651557922363281, "longitude": 23.35601806640625, "heatmap_weight": 4, "raw_occupancy": 1 }, "geometry": { "type": "Point", "coordinates": [ 23.35601806640625, 42.651557922363281 ] } },
{ "type": "Feature", "properties": { "latitude": 42.686878204345703, "longitude": 23.317283630371094, "heatmap_weight": 9, "raw_occupancy": 2 }, "geometry": { "type": "Point", "coordinates": [ 23.317283630371094, 42.686878204345703 ] } },
{ "type": "Feature", "properties": { "latitude": 42.676326751708984, "longitude": 23.289102554321289, "heatmap_weight": 4, "raw_occupancy": 1 }, "geometry": { "type": "Point", "coordinates": [ 23.289102554321289, 42.676326751708984 ] } },
{ "type": "Feature", "properties": { "latitude": 42.692821502685547, "longitude": 23.334310531616211, "heatmap_weight": 9, "raw_occupancy": 2 }, "geometry": { "type": "Point", "coordinates": [ 23.334310531616211, 42.692821502685547 ] } },
{ "type": "Feature", "properties": { "latitude": 42.685390472412109, "longitude": 23.255716323852539, "heatmap_weight": 9, "raw_occupancy": 2 }, "geometry": { "type": "Point", "coordinates": [ 23.255716323852539, 42.685390472412109 ] } },
{ "type": "Feature", "properties": { "latitude": 42.786026000976562, "longitude": 23.50135612487793, "heatmap_weight": 4, "raw_occupancy": 1 }, "geometry": { "type": "Point", "coordinates": [ 23.50135612487793, 42.786026000976562 ] } },
{ "type": "Feature", "properties": { "latitude": 42.694877624511719, "longitude": 23.320510864257812, "heatmap_weight": 4, "raw_occupancy": 1 }, "geometry": { "type": "Point", "coordinates": [ 23.320510864257812, 42.694877624511719 ] } },
{ "type": "Feature", "properties": { "latitude": 42.688308715820312, "longitude": 23.328741073608398, "heatmap_weight": 9, "raw_occupancy": 2 }, "geometry": { "type": "Point", "coordinates": [ 23.328741073608398, 42.688308715820312 ] } },
{ "type": "Feature", "properties": { "latitude": 42.678508758544922, "longitude": 23.284652709960938, "heatmap_weight": 9, "raw_occupancy": 2 }, "geometry": { "type": "Point", "coordinates": [ 23.284652709960938, 42.678508758544922 ] } },
{ "type": "Feature", "properties": { "latitude": 42.781551361083984, "longitude": 23.381998062133789, "heatmap_weight": 1, "raw_occupancy": 0 }, "geometry": { "type": "Point", "coordinates": [ 23.381998062133789, 42.781551361083984 ] } },
{ "type": "Feature", "properties": { "latitude": 42.689022064208984, "longitude": 23.319774627685547, "heatmap_weight": 9, "raw_occupancy": 2 }, "geometry": { "type": "Point", "coordinates": [ 23.319774627685547, 42.689022064208984 ] } },
{ "type": "Feature", "properties": { "latitude": 42.790264129638672, "longitude": 23.405757904052734, "heatmap_weight": 1, "raw_occupancy": 0 }, "geometry": { "type": "Point", "coordinates": [ 23.405757904052734, 42.790264129638672 ] } },
{ "type": "Feature", "properties": { "latitude": 42.657028198242188, "longitude": 23.336277008056641, "heatmap_weight": 25, "raw_occupancy": 4 }, "geometry": { "type": "Point", "coordinates": [ 23.336277008056641, 42.657028198242188 ] } },
{ "type": "Feature", "properties": { "latitude": 42.698879241943359, "longitude": 23.307712554931641, "heatmap_weight": 9, "raw_occupancy": 2 }, "geometry": { "type": "Point", "coordinates": [ 23.307712554931641, 42.698879241943359 ] } },
{ "type": "Feature", "properties": { "latitude": 42.698822021484375, "longitude": 23.335538864135742, "heatmap_weight": 9, "raw_occupancy": 2 }, "geometry": { "type": "Point", "coordinates": [ 23.335538864135742, 42.698822021484375 ] } },
{ "type": "Feature", "properties": { "latitude": 42.723789215087891, "longitude": 23.531795501708984, "heatmap_weight": 4, "raw_occupancy": 1 }, "geometry": { "type": "Point", "coordinates": [ 23.531795501708984, 42.723789215087891 ] } },
{ "type": "Feature", "properties": { "latitude": 42.653812408447266, "longitude": 23.380748748779297, "heatmap_weight": 4, "raw_occupancy": 1 }, "geometry": { "type": "Point", "coordinates": [ 23.380748748779297, 42.653812408447266 ] } },
{ "type": "Feature", "properties": { "latitude": 42.615764617919922, "longitude": 23.363283157348633, "heatmap_weight": 4, "raw_occupancy": 1 }, "geometry": { "type": "Point", "coordinates": [ 23.363283157348633, 42.615764617919922 ] } },
{ "type": "Feature", "properties": { "latitude": 42.681430816650391, "longitude": 23.356512069702148, "heatmap_weight": 9, "raw_occupancy": 2 }, "geometry": { "type": "Point", "coordinates": [ 23.356512069702148, 42.681430816650391 ] } },
{ "type": "Feature", "properties": { "latitude": 42.820133209228516, "longitude": 23.354948043823242, "heatmap_weight": 4, "raw_occupancy": 1 }, "geometry": { "type": "Point", "coordinates": [ 23.354948043823242, 42.820133209228516 ] } },
{ "type": "Feature", "properties": { "latitude": 42.683822631835938, "longitude": 23.301475524902344, "heatmap_weight": 4, "raw_occupancy": 1 }, "geometry": { "type": "Point", "coordinates": [ 23.301475524902344, 42.683822631835938 ] } },
{ "type": "Feature", "properties": { "latitude": 42.684707641601562, "longitude": 23.302377700805664, "heatmap_weight": 4, "raw_occupancy": 1 }, "geometry": { "type": "Point", "coordinates": [ 23.302377700805664, 42.684707641601562 ] } },
{ "type": "Feature", "properties": { "latitude": 42.748401641845703, "longitude": 23.27528190612793, "heatmap_weight": 1, "raw_occupancy": 0 }, "geometry": { "type": "Point", "coordinates": [ 23.27528190612793, 42.748401641845703 ] } },
{ "type": "Feature", "properties": { "latitude": 42.751270294189453, "longitude": 23.320598602294922, "heatmap_weight": 4, "raw_occupancy": 1 }, "geometry": { "type": "Point", "coordinates": [ 23.320598602294922, 42.751270294189453 ] } },
{ "type": "Feature", "properties": { "latitude": 42.704875946044922, "longitude": 23.329507827758789, "heatmap_weight": 4, "raw_occupancy": 1 }, "geometry": { "type": "Point", "coordinates": [ 23.329507827758789, 42.704875946044922 ] } },
{ "type": "Feature", "properties": { "latitude": 42.702426910400391, "longitude": 23.285144805908203, "heatmap_weight": 4, "raw_occupancy": 1 }, "geometry": { "type": "Point", "coordinates": [ 23.285144805908203, 42.702426910400391 ] } },
{ "type": "Feature", "properties": { "latitude": 42.671344757080078, "longitude": 23.393774032592773, "heatmap_weight": 9, "raw_occupancy": 2 }, "geometry": { "type": "Point", "coordinates": [ 23.393774032592773, 42.671344757080078 ] } },
{ "type": "Feature", "properties": { "latitude": 42.689853668212891, "longitude": 23.364114761352539, "heatmap_weight": 9, "raw_occupancy": 2 }, "geometry": { "type": "Point", "coordinates": [ 23.364114761352539, 42.689853668212891 ] } },
{ "type": "Feature", "properties": { "latitude": 42.748069763183594, "longitude": 23.269536972045898, "heatmap_weight": 4, "raw_occupancy": 1 }, "geometry": { "type": "Point", "coordinates": [ 23.269536972045898, 42.748069763183594 ] } },
{ "type": "Feature", "properties": { "latitude": 42.717281341552734, "longitude": 23.354330062866211, "heatmap_weight": 16, "raw_occupancy": 3 }, "geometry": { "type": "Point", "coordinates": [ 23.354330062866211, 42.717281341552734 ] } },
{ "type": "Feature", "properties": { "latitude": 42.674419403076172, "longitude": 23.32859992980957, "heatmap_weight": 9, "raw_occupancy": 2 }, "geometry": { "type": "Point", "coordinates": [ 23.32859992980957, 42.674419403076172 ] } },
{ "type": "Feature", "properties": { "latitude": 42.658058166503906, "longitude": 23.27092170715332, "heatmap_weight": 9, "raw_occupancy": 2 }, "geometry": { "type": "Point", "coordinates": [ 23.27092170715332, 42.658058166503906 ] } },
{ "type": "Feature", "properties": { "latitude": 42.67889404296875, "longitude": 23.284477233886719, "heatmap_weight": 4, "raw_occupancy": 1 }, "geometry": { "type": "Point", "coordinates": [ 23.284477233886719, 42.67889404296875 ] } },
{ "type": "Feature", "properties": { "latitude": 42.678279876708984, "longitude": 23.322610855102539, "heatmap_weight": 9, "raw_occupancy": 2 }, "geometry": { "type": "Point", "coordinates": [ 23.322610855102539, 42.678279876708984 ] } },
{ "type": "Feature", "properties": { "latitude": 42.674953460693359, "longitude": 23.377040863037109, "heatmap_weight": 4, "raw_occupancy": 1 }, "geometry": { "type": "Point", "coordinates": [ 23.377040863037109, 42.674953460693359 ] } },
{ "type": "Feature", "properties": { "latitude": 42.696712493896484, "longitude": 23.351381301879883, "heatmap_weight": 4, "raw_occupancy": 1 }, "geometry": { "type": "Point", "coordinates": [ 23.351381301879883, 42.696712493896484 ] } },
{ "type": "Feature", "properties": { "latitude": 42.698696136474609, "longitude": 23.334953308105469, "heatmap_weight": 9, "raw_occupancy": 2 }, "geometry": { "type": "Point", "coordinates": [ 23.334953308105469, 42.698696136474609 ] } },
{ "type": "Feature", "properties": { "latitude": 42.735557556152344, "longitude": 23.246410369873047, "heatmap_weight": 9, "raw_occupancy": 2 }, "geometry": { "type": "Point", "coordinates": [ 23.246410369873047, 42.735557556152344 ] } },
{ "type": "Feature", "properties": { "latitude": 42.707061767578125, "longitude": 23.340604782104492, "heatmap_weight": 9, "raw_occupancy": 2 }, "geometry": { "type": "Point", "coordinates": [ 23.340604782104492, 42.707061767578125 ] } },
{ "type": "Feature", "properties": { "latitude": 42.689388275146484, "longitude": 23.327381134033203, "heatmap_weight": 4, "raw_occupancy": 1 }, "geometry": { "type": "Point", "coordinates": [ 23.327381134033203, 42.689388275146484 ] } },
{ "type": "Feature", "properties": { "latitude": 42.673412322998047, "longitude": 23.383478164672852, "heatmap_weight": 4, "raw_occupancy": 1 }, "geometry": { "type": "Point", "coordinates": [ 23.383478164672852, 42.673412322998047 ] } },
{ "type": "Feature", "properties": { "latitude": 42.694446563720703, "longitude": 23.35502815246582, "heatmap_weight": 9, "raw_occupancy": 2 }, "geometry": { "type": "Point", "coordinates": [ 23.35502815246582, 42.694446563720703 ] } },
{ "type": "Feature", "properties": { "latitude": 42.685810089111328, "longitude": 23.350559234619141, "heatmap_weight": 4, "raw_occupancy": 1 }, "geometry": { "type": "Point", "coordinates": [ 23.350559234619141, 42.685810089111328 ] } },
{ "type": "Feature", "properties": { "latitude": 42.684482574462891, "longitude": 23.238035202026367, "heatmap_weight": 4, "raw_occupancy": 1 }, "geometry": { "type": "Point", "coordinates": [ 23.238035202026367, 42.684482574462891 ] } },
{ "type": "Feature", "properties": { "latitude": 42.692489624023438, "longitude": 23.146652221679688, "heatmap_weight": 1, "raw_occupancy": 0 }, "geometry": { "type": "Point", "coordinates": [ 23.146652221679688, 42.692489624023438 ] } },
{ "type": "Feature", "properties": { "latitude": 42.624164581298828, "longitude": 23.357303619384766, "heatmap_weight": 4, "raw_occupancy": 1 }, "geometry": { "type": "Point", "coordinates": [ 23.357303619384766, 42.624164581298828 ] } },
{ "type": "Feature", "properties": { "latitude": 42.685848236083984, "longitude": 23.306333541870117, "heatmap_weight": 9, "raw_occupancy": 2 }, "geometry": { "type": "Point", "coordinates": [ 23.306333541870117, 42.685848236083984 ] } },
{ "type": "Feature", "properties": { "latitude": 42.704334259033203, "longitude": 23.328611373901367, "heatmap_weight": 9, "raw_occupancy": 2 }, "geometry": { "type": "Point", "coordinates": [ 23.328611373901367, 42.704334259033203 ] } },
{ "type": "Feature", "properties": { "latitude": 42.712841033935547, "longitude": 23.315277099609375, "heatmap_weight": 16, "raw_occupancy": 3 }, "geometry": { "type": "Point", "coordinates": [ 23.315277099609375, 42.712841033935547 ] } },
{ "type": "Feature", "properties": { "latitude": 42.672378540039062, "longitude": 23.293876647949219, "heatmap_weight": 16, "raw_occupancy": 3 }, "geometry": { "type": "Point", "coordinates": [ 23.293876647949219, 42.672378540039062 ] } },
{ "type": "Feature", "properties": { "latitude": 42.707592010498047, "longitude": 23.331867218017578, "heatmap_weight": 4, "raw_occupancy": 1 }, "geometry": { "type": "Point", "coordinates": [ 23.331867218017578, 42.707592010498047 ] } },
{ "type": "Feature", "properties": { "latitude": 42.698310852050781, "longitude": 23.330137252807617, "heatmap_weight": 9, "raw_occupancy": 2 }, "geometry": { "type": "Point", "coordinates": [ 23.330137252807617, 42.698310852050781 ] } },
{ "type": "Feature", "properties": { "latitude": 42.657012939453125, "longitude": 23.395570755004883, "heatmap_weight": 4, "raw_occupancy": 1 }, "geometry": { "type": "Point", "coordinates": [ 23.395570755004883, 42.657012939453125 ] } },
{ "type": "Feature", "properties": { "latitude": 42.690296173095703, "longitude": 23.353849411010742, "heatmap_weight": 9, "raw_occupancy": 2 }, "geometry": { "type": "Point", "coordinates": [ 23.353849411010742, 42.690296173095703 ] } },
{ "type": "Feature", "properties": { "latitude": 42.700263977050781, "longitude": 23.322521209716797, "heatmap_weight": 4, "raw_occupancy": 1 }, "geometry": { "type": "Point", "coordinates": [ 23.322521209716797, 42.700263977050781 ] } },
{ "type": "Feature", "properties": { "latitude": 42.628929138183594, "longitude": 23.316242218017578, "heatmap_weight": 4, "raw_occupancy": 1 }, "geometry": { "type": "Point", "coordinates": [ 23.316242218017578, 42.628929138183594 ] } },
{ "type": "Feature", "properties": { "latitude": 42.659267425537109, "longitude": 23.242633819580078, "heatmap_weight": 1, "raw_occupancy": 0 }, "geometry": { "type": "Point", "coordinates": [ 23.242633819580078, 42.659267425537109 ] } },
{ "type": "Feature", "properties": { "latitude": 42.682231903076172, "longitude": 23.301446914672852, "heatmap_weight": 1, "raw_occupancy": 0 }, "geometry": { "type": "Point", "coordinates": [ 23.301446914672852, 42.682231903076172 ] } },
{ "type": "Feature", "properties": { "latitude": 42.698799133300781, "longitude": 23.327320098876953, "heatmap_weight": 9, "raw_occupancy": 2 }, "geometry": { "type": "Point", "coordinates": [ 23.327320098876953, 42.698799133300781 ] } },
{ "type": "Feature", "properties": { "latitude": 42.716537475585938, "longitude": 23.250072479248047, "heatmap_weight": 9, "raw_occupancy": 2 }, "geometry": { "type": "Point", "coordinates": [ 23.250072479248047, 42.716537475585938 ] } },
{ "type": "Feature", "properties": { "latitude": 42.632175445556641, "longitude": 23.336212158203125, "heatmap_weight": 16, "raw_occupancy": 3 }, "geometry": { "type": "Point", "coordinates": [ 23.336212158203125, 42.632175445556641 ] } },
{ "type": "Feature", "properties": { "latitude": 42.682949066162109, "longitude": 23.292802810668945, "heatmap_weight": 1, "raw_occupancy": 0 }, "geometry": { "type": "Point", "coordinates": [ 23.292802810668945, 42.682949066162109 ] } },
{ "type": "Feature", "properties": { "latitude": 42.715644836425781, "longitude": 23.26123046875, "heatmap_weight": 4, "raw_occupancy": 1 }, "geometry": { "type": "Point", "coordinates": [ 23.26123046875, 42.715644836425781 ] } },
{ "type": "Feature", "properties": { "latitude": 42.701416015625, "longitude": 23.316501617431641, "heatmap_weight": 4, "raw_occupancy": 1 }, "geometry": { "type": "Point", "coordinates": [ 23.316501617431641, 42.701416015625 ] } },
{ "type": "Feature", "properties": { "latitude": 42.664859771728516, "longitude": 23.460062026977539, "heatmap_weight": 4, "raw_occupancy": 1 }, "geometry": { "type": "Point", "coordinates": [ 23.460062026977539, 42.664859771728516 ] } },
{ "type": "Feature", "properties": { "latitude": 42.717899322509766, "longitude": 23.338432312011719, "heatmap_weight": 4, "raw_occupancy": 1 }, "geometry": { "type": "Point", "coordinates": [ 23.338432312011719, 42.717899322509766 ] } },
{ "type": "Feature", "properties": { "latitude": 42.704753875732422, "longitude": 23.334075927734375, "heatmap_weight": 9, "raw_occupancy": 2 }, "geometry": { "type": "Point", "coordinates": [ 23.334075927734375, 42.704753875732422 ] } },
{ "type": "Feature", "properties": { "latitude": 42.7122802734375, "longitude": 23.289083480834961, "heatmap_weight": 4, "raw_occupancy": 1 }, "geometry": { "type": "Point", "coordinates": [ 23.289083480834961, 42.7122802734375 ] } },
{ "type": "Feature", "properties": { "latitude": 42.674911499023438, "longitude": 23.434438705444336, "heatmap_weight": 1, "raw_occupancy": 0 }, "geometry": { "type": "Point", "coordinates": [ 23.434438705444336, 42.674911499023438 ] } },
{ "type": "Feature", "properties": { "latitude": 42.662075042724609, "longitude": 23.404720306396484, "heatmap_weight": 4, "raw_occupancy": 1 }, "geometry": { "type": "Point", "coordinates": [ 23.404720306396484, 42.662075042724609 ] } },
{ "type": "Feature", "properties": { "latitude": 42.689834594726562, "longitude": 23.250038146972656, "heatmap_weight": 9, "raw_occupancy": 2 }, "geometry": { "type": "Point", "coordinates": [ 23.250038146972656, 42.689834594726562 ] } },
{ "type": "Feature", "properties": { "latitude": 42.702686309814453, "longitude": 23.311004638671875, "heatmap_weight": 9, "raw_occupancy": 2 }, "geometry": { "type": "Point", "coordinates": [ 23.311004638671875, 42.702686309814453 ] } },
{ "type": "Feature", "properties": { "latitude": 42.670570373535156, "longitude": 23.382686614990234, "heatmap_weight": 4, "raw_occupancy": 1 }, "geometry": { "type": "Point", "coordinates": [ 23.382686614990234, 42.670570373535156 ] } },
{ "type": "Feature", "properties": { "latitude": 42.697399139404297, "longitude": 23.315288543701172, "heatmap_weight": 4, "raw_occupancy": 1 }, "geometry": { "type": "Point", "coordinates": [ 23.315288543701172, 42.697399139404297 ] } },
{ "type": "Feature", "properties": { "latitude": 42.670948028564453, "longitude": 23.337795257568359, "heatmap_weight": 16, "raw_occupancy": 3 }, "geometry": { "type": "Point", "coordinates": [ 23.337795257568359, 42.670948028564453 ] } },
{ "type": "Feature", "properties": { "latitude": 42.686916351318359, "longitude": 23.317110061645508, "heatmap_weight": 4, "raw_occupancy": 1 }, "geometry": { "type": "Point", "coordinates": [ 23.317110061645508, 42.686916351318359 ] } },
{ "type": "Feature", "properties": { "latitude": 42.735366821289062, "longitude": 23.246685028076172, "heatmap_weight": 4, "raw_occupancy": 1 }, "geometry": { "type": "Point", "coordinates": [ 23.246685028076172, 42.735366821289062 ] } },
{ "type": "Feature", "properties": { "latitude": 42.681293487548828, "longitude": 23.356508255004883, "heatmap_weight": 4, "raw_occupancy": 1 }, "geometry": { "type": "Point", "coordinates": [ 23.356508255004883, 42.681293487548828 ] } },
{ "type": "Feature", "properties": { "latitude": 42.686599731445312, "longitude": 23.342950820922852, "heatmap_weight": 9, "raw_occupancy": 2 }, "geometry": { "type": "Point", "coordinates": [ 23.342950820922852, 42.686599731445312 ] } },
{ "type": "Feature", "properties": { "latitude": 42.643253326416016, "longitude": 23.337577819824219, "heatmap_weight": 4, "raw_occupancy": 1 }, "geometry": { "type": "Point", "coordinates": [ 23.337577819824219, 42.643253326416016 ] } },
{ "type": "Feature", "properties": { "latitude": 42.6607666015625, "longitude": 23.319297790527344, "heatmap_weight": 1, "raw_occupancy": 0 }, "geometry": { "type": "Point", "coordinates": [ 23.319297790527344, 42.6607666015625 ] } },
{ "type": "Feature", "properties": { "latitude": 42.710403442382812, "longitude": 23.346881866455078, "heatmap_weight": 4, "raw_occupancy": 1 }, "geometry": { "type": "Point", "coordinates": [ 23.346881866455078, 42.710403442382812 ] } },
{ "type": "Feature", "properties": { "latitude": 42.614913940429688, "longitude": 23.363279342651367, "heatmap_weight": 9, "raw_occupancy": 2 }, "geometry": { "type": "Point", "coordinates": [ 23.363279342651367, 42.614913940429688 ] } },
{ "type": "Feature", "properties": { "latitude": 42.742866516113281, "longitude": 23.274982452392578, "heatmap_weight": 9, "raw_occupancy": 2 }, "geometry": { "type": "Point", "coordinates": [ 23.274982452392578, 42.742866516113281 ] } },
{ "type": "Feature", "properties": { "latitude": 42.649394989013672, "longitude": 23.331863403320312, "heatmap_weight": 25, "raw_occupancy": 4 }, "geometry": { "type": "Point", "coordinates": [ 23.331863403320312, 42.649394989013672 ] } },
{ "type": "Feature", "properties": { "latitude": 42.663913726806641, "longitude": 23.358917236328125, "heatmap_weight": 4, "raw_occupancy": 1 }, "geometry": { "type": "Point", "coordinates": [ 23.358917236328125, 42.663913726806641 ] } },
{ "type": "Feature", "properties": { "latitude": 42.766918182373047, "longitude": 23.408693313598633, "heatmap_weight": 4, "raw_occupancy": 1 }, "geometry": { "type": "Point", "coordinates": [ 23.408693313598633, 42.766918182373047 ] } },
{ "type": "Feature", "properties": { "latitude": 42.63848876953125, "longitude": 23.334388732910156, "heatmap_weight": 4, "raw_occupancy": 1 }, "geometry": { "type": "Point", "coordinates": [ 23.334388732910156, 42.63848876953125 ] } },
{ "type": "Feature", "properties": { "latitude": 42.722854614257812, "longitude": 23.261726379394531, "heatmap_weight": 4, "raw_occupancy": 1 }, "geometry": { "type": "Point", "coordinates": [ 23.261726379394531, 42.722854614257812 ] } },
{ "type": "Feature", "properties": { "latitude": 42.663352966308594, "longitude": 23.415859222412109, "heatmap_weight": 4, "raw_occupancy": 1 }, "geometry": { "type": "Point", "coordinates": [ 23.415859222412109, 42.663352966308594 ] } },
{ "type": "Feature", "properties": { "latitude": 42.701911926269531, "longitude": 23.281976699829102, "heatmap_weight": 4, "raw_occupancy": 1 }, "geometry": { "type": "Point", "coordinates": [ 23.281976699829102, 42.701911926269531 ] } },
{ "type": "Feature", "properties": { "latitude": 42.649757385253906, "longitude": 23.261131286621094, "heatmap_weight": 4, "raw_occupancy": 1 }, "geometry": { "type": "Point", "coordinates": [ 23.261131286621094, 42.649757385253906 ] } },
{ "type": "Feature", "properties": { "latitude": 42.697528839111328, "longitude": 23.321687698364258, "heatmap_weight": 4, "raw_occupancy": 1 }, "geometry": { "type": "Point", "coordinates": [ 23.321687698364258, 42.697528839111328 ] } },
{ "type": "Feature", "properties": { "latitude": 42.694282531738281, "longitude": 23.32249641418457, "heatmap_weight": 4, "raw_occupancy": 1 }, "geometry": { "type": "Point", "coordinates": [ 23.32249641418457, 42.694282531738281 ] } },
{ "type": "Feature", "properties": { "latitude": 42.667949676513672, "longitude": 23.402158737182617, "heatmap_weight": 9, "raw_occupancy": 2 }, "geometry": { "type": "Point", "coordinates": [ 23.402158737182617, 42.667949676513672 ] } },
{ "type": "Feature", "properties": { "latitude": 42.686756134033203, "longitude": 23.330549240112305, "heatmap_weight": 4, "raw_occupancy": 1 }, "geometry": { "type": "Point", "coordinates": [ 23.330549240112305, 42.686756134033203 ] } },
{ "type": "Feature", "properties": { "latitude": 42.661308288574219, "longitude": 23.35211181640625, "heatmap_weight": 9, "raw_occupancy": 2 }, "geometry": { "type": "Point", "coordinates": [ 23.35211181640625, 42.661308288574219 ] } },
{ "type": "Feature", "properties": { "latitude": 42.706768035888672, "longitude": 23.323440551757812, "heatmap_weight": 4, "raw_occupancy": 1 }, "geometry": { "type": "Point", "coordinates": [ 23.323440551757812, 42.706768035888672 ] } },
{ "type": "Feature", "properties": { "latitude": 42.686599731445312, "longitude": 23.331920623779297, "heatmap_weight": 4, "raw_occupancy": 1 }, "geometry": { "type": "Point", "coordinates": [ 23.331920623779297, 42.686599731445312 ] } },
{ "type": "Feature", "properties": { "latitude": 42.742702484130859, "longitude": 23.276958465576172, "heatmap_weight": 4, "raw_occupancy": 1 }, "geometry": { "type": "Point", "coordinates": [ 23.276958465576172, 42.742702484130859 ] } },
{ "type": "Feature", "properties": { "latitude": 42.693916320800781, "longitude": 23.334615707397461, "heatmap_weight": 4, "raw_occupancy": 1 }, "geometry": { "type": "Point", "coordinates": [ 23.334615707397461, 42.693916320800781 ] } },
{ "type": "Feature", "properties": { "latitude": 42.638267517089844, "longitude": 23.381269454956055, "heatmap_weight": 4, "raw_occupancy": 1 }, "geometry": { "type": "Point", "coordinates": [ 23.381269454956055, 42.638267517089844 ] } },
{ "type": "Feature", "properties": { "latitude": 42.673194885253906, "longitude": 23.321767807006836, "heatmap_weight": 4, "raw_occupancy": 1 }, "geometry": { "type": "Point", "coordinates": [ 23.321767807006836, 42.673194885253906 ] } },
{ "type": "Feature", "properties": { "latitude": 42.661594390869141, "longitude": 23.250631332397461, "heatmap_weight": 4, "raw_occupancy": 1 }, "geometry": { "type": "Point", "coordinates": [ 23.250631332397461, 42.661594390869141 ] } },
{ "type": "Feature", "properties": { "latitude": 42.716827392578125, "longitude": 23.30937385559082, "heatmap_weight": 4, "raw_occupancy": 1 }, "geometry": { "type": "Point", "coordinates": [ 23.30937385559082, 42.716827392578125 ] } },
{ "type": "Feature", "properties": { "latitude": 42.742973327636719, "longitude": 23.271360397338867, "heatmap_weight": 16, "raw_occupancy": 3 }, "geometry": { "type": "Point", "coordinates": [ 23.271360397338867, 42.742973327636719 ] } },
{ "type": "Feature", "properties": { "latitude": 42.653614044189453, "longitude": 23.347139358520508, "heatmap_weight": 16, "raw_occupancy": 3 }, "geometry": { "type": "Point", "coordinates": [ 23.347139358520508, 42.653614044189453 ] } },
{ "type": "Feature", "properties": { "latitude": 42.691268920898438, "longitude": 23.363674163818359, "heatmap_weight": 9, "raw_occupancy": 2 }, "geometry": { "type": "Point", "coordinates": [ 23.363674163818359, 42.691268920898438 ] } },
{ "type": "Feature", "properties": { "latitude": 42.649200439453125, "longitude": 23.274887084960938, "heatmap_weight": 9, "raw_occupancy": 2 }, "geometry": { "type": "Point", "coordinates": [ 23.274887084960938, 42.649200439453125 ] } },
{ "type": "Feature", "properties": { "latitude": 42.699729919433594, "longitude": 23.312467575073242, "heatmap_weight": 4, "raw_occupancy": 1 }, "geometry": { "type": "Point", "coordinates": [ 23.312467575073242, 42.699729919433594 ] } },
{ "type": "Feature", "properties": { "latitude": 42.694999694824219, "longitude": 23.320039749145508, "heatmap_weight": 1, "raw_occupancy": 0 }, "geometry": { "type": "Point", "coordinates": [ 23.320039749145508, 42.694999694824219 ] } },
{ "type": "Feature", "properties": { "latitude": 42.675796508789062, "longitude": 23.314823150634766, "heatmap_weight": 4, "raw_occupancy": 1 }, "geometry": { "type": "Point", "coordinates": [ 23.314823150634766, 42.675796508789062 ] } },
{ "type": "Feature", "properties": { "latitude": 42.669075012207031, "longitude": 23.291610717773438, "heatmap_weight": 9, "raw_occupancy": 2 }, "geometry": { "type": "Point", "coordinates": [ 23.291610717773438, 42.669075012207031 ] } },
{ "type": "Feature", "properties": { "latitude": 42.572719573974609, "longitude": 23.358861923217773, "heatmap_weight": 4, "raw_occupancy": 1 }, "geometry": { "type": "Point", "coordinates": [ 23.358861923217773, 42.572719573974609 ] } },
{ "type": "Feature", "properties": { "latitude": 42.721595764160156, "longitude": 23.240800857543945, "heatmap_weight": 1, "raw_occupancy": 0 }, "geometry": { "type": "Point", "coordinates": [ 23.240800857543945, 42.721595764160156 ] } },
{ "type": "Feature", "properties": { "latitude": 42.706424713134766, "longitude": 23.312406539916992, "heatmap_weight": 1, "raw_occupancy": 0 }, "geometry": { "type": "Point", "coordinates": [ 23.312406539916992, 42.706424713134766 ] } },
{ "type": "Feature", "properties": { "latitude": 42.693470001220703, "longitude": 23.352073669433594, "heatmap_weight": 16, "raw_occupancy": 3 }, "geometry": { "type": "Point", "coordinates": [ 23.352073669433594, 42.693470001220703 ] } },
{ "type": "Feature", "properties": { "latitude": 42.741134643554688, "longitude": 23.328479766845703, "heatmap_weight": 4, "raw_occupancy": 1 }, "geometry": { "type": "Point", "coordinates": [ 23.328479766845703, 42.741134643554688 ] } },
{ "type": "Feature", "properties": { "latitude": 42.640033721923828, "longitude": 23.374958038330078, "heatmap_weight": 1, "raw_occupancy": 0 }, "geometry": { "type": "Point", "coordinates": [ 23.374958038330078, 42.640033721923828 ] } },
{ "type": "Feature", "properties": { "latitude": 42.687297821044922, "longitude": 23.415332794189453, "heatmap_weight": 4, "raw_occupancy": 1 }, "geometry": { "type": "Point", "coordinates": [ 23.415332794189453, 42.687297821044922 ] } },
{ "type": "Feature", "properties": { "latitude": 42.711395263671875, "longitude": 23.319202423095703, "heatmap_weight": 1, "raw_occupancy": 0 }, "geometry": { "type": "Point", "coordinates": [ 23.319202423095703, 42.711395263671875 ] } },
{ "type": "Feature", "properties": { "latitude": 42.662761688232422, "longitude": 23.317216873168945, "heatmap_weight": 4, "raw_occupancy": 1 }, "geometry": { "type": "Point", "coordinates": [ 23.317216873168945, 42.662761688232422 ] } },
{ "type": "Feature", "properties": { "latitude": 42.621604919433594, "longitude": 23.1861572265625, "heatmap_weight": 1, "raw_occupancy": 0 }, "geometry": { "type": "Point", "coordinates": [ 23.1861572265625, 42.621604919433594 ] } },
{ "type": "Feature", "properties": { "latitude": 42.635524749755859, "longitude": 23.298280715942383, "heatmap_weight": 9, "raw_occupancy": 2 }, "geometry": { "type": "Point", "coordinates": [ 23.298280715942383, 42.635524749755859 ] } },
{ "type": "Feature", "properties": { "latitude": 42.663944244384766, "longitude": 23.411758422851562, "heatmap_weight": 4, "raw_occupancy": 1 }, "geometry": { "type": "Point", "coordinates": [ 23.411758422851562, 42.663944244384766 ] } },
{ "type": "Feature", "properties": { "latitude": 42.704769134521484, "longitude": 23.358989715576172, "heatmap_weight": 4, "raw_occupancy": 1 }, "geometry": { "type": "Point", "coordinates": [ 23.358989715576172, 42.704769134521484 ] } },
{ "type": "Feature", "properties": { "latitude": 42.666534423828125, "longitude": 23.284313201904297, "heatmap_weight": 9, "raw_occupancy": 2 }, "geometry": { "type": "Point", "coordinates": [ 23.284313201904297, 42.666534423828125 ] } },
{ "type": "Feature", "properties": { "latitude": 42.689105987548828, "longitude": 23.335649490356445, "heatmap_weight": 16, "raw_occupancy": 3 }, "geometry": { "type": "Point", "coordinates": [ 23.335649490356445, 42.689105987548828 ] } },
{ "type": "Feature", "properties": { "latitude": 42.659511566162109, "longitude": 23.31683349609375, "heatmap_weight": 4, "raw_occupancy": 1 }, "geometry": { "type": "Point", "coordinates": [ 23.31683349609375, 42.659511566162109 ] } },
{ "type": "Feature", "properties": { "latitude": 42.686622619628906, "longitude": 23.299745559692383, "heatmap_weight": 9, "raw_occupancy": 2 }, "geometry": { "type": "Point", "coordinates": [ 23.299745559692383, 42.686622619628906 ] } },
{ "type": "Feature", "properties": { "latitude": 42.817001342773438, "longitude": 23.280380249023438, "heatmap_weight": 4, "raw_occupancy": 1 }, "geometry": { "type": "Point", "coordinates": [ 23.280380249023438, 42.817001342773438 ] } },
{ "type": "Feature", "properties": { "latitude": 42.677680969238281, "longitude": 23.283138275146484, "heatmap_weight": 4, "raw_occupancy": 1 }, "geometry": { "type": "Point", "coordinates": [ 23.283138275146484, 42.677680969238281 ] } },
{ "type": "Feature", "properties": { "latitude": 42.681358337402344, "longitude": 23.332174301147461, "heatmap_weight": 9, "raw_occupancy": 2 }, "geometry": { "type": "Point", "coordinates": [ 23.332174301147461, 42.681358337402344 ] } },
{ "type": "Feature", "properties": { "latitude": 42.689704895019531, "longitude": 23.338912963867188, "heatmap_weight": 9, "raw_occupancy": 2 }, "geometry": { "type": "Point", "coordinates": [ 23.338912963867188, 42.689704895019531 ] } },
{ "type": "Feature", "properties": { "latitude": 42.649684906005859, "longitude": 23.368947982788086, "heatmap_weight": 4, "raw_occupancy": 1 }, "geometry": { "type": "Point", "coordinates": [ 23.368947982788086, 42.649684906005859 ] } },
{ "type": "Feature", "properties": { "latitude": 42.6768798828125, "longitude": 23.297700881958008, "heatmap_weight": 9, "raw_occupancy": 2 }, "geometry": { "type": "Point", "coordinates": [ 23.297700881958008, 42.6768798828125 ] } },
{ "type": "Feature", "properties": { "latitude": 42.622978210449219, "longitude": 23.449916839599609, "heatmap_weight": 4, "raw_occupancy": 1 }, "geometry": { "type": "Point", "coordinates": [ 23.449916839599609, 42.622978210449219 ] } },
{ "type": "Feature", "properties": { "latitude": 42.668376922607422, "longitude": 23.367315292358398, "heatmap_weight": 9, "raw_occupancy": 2 }, "geometry": { "type": "Point", "coordinates": [ 23.367315292358398, 42.668376922607422 ] } },
{ "type": "Feature", "properties": { "latitude": 42.706394195556641, "longitude": 23.302478790283203, "heatmap_weight": 9, "raw_occupancy": 2 }, "geometry": { "type": "Point", "coordinates": [ 23.302478790283203, 42.706394195556641 ] } },
{ "type": "Feature", "properties": { "latitude": 42.552444458007812, "longitude": 23.476778030395508, "heatmap_weight": 1, "raw_occupancy": 0 }, "geometry": { "type": "Point", "coordinates": [ 23.476778030395508, 42.552444458007812 ] } },
{ "type": "Feature", "properties": { "latitude": 42.674217224121094, "longitude": 23.240322113037109, "heatmap_weight": 4, "raw_occupancy": 1 }, "geometry": { "type": "Point", "coordinates": [ 23.240322113037109, 42.674217224121094 ] } },
{ "type": "Feature", "properties": { "latitude": 42.675559997558594, "longitude": 23.358892440795898, "heatmap_weight": 25, "raw_occupancy": 4 }, "geometry": { "type": "Point", "coordinates": [ 23.358892440795898, 42.675559997558594 ] } },
{ "type": "Feature", "properties": { "latitude": 42.660186767578125, "longitude": 23.318059921264648, "heatmap_weight": 16, "raw_occupancy": 3 }, "geometry": { "type": "Point", "coordinates": [ 23.318059921264648, 42.660186767578125 ] } },
{ "type": "Feature", "properties": { "latitude": 42.709423065185547, "longitude": 23.393856048583984, "heatmap_weight": 4, "raw_occupancy": 1 }, "geometry": { "type": "Point", "coordinates": [ 23.393856048583984, 42.709423065185547 ] } },
{ "type": "Feature", "properties": { "latitude": 42.729644775390625, "longitude": 23.287530899047852, "heatmap_weight": 4, "raw_occupancy": 1 }, "geometry": { "type": "Point", "coordinates": [ 23.287530899047852, 42.729644775390625 ] } },
{ "type": "Feature", "properties": { "latitude": 42.697685241699219, "longitude": 23.286502838134766, "heatmap_weight": 4, "raw_occupancy": 1 }, "geometry": { "type": "Point", "coordinates": [ 23.286502838134766, 42.697685241699219 ] } },
{ "type": "Feature", "properties": { "latitude": 42.663974761962891, "longitude": 23.290304183959961, "heatmap_weight": 16, "raw_occupancy": 3 }, "geometry": { "type": "Point", "coordinates": [ 23.290304183959961, 42.663974761962891 ] } },
{ "type": "Feature", "properties": { "latitude": 42.661396026611328, "longitude": 23.352245330810547, "heatmap_weight": 4, "raw_occupancy": 1 }, "geometry": { "type": "Point", "coordinates": [ 23.352245330810547, 42.661396026611328 ] } },
{ "type": "Feature", "properties": { "latitude": 42.600883483886719, "longitude": 23.172548294067383, "heatmap_weight": 1, "raw_occupancy": 0 }, "geometry": { "type": "Point", "coordinates": [ 23.172548294067383, 42.600883483886719 ] } },
{ "type": "Feature", "properties": { "latitude": 42.825054168701172, "longitude": 23.243558883666992, "heatmap_weight": 9, "raw_occupancy": 2 }, "geometry": { "type": "Point", "coordinates": [ 23.243558883666992, 42.825054168701172 ] } },
{ "type": "Feature", "properties": { "latitude": 42.735458374023438, "longitude": 23.293064117431641, "heatmap_weight": 1, "raw_occupancy": 0 }, "geometry": { "type": "Point", "coordinates": [ 23.293064117431641, 42.735458374023438 ] } },
{ "type": "Feature", "properties": { "latitude": 42.686199188232422, "longitude": 23.317977905273438, "heatmap_weight": 1, "raw_occupancy": 0 }, "geometry": { "type": "Point", "coordinates": [ 23.317977905273438, 42.686199188232422 ] } },
{ "type": "Feature", "properties": { "latitude": 42.672626495361328, "longitude": 23.322189331054688, "heatmap_weight": 4, "raw_occupancy": 1 }, "geometry": { "type": "Point", "coordinates": [ 23.322189331054688, 42.672626495361328 ] } },
{ "type": "Feature", "properties": { "latitude": 42.737220764160156, "longitude": 23.295862197875977, "heatmap_weight": 4, "raw_occupancy": 1 }, "geometry": { "type": "Point", "coordinates": [ 23.295862197875977, 42.737220764160156 ] } },
{ "type": "Feature", "properties": { "latitude": 42.656612396240234, "longitude": 23.32240104675293, "heatmap_weight": 9, "raw_occupancy": 2 }, "geometry": { "type": "Point", "coordinates": [ 23.32240104675293, 42.656612396240234 ] } },
{ "type": "Feature", "properties": { "latitude": 42.652332305908203, "longitude": 23.347324371337891, "heatmap_weight": 9, "raw_occupancy": 2 }, "geometry": { "type": "Point", "coordinates": [ 23.347324371337891, 42.652332305908203 ] } },
{ "type": "Feature", "properties": { "latitude": 42.670726776123047, "longitude": 23.397022247314453, "heatmap_weight": 9, "raw_occupancy": 2 }, "geometry": { "type": "Point", "coordinates": [ 23.397022247314453, 42.670726776123047 ] } },
{ "type": "Feature", "properties": { "latitude": 42.698440551757812, "longitude": 23.334901809692383, "heatmap_weight": 4, "raw_occupancy": 1 }, "geometry": { "type": "Point", "coordinates": [ 23.334901809692383, 42.698440551757812 ] } },
{ "type": "Feature", "properties": { "latitude": 42.663120269775391, "longitude": 23.292308807373047, "heatmap_weight": 4, "raw_occupancy": 1 }, "geometry": { "type": "Point", "coordinates": [ 23.292308807373047, 42.663120269775391 ] } },
{ "type": "Feature", "properties": { "latitude": 42.661304473876953, "longitude": 23.29541015625, "heatmap_weight": 1, "raw_occupancy": 0 }, "geometry": { "type": "Point", "coordinates": [ 23.29541015625, 42.661304473876953 ] } },
{ "type": "Feature", "properties": { "latitude": 42.599472045898438, "longitude": 23.499660491943359, "heatmap_weight": 1, "raw_occupancy": 0 }, "geometry": { "type": "Point", "coordinates": [ 23.499660491943359, 42.599472045898438 ] } },
{ "type": "Feature", "properties": { "latitude": 42.659706115722656, "longitude": 23.317403793334961, "heatmap_weight": 1, "raw_occupancy": 0 }, "geometry": { "type": "Point", "coordinates": [ 23.317403793334961, 42.659706115722656 ] } },
{ "type": "Feature", "properties": { "latitude": 42.653301239013672, "longitude": 23.347478866577148, "heatmap_weight": 4, "raw_occupancy": 1 }, "geometry": { "type": "Point", "coordinates": [ 23.347478866577148, 42.653301239013672 ] } },
{ "type": "Feature", "properties": { "latitude": 42.632663726806641, "longitude": 23.228532791137695, "heatmap_weight": 1, "raw_occupancy": 0 }, "geometry": { "type": "Point", "coordinates": [ 23.228532791137695, 42.632663726806641 ] } },
{ "type": "Feature", "properties": { "latitude": 42.665813446044922, "longitude": 23.40632438659668, "heatmap_weight": 1, "raw_occupancy": 0 }, "geometry": { "type": "Point", "coordinates": [ 23.40632438659668, 42.665813446044922 ] } },
{ "type": "Feature", "properties": { "latitude": 42.587429046630859, "longitude": 23.42022705078125, "heatmap_weight": 1, "raw_occupancy": 0 }, "geometry": { "type": "Point", "coordinates": [ 23.42022705078125, 42.587429046630859 ] } },
{ "type": "Feature", "properties": { "latitude": 42.636398315429688, "longitude": 23.399925231933594, "heatmap_weight": 9, "raw_occupancy": 2 }, "geometry": { "type": "Point", "coordinates": [ 23.399925231933594, 42.636398315429688 ] } },
{ "type": "Feature", "properties": { "latitude": 42.680683135986328, "longitude": 23.351285934448242, "heatmap_weight": 9, "raw_occupancy": 2 }, "geometry": { "type": "Point", "coordinates": [ 23.351285934448242, 42.680683135986328 ] } },
{ "type": "Feature", "properties": { "latitude": 42.707950592041016, "longitude": 23.318138122558594, "heatmap_weight": 4, "raw_occupancy": 1 }, "geometry": { "type": "Point", "coordinates": [ 23.318138122558594, 42.707950592041016 ] } },
{ "type": "Feature", "properties": { "latitude": 42.696514129638672, "longitude": 23.263284683227539, "heatmap_weight": 9, "raw_occupancy": 2 }, "geometry": { "type": "Point", "coordinates": [ 23.263284683227539, 42.696514129638672 ] } },
{ "type": "Feature", "properties": { "latitude": 42.699920654296875, "longitude": 23.323810577392578, "heatmap_weight": 4, "raw_occupancy": 1 }, "geometry": { "type": "Point", "coordinates": [ 23.323810577392578, 42.699920654296875 ] } },
{ "type": "Feature", "properties": { "latitude": 42.658191680908203, "longitude": 23.377902984619141, "heatmap_weight": 4, "raw_occupancy": 1 }, "geometry": { "type": "Point", "coordinates": [ 23.377902984619141, 42.658191680908203 ] } },
{ "type": "Feature", "properties": { "latitude": 42.723075866699219, "longitude": 23.544988632202148, "heatmap_weight": 9, "raw_occupancy": 2 }, "geometry": { "type": "Point", "coordinates": [ 23.544988632202148, 42.723075866699219 ] } },
{ "type": "Feature", "properties": { "latitude": 42.663825988769531, "longitude": 23.35871696472168, "heatmap_weight": 9, "raw_occupancy": 2 }, "geometry": { "type": "Point", "coordinates": [ 23.35871696472168, 42.663825988769531 ] } },
{ "type": "Feature", "properties": { "latitude": 42.661754608154297, "longitude": 23.295387268066406, "heatmap_weight": 1, "raw_occupancy": 0 }, "geometry": { "type": "Point", "coordinates": [ 23.295387268066406, 42.661754608154297 ] } },
{ "type": "Feature", "properties": { "latitude": 42.704368591308594, "longitude": 23.32975959777832, "heatmap_weight": 1, "raw_occupancy": 0 }, "geometry": { "type": "Point", "coordinates": [ 23.32975959777832, 42.704368591308594 ] } },
{ "type": "Feature", "properties": { "latitude": 42.688503265380859, "longitude": 23.315029144287109, "heatmap_weight": 4, "raw_occupancy": 1 }, "geometry": { "type": "Point", "coordinates": [ 23.315029144287109, 42.688503265380859 ] } },
{ "type": "Feature", "properties": { "latitude": 42.661930084228516, "longitude": 23.375205993652344, "heatmap_weight": 9, "raw_occupancy": 2 }, "geometry": { "type": "Point", "coordinates": [ 23.375205993652344, 42.661930084228516 ] } },
{ "type": "Feature", "properties": { "latitude": 42.631145477294922, "longitude": 23.373014450073242, "heatmap_weight": 1, "raw_occupancy": 0 }, "geometry": { "type": "Point", "coordinates": [ 23.373014450073242, 42.631145477294922 ] } },
{ "type": "Feature", "properties": { "latitude": 42.706813812255859, "longitude": 23.362138748168945, "heatmap_weight": 1, "raw_occupancy": 0 }, "geometry": { "type": "Point", "coordinates": [ 23.362138748168945, 42.706813812255859 ] } },
{ "type": "Feature", "properties": { "latitude": 42.730224609375, "longitude": 23.286943435668945, "heatmap_weight": 4, "raw_occupancy": 1 }, "geometry": { "type": "Point", "coordinates": [ 23.286943435668945, 42.730224609375 ] } },
{ "type": "Feature", "properties": { "latitude": 42.643013000488281, "longitude": 23.344999313354492, "heatmap_weight": 4, "raw_occupancy": 1 }, "geometry": { "type": "Point", "coordinates": [ 23.344999313354492, 42.643013000488281 ] } },
{ "type": "Feature", "properties": { "latitude": 42.726730346679688, "longitude": 23.252832412719727, "heatmap_weight": 4, "raw_occupancy": 1 }, "geometry": { "type": "Point", "coordinates": [ 23.252832412719727, 42.726730346679688 ] } },
{ "type": "Feature", "properties": { "latitude": 42.663990020751953, "longitude": 23.297136306762695, "heatmap_weight": 4, "raw_occupancy": 1 }, "geometry": { "type": "Point", "coordinates": [ 23.297136306762695, 42.663990020751953 ] } },
{ "type": "Feature", "properties": { "latitude": 42.705768585205078, "longitude": 23.311809539794922, "heatmap_weight": 9, "raw_occupancy": 2 }, "geometry": { "type": "Point", "coordinates": [ 23.311809539794922, 42.705768585205078 ] } },
{ "type": "Feature", "properties": { "latitude": 42.692924499511719, "longitude": 23.334314346313477, "heatmap_weight": 9, "raw_occupancy": 2 }, "geometry": { "type": "Point", "coordinates": [ 23.334314346313477, 42.692924499511719 ] } },
{ "type": "Feature", "properties": { "latitude": 42.715919494628906, "longitude": 23.277189254760742, "heatmap_weight": 9, "raw_occupancy": 2 }, "geometry": { "type": "Point", "coordinates": [ 23.277189254760742, 42.715919494628906 ] } },
{ "type": "Feature", "properties": { "latitude": 42.685989379882812, "longitude": 23.331281661987305, "heatmap_weight": 1, "raw_occupancy": 0 }, "geometry": { "type": "Point", "coordinates": [ 23.331281661987305, 42.685989379882812 ] } },
{ "type": "Feature", "properties": { "latitude": 42.676414489746094, "longitude": 23.370113372802734, "heatmap_weight": 1, "raw_occupancy": 0 }, "geometry": { "type": "Point", "coordinates": [ 23.370113372802734, 42.676414489746094 ] } },
{ "type": "Feature", "properties": { "latitude": 42.644443511962891, "longitude": 23.342025756835938, "heatmap_weight": 4, "raw_occupancy": 1 }, "geometry": { "type": "Point", "coordinates": [ 23.342025756835938, 42.644443511962891 ] } },
{ "type": "Feature", "properties": { "latitude": 42.713832855224609, "longitude": 23.306219100952148, "heatmap_weight": 1, "raw_occupancy": 0 }, "geometry": { "type": "Point", "coordinates": [ 23.306219100952148, 42.713832855224609 ] } },
{ "type": "Feature", "properties": { "latitude": 42.748123168945312, "longitude": 23.319377899169922, "heatmap_weight": 1, "raw_occupancy": 0 }, "geometry": { "type": "Point", "coordinates": [ 23.319377899169922, 42.748123168945312 ] } },
{ "type": "Feature", "properties": { "latitude": 42.712333679199219, "longitude": 23.314949035644531, "heatmap_weight": 9, "raw_occupancy": 2 }, "geometry": { "type": "Point", "coordinates": [ 23.314949035644531, 42.712333679199219 ] } },
{ "type": "Feature", "properties": { "latitude": 42.707221984863281, "longitude": 23.299552917480469, "heatmap_weight": 9, "raw_occupancy": 2 }, "geometry": { "type": "Point", "coordinates": [ 23.299552917480469, 42.707221984863281 ] } },
{ "type": "Feature", "properties": { "latitude": 42.704898834228516, "longitude": 23.317556381225586, "heatmap_weight": 4, "raw_occupancy": 1 }, "geometry": { "type": "Point", "coordinates": [ 23.317556381225586, 42.704898834228516 ] } },
{ "type": "Feature", "properties": { "latitude": 42.668785095214844, "longitude": 23.425237655639648, "heatmap_weight": 4, "raw_occupancy": 1 }, "geometry": { "type": "Point", "coordinates": [ 23.425237655639648, 42.668785095214844 ] } },
{ "type": "Feature", "properties": { "latitude": 42.662502288818359, "longitude": 23.376733779907227, "heatmap_weight": 9, "raw_occupancy": 2 }, "geometry": { "type": "Point", "coordinates": [ 23.376733779907227, 42.662502288818359 ] } },
{ "type": "Feature", "properties": { "latitude": 42.671527862548828, "longitude": 23.283493041992188, "heatmap_weight": 4, "raw_occupancy": 1 }, "geometry": { "type": "Point", "coordinates": [ 23.283493041992188, 42.671527862548828 ] } },
{ "type": "Feature", "properties": { "latitude": 42.683170318603516, "longitude": 23.293022155761719, "heatmap_weight": 1, "raw_occupancy": 0 }, "geometry": { "type": "Point", "coordinates": [ 23.293022155761719, 42.683170318603516 ] } },
{ "type": "Feature", "properties": { "latitude": 42.699649810791016, "longitude": 23.297119140625, "heatmap_weight": 9, "raw_occupancy": 2 }, "geometry": { "type": "Point", "coordinates": [ 23.297119140625, 42.699649810791016 ] } },
{ "type": "Feature", "properties": { "latitude": 42.757080078125, "longitude": 23.208250045776367, "heatmap_weight": 4, "raw_occupancy": 1 }, "geometry": { "type": "Point", "coordinates": [ 23.208250045776367, 42.757080078125 ] } },
{ "type": "Feature", "properties": { "latitude": 42.711288452148438, "longitude": 23.246574401855469, "heatmap_weight": 4, "raw_occupancy": 1 }, "geometry": { "type": "Point", "coordinates": [ 23.246574401855469, 42.711288452148438 ] } },
{ "type": "Feature", "properties": { "latitude": 42.721183776855469, "longitude": 23.239767074584961, "heatmap_weight": 1, "raw_occupancy": 0 }, "geometry": { "type": "Point", "coordinates": [ 23.239767074584961, 42.721183776855469 ] } },
{ "type": "Feature", "properties": { "latitude": 42.701644897460938, "longitude": 23.297672271728516, "heatmap_weight": 9, "raw_occupancy": 2 }, "geometry": { "type": "Point", "coordinates": [ 23.297672271728516, 42.701644897460938 ] } },
{ "type": "Feature", "properties": { "latitude": 42.743278503417969, "longitude": 23.283966064453125, "heatmap_weight": 4, "raw_occupancy": 1 }, "geometry": { "type": "Point", "coordinates": [ 23.283966064453125, 42.743278503417969 ] } },
{ "type": "Feature", "properties": { "latitude": 42.713783264160156, "longitude": 23.305934906005859, "heatmap_weight": 1, "raw_occupancy": 0 }, "geometry": { "type": "Point", "coordinates": [ 23.305934906005859, 42.713783264160156 ] } },
{ "type": "Feature", "properties": { "latitude": 42.656936645507812, "longitude": 23.316146850585938, "heatmap_weight": 1, "raw_occupancy": 0 }, "geometry": { "type": "Point", "coordinates": [ 23.316146850585938, 42.656936645507812 ] } },
{ "type": "Feature", "properties": { "latitude": 42.682327270507812, "longitude": 23.32090950012207, "heatmap_weight": 4, "raw_occupancy": 1 }, "geometry": { "type": "Point", "coordinates": [ 23.32090950012207, 42.682327270507812 ] } },
{ "type": "Feature", "properties": { "latitude": 42.681560516357422, "longitude": 23.301662445068359, "heatmap_weight": 16, "raw_occupancy": 3 }, "geometry": { "type": "Point", "coordinates": [ 23.301662445068359, 42.681560516357422 ] } },
{ "type": "Feature", "properties": { "latitude": 42.661746978759766, "longitude": 23.273696899414062, "heatmap_weight": 9, "raw_occupancy": 2 }, "geometry": { "type": "Point", "coordinates": [ 23.273696899414062, 42.661746978759766 ] } },
{ "type": "Feature", "properties": { "latitude": 42.686325073242188, "longitude": 23.329910278320312, "heatmap_weight": 4, "raw_occupancy": 1 }, "geometry": { "type": "Point", "coordinates": [ 23.329910278320312, 42.686325073242188 ] } },
{ "type": "Feature", "properties": { "latitude": 42.711029052734375, "longitude": 23.309579849243164, "heatmap_weight": 4, "raw_occupancy": 1 }, "geometry": { "type": "Point", "coordinates": [ 23.309579849243164, 42.711029052734375 ] } },
{ "type": "Feature", "properties": { "latitude": 42.683864593505859, "longitude": 23.241884231567383, "heatmap_weight": 4, "raw_occupancy": 1 }, "geometry": { "type": "Point", "coordinates": [ 23.241884231567383, 42.683864593505859 ] } },
{ "type": "Feature", "properties": { "latitude": 42.700527191162109, "longitude": 23.296947479248047, "heatmap_weight": 9, "raw_occupancy": 2 }, "geometry": { "type": "Point", "coordinates": [ 23.296947479248047, 42.700527191162109 ] } },
{ "type": "Feature", "properties": { "latitude": 42.638092041015625, "longitude": 23.413040161132812, "heatmap_weight": 4, "raw_occupancy": 1 }, "geometry": { "type": "Point", "coordinates": [ 23.413040161132812, 42.638092041015625 ] } },
{ "type": "Feature", "properties": { "latitude": 42.708992004394531, "longitude": 23.184076309204102, "heatmap_weight": 4, "raw_occupancy": 1 }, "geometry": { "type": "Point", "coordinates": [ 23.184076309204102, 42.708992004394531 ] } },
{ "type": "Feature", "properties": { "latitude": 42.65460205078125, "longitude": 23.369407653808594, "heatmap_weight": 1, "raw_occupancy": 0 }, "geometry": { "type": "Point", "coordinates": [ 23.369407653808594, 42.65460205078125 ] } },
{ "type": "Feature", "properties": { "latitude": 42.677574157714844, "longitude": 23.335126876831055, "heatmap_weight": 4, "raw_occupancy": 1 }, "geometry": { "type": "Point", "coordinates": [ 23.335126876831055, 42.677574157714844 ] } },
{ "type": "Feature", "properties": { "latitude": 42.683658599853516, "longitude": 23.323802947998047, "heatmap_weight": 9, "raw_occupancy": 2 }, "geometry": { "type": "Point", "coordinates": [ 23.323802947998047, 42.683658599853516 ] } },
{ "type": "Feature", "properties": { "latitude": 42.702274322509766, "longitude": 23.28608512878418, "heatmap_weight": 1, "raw_occupancy": 0 }, "geometry": { "type": "Point", "coordinates": [ 23.28608512878418, 42.702274322509766 ] } },
{ "type": "Feature", "properties": { "latitude": 42.738002777099609, "longitude": 23.317436218261719, "heatmap_weight": 16, "raw_occupancy": 3 }, "geometry": { "type": "Point", "coordinates": [ 23.317436218261719, 42.738002777099609 ] } },
{ "type": "Feature", "properties": { "latitude": 42.657989501953125, "longitude": 23.328067779541016, "heatmap_weight": 1, "raw_occupancy": 0 }, "geometry": { "type": "Point", "coordinates": [ 23.328067779541016, 42.657989501953125 ] } },
{ "type": "Feature", "properties": { "latitude": 42.665424346923828, "longitude": 23.355184555053711, "heatmap_weight": 4, "raw_occupancy": 1 }, "geometry": { "type": "Point", "coordinates": [ 23.355184555053711, 42.665424346923828 ] } },
{ "type": "Feature", "properties": { "latitude": 42.657489776611328, "longitude": 23.374156951904297, "heatmap_weight": 4, "raw_occupancy": 1 }, "geometry": { "type": "Point", "coordinates": [ 23.374156951904297, 42.657489776611328 ] } },
{ "type": "Feature", "properties": { "latitude": 42.696159362792969, "longitude": 23.347246170043945, "heatmap_weight": 16, "raw_occupancy": 3 }, "geometry": { "type": "Point", "coordinates": [ 23.347246170043945, 42.696159362792969 ] } },
{ "type": "Feature", "properties": { "latitude": 42.666133880615234, "longitude": 23.299959182739258, "heatmap_weight": 9, "raw_occupancy": 2 }, "geometry": { "type": "Point", "coordinates": [ 23.299959182739258, 42.666133880615234 ] } },
{ "type": "Feature", "properties": { "latitude": 42.700222015380859, "longitude": 23.315820693969727, "heatmap_weight": 9, "raw_occupancy": 2 }, "geometry": { "type": "Point", "coordinates": [ 23.315820693969727, 42.700222015380859 ] } },
{ "type": "Feature", "properties": { "latitude": 42.666534423828125, "longitude": 23.284395217895508, "heatmap_weight": 16, "raw_occupancy": 3 }, "geometry": { "type": "Point", "coordinates": [ 23.284395217895508, 42.666534423828125 ] } },
{ "type": "Feature", "properties": { "latitude": 42.688289642333984, "longitude": 23.327423095703125, "heatmap_weight": 4, "raw_occupancy": 1 }, "geometry": { "type": "Point", "coordinates": [ 23.327423095703125, 42.688289642333984 ] } },
{ "type": "Feature", "properties": { "latitude": 42.697288513183594, "longitude": 23.32136344909668, "heatmap_weight": 4, "raw_occupancy": 1 }, "geometry": { "type": "Point", "coordinates": [ 23.32136344909668, 42.697288513183594 ] } },
{ "type": "Feature", "properties": { "latitude": 42.677890777587891, "longitude": 23.302762985229492, "heatmap_weight": 4, "raw_occupancy": 1 }, "geometry": { "type": "Point", "coordinates": [ 23.302762985229492, 42.677890777587891 ] } },
{ "type": "Feature", "properties": { "latitude": 42.722637176513672, "longitude": 23.26966667175293, "heatmap_weight": 9, "raw_occupancy": 2 }, "geometry": { "type": "Point", "coordinates": [ 23.26966667175293, 42.722637176513672 ] } },
{ "type": "Feature", "properties": { "latitude": 42.707851409912109, "longitude": 23.332487106323242, "heatmap_weight": 4, "raw_occupancy": 1 }, "geometry": { "type": "Point", "coordinates": [ 23.332487106323242, 42.707851409912109 ] } },
{ "type": "Feature", "properties": { "latitude": 42.640560150146484, "longitude": 23.412425994873047, "heatmap_weight": 4, "raw_occupancy": 1 }, "geometry": { "type": "Point", "coordinates": [ 23.412425994873047, 42.640560150146484 ] } },
{ "type": "Feature", "properties": { "latitude": 42.596672058105469, "longitude": 23.409383773803711, "heatmap_weight": 4, "raw_occupancy": 1 }, "geometry": { "type": "Point", "coordinates": [ 23.409383773803711, 42.596672058105469 ] } },
{ "type": "Feature", "properties": { "latitude": 42.714897155761719, "longitude": 23.311868667602539, "heatmap_weight": 4, "raw_occupancy": 1 }, "geometry": { "type": "Point", "coordinates": [ 23.311868667602539, 42.714897155761719 ] } },
{ "type": "Feature", "properties": { "latitude": 42.650108337402344, "longitude": 23.405298233032227, "heatmap_weight": 4, "raw_occupancy": 1 }, "geometry": { "type": "Point", "coordinates": [ 23.405298233032227, 42.650108337402344 ] } },
{ "type": "Feature", "properties": { "latitude": 42.736717224121094, "longitude": 23.317602157592773, "heatmap_weight": 4, "raw_occupancy": 1 }, "geometry": { "type": "Point", "coordinates": [ 23.317602157592773, 42.736717224121094 ] } },
{ "type": "Feature", "properties": { "latitude": 42.700267791748047, "longitude": 23.297273635864258, "heatmap_weight": 4, "raw_occupancy": 1 }, "geometry": { "type": "Point", "coordinates": [ 23.297273635864258, 42.700267791748047 ] } },
{ "type": "Feature", "properties": { "latitude": 42.731616973876953, "longitude": 23.286016464233398, "heatmap_weight": 4, "raw_occupancy": 1 }, "geometry": { "type": "Point", "coordinates": [ 23.286016464233398, 42.731616973876953 ] } },
{ "type": "Feature", "properties": { "latitude": 42.687080383300781, "longitude": 23.332595825195312, "heatmap_weight": 4, "raw_occupancy": 1 }, "geometry": { "type": "Point", "coordinates": [ 23.332595825195312, 42.687080383300781 ] } },
{ "type": "Feature", "properties": { "latitude": 42.565315246582031, "longitude": 23.363201141357422, "heatmap_weight": 9, "raw_occupancy": 2 }, "geometry": { "type": "Point", "coordinates": [ 23.363201141357422, 42.565315246582031 ] } },
{ "type": "Feature", "properties": { "latitude": 42.704902648925781, "longitude": 23.327192306518555, "heatmap_weight": 4, "raw_occupancy": 1 }, "geometry": { "type": "Point", "coordinates": [ 23.327192306518555, 42.704902648925781 ] } },
{ "type": "Feature", "properties": { "latitude": 42.649894714355469, "longitude": 23.362926483154297, "heatmap_weight": 9, "raw_occupancy": 2 }, "geometry": { "type": "Point", "coordinates": [ 23.362926483154297, 42.649894714355469 ] } },
{ "type": "Feature", "properties": { "latitude": 42.672298431396484, "longitude": 23.371990203857422, "heatmap_weight": 1, "raw_occupancy": 0 }, "geometry": { "type": "Point", "coordinates": [ 23.371990203857422, 42.672298431396484 ] } },
{ "type": "Feature", "properties": { "latitude": 42.682113647460938, "longitude": 23.462656021118164, "heatmap_weight": 1, "raw_occupancy": 0 }, "geometry": { "type": "Point", "coordinates": [ 23.462656021118164, 42.682113647460938 ] } },
{ "type": "Feature", "properties": { "latitude": 42.669284820556641, "longitude": 23.254764556884766, "heatmap_weight": 4, "raw_occupancy": 1 }, "geometry": { "type": "Point", "coordinates": [ 23.254764556884766, 42.669284820556641 ] } },
{ "type": "Feature", "properties": { "latitude": 42.687801361083984, "longitude": 23.329492568969727, "heatmap_weight": 1, "raw_occupancy": 0 }, "geometry": { "type": "Point", "coordinates": [ 23.329492568969727, 42.687801361083984 ] } },
{ "type": "Feature", "properties": { "latitude": 42.694580078125, "longitude": 23.295114517211914, "heatmap_weight": 4, "raw_occupancy": 1 }, "geometry": { "type": "Point", "coordinates": [ 23.295114517211914, 42.694580078125 ] } },
{ "type": "Feature", "properties": { "latitude": 42.692790985107422, "longitude": 23.295135498046875, "heatmap_weight": 16, "raw_occupancy": 3 }, "geometry": { "type": "Point", "coordinates": [ 23.295135498046875, 42.692790985107422 ] } },
{ "type": "Feature", "properties": { "latitude": 42.706268310546875, "longitude": 23.350849151611328, "heatmap_weight": 4, "raw_occupancy": 1 }, "geometry": { "type": "Point", "coordinates": [ 23.350849151611328, 42.706268310546875 ] } },
{ "type": "Feature", "properties": { "latitude": 42.693645477294922, "longitude": 23.33448600769043, "heatmap_weight": 4, "raw_occupancy": 1 }, "geometry": { "type": "Point", "coordinates": [ 23.33448600769043, 42.693645477294922 ] } },
{ "type": "Feature", "properties": { "latitude": 42.688022613525391, "longitude": 23.329139709472656, "heatmap_weight": 9, "raw_occupancy": 2 }, "geometry": { "type": "Point", "coordinates": [ 23.329139709472656, 42.688022613525391 ] } },
{ "type": "Feature", "properties": { "latitude": 42.654411315917969, "longitude": 23.368759155273438, "heatmap_weight": 1, "raw_occupancy": 0 }, "geometry": { "type": "Point", "coordinates": [ 23.368759155273438, 42.654411315917969 ] } },
{ "type": "Feature", "properties": { "latitude": 42.656597137451172, "longitude": 23.322698593139648, "heatmap_weight": 4, "raw_occupancy": 1 }, "geometry": { "type": "Point", "coordinates": [ 23.322698593139648, 42.656597137451172 ] } },
{ "type": "Feature", "properties": { "latitude": 42.734165191650391, "longitude": 23.309600830078125, "heatmap_weight": 4, "raw_occupancy": 1 }, "geometry": { "type": "Point", "coordinates": [ 23.309600830078125, 42.734165191650391 ] } },
{ "type": "Feature", "properties": { "latitude": 42.691547393798828, "longitude": 23.311267852783203, "heatmap_weight": 4, "raw_occupancy": 1 }, "geometry": { "type": "Point", "coordinates": [ 23.311267852783203, 42.691547393798828 ] } },
{ "type": "Feature", "properties": { "latitude": 42.644100189208984, "longitude": 23.379117965698242, "heatmap_weight": 4, "raw_occupancy": 1 }, "geometry": { "type": "Point", "coordinates": [ 23.379117965698242, 42.644100189208984 ] } },
{ "type": "Feature", "properties": { "latitude": 42.658512115478516, "longitude": 23.396722793579102, "heatmap_weight": 4, "raw_occupancy": 1 }, "geometry": { "type": "Point", "coordinates": [ 23.396722793579102, 42.658512115478516 ] } },
{ "type": "Feature", "properties": { "latitude": 42.684738159179688, "longitude": 23.330596923828125, "heatmap_weight": 4, "raw_occupancy": 1 }, "geometry": { "type": "Point", "coordinates": [ 23.330596923828125, 42.684738159179688 ] } },
{ "type": "Feature", "properties": { "latitude": 42.673931121826172, "longitude": 23.252384185791016, "heatmap_weight": 4, "raw_occupancy": 1 }, "geometry": { "type": "Point", "coordinates": [ 23.252384185791016, 42.673931121826172 ] } },
{ "type": "Feature", "properties": { "latitude": 42.696990966796875, "longitude": 23.296308517456055, "heatmap_weight": 4, "raw_occupancy": 1 }, "geometry": { "type": "Point", "coordinates": [ 23.296308517456055, 42.696990966796875 ] } },
{ "type": "Feature", "properties": { "latitude": 42.649723052978516, "longitude": 23.367652893066406, "heatmap_weight": 9, "raw_occupancy": 2 }, "geometry": { "type": "Point", "coordinates": [ 23.367652893066406, 42.649723052978516 ] } },
{ "type": "Feature", "properties": { "latitude": 42.736305236816406, "longitude": 23.294496536254883, "heatmap_weight": 1, "raw_occupancy": 0 }, "geometry": { "type": "Point", "coordinates": [ 23.294496536254883, 42.736305236816406 ] } },
{ "type": "Feature", "properties": { "latitude": 42.704105377197266, "longitude": 23.356359481811523, "heatmap_weight": 4, "raw_occupancy": 1 }, "geometry": { "type": "Point", "coordinates": [ 23.356359481811523, 42.704105377197266 ] } },
{ "type": "Feature", "properties": { "latitude": 42.684551239013672, "longitude": 23.301403045654297, "heatmap_weight": 4, "raw_occupancy": 1 }, "geometry": { "type": "Point", "coordinates": [ 23.301403045654297, 42.684551239013672 ] } },
{ "type": "Feature", "properties": { "latitude": 42.655811309814453, "longitude": 23.398488998413086, "heatmap_weight": 4, "raw_occupancy": 1 }, "geometry": { "type": "Point", "coordinates": [ 23.398488998413086, 42.655811309814453 ] } },
{ "type": "Feature", "properties": { "latitude": 42.714229583740234, "longitude": 23.307437896728516, "heatmap_weight": 4, "raw_occupancy": 1 }, "geometry": { "type": "Point", "coordinates": [ 23.307437896728516, 42.714229583740234 ] } },
{ "type": "Feature", "properties": { "latitude": 42.716522216796875, "longitude": 23.280717849731445, "heatmap_weight": 4, "raw_occupancy": 1 }, "geometry": { "type": "Point", "coordinates": [ 23.280717849731445, 42.716522216796875 ] } },
{ "type": "Feature", "properties": { "latitude": 42.642242431640625, "longitude": 23.334665298461914, "heatmap_weight": 1, "raw_occupancy": 0 }, "geometry": { "type": "Point", "coordinates": [ 23.334665298461914, 42.642242431640625 ] } },
{ "type": "Feature", "properties": { "latitude": 42.694484710693359, "longitude": 23.334672927856445, "heatmap_weight": 4, "raw_occupancy": 1 }, "geometry": { "type": "Point", "coordinates": [ 23.334672927856445, 42.694484710693359 ] } },
{ "type": "Feature", "properties": { "latitude": 42.676189422607422, "longitude": 23.333341598510742, "heatmap_weight": 4, "raw_occupancy": 1 }, "geometry": { "type": "Point", "coordinates": [ 23.333341598510742, 42.676189422607422 ] } },
{ "type": "Feature", "properties": { "latitude": 42.659934997558594, "longitude": 23.317825317382812, "heatmap_weight": 9, "raw_occupancy": 2 }, "geometry": { "type": "Point", "coordinates": [ 23.317825317382812, 42.659934997558594 ] } },
{ "type": "Feature", "properties": { "latitude": 42.698513031005859, "longitude": 23.333189010620117, "heatmap_weight": 4, "raw_occupancy": 1 }, "geometry": { "type": "Point", "coordinates": [ 23.333189010620117, 42.698513031005859 ] } },
{ "type": "Feature", "properties": { "latitude": 42.679763793945312, "longitude": 23.303747177124023, "heatmap_weight": 4, "raw_occupancy": 1 }, "geometry": { "type": "Point", "coordinates": [ 23.303747177124023, 42.679763793945312 ] } },
{ "type": "Feature", "properties": { "latitude": 42.653964996337891, "longitude": 23.283580780029297, "heatmap_weight": 9, "raw_occupancy": 2 }, "geometry": { "type": "Point", "coordinates": [ 23.283580780029297, 42.653964996337891 ] } },
{ "type": "Feature", "properties": { "latitude": 42.693935394287109, "longitude": 23.348453521728516, "heatmap_weight": 16, "raw_occupancy": 3 }, "geometry": { "type": "Point", "coordinates": [ 23.348453521728516, 42.693935394287109 ] } },
{ "type": "Feature", "properties": { "latitude": 42.747932434082031, "longitude": 23.399490356445312, "heatmap_weight": 9, "raw_occupancy": 2 }, "geometry": { "type": "Point", "coordinates": [ 23.399490356445312, 42.747932434082031 ] } },
{ "type": "Feature", "properties": { "latitude": 42.702152252197266, "longitude": 23.358633041381836, "heatmap_weight": 4, "raw_occupancy": 1 }, "geometry": { "type": "Point", "coordinates": [ 23.358633041381836, 42.702152252197266 ] } },
{ "type": "Feature", "properties": { "latitude": 42.687747955322266, "longitude": 23.328517913818359, "heatmap_weight": 4, "raw_occupancy": 1 }, "geometry": { "type": "Point", "coordinates": [ 23.328517913818359, 42.687747955322266 ] } },
{ "type": "Feature", "properties": { "latitude": 42.662586212158203, "longitude": 23.31712532043457, "heatmap_weight": 4, "raw_occupancy": 1 }, "geometry": { "type": "Point", "coordinates": [ 23.31712532043457, 42.662586212158203 ] } },
{ "type": "Feature", "properties": { "latitude": 42.700641632080078, "longitude": 23.296575546264648, "heatmap_weight": 4, "raw_occupancy": 1 }, "geometry": { "type": "Point", "coordinates": [ 23.296575546264648, 42.700641632080078 ] } },
{ "type": "Feature", "properties": { "latitude": 42.705417633056641, "longitude": 23.32347297668457, "heatmap_weight": 1, "raw_occupancy": 0 }, "geometry": { "type": "Point", "coordinates": [ 23.32347297668457, 42.705417633056641 ] } },
{ "type": "Feature", "properties": { "latitude": 42.714111328125, "longitude": 23.308334350585938, "heatmap_weight": 4, "raw_occupancy": 1 }, "geometry": { "type": "Point", "coordinates": [ 23.308334350585938, 42.714111328125 ] } },
{ "type": "Feature", "properties": { "latitude": 42.647636413574219, "longitude": 23.411367416381836, "heatmap_weight": 4, "raw_occupancy": 1 }, "geometry": { "type": "Point", "coordinates": [ 23.411367416381836, 42.647636413574219 ] } },
{ "type": "Feature", "properties": { "latitude": 42.701309204101562, "longitude": 23.340787887573242, "heatmap_weight": 4, "raw_occupancy": 1 }, "geometry": { "type": "Point", "coordinates": [ 23.340787887573242, 42.701309204101562 ] } },
{ "type": "Feature", "properties": { "latitude": 42.685726165771484, "longitude": 23.235612869262695, "heatmap_weight": 1, "raw_occupancy": 0 }, "geometry": { "type": "Point", "coordinates": [ 23.235612869262695, 42.685726165771484 ] } },
{ "type": "Feature", "properties": { "latitude": 42.702903747558594, "longitude": 23.310876846313477, "heatmap_weight": 4, "raw_occupancy": 1 }, "geometry": { "type": "Point", "coordinates": [ 23.310876846313477, 42.702903747558594 ] } },
{ "type": "Feature", "properties": { "latitude": 42.650657653808594, "longitude": 23.342121124267578, "heatmap_weight": 9, "raw_occupancy": 2 }, "geometry": { "type": "Point", "coordinates": [ 23.342121124267578, 42.650657653808594 ] } },
{ "type": "Feature", "properties": { "latitude": 42.724704742431641, "longitude": 23.265581130981445, "heatmap_weight": 4, "raw_occupancy": 1 }, "geometry": { "type": "Point", "coordinates": [ 23.265581130981445, 42.724704742431641 ] } },
{ "type": "Feature", "properties": { "latitude": 42.676929473876953, "longitude": 23.267776489257812, "heatmap_weight": 9, "raw_occupancy": 2 }, "geometry": { "type": "Point", "coordinates": [ 23.267776489257812, 42.676929473876953 ] } },
{ "type": "Feature", "properties": { "latitude": 42.712482452392578, "longitude": 23.411937713623047, "heatmap_weight": 1, "raw_occupancy": 0 }, "geometry": { "type": "Point", "coordinates": [ 23.411937713623047, 42.712482452392578 ] } },
{ "type": "Feature", "properties": { "latitude": 42.677207946777344, "longitude": 23.281713485717773, "heatmap_weight": 4, "raw_occupancy": 1 }, "geometry": { "type": "Point", "coordinates": [ 23.281713485717773, 42.677207946777344 ] } },
{ "type": "Feature", "properties": { "latitude": 42.708446502685547, "longitude": 23.318111419677734, "heatmap_weight": 1, "raw_occupancy": 0 }, "geometry": { "type": "Point", "coordinates": [ 23.318111419677734, 42.708446502685547 ] } },
{ "type": "Feature", "properties": { "latitude": 42.699710845947266, "longitude": 23.34459114074707, "heatmap_weight": 4, "raw_occupancy": 1 }, "geometry": { "type": "Point", "coordinates": [ 23.34459114074707, 42.699710845947266 ] } },
{ "type": "Feature", "properties": { "latitude": 42.714672088623047, "longitude": 23.262502670288086, "heatmap_weight": 4, "raw_occupancy": 1 }, "geometry": { "type": "Point", "coordinates": [ 23.262502670288086, 42.714672088623047 ] } },
{ "type": "Feature", "properties": { "latitude": 42.727275848388672, "longitude": 23.312267303466797, "heatmap_weight": 4, "raw_occupancy": 1 }, "geometry": { "type": "Point", "coordinates": [ 23.312267303466797, 42.727275848388672 ] } },
{ "type": "Feature", "properties": { "latitude": 42.683555603027344, "longitude": 23.323520660400391, "heatmap_weight": 16, "raw_occupancy": 3 }, "geometry": { "type": "Point", "coordinates": [ 23.323520660400391, 42.683555603027344 ] } },
{ "type": "Feature", "properties": { "latitude": 42.689994812011719, "longitude": 23.230342864990234, "heatmap_weight": 4, "raw_occupancy": 1 }, "geometry": { "type": "Point", "coordinates": [ 23.230342864990234, 42.689994812011719 ] } },
{ "type": "Feature", "properties": { "latitude": 42.691055297851562, "longitude": 23.324256896972656, "heatmap_weight": 4, "raw_occupancy": 1 }, "geometry": { "type": "Point", "coordinates": [ 23.324256896972656, 42.691055297851562 ] } },
{ "type": "Feature", "properties": { "latitude": 42.671455383300781, "longitude": 23.283163070678711, "heatmap_weight": 4, "raw_occupancy": 1 }, "geometry": { "type": "Point", "coordinates": [ 23.283163070678711, 42.671455383300781 ] } },
{ "type": "Feature", "properties": { "latitude": 42.708805084228516, "longitude": 23.313180923461914, "heatmap_weight": 4, "raw_occupancy": 1 }, "geometry": { "type": "Point", "coordinates": [ 23.313180923461914, 42.708805084228516 ] } },
{ "type": "Feature", "properties": { "latitude": 42.659503936767578, "longitude": 23.299860000610352, "heatmap_weight": 4, "raw_occupancy": 1 }, "geometry": { "type": "Point", "coordinates": [ 23.299860000610352, 42.659503936767578 ] } },
{ "type": "Feature", "properties": { "latitude": 42.727508544921875, "longitude": 23.260719299316406, "heatmap_weight": 4, "raw_occupancy": 1 }, "geometry": { "type": "Point", "coordinates": [ 23.260719299316406, 42.727508544921875 ] } },
{ "type": "Feature", "properties": { "latitude": 42.694374084472656, "longitude": 23.314519882202148, "heatmap_weight": 4, "raw_occupancy": 1 }, "geometry": { "type": "Point", "coordinates": [ 23.314519882202148, 42.694374084472656 ] } },
{ "type": "Feature", "properties": { "latitude": 42.707450866699219, "longitude": 23.328264236450195, "heatmap_weight": 4, "raw_occupancy": 1 }, "geometry": { "type": "Point", "coordinates": [ 23.328264236450195, 42.707450866699219 ] } },
{ "type": "Feature", "properties": { "latitude": 42.641475677490234, "longitude": 23.372329711914062, "heatmap_weight": 9, "raw_occupancy": 2 }, "geometry": { "type": "Point", "coordinates": [ 23.372329711914062, 42.641475677490234 ] } },
{ "type": "Feature", "properties": { "latitude": 42.686241149902344, "longitude": 23.329536437988281, "heatmap_weight": 9, "raw_occupancy": 2 }, "geometry": { "type": "Point", "coordinates": [ 23.329536437988281, 42.686241149902344 ] } },
{ "type": "Feature", "properties": { "latitude": 42.693050384521484, "longitude": 23.281696319580078, "heatmap_weight": 4, "raw_occupancy": 1 }, "geometry": { "type": "Point", "coordinates": [ 23.281696319580078, 42.693050384521484 ] } },
{ "type": "Feature", "properties": { "latitude": 42.683174133300781, "longitude": 23.293087005615234, "heatmap_weight": 4, "raw_occupancy": 1 }, "geometry": { "type": "Point", "coordinates": [ 23.293087005615234, 42.683174133300781 ] } },
{ "type": "Feature", "properties": { "latitude": 42.685226440429688, "longitude": 23.274105072021484, "heatmap_weight": 4, "raw_occupancy": 1 }, "geometry": { "type": "Point", "coordinates": [ 23.274105072021484, 42.685226440429688 ] } },
{ "type": "Feature", "properties": { "latitude": 42.648544311523438, "longitude": 23.395519256591797, "heatmap_weight": 9, "raw_occupancy": 2 }, "geometry": { "type": "Point", "coordinates": [ 23.395519256591797, 42.648544311523438 ] } },
{ "type": "Feature", "properties": { "latitude": 42.701736450195312, "longitude": 23.297712326049805, "heatmap_weight": 9, "raw_occupancy": 2 }, "geometry": { "type": "Point", "coordinates": [ 23.297712326049805, 42.701736450195312 ] } },
{ "type": "Feature", "properties": { "latitude": 42.695316314697266, "longitude": 23.329473495483398, "heatmap_weight": 4, "raw_occupancy": 1 }, "geometry": { "type": "Point", "coordinates": [ 23.329473495483398, 42.695316314697266 ] } },
{ "type": "Feature", "properties": { "latitude": 42.664207458496094, "longitude": 23.461803436279297, "heatmap_weight": 4, "raw_occupancy": 1 }, "geometry": { "type": "Point", "coordinates": [ 23.461803436279297, 42.664207458496094 ] } },
{ "type": "Feature", "properties": { "latitude": 42.580665588378906, "longitude": 23.419435501098633, "heatmap_weight": 1, "raw_occupancy": 0 }, "geometry": { "type": "Point", "coordinates": [ 23.419435501098633, 42.580665588378906 ] } },
{ "type": "Feature", "properties": { "latitude": 42.709175109863281, "longitude": 23.256753921508789, "heatmap_weight": 4, "raw_occupancy": 1 }, "geometry": { "type": "Point", "coordinates": [ 23.256753921508789, 42.709175109863281 ] } },
{ "type": "Feature", "properties": { "latitude": 42.709785461425781, "longitude": 23.384366989135742, "heatmap_weight": 4, "raw_occupancy": 1 }, "geometry": { "type": "Point", "coordinates": [ 23.384366989135742, 42.709785461425781 ] } },
{ "type": "Feature", "properties": { "latitude": 42.712013244628906, "longitude": 23.318397521972656, "heatmap_weight": 1, "raw_occupancy": 0 }, "geometry": { "type": "Point", "coordinates": [ 23.318397521972656, 42.712013244628906 ] } },
{ "type": "Feature", "properties": { "latitude": 42.705490112304688, "longitude": 23.317556381225586, "heatmap_weight": 9, "raw_occupancy": 2 }, "geometry": { "type": "Point", "coordinates": [ 23.317556381225586, 42.705490112304688 ] } },
{ "type": "Feature", "properties": { "latitude": 42.707527160644531, "longitude": 23.361177444458008, "heatmap_weight": 1, "raw_occupancy": 0 }, "geometry": { "type": "Point", "coordinates": [ 23.361177444458008, 42.707527160644531 ] } },
{ "type": "Feature", "properties": { "latitude": 42.696750640869141, "longitude": 23.278852462768555, "heatmap_weight": 9, "raw_occupancy": 2 }, "geometry": { "type": "Point", "coordinates": [ 23.278852462768555, 42.696750640869141 ] } },
{ "type": "Feature", "properties": { "latitude": 42.672805786132812, "longitude": 23.285223007202148, "heatmap_weight": 16, "raw_occupancy": 3 }, "geometry": { "type": "Point", "coordinates": [ 23.285223007202148, 42.672805786132812 ] } },
{ "type": "Feature", "properties": { "latitude": 42.709438323974609, "longitude": 23.258535385131836, "heatmap_weight": 9, "raw_occupancy": 2 }, "geometry": { "type": "Point", "coordinates": [ 23.258535385131836, 42.709438323974609 ] } },
{ "type": "Feature", "properties": { "latitude": 42.656406402587891, "longitude": 23.385295867919922, "heatmap_weight": 16, "raw_occupancy": 3 }, "geometry": { "type": "Point", "coordinates": [ 23.385295867919922, 42.656406402587891 ] } },
{ "type": "Feature", "properties": { "latitude": 42.708209991455078, "longitude": 23.413503646850586, "heatmap_weight": 4, "raw_occupancy": 1 }, "geometry": { "type": "Point", "coordinates": [ 23.413503646850586, 42.708209991455078 ] } },
{ "type": "Feature", "properties": { "latitude": 42.704536437988281, "longitude": 23.325065612792969, "heatmap_weight": 4, "raw_occupancy": 1 }, "geometry": { "type": "Point", "coordinates": [ 23.325065612792969, 42.704536437988281 ] } },
{ "type": "Feature", "properties": { "latitude": 42.727684020996094, "longitude": 23.290550231933594, "heatmap_weight": 9, "raw_occupancy": 2 }, "geometry": { "type": "Point", "coordinates": [ 23.290550231933594, 42.727684020996094 ] } },
{ "type": "Feature", "properties": { "latitude": 42.698646545410156, "longitude": 23.308673858642578, "heatmap_weight": 4, "raw_occupancy": 1 }, "geometry": { "type": "Point", "coordinates": [ 23.308673858642578, 42.698646545410156 ] } },
{ "type": "Feature", "properties": { "latitude": 42.65576171875, "longitude": 23.34943962097168, "heatmap_weight": 16, "raw_occupancy": 3 }, "geometry": { "type": "Point", "coordinates": [ 23.34943962097168, 42.65576171875 ] } },
{ "type": "Feature", "properties": { "latitude": 42.732166290283203, "longitude": 23.287361145019531, "heatmap_weight": 4, "raw_occupancy": 1 }, "geometry": { "type": "Point", "coordinates": [ 23.287361145019531, 42.732166290283203 ] } },
{ "type": "Feature", "properties": { "latitude": 42.680110931396484, "longitude": 23.400260925292969, "heatmap_weight": 4, "raw_occupancy": 1 }, "geometry": { "type": "Point", "coordinates": [ 23.400260925292969, 42.680110931396484 ] } },
{ "type": "Feature", "properties": { "latitude": 42.705982208251953, "longitude": 23.313722610473633, "heatmap_weight": 9, "raw_occupancy": 2 }, "geometry": { "type": "Point", "coordinates": [ 23.313722610473633, 42.705982208251953 ] } },
{ "type": "Feature", "properties": { "latitude": 42.694805145263672, "longitude": 23.321514129638672, "heatmap_weight": 1, "raw_occupancy": 0 }, "geometry": { "type": "Point", "coordinates": [ 23.321514129638672, 42.694805145263672 ] } },
{ "type": "Feature", "properties": { "latitude": 42.677639007568359, "longitude": 23.36741828918457, "heatmap_weight": 9, "raw_occupancy": 2 }, "geometry": { "type": "Point", "coordinates": [ 23.36741828918457, 42.677639007568359 ] } },
{ "type": "Feature", "properties": { "latitude": 42.708278656005859, "longitude": 23.318107604980469, "heatmap_weight": 1, "raw_occupancy": 0 }, "geometry": { "type": "Point", "coordinates": [ 23.318107604980469, 42.708278656005859 ] } },
{ "type": "Feature", "properties": { "latitude": 42.665416717529297, "longitude": 23.373125076293945, "heatmap_weight": 16, "raw_occupancy": 3 }, "geometry": { "type": "Point", "coordinates": [ 23.373125076293945, 42.665416717529297 ] } },
{ "type": "Feature", "properties": { "latitude": 42.657680511474609, "longitude": 23.237159729003906, "heatmap_weight": 9, "raw_occupancy": 2 }, "geometry": { "type": "Point", "coordinates": [ 23.237159729003906, 42.657680511474609 ] } },
{ "type": "Feature", "properties": { "latitude": 42.713069915771484, "longitude": 23.379945755004883, "heatmap_weight": 1, "raw_occupancy": 0 }, "geometry": { "type": "Point", "coordinates": [ 23.379945755004883, 42.713069915771484 ] } },
{ "type": "Feature", "properties": { "latitude": 42.715045928955078, "longitude": 23.166715621948242, "heatmap_weight": 4, "raw_occupancy": 1 }, "geometry": { "type": "Point", "coordinates": [ 23.166715621948242, 42.715045928955078 ] } },
{ "type": "Feature", "properties": { "latitude": 42.630607604980469, "longitude": 23.378940582275391, "heatmap_weight": 4, "raw_occupancy": 1 }, "geometry": { "type": "Point", "coordinates": [ 23.378940582275391, 42.630607604980469 ] } },
{ "type": "Feature", "properties": { "latitude": 42.666618347167969, "longitude": 23.364643096923828, "heatmap_weight": 9, "raw_occupancy": 2 }, "geometry": { "type": "Point", "coordinates": [ 23.364643096923828, 42.666618347167969 ] } },
{ "type": "Feature", "properties": { "latitude": 42.696735382080078, "longitude": 23.351961135864258, "heatmap_weight": 4, "raw_occupancy": 1 }, "geometry": { "type": "Point", "coordinates": [ 23.351961135864258, 42.696735382080078 ] } },
{ "type": "Feature", "properties": { "latitude": 42.693492889404297, "longitude": 23.334291458129883, "heatmap_weight": 4, "raw_occupancy": 1 }, "geometry": { "type": "Point", "coordinates": [ 23.334291458129883, 42.693492889404297 ] } },
{ "type": "Feature", "properties": { "latitude": 42.684436798095703, "longitude": 23.268457412719727, "heatmap_weight": 4, "raw_occupancy": 1 }, "geometry": { "type": "Point", "coordinates": [ 23.268457412719727, 42.684436798095703 ] } },
{ "type": "Feature", "properties": { "latitude": 42.658424377441406, "longitude": 23.299036026000977, "heatmap_weight": 1, "raw_occupancy": 0 }, "geometry": { "type": "Point", "coordinates": [ 23.299036026000977, 42.658424377441406 ] } },
{ "type": "Feature", "properties": { "latitude": 42.692615509033203, "longitude": 23.334264755249023, "heatmap_weight": 4, "raw_occupancy": 1 }, "geometry": { "type": "Point", "coordinates": [ 23.334264755249023, 42.692615509033203 ] } },
{ "type": "Feature", "properties": { "latitude": 42.632926940917969, "longitude": 23.375036239624023, "heatmap_weight": 4, "raw_occupancy": 1 }, "geometry": { "type": "Point", "coordinates": [ 23.375036239624023, 42.632926940917969 ] } },
{ "type": "Feature", "properties": { "latitude": 42.694862365722656, "longitude": 23.317302703857422, "heatmap_weight": 4, "raw_occupancy": 1 }, "geometry": { "type": "Point", "coordinates": [ 23.317302703857422, 42.694862365722656 ] } },
{ "type": "Feature", "properties": { "latitude": 42.733543395996094, "longitude": 23.317287445068359, "heatmap_weight": 1, "raw_occupancy": 0 }, "geometry": { "type": "Point", "coordinates": [ 23.317287445068359, 42.733543395996094 ] } },
{ "type": "Feature", "properties": { "latitude": 42.666446685791016, "longitude": 23.371677398681641, "heatmap_weight": 9, "raw_occupancy": 2 }, "geometry": { "type": "Point", "coordinates": [ 23.371677398681641, 42.666446685791016 ] } },
{ "type": "Feature", "properties": { "latitude": 42.713230133056641, "longitude": 23.38035774230957, "heatmap_weight": 1, "raw_occupancy": 0 }, "geometry": { "type": "Point", "coordinates": [ 23.38035774230957, 42.713230133056641 ] } },
{ "type": "Feature", "properties": { "latitude": 42.695777893066406, "longitude": 23.287801742553711, "heatmap_weight": 9, "raw_occupancy": 2 }, "geometry": { "type": "Point", "coordinates": [ 23.287801742553711, 42.695777893066406 ] } },
{ "type": "Feature", "properties": { "latitude": 42.666213989257812, "longitude": 23.31787109375, "heatmap_weight": 9, "raw_occupancy": 2 }, "geometry": { "type": "Point", "coordinates": [ 23.31787109375, 42.666213989257812 ] } },
{ "type": "Feature", "properties": { "latitude": 42.674812316894531, "longitude": 23.252742767333984, "heatmap_weight": 9, "raw_occupancy": 2 }, "geometry": { "type": "Point", "coordinates": [ 23.252742767333984, 42.674812316894531 ] } },
{ "type": "Feature", "properties": { "latitude": 42.733428955078125, "longitude": 23.30181884765625, "heatmap_weight": 4, "raw_occupancy": 1 }, "geometry": { "type": "Point", "coordinates": [ 23.30181884765625, 42.733428955078125 ] } },
{ "type": "Feature", "properties": { "latitude": 42.660331726074219, "longitude": 23.39439582824707, "heatmap_weight": 4, "raw_occupancy": 1 }, "geometry": { "type": "Point", "coordinates": [ 23.39439582824707, 42.660331726074219 ] } },
{ "type": "Feature", "properties": { "latitude": 42.653263092041016, "longitude": 23.315887451171875, "heatmap_weight": 16, "raw_occupancy": 3 }, "geometry": { "type": "Point", "coordinates": [ 23.315887451171875, 42.653263092041016 ] } },
{ "type": "Feature", "properties": { "latitude": 42.643280029296875, "longitude": 23.341863632202148, "heatmap_weight": 1, "raw_occupancy": 0 }, "geometry": { "type": "Point", "coordinates": [ 23.341863632202148, 42.643280029296875 ] } },
{ "type": "Feature", "properties": { "latitude": 42.661861419677734, "longitude": 23.284103393554688, "heatmap_weight": 4, "raw_occupancy": 1 }, "geometry": { "type": "Point", "coordinates": [ 23.284103393554688, 42.661861419677734 ] } },
{ "type": "Feature", "properties": { "latitude": 42.7025146484375, "longitude": 23.352300643920898, "heatmap_weight": 4, "raw_occupancy": 1 }, "geometry": { "type": "Point", "coordinates": [ 23.352300643920898, 42.7025146484375 ] } },
{ "type": "Feature", "properties": { "latitude": 42.714176177978516, "longitude": 23.313228607177734, "heatmap_weight": 4, "raw_occupancy": 1 }, "geometry": { "type": "Point", "coordinates": [ 23.313228607177734, 42.714176177978516 ] } },
{ "type": "Feature", "properties": { "latitude": 42.669197082519531, "longitude": 23.254678726196289, "heatmap_weight": 4, "raw_occupancy": 1 }, "geometry": { "type": "Point", "coordinates": [ 23.254678726196289, 42.669197082519531 ] } },
{ "type": "Feature", "properties": { "latitude": 42.687156677246094, "longitude": 23.352287292480469, "heatmap_weight": 4, "raw_occupancy": 1 }, "geometry": { "type": "Point", "coordinates": [ 23.352287292480469, 42.687156677246094 ] } },
{ "type": "Feature", "properties": { "latitude": 42.659454345703125, "longitude": 23.243753433227539, "heatmap_weight": 1, "raw_occupancy": 0 }, "geometry": { "type": "Point", "coordinates": [ 23.243753433227539, 42.659454345703125 ] } },
{ "type": "Feature", "properties": { "latitude": 42.700309753417969, "longitude": 23.315849304199219, "heatmap_weight": 9, "raw_occupancy": 2 }, "geometry": { "type": "Point", "coordinates": [ 23.315849304199219, 42.700309753417969 ] } },
{ "type": "Feature", "properties": { "latitude": 42.768692016601562, "longitude": 23.274782180786133, "heatmap_weight": 9, "raw_occupancy": 2 }, "geometry": { "type": "Point", "coordinates": [ 23.274782180786133, 42.768692016601562 ] } },
{ "type": "Feature", "properties": { "latitude": 42.6458740234375, "longitude": 23.404865264892578, "heatmap_weight": 1, "raw_occupancy": 0 }, "geometry": { "type": "Point", "coordinates": [ 23.404865264892578, 42.6458740234375 ] } },
{ "type": "Feature", "properties": { "latitude": 42.682266235351562, "longitude": 23.321107864379883, "heatmap_weight": 9, "raw_occupancy": 2 }, "geometry": { "type": "Point", "coordinates": [ 23.321107864379883, 42.682266235351562 ] } },
{ "type": "Feature", "properties": { "latitude": 42.639106750488281, "longitude": 23.405851364135742, "heatmap_weight": 9, "raw_occupancy": 2 }, "geometry": { "type": "Point", "coordinates": [ 23.405851364135742, 42.639106750488281 ] } },
{ "type": "Feature", "properties": { "latitude": 42.702335357666016, "longitude": 23.382343292236328, "heatmap_weight": 1, "raw_occupancy": 0 }, "geometry": { "type": "Point", "coordinates": [ 23.382343292236328, 42.702335357666016 ] } },
{ "type": "Feature", "properties": { "latitude": 42.652454376220703, "longitude": 23.342536926269531, "heatmap_weight": 4, "raw_occupancy": 1 }, "geometry": { "type": "Point", "coordinates": [ 23.342536926269531, 42.652454376220703 ] } },
{ "type": "Feature", "properties": { "latitude": 42.693050384521484, "longitude": 23.323476791381836, "heatmap_weight": 4, "raw_occupancy": 1 }, "geometry": { "type": "Point", "coordinates": [ 23.323476791381836, 42.693050384521484 ] } },
{ "type": "Feature", "properties": { "latitude": 42.694297790527344, "longitude": 23.335811614990234, "heatmap_weight": 1, "raw_occupancy": 0 }, "geometry": { "type": "Point", "coordinates": [ 23.335811614990234, 42.694297790527344 ] } },
{ "type": "Feature", "properties": { "latitude": 42.643013000488281, "longitude": 23.336740493774414, "heatmap_weight": 4, "raw_occupancy": 1 }, "geometry": { "type": "Point", "coordinates": [ 23.336740493774414, 42.643013000488281 ] } },
{ "type": "Feature", "properties": { "latitude": 42.669193267822266, "longitude": 23.254898071289062, "heatmap_weight": 4, "raw_occupancy": 1 }, "geometry": { "type": "Point", "coordinates": [ 23.254898071289062, 42.669193267822266 ] } },
{ "type": "Feature", "properties": { "latitude": 42.617923736572266, "longitude": 23.417716979980469, "heatmap_weight": 4, "raw_occupancy": 1 }, "geometry": { "type": "Point", "coordinates": [ 23.417716979980469, 42.617923736572266 ] } },
{ "type": "Feature", "properties": { "latitude": 42.637199401855469, "longitude": 23.37269401550293, "heatmap_weight": 4, "raw_occupancy": 1 }, "geometry": { "type": "Point", "coordinates": [ 23.37269401550293, 42.637199401855469 ] } },
{ "type": "Feature", "properties": { "latitude": 42.689914703369141, "longitude": 23.313482284545898, "heatmap_weight": 16, "raw_occupancy": 3 }, "geometry": { "type": "Point", "coordinates": [ 23.313482284545898, 42.689914703369141 ] } },
{ "type": "Feature", "properties": { "latitude": 42.669059753417969, "longitude": 23.291336059570312, "heatmap_weight": 9, "raw_occupancy": 2 }, "geometry": { "type": "Point", "coordinates": [ 23.291336059570312, 42.669059753417969 ] } },
{ "type": "Feature", "properties": { "latitude": 42.688751220703125, "longitude": 23.321922302246094, "heatmap_weight": 4, "raw_occupancy": 1 }, "geometry": { "type": "Point", "coordinates": [ 23.321922302246094, 42.688751220703125 ] } },
{ "type": "Feature", "properties": { "latitude": 42.746192932128906, "longitude": 23.281393051147461, "heatmap_weight": 4, "raw_occupancy": 1 }, "geometry": { "type": "Point", "coordinates": [ 23.281393051147461, 42.746192932128906 ] } },
{ "type": "Feature", "properties": { "latitude": 42.688396453857422, "longitude": 23.32855224609375, "heatmap_weight": 1, "raw_occupancy": 0 }, "geometry": { "type": "Point", "coordinates": [ 23.32855224609375, 42.688396453857422 ] } },
{ "type": "Feature", "properties": { "latitude": 42.6375732421875, "longitude": 23.380844116210938, "heatmap_weight": 4, "raw_occupancy": 1 }, "geometry": { "type": "Point", "coordinates": [ 23.380844116210938, 42.6375732421875 ] } },
{ "type": "Feature", "properties": { "latitude": 42.686450958251953, "longitude": 23.330211639404297, "heatmap_weight": 9, "raw_occupancy": 2 }, "geometry": { "type": "Point", "coordinates": [ 23.330211639404297, 42.686450958251953 ] } },
{ "type": "Feature", "properties": { "latitude": 42.691658020019531, "longitude": 23.295978546142578, "heatmap_weight": 1, "raw_occupancy": 0 }, "geometry": { "type": "Point", "coordinates": [ 23.295978546142578, 42.691658020019531 ] } },
{ "type": "Feature", "properties": { "latitude": 42.688400268554688, "longitude": 23.302848815917969, "heatmap_weight": 9, "raw_occupancy": 2 }, "geometry": { "type": "Point", "coordinates": [ 23.302848815917969, 42.688400268554688 ] } },
{ "type": "Feature", "properties": { "latitude": 42.709545135498047, "longitude": 23.422357559204102, "heatmap_weight": 4, "raw_occupancy": 1 }, "geometry": { "type": "Point", "coordinates": [ 23.422357559204102, 42.709545135498047 ] } },
{ "type": "Feature", "properties": { "latitude": 42.692184448242188, "longitude": 23.369466781616211, "heatmap_weight": 16, "raw_occupancy": 3 }, "geometry": { "type": "Point", "coordinates": [ 23.369466781616211, 42.692184448242188 ] } },
{ "type": "Feature", "properties": { "latitude": 42.689220428466797, "longitude": 23.314235687255859, "heatmap_weight": 4, "raw_occupancy": 1 }, "geometry": { "type": "Point", "coordinates": [ 23.314235687255859, 42.689220428466797 ] } },
{ "type": "Feature", "properties": { "latitude": 42.658668518066406, "longitude": 23.272579193115234, "heatmap_weight": 4, "raw_occupancy": 1 }, "geometry": { "type": "Point", "coordinates": [ 23.272579193115234, 42.658668518066406 ] } },
{ "type": "Feature", "properties": { "latitude": 42.717292785644531, "longitude": 23.309263229370117, "heatmap_weight": 1, "raw_occupancy": 0 }, "geometry": { "type": "Point", "coordinates": [ 23.309263229370117, 42.717292785644531 ] } },
{ "type": "Feature", "properties": { "latitude": 42.695114135742188, "longitude": 23.32090950012207, "heatmap_weight": 4, "raw_occupancy": 1 }, "geometry": { "type": "Point", "coordinates": [ 23.32090950012207, 42.695114135742188 ] } },
{ "type": "Feature", "properties": { "latitude": 42.651088714599609, "longitude": 23.35877799987793, "heatmap_weight": 25, "raw_occupancy": 4 }, "geometry": { "type": "Point", "coordinates": [ 23.35877799987793, 42.651088714599609 ] } },
{ "type": "Feature", "properties": { "latitude": 42.666423797607422, "longitude": 23.301139831542969, "heatmap_weight": 4, "raw_occupancy": 1 }, "geometry": { "type": "Point", "coordinates": [ 23.301139831542969, 42.666423797607422 ] } },
{ "type": "Feature", "properties": { "latitude": 42.717269897460938, "longitude": 23.274175643920898, "heatmap_weight": 4, "raw_occupancy": 1 }, "geometry": { "type": "Point", "coordinates": [ 23.274175643920898, 42.717269897460938 ] } },
{ "type": "Feature", "properties": { "latitude": 42.757686614990234, "longitude": 23.321376800537109, "heatmap_weight": 9, "raw_occupancy": 2 }, "geometry": { "type": "Point", "coordinates": [ 23.321376800537109, 42.757686614990234 ] } },
{ "type": "Feature", "properties": { "latitude": 42.713901519775391, "longitude": 23.285787582397461, "heatmap_weight": 9, "raw_occupancy": 2 }, "geometry": { "type": "Point", "coordinates": [ 23.285787582397461, 42.713901519775391 ] } },
{ "type": "Feature", "properties": { "latitude": 42.669479370117188, "longitude": 23.276878356933594, "heatmap_weight": 4, "raw_occupancy": 1 }, "geometry": { "type": "Point", "coordinates": [ 23.276878356933594, 42.669479370117188 ] } },
{ "type": "Feature", "properties": { "latitude": 42.645484924316406, "longitude": 23.40483283996582, "heatmap_weight": 4, "raw_occupancy": 1 }, "geometry": { "type": "Point", "coordinates": [ 23.40483283996582, 42.645484924316406 ] } },
{ "type": "Feature", "properties": { "latitude": 42.710018157958984, "longitude": 23.245279312133789, "heatmap_weight": 4, "raw_occupancy": 1 }, "geometry": { "type": "Point", "coordinates": [ 23.245279312133789, 42.710018157958984 ] } },
{ "type": "Feature", "properties": { "latitude": 42.683021545410156, "longitude": 23.34843635559082, "heatmap_weight": 4, "raw_occupancy": 1 }, "geometry": { "type": "Point", "coordinates": [ 23.34843635559082, 42.683021545410156 ] } },
{ "type": "Feature", "properties": { "latitude": 42.700996398925781, "longitude": 23.126352310180664, "heatmap_weight": 4, "raw_occupancy": 1 }, "geometry": { "type": "Point", "coordinates": [ 23.126352310180664, 42.700996398925781 ] } },
{ "type": "Feature", "properties": { "latitude": 42.675247192382812, "longitude": 23.303554534912109, "heatmap_weight": 4, "raw_occupancy": 1 }, "geometry": { "type": "Point", "coordinates": [ 23.303554534912109, 42.675247192382812 ] } },
{ "type": "Feature", "properties": { "latitude": 42.692691802978516, "longitude": 23.326850891113281, "heatmap_weight": 4, "raw_occupancy": 1 }, "geometry": { "type": "Point", "coordinates": [ 23.326850891113281, 42.692691802978516 ] } },
{ "type": "Feature", "properties": { "latitude": 42.719219207763672, "longitude": 23.31159782409668, "heatmap_weight": 4, "raw_occupancy": 1 }, "geometry": { "type": "Point", "coordinates": [ 23.31159782409668, 42.719219207763672 ] } },
{ "type": "Feature", "properties": { "latitude": 42.647346496582031, "longitude": 23.314756393432617, "heatmap_weight": 9, "raw_occupancy": 2 }, "geometry": { "type": "Point", "coordinates": [ 23.314756393432617, 42.647346496582031 ] } },
{ "type": "Feature", "properties": { "latitude": 42.621902465820312, "longitude": 23.325469970703125, "heatmap_weight": 9, "raw_occupancy": 2 }, "geometry": { "type": "Point", "coordinates": [ 23.325469970703125, 42.621902465820312 ] } },
{ "type": "Feature", "properties": { "latitude": 42.732051849365234, "longitude": 23.343755722045898, "heatmap_weight": 1, "raw_occupancy": 0 }, "geometry": { "type": "Point", "coordinates": [ 23.343755722045898, 42.732051849365234 ] } },
{ "type": "Feature", "properties": { "latitude": 42.688423156738281, "longitude": 23.27644157409668, "heatmap_weight": 9, "raw_occupancy": 2 }, "geometry": { "type": "Point", "coordinates": [ 23.27644157409668, 42.688423156738281 ] } },
{ "type": "Feature", "properties": { "latitude": 42.721343994140625, "longitude": 23.264350891113281, "heatmap_weight": 9, "raw_occupancy": 2 }, "geometry": { "type": "Point", "coordinates": [ 23.264350891113281, 42.721343994140625 ] } },
{ "type": "Feature", "properties": { "latitude": 42.729316711425781, "longitude": 23.247100830078125, "heatmap_weight": 4, "raw_occupancy": 1 }, "geometry": { "type": "Point", "coordinates": [ 23.247100830078125, 42.729316711425781 ] } },
{ "type": "Feature", "properties": { "latitude": 42.683494567871094, "longitude": 23.347400665283203, "heatmap_weight": 9, "raw_occupancy": 2 }, "geometry": { "type": "Point", "coordinates": [ 23.347400665283203, 42.683494567871094 ] } },
{ "type": "Feature", "properties": { "latitude": 42.674861907958984, "longitude": 23.431812286376953, "heatmap_weight": 1, "raw_occupancy": 0 }, "geometry": { "type": "Point", "coordinates": [ 23.431812286376953, 42.674861907958984 ] } },
{ "type": "Feature", "properties": { "latitude": 42.705875396728516, "longitude": 23.40049934387207, "heatmap_weight": 9, "raw_occupancy": 2 }, "geometry": { "type": "Point", "coordinates": [ 23.40049934387207, 42.705875396728516 ] } },
{ "type": "Feature", "properties": { "latitude": 42.694900512695312, "longitude": 23.315885543823242, "heatmap_weight": 4, "raw_occupancy": 1 }, "geometry": { "type": "Point", "coordinates": [ 23.315885543823242, 42.694900512695312 ] } },
{ "type": "Feature", "properties": { "latitude": 42.782985687255859, "longitude": 23.390243530273438, "heatmap_weight": 4, "raw_occupancy": 1 }, "geometry": { "type": "Point", "coordinates": [ 23.390243530273438, 42.782985687255859 ] } },
{ "type": "Feature", "properties": { "latitude": 42.669536590576172, "longitude": 23.368719100952148, "heatmap_weight": 9, "raw_occupancy": 2 }, "geometry": { "type": "Point", "coordinates": [ 23.368719100952148, 42.669536590576172 ] } },
{ "type": "Feature", "properties": { "latitude": 42.622520446777344, "longitude": 23.348400115966797, "heatmap_weight": 4, "raw_occupancy": 1 }, "geometry": { "type": "Point", "coordinates": [ 23.348400115966797, 42.622520446777344 ] } },
{ "type": "Feature", "properties": { "latitude": 42.718528747558594, "longitude": 23.246505737304688, "heatmap_weight": 4, "raw_occupancy": 1 }, "geometry": { "type": "Point", "coordinates": [ 23.246505737304688, 42.718528747558594 ] } },
{ "type": "Feature", "properties": { "latitude": 42.671436309814453, "longitude": 23.251918792724609, "heatmap_weight": 9, "raw_occupancy": 2 }, "geometry": { "type": "Point", "coordinates": [ 23.251918792724609, 42.671436309814453 ] } },
{ "type": "Feature", "properties": { "latitude": 42.679466247558594, "longitude": 23.311008453369141, "heatmap_weight": 4, "raw_occupancy": 1 }, "geometry": { "type": "Point", "coordinates": [ 23.311008453369141, 42.679466247558594 ] } },
{ "type": "Feature", "properties": { "latitude": 42.684654235839844, "longitude": 23.301891326904297, "heatmap_weight": 4, "raw_occupancy": 1 }, "geometry": { "type": "Point", "coordinates": [ 23.301891326904297, 42.684654235839844 ] } },
{ "type": "Feature", "properties": { "latitude": 42.685840606689453, "longitude": 23.343952178955078, "heatmap_weight": 9, "raw_occupancy": 2 }, "geometry": { "type": "Point", "coordinates": [ 23.343952178955078, 42.685840606689453 ] } },
{ "type": "Feature", "properties": { "latitude": 42.659088134765625, "longitude": 23.299579620361328, "heatmap_weight": 4, "raw_occupancy": 1 }, "geometry": { "type": "Point", "coordinates": [ 23.299579620361328, 42.659088134765625 ] } },
{ "type": "Feature", "properties": { "latitude": 42.702220916748047, "longitude": 23.297809600830078, "heatmap_weight": 9, "raw_occupancy": 2 }, "geometry": { "type": "Point", "coordinates": [ 23.297809600830078, 42.702220916748047 ] } },
{ "type": "Feature", "properties": { "latitude": 42.698890686035156, "longitude": 23.307584762573242, "heatmap_weight": 9, "raw_occupancy": 2 }, "geometry": { "type": "Point", "coordinates": [ 23.307584762573242, 42.698890686035156 ] } },
{ "type": "Feature", "properties": { "latitude": 42.702205657958984, "longitude": 23.285131454467773, "heatmap_weight": 9, "raw_occupancy": 2 }, "geometry": { "type": "Point", "coordinates": [ 23.285131454467773, 42.702205657958984 ] } },
{ "type": "Feature", "properties": { "latitude": 42.696559906005859, "longitude": 23.309078216552734, "heatmap_weight": 9, "raw_occupancy": 2 }, "geometry": { "type": "Point", "coordinates": [ 23.309078216552734, 42.696559906005859 ] } },
{ "type": "Feature", "properties": { "latitude": 42.668224334716797, "longitude": 23.266204833984375, "heatmap_weight": 9, "raw_occupancy": 2 }, "geometry": { "type": "Point", "coordinates": [ 23.266204833984375, 42.668224334716797 ] } },
{ "type": "Feature", "properties": { "latitude": 42.652271270751953, "longitude": 23.286252975463867, "heatmap_weight": 4, "raw_occupancy": 1 }, "geometry": { "type": "Point", "coordinates": [ 23.286252975463867, 42.652271270751953 ] } },
{ "type": "Feature", "properties": { "latitude": 42.690937042236328, "longitude": 23.278635025024414, "heatmap_weight": 4, "raw_occupancy": 1 }, "geometry": { "type": "Point", "coordinates": [ 23.278635025024414, 42.690937042236328 ] } },
{ "type": "Feature", "properties": { "latitude": 42.689231872558594, "longitude": 23.339420318603516, "heatmap_weight": 9, "raw_occupancy": 2 }, "geometry": { "type": "Point", "coordinates": [ 23.339420318603516, 42.689231872558594 ] } },
{ "type": "Feature", "properties": { "latitude": 42.651645660400391, "longitude": 23.379058837890625, "heatmap_weight": 9, "raw_occupancy": 2 }, "geometry": { "type": "Point", "coordinates": [ 23.379058837890625, 42.651645660400391 ] } },
{ "type": "Feature", "properties": { "latitude": 42.667148590087891, "longitude": 23.385910034179688, "heatmap_weight": 1, "raw_occupancy": 0 }, "geometry": { "type": "Point", "coordinates": [ 23.385910034179688, 42.667148590087891 ] } },
{ "type": "Feature", "properties": { "latitude": 42.659645080566406, "longitude": 23.348060607910156, "heatmap_weight": 9, "raw_occupancy": 2 }, "geometry": { "type": "Point", "coordinates": [ 23.348060607910156, 42.659645080566406 ] } },
{ "type": "Feature", "properties": { "latitude": 42.694755554199219, "longitude": 23.315666198730469, "heatmap_weight": 4, "raw_occupancy": 1 }, "geometry": { "type": "Point", "coordinates": [ 23.315666198730469, 42.694755554199219 ] } },
{ "type": "Feature", "properties": { "latitude": 42.731147766113281, "longitude": 23.31376838684082, "heatmap_weight": 4, "raw_occupancy": 1 }, "geometry": { "type": "Point", "coordinates": [ 23.31376838684082, 42.731147766113281 ] } },
{ "type": "Feature", "properties": { "latitude": 42.695339202880859, "longitude": 23.364387512207031, "heatmap_weight": 9, "raw_occupancy": 2 }, "geometry": { "type": "Point", "coordinates": [ 23.364387512207031, 42.695339202880859 ] } },
{ "type": "Feature", "properties": { "latitude": 42.714458465576172, "longitude": 23.312292098999023, "heatmap_weight": 1, "raw_occupancy": 0 }, "geometry": { "type": "Point", "coordinates": [ 23.312292098999023, 42.714458465576172 ] } },
{ "type": "Feature", "properties": { "latitude": 42.687511444091797, "longitude": 23.301357269287109, "heatmap_weight": 9, "raw_occupancy": 2 }, "geometry": { "type": "Point", "coordinates": [ 23.301357269287109, 42.687511444091797 ] } },
{ "type": "Feature", "properties": { "latitude": 42.603340148925781, "longitude": 23.474699020385742, "heatmap_weight": 4, "raw_occupancy": 1 }, "geometry": { "type": "Point", "coordinates": [ 23.474699020385742, 42.603340148925781 ] } },
{ "type": "Feature", "properties": { "latitude": 42.755374908447266, "longitude": 23.431976318359375, "heatmap_weight": 1, "raw_occupancy": 0 }, "geometry": { "type": "Point", "coordinates": [ 23.431976318359375, 42.755374908447266 ] } },
{ "type": "Feature", "properties": { "latitude": 42.687160491943359, "longitude": 23.316864013671875, "heatmap_weight": 9, "raw_occupancy": 2 }, "geometry": { "type": "Point", "coordinates": [ 23.316864013671875, 42.687160491943359 ] } },
{ "type": "Feature", "properties": { "latitude": 42.698513031005859, "longitude": 23.35211181640625, "heatmap_weight": 4, "raw_occupancy": 1 }, "geometry": { "type": "Point", "coordinates": [ 23.35211181640625, 42.698513031005859 ] } },
{ "type": "Feature", "properties": { "latitude": 42.657035827636719, "longitude": 23.349449157714844, "heatmap_weight": 1, "raw_occupancy": 0 }, "geometry": { "type": "Point", "coordinates": [ 23.349449157714844, 42.657035827636719 ] } },
{ "type": "Feature", "properties": { "latitude": 42.728969573974609, "longitude": 23.312887191772461, "heatmap_weight": 4, "raw_occupancy": 1 }, "geometry": { "type": "Point", "coordinates": [ 23.312887191772461, 42.728969573974609 ] } },
{ "type": "Feature", "properties": { "latitude": 42.82623291015625, "longitude": 23.351001739501953, "heatmap_weight": 4, "raw_occupancy": 1 }, "geometry": { "type": "Point", "coordinates": [ 23.351001739501953, 42.82623291015625 ] } },
{ "type": "Feature", "properties": { "latitude": 42.667491912841797, "longitude": 23.325395584106445, "heatmap_weight": 9, "raw_occupancy": 2 }, "geometry": { "type": "Point", "coordinates": [ 23.325395584106445, 42.667491912841797 ] } },
{ "type": "Feature", "properties": { "latitude": 42.659523010253906, "longitude": 23.323638916015625, "heatmap_weight": 1, "raw_occupancy": 0 }, "geometry": { "type": "Point", "coordinates": [ 23.323638916015625, 42.659523010253906 ] } },
{ "type": "Feature", "properties": { "latitude": 42.669765472412109, "longitude": 23.368030548095703, "heatmap_weight": 9, "raw_occupancy": 2 }, "geometry": { "type": "Point", "coordinates": [ 23.368030548095703, 42.669765472412109 ] } },
{ "type": "Feature", "properties": { "latitude": 42.647384643554688, "longitude": 23.266738891601562, "heatmap_weight": 4, "raw_occupancy": 1 }, "geometry": { "type": "Point", "coordinates": [ 23.266738891601562, 42.647384643554688 ] } },
{ "type": "Feature", "properties": { "latitude": 42.744983673095703, "longitude": 23.506481170654297, "heatmap_weight": 1, "raw_occupancy": 0 }, "geometry": { "type": "Point", "coordinates": [ 23.506481170654297, 42.744983673095703 ] } },
{ "type": "Feature", "properties": { "latitude": 42.682960510253906, "longitude": 23.319501876831055, "heatmap_weight": 9, "raw_occupancy": 2 }, "geometry": { "type": "Point", "coordinates": [ 23.319501876831055, 42.682960510253906 ] } },
{ "type": "Feature", "properties": { "latitude": 42.617359161376953, "longitude": 23.182744979858398, "heatmap_weight": 4, "raw_occupancy": 1 }, "geometry": { "type": "Point", "coordinates": [ 23.182744979858398, 42.617359161376953 ] } },
{ "type": "Feature", "properties": { "latitude": 42.732902526855469, "longitude": 23.317258834838867, "heatmap_weight": 4, "raw_occupancy": 1 }, "geometry": { "type": "Point", "coordinates": [ 23.317258834838867, 42.732902526855469 ] } },
{ "type": "Feature", "properties": { "latitude": 42.728797912597656, "longitude": 23.248973846435547, "heatmap_weight": 4, "raw_occupancy": 1 }, "geometry": { "type": "Point", "coordinates": [ 23.248973846435547, 42.728797912597656 ] } },
{ "type": "Feature", "properties": { "latitude": 42.700386047363281, "longitude": 23.297935485839844, "heatmap_weight": 4, "raw_occupancy": 1 }, "geometry": { "type": "Point", "coordinates": [ 23.297935485839844, 42.700386047363281 ] } },
{ "type": "Feature", "properties": { "latitude": 42.709125518798828, "longitude": 23.347984313964844, "heatmap_weight": 4, "raw_occupancy": 1 }, "geometry": { "type": "Point", "coordinates": [ 23.347984313964844, 42.709125518798828 ] } },
{ "type": "Feature", "properties": { "latitude": 42.711208343505859, "longitude": 23.353204727172852, "heatmap_weight": 9, "raw_occupancy": 2 }, "geometry": { "type": "Point", "coordinates": [ 23.353204727172852, 42.711208343505859 ] } },
{ "type": "Feature", "properties": { "latitude": 42.662273406982422, "longitude": 23.345546722412109, "heatmap_weight": 4, "raw_occupancy": 1 }, "geometry": { "type": "Point", "coordinates": [ 23.345546722412109, 42.662273406982422 ] } },
{ "type": "Feature", "properties": { "latitude": 42.660202026367188, "longitude": 23.388698577880859, "heatmap_weight": 9, "raw_occupancy": 2 }, "geometry": { "type": "Point", "coordinates": [ 23.388698577880859, 42.660202026367188 ] } },
{ "type": "Feature", "properties": { "latitude": 42.686721801757812, "longitude": 23.317523956298828, "heatmap_weight": 9, "raw_occupancy": 2 }, "geometry": { "type": "Point", "coordinates": [ 23.317523956298828, 42.686721801757812 ] } },
{ "type": "Feature", "properties": { "latitude": 42.703086853027344, "longitude": 23.352514266967773, "heatmap_weight": 4, "raw_occupancy": 1 }, "geometry": { "type": "Point", "coordinates": [ 23.352514266967773, 42.703086853027344 ] } },
{ "type": "Feature", "properties": { "latitude": 42.822235107421875, "longitude": 23.265781402587891, "heatmap_weight": 1, "raw_occupancy": 0 }, "geometry": { "type": "Point", "coordinates": [ 23.265781402587891, 42.822235107421875 ] } },
{ "type": "Feature", "properties": { "latitude": 42.658988952636719, "longitude": 23.241937637329102, "heatmap_weight": 1, "raw_occupancy": 0 }, "geometry": { "type": "Point", "coordinates": [ 23.241937637329102, 42.658988952636719 ] } },
{ "type": "Feature", "properties": { "latitude": 42.687175750732422, "longitude": 23.371492385864258, "heatmap_weight": 9, "raw_occupancy": 2 }, "geometry": { "type": "Point", "coordinates": [ 23.371492385864258, 42.687175750732422 ] } },
{ "type": "Feature", "properties": { "latitude": 42.694587707519531, "longitude": 23.230291366577148, "heatmap_weight": 4, "raw_occupancy": 1 }, "geometry": { "type": "Point", "coordinates": [ 23.230291366577148, 42.694587707519531 ] } },
{ "type": "Feature", "properties": { "latitude": 42.800224304199219, "longitude": 23.341091156005859, "heatmap_weight": 4, "raw_occupancy": 1 }, "geometry": { "type": "Point", "coordinates": [ 23.341091156005859, 42.800224304199219 ] } },
{ "type": "Feature", "properties": { "latitude": 42.669010162353516, "longitude": 23.278112411499023, "heatmap_weight": 9, "raw_occupancy": 2 }, "geometry": { "type": "Point", "coordinates": [ 23.278112411499023, 42.669010162353516 ] } },
{ "type": "Feature", "properties": { "latitude": 42.661666870117188, "longitude": 23.295257568359375, "heatmap_weight": 9, "raw_occupancy": 2 }, "geometry": { "type": "Point", "coordinates": [ 23.295257568359375, 42.661666870117188 ] } },
{ "type": "Feature", "properties": { "latitude": 42.709499359130859, "longitude": 23.384265899658203, "heatmap_weight": 1, "raw_occupancy": 0 }, "geometry": { "type": "Point", "coordinates": [ 23.384265899658203, 42.709499359130859 ] } },
{ "type": "Feature", "properties": { "latitude": 42.727252960205078, "longitude": 23.261018753051758, "heatmap_weight": 4, "raw_occupancy": 1 }, "geometry": { "type": "Point", "coordinates": [ 23.261018753051758, 42.727252960205078 ] } },
{ "type": "Feature", "properties": { "latitude": 42.659408569335938, "longitude": 23.243818283081055, "heatmap_weight": 1, "raw_occupancy": 0 }, "geometry": { "type": "Point", "coordinates": [ 23.243818283081055, 42.659408569335938 ] } },
{ "type": "Feature", "properties": { "latitude": 42.815303802490234, "longitude": 23.374208450317383, "heatmap_weight": 4, "raw_occupancy": 1 }, "geometry": { "type": "Point", "coordinates": [ 23.374208450317383, 42.815303802490234 ] } },
{ "type": "Feature", "properties": { "latitude": 42.705303192138672, "longitude": 23.298709869384766, "heatmap_weight": 1, "raw_occupancy": 0 }, "geometry": { "type": "Point", "coordinates": [ 23.298709869384766, 42.705303192138672 ] } },
{ "type": "Feature", "properties": { "latitude": 42.676734924316406, "longitude": 23.369668960571289, "heatmap_weight": 4, "raw_occupancy": 1 }, "geometry": { "type": "Point", "coordinates": [ 23.369668960571289, 42.676734924316406 ] } },
{ "type": "Feature", "properties": { "latitude": 42.704669952392578, "longitude": 23.334259033203125, "heatmap_weight": 9, "raw_occupancy": 2 }, "geometry": { "type": "Point", "coordinates": [ 23.334259033203125, 42.704669952392578 ] } },
{ "type": "Feature", "properties": { "latitude": 42.650787353515625, "longitude": 23.26605224609375, "heatmap_weight": 16, "raw_occupancy": 3 }, "geometry": { "type": "Point", "coordinates": [ 23.26605224609375, 42.650787353515625 ] } },
{ "type": "Feature", "properties": { "latitude": 42.655529022216797, "longitude": 23.328838348388672, "heatmap_weight": 9, "raw_occupancy": 2 }, "geometry": { "type": "Point", "coordinates": [ 23.328838348388672, 42.655529022216797 ] } },
{ "type": "Feature", "properties": { "latitude": 42.586372375488281, "longitude": 23.359846115112305, "heatmap_weight": 1, "raw_occupancy": 0 }, "geometry": { "type": "Point", "coordinates": [ 23.359846115112305, 42.586372375488281 ] } },
{ "type": "Feature", "properties": { "latitude": 42.641197204589844, "longitude": 23.344367980957031, "heatmap_weight": 9, "raw_occupancy": 2 }, "geometry": { "type": "Point", "coordinates": [ 23.344367980957031, 42.641197204589844 ] } },
{ "type": "Feature", "properties": { "latitude": 42.682216644287109, "longitude": 23.313949584960938, "heatmap_weight": 4, "raw_occupancy": 1 }, "geometry": { "type": "Point", "coordinates": [ 23.313949584960938, 42.682216644287109 ] } },
{ "type": "Feature", "properties": { "latitude": 42.677661895751953, "longitude": 23.370540618896484, "heatmap_weight": 1, "raw_occupancy": 0 }, "geometry": { "type": "Point", "coordinates": [ 23.370540618896484, 42.677661895751953 ] } },
{ "type": "Feature", "properties": { "latitude": 42.696907043457031, "longitude": 23.351871490478516, "heatmap_weight": 9, "raw_occupancy": 2 }, "geometry": { "type": "Point", "coordinates": [ 23.351871490478516, 42.696907043457031 ] } },
{ "type": "Feature", "properties": { "latitude": 42.678306579589844, "longitude": 23.285585403442383, "heatmap_weight": 9, "raw_occupancy": 2 }, "geometry": { "type": "Point", "coordinates": [ 23.285585403442383, 42.678306579589844 ] } },
{ "type": "Feature", "properties": { "latitude": 42.659671783447266, "longitude": 23.317142486572266, "heatmap_weight": 4, "raw_occupancy": 1 }, "geometry": { "type": "Point", "coordinates": [ 23.317142486572266, 42.659671783447266 ] } },
{ "type": "Feature", "properties": { "latitude": 42.706462860107422, "longitude": 23.347082138061523, "heatmap_weight": 4, "raw_occupancy": 1 }, "geometry": { "type": "Point", "coordinates": [ 23.347082138061523, 42.706462860107422 ] } },
{ "type": "Feature", "properties": { "latitude": 42.709781646728516, "longitude": 23.372411727905273, "heatmap_weight": 1, "raw_occupancy": 0 }, "geometry": { "type": "Point", "coordinates": [ 23.372411727905273, 42.709781646728516 ] } },
{ "type": "Feature", "properties": { "latitude": 42.705478668212891, "longitude": 23.324123382568359, "heatmap_weight": 4, "raw_occupancy": 1 }, "geometry": { "type": "Point", "coordinates": [ 23.324123382568359, 42.705478668212891 ] } },
{ "type": "Feature", "properties": { "latitude": 42.690887451171875, "longitude": 23.279169082641602, "heatmap_weight": 1, "raw_occupancy": 0 }, "geometry": { "type": "Point", "coordinates": [ 23.279169082641602, 42.690887451171875 ] } },
{ "type": "Feature", "properties": { "latitude": 42.661415100097656, "longitude": 23.286064147949219, "heatmap_weight": 4, "raw_occupancy": 1 }, "geometry": { "type": "Point", "coordinates": [ 23.286064147949219, 42.661415100097656 ] } },
{ "type": "Feature", "properties": { "latitude": 42.622920989990234, "longitude": 23.39552116394043, "heatmap_weight": 4, "raw_occupancy": 1 }, "geometry": { "type": "Point", "coordinates": [ 23.39552116394043, 42.622920989990234 ] } },
{ "type": "Feature", "properties": { "latitude": 42.689224243164062, "longitude": 23.245815277099609, "heatmap_weight": 4, "raw_occupancy": 1 }, "geometry": { "type": "Point", "coordinates": [ 23.245815277099609, 42.689224243164062 ] } },
{ "type": "Feature", "properties": { "latitude": 42.645603179931641, "longitude": 23.367816925048828, "heatmap_weight": 4, "raw_occupancy": 1 }, "geometry": { "type": "Point", "coordinates": [ 23.367816925048828, 42.645603179931641 ] } },
{ "type": "Feature", "properties": { "latitude": 42.700149536132812, "longitude": 23.37034797668457, "heatmap_weight": 4, "raw_occupancy": 1 }, "geometry": { "type": "Point", "coordinates": [ 23.37034797668457, 42.700149536132812 ] } },
{ "type": "Feature", "properties": { "latitude": 42.726829528808594, "longitude": 23.312461853027344, "heatmap_weight": 4, "raw_occupancy": 1 }, "geometry": { "type": "Point", "coordinates": [ 23.312461853027344, 42.726829528808594 ] } },
{ "type": "Feature", "properties": { "latitude": 42.674446105957031, "longitude": 23.303972244262695, "heatmap_weight": 4, "raw_occupancy": 1 }, "geometry": { "type": "Point", "coordinates": [ 23.303972244262695, 42.674446105957031 ] } },
{ "type": "Feature", "properties": { "latitude": 42.711433410644531, "longitude": 23.300596237182617, "heatmap_weight": 4, "raw_occupancy": 1 }, "geometry": { "type": "Point", "coordinates": [ 23.300596237182617, 42.711433410644531 ] } },
{ "type": "Feature", "properties": { "latitude": 42.677585601806641, "longitude": 23.355941772460938, "heatmap_weight": 4, "raw_occupancy": 1 }, "geometry": { "type": "Point", "coordinates": [ 23.355941772460938, 42.677585601806641 ] } },
{ "type": "Feature", "properties": { "latitude": 42.708526611328125, "longitude": 23.313282012939453, "heatmap_weight": 4, "raw_occupancy": 1 }, "geometry": { "type": "Point", "coordinates": [ 23.313282012939453, 42.708526611328125 ] } },
{ "type": "Feature", "properties": { "latitude": 42.670131683349609, "longitude": 23.369632720947266, "heatmap_weight": 4, "raw_occupancy": 1 }, "geometry": { "type": "Point", "coordinates": [ 23.369632720947266, 42.670131683349609 ] } },
{ "type": "Feature", "properties": { "latitude": 42.693256378173828, "longitude": 23.334419250488281, "heatmap_weight": 9, "raw_occupancy": 2 }, "geometry": { "type": "Point", "coordinates": [ 23.334419250488281, 42.693256378173828 ] } },
{ "type": "Feature", "properties": { "latitude": 42.672931671142578, "longitude": 23.24034309387207, "heatmap_weight": 4, "raw_occupancy": 1 }, "geometry": { "type": "Point", "coordinates": [ 23.24034309387207, 42.672931671142578 ] } },
{ "type": "Feature", "properties": { "latitude": 42.655014038085938, "longitude": 23.399883270263672, "heatmap_weight": 9, "raw_occupancy": 2 }, "geometry": { "type": "Point", "coordinates": [ 23.399883270263672, 42.655014038085938 ] } },
{ "type": "Feature", "properties": { "latitude": 42.699787139892578, "longitude": 23.301733016967773, "heatmap_weight": 1, "raw_occupancy": 0 }, "geometry": { "type": "Point", "coordinates": [ 23.301733016967773, 42.699787139892578 ] } },
{ "type": "Feature", "properties": { "latitude": 42.732433319091797, "longitude": 23.556314468383789, "heatmap_weight": 4, "raw_occupancy": 1 }, "geometry": { "type": "Point", "coordinates": [ 23.556314468383789, 42.732433319091797 ] } },
{ "type": "Feature", "properties": { "latitude": 42.675762176513672, "longitude": 23.288509368896484, "heatmap_weight": 9, "raw_occupancy": 2 }, "geometry": { "type": "Point", "coordinates": [ 23.288509368896484, 42.675762176513672 ] } },
{ "type": "Feature", "properties": { "latitude": 42.641986846923828, "longitude": 23.373149871826172, "heatmap_weight": 4, "raw_occupancy": 1 }, "geometry": { "type": "Point", "coordinates": [ 23.373149871826172, 42.641986846923828 ] } },
{ "type": "Feature", "properties": { "latitude": 42.695732116699219, "longitude": 23.287582397460938, "heatmap_weight": 4, "raw_occupancy": 1 }, "geometry": { "type": "Point", "coordinates": [ 23.287582397460938, 42.695732116699219 ] } },
{ "type": "Feature", "properties": { "latitude": 42.718372344970703, "longitude": 23.230514526367188, "heatmap_weight": 16, "raw_occupancy": 3 }, "geometry": { "type": "Point", "coordinates": [ 23.230514526367188, 42.718372344970703 ] } },
{ "type": "Feature", "properties": { "latitude": 42.690597534179688, "longitude": 23.337289810180664, "heatmap_weight": 9, "raw_occupancy": 2 }, "geometry": { "type": "Point", "coordinates": [ 23.337289810180664, 42.690597534179688 ] } },
{ "type": "Feature", "properties": { "latitude": 42.653182983398438, "longitude": 23.359716415405273, "heatmap_weight": 9, "raw_occupancy": 2 }, "geometry": { "type": "Point", "coordinates": [ 23.359716415405273, 42.653182983398438 ] } },
{ "type": "Feature", "properties": { "latitude": 42.714775085449219, "longitude": 23.436176300048828, "heatmap_weight": 4, "raw_occupancy": 1 }, "geometry": { "type": "Point", "coordinates": [ 23.436176300048828, 42.714775085449219 ] } },
{ "type": "Feature", "properties": { "latitude": 42.778785705566406, "longitude": 23.496101379394531, "heatmap_weight": 4, "raw_occupancy": 1 }, "geometry": { "type": "Point", "coordinates": [ 23.496101379394531, 42.778785705566406 ] } },
{ "type": "Feature", "properties": { "latitude": 42.687080383300781, "longitude": 23.342235565185547, "heatmap_weight": 9, "raw_occupancy": 2 }, "geometry": { "type": "Point", "coordinates": [ 23.342235565185547, 42.687080383300781 ] } },
{ "type": "Feature", "properties": { "latitude": 42.727272033691406, "longitude": 23.262550354003906, "heatmap_weight": 1, "raw_occupancy": 0 }, "geometry": { "type": "Point", "coordinates": [ 23.262550354003906, 42.727272033691406 ] } },
{ "type": "Feature", "properties": { "latitude": 42.717807769775391, "longitude": 23.278371810913086, "heatmap_weight": 4, "raw_occupancy": 1 }, "geometry": { "type": "Point", "coordinates": [ 23.278371810913086, 42.717807769775391 ] } },
{ "type": "Feature", "properties": { "latitude": 42.664974212646484, "longitude": 23.259714126586914, "heatmap_weight": 4, "raw_occupancy": 1 }, "geometry": { "type": "Point", "coordinates": [ 23.259714126586914, 42.664974212646484 ] } },
{ "type": "Feature", "properties": { "latitude": 42.707275390625, "longitude": 23.298952102661133, "heatmap_weight": 4, "raw_occupancy": 1 }, "geometry": { "type": "Point", "coordinates": [ 23.298952102661133, 42.707275390625 ] } },
{ "type": "Feature", "properties": { "latitude": 42.657749176025391, "longitude": 23.359272003173828, "heatmap_weight": 4, "raw_occupancy": 1 }, "geometry": { "type": "Point", "coordinates": [ 23.359272003173828, 42.657749176025391 ] } },
{ "type": "Feature", "properties": { "latitude": 42.6624755859375, "longitude": 23.345298767089844, "heatmap_weight": 4, "raw_occupancy": 1 }, "geometry": { "type": "Point", "coordinates": [ 23.345298767089844, 42.6624755859375 ] } },
{ "type": "Feature", "properties": { "latitude": 42.671363830566406, "longitude": 23.393901824951172, "heatmap_weight": 4, "raw_occupancy": 1 }, "geometry": { "type": "Point", "coordinates": [ 23.393901824951172, 42.671363830566406 ] } },
{ "type": "Feature", "properties": { "latitude": 42.736137390136719, "longitude": 23.294425964355469, "heatmap_weight": 9, "raw_occupancy": 2 }, "geometry": { "type": "Point", "coordinates": [ 23.294425964355469, 42.736137390136719 ] } },
{ "type": "Feature", "properties": { "latitude": 42.663906097412109, "longitude": 23.374834060668945, "heatmap_weight": 9, "raw_occupancy": 2 }, "geometry": { "type": "Point", "coordinates": [ 23.374834060668945, 42.663906097412109 ] } },
{ "type": "Feature", "properties": { "latitude": 42.694869995117188, "longitude": 23.316413879394531, "heatmap_weight": 16, "raw_occupancy": 3 }, "geometry": { "type": "Point", "coordinates": [ 23.316413879394531, 42.694869995117188 ] } },
{ "type": "Feature", "properties": { "latitude": 42.71795654296875, "longitude": 23.233123779296875, "heatmap_weight": 16, "raw_occupancy": 3 }, "geometry": { "type": "Point", "coordinates": [ 23.233123779296875, 42.71795654296875 ] } },
{ "type": "Feature", "properties": { "latitude": 42.679119110107422, "longitude": 23.301315307617188, "heatmap_weight": 9, "raw_occupancy": 2 }, "geometry": { "type": "Point", "coordinates": [ 23.301315307617188, 42.679119110107422 ] } },
{ "type": "Feature", "properties": { "latitude": 42.719459533691406, "longitude": 23.309480667114258, "heatmap_weight": 4, "raw_occupancy": 1 }, "geometry": { "type": "Point", "coordinates": [ 23.309480667114258, 42.719459533691406 ] } },
{ "type": "Feature", "properties": { "latitude": 42.672191619873047, "longitude": 23.273517608642578, "heatmap_weight": 4, "raw_occupancy": 1 }, "geometry": { "type": "Point", "coordinates": [ 23.273517608642578, 42.672191619873047 ] } },
{ "type": "Feature", "properties": { "latitude": 42.692695617675781, "longitude": 23.334892272949219, "heatmap_weight": 16, "raw_occupancy": 3 }, "geometry": { "type": "Point", "coordinates": [ 23.334892272949219, 42.692695617675781 ] } },
{ "type": "Feature", "properties": { "latitude": 42.659526824951172, "longitude": 23.347919464111328, "heatmap_weight": 9, "raw_occupancy": 2 }, "geometry": { "type": "Point", "coordinates": [ 23.347919464111328, 42.659526824951172 ] } },
{ "type": "Feature", "properties": { "latitude": 42.689723968505859, "longitude": 23.249164581298828, "heatmap_weight": 1, "raw_occupancy": 0 }, "geometry": { "type": "Point", "coordinates": [ 23.249164581298828, 42.689723968505859 ] } },
{ "type": "Feature", "properties": { "latitude": 42.804889678955078, "longitude": 23.346584320068359, "heatmap_weight": 4, "raw_occupancy": 1 }, "geometry": { "type": "Point", "coordinates": [ 23.346584320068359, 42.804889678955078 ] } },
{ "type": "Feature", "properties": { "latitude": 42.672531127929688, "longitude": 23.363132476806641, "heatmap_weight": 9, "raw_occupancy": 2 }, "geometry": { "type": "Point", "coordinates": [ 23.363132476806641, 42.672531127929688 ] } },
{ "type": "Feature", "properties": { "latitude": 42.723983764648438, "longitude": 23.243118286132812, "heatmap_weight": 1, "raw_occupancy": 0 }, "geometry": { "type": "Point", "coordinates": [ 23.243118286132812, 42.723983764648438 ] } },
{ "type": "Feature", "properties": { "latitude": 42.684406280517578, "longitude": 23.301374435424805, "heatmap_weight": 9, "raw_occupancy": 2 }, "geometry": { "type": "Point", "coordinates": [ 23.301374435424805, 42.684406280517578 ] } },
{ "type": "Feature", "properties": { "latitude": 42.664775848388672, "longitude": 23.298215866088867, "heatmap_weight": 4, "raw_occupancy": 1 }, "geometry": { "type": "Point", "coordinates": [ 23.298215866088867, 42.664775848388672 ] } },
{ "type": "Feature", "properties": { "latitude": 42.712692260742188, "longitude": 23.384330749511719, "heatmap_weight": 4, "raw_occupancy": 1 }, "geometry": { "type": "Point", "coordinates": [ 23.384330749511719, 42.712692260742188 ] } },
{ "type": "Feature", "properties": { "latitude": 42.705940246582031, "longitude": 23.323638916015625, "heatmap_weight": 4, "raw_occupancy": 1 }, "geometry": { "type": "Point", "coordinates": [ 23.323638916015625, 42.705940246582031 ] } },
{ "type": "Feature", "properties": { "latitude": 42.678203582763672, "longitude": 23.324968338012695, "heatmap_weight": 16, "raw_occupancy": 3 }, "geometry": { "type": "Point", "coordinates": [ 23.324968338012695, 42.678203582763672 ] } },
{ "type": "Feature", "properties": { "latitude": 42.672275543212891, "longitude": 23.335914611816406, "heatmap_weight": 9, "raw_occupancy": 2 }, "geometry": { "type": "Point", "coordinates": [ 23.335914611816406, 42.672275543212891 ] } },
{ "type": "Feature", "properties": { "latitude": 42.674404144287109, "longitude": 23.223047256469727, "heatmap_weight": 4, "raw_occupancy": 1 }, "geometry": { "type": "Point", "coordinates": [ 23.223047256469727, 42.674404144287109 ] } },
{ "type": "Feature", "properties": { "latitude": 42.669303894042969, "longitude": 23.366832733154297, "heatmap_weight": 9, "raw_occupancy": 2 }, "geometry": { "type": "Point", "coordinates": [ 23.366832733154297, 42.669303894042969 ] } },
{ "type": "Feature", "properties": { "latitude": 42.672809600830078, "longitude": 23.347801208496094, "heatmap_weight": 16, "raw_occupancy": 3 }, "geometry": { "type": "Point", "coordinates": [ 23.347801208496094, 42.672809600830078 ] } },
{ "type": "Feature", "properties": { "latitude": 42.704647064208984, "longitude": 23.332794189453125, "heatmap_weight": 1, "raw_occupancy": 0 }, "geometry": { "type": "Point", "coordinates": [ 23.332794189453125, 42.704647064208984 ] } },
{ "type": "Feature", "properties": { "latitude": 42.725051879882812, "longitude": 23.312049865722656, "heatmap_weight": 1, "raw_occupancy": 0 }, "geometry": { "type": "Point", "coordinates": [ 23.312049865722656, 42.725051879882812 ] } },
{ "type": "Feature", "properties": { "latitude": 42.668621063232422, "longitude": 23.368930816650391, "heatmap_weight": 4, "raw_occupancy": 1 }, "geometry": { "type": "Point", "coordinates": [ 23.368930816650391, 42.668621063232422 ] } },
{ "type": "Feature", "properties": { "latitude": 42.702190399169922, "longitude": 23.35969352722168, "heatmap_weight": 16, "raw_occupancy": 3 }, "geometry": { "type": "Point", "coordinates": [ 23.35969352722168, 42.702190399169922 ] } },
{ "type": "Feature", "properties": { "latitude": 42.705169677734375, "longitude": 23.323993682861328, "heatmap_weight": 4, "raw_occupancy": 1 }, "geometry": { "type": "Point", "coordinates": [ 23.323993682861328, 42.705169677734375 ] } }
]
}
