{
"type": "FeatureCollection",
"name": "bus_occupancy_period_3_12-37-39",
"crs": { "type": "name", "properties": { "name": "urn:ogc:def:crs:OGC:1.3:CRS84" } },
"features": [
{ "type": "Feature", "properties": { "latitude": 42.718215942382812, "longitude": 23.232070922851562, "heatmap_weight": 16, "raw_occupancy": 3 }, "geometry": { "type": "Point", "coordinates": [ 23.232070922851562, 42.718215942382812 ] } },
{ "type": "Feature", "properties": { "latitude": 42.637969970703125, "longitude": 23.334253311157227, "heatmap_weight": 4, "raw_occupancy": 1 }, "geometry": { "type": "Point", "coordinates": [ 23.334253311157227, 42.637969970703125 ] } },
{ "type": "Feature", "properties": { "latitude": 42.667556762695312, "longitude": 23.325502395629883, "heatmap_weight": 4, "raw_occupancy": 1 }, "geometry": { "type": "Point", "coordinates": [ 23.325502395629883, 42.667556762695312 ] } },
{ "type": "Feature", "properties": { "latitude": 42.707157135009766, "longitude": 23.14818000793457, "heatmap_weight": 4, "raw_occupancy": 1 }, "geometry": { "type": "Point", "coordinates": [ 23.14818000793457, 42.707157135009766 ] } },
{ "type": "Feature", "properties": { "latitude": 42.700450897216797, "longitude": 23.345418930053711, "heatmap_weight": 4, "raw_occupancy": 1 }, "geometry": { "type": "Point", "coordinates": [ 23.345418930053711, 42.700450897216797 ] } },
{ "type": "Feature", "properties": { "latitude": 42.704742431640625, "longitude": 23.323413848876953, "heatmap_weight": 4, "raw_occupancy": 1 }, "geometry": { "type": "Point", "coordinates": [ 23.323413848876953, 42.704742431640625 ] } },
{ "type": "Feature", "properties": { "latitude": 42.685684204101562, "longitude": 23.330766677856445, "heatmap_weight": 4, "raw_occupancy": 1 }, "geometry": { "type": "Point", "coordinates": [ 23.330766677856445, 42.685684204101562 ] } },
{ "type": "Feature", "properties": { "latitude": 42.664619445800781, "longitude": 23.360506057739258, "heatmap_weight": 9, "raw_occupancy": 2 }, "geometry": { "type": "Point", "coordinates": [ 23.360506057739258, 42.664619445800781 ] } },
{ "type": "Feature", "properties": { "latitude": 42.783344268798828, "longitude": 23.319456100463867, "heatmap_weight": 9, "raw_occupancy": 2 }, "geometry": { "type": "Point", "coordinates": [ 23.319456100463867, 42.783344268798828 ] } },
{ "type": "Feature", "properties": { "latitude": 42.660228729248047, "longitude": 23.300510406494141, "heatmap_weight": 4, "raw_occupancy": 1 }, "geometry": { "type": "Point", "coordinates": [ 23.300510406494141, 42.660228729248047 ] } },
{ "type": "Feature", "properties": { "latitude": 42.70416259765625, "longitude": 23.31135368347168, "heatmap_weight": 9, "raw_occupancy": 2 }, "geometry": { "type": "Point", "coordinates": [ 23.31135368347168, 42.70416259765625 ] } },
{ "type": "Feature", "properties": { "latitude": 42.678230285644531, "longitude": 23.324974060058594, "heatmap_weight": 9, "raw_occupancy": 2 }, "geometry": { "type": "Point", "coordinates": [ 23.324974060058594, 42.678230285644531 ] } },
{ "type": "Feature", "properties": { "latitude": 42.723606109619141, "longitude": 23.305618286132812, "heatmap_weight": 4, "raw_occupancy": 1 }, "geometry": { "type": "Point", "coordinates": [ 23.305618286132812, 42.723606109619141 ] } },
{ "type": "Feature", "properties": { "latitude": 42.700691223144531, "longitude": 23.297357559204102, "heatmap_weight": 4, "raw_occupancy": 1 }, "geometry": { "type": "Point", "coordinates": [ 23.297357559204102, 42.700691223144531 ] } },
{ "type": "Feature", "properties": { "latitude": 42.669513702392578, "longitude": 23.256004333496094, "heatmap_weight": 4, "raw_occupancy": 1 }, "geometry": { "type": "Point", "coordinates": [ 23.256004333496094, 42.669513702392578 ] } },
{ "type": "Feature", "properties": { "latitude": 42.661251068115234, "longitude": 23.284788131713867, "heatmap_weight": 1, "raw_occupancy": 0 }, "geometry": { "type": "Point", "coordinates": [ 23.284788131713867, 42.661251068115234 ] } },
{ "type": "Feature", "properties": { "latitude": 42.701847076416016, "longitude": 23.339282989501953, "heatmap_weight": 4, "raw_occupancy": 1 }, "geometry": { "type": "Point", "coordinates": [ 23.339282989501953, 42.701847076416016 ] } },
{ "type": "Feature", "properties": { "latitude": 42.690406799316406, "longitude": 23.331823348999023, "heatmap_weight": 4, "raw_occupancy": 1 }, "geometry": { "type": "Point", "coordinates": [ 23.331823348999023, 42.690406799316406 ] } },
{ "type": "Feature", "properties": { "latitude": 42.662788391113281, "longitude": 23.253988265991211, "heatmap_weight": 4, "raw_occupancy": 1 }, "geometry": { "type": "Point", "coordinates": [ 23.253988265991211, 42.662788391113281 ] } },
{ "type": "Feature", "properties": { "latitude": 42.714134216308594, "longitude": 23.306825637817383, "heatmap_weight": 4, "raw_occupancy": 1 }, "geometry": { "type": "Point", "coordinates": [ 23.306825637817383, 42.714134216308594 ] } },
{ "type": "Feature", "properties": { "latitude": 42.662765502929688, "longitude": 23.376319885253906, "heatmap_weight": 9, "raw_occupancy": 2 }, "geometry": { "type": "Point", "coordinates": [ 23.376319885253906, 42.662765502929688 ] } },
{ "type": "Feature", "properties": { "latitude": 42.698287963867188, "longitude": 23.33013916015625, "heatmap_weight": 4, "raw_occupancy": 1 }, "geometry": { "type": "Point", "coordinates": [ 23.33013916015625, 42.698287963867188 ] } },
{ "type": "Feature", "properties": { "latitude": 42.700504302978516, "longitude": 23.296928405761719, "heatmap_weight": 9, "raw_occupancy": 2 }, "geometry": { "type": "Point", "coordinates": [ 23.296928405761719, 42.700504302978516 ] } },
{ "type": "Feature", "properties": { "latitude": 42.693805694580078, "longitude": 23.322809219360352, "heatmap_weight": 4, "raw_occupancy": 1 }, "geometry": { "type": "Point", "coordinates": [ 23.322809219360352, 42.693805694580078 ] } },
{ "type": "Feature", "properties": { "latitude": 42.635505676269531, "longitude": 23.408348083496094, "heatmap_weight": 4, "raw_occupancy": 1 }, "geometry": { "type": "Point", "coordinates": [ 23.408348083496094, 42.635505676269531 ] } },
{ "type": "Feature", "properties": { "latitude": 42.706951141357422, "longitude": 23.324333190917969, "heatmap_weight": 4, "raw_occupancy": 1 }, "geometry": { "type": "Point", "coordinates": [ 23.324333190917969, 42.706951141357422 ] } },
{ "type": "Feature", "properties": { "latitude": 42.676029205322266, "longitude": 23.227254867553711, "heatmap_weight": 1, "raw_occupancy": 0 }, "geometry": { "type": "Point", "coordinates": [ 23.227254867553711, 42.676029205322266 ] } },
{ "type": "Feature", "properties": { "latitude": 42.680412292480469, "longitude": 23.281871795654297, "heatmap_weight": 9, "raw_occupancy": 2 }, "geometry": { "type": "Point", "coordinates": [ 23.281871795654297, 42.680412292480469 ] } },
{ "type": "Feature", "properties": { "latitude": 42.685115814208984, "longitude": 23.351570129394531, "heatmap_weight": 9, "raw_occupancy": 2 }, "geometry": { "type": "Point", "coordinates": [ 23.351570129394531, 42.685115814208984 ] } },
{ "type": "Feature", "properties": { "latitude": 42.712955474853516, "longitude": 23.248189926147461, "heatmap_weight": 4, "raw_occupancy": 1 }, "geometry": { "type": "Point", "coordinates": [ 23.248189926147461, 42.712955474853516 ] } },
{ "type": "Feature", "properties": { "latitude": 42.697418212890625, "longitude": 23.314302444458008, "heatmap_weight": 4, "raw_occupancy": 1 }, "geometry": { "type": "Point", "coordinates": [ 23.314302444458008, 42.697418212890625 ] } },
{ "type": "Feature", "properties": { "latitude": 42.672966003417969, "longitude": 23.246566772460938, "heatmap_weight": 4, "raw_occupancy": 1 }, "geometry": { "type": "Point", "coordinates": [ 23.246566772460938, 42.672966003417969 ] } },
{ "type": "Feature", "properties": { "latitude": 42.711524963378906, "longitude": 23.3544921875, "heatmap_weight": 1, "raw_occupancy": 0 }, "geometry": { "type": "Point", "coordinates": [ 23.3544921875, 42.711524963378906 ] } },
{ "type": "Feature", "properties": { "latitude": 42.694892883300781, "longitude": 23.321559906005859, "heatmap_weight": 9, "raw_occupancy": 2 }, "geometry": { "type": "Point", "coordinates": [ 23.321559906005859, 42.694892883300781 ] } },
{ "type": "Feature", "properties": { "latitude": 42.679267883300781, "longitude": 23.360769271850586, "heatmap_weight": 4, "raw_occupancy": 1 }, "geometry": { "type": "Point", "coordinates": [ 23.360769271850586, 42.679267883300781 ] } },
{ "type": "Feature", "properties": { "latitude": 42.628299713134766, "longitude": 23.195207595825195, "heatmap_weight": 4, "raw_occupancy": 1 }, "geometry": { "type": "Point", "coordinates": [ 23.195207595825195, 42.628299713134766 ] } },
{ "type": "Feature", "properties": { "latitude": 42.710975646972656, "longitude": 23.270380020141602, "heatmap_weight": 1, "raw_occupancy": 0 }, "geometry": { "type": "Point", "coordinates": [ 23.270380020141602, 42.710975646972656 ] } },
{ "type": "Feature", "properties": { "latitude": 42.686038970947266, "longitude": 23.331020355224609, "heatmap_weight": 4, "raw_occupancy": 1 }, "geometry": { "type": "Point", "coordinates": [ 23.331020355224609, 42.686038970947266 ] } },
{ "type": "Feature", "properties": { "latitude": 42.659736633300781, "longitude": 23.317150115966797, "heatmap_weight": 4, "raw_occupancy": 1 }, "geometry": { "type": "Point", "coordinates": [ 23.317150115966797, 42.659736633300781 ] } },
{ "type": "Feature", "properties": { "latitude": 42.679512023925781, "longitude": 23.302236557006836, "heatmap_weight": 16, "raw_occupancy": 3 }, "geometry": { "type": "Point", "coordinates": [ 23.302236557006836, 42.679512023925781 ] } },
{ "type": "Feature", "properties": { "latitude": 42.668510437011719, "longitude": 23.278972625732422, "heatmap_weight": 4, "raw_occupancy": 1 }, "geometry": { "type": "Point", "coordinates": [ 23.278972625732422, 42.668510437011719 ] } },
{ "type": "Feature", "properties": { "latitude": 42.646316528320312, "longitude": 23.368181228637695, "heatmap_weight": 1, "raw_occupancy": 0 }, "geometry": { "type": "Point", "coordinates": [ 23.368181228637695, 42.646316528320312 ] } },
{ "type": "Feature", "properties": { "latitude": 42.663650512695312, "longitude": 23.427894592285156, "heatmap_weight": 1, "raw_occupancy": 0 }, "geometry": { "type": "Point", "coordinates": [ 23.427894592285156, 42.663650512695312 ] } },
{ "type": "Feature", "properties": { "latitude": 42.67547607421875, "longitude": 23.358985900878906, "heatmap_weight": 4, "raw_occupancy": 1 }, "geometry": { "type": "Point", "coordinates": [ 23.358985900878906, 42.67547607421875 ] } },
{ "type": "Feature", "properties": { "latitude": 42.678768157958984, "longitude": 23.285232543945312, "heatmap_weight": 4, "raw_occupancy": 1 }, "geometry": { "type": "Point", "coordinates": [ 23.285232543945312, 42.678768157958984 ] } },
{ "type": "Feature", "properties": { "latitude": 42.679096221923828, "longitude": 23.37101936340332, "heatmap_weight": 4, "raw_occupancy": 1 }, "geometry": { "type": "Point", "coordinates": [ 23.37101936340332, 42.679096221923828 ] } },
{ "type": "Feature", "properties": { "latitude": 42.675418853759766, "longitude": 23.288154602050781, "heatmap_weight": 4, "raw_occupancy": 1 }, "geometry": { "type": "Point", "coordinates": [ 23.288154602050781, 42.675418853759766 ] } },
{ "type": "Feature", "properties": { "latitude": 42.685188293457031, "longitude": 23.303888320922852, "heatmap_weight": 9, "raw_occupancy": 2 }, "geometry": { "type": "Point", "coordinates": [ 23.303888320922852, 42.685188293457031 ] } },
{ "type": "Feature", "properties": { "latitude": 42.801048278808594, "longitude": 23.341678619384766, "heatmap_weight": 4, "raw_occupancy": 1 }, "geometry": { "type": "Point", "coordinates": [ 23.341678619384766, 42.801048278808594 ] } },
{ "type": "Feature", "properties": { "latitude": 42.780082702636719, "longitude": 23.312582015991211, "heatmap_weight": 4, "raw_occupancy": 1 }, "geometry": { "type": "Point", "coordinates": [ 23.312582015991211, 42.780082702636719 ] } },
{ "type": "Feature", "properties": { "latitude": 42.661434173583984, "longitude": 23.316921234130859, "heatmap_weight": 1, "raw_occupancy": 0 }, "geometry": { "type": "Point", "coordinates": [ 23.316921234130859, 42.661434173583984 ] } },
{ "type": "Feature", "properties": { "latitude": 42.728691101074219, "longitude": 23.258438110351562, "heatmap_weight": 9, "raw_occupancy": 2 }, "geometry": { "type": "Point", "coordinates": [ 23.258438110351562, 42.728691101074219 ] } },
{ "type": "Feature", "properties": { "latitude": 42.660114288330078, "longitude": 23.272924423217773, "heatmap_weight": 4, "raw_occupancy": 1 }, "geometry": { "type": "Point", "coordinates": [ 23.272924423217773, 42.660114288330078 ] } },
{ "type": "Feature", "properties": { "latitude": 42.713207244873047, "longitude": 23.238254547119141, "heatmap_weight": 1, "raw_occupancy": 0 }, "geometry": { "type": "Point", "coordinates": [ 23.238254547119141, 42.713207244873047 ] } },
{ "type": "Feature", "properties": { "latitude": 42.654632568359375, "longitude": 23.381231307983398, "heatmap_weight": 4, "raw_occupancy": 1 }, "geometry": { "type": "Point", "coordinates": [ 23.381231307983398, 42.654632568359375 ] } },
{ "type": "Feature", "properties": { "latitude": 42.621696472167969, "longitude": 23.348323822021484, "heatmap_weight": 4, "raw_occupancy": 1 }, "geometry": { "type": "Point", "coordinates": [ 23.348323822021484, 42.621696472167969 ] } },
{ "type": "Feature", "properties": { "latitude": 42.652320861816406, "longitude": 23.223293304443359, "heatmap_weight": 16, "raw_occupancy": 3 }, "geometry": { "type": "Point", "coordinates": [ 23.223293304443359, 42.652320861816406 ] } },
{ "type": "Feature", "properties": { "latitude": 42.725296020507812, "longitude": 23.260627746582031, "heatmap_weight": 1, "raw_occupancy": 0 }, "geometry": { "type": "Point", "coordinates": [ 23.260627746582031, 42.725296020507812 ] } },
{ "type": "Feature", "properties": { "latitude": 42.666683197021484, "longitude": 23.337589263916016, "heatmap_weight": 4, "raw_occupancy": 1 }, "geometry": { "type": "Point", "coordinates": [ 23.337589263916016, 42.666683197021484 ] } },
{ "type": "Feature", "properties": { "latitude": 42.714038848876953, "longitude": 23.306777954101562, "heatmap_weight": 9, "raw_occupancy": 2 }, "geometry": { "type": "Point", "coordinates": [ 23.306777954101562, 42.714038848876953 ] } },
{ "type": "Feature", "properties": { "latitude": 42.641796112060547, "longitude": 23.370798110961914, "heatmap_weight": 4, "raw_occupancy": 1 }, "geometry": { "type": "Point", "coordinates": [ 23.370798110961914, 42.641796112060547 ] } },
{ "type": "Feature", "properties": { "latitude": 42.710365295410156, "longitude": 23.349664688110352, "heatmap_weight": 4, "raw_occupancy": 1 }, "geometry": { "type": "Point", "coordinates": [ 23.349664688110352, 42.710365295410156 ] } },
{ "type": "Feature", "properties": { "latitude": 42.699199676513672, "longitude": 23.326702117919922, "heatmap_weight": 4, "raw_occupancy": 1 }, "geometry": { "type": "Point", "coordinates": [ 23.326702117919922, 42.699199676513672 ] } },
{ "type": "Feature", "properties": { "latitude": 42.708568572998047, "longitude": 23.371753692626953, "heatmap_weight": 1, "raw_occupancy": 0 }, "geometry": { "type": "Point", "coordinates": [ 23.371753692626953, 42.708568572998047 ] } },
{ "type": "Feature", "properties": { "latitude": 42.60455322265625, "longitude": 23.472846984863281, "heatmap_weight": 4, "raw_occupancy": 1 }, "geometry": { "type": "Point", "coordinates": [ 23.472846984863281, 42.60455322265625 ] } },
{ "type": "Feature", "properties": { "latitude": 42.755935668945312, "longitude": 23.430349349975586, "heatmap_weight": 1, "raw_occupancy": 0 }, "geometry": { "type": "Point", "coordinates": [ 23.430349349975586, 42.755935668945312 ] } },
{ "type": "Feature", "properties": { "latitude": 42.679119110107422, "longitude": 23.310764312744141, "heatmap_weight": 4, "raw_occupancy": 1 }, "geometry": { "type": "Point", "coordinates": [ 23.310764312744141, 42.679119110107422 ] } },
{ "type": "Feature", "properties": { "latitude": 42.706623077392578, "longitude": 23.300111770629883, "heatmap_weight": 9, "raw_occupancy": 2 }, "geometry": { "type": "Point", "coordinates": [ 23.300111770629883, 42.706623077392578 ] } },
{ "type": "Feature", "properties": { "latitude": 42.621994018554688, "longitude": 23.369834899902344, "heatmap_weight": 9, "raw_occupancy": 2 }, "geometry": { "type": "Point", "coordinates": [ 23.369834899902344, 42.621994018554688 ] } },
{ "type": "Feature", "properties": { "latitude": 42.691280364990234, "longitude": 23.32508659362793, "heatmap_weight": 4, "raw_occupancy": 1 }, "geometry": { "type": "Point", "coordinates": [ 23.32508659362793, 42.691280364990234 ] } },
{ "type": "Feature", "properties": { "latitude": 42.681743621826172, "longitude": 23.315038681030273, "heatmap_weight": 4, "raw_occupancy": 1 }, "geometry": { "type": "Point", "coordinates": [ 23.315038681030273, 42.681743621826172 ] } },
{ "type": "Feature", "properties": { "latitude": 42.688591003417969, "longitude": 23.329610824584961, "heatmap_weight": 9, "raw_occupancy": 2 }, "geometry": { "type": "Point", "coordinates": [ 23.329610824584961, 42.688591003417969 ] } },
{ "type": "Feature", "properties": { "latitude": 42.673343658447266, "longitude": 23.304159164428711, "heatmap_weight": 4, "raw_occupancy": 1 }, "geometry": { "type": "Point", "coordinates": [ 23.304159164428711, 42.673343658447266 ] } },
{ "type": "Feature", "properties": { "latitude": 42.677333831787109, "longitude": 23.355958938598633, "heatmap_weight": 9, "raw_occupancy": 2 }, "geometry": { "type": "Point", "coordinates": [ 23.355958938598633, 42.677333831787109 ] } },
{ "type": "Feature", "properties": { "latitude": 42.646759033203125, "longitude": 23.404804229736328, "heatmap_weight": 4, "raw_occupancy": 1 }, "geometry": { "type": "Point", "coordinates": [ 23.404804229736328, 42.646759033203125 ] } },
{ "type": "Feature", "properties": { "latitude": 42.678367614746094, "longitude": 23.303018569946289, "heatmap_weight": 9, "raw_occupancy": 2 }, "geometry": { "type": "Point", "coordinates": [ 23.303018569946289, 42.678367614746094 ] } },
{ "type": "Feature", "properties": { "latitude": 42.659793853759766, "longitude": 23.285324096679688, "heatmap_weight": 9, "raw_occupancy": 2 }, "geometry": { "type": "Point", "coordinates": [ 23.285324096679688, 42.659793853759766 ] } },
{ "type": "Feature", "properties": { "latitude": 42.707084655761719, "longitude": 23.401742935180664, "heatmap_weight": 9, "raw_occupancy": 2 }, "geometry": { "type": "Point", "coordinates": [ 23.401742935180664, 42.707084655761719 ] } },
{ "type": "Feature", "properties": { "latitude": 42.622119903564453, "longitude": 23.417121887207031, "heatmap_weight": 4, "raw_occupancy": 1 }, "geometry": { "type": "Point", "coordinates": [ 23.417121887207031, 42.622119903564453 ] } },
{ "type": "Feature", "properties": { "latitude": 42.693428039550781, "longitude": 23.334436416625977, "heatmap_weight": 4, "raw_occupancy": 1 }, "geometry": { "type": "Point", "coordinates": [ 23.334436416625977, 42.693428039550781 ] } },
{ "type": "Feature", "properties": { "latitude": 42.715862274169922, "longitude": 23.340208053588867, "heatmap_weight": 9, "raw_occupancy": 2 }, "geometry": { "type": "Point", "coordinates": [ 23.340208053588867, 42.715862274169922 ] } },
{ "type": "Feature", "properties": { "latitude": 42.642986297607422, "longitude": 23.412315368652344, "heatmap_weight": 4, "raw_occupancy": 1 }, "geometry": { "type": "Point", "coordinates": [ 23.412315368652344, 42.642986297607422 ] } },
{ "type": "Feature", "properties": { "latitude": 42.659778594970703, "longitude": 23.317354202270508, "heatmap_weight": 1, "raw_occupancy": 0 }, "geometry": { "type": "Point", "coordinates": [ 23.317354202270508, 42.659778594970703 ] } },
{ "type": "Feature", "properties": { "latitude": 42.706539154052734, "longitude": 23.347049713134766, "heatmap_weight": 4, "raw_occupancy": 1 }, "geometry": { "type": "Point", "coordinates": [ 23.347049713134766, 42.706539154052734 ] } },
{ "type": "Feature", "properties": { "latitude": 42.684730529785156, "longitude": 23.300773620605469, "heatmap_weight": 9, "raw_occupancy": 2 }, "geometry": { "type": "Point", "coordinates": [ 23.300773620605469, 42.684730529785156 ] } },
{ "type": "Feature", "properties": { "latitude": 42.742252349853516, "longitude": 23.277664184570312, "heatmap_weight": 16, "raw_occupancy": 3 }, "geometry": { "type": "Point", "coordinates": [ 23.277664184570312, 42.742252349853516 ] } },
{ "type": "Feature", "properties": { "latitude": 42.674827575683594, "longitude": 23.333995819091797, "heatmap_weight": 4, "raw_occupancy": 1 }, "geometry": { "type": "Point", "coordinates": [ 23.333995819091797, 42.674827575683594 ] } },
{ "type": "Feature", "properties": { "latitude": 42.701023101806641, "longitude": 23.3759765625, "heatmap_weight": 9, "raw_occupancy": 2 }, "geometry": { "type": "Point", "coordinates": [ 23.3759765625, 42.701023101806641 ] } },
{ "type": "Feature", "properties": { "latitude": 42.595382690429688, "longitude": 23.364198684692383, "heatmap_weight": 4, "raw_occupancy": 1 }, "geometry": { "type": "Point", "coordinates": [ 23.364198684692383, 42.595382690429688 ] } },
{ "type": "Feature", "properties": { "latitude": 42.581806182861328, "longitude": 23.421333312988281, "heatmap_weight": 4, "raw_occupancy": 1 }, "geometry": { "type": "Point", "coordinates": [ 23.421333312988281, 42.581806182861328 ] } },
{ "type": "Feature", "properties": { "latitude": 42.762813568115234, "longitude": 23.420965194702148, "heatmap_weight": 1, "raw_occupancy": 0 }, "geometry": { "type": "Point", "coordinates": [ 23.420965194702148, 42.762813568115234 ] } },
{ "type": "Feature", "properties": { "latitude": 42.748218536376953, "longitude": 23.276817321777344, "heatmap_weight": 9, "raw_occupancy": 2 }, "geometry": { "type": "Point", "coordinates": [ 23.276817321777344, 42.748218536376953 ] } },
{ "type": "Feature", "properties": { "latitude": 42.669437408447266, "longitude": 23.279884338378906, "heatmap_weight": 4, "raw_occupancy": 1 }, "geometry": { "type": "Point", "coordinates": [ 23.279884338378906, 42.669437408447266 ] } },
{ "type": "Feature", "properties": { "latitude": 42.675792694091797, "longitude": 23.432889938354492, "heatmap_weight": 4, "raw_occupancy": 1 }, "geometry": { "type": "Point", "coordinates": [ 23.432889938354492, 42.675792694091797 ] } },
{ "type": "Feature", "properties": { "latitude": 42.696220397949219, "longitude": 23.296060562133789, "heatmap_weight": 4, "raw_occupancy": 1 }, "geometry": { "type": "Point", "coordinates": [ 23.296060562133789, 42.696220397949219 ] } },
{ "type": "Feature", "properties": { "latitude": 42.689876556396484, "longitude": 23.259654998779297, "heatmap_weight": 4, "raw_occupancy": 1 }, "geometry": { "type": "Point", "coordinates": [ 23.259654998779297, 42.689876556396484 ] } },
{ "type": "Feature", "properties": { "latitude": 42.710308074951172, "longitude": 23.292804718017578, "heatmap_weight": 4, "raw_occupancy": 1 }, "geometry": { "type": "Point", "coordinates": [ 23.292804718017578, 42.710308074951172 ] } },
{ "type": "Feature", "properties": { "latitude": 42.631111145019531, "longitude": 23.313499450683594, "heatmap_weight": 4, "raw_occupancy": 1 }, "geometry": { "type": "Point", "coordinates": [ 23.313499450683594, 42.631111145019531 ] } },
{ "type": "Feature", "properties": { "latitude": 42.674304962158203, "longitude": 23.277191162109375, "heatmap_weight": 9, "raw_occupancy": 2 }, "geometry": { "type": "Point", "coordinates": [ 23.277191162109375, 42.674304962158203 ] } },
{ "type": "Feature", "properties": { "latitude": 42.734016418457031, "longitude": 23.309051513671875, "heatmap_weight": 4, "raw_occupancy": 1 }, "geometry": { "type": "Point", "coordinates": [ 23.309051513671875, 42.734016418457031 ] } },
{ "type": "Feature", "properties": { "latitude": 42.674819946289062, "longitude": 23.334138870239258, "heatmap_weight": 9, "raw_occupancy": 2 }, "geometry": { "type": "Point", "coordinates": [ 23.334138870239258, 42.674819946289062 ] } },
{ "type": "Feature", "properties": { "latitude": 42.691741943359375, "longitude": 23.335855484008789, "heatmap_weight": 1, "raw_occupancy": 0 }, "geometry": { "type": "Point", "coordinates": [ 23.335855484008789, 42.691741943359375 ] } },
{ "type": "Feature", "properties": { "latitude": 42.637561798095703, "longitude": 23.335123062133789, "heatmap_weight": 1, "raw_occupancy": 0 }, "geometry": { "type": "Point", "coordinates": [ 23.335123062133789, 42.637561798095703 ] } },
{ "type": "Feature", "properties": { "latitude": 42.643520355224609, "longitude": 23.40093994140625, "heatmap_weight": 4, "raw_occupancy": 1 }, "geometry": { "type": "Point", "coordinates": [ 23.40093994140625, 42.643520355224609 ] } },
{ "type": "Feature", "properties": { "latitude": 42.707916259765625, "longitude": 23.357351303100586, "heatmap_weight": 4, "raw_occupancy": 1 }, "geometry": { "type": "Point", "coordinates": [ 23.357351303100586, 42.707916259765625 ] } },
{ "type": "Feature", "properties": { "latitude": 42.728382110595703, "longitude": 23.344303131103516, "heatmap_weight": 1, "raw_occupancy": 0 }, "geometry": { "type": "Point", "coordinates": [ 23.344303131103516, 42.728382110595703 ] } },
{ "type": "Feature", "properties": { "latitude": 42.733272552490234, "longitude": 23.233652114868164, "heatmap_weight": 9, "raw_occupancy": 2 }, "geometry": { "type": "Point", "coordinates": [ 23.233652114868164, 42.733272552490234 ] } },
{ "type": "Feature", "properties": { "latitude": 42.67669677734375, "longitude": 23.306552886962891, "heatmap_weight": 4, "raw_occupancy": 1 }, "geometry": { "type": "Point", "coordinates": [ 23.306552886962891, 42.67669677734375 ] } },
{ "type": "Feature", "properties": { "latitude": 42.651054382324219, "longitude": 23.358682632446289, "heatmap_weight": 9, "raw_occupancy": 2 }, "geometry": { "type": "Point", "coordinates": [ 23.358682632446289, 42.651054382324219 ] } },
{ "type": "Feature", "properties": { "latitude": 42.845413208007812, "longitude": 23.318971633911133, "heatmap_weight": 1, "raw_occupancy": 0 }, "geometry": { "type": "Point", "coordinates": [ 23.318971633911133, 42.845413208007812 ] } },
{ "type": "Feature", "properties": { "latitude": 42.705085754394531, "longitude": 23.325361251831055, "heatmap_weight": 4, "raw_occupancy": 1 }, "geometry": { "type": "Point", "coordinates": [ 23.325361251831055, 42.705085754394531 ] } },
{ "type": "Feature", "properties": { "latitude": 42.686344146728516, "longitude": 23.331546783447266, "heatmap_weight": 4, "raw_occupancy": 1 }, "geometry": { "type": "Point", "coordinates": [ 23.331546783447266, 42.686344146728516 ] } },
{ "type": "Feature", "properties": { "latitude": 42.700019836425781, "longitude": 23.316108703613281, "heatmap_weight": 1, "raw_occupancy": 0 }, "geometry": { "type": "Point", "coordinates": [ 23.316108703613281, 42.700019836425781 ] } },
{ "type": "Feature", "properties": { "latitude": 42.653022766113281, "longitude": 23.347427368164062, "heatmap_weight": 16, "raw_occupancy": 3 }, "geometry": { "type": "Point", "coordinates": [ 23.347427368164062, 42.653022766113281 ] } },
{ "type": "Feature", "properties": { "latitude": 42.691581726074219, "longitude": 23.311206817626953, "heatmap_weight": 4, "raw_occupancy": 1 }, "geometry": { "type": "Point", "coordinates": [ 23.311206817626953, 42.691581726074219 ] } },
{ "type": "Feature", "properties": { "latitude": 42.665706634521484, "longitude": 23.391399383544922, "heatmap_weight": 4, "raw_occupancy": 1 }, "geometry": { "type": "Point", "coordinates": [ 23.391399383544922, 42.665706634521484 ] } },
{ "type": "Feature", "properties": { "latitude": 42.686027526855469, "longitude": 23.255580902099609, "heatmap_weight": 9, "raw_occupancy": 2 }, "geometry": { "type": "Point", "coordinates": [ 23.255580902099609, 42.686027526855469 ] } },
{ "type": "Feature", "properties": { "latitude": 42.665264129638672, "longitude": 23.302665710449219, "heatmap_weight": 9, "raw_occupancy": 2 }, "geometry": { "type": "Point", "coordinates": [ 23.302665710449219, 42.665264129638672 ] } },
{ "type": "Feature", "properties": { "latitude": 42.645343780517578, "longitude": 23.345277786254883, "heatmap_weight": 1, "raw_occupancy": 0 }, "geometry": { "type": "Point", "coordinates": [ 23.345277786254883, 42.645343780517578 ] } },
{ "type": "Feature", "properties": { "latitude": 42.700874328613281, "longitude": 23.294866561889648, "heatmap_weight": 4, "raw_occupancy": 1 }, "geometry": { "type": "Point", "coordinates": [ 23.294866561889648, 42.700874328613281 ] } },
{ "type": "Feature", "properties": { "latitude": 42.653652191162109, "longitude": 23.332098007202148, "heatmap_weight": 16, "raw_occupancy": 3 }, "geometry": { "type": "Point", "coordinates": [ 23.332098007202148, 42.653652191162109 ] } },
{ "type": "Feature", "properties": { "latitude": 42.771457672119141, "longitude": 23.274566650390625, "heatmap_weight": 4, "raw_occupancy": 1 }, "geometry": { "type": "Point", "coordinates": [ 23.274566650390625, 42.771457672119141 ] } },
{ "type": "Feature", "properties": { "latitude": 42.732349395751953, "longitude": 23.296440124511719, "heatmap_weight": 25, "raw_occupancy": 4 }, "geometry": { "type": "Point", "coordinates": [ 23.296440124511719, 42.732349395751953 ] } },
{ "type": "Feature", "properties": { "latitude": 42.657566070556641, "longitude": 23.298358917236328, "heatmap_weight": 1, "raw_occupancy": 0 }, "geometry": { "type": "Point", "coordinates": [ 23.298358917236328, 42.657566070556641 ] } },
{ "type": "Feature", "properties": { "latitude": 42.683639526367188, "longitude": 23.323764801025391, "heatmap_weight": 16, "raw_occupancy": 3 }, "geometry": { "type": "Point", "coordinates": [ 23.323764801025391, 42.683639526367188 ] } },
{ "type": "Feature", "properties": { "latitude": 42.637184143066406, "longitude": 23.370824813842773, "heatmap_weight": 4, "raw_occupancy": 1 }, "geometry": { "type": "Point", "coordinates": [ 23.370824813842773, 42.637184143066406 ] } },
{ "type": "Feature", "properties": { "latitude": 42.664264678955078, "longitude": 23.287269592285156, "heatmap_weight": 4, "raw_occupancy": 1 }, "geometry": { "type": "Point", "coordinates": [ 23.287269592285156, 42.664264678955078 ] } },
{ "type": "Feature", "properties": { "latitude": 42.692958831787109, "longitude": 23.323566436767578, "heatmap_weight": 4, "raw_occupancy": 1 }, "geometry": { "type": "Point", "coordinates": [ 23.323566436767578, 42.692958831787109 ] } },
{ "type": "Feature", "properties": { "latitude": 42.658908843994141, "longitude": 23.315603256225586, "heatmap_weight": 9, "raw_occupancy": 2 }, "geometry": { "type": "Point", "coordinates": [ 23.315603256225586, 42.658908843994141 ] } },
{ "type": "Feature", "properties": { "latitude": 42.669773101806641, "longitude": 23.337841033935547, "heatmap_weight": 9, "raw_occupancy": 2 }, "geometry": { "type": "Point", "coordinates": [ 23.337841033935547, 42.669773101806641 ] } },
{ "type": "Feature", "properties": { "latitude": 42.700344085693359, "longitude": 23.317852020263672, "heatmap_weight": 4, "raw_occupancy": 1 }, "geometry": { "type": "Point", "coordinates": [ 23.317852020263672, 42.700344085693359 ] } },
{ "type": "Feature", "properties": { "latitude": 42.665077209472656, "longitude": 23.355535507202148, "heatmap_weight": 9, "raw_occupancy": 2 }, "geometry": { "type": "Point", "coordinates": [ 23.355535507202148, 42.665077209472656 ] } },
{ "type": "Feature", "properties": { "latitude": 42.669574737548828, "longitude": 23.268810272216797, "heatmap_weight": 9, "raw_occupancy": 2 }, "geometry": { "type": "Point", "coordinates": [ 23.268810272216797, 42.669574737548828 ] } },
{ "type": "Feature", "properties": { "latitude": 42.662094116210938, "longitude": 23.358579635620117, "heatmap_weight": 4, "raw_occupancy": 1 }, "geometry": { "type": "Point", "coordinates": [ 23.358579635620117, 42.662094116210938 ] } },
{ "type": "Feature", "properties": { "latitude": 42.723609924316406, "longitude": 23.294582366943359, "heatmap_weight": 4, "raw_occupancy": 1 }, "geometry": { "type": "Point", "coordinates": [ 23.294582366943359, 42.723609924316406 ] } },
{ "type": "Feature", "properties": { "latitude": 42.700168609619141, "longitude": 23.316484451293945, "heatmap_weight": 4, "raw_occupancy": 1 }, "geometry": { "type": "Point", "coordinates": [ 23.316484451293945, 42.700168609619141 ] } },
{ "type": "Feature", "properties": { "latitude": 42.675697326660156, "longitude": 23.372335433959961, "heatmap_weight": 4, "raw_occupancy": 1 }, "geometry": { "type": "Point", "coordinates": [ 23.372335433959961, 42.675697326660156 ] } },
{ "type": "Feature", "properties": { "latitude": 42.664661407470703, "longitude": 23.298078536987305, "heatmap_weight": 1, "raw_occupancy": 0 }, "geometry": { "type": "Point", "coordinates": [ 23.298078536987305, 42.664661407470703 ] } },
{ "type": "Feature", "properties": { "latitude": 42.699703216552734, "longitude": 23.302396774291992, "heatmap_weight": 9, "raw_occupancy": 2 }, "geometry": { "type": "Point", "coordinates": [ 23.302396774291992, 42.699703216552734 ] } },
{ "type": "Feature", "properties": { "latitude": 42.687305450439453, "longitude": 23.301218032836914, "heatmap_weight": 4, "raw_occupancy": 1 }, "geometry": { "type": "Point", "coordinates": [ 23.301218032836914, 42.687305450439453 ] } },
{ "type": "Feature", "properties": { "latitude": 42.778961181640625, "longitude": 23.496189117431641, "heatmap_weight": 9, "raw_occupancy": 2 }, "geometry": { "type": "Point", "coordinates": [ 23.496189117431641, 42.778961181640625 ] } },
{ "type": "Feature", "properties": { "latitude": 42.694919586181641, "longitude": 23.315231323242188, "heatmap_weight": 4, "raw_occupancy": 1 }, "geometry": { "type": "Point", "coordinates": [ 23.315231323242188, 42.694919586181641 ] } },
{ "type": "Feature", "properties": { "latitude": 42.687328338623047, "longitude": 23.316972732543945, "heatmap_weight": 4, "raw_occupancy": 1 }, "geometry": { "type": "Point", "coordinates": [ 23.316972732543945, 42.687328338623047 ] } },
{ "type": "Feature", "properties": { "latitude": 42.706279754638672, "longitude": 23.308856964111328, "heatmap_weight": 9, "raw_occupancy": 2 }, "geometry": { "type": "Point", "coordinates": [ 23.308856964111328, 42.706279754638672 ] } },
{ "type": "Feature", "properties": { "latitude": 42.690170288085938, "longitude": 23.326539993286133, "heatmap_weight": 4, "raw_occupancy": 1 }, "geometry": { "type": "Point", "coordinates": [ 23.326539993286133, 42.690170288085938 ] } },
{ "type": "Feature", "properties": { "latitude": 42.663963317871094, "longitude": 23.274616241455078, "heatmap_weight": 4, "raw_occupancy": 1 }, "geometry": { "type": "Point", "coordinates": [ 23.274616241455078, 42.663963317871094 ] } },
{ "type": "Feature", "properties": { "latitude": 42.686721801757812, "longitude": 23.330593109130859, "heatmap_weight": 9, "raw_occupancy": 2 }, "geometry": { "type": "Point", "coordinates": [ 23.330593109130859, 42.686721801757812 ] } },
{ "type": "Feature", "properties": { "latitude": 42.738525390625, "longitude": 23.316577911376953, "heatmap_weight": 9, "raw_occupancy": 2 }, "geometry": { "type": "Point", "coordinates": [ 23.316577911376953, 42.738525390625 ] } },
{ "type": "Feature", "properties": { "latitude": 42.744632720947266, "longitude": 23.270364761352539, "heatmap_weight": 1, "raw_occupancy": 0 }, "geometry": { "type": "Point", "coordinates": [ 23.270364761352539, 42.744632720947266 ] } },
{ "type": "Feature", "properties": { "latitude": 42.709632873535156, "longitude": 23.261131286621094, "heatmap_weight": 4, "raw_occupancy": 1 }, "geometry": { "type": "Point", "coordinates": [ 23.261131286621094, 42.709632873535156 ] } },
{ "type": "Feature", "properties": { "latitude": 42.663139343261719, "longitude": 23.357322692871094, "heatmap_weight": 4, "raw_occupancy": 1 }, "geometry": { "type": "Point", "coordinates": [ 23.357322692871094, 42.663139343261719 ] } },
{ "type": "Feature", "properties": { "latitude": 42.663311004638672, "longitude": 23.416893005371094, "heatmap_weight": 4, "raw_occupancy": 1 }, "geometry": { "type": "Point", "coordinates": [ 23.416893005371094, 42.663311004638672 ] } },
{ "type": "Feature", "properties": { "latitude": 42.708099365234375, "longitude": 23.297441482543945, "heatmap_weight": 4, "raw_occupancy": 1 }, "geometry": { "type": "Point", "coordinates": [ 23.297441482543945, 42.708099365234375 ] } },
{ "type": "Feature", "properties": { "latitude": 42.67822265625, "longitude": 23.285482406616211, "heatmap_weight": 4, "raw_occupancy": 1 }, "geometry": { "type": "Point", "coordinates": [ 23.285482406616211, 42.67822265625 ] } },
{ "type": "Feature", "properties": { "latitude": 42.664501190185547, "longitude": 23.461013793945312, "heatmap_weight": 4, "raw_occupancy": 1 }, "geometry": { "type": "Point", "coordinates": [ 23.461013793945312, 42.664501190185547 ] } },
{ "type": "Feature", "properties": { "latitude": 42.705883026123047, "longitude": 23.384286880493164, "heatmap_weight": 4, "raw_occupancy": 1 }, "geometry": { "type": "Point", "coordinates": [ 23.384286880493164, 42.705883026123047 ] } },
{ "type": "Feature", "properties": { "latitude": 42.686016082763672, "longitude": 23.331295013427734, "heatmap_weight": 1, "raw_occupancy": 0 }, "geometry": { "type": "Point", "coordinates": [ 23.331295013427734, 42.686016082763672 ] } },
{ "type": "Feature", "properties": { "latitude": 42.696945190429688, "longitude": 23.353633880615234, "heatmap_weight": 16, "raw_occupancy": 3 }, "geometry": { "type": "Point", "coordinates": [ 23.353633880615234, 42.696945190429688 ] } },
{ "type": "Feature", "properties": { "latitude": 42.736907958984375, "longitude": 23.295751571655273, "heatmap_weight": 9, "raw_occupancy": 2 }, "geometry": { "type": "Point", "coordinates": [ 23.295751571655273, 42.736907958984375 ] } },
{ "type": "Feature", "properties": { "latitude": 42.731113433837891, "longitude": 23.314273834228516, "heatmap_weight": 1, "raw_occupancy": 0 }, "geometry": { "type": "Point", "coordinates": [ 23.314273834228516, 42.731113433837891 ] } },
{ "type": "Feature", "properties": { "latitude": 42.657779693603516, "longitude": 23.339868545532227, "heatmap_weight": 4, "raw_occupancy": 1 }, "geometry": { "type": "Point", "coordinates": [ 23.339868545532227, 42.657779693603516 ] } },
{ "type": "Feature", "properties": { "latitude": 42.726799011230469, "longitude": 23.312326431274414, "heatmap_weight": 4, "raw_occupancy": 1 }, "geometry": { "type": "Point", "coordinates": [ 23.312326431274414, 42.726799011230469 ] } },
{ "type": "Feature", "properties": { "latitude": 42.642566680908203, "longitude": 23.334648132324219, "heatmap_weight": 1, "raw_occupancy": 0 }, "geometry": { "type": "Point", "coordinates": [ 23.334648132324219, 42.642566680908203 ] } },
{ "type": "Feature", "properties": { "latitude": 42.707054138183594, "longitude": 23.18181037902832, "heatmap_weight": 4, "raw_occupancy": 1 }, "geometry": { "type": "Point", "coordinates": [ 23.18181037902832, 42.707054138183594 ] } },
{ "type": "Feature", "properties": { "latitude": 42.687301635742188, "longitude": 23.301210403442383, "heatmap_weight": 9, "raw_occupancy": 2 }, "geometry": { "type": "Point", "coordinates": [ 23.301210403442383, 42.687301635742188 ] } },
{ "type": "Feature", "properties": { "latitude": 42.676368713378906, "longitude": 23.233304977416992, "heatmap_weight": 4, "raw_occupancy": 1 }, "geometry": { "type": "Point", "coordinates": [ 23.233304977416992, 42.676368713378906 ] } },
{ "type": "Feature", "properties": { "latitude": 42.810825347900391, "longitude": 23.278783798217773, "heatmap_weight": 4, "raw_occupancy": 1 }, "geometry": { "type": "Point", "coordinates": [ 23.278783798217773, 42.810825347900391 ] } },
{ "type": "Feature", "properties": { "latitude": 42.659217834472656, "longitude": 23.395624160766602, "heatmap_weight": 4, "raw_occupancy": 1 }, "geometry": { "type": "Point", "coordinates": [ 23.395624160766602, 42.659217834472656 ] } },
{ "type": "Feature", "properties": { "latitude": 42.771995544433594, "longitude": 23.362098693847656, "heatmap_weight": 4, "raw_occupancy": 1 }, "geometry": { "type": "Point", "coordinates": [ 23.362098693847656, 42.771995544433594 ] } },
{ "type": "Feature", "properties": { "latitude": 42.649280548095703, "longitude": 23.415731430053711, "heatmap_weight": 1, "raw_occupancy": 0 }, "geometry": { "type": "Point", "coordinates": [ 23.415731430053711, 42.649280548095703 ] } },
{ "type": "Feature", "properties": { "latitude": 42.669536590576172, "longitude": 23.368715286254883, "heatmap_weight": 9, "raw_occupancy": 2 }, "geometry": { "type": "Point", "coordinates": [ 23.368715286254883, 42.669536590576172 ] } },
{ "type": "Feature", "properties": { "latitude": 42.649486541748047, "longitude": 23.263595581054688, "heatmap_weight": 9, "raw_occupancy": 2 }, "geometry": { "type": "Point", "coordinates": [ 23.263595581054688, 42.649486541748047 ] } },
{ "type": "Feature", "properties": { "latitude": 42.733890533447266, "longitude": 23.485034942626953, "heatmap_weight": 4, "raw_occupancy": 1 }, "geometry": { "type": "Point", "coordinates": [ 23.485034942626953, 42.733890533447266 ] } },
{ "type": "Feature", "properties": { "latitude": 42.649505615234375, "longitude": 23.315475463867188, "heatmap_weight": 9, "raw_occupancy": 2 }, "geometry": { "type": "Point", "coordinates": [ 23.315475463867188, 42.649505615234375 ] } },
{ "type": "Feature", "properties": { "latitude": 42.710796356201172, "longitude": 23.380250930786133, "heatmap_weight": 4, "raw_occupancy": 1 }, "geometry": { "type": "Point", "coordinates": [ 23.380250930786133, 42.710796356201172 ] } },
{ "type": "Feature", "properties": { "latitude": 42.715061187744141, "longitude": 23.252910614013672, "heatmap_weight": 9, "raw_occupancy": 2 }, "geometry": { "type": "Point", "coordinates": [ 23.252910614013672, 42.715061187744141 ] } },
{ "type": "Feature", "properties": { "latitude": 42.705078125, "longitude": 23.317537307739258, "heatmap_weight": 4, "raw_occupancy": 1 }, "geometry": { "type": "Point", "coordinates": [ 23.317537307739258, 42.705078125 ] } },
{ "type": "Feature", "properties": { "latitude": 42.678916931152344, "longitude": 23.291868209838867, "heatmap_weight": 4, "raw_occupancy": 1 }, "geometry": { "type": "Point", "coordinates": [ 23.291868209838867, 42.678916931152344 ] } },
{ "type": "Feature", "properties": { "latitude": 42.688945770263672, "longitude": 23.362693786621094, "heatmap_weight": 4, "raw_occupancy": 1 }, "geometry": { "type": "Point", "coordinates": [ 23.362693786621094, 42.688945770263672 ] } },
{ "type": "Feature", "properties": { "latitude": 42.682220458984375, "longitude": 23.462533950805664, "heatmap_weight": 1, "raw_occupancy": 0 }, "geometry": { "type": "Point", "coordinates": [ 23.462533950805664, 42.682220458984375 ] } },
{ "type": "Feature", "properties": { "latitude": 42.680393218994141, "longitude": 23.373249053955078, "heatmap_weight": 1, "raw_occupancy": 0 }, "geometry": { "type": "Point", "coordinates": [ 23.373249053955078, 42.680393218994141 ] } },
{ "type": "Feature", "properties": { "latitude": 42.670696258544922, "longitude": 23.293127059936523, "heatmap_weight": 9, "raw_occupancy": 2 }, "geometry": { "type": "Point", "coordinates": [ 23.293127059936523, 42.670696258544922 ] } },
{ "type": "Feature", "properties": { "latitude": 42.550132751464844, "longitude": 23.465980529785156, "heatmap_weight": 1, "raw_occupancy": 0 }, "geometry": { "type": "Point", "coordinates": [ 23.465980529785156, 42.550132751464844 ] } },
{ "type": "Feature", "properties": { "latitude": 42.730270385742188, "longitude": 23.313264846801758, "heatmap_weight": 1, "raw_occupancy": 0 }, "geometry": { "type": "Point", "coordinates": [ 23.313264846801758, 42.730270385742188 ] } },
{ "type": "Feature", "properties": { "latitude": 42.706771850585938, "longitude": 23.382595062255859, "heatmap_weight": 4, "raw_occupancy": 1 }, "geometry": { "type": "Point", "coordinates": [ 23.382595062255859, 42.706771850585938 ] } },
{ "type": "Feature", "properties": { "latitude": 42.649784088134766, "longitude": 23.367101669311523, "heatmap_weight": 4, "raw_occupancy": 1 }, "geometry": { "type": "Point", "coordinates": [ 23.367101669311523, 42.649784088134766 ] } },
{ "type": "Feature", "properties": { "latitude": 42.685195922851562, "longitude": 23.376960754394531, "heatmap_weight": 9, "raw_occupancy": 2 }, "geometry": { "type": "Point", "coordinates": [ 23.376960754394531, 42.685195922851562 ] } },
{ "type": "Feature", "properties": { "latitude": 42.708827972412109, "longitude": 23.131162643432617, "heatmap_weight": 4, "raw_occupancy": 1 }, "geometry": { "type": "Point", "coordinates": [ 23.131162643432617, 42.708827972412109 ] } },
{ "type": "Feature", "properties": { "latitude": 42.710121154785156, "longitude": 23.346418380737305, "heatmap_weight": 4, "raw_occupancy": 1 }, "geometry": { "type": "Point", "coordinates": [ 23.346418380737305, 42.710121154785156 ] } },
{ "type": "Feature", "properties": { "latitude": 42.701320648193359, "longitude": 23.310493469238281, "heatmap_weight": 9, "raw_occupancy": 2 }, "geometry": { "type": "Point", "coordinates": [ 23.310493469238281, 42.701320648193359 ] } },
{ "type": "Feature", "properties": { "latitude": 42.691738128662109, "longitude": 23.309774398803711, "heatmap_weight": 4, "raw_occupancy": 1 }, "geometry": { "type": "Point", "coordinates": [ 23.309774398803711, 42.691738128662109 ] } },
{ "type": "Feature", "properties": { "latitude": 42.712352752685547, "longitude": 23.288814544677734, "heatmap_weight": 9, "raw_occupancy": 2 }, "geometry": { "type": "Point", "coordinates": [ 23.288814544677734, 42.712352752685547 ] } },
{ "type": "Feature", "properties": { "latitude": 42.687931060791016, "longitude": 23.329008102416992, "heatmap_weight": 1, "raw_occupancy": 0 }, "geometry": { "type": "Point", "coordinates": [ 23.329008102416992, 42.687931060791016 ] } },
{ "type": "Feature", "properties": { "latitude": 42.654457092285156, "longitude": 23.372762680053711, "heatmap_weight": 4, "raw_occupancy": 1 }, "geometry": { "type": "Point", "coordinates": [ 23.372762680053711, 42.654457092285156 ] } },
{ "type": "Feature", "properties": { "latitude": 42.676219940185547, "longitude": 23.28856086730957, "heatmap_weight": 4, "raw_occupancy": 1 }, "geometry": { "type": "Point", "coordinates": [ 23.28856086730957, 42.676219940185547 ] } },
{ "type": "Feature", "properties": { "latitude": 42.668834686279297, "longitude": 23.366853713989258, "heatmap_weight": 4, "raw_occupancy": 1 }, "geometry": { "type": "Point", "coordinates": [ 23.366853713989258, 42.668834686279297 ] } },
{ "type": "Feature", "properties": { "latitude": 42.674808502197266, "longitude": 23.290431976318359, "heatmap_weight": 9, "raw_occupancy": 2 }, "geometry": { "type": "Point", "coordinates": [ 23.290431976318359, 42.674808502197266 ] } },
{ "type": "Feature", "properties": { "latitude": 42.721973419189453, "longitude": 23.311635971069336, "heatmap_weight": 4, "raw_occupancy": 1 }, "geometry": { "type": "Point", "coordinates": [ 23.311635971069336, 42.721973419189453 ] } },
{ "type": "Feature", "properties": { "latitude": 42.674411773681641, "longitude": 23.379571914672852, "heatmap_weight": 4, "raw_occupancy": 1 }, "geometry": { "type": "Point", "coordinates": [ 23.379571914672852, 42.674411773681641 ] } },
{ "type": "Feature", "properties": { "latitude": 42.706138610839844, "longitude": 23.36088752746582, "heatmap_weight": 1, "raw_occupancy": 0 }, "geometry": { "type": "Point", "coordinates": [ 23.36088752746582, 42.706138610839844 ] } },
{ "type": "Feature", "properties": { "latitude": 42.675479888916016, "longitude": 23.303516387939453, "heatmap_weight": 4, "raw_occupancy": 1 }, "geometry": { "type": "Point", "coordinates": [ 23.303516387939453, 42.675479888916016 ] } },
{ "type": "Feature", "properties": { "latitude": 42.701423645019531, "longitude": 23.310449600219727, "heatmap_weight": 4, "raw_occupancy": 1 }, "geometry": { "type": "Point", "coordinates": [ 23.310449600219727, 42.701423645019531 ] } },
{ "type": "Feature", "properties": { "latitude": 42.657936096191406, "longitude": 23.328439712524414, "heatmap_weight": 4, "raw_occupancy": 1 }, "geometry": { "type": "Point", "coordinates": [ 23.328439712524414, 42.657936096191406 ] } },
{ "type": "Feature", "properties": { "latitude": 42.711528778076172, "longitude": 23.337150573730469, "heatmap_weight": 4, "raw_occupancy": 1 }, "geometry": { "type": "Point", "coordinates": [ 23.337150573730469, 42.711528778076172 ] } },
{ "type": "Feature", "properties": { "latitude": 42.666309356689453, "longitude": 23.300321578979492, "heatmap_weight": 4, "raw_occupancy": 1 }, "geometry": { "type": "Point", "coordinates": [ 23.300321578979492, 42.666309356689453 ] } },
{ "type": "Feature", "properties": { "latitude": 42.688930511474609, "longitude": 23.334268569946289, "heatmap_weight": 4, "raw_occupancy": 1 }, "geometry": { "type": "Point", "coordinates": [ 23.334268569946289, 42.688930511474609 ] } },
{ "type": "Feature", "properties": { "latitude": 42.673610687255859, "longitude": 23.381538391113281, "heatmap_weight": 4, "raw_occupancy": 1 }, "geometry": { "type": "Point", "coordinates": [ 23.381538391113281, 42.673610687255859 ] } },
{ "type": "Feature", "properties": { "latitude": 42.695159912109375, "longitude": 23.320878982543945, "heatmap_weight": 4, "raw_occupancy": 1 }, "geometry": { "type": "Point", "coordinates": [ 23.320878982543945, 42.695159912109375 ] } },
{ "type": "Feature", "properties": { "latitude": 42.688915252685547, "longitude": 23.314807891845703, "heatmap_weight": 16, "raw_occupancy": 3 }, "geometry": { "type": "Point", "coordinates": [ 23.314807891845703, 42.688915252685547 ] } },
{ "type": "Feature", "properties": { "latitude": 42.676891326904297, "longitude": 23.268028259277344, "heatmap_weight": 4, "raw_occupancy": 1 }, "geometry": { "type": "Point", "coordinates": [ 23.268028259277344, 42.676891326904297 ] } },
{ "type": "Feature", "properties": { "latitude": 42.678165435791016, "longitude": 23.298952102661133, "heatmap_weight": 4, "raw_occupancy": 1 }, "geometry": { "type": "Point", "coordinates": [ 23.298952102661133, 42.678165435791016 ] } },
{ "type": "Feature", "properties": { "latitude": 42.785289764404297, "longitude": 23.500345230102539, "heatmap_weight": 9, "raw_occupancy": 2 }, "geometry": { "type": "Point", "coordinates": [ 23.500345230102539, 42.785289764404297 ] } },
{ "type": "Feature", "properties": { "latitude": 42.665550231933594, "longitude": 23.371883392333984, "heatmap_weight": 9, "raw_occupancy": 2 }, "geometry": { "type": "Point", "coordinates": [ 23.371883392333984, 42.665550231933594 ] } },
{ "type": "Feature", "properties": { "latitude": 42.697467803955078, "longitude": 23.330055236816406, "heatmap_weight": 9, "raw_occupancy": 2 }, "geometry": { "type": "Point", "coordinates": [ 23.330055236816406, 42.697467803955078 ] } },
{ "type": "Feature", "properties": { "latitude": 42.689712524414062, "longitude": 23.314043045043945, "heatmap_weight": 4, "raw_occupancy": 1 }, "geometry": { "type": "Point", "coordinates": [ 23.314043045043945, 42.689712524414062 ] } },
{ "type": "Feature", "properties": { "latitude": 42.70574951171875, "longitude": 23.316089630126953, "heatmap_weight": 1, "raw_occupancy": 0 }, "geometry": { "type": "Point", "coordinates": [ 23.316089630126953, 42.70574951171875 ] } },
{ "type": "Feature", "properties": { "latitude": 42.674236297607422, "longitude": 23.36036491394043, "heatmap_weight": 9, "raw_occupancy": 2 }, "geometry": { "type": "Point", "coordinates": [ 23.36036491394043, 42.674236297607422 ] } },
{ "type": "Feature", "properties": { "latitude": 42.717334747314453, "longitude": 23.135671615600586, "heatmap_weight": 4, "raw_occupancy": 1 }, "geometry": { "type": "Point", "coordinates": [ 23.135671615600586, 42.717334747314453 ] } },
{ "type": "Feature", "properties": { "latitude": 42.659294128417969, "longitude": 23.348024368286133, "heatmap_weight": 9, "raw_occupancy": 2 }, "geometry": { "type": "Point", "coordinates": [ 23.348024368286133, 42.659294128417969 ] } },
{ "type": "Feature", "properties": { "latitude": 42.673759460449219, "longitude": 23.286640167236328, "heatmap_weight": 4, "raw_occupancy": 1 }, "geometry": { "type": "Point", "coordinates": [ 23.286640167236328, 42.673759460449219 ] } },
{ "type": "Feature", "properties": { "latitude": 42.632431030273438, "longitude": 23.38029670715332, "heatmap_weight": 4, "raw_occupancy": 1 }, "geometry": { "type": "Point", "coordinates": [ 23.38029670715332, 42.632431030273438 ] } },
{ "type": "Feature", "properties": { "latitude": 42.654781341552734, "longitude": 23.336124420166016, "heatmap_weight": 9, "raw_occupancy": 2 }, "geometry": { "type": "Point", "coordinates": [ 23.336124420166016, 42.654781341552734 ] } },
{ "type": "Feature", "properties": { "latitude": 42.719276428222656, "longitude": 23.311590194702148, "heatmap_weight": 1, "raw_occupancy": 0 }, "geometry": { "type": "Point", "coordinates": [ 23.311590194702148, 42.719276428222656 ] } },
{ "type": "Feature", "properties": { "latitude": 42.705371856689453, "longitude": 23.311891555786133, "heatmap_weight": 9, "raw_occupancy": 2 }, "geometry": { "type": "Point", "coordinates": [ 23.311891555786133, 42.705371856689453 ] } },
{ "type": "Feature", "properties": { "latitude": 42.696151733398438, "longitude": 23.315282821655273, "heatmap_weight": 4, "raw_occupancy": 1 }, "geometry": { "type": "Point", "coordinates": [ 23.315282821655273, 42.696151733398438 ] } },
{ "type": "Feature", "properties": { "latitude": 42.687759399414062, "longitude": 23.315988540649414, "heatmap_weight": 4, "raw_occupancy": 1 }, "geometry": { "type": "Point", "coordinates": [ 23.315988540649414, 42.687759399414062 ] } },
{ "type": "Feature", "properties": { "latitude": 42.662567138671875, "longitude": 23.415651321411133, "heatmap_weight": 4, "raw_occupancy": 1 }, "geometry": { "type": "Point", "coordinates": [ 23.415651321411133, 42.662567138671875 ] } },
{ "type": "Feature", "properties": { "latitude": 42.674217224121094, "longitude": 23.360692977905273, "heatmap_weight": 9, "raw_occupancy": 2 }, "geometry": { "type": "Point", "coordinates": [ 23.360692977905273, 42.674217224121094 ] } },
{ "type": "Feature", "properties": { "latitude": 42.660194396972656, "longitude": 23.316822052001953, "heatmap_weight": 4, "raw_occupancy": 1 }, "geometry": { "type": "Point", "coordinates": [ 23.316822052001953, 42.660194396972656 ] } },
{ "type": "Feature", "properties": { "latitude": 42.672462463378906, "longitude": 23.381702423095703, "heatmap_weight": 9, "raw_occupancy": 2 }, "geometry": { "type": "Point", "coordinates": [ 23.381702423095703, 42.672462463378906 ] } },
{ "type": "Feature", "properties": { "latitude": 42.719184875488281, "longitude": 23.30912971496582, "heatmap_weight": 1, "raw_occupancy": 0 }, "geometry": { "type": "Point", "coordinates": [ 23.30912971496582, 42.719184875488281 ] } },
{ "type": "Feature", "properties": { "latitude": 42.650310516357422, "longitude": 23.357900619506836, "heatmap_weight": 9, "raw_occupancy": 2 }, "geometry": { "type": "Point", "coordinates": [ 23.357900619506836, 42.650310516357422 ] } },
{ "type": "Feature", "properties": { "latitude": 42.695255279541016, "longitude": 23.318395614624023, "heatmap_weight": 4, "raw_occupancy": 1 }, "geometry": { "type": "Point", "coordinates": [ 23.318395614624023, 42.695255279541016 ] } },
{ "type": "Feature", "properties": { "latitude": 42.668338775634766, "longitude": 23.298858642578125, "heatmap_weight": 4, "raw_occupancy": 1 }, "geometry": { "type": "Point", "coordinates": [ 23.298858642578125, 42.668338775634766 ] } },
{ "type": "Feature", "properties": { "latitude": 42.706657409667969, "longitude": 23.300046920776367, "heatmap_weight": 4, "raw_occupancy": 1 }, "geometry": { "type": "Point", "coordinates": [ 23.300046920776367, 42.706657409667969 ] } },
{ "type": "Feature", "properties": { "latitude": 42.658584594726562, "longitude": 23.382757186889648, "heatmap_weight": 4, "raw_occupancy": 1 }, "geometry": { "type": "Point", "coordinates": [ 23.382757186889648, 42.658584594726562 ] } },
{ "type": "Feature", "properties": { "latitude": 42.701171875, "longitude": 23.293184280395508, "heatmap_weight": 16, "raw_occupancy": 3 }, "geometry": { "type": "Point", "coordinates": [ 23.293184280395508, 42.701171875 ] } },
{ "type": "Feature", "properties": { "latitude": 42.66522216796875, "longitude": 23.259824752807617, "heatmap_weight": 16, "raw_occupancy": 3 }, "geometry": { "type": "Point", "coordinates": [ 23.259824752807617, 42.66522216796875 ] } },
{ "type": "Feature", "properties": { "latitude": 42.687931060791016, "longitude": 23.321615219116211, "heatmap_weight": 4, "raw_occupancy": 1 }, "geometry": { "type": "Point", "coordinates": [ 23.321615219116211, 42.687931060791016 ] } },
{ "type": "Feature", "properties": { "latitude": 42.702178955078125, "longitude": 23.358678817749023, "heatmap_weight": 4, "raw_occupancy": 1 }, "geometry": { "type": "Point", "coordinates": [ 23.358678817749023, 42.702178955078125 ] } },
{ "type": "Feature", "properties": { "latitude": 42.675895690917969, "longitude": 23.288887023925781, "heatmap_weight": 9, "raw_occupancy": 2 }, "geometry": { "type": "Point", "coordinates": [ 23.288887023925781, 42.675895690917969 ] } },
{ "type": "Feature", "properties": { "latitude": 42.706333160400391, "longitude": 23.302482604980469, "heatmap_weight": 9, "raw_occupancy": 2 }, "geometry": { "type": "Point", "coordinates": [ 23.302482604980469, 42.706333160400391 ] } },
{ "type": "Feature", "properties": { "latitude": 42.629871368408203, "longitude": 23.373373031616211, "heatmap_weight": 4, "raw_occupancy": 1 }, "geometry": { "type": "Point", "coordinates": [ 23.373373031616211, 42.629871368408203 ] } },
{ "type": "Feature", "properties": { "latitude": 42.693027496337891, "longitude": 23.355449676513672, "heatmap_weight": 9, "raw_occupancy": 2 }, "geometry": { "type": "Point", "coordinates": [ 23.355449676513672, 42.693027496337891 ] } },
{ "type": "Feature", "properties": { "latitude": 42.684741973876953, "longitude": 23.349445343017578, "heatmap_weight": 9, "raw_occupancy": 2 }, "geometry": { "type": "Point", "coordinates": [ 23.349445343017578, 42.684741973876953 ] } },
{ "type": "Feature", "properties": { "latitude": 42.717014312744141, "longitude": 23.237539291381836, "heatmap_weight": 4, "raw_occupancy": 1 }, "geometry": { "type": "Point", "coordinates": [ 23.237539291381836, 42.717014312744141 ] } },
{ "type": "Feature", "properties": { "latitude": 42.719768524169922, "longitude": 23.311140060424805, "heatmap_weight": 4, "raw_occupancy": 1 }, "geometry": { "type": "Point", "coordinates": [ 23.311140060424805, 42.719768524169922 ] } },
{ "type": "Feature", "properties": { "latitude": 42.705078125, "longitude": 23.325592041015625, "heatmap_weight": 9, "raw_occupancy": 2 }, "geometry": { "type": "Point", "coordinates": [ 23.325592041015625, 42.705078125 ] } },
{ "type": "Feature", "properties": { "latitude": 42.708934783935547, "longitude": 23.318330764770508, "heatmap_weight": 4, "raw_occupancy": 1 }, "geometry": { "type": "Point", "coordinates": [ 23.318330764770508, 42.708934783935547 ] } },
{ "type": "Feature", "properties": { "latitude": 42.654495239257812, "longitude": 23.411083221435547, "heatmap_weight": 1, "raw_occupancy": 0 }, "geometry": { "type": "Point", "coordinates": [ 23.411083221435547, 42.654495239257812 ] } },
{ "type": "Feature", "properties": { "latitude": 42.681064605712891, "longitude": 23.331537246704102, "heatmap_weight": 1, "raw_occupancy": 0 }, "geometry": { "type": "Point", "coordinates": [ 23.331537246704102, 42.681064605712891 ] } },
{ "type": "Feature", "properties": { "latitude": 42.698795318603516, "longitude": 23.307950973510742, "heatmap_weight": 9, "raw_occupancy": 2 }, "geometry": { "type": "Point", "coordinates": [ 23.307950973510742, 42.698795318603516 ] } },
{ "type": "Feature", "properties": { "latitude": 42.746726989746094, "longitude": 23.274862289428711, "heatmap_weight": 4, "raw_occupancy": 1 }, "geometry": { "type": "Point", "coordinates": [ 23.274862289428711, 42.746726989746094 ] } },
{ "type": "Feature", "properties": { "latitude": 42.693958282470703, "longitude": 23.315069198608398, "heatmap_weight": 4, "raw_occupancy": 1 }, "geometry": { "type": "Point", "coordinates": [ 23.315069198608398, 42.693958282470703 ] } },
{ "type": "Feature", "properties": { "latitude": 42.685832977294922, "longitude": 23.343925476074219, "heatmap_weight": 9, "raw_occupancy": 2 }, "geometry": { "type": "Point", "coordinates": [ 23.343925476074219, 42.685832977294922 ] } },
{ "type": "Feature", "properties": { "latitude": 42.685462951660156, "longitude": 23.344892501831055, "heatmap_weight": 4, "raw_occupancy": 1 }, "geometry": { "type": "Point", "coordinates": [ 23.344892501831055, 42.685462951660156 ] } },
{ "type": "Feature", "properties": { "latitude": 42.6964111328125, "longitude": 23.321020126342773, "heatmap_weight": 4, "raw_occupancy": 1 }, "geometry": { "type": "Point", "coordinates": [ 23.321020126342773, 42.6964111328125 ] } },
{ "type": "Feature", "properties": { "latitude": 42.6627197265625, "longitude": 23.253667831420898, "heatmap_weight": 1, "raw_occupancy": 0 }, "geometry": { "type": "Point", "coordinates": [ 23.253667831420898, 42.6627197265625 ] } },
{ "type": "Feature", "properties": { "latitude": 42.711360931396484, "longitude": 23.271305084228516, "heatmap_weight": 9, "raw_occupancy": 2 }, "geometry": { "type": "Point", "coordinates": [ 23.271305084228516, 42.711360931396484 ] } },
{ "type": "Feature", "properties": { "latitude": 42.661121368408203, "longitude": 23.378753662109375, "heatmap_weight": 9, "raw_occupancy": 2 }, "geometry": { "type": "Point", "coordinates": [ 23.378753662109375, 42.661121368408203 ] } },
{ "type": "Feature", "properties": { "latitude": 42.681873321533203, "longitude": 23.313539505004883, "heatmap_weight": 9, "raw_occupancy": 2 }, "geometry": { "type": "Point", "coordinates": [ 23.313539505004883, 42.681873321533203 ] } },
{ "type": "Feature", "properties": { "latitude": 42.73907470703125, "longitude": 23.326988220214844, "heatmap_weight": 1, "raw_occupancy": 0 }, "geometry": { "type": "Point", "coordinates": [ 23.326988220214844, 42.73907470703125 ] } },
{ "type": "Feature", "properties": { "latitude": 42.660381317138672, "longitude": 23.373781204223633, "heatmap_weight": 1, "raw_occupancy": 0 }, "geometry": { "type": "Point", "coordinates": [ 23.373781204223633, 42.660381317138672 ] } },
{ "type": "Feature", "properties": { "latitude": 42.623054504394531, "longitude": 23.191198348999023, "heatmap_weight": 4, "raw_occupancy": 1 }, "geometry": { "type": "Point", "coordinates": [ 23.191198348999023, 42.623054504394531 ] } },
{ "type": "Feature", "properties": { "latitude": 42.708110809326172, "longitude": 23.333999633789062, "heatmap_weight": 4, "raw_occupancy": 1 }, "geometry": { "type": "Point", "coordinates": [ 23.333999633789062, 42.708110809326172 ] } },
{ "type": "Feature", "properties": { "latitude": 42.665500640869141, "longitude": 23.362636566162109, "heatmap_weight": 9, "raw_occupancy": 2 }, "geometry": { "type": "Point", "coordinates": [ 23.362636566162109, 42.665500640869141 ] } },
{ "type": "Feature", "properties": { "latitude": 42.758880615234375, "longitude": 23.205131530761719, "heatmap_weight": 4, "raw_occupancy": 1 }, "geometry": { "type": "Point", "coordinates": [ 23.205131530761719, 42.758880615234375 ] } },
{ "type": "Feature", "properties": { "latitude": 42.656051635742188, "longitude": 23.276817321777344, "heatmap_weight": 4, "raw_occupancy": 1 }, "geometry": { "type": "Point", "coordinates": [ 23.276817321777344, 42.656051635742188 ] } },
{ "type": "Feature", "properties": { "latitude": 42.734706878662109, "longitude": 23.291843414306641, "heatmap_weight": 9, "raw_occupancy": 2 }, "geometry": { "type": "Point", "coordinates": [ 23.291843414306641, 42.734706878662109 ] } },
{ "type": "Feature", "properties": { "latitude": 42.676364898681641, "longitude": 23.268333435058594, "heatmap_weight": 16, "raw_occupancy": 3 }, "geometry": { "type": "Point", "coordinates": [ 23.268333435058594, 42.676364898681641 ] } },
{ "type": "Feature", "properties": { "latitude": 42.586212158203125, "longitude": 23.360504150390625, "heatmap_weight": 1, "raw_occupancy": 0 }, "geometry": { "type": "Point", "coordinates": [ 23.360504150390625, 42.586212158203125 ] } },
{ "type": "Feature", "properties": { "latitude": 42.780181884765625, "longitude": 23.374845504760742, "heatmap_weight": 1, "raw_occupancy": 0 }, "geometry": { "type": "Point", "coordinates": [ 23.374845504760742, 42.780181884765625 ] } },
{ "type": "Feature", "properties": { "latitude": 42.713943481445312, "longitude": 23.312986373901367, "heatmap_weight": 4, "raw_occupancy": 1 }, "geometry": { "type": "Point", "coordinates": [ 23.312986373901367, 42.713943481445312 ] } },
{ "type": "Feature", "properties": { "latitude": 42.704196929931641, "longitude": 23.311304092407227, "heatmap_weight": 4, "raw_occupancy": 1 }, "geometry": { "type": "Point", "coordinates": [ 23.311304092407227, 42.704196929931641 ] } },
{ "type": "Feature", "properties": { "latitude": 42.707801818847656, "longitude": 23.145877838134766, "heatmap_weight": 9, "raw_occupancy": 2 }, "geometry": { "type": "Point", "coordinates": [ 23.145877838134766, 42.707801818847656 ] } },
{ "type": "Feature", "properties": { "latitude": 42.685470581054688, "longitude": 23.304964065551758, "heatmap_weight": 9, "raw_occupancy": 2 }, "geometry": { "type": "Point", "coordinates": [ 23.304964065551758, 42.685470581054688 ] } },
{ "type": "Feature", "properties": { "latitude": 42.713333129882812, "longitude": 23.3841552734375, "heatmap_weight": 1, "raw_occupancy": 0 }, "geometry": { "type": "Point", "coordinates": [ 23.3841552734375, 42.713333129882812 ] } },
{ "type": "Feature", "properties": { "latitude": 42.656604766845703, "longitude": 23.322105407714844, "heatmap_weight": 9, "raw_occupancy": 2 }, "geometry": { "type": "Point", "coordinates": [ 23.322105407714844, 42.656604766845703 ] } },
{ "type": "Feature", "properties": { "latitude": 42.646804809570312, "longitude": 23.345882415771484, "heatmap_weight": 1, "raw_occupancy": 0 }, "geometry": { "type": "Point", "coordinates": [ 23.345882415771484, 42.646804809570312 ] } },
{ "type": "Feature", "properties": { "latitude": 42.675228118896484, "longitude": 23.402517318725586, "heatmap_weight": 4, "raw_occupancy": 1 }, "geometry": { "type": "Point", "coordinates": [ 23.402517318725586, 42.675228118896484 ] } },
{ "type": "Feature", "properties": { "latitude": 42.692226409912109, "longitude": 23.28022575378418, "heatmap_weight": 9, "raw_occupancy": 2 }, "geometry": { "type": "Point", "coordinates": [ 23.28022575378418, 42.692226409912109 ] } },
{ "type": "Feature", "properties": { "latitude": 42.694328308105469, "longitude": 23.294870376586914, "heatmap_weight": 9, "raw_occupancy": 2 }, "geometry": { "type": "Point", "coordinates": [ 23.294870376586914, 42.694328308105469 ] } },
{ "type": "Feature", "properties": { "latitude": 42.746421813964844, "longitude": 23.27484130859375, "heatmap_weight": 1, "raw_occupancy": 0 }, "geometry": { "type": "Point", "coordinates": [ 23.27484130859375, 42.746421813964844 ] } },
{ "type": "Feature", "properties": { "latitude": 42.698818206787109, "longitude": 23.33629035949707, "heatmap_weight": 4, "raw_occupancy": 1 }, "geometry": { "type": "Point", "coordinates": [ 23.33629035949707, 42.698818206787109 ] } },
{ "type": "Feature", "properties": { "latitude": 42.702964782714844, "longitude": 23.385995864868164, "heatmap_weight": 1, "raw_occupancy": 0 }, "geometry": { "type": "Point", "coordinates": [ 23.385995864868164, 42.702964782714844 ] } },
{ "type": "Feature", "properties": { "latitude": 42.704208374023438, "longitude": 23.33311653137207, "heatmap_weight": 1, "raw_occupancy": 0 }, "geometry": { "type": "Point", "coordinates": [ 23.33311653137207, 42.704208374023438 ] } },
{ "type": "Feature", "properties": { "latitude": 42.692272186279297, "longitude": 23.311002731323242, "heatmap_weight": 4, "raw_occupancy": 1 }, "geometry": { "type": "Point", "coordinates": [ 23.311002731323242, 42.692272186279297 ] } },
{ "type": "Feature", "properties": { "latitude": 42.639541625976562, "longitude": 23.410314559936523, "heatmap_weight": 9, "raw_occupancy": 2 }, "geometry": { "type": "Point", "coordinates": [ 23.410314559936523, 42.639541625976562 ] } },
{ "type": "Feature", "properties": { "latitude": 42.640892028808594, "longitude": 23.372688293457031, "heatmap_weight": 4, "raw_occupancy": 1 }, "geometry": { "type": "Point", "coordinates": [ 23.372688293457031, 42.640892028808594 ] } },
{ "type": "Feature", "properties": { "latitude": 42.706050872802734, "longitude": 23.401744842529297, "heatmap_weight": 16, "raw_occupancy": 3 }, "geometry": { "type": "Point", "coordinates": [ 23.401744842529297, 42.706050872802734 ] } },
{ "type": "Feature", "properties": { "latitude": 42.649967193603516, "longitude": 23.361364364624023, "heatmap_weight": 4, "raw_occupancy": 1 }, "geometry": { "type": "Point", "coordinates": [ 23.361364364624023, 42.649967193603516 ] } },
{ "type": "Feature", "properties": { "latitude": 42.694747924804688, "longitude": 23.33491325378418, "heatmap_weight": 4, "raw_occupancy": 1 }, "geometry": { "type": "Point", "coordinates": [ 23.33491325378418, 42.694747924804688 ] } },
{ "type": "Feature", "properties": { "latitude": 42.696613311767578, "longitude": 23.338100433349609, "heatmap_weight": 9, "raw_occupancy": 2 }, "geometry": { "type": "Point", "coordinates": [ 23.338100433349609, 42.696613311767578 ] } },
{ "type": "Feature", "properties": { "latitude": 42.731090545654297, "longitude": 23.294778823852539, "heatmap_weight": 4, "raw_occupancy": 1 }, "geometry": { "type": "Point", "coordinates": [ 23.294778823852539, 42.731090545654297 ] } },
{ "type": "Feature", "properties": { "latitude": 42.6943359375, "longitude": 23.295000076293945, "heatmap_weight": 4, "raw_occupancy": 1 }, "geometry": { "type": "Point", "coordinates": [ 23.295000076293945, 42.6943359375 ] } },
{ "type": "Feature", "properties": { "latitude": 42.656822204589844, "longitude": 23.317502975463867, "heatmap_weight": 1, "raw_occupancy": 0 }, "geometry": { "type": "Point", "coordinates": [ 23.317502975463867, 42.656822204589844 ] } },
{ "type": "Feature", "properties": { "latitude": 42.706432342529297, "longitude": 23.332353591918945, "heatmap_weight": 1, "raw_occupancy": 0 }, "geometry": { "type": "Point", "coordinates": [ 23.332353591918945, 42.706432342529297 ] } },
{ "type": "Feature", "properties": { "latitude": 42.664894104003906, "longitude": 23.259670257568359, "heatmap_weight": 1, "raw_occupancy": 0 }, "geometry": { "type": "Point", "coordinates": [ 23.259670257568359, 42.664894104003906 ] } },
{ "type": "Feature", "properties": { "latitude": 42.690555572509766, "longitude": 23.331785202026367, "heatmap_weight": 16, "raw_occupancy": 3 }, "geometry": { "type": "Point", "coordinates": [ 23.331785202026367, 42.690555572509766 ] } },
{ "type": "Feature", "properties": { "latitude": 42.65277099609375, "longitude": 23.347389221191406, "heatmap_weight": 4, "raw_occupancy": 1 }, "geometry": { "type": "Point", "coordinates": [ 23.347389221191406, 42.65277099609375 ] } },
{ "type": "Feature", "properties": { "latitude": 42.662540435791016, "longitude": 23.293512344360352, "heatmap_weight": 1, "raw_occupancy": 0 }, "geometry": { "type": "Point", "coordinates": [ 23.293512344360352, 42.662540435791016 ] } },
{ "type": "Feature", "properties": { "latitude": 42.705711364746094, "longitude": 23.316980361938477, "heatmap_weight": 4, "raw_occupancy": 1 }, "geometry": { "type": "Point", "coordinates": [ 23.316980361938477, 42.705711364746094 ] } },
{ "type": "Feature", "properties": { "latitude": 42.690410614013672, "longitude": 23.33662223815918, "heatmap_weight": 16, "raw_occupancy": 3 }, "geometry": { "type": "Point", "coordinates": [ 23.33662223815918, 42.690410614013672 ] } },
{ "type": "Feature", "properties": { "latitude": 42.726779937744141, "longitude": 23.316072463989258, "heatmap_weight": 4, "raw_occupancy": 1 }, "geometry": { "type": "Point", "coordinates": [ 23.316072463989258, 42.726779937744141 ] } },
{ "type": "Feature", "properties": { "latitude": 42.693618774414062, "longitude": 23.367122650146484, "heatmap_weight": 9, "raw_occupancy": 2 }, "geometry": { "type": "Point", "coordinates": [ 23.367122650146484, 42.693618774414062 ] } },
{ "type": "Feature", "properties": { "latitude": 42.697200775146484, "longitude": 23.28662109375, "heatmap_weight": 9, "raw_occupancy": 2 }, "geometry": { "type": "Point", "coordinates": [ 23.28662109375, 42.697200775146484 ] } },
{ "type": "Feature", "properties": { "latitude": 42.563106536865234, "longitude": 23.363330841064453, "heatmap_weight": 4, "raw_occupancy": 1 }, "geometry": { "type": "Point", "coordinates": [ 23.363330841064453, 42.563106536865234 ] } },
{ "type": "Feature", "properties": { "latitude": 42.681694030761719, "longitude": 23.314252853393555, "heatmap_weight": 9, "raw_occupancy": 2 }, "geometry": { "type": "Point", "coordinates": [ 23.314252853393555, 42.681694030761719 ] } },
{ "type": "Feature", "properties": { "latitude": 42.686676025390625, "longitude": 23.2998046875, "heatmap_weight": 4, "raw_occupancy": 1 }, "geometry": { "type": "Point", "coordinates": [ 23.2998046875, 42.686676025390625 ] } },
{ "type": "Feature", "properties": { "latitude": 42.636383056640625, "longitude": 23.372953414916992, "heatmap_weight": 1, "raw_occupancy": 0 }, "geometry": { "type": "Point", "coordinates": [ 23.372953414916992, 42.636383056640625 ] } },
{ "type": "Feature", "properties": { "latitude": 42.659114837646484, "longitude": 23.242059707641602, "heatmap_weight": 1, "raw_occupancy": 0 }, "geometry": { "type": "Point", "coordinates": [ 23.242059707641602, 42.659114837646484 ] } },
{ "type": "Feature", "properties": { "latitude": 42.691375732421875, "longitude": 23.309078216552734, "heatmap_weight": 4, "raw_occupancy": 1 }, "geometry": { "type": "Point", "coordinates": [ 23.309078216552734, 42.691375732421875 ] } },
{ "type": "Feature", "properties": { "latitude": 42.713279724121094, "longitude": 23.315011978149414, "heatmap_weight": 9, "raw_occupancy": 2 }, "geometry": { "type": "Point", "coordinates": [ 23.315011978149414, 42.713279724121094 ] } },
{ "type": "Feature", "properties": { "latitude": 42.70977783203125, "longitude": 23.318279266357422, "heatmap_weight": 1, "raw_occupancy": 0 }, "geometry": { "type": "Point", "coordinates": [ 23.318279266357422, 42.70977783203125 ] } },
{ "type": "Feature", "properties": { "latitude": 42.754940032958984, "longitude": 23.319759368896484, "heatmap_weight": 16, "raw_occupancy": 3 }, "geometry": { "type": "Point", "coordinates": [ 23.319759368896484, 42.754940032958984 ] } },
{ "type": "Feature", "properties": { "latitude": 42.698131561279297, "longitude": 23.271749496459961, "heatmap_weight": 9, "raw_occupancy": 2 }, "geometry": { "type": "Point", "coordinates": [ 23.271749496459961, 42.698131561279297 ] } },
{ "type": "Feature", "properties": { "latitude": 42.71636962890625, "longitude": 23.296604156494141, "heatmap_weight": 9, "raw_occupancy": 2 }, "geometry": { "type": "Point", "coordinates": [ 23.296604156494141, 42.71636962890625 ] } },
{ "type": "Feature", "properties": { "latitude": 42.693378448486328, "longitude": 23.282218933105469, "heatmap_weight": 4, "raw_occupancy": 1 }, "geometry": { "type": "Point", "coordinates": [ 23.282218933105469, 42.693378448486328 ] } },
{ "type": "Feature", "properties": { "latitude": 42.674751281738281, "longitude": 23.305463790893555, "heatmap_weight": 4, "raw_occupancy": 1 }, "geometry": { "type": "Point", "coordinates": [ 23.305463790893555, 42.674751281738281 ] } },
{ "type": "Feature", "properties": { "latitude": 42.733600616455078, "longitude": 23.308126449584961, "heatmap_weight": 9, "raw_occupancy": 2 }, "geometry": { "type": "Point", "coordinates": [ 23.308126449584961, 42.733600616455078 ] } },
{ "type": "Feature", "properties": { "latitude": 42.707443237304688, "longitude": 23.323188781738281, "heatmap_weight": 9, "raw_occupancy": 2 }, "geometry": { "type": "Point", "coordinates": [ 23.323188781738281, 42.707443237304688 ] } },
{ "type": "Feature", "properties": { "latitude": 42.69439697265625, "longitude": 23.314727783203125, "heatmap_weight": 9, "raw_occupancy": 2 }, "geometry": { "type": "Point", "coordinates": [ 23.314727783203125, 42.69439697265625 ] } },
{ "type": "Feature", "properties": { "latitude": 42.681545257568359, "longitude": 23.331903457641602, "heatmap_weight": 9, "raw_occupancy": 2 }, "geometry": { "type": "Point", "coordinates": [ 23.331903457641602, 42.681545257568359 ] } },
{ "type": "Feature", "properties": { "latitude": 42.671768188476562, "longitude": 23.272863388061523, "heatmap_weight": 1, "raw_occupancy": 0 }, "geometry": { "type": "Point", "coordinates": [ 23.272863388061523, 42.671768188476562 ] } },
{ "type": "Feature", "properties": { "latitude": 42.732650756835938, "longitude": 23.554641723632812, "heatmap_weight": 4, "raw_occupancy": 1 }, "geometry": { "type": "Point", "coordinates": [ 23.554641723632812, 42.732650756835938 ] } },
{ "type": "Feature", "properties": { "latitude": 42.675479888916016, "longitude": 23.296731948852539, "heatmap_weight": 4, "raw_occupancy": 1 }, "geometry": { "type": "Point", "coordinates": [ 23.296731948852539, 42.675479888916016 ] } },
{ "type": "Feature", "properties": { "latitude": 42.656845092773438, "longitude": 23.316181182861328, "heatmap_weight": 4, "raw_occupancy": 1 }, "geometry": { "type": "Point", "coordinates": [ 23.316181182861328, 42.656845092773438 ] } },
{ "type": "Feature", "properties": { "latitude": 42.654430389404297, "longitude": 23.281332015991211, "heatmap_weight": 4, "raw_occupancy": 1 }, "geometry": { "type": "Point", "coordinates": [ 23.281332015991211, 42.654430389404297 ] } },
{ "type": "Feature", "properties": { "latitude": 42.698684692382812, "longitude": 23.335231781005859, "heatmap_weight": 4, "raw_occupancy": 1 }, "geometry": { "type": "Point", "coordinates": [ 23.335231781005859, 42.698684692382812 ] } },
{ "type": "Feature", "properties": { "latitude": 42.657238006591797, "longitude": 23.349308013916016, "heatmap_weight": 1, "raw_occupancy": 0 }, "geometry": { "type": "Point", "coordinates": [ 23.349308013916016, 42.657238006591797 ] } },
{ "type": "Feature", "properties": { "latitude": 42.661502838134766, "longitude": 23.284294128417969, "heatmap_weight": 1, "raw_occupancy": 0 }, "geometry": { "type": "Point", "coordinates": [ 23.284294128417969, 42.661502838134766 ] } },
{ "type": "Feature", "properties": { "latitude": 42.701927185058594, "longitude": 23.287792205810547, "heatmap_weight": 4, "raw_occupancy": 1 }, "geometry": { "type": "Point", "coordinates": [ 23.287792205810547, 42.701927185058594 ] } },
{ "type": "Feature", "properties": { "latitude": 42.684791564941406, "longitude": 23.301267623901367, "heatmap_weight": 4, "raw_occupancy": 1 }, "geometry": { "type": "Point", "coordinates": [ 23.301267623901367, 42.684791564941406 ] } },
{ "type": "Feature", "properties": { "latitude": 42.803810119628906, "longitude": 23.345157623291016, "heatmap_weight": 9, "raw_occupancy": 2 }, "geometry": { "type": "Point", "coordinates": [ 23.345157623291016, 42.803810119628906 ] } },
{ "type": "Feature", "properties": { "latitude": 42.706275939941406, "longitude": 23.309654235839844, "heatmap_weight": 9, "raw_occupancy": 2 }, "geometry": { "type": "Point", "coordinates": [ 23.309654235839844, 42.706275939941406 ] } },
{ "type": "Feature", "properties": { "latitude": 42.700237274169922, "longitude": 23.297298431396484, "heatmap_weight": 9, "raw_occupancy": 2 }, "geometry": { "type": "Point", "coordinates": [ 23.297298431396484, 42.700237274169922 ] } },
{ "type": "Feature", "properties": { "latitude": 42.793190002441406, "longitude": 23.312440872192383, "heatmap_weight": 1, "raw_occupancy": 0 }, "geometry": { "type": "Point", "coordinates": [ 23.312440872192383, 42.793190002441406 ] } },
{ "type": "Feature", "properties": { "latitude": 42.669815063476562, "longitude": 23.367340087890625, "heatmap_weight": 16, "raw_occupancy": 3 }, "geometry": { "type": "Point", "coordinates": [ 23.367340087890625, 42.669815063476562 ] } },
{ "type": "Feature", "properties": { "latitude": 42.701171875, "longitude": 23.310796737670898, "heatmap_weight": 4, "raw_occupancy": 1 }, "geometry": { "type": "Point", "coordinates": [ 23.310796737670898, 42.701171875 ] } },
{ "type": "Feature", "properties": { "latitude": 42.718086242675781, "longitude": 23.272806167602539, "heatmap_weight": 4, "raw_occupancy": 1 }, "geometry": { "type": "Point", "coordinates": [ 23.272806167602539, 42.718086242675781 ] } },
{ "type": "Feature", "properties": { "latitude": 42.704021453857422, "longitude": 23.333139419555664, "heatmap_weight": 1, "raw_occupancy": 0 }, "geometry": { "type": "Point", "coordinates": [ 23.333139419555664, 42.704021453857422 ] } },
{ "type": "Feature", "properties": { "latitude": 42.646862030029297, "longitude": 23.341970443725586, "heatmap_weight": 4, "raw_occupancy": 1 }, "geometry": { "type": "Point", "coordinates": [ 23.341970443725586, 42.646862030029297 ] } },
{ "type": "Feature", "properties": { "latitude": 42.703445434570312, "longitude": 23.389474868774414, "heatmap_weight": 4, "raw_occupancy": 1 }, "geometry": { "type": "Point", "coordinates": [ 23.389474868774414, 42.703445434570312 ] } },
{ "type": "Feature", "properties": { "latitude": 42.658226013183594, "longitude": 23.342048645019531, "heatmap_weight": 9, "raw_occupancy": 2 }, "geometry": { "type": "Point", "coordinates": [ 23.342048645019531, 42.658226013183594 ] } },
{ "type": "Feature", "properties": { "latitude": 42.674396514892578, "longitude": 23.375234603881836, "heatmap_weight": 1, "raw_occupancy": 0 }, "geometry": { "type": "Point", "coordinates": [ 23.375234603881836, 42.674396514892578 ] } },
{ "type": "Feature", "properties": { "latitude": 42.693733215332031, "longitude": 23.366962432861328, "heatmap_weight": 9, "raw_occupancy": 2 }, "geometry": { "type": "Point", "coordinates": [ 23.366962432861328, 42.693733215332031 ] } },
{ "type": "Feature", "properties": { "latitude": 42.718986511230469, "longitude": 23.254495620727539, "heatmap_weight": 9, "raw_occupancy": 2 }, "geometry": { "type": "Point", "coordinates": [ 23.254495620727539, 42.718986511230469 ] } },
{ "type": "Feature", "properties": { "latitude": 42.696784973144531, "longitude": 23.33781623840332, "heatmap_weight": 4, "raw_occupancy": 1 }, "geometry": { "type": "Point", "coordinates": [ 23.33781623840332, 42.696784973144531 ] } },
{ "type": "Feature", "properties": { "latitude": 42.700946807861328, "longitude": 23.297428131103516, "heatmap_weight": 1, "raw_occupancy": 0 }, "geometry": { "type": "Point", "coordinates": [ 23.297428131103516, 42.700946807861328 ] } },
{ "type": "Feature", "properties": { "latitude": 42.689472198486328, "longitude": 23.247625350952148, "heatmap_weight": 1, "raw_occupancy": 0 }, "geometry": { "type": "Point", "coordinates": [ 23.247625350952148, 42.689472198486328 ] } },
{ "type": "Feature", "properties": { "latitude": 42.714672088623047, "longitude": 23.165864944458008, "heatmap_weight": 16, "raw_occupancy": 3 }, "geometry": { "type": "Point", "coordinates": [ 23.165864944458008, 42.714672088623047 ] } },
{ "type": "Feature", "properties": { "latitude": 42.679023742675781, "longitude": 23.254304885864258, "heatmap_weight": 4, "raw_occupancy": 1 }, "geometry": { "type": "Point", "coordinates": [ 23.254304885864258, 42.679023742675781 ] } },
{ "type": "Feature", "properties": { "latitude": 42.693675994873047, "longitude": 23.35528564453125, "heatmap_weight": 4, "raw_occupancy": 1 }, "geometry": { "type": "Point", "coordinates": [ 23.35528564453125, 42.693675994873047 ] } },
{ "type": "Feature", "properties": { "latitude": 42.667789459228516, "longitude": 23.265707015991211, "heatmap_weight": 1, "raw_occupancy": 0 }, "geometry": { "type": "Point", "coordinates": [ 23.265707015991211, 42.667789459228516 ] } },
{ "type": "Feature", "properties": { "latitude": 42.66876220703125, "longitude": 23.279666900634766, "heatmap_weight": 4, "raw_occupancy": 1 }, "geometry": { "type": "Point", "coordinates": [ 23.279666900634766, 42.66876220703125 ] } },
{ "type": "Feature", "properties": { "latitude": 42.705352783203125, "longitude": 23.323833465576172, "heatmap_weight": 4, "raw_occupancy": 1 }, "geometry": { "type": "Point", "coordinates": [ 23.323833465576172, 42.705352783203125 ] } },
{ "type": "Feature", "properties": { "latitude": 42.621841430664062, "longitude": 23.439592361450195, "heatmap_weight": 1, "raw_occupancy": 0 }, "geometry": { "type": "Point", "coordinates": [ 23.439592361450195, 42.621841430664062 ] } },
{ "type": "Feature", "properties": { "latitude": 42.698005676269531, "longitude": 23.32606315612793, "heatmap_weight": 4, "raw_occupancy": 1 }, "geometry": { "type": "Point", "coordinates": [ 23.32606315612793, 42.698005676269531 ] } },
{ "type": "Feature", "properties": { "latitude": 42.704822540283203, "longitude": 23.333219528198242, "heatmap_weight": 4, "raw_occupancy": 1 }, "geometry": { "type": "Point", "coordinates": [ 23.333219528198242, 42.704822540283203 ] } },
{ "type": "Feature", "properties": { "latitude": 42.798572540283203, "longitude": 23.421873092651367, "heatmap_weight": 1, "raw_occupancy": 0 }, "geometry": { "type": "Point", "coordinates": [ 23.421873092651367, 42.798572540283203 ] } },
{ "type": "Feature", "properties": { "latitude": 42.71136474609375, "longitude": 23.319858551025391, "heatmap_weight": 4, "raw_occupancy": 1 }, "geometry": { "type": "Point", "coordinates": [ 23.319858551025391, 42.71136474609375 ] } },
{ "type": "Feature", "properties": { "latitude": 42.701705932617188, "longitude": 23.339675903320312, "heatmap_weight": 9, "raw_occupancy": 2 }, "geometry": { "type": "Point", "coordinates": [ 23.339675903320312, 42.701705932617188 ] } },
{ "type": "Feature", "properties": { "latitude": 42.693447113037109, "longitude": 23.323036193847656, "heatmap_weight": 1, "raw_occupancy": 0 }, "geometry": { "type": "Point", "coordinates": [ 23.323036193847656, 42.693447113037109 ] } },
{ "type": "Feature", "properties": { "latitude": 42.660701751708984, "longitude": 23.389871597290039, "heatmap_weight": 4, "raw_occupancy": 1 }, "geometry": { "type": "Point", "coordinates": [ 23.389871597290039, 42.660701751708984 ] } },
{ "type": "Feature", "properties": { "latitude": 42.710247039794922, "longitude": 23.384443283081055, "heatmap_weight": 4, "raw_occupancy": 1 }, "geometry": { "type": "Point", "coordinates": [ 23.384443283081055, 42.710247039794922 ] } },
{ "type": "Feature", "properties": { "latitude": 42.696170806884766, "longitude": 23.347328186035156, "heatmap_weight": 9, "raw_occupancy": 2 }, "geometry": { "type": "Point", "coordinates": [ 23.347328186035156, 42.696170806884766 ] } },
{ "type": "Feature", "properties": { "latitude": 42.702053070068359, "longitude": 23.333654403686523, "heatmap_weight": 4, "raw_occupancy": 1 }, "geometry": { "type": "Point", "coordinates": [ 23.333654403686523, 42.702053070068359 ] } },
{ "type": "Feature", "properties": { "latitude": 42.694091796875, "longitude": 23.294450759887695, "heatmap_weight": 9, "raw_occupancy": 2 }, "geometry": { "type": "Point", "coordinates": [ 23.294450759887695, 42.694091796875 ] } },
{ "type": "Feature", "properties": { "latitude": 42.722785949707031, "longitude": 23.542629241943359, "heatmap_weight": 9, "raw_occupancy": 2 }, "geometry": { "type": "Point", "coordinates": [ 23.542629241943359, 42.722785949707031 ] } },
{ "type": "Feature", "properties": { "latitude": 42.694339752197266, "longitude": 23.335424423217773, "heatmap_weight": 1, "raw_occupancy": 0 }, "geometry": { "type": "Point", "coordinates": [ 23.335424423217773, 42.694339752197266 ] } },
{ "type": "Feature", "properties": { "latitude": 42.721076965332031, "longitude": 23.241788864135742, "heatmap_weight": 4, "raw_occupancy": 1 }, "geometry": { "type": "Point", "coordinates": [ 23.241788864135742, 42.721076965332031 ] } },
{ "type": "Feature", "properties": { "latitude": 42.708702087402344, "longitude": 23.33465576171875, "heatmap_weight": 16, "raw_occupancy": 3 }, "geometry": { "type": "Point", "coordinates": [ 23.33465576171875, 42.708702087402344 ] } },
{ "type": "Feature", "properties": { "latitude": 42.662162780761719, "longitude": 23.295783996582031, "heatmap_weight": 1, "raw_occupancy": 0 }, "geometry": { "type": "Point", "coordinates": [ 23.295783996582031, 42.662162780761719 ] } },
{ "type": "Feature", "properties": { "latitude": 42.724594116210938, "longitude": 23.281423568725586, "heatmap_weight": 4, "raw_occupancy": 1 }, "geometry": { "type": "Point", "coordinates": [ 23.281423568725586, 42.724594116210938 ] } },
{ "type": "Feature", "properties": { "latitude": 42.765876770019531, "longitude": 23.196304321289062, "heatmap_weight": 4, "raw_occupancy": 1 }, "geometry": { "type": "Point", "coordinates": [ 23.196304321289062, 42.765876770019531 ] } },
{ "type": "Feature", "properties": { "latitude": 42.700054168701172, "longitude": 23.31743049621582, "heatmap_weight": 1, "raw_occupancy": 0 }, "geometry": { "type": "Point", "coordinates": [ 23.31743049621582, 42.700054168701172 ] } },
{ "type": "Feature", "properties": { "latitude": 42.706836700439453, "longitude": 23.32366943359375, "heatmap_weight": 4, "raw_occupancy": 1 }, "geometry": { "type": "Point", "coordinates": [ 23.32366943359375, 42.706836700439453 ] } },
{ "type": "Feature", "properties": { "latitude": 42.708770751953125, "longitude": 23.313240051269531, "heatmap_weight": 4, "raw_occupancy": 1 }, "geometry": { "type": "Point", "coordinates": [ 23.313240051269531, 42.708770751953125 ] } },
{ "type": "Feature", "properties": { "latitude": 42.657669067382812, "longitude": 23.359260559082031, "heatmap_weight": 9, "raw_occupancy": 2 }, "geometry": { "type": "Point", "coordinates": [ 23.359260559082031, 42.657669067382812 ] } },
{ "type": "Feature", "properties": { "latitude": 42.671352386474609, "longitude": 23.321102142333984, "heatmap_weight": 9, "raw_occupancy": 2 }, "geometry": { "type": "Point", "coordinates": [ 23.321102142333984, 42.671352386474609 ] } },
{ "type": "Feature", "properties": { "latitude": 42.737289428710938, "longitude": 23.317619323730469, "heatmap_weight": 1, "raw_occupancy": 0 }, "geometry": { "type": "Point", "coordinates": [ 23.317619323730469, 42.737289428710938 ] } },
{ "type": "Feature", "properties": { "latitude": 42.662609100341797, "longitude": 23.376623153686523, "heatmap_weight": 16, "raw_occupancy": 3 }, "geometry": { "type": "Point", "coordinates": [ 23.376623153686523, 42.662609100341797 ] } },
{ "type": "Feature", "properties": { "latitude": 42.649040222167969, "longitude": 23.377542495727539, "heatmap_weight": 4, "raw_occupancy": 1 }, "geometry": { "type": "Point", "coordinates": [ 23.377542495727539, 42.649040222167969 ] } },
{ "type": "Feature", "properties": { "latitude": 42.647449493408203, "longitude": 23.376663208007812, "heatmap_weight": 4, "raw_occupancy": 1 }, "geometry": { "type": "Point", "coordinates": [ 23.376663208007812, 42.647449493408203 ] } },
{ "type": "Feature", "properties": { "latitude": 42.714313507080078, "longitude": 23.255378723144531, "heatmap_weight": 4, "raw_occupancy": 1 }, "geometry": { "type": "Point", "coordinates": [ 23.255378723144531, 42.714313507080078 ] } },
{ "type": "Feature", "properties": { "latitude": 42.665477752685547, "longitude": 23.391044616699219, "heatmap_weight": 9, "raw_occupancy": 2 }, "geometry": { "type": "Point", "coordinates": [ 23.391044616699219, 42.665477752685547 ] } },
{ "type": "Feature", "properties": { "latitude": 42.676410675048828, "longitude": 23.359674453735352, "heatmap_weight": 4, "raw_occupancy": 1 }, "geometry": { "type": "Point", "coordinates": [ 23.359674453735352, 42.676410675048828 ] } },
{ "type": "Feature", "properties": { "latitude": 42.708282470703125, "longitude": 23.322919845581055, "heatmap_weight": 4, "raw_occupancy": 1 }, "geometry": { "type": "Point", "coordinates": [ 23.322919845581055, 42.708282470703125 ] } },
{ "type": "Feature", "properties": { "latitude": 42.688472747802734, "longitude": 23.325071334838867, "heatmap_weight": 4, "raw_occupancy": 1 }, "geometry": { "type": "Point", "coordinates": [ 23.325071334838867, 42.688472747802734 ] } },
{ "type": "Feature", "properties": { "latitude": 42.658672332763672, "longitude": 23.415063858032227, "heatmap_weight": 4, "raw_occupancy": 1 }, "geometry": { "type": "Point", "coordinates": [ 23.415063858032227, 42.658672332763672 ] } },
{ "type": "Feature", "properties": { "latitude": 42.658203125, "longitude": 23.342538833618164, "heatmap_weight": 9, "raw_occupancy": 2 }, "geometry": { "type": "Point", "coordinates": [ 23.342538833618164, 42.658203125 ] } },
{ "type": "Feature", "properties": { "latitude": 42.730499267578125, "longitude": 23.462577819824219, "heatmap_weight": 9, "raw_occupancy": 2 }, "geometry": { "type": "Point", "coordinates": [ 23.462577819824219, 42.730499267578125 ] } },
{ "type": "Feature", "properties": { "latitude": 42.688304901123047, "longitude": 23.254972457885742, "heatmap_weight": 9, "raw_occupancy": 2 }, "geometry": { "type": "Point", "coordinates": [ 23.254972457885742, 42.688304901123047 ] } },
{ "type": "Feature", "properties": { "latitude": 42.700248718261719, "longitude": 23.322195053100586, "heatmap_weight": 9, "raw_occupancy": 2 }, "geometry": { "type": "Point", "coordinates": [ 23.322195053100586, 42.700248718261719 ] } },
{ "type": "Feature", "properties": { "latitude": 42.625102996826172, "longitude": 23.406274795532227, "heatmap_weight": 9, "raw_occupancy": 2 }, "geometry": { "type": "Point", "coordinates": [ 23.406274795532227, 42.625102996826172 ] } },
{ "type": "Feature", "properties": { "latitude": 42.679222106933594, "longitude": 23.300771713256836, "heatmap_weight": 4, "raw_occupancy": 1 }, "geometry": { "type": "Point", "coordinates": [ 23.300771713256836, 42.679222106933594 ] } },
{ "type": "Feature", "properties": { "latitude": 42.653553009033203, "longitude": 23.346321105957031, "heatmap_weight": 4, "raw_occupancy": 1 }, "geometry": { "type": "Point", "coordinates": [ 23.346321105957031, 42.653553009033203 ] } },
{ "type": "Feature", "properties": { "latitude": 42.6875, "longitude": 23.30133056640625, "heatmap_weight": 4, "raw_occupancy": 1 }, "geometry": { "type": "Point", "coordinates": [ 23.30133056640625, 42.6875 ] } },
{ "type": "Feature", "properties": { "latitude": 42.665019989013672, "longitude": 23.407932281494141, "heatmap_weight": 4, "raw_occupancy": 1 }, "geometry": { "type": "Point", "coordinates": [ 23.407932281494141, 42.665019989013672 ] } },
{ "type": "Feature", "properties": { "latitude": 42.718509674072266, "longitude": 23.309099197387695, "heatmap_weight": 1, "raw_occupancy": 0 }, "geometry": { "type": "Point", "coordinates": [ 23.309099197387695, 42.718509674072266 ] } },
{ "type": "Feature", "properties": { "latitude": 42.721080780029297, "longitude": 23.34136962890625, "heatmap_weight": 25, "raw_occupancy": 4 }, "geometry": { "type": "Point", "coordinates": [ 23.34136962890625, 42.721080780029297 ] } },
{ "type": "Feature", "properties": { "latitude": 42.653682708740234, "longitude": 23.345180511474609, "heatmap_weight": 9, "raw_occupancy": 2 }, "geometry": { "type": "Point", "coordinates": [ 23.345180511474609, 42.653682708740234 ] } },
{ "type": "Feature", "properties": { "latitude": 42.662151336669922, "longitude": 23.404809951782227, "heatmap_weight": 4, "raw_occupancy": 1 }, "geometry": { "type": "Point", "coordinates": [ 23.404809951782227, 42.662151336669922 ] } },
{ "type": "Feature", "properties": { "latitude": 42.693973541259766, "longitude": 23.294132232666016, "heatmap_weight": 4, "raw_occupancy": 1 }, "geometry": { "type": "Point", "coordinates": [ 23.294132232666016, 42.693973541259766 ] } },
{ "type": "Feature", "properties": { "latitude": 42.651359558105469, "longitude": 23.357719421386719, "heatmap_weight": 9, "raw_occupancy": 2 }, "geometry": { "type": "Point", "coordinates": [ 23.357719421386719, 42.651359558105469 ] } },
{ "type": "Feature", "properties": { "latitude": 42.657009124755859, "longitude": 23.308969497680664, "heatmap_weight": 1, "raw_occupancy": 0 }, "geometry": { "type": "Point", "coordinates": [ 23.308969497680664, 42.657009124755859 ] } },
{ "type": "Feature", "properties": { "latitude": 42.692493438720703, "longitude": 23.280569076538086, "heatmap_weight": 4, "raw_occupancy": 1 }, "geometry": { "type": "Point", "coordinates": [ 23.280569076538086, 42.692493438720703 ] } },
{ "type": "Feature", "properties": { "latitude": 42.691932678222656, "longitude": 23.295639038085938, "heatmap_weight": 16, "raw_occupancy": 3 }, "geometry": { "type": "Point", "coordinates": [ 23.295639038085938, 42.691932678222656 ] } },
{ "type": "Feature", "properties": { "latitude": 42.704551696777344, "longitude": 23.333990097045898, "heatmap_weight": 4, "raw_occupancy": 1 }, "geometry": { "type": "Point", "coordinates": [ 23.333990097045898, 42.704551696777344 ] } },
{ "type": "Feature", "properties": { "latitude": 42.664005279541016, "longitude": 23.410676956176758, "heatmap_weight": 1, "raw_occupancy": 0 }, "geometry": { "type": "Point", "coordinates": [ 23.410676956176758, 42.664005279541016 ] } },
{ "type": "Feature", "properties": { "latitude": 42.697154998779297, "longitude": 23.277257919311523, "heatmap_weight": 9, "raw_occupancy": 2 }, "geometry": { "type": "Point", "coordinates": [ 23.277257919311523, 42.697154998779297 ] } },
{ "type": "Feature", "properties": { "latitude": 42.68499755859375, "longitude": 23.345573425292969, "heatmap_weight": 4, "raw_occupancy": 1 }, "geometry": { "type": "Point", "coordinates": [ 23.345573425292969, 42.68499755859375 ] } },
{ "type": "Feature", "properties": { "latitude": 42.688461303710938, "longitude": 23.334625244140625, "heatmap_weight": 16, "raw_occupancy": 3 }, "geometry": { "type": "Point", "coordinates": [ 23.334625244140625, 42.688461303710938 ] } },
{ "type": "Feature", "properties": { "latitude": 42.673084259033203, "longitude": 23.335659027099609, "heatmap_weight": 4, "raw_occupancy": 1 }, "geometry": { "type": "Point", "coordinates": [ 23.335659027099609, 42.673084259033203 ] } },
{ "type": "Feature", "properties": { "latitude": 42.659736633300781, "longitude": 23.317235946655273, "heatmap_weight": 1, "raw_occupancy": 0 }, "geometry": { "type": "Point", "coordinates": [ 23.317235946655273, 42.659736633300781 ] } },
{ "type": "Feature", "properties": { "latitude": 42.661525726318359, "longitude": 23.390933990478516, "heatmap_weight": 9, "raw_occupancy": 2 }, "geometry": { "type": "Point", "coordinates": [ 23.390933990478516, 42.661525726318359 ] } },
{ "type": "Feature", "properties": { "latitude": 42.665317535400391, "longitude": 23.355266571044922, "heatmap_weight": 4, "raw_occupancy": 1 }, "geometry": { "type": "Point", "coordinates": [ 23.355266571044922, 42.665317535400391 ] } },
{ "type": "Feature", "properties": { "latitude": 42.692615509033203, "longitude": 23.295139312744141, "heatmap_weight": 4, "raw_occupancy": 1 }, "geometry": { "type": "Point", "coordinates": [ 23.295139312744141, 42.692615509033203 ] } },
{ "type": "Feature", "properties": { "latitude": 42.701324462890625, "longitude": 23.230327606201172, "heatmap_weight": 16, "raw_occupancy": 3 }, "geometry": { "type": "Point", "coordinates": [ 23.230327606201172, 42.701324462890625 ] } },
{ "type": "Feature", "properties": { "latitude": 42.689167022705078, "longitude": 23.31419563293457, "heatmap_weight": 1, "raw_occupancy": 0 }, "geometry": { "type": "Point", "coordinates": [ 23.31419563293457, 42.689167022705078 ] } },
{ "type": "Feature", "properties": { "latitude": 42.694393157958984, "longitude": 23.328857421875, "heatmap_weight": 4, "raw_occupancy": 1 }, "geometry": { "type": "Point", "coordinates": [ 23.328857421875, 42.694393157958984 ] } },
{ "type": "Feature", "properties": { "latitude": 42.682861328125, "longitude": 23.243551254272461, "heatmap_weight": 1, "raw_occupancy": 0 }, "geometry": { "type": "Point", "coordinates": [ 23.243551254272461, 42.682861328125 ] } },
{ "type": "Feature", "properties": { "latitude": 42.694126129150391, "longitude": 23.293947219848633, "heatmap_weight": 4, "raw_occupancy": 1 }, "geometry": { "type": "Point", "coordinates": [ 23.293947219848633, 42.694126129150391 ] } },
{ "type": "Feature", "properties": { "latitude": 42.710124969482422, "longitude": 23.349203109741211, "heatmap_weight": 4, "raw_occupancy": 1 }, "geometry": { "type": "Point", "coordinates": [ 23.349203109741211, 42.710124969482422 ] } },
{ "type": "Feature", "properties": { "latitude": 42.674758911132812, "longitude": 23.375747680664062, "heatmap_weight": 4, "raw_occupancy": 1 }, "geometry": { "type": "Point", "coordinates": [ 23.375747680664062, 42.674758911132812 ] } },
{ "type": "Feature", "properties": { "latitude": 42.646831512451172, "longitude": 23.412210464477539, "heatmap_weight": 9, "raw_occupancy": 2 }, "geometry": { "type": "Point", "coordinates": [ 23.412210464477539, 42.646831512451172 ] } },
{ "type": "Feature", "properties": { "latitude": 42.661178588867188, "longitude": 23.249666213989258, "heatmap_weight": 4, "raw_occupancy": 1 }, "geometry": { "type": "Point", "coordinates": [ 23.249666213989258, 42.661178588867188 ] } },
{ "type": "Feature", "properties": { "latitude": 42.699398040771484, "longitude": 23.310108184814453, "heatmap_weight": 4, "raw_occupancy": 1 }, "geometry": { "type": "Point", "coordinates": [ 23.310108184814453, 42.699398040771484 ] } },
{ "type": "Feature", "properties": { "latitude": 42.682437896728516, "longitude": 23.321048736572266, "heatmap_weight": 4, "raw_occupancy": 1 }, "geometry": { "type": "Point", "coordinates": [ 23.321048736572266, 42.682437896728516 ] } },
{ "type": "Feature", "properties": { "latitude": 42.727256774902344, "longitude": 23.262565612792969, "heatmap_weight": 1, "raw_occupancy": 0 }, "geometry": { "type": "Point", "coordinates": [ 23.262565612792969, 42.727256774902344 ] } },
{ "type": "Feature", "properties": { "latitude": 42.690261840820312, "longitude": 23.336370468139648, "heatmap_weight": 16, "raw_occupancy": 3 }, "geometry": { "type": "Point", "coordinates": [ 23.336370468139648, 42.690261840820312 ] } },
{ "type": "Feature", "properties": { "latitude": 42.714073181152344, "longitude": 23.308174133300781, "heatmap_weight": 1, "raw_occupancy": 0 }, "geometry": { "type": "Point", "coordinates": [ 23.308174133300781, 42.714073181152344 ] } },
{ "type": "Feature", "properties": { "latitude": 42.724430084228516, "longitude": 23.257026672363281, "heatmap_weight": 4, "raw_occupancy": 1 }, "geometry": { "type": "Point", "coordinates": [ 23.257026672363281, 42.724430084228516 ] } },
{ "type": "Feature", "properties": { "latitude": 42.660232543945312, "longitude": 23.321311950683594, "heatmap_weight": 4, "raw_occupancy": 1 }, "geometry": { "type": "Point", "coordinates": [ 23.321311950683594, 42.660232543945312 ] } },
{ "type": "Feature", "properties": { "latitude": 42.7294921875, "longitude": 23.247753143310547, "heatmap_weight": 4, "raw_occupancy": 1 }, "geometry": { "type": "Point", "coordinates": [ 23.247753143310547, 42.7294921875 ] } },
{ "type": "Feature", "properties": { "latitude": 42.687232971191406, "longitude": 23.310617446899414, "heatmap_weight": 9, "raw_occupancy": 2 }, "geometry": { "type": "Point", "coordinates": [ 23.310617446899414, 42.687232971191406 ] } },
{ "type": "Feature", "properties": { "latitude": 42.635631561279297, "longitude": 23.40216064453125, "heatmap_weight": 9, "raw_occupancy": 2 }, "geometry": { "type": "Point", "coordinates": [ 23.40216064453125, 42.635631561279297 ] } },
{ "type": "Feature", "properties": { "latitude": 42.681808471679688, "longitude": 23.400999069213867, "heatmap_weight": 4, "raw_occupancy": 1 }, "geometry": { "type": "Point", "coordinates": [ 23.400999069213867, 42.681808471679688 ] } },
{ "type": "Feature", "properties": { "latitude": 42.704978942871094, "longitude": 23.357566833496094, "heatmap_weight": 4, "raw_occupancy": 1 }, "geometry": { "type": "Point", "coordinates": [ 23.357566833496094, 42.704978942871094 ] } },
{ "type": "Feature", "properties": { "latitude": 42.689002990722656, "longitude": 23.319744110107422, "heatmap_weight": 4, "raw_occupancy": 1 }, "geometry": { "type": "Point", "coordinates": [ 23.319744110107422, 42.689002990722656 ] } },
{ "type": "Feature", "properties": { "latitude": 42.6883544921875, "longitude": 23.302770614624023, "heatmap_weight": 16, "raw_occupancy": 3 }, "geometry": { "type": "Point", "coordinates": [ 23.302770614624023, 42.6883544921875 ] } },
{ "type": "Feature", "properties": { "latitude": 42.659191131591797, "longitude": 23.242631912231445, "heatmap_weight": 4, "raw_occupancy": 1 }, "geometry": { "type": "Point", "coordinates": [ 23.242631912231445, 42.659191131591797 ] } },
{ "type": "Feature", "properties": { "latitude": 42.688644409179688, "longitude": 23.31480598449707, "heatmap_weight": 4, "raw_occupancy": 1 }, "geometry": { "type": "Point", "coordinates": [ 23.31480598449707, 42.688644409179688 ] } },
{ "type": "Feature", "properties": { "latitude": 42.850391387939453, "longitude": 23.267271041870117, "heatmap_weight": 1, "raw_occupancy": 0 }, "geometry": { "type": "Point", "coordinates": [ 23.267271041870117, 42.850391387939453 ] } },
{ "type": "Feature", "properties": { "latitude": 42.643863677978516, "longitude": 23.404888153076172, "heatmap_weight": 9, "raw_occupancy": 2 }, "geometry": { "type": "Point", "coordinates": [ 23.404888153076172, 42.643863677978516 ] } },
{ "type": "Feature", "properties": { "latitude": 42.708793640136719, "longitude": 23.287906646728516, "heatmap_weight": 4, "raw_occupancy": 1 }, "geometry": { "type": "Point", "coordinates": [ 23.287906646728516, 42.708793640136719 ] } },
{ "type": "Feature", "properties": { "latitude": 42.699958801269531, "longitude": 23.300682067871094, "heatmap_weight": 9, "raw_occupancy": 2 }, "geometry": { "type": "Point", "coordinates": [ 23.300682067871094, 42.699958801269531 ] } },
{ "type": "Feature", "properties": { "latitude": 42.828258514404297, "longitude": 23.239450454711914, "heatmap_weight": 4, "raw_occupancy": 1 }, "geometry": { "type": "Point", "coordinates": [ 23.239450454711914, 42.828258514404297 ] } },
{ "type": "Feature", "properties": { "latitude": 42.707035064697266, "longitude": 23.230411529541016, "heatmap_weight": 9, "raw_occupancy": 2 }, "geometry": { "type": "Point", "coordinates": [ 23.230411529541016, 42.707035064697266 ] } },
{ "type": "Feature", "properties": { "latitude": 42.642402648925781, "longitude": 23.345005035400391, "heatmap_weight": 1, "raw_occupancy": 0 }, "geometry": { "type": "Point", "coordinates": [ 23.345005035400391, 42.642402648925781 ] } },
{ "type": "Feature", "properties": { "latitude": 42.682151794433594, "longitude": 23.319129943847656, "heatmap_weight": 4, "raw_occupancy": 1 }, "geometry": { "type": "Point", "coordinates": [ 23.319129943847656, 42.682151794433594 ] } },
{ "type": "Feature", "properties": { "latitude": 42.702186584472656, "longitude": 23.285621643066406, "heatmap_weight": 4, "raw_occupancy": 1 }, "geometry": { "type": "Point", "coordinates": [ 23.285621643066406, 42.702186584472656 ] } },
{ "type": "Feature", "properties": { "latitude": 42.713394165039062, "longitude": 23.315044403076172, "heatmap_weight": 4, "raw_occupancy": 1 }, "geometry": { "type": "Point", "coordinates": [ 23.315044403076172, 42.713394165039062 ] } },
{ "type": "Feature", "properties": { "latitude": 42.680961608886719, "longitude": 23.332141876220703, "heatmap_weight": 16, "raw_occupancy": 3 }, "geometry": { "type": "Point", "coordinates": [ 23.332141876220703, 42.680961608886719 ] } },
{ "type": "Feature", "properties": { "latitude": 42.679370880126953, "longitude": 23.302780151367188, "heatmap_weight": 4, "raw_occupancy": 1 }, "geometry": { "type": "Point", "coordinates": [ 23.302780151367188, 42.679370880126953 ] } },
{ "type": "Feature", "properties": { "latitude": 42.671722412109375, "longitude": 23.272333145141602, "heatmap_weight": 4, "raw_occupancy": 1 }, "geometry": { "type": "Point", "coordinates": [ 23.272333145141602, 42.671722412109375 ] } },
{ "type": "Feature", "properties": { "latitude": 42.732872009277344, "longitude": 23.343631744384766, "heatmap_weight": 4, "raw_occupancy": 1 }, "geometry": { "type": "Point", "coordinates": [ 23.343631744384766, 42.732872009277344 ] } },
{ "type": "Feature", "properties": { "latitude": 42.741561889648438, "longitude": 23.328733444213867, "heatmap_weight": 4, "raw_occupancy": 1 }, "geometry": { "type": "Point", "coordinates": [ 23.328733444213867, 42.741561889648438 ] } },
{ "type": "Feature", "properties": { "latitude": 42.657482147216797, "longitude": 23.312570571899414, "heatmap_weight": 9, "raw_occupancy": 2 }, "geometry": { "type": "Point", "coordinates": [ 23.312570571899414, 42.657482147216797 ] } },
{ "type": "Feature", "properties": { "latitude": 42.656810760498047, "longitude": 23.316690444946289, "heatmap_weight": 25, "raw_occupancy": 4 }, "geometry": { "type": "Point", "coordinates": [ 23.316690444946289, 42.656810760498047 ] } },
{ "type": "Feature", "properties": { "latitude": 42.662689208984375, "longitude": 23.376440048217773, "heatmap_weight": 4, "raw_occupancy": 1 }, "geometry": { "type": "Point", "coordinates": [ 23.376440048217773, 42.662689208984375 ] } },
{ "type": "Feature", "properties": { "latitude": 42.658130645751953, "longitude": 23.328474044799805, "heatmap_weight": 1, "raw_occupancy": 0 }, "geometry": { "type": "Point", "coordinates": [ 23.328474044799805, 42.658130645751953 ] } },
{ "type": "Feature", "properties": { "latitude": 42.687610626220703, "longitude": 23.255138397216797, "heatmap_weight": 4, "raw_occupancy": 1 }, "geometry": { "type": "Point", "coordinates": [ 23.255138397216797, 42.687610626220703 ] } },
{ "type": "Feature", "properties": { "latitude": 42.688068389892578, "longitude": 23.340791702270508, "heatmap_weight": 4, "raw_occupancy": 1 }, "geometry": { "type": "Point", "coordinates": [ 23.340791702270508, 42.688068389892578 ] } },
{ "type": "Feature", "properties": { "latitude": 42.742053985595703, "longitude": 23.278650283813477, "heatmap_weight": 9, "raw_occupancy": 2 }, "geometry": { "type": "Point", "coordinates": [ 23.278650283813477, 42.742053985595703 ] } },
{ "type": "Feature", "properties": { "latitude": 42.711334228515625, "longitude": 23.300525665283203, "heatmap_weight": 4, "raw_occupancy": 1 }, "geometry": { "type": "Point", "coordinates": [ 23.300525665283203, 42.711334228515625 ] } },
{ "type": "Feature", "properties": { "latitude": 42.718051910400391, "longitude": 23.232706069946289, "heatmap_weight": 16, "raw_occupancy": 3 }, "geometry": { "type": "Point", "coordinates": [ 23.232706069946289, 42.718051910400391 ] } },
{ "type": "Feature", "properties": { "latitude": 42.665019989013672, "longitude": 23.458297729492188, "heatmap_weight": 4, "raw_occupancy": 1 }, "geometry": { "type": "Point", "coordinates": [ 23.458297729492188, 42.665019989013672 ] } },
{ "type": "Feature", "properties": { "latitude": 42.671421051025391, "longitude": 23.272993087768555, "heatmap_weight": 9, "raw_occupancy": 2 }, "geometry": { "type": "Point", "coordinates": [ 23.272993087768555, 42.671421051025391 ] } },
{ "type": "Feature", "properties": { "latitude": 42.657844543457031, "longitude": 23.340206146240234, "heatmap_weight": 9, "raw_occupancy": 2 }, "geometry": { "type": "Point", "coordinates": [ 23.340206146240234, 42.657844543457031 ] } },
{ "type": "Feature", "properties": { "latitude": 42.664897918701172, "longitude": 23.287788391113281, "heatmap_weight": 9, "raw_occupancy": 2 }, "geometry": { "type": "Point", "coordinates": [ 23.287788391113281, 42.664897918701172 ] } },
{ "type": "Feature", "properties": { "latitude": 42.689868927001953, "longitude": 23.313488006591797, "heatmap_weight": 16, "raw_occupancy": 3 }, "geometry": { "type": "Point", "coordinates": [ 23.313488006591797, 42.689868927001953 ] } },
{ "type": "Feature", "properties": { "latitude": 42.609783172607422, "longitude": 23.46617317199707, "heatmap_weight": 4, "raw_occupancy": 1 }, "geometry": { "type": "Point", "coordinates": [ 23.46617317199707, 42.609783172607422 ] } },
{ "type": "Feature", "properties": { "latitude": 42.724037170410156, "longitude": 23.243156433105469, "heatmap_weight": 1, "raw_occupancy": 0 }, "geometry": { "type": "Point", "coordinates": [ 23.243156433105469, 42.724037170410156 ] } },
{ "type": "Feature", "properties": { "latitude": 42.706001281738281, "longitude": 23.312896728515625, "heatmap_weight": 9, "raw_occupancy": 2 }, "geometry": { "type": "Point", "coordinates": [ 23.312896728515625, 42.706001281738281 ] } },
{ "type": "Feature", "properties": { "latitude": 42.697422027587891, "longitude": 23.314706802368164, "heatmap_weight": 1, "raw_occupancy": 0 }, "geometry": { "type": "Point", "coordinates": [ 23.314706802368164, 42.697422027587891 ] } },
{ "type": "Feature", "properties": { "latitude": 42.691032409667969, "longitude": 23.332626342773438, "heatmap_weight": 4, "raw_occupancy": 1 }, "geometry": { "type": "Point", "coordinates": [ 23.332626342773438, 42.691032409667969 ] } },
{ "type": "Feature", "properties": { "latitude": 42.670814514160156, "longitude": 23.320688247680664, "heatmap_weight": 1, "raw_occupancy": 0 }, "geometry": { "type": "Point", "coordinates": [ 23.320688247680664, 42.670814514160156 ] } },
{ "type": "Feature", "properties": { "latitude": 42.700107574462891, "longitude": 23.370061874389648, "heatmap_weight": 4, "raw_occupancy": 1 }, "geometry": { "type": "Point", "coordinates": [ 23.370061874389648, 42.700107574462891 ] } },
{ "type": "Feature", "properties": { "latitude": 42.709320068359375, "longitude": 23.318477630615234, "heatmap_weight": 1, "raw_occupancy": 0 }, "geometry": { "type": "Point", "coordinates": [ 23.318477630615234, 42.709320068359375 ] } },
{ "type": "Feature", "properties": { "latitude": 42.69549560546875, "longitude": 23.363821029663086, "heatmap_weight": 16, "raw_occupancy": 3 }, "geometry": { "type": "Point", "coordinates": [ 23.363821029663086, 42.69549560546875 ] } },
{ "type": "Feature", "properties": { "latitude": 42.671356201171875, "longitude": 23.271396636962891, "heatmap_weight": 1, "raw_occupancy": 0 }, "geometry": { "type": "Point", "coordinates": [ 23.271396636962891, 42.671356201171875 ] } },
{ "type": "Feature", "properties": { "latitude": 42.623958587646484, "longitude": 23.31989860534668, "heatmap_weight": 4, "raw_occupancy": 1 }, "geometry": { "type": "Point", "coordinates": [ 23.31989860534668, 42.623958587646484 ] } },
{ "type": "Feature", "properties": { "latitude": 42.662120819091797, "longitude": 23.404720306396484, "heatmap_weight": 4, "raw_occupancy": 1 }, "geometry": { "type": "Point", "coordinates": [ 23.404720306396484, 42.662120819091797 ] } },
{ "type": "Feature", "properties": { "latitude": 42.792346954345703, "longitude": 23.445589065551758, "heatmap_weight": 4, "raw_occupancy": 1 }, "geometry": { "type": "Point", "coordinates": [ 23.445589065551758, 42.792346954345703 ] } },
{ "type": "Feature", "properties": { "latitude": 42.706466674804688, "longitude": 23.35069465637207, "heatmap_weight": 1, "raw_occupancy": 0 }, "geometry": { "type": "Point", "coordinates": [ 23.35069465637207, 42.706466674804688 ] } },
{ "type": "Feature", "properties": { "latitude": 42.668697357177734, "longitude": 23.330110549926758, "heatmap_weight": 4, "raw_occupancy": 1 }, "geometry": { "type": "Point", "coordinates": [ 23.330110549926758, 42.668697357177734 ] } },
{ "type": "Feature", "properties": { "latitude": 42.709785461425781, "longitude": 23.391685485839844, "heatmap_weight": 4, "raw_occupancy": 1 }, "geometry": { "type": "Point", "coordinates": [ 23.391685485839844, 42.709785461425781 ] } },
{ "type": "Feature", "properties": { "latitude": 42.667400360107422, "longitude": 23.281742095947266, "heatmap_weight": 16, "raw_occupancy": 3 }, "geometry": { "type": "Point", "coordinates": [ 23.281742095947266, 42.667400360107422 ] } },
{ "type": "Feature", "properties": { "latitude": 42.826210021972656, "longitude": 23.350669860839844, "heatmap_weight": 4, "raw_occupancy": 1 }, "geometry": { "type": "Point", "coordinates": [ 23.350669860839844, 42.826210021972656 ] } },
{ "type": "Feature", "properties": { "latitude": 42.694873809814453, "longitude": 23.334941864013672, "heatmap_weight": 4, "raw_occupancy": 1 }, "geometry": { "type": "Point", "coordinates": [ 23.334941864013672, 42.694873809814453 ] } },
{ "type": "Feature", "properties": { "latitude": 42.68438720703125, "longitude": 23.346057891845703, "heatmap_weight": 4, "raw_occupancy": 1 }, "geometry": { "type": "Point", "coordinates": [ 23.346057891845703, 42.68438720703125 ] } },
{ "type": "Feature", "properties": { "latitude": 42.638263702392578, "longitude": 23.412479400634766, "heatmap_weight": 9, "raw_occupancy": 2 }, "geometry": { "type": "Point", "coordinates": [ 23.412479400634766, 42.638263702392578 ] } },
{ "type": "Feature", "properties": { "latitude": 42.663440704345703, "longitude": 23.291641235351562, "heatmap_weight": 9, "raw_occupancy": 2 }, "geometry": { "type": "Point", "coordinates": [ 23.291641235351562, 42.663440704345703 ] } },
{ "type": "Feature", "properties": { "latitude": 42.646598815917969, "longitude": 23.266815185546875, "heatmap_weight": 9, "raw_occupancy": 2 }, "geometry": { "type": "Point", "coordinates": [ 23.266815185546875, 42.646598815917969 ] } },
{ "type": "Feature", "properties": { "latitude": 42.700298309326172, "longitude": 23.360200881958008, "heatmap_weight": 16, "raw_occupancy": 3 }, "geometry": { "type": "Point", "coordinates": [ 23.360200881958008, 42.700298309326172 ] } },
{ "type": "Feature", "properties": { "latitude": 42.685409545898438, "longitude": 23.349819183349609, "heatmap_weight": 9, "raw_occupancy": 2 }, "geometry": { "type": "Point", "coordinates": [ 23.349819183349609, 42.685409545898438 ] } },
{ "type": "Feature", "properties": { "latitude": 42.721721649169922, "longitude": 23.241168975830078, "heatmap_weight": 4, "raw_occupancy": 1 }, "geometry": { "type": "Point", "coordinates": [ 23.241168975830078, 42.721721649169922 ] } },
{ "type": "Feature", "properties": { "latitude": 42.705650329589844, "longitude": 23.284984588623047, "heatmap_weight": 9, "raw_occupancy": 2 }, "geometry": { "type": "Point", "coordinates": [ 23.284984588623047, 42.705650329589844 ] } },
{ "type": "Feature", "properties": { "latitude": 42.641120910644531, "longitude": 23.406923294067383, "heatmap_weight": 9, "raw_occupancy": 2 }, "geometry": { "type": "Point", "coordinates": [ 23.406923294067383, 42.641120910644531 ] } },
{ "type": "Feature", "properties": { "latitude": 42.691200256347656, "longitude": 23.324640274047852, "heatmap_weight": 4, "raw_occupancy": 1 }, "geometry": { "type": "Point", "coordinates": [ 23.324640274047852, 42.691200256347656 ] } },
{ "type": "Feature", "properties": { "latitude": 42.65362548828125, "longitude": 23.346271514892578, "heatmap_weight": 4, "raw_occupancy": 1 }, "geometry": { "type": "Point", "coordinates": [ 23.346271514892578, 42.65362548828125 ] } },
{ "type": "Feature", "properties": { "latitude": 42.708694458007812, "longitude": 23.416301727294922, "heatmap_weight": 4, "raw_occupancy": 1 }, "geometry": { "type": "Point", "coordinates": [ 23.416301727294922, 42.708694458007812 ] } },
{ "type": "Feature", "properties": { "latitude": 42.695255279541016, "longitude": 23.337711334228516, "heatmap_weight": 4, "raw_occupancy": 1 }, "geometry": { "type": "Point", "coordinates": [ 23.337711334228516, 42.695255279541016 ] } },
{ "type": "Feature", "properties": { "latitude": 42.691314697265625, "longitude": 23.339694976806641, "heatmap_weight": 4, "raw_occupancy": 1 }, "geometry": { "type": "Point", "coordinates": [ 23.339694976806641, 42.691314697265625 ] } },
{ "type": "Feature", "properties": { "latitude": 42.638420104980469, "longitude": 23.381414413452148, "heatmap_weight": 4, "raw_occupancy": 1 }, "geometry": { "type": "Point", "coordinates": [ 23.381414413452148, 42.638420104980469 ] } },
{ "type": "Feature", "properties": { "latitude": 42.745670318603516, "longitude": 23.318458557128906, "heatmap_weight": 1, "raw_occupancy": 0 }, "geometry": { "type": "Point", "coordinates": [ 23.318458557128906, 42.745670318603516 ] } },
{ "type": "Feature", "properties": { "latitude": 42.719955444335938, "longitude": 23.254278182983398, "heatmap_weight": 4, "raw_occupancy": 1 }, "geometry": { "type": "Point", "coordinates": [ 23.254278182983398, 42.719955444335938 ] } },
{ "type": "Feature", "properties": { "latitude": 42.642978668212891, "longitude": 23.341835021972656, "heatmap_weight": 4, "raw_occupancy": 1 }, "geometry": { "type": "Point", "coordinates": [ 23.341835021972656, 42.642978668212891 ] } },
{ "type": "Feature", "properties": { "latitude": 42.680301666259766, "longitude": 23.357521057128906, "heatmap_weight": 4, "raw_occupancy": 1 }, "geometry": { "type": "Point", "coordinates": [ 23.357521057128906, 42.680301666259766 ] } },
{ "type": "Feature", "properties": { "latitude": 42.778961181640625, "longitude": 23.313495635986328, "heatmap_weight": 4, "raw_occupancy": 1 }, "geometry": { "type": "Point", "coordinates": [ 23.313495635986328, 42.778961181640625 ] } },
{ "type": "Feature", "properties": { "latitude": 42.713771820068359, "longitude": 23.313398361206055, "heatmap_weight": 9, "raw_occupancy": 2 }, "geometry": { "type": "Point", "coordinates": [ 23.313398361206055, 42.713771820068359 ] } },
{ "type": "Feature", "properties": { "latitude": 42.626060485839844, "longitude": 23.35081672668457, "heatmap_weight": 9, "raw_occupancy": 2 }, "geometry": { "type": "Point", "coordinates": [ 23.35081672668457, 42.626060485839844 ] } },
{ "type": "Feature", "properties": { "latitude": 42.729373931884766, "longitude": 23.292619705200195, "heatmap_weight": 4, "raw_occupancy": 1 }, "geometry": { "type": "Point", "coordinates": [ 23.292619705200195, 42.729373931884766 ] } },
{ "type": "Feature", "properties": { "latitude": 42.648208618164062, "longitude": 23.376861572265625, "heatmap_weight": 9, "raw_occupancy": 2 }, "geometry": { "type": "Point", "coordinates": [ 23.376861572265625, 42.648208618164062 ] } },
{ "type": "Feature", "properties": { "latitude": 42.682186126708984, "longitude": 23.242509841918945, "heatmap_weight": 4, "raw_occupancy": 1 }, "geometry": { "type": "Point", "coordinates": [ 23.242509841918945, 42.682186126708984 ] } },
{ "type": "Feature", "properties": { "latitude": 42.689743041992188, "longitude": 23.259721755981445, "heatmap_weight": 4, "raw_occupancy": 1 }, "geometry": { "type": "Point", "coordinates": [ 23.259721755981445, 42.689743041992188 ] } },
{ "type": "Feature", "properties": { "latitude": 42.632522583007812, "longitude": 23.380411148071289, "heatmap_weight": 4, "raw_occupancy": 1 }, "geometry": { "type": "Point", "coordinates": [ 23.380411148071289, 42.632522583007812 ] } },
{ "type": "Feature", "properties": { "latitude": 42.678977966308594, "longitude": 23.268596649169922, "heatmap_weight": 16, "raw_occupancy": 3 }, "geometry": { "type": "Point", "coordinates": [ 23.268596649169922, 42.678977966308594 ] } },
{ "type": "Feature", "properties": { "latitude": 42.639030456542969, "longitude": 23.296083450317383, "heatmap_weight": 9, "raw_occupancy": 2 }, "geometry": { "type": "Point", "coordinates": [ 23.296083450317383, 42.639030456542969 ] } },
{ "type": "Feature", "properties": { "latitude": 42.69061279296875, "longitude": 23.363765716552734, "heatmap_weight": 9, "raw_occupancy": 2 }, "geometry": { "type": "Point", "coordinates": [ 23.363765716552734, 42.69061279296875 ] } },
{ "type": "Feature", "properties": { "latitude": 42.719547271728516, "longitude": 23.309144973754883, "heatmap_weight": 1, "raw_occupancy": 0 }, "geometry": { "type": "Point", "coordinates": [ 23.309144973754883, 42.719547271728516 ] } },
{ "type": "Feature", "properties": { "latitude": 42.689628601074219, "longitude": 23.332199096679688, "heatmap_weight": 4, "raw_occupancy": 1 }, "geometry": { "type": "Point", "coordinates": [ 23.332199096679688, 42.689628601074219 ] } },
{ "type": "Feature", "properties": { "latitude": 42.692543029785156, "longitude": 23.334934234619141, "heatmap_weight": 4, "raw_occupancy": 1 }, "geometry": { "type": "Point", "coordinates": [ 23.334934234619141, 42.692543029785156 ] } },
{ "type": "Feature", "properties": { "latitude": 42.644313812255859, "longitude": 23.399084091186523, "heatmap_weight": 9, "raw_occupancy": 2 }, "geometry": { "type": "Point", "coordinates": [ 23.399084091186523, 42.644313812255859 ] } },
{ "type": "Feature", "properties": { "latitude": 42.623725891113281, "longitude": 23.361654281616211, "heatmap_weight": 4, "raw_occupancy": 1 }, "geometry": { "type": "Point", "coordinates": [ 23.361654281616211, 42.623725891113281 ] } },
{ "type": "Feature", "properties": { "latitude": 42.702201843261719, "longitude": 23.304567337036133, "heatmap_weight": 4, "raw_occupancy": 1 }, "geometry": { "type": "Point", "coordinates": [ 23.304567337036133, 42.702201843261719 ] } },
{ "type": "Feature", "properties": { "latitude": 42.682720184326172, "longitude": 23.32072639465332, "heatmap_weight": 4, "raw_occupancy": 1 }, "geometry": { "type": "Point", "coordinates": [ 23.32072639465332, 42.682720184326172 ] } },
{ "type": "Feature", "properties": { "latitude": 42.687271118164062, "longitude": 23.35198974609375, "heatmap_weight": 9, "raw_occupancy": 2 }, "geometry": { "type": "Point", "coordinates": [ 23.35198974609375, 42.687271118164062 ] } },
{ "type": "Feature", "properties": { "latitude": 42.682350158691406, "longitude": 23.320934295654297, "heatmap_weight": 4, "raw_occupancy": 1 }, "geometry": { "type": "Point", "coordinates": [ 23.320934295654297, 42.682350158691406 ] } },
{ "type": "Feature", "properties": { "latitude": 42.688259124755859, "longitude": 23.328683853149414, "heatmap_weight": 4, "raw_occupancy": 1 }, "geometry": { "type": "Point", "coordinates": [ 23.328683853149414, 42.688259124755859 ] } },
{ "type": "Feature", "properties": { "latitude": 42.705974578857422, "longitude": 23.344846725463867, "heatmap_weight": 4, "raw_occupancy": 1 }, "geometry": { "type": "Point", "coordinates": [ 23.344846725463867, 42.705974578857422 ] } },
{ "type": "Feature", "properties": { "latitude": 42.719451904296875, "longitude": 23.309438705444336, "heatmap_weight": 1, "raw_occupancy": 0 }, "geometry": { "type": "Point", "coordinates": [ 23.309438705444336, 42.719451904296875 ] } },
{ "type": "Feature", "properties": { "latitude": 42.741104125976562, "longitude": 23.318134307861328, "heatmap_weight": 1, "raw_occupancy": 0 }, "geometry": { "type": "Point", "coordinates": [ 23.318134307861328, 42.741104125976562 ] } },
{ "type": "Feature", "properties": { "latitude": 42.67413330078125, "longitude": 23.381072998046875, "heatmap_weight": 1, "raw_occupancy": 0 }, "geometry": { "type": "Point", "coordinates": [ 23.381072998046875, 42.67413330078125 ] } },
{ "type": "Feature", "properties": { "latitude": 42.677989959716797, "longitude": 23.334297180175781, "heatmap_weight": 4, "raw_occupancy": 1 }, "geometry": { "type": "Point", "coordinates": [ 23.334297180175781, 42.677989959716797 ] } },
{ "type": "Feature", "properties": { "latitude": 42.704700469970703, "longitude": 23.323820114135742, "heatmap_weight": 9, "raw_occupancy": 2 }, "geometry": { "type": "Point", "coordinates": [ 23.323820114135742, 42.704700469970703 ] } },
{ "type": "Feature", "properties": { "latitude": 42.655086517333984, "longitude": 23.399883270263672, "heatmap_weight": 4, "raw_occupancy": 1 }, "geometry": { "type": "Point", "coordinates": [ 23.399883270263672, 42.655086517333984 ] } },
{ "type": "Feature", "properties": { "latitude": 42.688796997070312, "longitude": 23.323211669921875, "heatmap_weight": 4, "raw_occupancy": 1 }, "geometry": { "type": "Point", "coordinates": [ 23.323211669921875, 42.688796997070312 ] } },
{ "type": "Feature", "properties": { "latitude": 42.697441101074219, "longitude": 23.351848602294922, "heatmap_weight": 16, "raw_occupancy": 3 }, "geometry": { "type": "Point", "coordinates": [ 23.351848602294922, 42.697441101074219 ] } },
{ "type": "Feature", "properties": { "latitude": 42.658988952636719, "longitude": 23.272649765014648, "heatmap_weight": 4, "raw_occupancy": 1 }, "geometry": { "type": "Point", "coordinates": [ 23.272649765014648, 42.658988952636719 ] } },
{ "type": "Feature", "properties": { "latitude": 42.673648834228516, "longitude": 23.295429229736328, "heatmap_weight": 4, "raw_occupancy": 1 }, "geometry": { "type": "Point", "coordinates": [ 23.295429229736328, 42.673648834228516 ] } },
{ "type": "Feature", "properties": { "latitude": 42.696559906005859, "longitude": 23.338071823120117, "heatmap_weight": 4, "raw_occupancy": 1 }, "geometry": { "type": "Point", "coordinates": [ 23.338071823120117, 42.696559906005859 ] } },
{ "type": "Feature", "properties": { "latitude": 42.675609588623047, "longitude": 23.358789443969727, "heatmap_weight": 4, "raw_occupancy": 1 }, "geometry": { "type": "Point", "coordinates": [ 23.358789443969727, 42.675609588623047 ] } },
{ "type": "Feature", "properties": { "latitude": 42.688129425048828, "longitude": 23.328256607055664, "heatmap_weight": 9, "raw_occupancy": 2 }, "geometry": { "type": "Point", "coordinates": [ 23.328256607055664, 42.688129425048828 ] } },
{ "type": "Feature", "properties": { "latitude": 42.704883575439453, "longitude": 23.333921432495117, "heatmap_weight": 9, "raw_occupancy": 2 }, "geometry": { "type": "Point", "coordinates": [ 23.333921432495117, 42.704883575439453 ] } },
{ "type": "Feature", "properties": { "latitude": 42.704998016357422, "longitude": 23.284564971923828, "heatmap_weight": 4, "raw_occupancy": 1 }, "geometry": { "type": "Point", "coordinates": [ 23.284564971923828, 42.704998016357422 ] } },
{ "type": "Feature", "properties": { "latitude": 42.806667327880859, "longitude": 23.404777526855469, "heatmap_weight": 1, "raw_occupancy": 0 }, "geometry": { "type": "Point", "coordinates": [ 23.404777526855469, 42.806667327880859 ] } },
{ "type": "Feature", "properties": { "latitude": 42.737335205078125, "longitude": 23.243387222290039, "heatmap_weight": 4, "raw_occupancy": 1 }, "geometry": { "type": "Point", "coordinates": [ 23.243387222290039, 42.737335205078125 ] } },
{ "type": "Feature", "properties": { "latitude": 42.689434051513672, "longitude": 23.314037322998047, "heatmap_weight": 9, "raw_occupancy": 2 }, "geometry": { "type": "Point", "coordinates": [ 23.314037322998047, 42.689434051513672 ] } },
{ "type": "Feature", "properties": { "latitude": 42.653480529785156, "longitude": 23.367835998535156, "heatmap_weight": 1, "raw_occupancy": 0 }, "geometry": { "type": "Point", "coordinates": [ 23.367835998535156, 42.653480529785156 ] } },
{ "type": "Feature", "properties": { "latitude": 42.660133361816406, "longitude": 23.317930221557617, "heatmap_weight": 16, "raw_occupancy": 3 }, "geometry": { "type": "Point", "coordinates": [ 23.317930221557617, 42.660133361816406 ] } },
{ "type": "Feature", "properties": { "latitude": 42.658607482910156, "longitude": 23.402576446533203, "heatmap_weight": 4, "raw_occupancy": 1 }, "geometry": { "type": "Point", "coordinates": [ 23.402576446533203, 42.658607482910156 ] } },
{ "type": "Feature", "properties": { "latitude": 42.738059997558594, "longitude": 23.316390991210938, "heatmap_weight": 4, "raw_occupancy": 1 }, "geometry": { "type": "Point", "coordinates": [ 23.316390991210938, 42.738059997558594 ] } },
{ "type": "Feature", "properties": { "latitude": 42.695060729980469, "longitude": 23.320297241210938, "heatmap_weight": 4, "raw_occupancy": 1 }, "geometry": { "type": "Point", "coordinates": [ 23.320297241210938, 42.695060729980469 ] } },
{ "type": "Feature", "properties": { "latitude": 42.716030120849609, "longitude": 23.526803970336914, "heatmap_weight": 4, "raw_occupancy": 1 }, "geometry": { "type": "Point", "coordinates": [ 23.526803970336914, 42.716030120849609 ] } },
{ "type": "Feature", "properties": { "latitude": 42.696453094482422, "longitude": 23.340595245361328, "heatmap_weight": 9, "raw_occupancy": 2 }, "geometry": { "type": "Point", "coordinates": [ 23.340595245361328, 42.696453094482422 ] } },
{ "type": "Feature", "properties": { "latitude": 42.666904449462891, "longitude": 23.323942184448242, "heatmap_weight": 1, "raw_occupancy": 0 }, "geometry": { "type": "Point", "coordinates": [ 23.323942184448242, 42.666904449462891 ] } },
{ "type": "Feature", "properties": { "latitude": 42.698532104492188, "longitude": 23.310056686401367, "heatmap_weight": 4, "raw_occupancy": 1 }, "geometry": { "type": "Point", "coordinates": [ 23.310056686401367, 42.698532104492188 ] } },
{ "type": "Feature", "properties": { "latitude": 42.625968933105469, "longitude": 23.373706817626953, "heatmap_weight": 4, "raw_occupancy": 1 }, "geometry": { "type": "Point", "coordinates": [ 23.373706817626953, 42.625968933105469 ] } },
{ "type": "Feature", "properties": { "latitude": 42.664363861083984, "longitude": 23.390180587768555, "heatmap_weight": 4, "raw_occupancy": 1 }, "geometry": { "type": "Point", "coordinates": [ 23.390180587768555, 42.664363861083984 ] } },
{ "type": "Feature", "properties": { "latitude": 42.670597076416016, "longitude": 23.320369720458984, "heatmap_weight": 9, "raw_occupancy": 2 }, "geometry": { "type": "Point", "coordinates": [ 23.320369720458984, 42.670597076416016 ] } },
{ "type": "Feature", "properties": { "latitude": 42.616424560546875, "longitude": 23.40106201171875, "heatmap_weight": 1, "raw_occupancy": 0 }, "geometry": { "type": "Point", "coordinates": [ 23.40106201171875, 42.616424560546875 ] } },
{ "type": "Feature", "properties": { "latitude": 42.674880981445312, "longitude": 23.278274536132812, "heatmap_weight": 4, "raw_occupancy": 1 }, "geometry": { "type": "Point", "coordinates": [ 23.278274536132812, 42.674880981445312 ] } },
{ "type": "Feature", "properties": { "latitude": 42.704219818115234, "longitude": 23.356756210327148, "heatmap_weight": 4, "raw_occupancy": 1 }, "geometry": { "type": "Point", "coordinates": [ 23.356756210327148, 42.704219818115234 ] } },
{ "type": "Feature", "properties": { "latitude": 42.688125610351562, "longitude": 23.312467575073242, "heatmap_weight": 9, "raw_occupancy": 2 }, "geometry": { "type": "Point", "coordinates": [ 23.312467575073242, 42.688125610351562 ] } },
{ "type": "Feature", "properties": { "latitude": 42.809970855712891, "longitude": 23.37641716003418, "heatmap_weight": 4, "raw_occupancy": 1 }, "geometry": { "type": "Point", "coordinates": [ 23.37641716003418, 42.809970855712891 ] } },
{ "type": "Feature", "properties": { "latitude": 42.699733734130859, "longitude": 23.344596862792969, "heatmap_weight": 4, "raw_occupancy": 1 }, "geometry": { "type": "Point", "coordinates": [ 23.344596862792969, 42.699733734130859 ] } },
{ "type": "Feature", "properties": { "latitude": 42.678962707519531, "longitude": 23.291397094726562, "heatmap_weight": 9, "raw_occupancy": 2 }, "geometry": { "type": "Point", "coordinates": [ 23.291397094726562, 42.678962707519531 ] } },
{ "type": "Feature", "properties": { "latitude": 42.666084289550781, "longitude": 23.317792892456055, "heatmap_weight": 9, "raw_occupancy": 2 }, "geometry": { "type": "Point", "coordinates": [ 23.317792892456055, 42.666084289550781 ] } },
{ "type": "Feature", "properties": { "latitude": 42.654552459716797, "longitude": 23.347877502441406, "heatmap_weight": 4, "raw_occupancy": 1 }, "geometry": { "type": "Point", "coordinates": [ 23.347877502441406, 42.654552459716797 ] } },
{ "type": "Feature", "properties": { "latitude": 42.745765686035156, "longitude": 23.349264144897461, "heatmap_weight": 4, "raw_occupancy": 1 }, "geometry": { "type": "Point", "coordinates": [ 23.349264144897461, 42.745765686035156 ] } },
{ "type": "Feature", "properties": { "latitude": 42.706771850585938, "longitude": 23.373825073242188, "heatmap_weight": 4, "raw_occupancy": 1 }, "geometry": { "type": "Point", "coordinates": [ 23.373825073242188, 42.706771850585938 ] } },
{ "type": "Feature", "properties": { "latitude": 42.694110870361328, "longitude": 23.315032958984375, "heatmap_weight": 4, "raw_occupancy": 1 }, "geometry": { "type": "Point", "coordinates": [ 23.315032958984375, 42.694110870361328 ] } },
{ "type": "Feature", "properties": { "latitude": 42.666492462158203, "longitude": 23.284416198730469, "heatmap_weight": 4, "raw_occupancy": 1 }, "geometry": { "type": "Point", "coordinates": [ 23.284416198730469, 42.666492462158203 ] } },
{ "type": "Feature", "properties": { "latitude": 42.706104278564453, "longitude": 23.305728912353516, "heatmap_weight": 9, "raw_occupancy": 2 }, "geometry": { "type": "Point", "coordinates": [ 23.305728912353516, 42.706104278564453 ] } },
{ "type": "Feature", "properties": { "latitude": 42.716121673583984, "longitude": 23.237491607666016, "heatmap_weight": 4, "raw_occupancy": 1 }, "geometry": { "type": "Point", "coordinates": [ 23.237491607666016, 42.716121673583984 ] } },
{ "type": "Feature", "properties": { "latitude": 42.732902526855469, "longitude": 23.46537971496582, "heatmap_weight": 4, "raw_occupancy": 1 }, "geometry": { "type": "Point", "coordinates": [ 23.46537971496582, 42.732902526855469 ] } },
{ "type": "Feature", "properties": { "latitude": 42.678600311279297, "longitude": 23.370611190795898, "heatmap_weight": 4, "raw_occupancy": 1 }, "geometry": { "type": "Point", "coordinates": [ 23.370611190795898, 42.678600311279297 ] } },
{ "type": "Feature", "properties": { "latitude": 42.684497833251953, "longitude": 23.301351547241211, "heatmap_weight": 4, "raw_occupancy": 1 }, "geometry": { "type": "Point", "coordinates": [ 23.301351547241211, 42.684497833251953 ] } },
{ "type": "Feature", "properties": { "latitude": 42.707435607910156, "longitude": 23.323131561279297, "heatmap_weight": 1, "raw_occupancy": 0 }, "geometry": { "type": "Point", "coordinates": [ 23.323131561279297, 42.707435607910156 ] } },
{ "type": "Feature", "properties": { "latitude": 42.690158843994141, "longitude": 23.337215423583984, "heatmap_weight": 1, "raw_occupancy": 0 }, "geometry": { "type": "Point", "coordinates": [ 23.337215423583984, 42.690158843994141 ] } },
{ "type": "Feature", "properties": { "latitude": 42.703346252441406, "longitude": 23.323394775390625, "heatmap_weight": 4, "raw_occupancy": 1 }, "geometry": { "type": "Point", "coordinates": [ 23.323394775390625, 42.703346252441406 ] } },
{ "type": "Feature", "properties": { "latitude": 42.758510589599609, "longitude": 23.275434494018555, "heatmap_weight": 4, "raw_occupancy": 1 }, "geometry": { "type": "Point", "coordinates": [ 23.275434494018555, 42.758510589599609 ] } },
{ "type": "Feature", "properties": { "latitude": 42.648303985595703, "longitude": 23.367610931396484, "heatmap_weight": 4, "raw_occupancy": 1 }, "geometry": { "type": "Point", "coordinates": [ 23.367610931396484, 42.648303985595703 ] } },
{ "type": "Feature", "properties": { "latitude": 42.677959442138672, "longitude": 23.366619110107422, "heatmap_weight": 1, "raw_occupancy": 0 }, "geometry": { "type": "Point", "coordinates": [ 23.366619110107422, 42.677959442138672 ] } },
{ "type": "Feature", "properties": { "latitude": 42.678905487060547, "longitude": 23.284042358398438, "heatmap_weight": 4, "raw_occupancy": 1 }, "geometry": { "type": "Point", "coordinates": [ 23.284042358398438, 42.678905487060547 ] } },
{ "type": "Feature", "properties": { "latitude": 42.675193786621094, "longitude": 23.333833694458008, "heatmap_weight": 4, "raw_occupancy": 1 }, "geometry": { "type": "Point", "coordinates": [ 23.333833694458008, 42.675193786621094 ] } },
{ "type": "Feature", "properties": { "latitude": 42.6444091796875, "longitude": 23.41217041015625, "heatmap_weight": 4, "raw_occupancy": 1 }, "geometry": { "type": "Point", "coordinates": [ 23.41217041015625, 42.6444091796875 ] } },
{ "type": "Feature", "properties": { "latitude": 42.587211608886719, "longitude": 23.360736846923828, "heatmap_weight": 4, "raw_occupancy": 1 }, "geometry": { "type": "Point", "coordinates": [ 23.360736846923828, 42.587211608886719 ] } },
{ "type": "Feature", "properties": { "latitude": 42.689960479736328, "longitude": 23.314008712768555, "heatmap_weight": 1, "raw_occupancy": 0 }, "geometry": { "type": "Point", "coordinates": [ 23.314008712768555, 42.689960479736328 ] } },
{ "type": "Feature", "properties": { "latitude": 42.699050903320312, "longitude": 23.338459014892578, "heatmap_weight": 4, "raw_occupancy": 1 }, "geometry": { "type": "Point", "coordinates": [ 23.338459014892578, 42.699050903320312 ] } },
{ "type": "Feature", "properties": { "latitude": 42.685169219970703, "longitude": 23.345184326171875, "heatmap_weight": 9, "raw_occupancy": 2 }, "geometry": { "type": "Point", "coordinates": [ 23.345184326171875, 42.685169219970703 ] } },
{ "type": "Feature", "properties": { "latitude": 42.705715179443359, "longitude": 23.33253288269043, "heatmap_weight": 4, "raw_occupancy": 1 }, "geometry": { "type": "Point", "coordinates": [ 23.33253288269043, 42.705715179443359 ] } },
{ "type": "Feature", "properties": { "latitude": 42.733867645263672, "longitude": 23.328414916992188, "heatmap_weight": 1, "raw_occupancy": 0 }, "geometry": { "type": "Point", "coordinates": [ 23.328414916992188, 42.733867645263672 ] } },
{ "type": "Feature", "properties": { "latitude": 42.747005462646484, "longitude": 23.279487609863281, "heatmap_weight": 4, "raw_occupancy": 1 }, "geometry": { "type": "Point", "coordinates": [ 23.279487609863281, 42.747005462646484 ] } },
{ "type": "Feature", "properties": { "latitude": 42.717445373535156, "longitude": 23.279199600219727, "heatmap_weight": 16, "raw_occupancy": 3 }, "geometry": { "type": "Point", "coordinates": [ 23.279199600219727, 42.717445373535156 ] } },
{ "type": "Feature", "properties": { "latitude": 42.678665161132812, "longitude": 23.284902572631836, "heatmap_weight": 9, "raw_occupancy": 2 }, "geometry": { "type": "Point", "coordinates": [ 23.284902572631836, 42.678665161132812 ] } },
{ "type": "Feature", "properties": { "latitude": 42.664665222167969, "longitude": 23.260334014892578, "heatmap_weight": 9, "raw_occupancy": 2 }, "geometry": { "type": "Point", "coordinates": [ 23.260334014892578, 42.664665222167969 ] } },
{ "type": "Feature", "properties": { "latitude": 42.649673461914062, "longitude": 23.2603759765625, "heatmap_weight": 4, "raw_occupancy": 1 }, "geometry": { "type": "Point", "coordinates": [ 23.2603759765625, 42.649673461914062 ] } },
{ "type": "Feature", "properties": { "latitude": 42.654853820800781, "longitude": 23.330131530761719, "heatmap_weight": 25, "raw_occupancy": 4 }, "geometry": { "type": "Point", "coordinates": [ 23.330131530761719, 42.654853820800781 ] } },
{ "type": "Feature", "properties": { "latitude": 42.694873809814453, "longitude": 23.317150115966797, "heatmap_weight": 4, "raw_occupancy": 1 }, "geometry": { "type": "Point", "coordinates": [ 23.317150115966797, 42.694873809814453 ] } },
{ "type": "Feature", "properties": { "latitude": 42.719505310058594, "longitude": 23.310317993164062, "heatmap_weight": 4, "raw_occupancy": 1 }, "geometry": { "type": "Point", "coordinates": [ 23.310317993164062, 42.719505310058594 ] } },
{ "type": "Feature", "properties": { "latitude": 42.731170654296875, "longitude": 23.286548614501953, "heatmap_weight": 4, "raw_occupancy": 1 }, "geometry": { "type": "Point", "coordinates": [ 23.286548614501953, 42.731170654296875 ] } },
{ "type": "Feature", "properties": { "latitude": 42.665931701660156, "longitude": 23.301874160766602, "heatmap_weight": 9, "raw_occupancy": 2 }, "geometry": { "type": "Point", "coordinates": [ 23.301874160766602, 42.665931701660156 ] } },
{ "type": "Feature", "properties": { "latitude": 42.678455352783203, "longitude": 23.284404754638672, "heatmap_weight": 4, "raw_occupancy": 1 }, "geometry": { "type": "Point", "coordinates": [ 23.284404754638672, 42.678455352783203 ] } },
{ "type": "Feature", "properties": { "latitude": 42.711597442626953, "longitude": 23.318735122680664, "heatmap_weight": 4, "raw_occupancy": 1 }, "geometry": { "type": "Point", "coordinates": [ 23.318735122680664, 42.711597442626953 ] } },
{ "type": "Feature", "properties": { "latitude": 42.688507080078125, "longitude": 23.415336608886719, "heatmap_weight": 9, "raw_occupancy": 2 }, "geometry": { "type": "Point", "coordinates": [ 23.415336608886719, 42.688507080078125 ] } },
{ "type": "Feature", "properties": { "latitude": 42.667488098144531, "longitude": 23.391990661621094, "heatmap_weight": 4, "raw_occupancy": 1 }, "geometry": { "type": "Point", "coordinates": [ 23.391990661621094, 42.667488098144531 ] } }
]
}
