{
"type": "FeatureCollection",
"name": "bus_occupancy_period_1_12-17-37",
"crs": { "type": "name", "properties": { "name": "urn:ogc:def:crs:OGC:1.3:CRS84" } },
"features": [
{ "type": "Feature", "properties": { "latitude": 42.714973449707031, "longitude": 23.309804916381836, "heatmap_weight": 1, "raw_occupancy": 0 }, "geometry": { "type": "Point", "coordinates": [ 23.309804916381836, 42.714973449707031 ] } },
{ "type": "Feature", "properties": { "latitude": 42.630771636962891, "longitude": 23.374959945678711, "heatmap_weight": 4, "raw_occupancy": 1 }, "geometry": { "type": "Point", "coordinates": [ 23.374959945678711, 42.630771636962891 ] } },
{ "type": "Feature", "properties": { "latitude": 42.628395080566406, "longitude": 23.407905578613281, "heatmap_weight": 9, "raw_occupancy": 2 }, "geometry": { "type": "Point", "coordinates": [ 23.407905578613281, 42.628395080566406 ] } },
{ "type": "Feature", "properties": { "latitude": 42.707244873046875, "longitude": 23.298921585083008, "heatmap_weight": 9, "raw_occupancy": 2 }, "geometry": { "type": "Point", "coordinates": [ 23.298921585083008, 42.707244873046875 ] } },
{ "type": "Feature", "properties": { "latitude": 42.665218353271484, "longitude": 23.260251998901367, "heatmap_weight": 1, "raw_occupancy": 0 }, "geometry": { "type": "Point", "coordinates": [ 23.260251998901367, 42.665218353271484 ] } },
{ "type": "Feature", "properties": { "latitude": 42.696857452392578, "longitude": 23.337968826293945, "heatmap_weight": 4, "raw_occupancy": 1 }, "geometry": { "type": "Point", "coordinates": [ 23.337968826293945, 42.696857452392578 ] } },
{ "type": "Feature", "properties": { "latitude": 42.700099945068359, "longitude": 23.31010627746582, "heatmap_weight": 9, "raw_occupancy": 2 }, "geometry": { "type": "Point", "coordinates": [ 23.31010627746582, 42.700099945068359 ] } },
{ "type": "Feature", "properties": { "latitude": 42.675556182861328, "longitude": 23.358880996704102, "heatmap_weight": 16, "raw_occupancy": 3 }, "geometry": { "type": "Point", "coordinates": [ 23.358880996704102, 42.675556182861328 ] } },
{ "type": "Feature", "properties": { "latitude": 42.668350219726562, "longitude": 23.265230178833008, "heatmap_weight": 9, "raw_occupancy": 2 }, "geometry": { "type": "Point", "coordinates": [ 23.265230178833008, 42.668350219726562 ] } },
{ "type": "Feature", "properties": { "latitude": 42.691322326660156, "longitude": 23.279270172119141, "heatmap_weight": 4, "raw_occupancy": 1 }, "geometry": { "type": "Point", "coordinates": [ 23.279270172119141, 42.691322326660156 ] } },
{ "type": "Feature", "properties": { "latitude": 42.761306762695312, "longitude": 23.354833602905273, "heatmap_weight": 1, "raw_occupancy": 0 }, "geometry": { "type": "Point", "coordinates": [ 23.354833602905273, 42.761306762695312 ] } },
{ "type": "Feature", "properties": { "latitude": 42.649520874023438, "longitude": 23.265378952026367, "heatmap_weight": 4, "raw_occupancy": 1 }, "geometry": { "type": "Point", "coordinates": [ 23.265378952026367, 42.649520874023438 ] } },
{ "type": "Feature", "properties": { "latitude": 42.686511993408203, "longitude": 23.330450057983398, "heatmap_weight": 9, "raw_occupancy": 2 }, "geometry": { "type": "Point", "coordinates": [ 23.330450057983398, 42.686511993408203 ] } },
{ "type": "Feature", "properties": { "latitude": 42.64080810546875, "longitude": 23.380722045898438, "heatmap_weight": 4, "raw_occupancy": 1 }, "geometry": { "type": "Point", "coordinates": [ 23.380722045898438, 42.64080810546875 ] } },
{ "type": "Feature", "properties": { "latitude": 42.699039459228516, "longitude": 23.338420867919922, "heatmap_weight": 4, "raw_occupancy": 1 }, "geometry": { "type": "Point", "coordinates": [ 23.338420867919922, 42.699039459228516 ] } },
{ "type": "Feature", "properties": { "latitude": 42.690532684326172, "longitude": 23.336841583251953, "heatmap_weight": 4, "raw_occupancy": 1 }, "geometry": { "type": "Point", "coordinates": [ 23.336841583251953, 42.690532684326172 ] } },
{ "type": "Feature", "properties": { "latitude": 42.705390930175781, "longitude": 23.324111938476562, "heatmap_weight": 9, "raw_occupancy": 2 }, "geometry": { "type": "Point", "coordinates": [ 23.324111938476562, 42.705390930175781 ] } },
{ "type": "Feature", "properties": { "latitude": 42.660472869873047, "longitude": 23.318702697753906, "heatmap_weight": 4, "raw_occupancy": 1 }, "geometry": { "type": "Point", "coordinates": [ 23.318702697753906, 42.660472869873047 ] } },
{ "type": "Feature", "properties": { "latitude": 42.702186584472656, "longitude": 23.323081970214844, "heatmap_weight": 1, "raw_occupancy": 0 }, "geometry": { "type": "Point", "coordinates": [ 23.323081970214844, 42.702186584472656 ] } },
{ "type": "Feature", "properties": { "latitude": 42.697528839111328, "longitude": 23.321605682373047, "heatmap_weight": 1, "raw_occupancy": 0 }, "geometry": { "type": "Point", "coordinates": [ 23.321605682373047, 42.697528839111328 ] } },
{ "type": "Feature", "properties": { "latitude": 42.644111633300781, "longitude": 23.399333953857422, "heatmap_weight": 16, "raw_occupancy": 3 }, "geometry": { "type": "Point", "coordinates": [ 23.399333953857422, 42.644111633300781 ] } },
{ "type": "Feature", "properties": { "latitude": 42.714179992675781, "longitude": 23.307064056396484, "heatmap_weight": 9, "raw_occupancy": 2 }, "geometry": { "type": "Point", "coordinates": [ 23.307064056396484, 42.714179992675781 ] } },
{ "type": "Feature", "properties": { "latitude": 42.730537414550781, "longitude": 23.248104095458984, "heatmap_weight": 4, "raw_occupancy": 1 }, "geometry": { "type": "Point", "coordinates": [ 23.248104095458984, 42.730537414550781 ] } },
{ "type": "Feature", "properties": { "latitude": 42.668121337890625, "longitude": 23.401908874511719, "heatmap_weight": 4, "raw_occupancy": 1 }, "geometry": { "type": "Point", "coordinates": [ 23.401908874511719, 42.668121337890625 ] } },
{ "type": "Feature", "properties": { "latitude": 42.716529846191406, "longitude": 23.233791351318359, "heatmap_weight": 9, "raw_occupancy": 2 }, "geometry": { "type": "Point", "coordinates": [ 23.233791351318359, 42.716529846191406 ] } },
{ "type": "Feature", "properties": { "latitude": 42.681594848632812, "longitude": 23.310165405273438, "heatmap_weight": 9, "raw_occupancy": 2 }, "geometry": { "type": "Point", "coordinates": [ 23.310165405273438, 42.681594848632812 ] } },
{ "type": "Feature", "properties": { "latitude": 42.696517944335938, "longitude": 23.354900360107422, "heatmap_weight": 4, "raw_occupancy": 1 }, "geometry": { "type": "Point", "coordinates": [ 23.354900360107422, 42.696517944335938 ] } },
{ "type": "Feature", "properties": { "latitude": 42.690311431884766, "longitude": 23.254196166992188, "heatmap_weight": 4, "raw_occupancy": 1 }, "geometry": { "type": "Point", "coordinates": [ 23.254196166992188, 42.690311431884766 ] } },
{ "type": "Feature", "properties": { "latitude": 42.658424377441406, "longitude": 23.314762115478516, "heatmap_weight": 9, "raw_occupancy": 2 }, "geometry": { "type": "Point", "coordinates": [ 23.314762115478516, 42.658424377441406 ] } },
{ "type": "Feature", "properties": { "latitude": 42.673313140869141, "longitude": 23.405397415161133, "heatmap_weight": 1, "raw_occupancy": 0 }, "geometry": { "type": "Point", "coordinates": [ 23.405397415161133, 42.673313140869141 ] } },
{ "type": "Feature", "properties": { "latitude": 42.6944580078125, "longitude": 23.293045043945312, "heatmap_weight": 9, "raw_occupancy": 2 }, "geometry": { "type": "Point", "coordinates": [ 23.293045043945312, 42.6944580078125 ] } },
{ "type": "Feature", "properties": { "latitude": 42.739734649658203, "longitude": 23.305669784545898, "heatmap_weight": 1, "raw_occupancy": 0 }, "geometry": { "type": "Point", "coordinates": [ 23.305669784545898, 42.739734649658203 ] } },
{ "type": "Feature", "properties": { "latitude": 42.711540222167969, "longitude": 23.318843841552734, "heatmap_weight": 4, "raw_occupancy": 1 }, "geometry": { "type": "Point", "coordinates": [ 23.318843841552734, 42.711540222167969 ] } },
{ "type": "Feature", "properties": { "latitude": 42.656772613525391, "longitude": 23.321723937988281, "heatmap_weight": 16, "raw_occupancy": 3 }, "geometry": { "type": "Point", "coordinates": [ 23.321723937988281, 42.656772613525391 ] } },
{ "type": "Feature", "properties": { "latitude": 42.700458526611328, "longitude": 23.297294616699219, "heatmap_weight": 9, "raw_occupancy": 2 }, "geometry": { "type": "Point", "coordinates": [ 23.297294616699219, 42.700458526611328 ] } },
{ "type": "Feature", "properties": { "latitude": 42.675228118896484, "longitude": 23.333799362182617, "heatmap_weight": 16, "raw_occupancy": 3 }, "geometry": { "type": "Point", "coordinates": [ 23.333799362182617, 42.675228118896484 ] } },
{ "type": "Feature", "properties": { "latitude": 42.684658050537109, "longitude": 23.301923751831055, "heatmap_weight": 4, "raw_occupancy": 1 }, "geometry": { "type": "Point", "coordinates": [ 23.301923751831055, 42.684658050537109 ] } },
{ "type": "Feature", "properties": { "latitude": 42.746700286865234, "longitude": 23.279729843139648, "heatmap_weight": 4, "raw_occupancy": 1 }, "geometry": { "type": "Point", "coordinates": [ 23.279729843139648, 42.746700286865234 ] } },
{ "type": "Feature", "properties": { "latitude": 42.714756011962891, "longitude": 23.310447692871094, "heatmap_weight": 9, "raw_occupancy": 2 }, "geometry": { "type": "Point", "coordinates": [ 23.310447692871094, 42.714756011962891 ] } },
{ "type": "Feature", "properties": { "latitude": 42.710762023925781, "longitude": 23.361238479614258, "heatmap_weight": 1, "raw_occupancy": 0 }, "geometry": { "type": "Point", "coordinates": [ 23.361238479614258, 42.710762023925781 ] } },
{ "type": "Feature", "properties": { "latitude": 42.644611358642578, "longitude": 23.342000961303711, "heatmap_weight": 4, "raw_occupancy": 1 }, "geometry": { "type": "Point", "coordinates": [ 23.342000961303711, 42.644611358642578 ] } },
{ "type": "Feature", "properties": { "latitude": 42.666961669921875, "longitude": 23.403932571411133, "heatmap_weight": 4, "raw_occupancy": 1 }, "geometry": { "type": "Point", "coordinates": [ 23.403932571411133, 42.666961669921875 ] } },
{ "type": "Feature", "properties": { "latitude": 42.67156982421875, "longitude": 23.27250862121582, "heatmap_weight": 4, "raw_occupancy": 1 }, "geometry": { "type": "Point", "coordinates": [ 23.27250862121582, 42.67156982421875 ] } },
{ "type": "Feature", "properties": { "latitude": 42.668170928955078, "longitude": 23.241289138793945, "heatmap_weight": 9, "raw_occupancy": 2 }, "geometry": { "type": "Point", "coordinates": [ 23.241289138793945, 42.668170928955078 ] } },
{ "type": "Feature", "properties": { "latitude": 42.661090850830078, "longitude": 23.351806640625, "heatmap_weight": 9, "raw_occupancy": 2 }, "geometry": { "type": "Point", "coordinates": [ 23.351806640625, 42.661090850830078 ] } },
{ "type": "Feature", "properties": { "latitude": 42.634918212890625, "longitude": 23.40545654296875, "heatmap_weight": 9, "raw_occupancy": 2 }, "geometry": { "type": "Point", "coordinates": [ 23.40545654296875, 42.634918212890625 ] } },
{ "type": "Feature", "properties": { "latitude": 42.679702758789062, "longitude": 23.302305221557617, "heatmap_weight": 9, "raw_occupancy": 2 }, "geometry": { "type": "Point", "coordinates": [ 23.302305221557617, 42.679702758789062 ] } },
{ "type": "Feature", "properties": { "latitude": 42.689682006835938, "longitude": 23.314035415649414, "heatmap_weight": 4, "raw_occupancy": 1 }, "geometry": { "type": "Point", "coordinates": [ 23.314035415649414, 42.689682006835938 ] } },
{ "type": "Feature", "properties": { "latitude": 42.706718444824219, "longitude": 23.292160034179688, "heatmap_weight": 4, "raw_occupancy": 1 }, "geometry": { "type": "Point", "coordinates": [ 23.292160034179688, 42.706718444824219 ] } },
{ "type": "Feature", "properties": { "latitude": 42.699863433837891, "longitude": 23.323776245117188, "heatmap_weight": 4, "raw_occupancy": 1 }, "geometry": { "type": "Point", "coordinates": [ 23.323776245117188, 42.699863433837891 ] } },
{ "type": "Feature", "properties": { "latitude": 42.678909301757812, "longitude": 23.285381317138672, "heatmap_weight": 4, "raw_occupancy": 1 }, "geometry": { "type": "Point", "coordinates": [ 23.285381317138672, 42.678909301757812 ] } },
{ "type": "Feature", "properties": { "latitude": 42.684505462646484, "longitude": 23.301412582397461, "heatmap_weight": 9, "raw_occupancy": 2 }, "geometry": { "type": "Point", "coordinates": [ 23.301412582397461, 42.684505462646484 ] } },
{ "type": "Feature", "properties": { "latitude": 42.700229644775391, "longitude": 23.322566986083984, "heatmap_weight": 4, "raw_occupancy": 1 }, "geometry": { "type": "Point", "coordinates": [ 23.322566986083984, 42.700229644775391 ] } },
{ "type": "Feature", "properties": { "latitude": 42.685894012451172, "longitude": 23.350625991821289, "heatmap_weight": 4, "raw_occupancy": 1 }, "geometry": { "type": "Point", "coordinates": [ 23.350625991821289, 42.685894012451172 ] } },
{ "type": "Feature", "properties": { "latitude": 42.7073974609375, "longitude": 23.326789855957031, "heatmap_weight": 4, "raw_occupancy": 1 }, "geometry": { "type": "Point", "coordinates": [ 23.326789855957031, 42.7073974609375 ] } },
{ "type": "Feature", "properties": { "latitude": 42.669540405273438, "longitude": 23.368677139282227, "heatmap_weight": 9, "raw_occupancy": 2 }, "geometry": { "type": "Point", "coordinates": [ 23.368677139282227, 42.669540405273438 ] } },
{ "type": "Feature", "properties": { "latitude": 42.758438110351562, "longitude": 23.275434494018555, "heatmap_weight": 4, "raw_occupancy": 1 }, "geometry": { "type": "Point", "coordinates": [ 23.275434494018555, 42.758438110351562 ] } },
{ "type": "Feature", "properties": { "latitude": 42.681591033935547, "longitude": 23.312900543212891, "heatmap_weight": 9, "raw_occupancy": 2 }, "geometry": { "type": "Point", "coordinates": [ 23.312900543212891, 42.681591033935547 ] } },
{ "type": "Feature", "properties": { "latitude": 42.668701171875, "longitude": 23.267368316650391, "heatmap_weight": 4, "raw_occupancy": 1 }, "geometry": { "type": "Point", "coordinates": [ 23.267368316650391, 42.668701171875 ] } },
{ "type": "Feature", "properties": { "latitude": 42.777084350585938, "longitude": 23.274204254150391, "heatmap_weight": 4, "raw_occupancy": 1 }, "geometry": { "type": "Point", "coordinates": [ 23.274204254150391, 42.777084350585938 ] } },
{ "type": "Feature", "properties": { "latitude": 42.674827575683594, "longitude": 23.381732940673828, "heatmap_weight": 4, "raw_occupancy": 1 }, "geometry": { "type": "Point", "coordinates": [ 23.381732940673828, 42.674827575683594 ] } },
{ "type": "Feature", "properties": { "latitude": 42.71435546875, "longitude": 23.308921813964844, "heatmap_weight": 4, "raw_occupancy": 1 }, "geometry": { "type": "Point", "coordinates": [ 23.308921813964844, 42.71435546875 ] } },
{ "type": "Feature", "properties": { "latitude": 42.690044403076172, "longitude": 23.363948822021484, "heatmap_weight": 9, "raw_occupancy": 2 }, "geometry": { "type": "Point", "coordinates": [ 23.363948822021484, 42.690044403076172 ] } },
{ "type": "Feature", "properties": { "latitude": 42.670467376708984, "longitude": 23.365633010864258, "heatmap_weight": 9, "raw_occupancy": 2 }, "geometry": { "type": "Point", "coordinates": [ 23.365633010864258, 42.670467376708984 ] } },
{ "type": "Feature", "properties": { "latitude": 42.727230072021484, "longitude": 23.29002571105957, "heatmap_weight": 9, "raw_occupancy": 2 }, "geometry": { "type": "Point", "coordinates": [ 23.29002571105957, 42.727230072021484 ] } },
{ "type": "Feature", "properties": { "latitude": 42.677303314208984, "longitude": 23.356021881103516, "heatmap_weight": 4, "raw_occupancy": 1 }, "geometry": { "type": "Point", "coordinates": [ 23.356021881103516, 42.677303314208984 ] } },
{ "type": "Feature", "properties": { "latitude": 42.717124938964844, "longitude": 23.279500961303711, "heatmap_weight": 4, "raw_occupancy": 1 }, "geometry": { "type": "Point", "coordinates": [ 23.279500961303711, 42.717124938964844 ] } },
{ "type": "Feature", "properties": { "latitude": 42.696422576904297, "longitude": 23.341564178466797, "heatmap_weight": 9, "raw_occupancy": 2 }, "geometry": { "type": "Point", "coordinates": [ 23.341564178466797, 42.696422576904297 ] } },
{ "type": "Feature", "properties": { "latitude": 42.689208984375, "longitude": 23.31346321105957, "heatmap_weight": 4, "raw_occupancy": 1 }, "geometry": { "type": "Point", "coordinates": [ 23.31346321105957, 42.689208984375 ] } },
{ "type": "Feature", "properties": { "latitude": 42.701545715332031, "longitude": 23.290494918823242, "heatmap_weight": 9, "raw_occupancy": 2 }, "geometry": { "type": "Point", "coordinates": [ 23.290494918823242, 42.701545715332031 ] } },
{ "type": "Feature", "properties": { "latitude": 42.644638061523438, "longitude": 23.404891967773438, "heatmap_weight": 4, "raw_occupancy": 1 }, "geometry": { "type": "Point", "coordinates": [ 23.404891967773438, 42.644638061523438 ] } },
{ "type": "Feature", "properties": { "latitude": 42.652427673339844, "longitude": 23.347419738769531, "heatmap_weight": 9, "raw_occupancy": 2 }, "geometry": { "type": "Point", "coordinates": [ 23.347419738769531, 42.652427673339844 ] } },
{ "type": "Feature", "properties": { "latitude": 42.705753326416016, "longitude": 23.298828125, "heatmap_weight": 9, "raw_occupancy": 2 }, "geometry": { "type": "Point", "coordinates": [ 23.298828125, 42.705753326416016 ] } },
{ "type": "Feature", "properties": { "latitude": 42.705669403076172, "longitude": 23.332569122314453, "heatmap_weight": 4, "raw_occupancy": 1 }, "geometry": { "type": "Point", "coordinates": [ 23.332569122314453, 42.705669403076172 ] } },
{ "type": "Feature", "properties": { "latitude": 42.694366455078125, "longitude": 23.322349548339844, "heatmap_weight": 4, "raw_occupancy": 1 }, "geometry": { "type": "Point", "coordinates": [ 23.322349548339844, 42.694366455078125 ] } },
{ "type": "Feature", "properties": { "latitude": 42.658035278320312, "longitude": 23.270973205566406, "heatmap_weight": 4, "raw_occupancy": 1 }, "geometry": { "type": "Point", "coordinates": [ 23.270973205566406, 42.658035278320312 ] } },
{ "type": "Feature", "properties": { "latitude": 42.69854736328125, "longitude": 23.334793090820312, "heatmap_weight": 4, "raw_occupancy": 1 }, "geometry": { "type": "Point", "coordinates": [ 23.334793090820312, 42.69854736328125 ] } },
{ "type": "Feature", "properties": { "latitude": 42.734169006347656, "longitude": 23.308597564697266, "heatmap_weight": 1, "raw_occupancy": 0 }, "geometry": { "type": "Point", "coordinates": [ 23.308597564697266, 42.734169006347656 ] } },
{ "type": "Feature", "properties": { "latitude": 42.73681640625, "longitude": 23.242938995361328, "heatmap_weight": 9, "raw_occupancy": 2 }, "geometry": { "type": "Point", "coordinates": [ 23.242938995361328, 42.73681640625 ] } },
{ "type": "Feature", "properties": { "latitude": 42.692886352539062, "longitude": 23.33464241027832, "heatmap_weight": 36, "raw_occupancy": 5 }, "geometry": { "type": "Point", "coordinates": [ 23.33464241027832, 42.692886352539062 ] } },
{ "type": "Feature", "properties": { "latitude": 42.708686828613281, "longitude": 23.457462310791016, "heatmap_weight": 9, "raw_occupancy": 2 }, "geometry": { "type": "Point", "coordinates": [ 23.457462310791016, 42.708686828613281 ] } },
{ "type": "Feature", "properties": { "latitude": 42.675125122070312, "longitude": 23.334066390991211, "heatmap_weight": 16, "raw_occupancy": 3 }, "geometry": { "type": "Point", "coordinates": [ 23.334066390991211, 42.675125122070312 ] } },
{ "type": "Feature", "properties": { "latitude": 42.692886352539062, "longitude": 23.281391143798828, "heatmap_weight": 4, "raw_occupancy": 1 }, "geometry": { "type": "Point", "coordinates": [ 23.281391143798828, 42.692886352539062 ] } },
{ "type": "Feature", "properties": { "latitude": 42.719028472900391, "longitude": 23.314050674438477, "heatmap_weight": 4, "raw_occupancy": 1 }, "geometry": { "type": "Point", "coordinates": [ 23.314050674438477, 42.719028472900391 ] } },
{ "type": "Feature", "properties": { "latitude": 42.674957275390625, "longitude": 23.376829147338867, "heatmap_weight": 4, "raw_occupancy": 1 }, "geometry": { "type": "Point", "coordinates": [ 23.376829147338867, 42.674957275390625 ] } },
{ "type": "Feature", "properties": { "latitude": 42.692501068115234, "longitude": 23.311073303222656, "heatmap_weight": 4, "raw_occupancy": 1 }, "geometry": { "type": "Point", "coordinates": [ 23.311073303222656, 42.692501068115234 ] } },
{ "type": "Feature", "properties": { "latitude": 42.702430725097656, "longitude": 23.352222442626953, "heatmap_weight": 4, "raw_occupancy": 1 }, "geometry": { "type": "Point", "coordinates": [ 23.352222442626953, 42.702430725097656 ] } },
{ "type": "Feature", "properties": { "latitude": 42.632472991943359, "longitude": 23.380348205566406, "heatmap_weight": 4, "raw_occupancy": 1 }, "geometry": { "type": "Point", "coordinates": [ 23.380348205566406, 42.632472991943359 ] } },
{ "type": "Feature", "properties": { "latitude": 42.678379058837891, "longitude": 23.365760803222656, "heatmap_weight": 9, "raw_occupancy": 2 }, "geometry": { "type": "Point", "coordinates": [ 23.365760803222656, 42.678379058837891 ] } },
{ "type": "Feature", "properties": { "latitude": 42.676307678222656, "longitude": 23.316335678100586, "heatmap_weight": 4, "raw_occupancy": 1 }, "geometry": { "type": "Point", "coordinates": [ 23.316335678100586, 42.676307678222656 ] } },
{ "type": "Feature", "properties": { "latitude": 42.710418701171875, "longitude": 23.321966171264648, "heatmap_weight": 4, "raw_occupancy": 1 }, "geometry": { "type": "Point", "coordinates": [ 23.321966171264648, 42.710418701171875 ] } },
{ "type": "Feature", "properties": { "latitude": 42.679153442382812, "longitude": 23.310819625854492, "heatmap_weight": 4, "raw_occupancy": 1 }, "geometry": { "type": "Point", "coordinates": [ 23.310819625854492, 42.679153442382812 ] } },
{ "type": "Feature", "properties": { "latitude": 42.694812774658203, "longitude": 23.317039489746094, "heatmap_weight": 4, "raw_occupancy": 1 }, "geometry": { "type": "Point", "coordinates": [ 23.317039489746094, 42.694812774658203 ] } },
{ "type": "Feature", "properties": { "latitude": 42.705909729003906, "longitude": 23.314165115356445, "heatmap_weight": 9, "raw_occupancy": 2 }, "geometry": { "type": "Point", "coordinates": [ 23.314165115356445, 42.705909729003906 ] } },
{ "type": "Feature", "properties": { "latitude": 42.652412414550781, "longitude": 23.347360610961914, "heatmap_weight": 9, "raw_occupancy": 2 }, "geometry": { "type": "Point", "coordinates": [ 23.347360610961914, 42.652412414550781 ] } },
{ "type": "Feature", "properties": { "latitude": 42.686809539794922, "longitude": 23.310092926025391, "heatmap_weight": 16, "raw_occupancy": 3 }, "geometry": { "type": "Point", "coordinates": [ 23.310092926025391, 42.686809539794922 ] } },
{ "type": "Feature", "properties": { "latitude": 42.654983520507812, "longitude": 23.381521224975586, "heatmap_weight": 4, "raw_occupancy": 1 }, "geometry": { "type": "Point", "coordinates": [ 23.381521224975586, 42.654983520507812 ] } },
{ "type": "Feature", "properties": { "latitude": 42.734222412109375, "longitude": 23.485969543457031, "heatmap_weight": 9, "raw_occupancy": 2 }, "geometry": { "type": "Point", "coordinates": [ 23.485969543457031, 42.734222412109375 ] } },
{ "type": "Feature", "properties": { "latitude": 42.736282348632812, "longitude": 23.394760131835938, "heatmap_weight": 4, "raw_occupancy": 1 }, "geometry": { "type": "Point", "coordinates": [ 23.394760131835938, 42.736282348632812 ] } },
{ "type": "Feature", "properties": { "latitude": 42.690067291259766, "longitude": 23.313201904296875, "heatmap_weight": 4, "raw_occupancy": 1 }, "geometry": { "type": "Point", "coordinates": [ 23.313201904296875, 42.690067291259766 ] } },
{ "type": "Feature", "properties": { "latitude": 42.678455352783203, "longitude": 23.365329742431641, "heatmap_weight": 9, "raw_occupancy": 2 }, "geometry": { "type": "Point", "coordinates": [ 23.365329742431641, 42.678455352783203 ] } },
{ "type": "Feature", "properties": { "latitude": 42.696369171142578, "longitude": 23.309099197387695, "heatmap_weight": 4, "raw_occupancy": 1 }, "geometry": { "type": "Point", "coordinates": [ 23.309099197387695, 42.696369171142578 ] } },
{ "type": "Feature", "properties": { "latitude": 42.619197845458984, "longitude": 23.333257675170898, "heatmap_weight": 4, "raw_occupancy": 1 }, "geometry": { "type": "Point", "coordinates": [ 23.333257675170898, 42.619197845458984 ] } },
{ "type": "Feature", "properties": { "latitude": 42.629524230957031, "longitude": 23.342372894287109, "heatmap_weight": 9, "raw_occupancy": 2 }, "geometry": { "type": "Point", "coordinates": [ 23.342372894287109, 42.629524230957031 ] } },
{ "type": "Feature", "properties": { "latitude": 42.640266418457031, "longitude": 23.311912536621094, "heatmap_weight": 16, "raw_occupancy": 3 }, "geometry": { "type": "Point", "coordinates": [ 23.311912536621094, 42.640266418457031 ] } },
{ "type": "Feature", "properties": { "latitude": 42.703025817871094, "longitude": 23.316986083984375, "heatmap_weight": 1, "raw_occupancy": 0 }, "geometry": { "type": "Point", "coordinates": [ 23.316986083984375, 42.703025817871094 ] } },
{ "type": "Feature", "properties": { "latitude": 42.665447235107422, "longitude": 23.288049697875977, "heatmap_weight": 4, "raw_occupancy": 1 }, "geometry": { "type": "Point", "coordinates": [ 23.288049697875977, 42.665447235107422 ] } },
{ "type": "Feature", "properties": { "latitude": 42.684833526611328, "longitude": 23.302734375, "heatmap_weight": 9, "raw_occupancy": 2 }, "geometry": { "type": "Point", "coordinates": [ 23.302734375, 42.684833526611328 ] } },
{ "type": "Feature", "properties": { "latitude": 42.659896850585938, "longitude": 23.272834777832031, "heatmap_weight": 1, "raw_occupancy": 0 }, "geometry": { "type": "Point", "coordinates": [ 23.272834777832031, 42.659896850585938 ] } },
{ "type": "Feature", "properties": { "latitude": 42.644321441650391, "longitude": 23.265876770019531, "heatmap_weight": 1, "raw_occupancy": 0 }, "geometry": { "type": "Point", "coordinates": [ 23.265876770019531, 42.644321441650391 ] } },
{ "type": "Feature", "properties": { "latitude": 42.699573516845703, "longitude": 23.367303848266602, "heatmap_weight": 9, "raw_occupancy": 2 }, "geometry": { "type": "Point", "coordinates": [ 23.367303848266602, 42.699573516845703 ] } },
{ "type": "Feature", "properties": { "latitude": 42.710330963134766, "longitude": 23.402904510498047, "heatmap_weight": 4, "raw_occupancy": 1 }, "geometry": { "type": "Point", "coordinates": [ 23.402904510498047, 42.710330963134766 ] } },
{ "type": "Feature", "properties": { "latitude": 42.651237487792969, "longitude": 23.367626190185547, "heatmap_weight": 4, "raw_occupancy": 1 }, "geometry": { "type": "Point", "coordinates": [ 23.367626190185547, 42.651237487792969 ] } },
{ "type": "Feature", "properties": { "latitude": 42.700881958007812, "longitude": 23.318437576293945, "heatmap_weight": 4, "raw_occupancy": 1 }, "geometry": { "type": "Point", "coordinates": [ 23.318437576293945, 42.700881958007812 ] } },
{ "type": "Feature", "properties": { "latitude": 42.702320098876953, "longitude": 23.297855377197266, "heatmap_weight": 9, "raw_occupancy": 2 }, "geometry": { "type": "Point", "coordinates": [ 23.297855377197266, 42.702320098876953 ] } },
{ "type": "Feature", "properties": { "latitude": 42.656852722167969, "longitude": 23.376535415649414, "heatmap_weight": 9, "raw_occupancy": 2 }, "geometry": { "type": "Point", "coordinates": [ 23.376535415649414, 42.656852722167969 ] } },
{ "type": "Feature", "properties": { "latitude": 42.691307067871094, "longitude": 23.354373931884766, "heatmap_weight": 9, "raw_occupancy": 2 }, "geometry": { "type": "Point", "coordinates": [ 23.354373931884766, 42.691307067871094 ] } },
{ "type": "Feature", "properties": { "latitude": 42.678462982177734, "longitude": 23.284271240234375, "heatmap_weight": 4, "raw_occupancy": 1 }, "geometry": { "type": "Point", "coordinates": [ 23.284271240234375, 42.678462982177734 ] } },
{ "type": "Feature", "properties": { "latitude": 42.660358428955078, "longitude": 23.297462463378906, "heatmap_weight": 4, "raw_occupancy": 1 }, "geometry": { "type": "Point", "coordinates": [ 23.297462463378906, 42.660358428955078 ] } },
{ "type": "Feature", "properties": { "latitude": 42.677703857421875, "longitude": 23.253799438476562, "heatmap_weight": 9, "raw_occupancy": 2 }, "geometry": { "type": "Point", "coordinates": [ 23.253799438476562, 42.677703857421875 ] } },
{ "type": "Feature", "properties": { "latitude": 42.652622222900391, "longitude": 23.347385406494141, "heatmap_weight": 9, "raw_occupancy": 2 }, "geometry": { "type": "Point", "coordinates": [ 23.347385406494141, 42.652622222900391 ] } },
{ "type": "Feature", "properties": { "latitude": 42.723503112792969, "longitude": 23.258771896362305, "heatmap_weight": 4, "raw_occupancy": 1 }, "geometry": { "type": "Point", "coordinates": [ 23.258771896362305, 42.723503112792969 ] } },
{ "type": "Feature", "properties": { "latitude": 42.647171020507812, "longitude": 23.335231781005859, "heatmap_weight": 9, "raw_occupancy": 2 }, "geometry": { "type": "Point", "coordinates": [ 23.335231781005859, 42.647171020507812 ] } },
{ "type": "Feature", "properties": { "latitude": 42.714260101318359, "longitude": 23.285459518432617, "heatmap_weight": 9, "raw_occupancy": 2 }, "geometry": { "type": "Point", "coordinates": [ 23.285459518432617, 42.714260101318359 ] } },
{ "type": "Feature", "properties": { "latitude": 42.709388732910156, "longitude": 23.374221801757812, "heatmap_weight": 4, "raw_occupancy": 1 }, "geometry": { "type": "Point", "coordinates": [ 23.374221801757812, 42.709388732910156 ] } },
{ "type": "Feature", "properties": { "latitude": 42.658279418945312, "longitude": 23.314277648925781, "heatmap_weight": 16, "raw_occupancy": 3 }, "geometry": { "type": "Point", "coordinates": [ 23.314277648925781, 42.658279418945312 ] } },
{ "type": "Feature", "properties": { "latitude": 42.685489654541016, "longitude": 23.32928466796875, "heatmap_weight": 9, "raw_occupancy": 2 }, "geometry": { "type": "Point", "coordinates": [ 23.32928466796875, 42.685489654541016 ] } },
{ "type": "Feature", "properties": { "latitude": 42.656589508056641, "longitude": 23.322065353393555, "heatmap_weight": 1, "raw_occupancy": 0 }, "geometry": { "type": "Point", "coordinates": [ 23.322065353393555, 42.656589508056641 ] } },
{ "type": "Feature", "properties": { "latitude": 42.67156982421875, "longitude": 23.272315979003906, "heatmap_weight": 4, "raw_occupancy": 1 }, "geometry": { "type": "Point", "coordinates": [ 23.272315979003906, 42.67156982421875 ] } },
{ "type": "Feature", "properties": { "latitude": 42.685531616210938, "longitude": 23.30534553527832, "heatmap_weight": 9, "raw_occupancy": 2 }, "geometry": { "type": "Point", "coordinates": [ 23.30534553527832, 42.685531616210938 ] } },
{ "type": "Feature", "properties": { "latitude": 42.722900390625, "longitude": 23.280878067016602, "heatmap_weight": 9, "raw_occupancy": 2 }, "geometry": { "type": "Point", "coordinates": [ 23.280878067016602, 42.722900390625 ] } },
{ "type": "Feature", "properties": { "latitude": 42.640167236328125, "longitude": 23.381572723388672, "heatmap_weight": 9, "raw_occupancy": 2 }, "geometry": { "type": "Point", "coordinates": [ 23.381572723388672, 42.640167236328125 ] } },
{ "type": "Feature", "properties": { "latitude": 42.665618896484375, "longitude": 23.302272796630859, "heatmap_weight": 4, "raw_occupancy": 1 }, "geometry": { "type": "Point", "coordinates": [ 23.302272796630859, 42.665618896484375 ] } },
{ "type": "Feature", "properties": { "latitude": 42.705711364746094, "longitude": 23.33271598815918, "heatmap_weight": 4, "raw_occupancy": 1 }, "geometry": { "type": "Point", "coordinates": [ 23.33271598815918, 42.705711364746094 ] } },
{ "type": "Feature", "properties": { "latitude": 42.717674255371094, "longitude": 23.337800979614258, "heatmap_weight": 4, "raw_occupancy": 1 }, "geometry": { "type": "Point", "coordinates": [ 23.337800979614258, 42.717674255371094 ] } },
{ "type": "Feature", "properties": { "latitude": 42.705825805664062, "longitude": 23.384342193603516, "heatmap_weight": 4, "raw_occupancy": 1 }, "geometry": { "type": "Point", "coordinates": [ 23.384342193603516, 42.705825805664062 ] } },
{ "type": "Feature", "properties": { "latitude": 42.694705963134766, "longitude": 23.316869735717773, "heatmap_weight": 9, "raw_occupancy": 2 }, "geometry": { "type": "Point", "coordinates": [ 23.316869735717773, 42.694705963134766 ] } },
{ "type": "Feature", "properties": { "latitude": 42.684200286865234, "longitude": 23.315900802612305, "heatmap_weight": 9, "raw_occupancy": 2 }, "geometry": { "type": "Point", "coordinates": [ 23.315900802612305, 42.684200286865234 ] } },
{ "type": "Feature", "properties": { "latitude": 42.560138702392578, "longitude": 23.367221832275391, "heatmap_weight": 4, "raw_occupancy": 1 }, "geometry": { "type": "Point", "coordinates": [ 23.367221832275391, 42.560138702392578 ] } },
{ "type": "Feature", "properties": { "latitude": 42.701038360595703, "longitude": 23.200801849365234, "heatmap_weight": 4, "raw_occupancy": 1 }, "geometry": { "type": "Point", "coordinates": [ 23.200801849365234, 42.701038360595703 ] } },
{ "type": "Feature", "properties": { "latitude": 42.700069427490234, "longitude": 23.285882949829102, "heatmap_weight": 9, "raw_occupancy": 2 }, "geometry": { "type": "Point", "coordinates": [ 23.285882949829102, 42.700069427490234 ] } },
{ "type": "Feature", "properties": { "latitude": 42.694175720214844, "longitude": 23.334508895874023, "heatmap_weight": 4, "raw_occupancy": 1 }, "geometry": { "type": "Point", "coordinates": [ 23.334508895874023, 42.694175720214844 ] } },
{ "type": "Feature", "properties": { "latitude": 42.639823913574219, "longitude": 23.416181564331055, "heatmap_weight": 1, "raw_occupancy": 0 }, "geometry": { "type": "Point", "coordinates": [ 23.416181564331055, 42.639823913574219 ] } },
{ "type": "Feature", "properties": { "latitude": 42.717887878417969, "longitude": 23.240720748901367, "heatmap_weight": 4, "raw_occupancy": 1 }, "geometry": { "type": "Point", "coordinates": [ 23.240720748901367, 42.717887878417969 ] } },
{ "type": "Feature", "properties": { "latitude": 42.704109191894531, "longitude": 23.386447906494141, "heatmap_weight": 1, "raw_occupancy": 0 }, "geometry": { "type": "Point", "coordinates": [ 23.386447906494141, 42.704109191894531 ] } },
{ "type": "Feature", "properties": { "latitude": 42.7059326171875, "longitude": 23.345243453979492, "heatmap_weight": 4, "raw_occupancy": 1 }, "geometry": { "type": "Point", "coordinates": [ 23.345243453979492, 42.7059326171875 ] } },
{ "type": "Feature", "properties": { "latitude": 42.702129364013672, "longitude": 23.297821044921875, "heatmap_weight": 4, "raw_occupancy": 1 }, "geometry": { "type": "Point", "coordinates": [ 23.297821044921875, 42.702129364013672 ] } },
{ "type": "Feature", "properties": { "latitude": 42.607982635498047, "longitude": 23.366968154907227, "heatmap_weight": 4, "raw_occupancy": 1 }, "geometry": { "type": "Point", "coordinates": [ 23.366968154907227, 42.607982635498047 ] } },
{ "type": "Feature", "properties": { "latitude": 42.590339660644531, "longitude": 23.36474609375, "heatmap_weight": 1, "raw_occupancy": 0 }, "geometry": { "type": "Point", "coordinates": [ 23.36474609375, 42.590339660644531 ] } },
{ "type": "Feature", "properties": { "latitude": 42.712165832519531, "longitude": 23.229122161865234, "heatmap_weight": 4, "raw_occupancy": 1 }, "geometry": { "type": "Point", "coordinates": [ 23.229122161865234, 42.712165832519531 ] } },
{ "type": "Feature", "properties": { "latitude": 42.678455352783203, "longitude": 23.298105239868164, "heatmap_weight": 4, "raw_occupancy": 1 }, "geometry": { "type": "Point", "coordinates": [ 23.298105239868164, 42.678455352783203 ] } },
{ "type": "Feature", "properties": { "latitude": 42.661460876464844, "longitude": 23.295246124267578, "heatmap_weight": 9, "raw_occupancy": 2 }, "geometry": { "type": "Point", "coordinates": [ 23.295246124267578, 42.661460876464844 ] } },
{ "type": "Feature", "properties": { "latitude": 42.663139343261719, "longitude": 23.356754302978516, "heatmap_weight": 1, "raw_occupancy": 0 }, "geometry": { "type": "Point", "coordinates": [ 23.356754302978516, 42.663139343261719 ] } },
{ "type": "Feature", "properties": { "latitude": 42.696052551269531, "longitude": 23.360467910766602, "heatmap_weight": 4, "raw_occupancy": 1 }, "geometry": { "type": "Point", "coordinates": [ 23.360467910766602, 42.696052551269531 ] } },
{ "type": "Feature", "properties": { "latitude": 42.757827758789062, "longitude": 23.487192153930664, "heatmap_weight": 4, "raw_occupancy": 1 }, "geometry": { "type": "Point", "coordinates": [ 23.487192153930664, 42.757827758789062 ] } },
{ "type": "Feature", "properties": { "latitude": 42.689994812011719, "longitude": 23.336843490600586, "heatmap_weight": 9, "raw_occupancy": 2 }, "geometry": { "type": "Point", "coordinates": [ 23.336843490600586, 42.689994812011719 ] } },
{ "type": "Feature", "properties": { "latitude": 42.640384674072266, "longitude": 23.415647506713867, "heatmap_weight": 1, "raw_occupancy": 0 }, "geometry": { "type": "Point", "coordinates": [ 23.415647506713867, 42.640384674072266 ] } },
{ "type": "Feature", "properties": { "latitude": 42.688762664794922, "longitude": 23.3148193359375, "heatmap_weight": 4, "raw_occupancy": 1 }, "geometry": { "type": "Point", "coordinates": [ 23.3148193359375, 42.688762664794922 ] } },
{ "type": "Feature", "properties": { "latitude": 42.639495849609375, "longitude": 23.353174209594727, "heatmap_weight": 4, "raw_occupancy": 1 }, "geometry": { "type": "Point", "coordinates": [ 23.353174209594727, 42.639495849609375 ] } },
{ "type": "Feature", "properties": { "latitude": 42.712535858154297, "longitude": 23.316343307495117, "heatmap_weight": 1, "raw_occupancy": 0 }, "geometry": { "type": "Point", "coordinates": [ 23.316343307495117, 42.712535858154297 ] } },
{ "type": "Feature", "properties": { "latitude": 42.703296661376953, "longitude": 23.353401184082031, "heatmap_weight": 9, "raw_occupancy": 2 }, "geometry": { "type": "Point", "coordinates": [ 23.353401184082031, 42.703296661376953 ] } },
{ "type": "Feature", "properties": { "latitude": 42.686428070068359, "longitude": 23.330238342285156, "heatmap_weight": 1, "raw_occupancy": 0 }, "geometry": { "type": "Point", "coordinates": [ 23.330238342285156, 42.686428070068359 ] } },
{ "type": "Feature", "properties": { "latitude": 42.707332611083984, "longitude": 23.312610626220703, "heatmap_weight": 4, "raw_occupancy": 1 }, "geometry": { "type": "Point", "coordinates": [ 23.312610626220703, 42.707332611083984 ] } },
{ "type": "Feature", "properties": { "latitude": 42.705432891845703, "longitude": 23.313179016113281, "heatmap_weight": 9, "raw_occupancy": 2 }, "geometry": { "type": "Point", "coordinates": [ 23.313179016113281, 42.705432891845703 ] } },
{ "type": "Feature", "properties": { "latitude": 42.664920806884766, "longitude": 23.259664535522461, "heatmap_weight": 4, "raw_occupancy": 1 }, "geometry": { "type": "Point", "coordinates": [ 23.259664535522461, 42.664920806884766 ] } },
{ "type": "Feature", "properties": { "latitude": 42.686408996582031, "longitude": 23.330123901367188, "heatmap_weight": 9, "raw_occupancy": 2 }, "geometry": { "type": "Point", "coordinates": [ 23.330123901367188, 42.686408996582031 ] } },
{ "type": "Feature", "properties": { "latitude": 42.681354522705078, "longitude": 23.289728164672852, "heatmap_weight": 9, "raw_occupancy": 2 }, "geometry": { "type": "Point", "coordinates": [ 23.289728164672852, 42.681354522705078 ] } },
{ "type": "Feature", "properties": { "latitude": 42.696697235107422, "longitude": 23.223024368286133, "heatmap_weight": 4, "raw_occupancy": 1 }, "geometry": { "type": "Point", "coordinates": [ 23.223024368286133, 42.696697235107422 ] } },
{ "type": "Feature", "properties": { "latitude": 42.691860198974609, "longitude": 23.325603485107422, "heatmap_weight": 9, "raw_occupancy": 2 }, "geometry": { "type": "Point", "coordinates": [ 23.325603485107422, 42.691860198974609 ] } },
{ "type": "Feature", "properties": { "latitude": 42.710002899169922, "longitude": 23.431856155395508, "heatmap_weight": 4, "raw_occupancy": 1 }, "geometry": { "type": "Point", "coordinates": [ 23.431856155395508, 42.710002899169922 ] } },
{ "type": "Feature", "properties": { "latitude": 42.675071716308594, "longitude": 23.278678894042969, "heatmap_weight": 4, "raw_occupancy": 1 }, "geometry": { "type": "Point", "coordinates": [ 23.278678894042969, 42.675071716308594 ] } },
{ "type": "Feature", "properties": { "latitude": 42.792308807373047, "longitude": 23.335403442382812, "heatmap_weight": 16, "raw_occupancy": 3 }, "geometry": { "type": "Point", "coordinates": [ 23.335403442382812, 42.792308807373047 ] } },
{ "type": "Feature", "properties": { "latitude": 42.727157592773438, "longitude": 23.344573974609375, "heatmap_weight": 9, "raw_occupancy": 2 }, "geometry": { "type": "Point", "coordinates": [ 23.344573974609375, 42.727157592773438 ] } },
{ "type": "Feature", "properties": { "latitude": 42.678073883056641, "longitude": 23.333978652954102, "heatmap_weight": 9, "raw_occupancy": 2 }, "geometry": { "type": "Point", "coordinates": [ 23.333978652954102, 42.678073883056641 ] } },
{ "type": "Feature", "properties": { "latitude": 42.642776489257812, "longitude": 23.344961166381836, "heatmap_weight": 1, "raw_occupancy": 0 }, "geometry": { "type": "Point", "coordinates": [ 23.344961166381836, 42.642776489257812 ] } },
{ "type": "Feature", "properties": { "latitude": 42.720436096191406, "longitude": 23.311883926391602, "heatmap_weight": 1, "raw_occupancy": 0 }, "geometry": { "type": "Point", "coordinates": [ 23.311883926391602, 42.720436096191406 ] } },
{ "type": "Feature", "properties": { "latitude": 42.782981872558594, "longitude": 23.517543792724609, "heatmap_weight": 9, "raw_occupancy": 2 }, "geometry": { "type": "Point", "coordinates": [ 23.517543792724609, 42.782981872558594 ] } },
{ "type": "Feature", "properties": { "latitude": 42.849666595458984, "longitude": 23.267753601074219, "heatmap_weight": 1, "raw_occupancy": 0 }, "geometry": { "type": "Point", "coordinates": [ 23.267753601074219, 42.849666595458984 ] } },
{ "type": "Feature", "properties": { "latitude": 42.729091644287109, "longitude": 23.257907867431641, "heatmap_weight": 4, "raw_occupancy": 1 }, "geometry": { "type": "Point", "coordinates": [ 23.257907867431641, 42.729091644287109 ] } },
{ "type": "Feature", "properties": { "latitude": 42.655281066894531, "longitude": 23.373897552490234, "heatmap_weight": 4, "raw_occupancy": 1 }, "geometry": { "type": "Point", "coordinates": [ 23.373897552490234, 42.655281066894531 ] } },
{ "type": "Feature", "properties": { "latitude": 42.609771728515625, "longitude": 23.410789489746094, "heatmap_weight": 4, "raw_occupancy": 1 }, "geometry": { "type": "Point", "coordinates": [ 23.410789489746094, 42.609771728515625 ] } },
{ "type": "Feature", "properties": { "latitude": 42.666694641113281, "longitude": 23.370763778686523, "heatmap_weight": 4, "raw_occupancy": 1 }, "geometry": { "type": "Point", "coordinates": [ 23.370763778686523, 42.666694641113281 ] } },
{ "type": "Feature", "properties": { "latitude": 42.656639099121094, "longitude": 23.400852203369141, "heatmap_weight": 4, "raw_occupancy": 1 }, "geometry": { "type": "Point", "coordinates": [ 23.400852203369141, 42.656639099121094 ] } },
{ "type": "Feature", "properties": { "latitude": 42.711414337158203, "longitude": 23.271892547607422, "heatmap_weight": 4, "raw_occupancy": 1 }, "geometry": { "type": "Point", "coordinates": [ 23.271892547607422, 42.711414337158203 ] } },
{ "type": "Feature", "properties": { "latitude": 42.636600494384766, "longitude": 23.422554016113281, "heatmap_weight": 4, "raw_occupancy": 1 }, "geometry": { "type": "Point", "coordinates": [ 23.422554016113281, 42.636600494384766 ] } },
{ "type": "Feature", "properties": { "latitude": 42.651309967041016, "longitude": 23.35883903503418, "heatmap_weight": 4, "raw_occupancy": 1 }, "geometry": { "type": "Point", "coordinates": [ 23.35883903503418, 42.651309967041016 ] } },
{ "type": "Feature", "properties": { "latitude": 42.709087371826172, "longitude": 23.428916931152344, "heatmap_weight": 1, "raw_occupancy": 0 }, "geometry": { "type": "Point", "coordinates": [ 23.428916931152344, 42.709087371826172 ] } },
{ "type": "Feature", "properties": { "latitude": 42.696784973144531, "longitude": 23.351951599121094, "heatmap_weight": 9, "raw_occupancy": 2 }, "geometry": { "type": "Point", "coordinates": [ 23.351951599121094, 42.696784973144531 ] } },
{ "type": "Feature", "properties": { "latitude": 42.715614318847656, "longitude": 23.348464965820312, "heatmap_weight": 9, "raw_occupancy": 2 }, "geometry": { "type": "Point", "coordinates": [ 23.348464965820312, 42.715614318847656 ] } },
{ "type": "Feature", "properties": { "latitude": 42.668750762939453, "longitude": 23.279645919799805, "heatmap_weight": 4, "raw_occupancy": 1 }, "geometry": { "type": "Point", "coordinates": [ 23.279645919799805, 42.668750762939453 ] } },
{ "type": "Feature", "properties": { "latitude": 42.644630432128906, "longitude": 23.341968536376953, "heatmap_weight": 4, "raw_occupancy": 1 }, "geometry": { "type": "Point", "coordinates": [ 23.341968536376953, 42.644630432128906 ] } },
{ "type": "Feature", "properties": { "latitude": 42.667274475097656, "longitude": 23.264970779418945, "heatmap_weight": 4, "raw_occupancy": 1 }, "geometry": { "type": "Point", "coordinates": [ 23.264970779418945, 42.667274475097656 ] } },
{ "type": "Feature", "properties": { "latitude": 42.6632080078125, "longitude": 23.317205429077148, "heatmap_weight": 1, "raw_occupancy": 0 }, "geometry": { "type": "Point", "coordinates": [ 23.317205429077148, 42.6632080078125 ] } },
{ "type": "Feature", "properties": { "latitude": 42.638038635253906, "longitude": 23.341876983642578, "heatmap_weight": 9, "raw_occupancy": 2 }, "geometry": { "type": "Point", "coordinates": [ 23.341876983642578, 42.638038635253906 ] } },
{ "type": "Feature", "properties": { "latitude": 42.704566955566406, "longitude": 23.324869155883789, "heatmap_weight": 9, "raw_occupancy": 2 }, "geometry": { "type": "Point", "coordinates": [ 23.324869155883789, 42.704566955566406 ] } },
{ "type": "Feature", "properties": { "latitude": 42.758747100830078, "longitude": 23.205554962158203, "heatmap_weight": 4, "raw_occupancy": 1 }, "geometry": { "type": "Point", "coordinates": [ 23.205554962158203, 42.758747100830078 ] } },
{ "type": "Feature", "properties": { "latitude": 42.642681121826172, "longitude": 23.334493637084961, "heatmap_weight": 4, "raw_occupancy": 1 }, "geometry": { "type": "Point", "coordinates": [ 23.334493637084961, 42.642681121826172 ] } },
{ "type": "Feature", "properties": { "latitude": 42.667049407958984, "longitude": 23.282773971557617, "heatmap_weight": 25, "raw_occupancy": 4 }, "geometry": { "type": "Point", "coordinates": [ 23.282773971557617, 42.667049407958984 ] } },
{ "type": "Feature", "properties": { "latitude": 42.653430938720703, "longitude": 23.342655181884766, "heatmap_weight": 4, "raw_occupancy": 1 }, "geometry": { "type": "Point", "coordinates": [ 23.342655181884766, 42.653430938720703 ] } },
{ "type": "Feature", "properties": { "latitude": 42.715499877929688, "longitude": 23.310188293457031, "heatmap_weight": 4, "raw_occupancy": 1 }, "geometry": { "type": "Point", "coordinates": [ 23.310188293457031, 42.715499877929688 ] } },
{ "type": "Feature", "properties": { "latitude": 42.662158966064453, "longitude": 23.295812606811523, "heatmap_weight": 4, "raw_occupancy": 1 }, "geometry": { "type": "Point", "coordinates": [ 23.295812606811523, 42.662158966064453 ] } },
{ "type": "Feature", "properties": { "latitude": 42.706684112548828, "longitude": 23.299982070922852, "heatmap_weight": 4, "raw_occupancy": 1 }, "geometry": { "type": "Point", "coordinates": [ 23.299982070922852, 42.706684112548828 ] } },
{ "type": "Feature", "properties": { "latitude": 42.6807861328125, "longitude": 23.30653190612793, "heatmap_weight": 9, "raw_occupancy": 2 }, "geometry": { "type": "Point", "coordinates": [ 23.30653190612793, 42.6807861328125 ] } },
{ "type": "Feature", "properties": { "latitude": 42.750461578369141, "longitude": 23.320384979248047, "heatmap_weight": 16, "raw_occupancy": 3 }, "geometry": { "type": "Point", "coordinates": [ 23.320384979248047, 42.750461578369141 ] } },
{ "type": "Feature", "properties": { "latitude": 42.698196411132812, "longitude": 23.334959030151367, "heatmap_weight": 9, "raw_occupancy": 2 }, "geometry": { "type": "Point", "coordinates": [ 23.334959030151367, 42.698196411132812 ] } },
{ "type": "Feature", "properties": { "latitude": 42.64031982421875, "longitude": 23.413106918334961, "heatmap_weight": 4, "raw_occupancy": 1 }, "geometry": { "type": "Point", "coordinates": [ 23.413106918334961, 42.64031982421875 ] } },
{ "type": "Feature", "properties": { "latitude": 42.665393829345703, "longitude": 23.302667617797852, "heatmap_weight": 4, "raw_occupancy": 1 }, "geometry": { "type": "Point", "coordinates": [ 23.302667617797852, 42.665393829345703 ] } },
{ "type": "Feature", "properties": { "latitude": 42.660873413085938, "longitude": 23.389133453369141, "heatmap_weight": 9, "raw_occupancy": 2 }, "geometry": { "type": "Point", "coordinates": [ 23.389133453369141, 42.660873413085938 ] } },
{ "type": "Feature", "properties": { "latitude": 42.681793212890625, "longitude": 23.331445693969727, "heatmap_weight": 1, "raw_occupancy": 0 }, "geometry": { "type": "Point", "coordinates": [ 23.331445693969727, 42.681793212890625 ] } },
{ "type": "Feature", "properties": { "latitude": 42.662460327148438, "longitude": 23.35533332824707, "heatmap_weight": 4, "raw_occupancy": 1 }, "geometry": { "type": "Point", "coordinates": [ 23.35533332824707, 42.662460327148438 ] } },
{ "type": "Feature", "properties": { "latitude": 42.701930999755859, "longitude": 23.357162475585938, "heatmap_weight": 9, "raw_occupancy": 2 }, "geometry": { "type": "Point", "coordinates": [ 23.357162475585938, 42.701930999755859 ] } },
{ "type": "Feature", "properties": { "latitude": 42.694915771484375, "longitude": 23.321208953857422, "heatmap_weight": 4, "raw_occupancy": 1 }, "geometry": { "type": "Point", "coordinates": [ 23.321208953857422, 42.694915771484375 ] } },
{ "type": "Feature", "properties": { "latitude": 42.680606842041016, "longitude": 23.464059829711914, "heatmap_weight": 4, "raw_occupancy": 1 }, "geometry": { "type": "Point", "coordinates": [ 23.464059829711914, 42.680606842041016 ] } },
{ "type": "Feature", "properties": { "latitude": 42.693115234375, "longitude": 23.310026168823242, "heatmap_weight": 9, "raw_occupancy": 2 }, "geometry": { "type": "Point", "coordinates": [ 23.310026168823242, 42.693115234375 ] } },
{ "type": "Feature", "properties": { "latitude": 42.649528503417969, "longitude": 23.357833862304688, "heatmap_weight": 9, "raw_occupancy": 2 }, "geometry": { "type": "Point", "coordinates": [ 23.357833862304688, 42.649528503417969 ] } },
{ "type": "Feature", "properties": { "latitude": 42.677242279052734, "longitude": 23.237709045410156, "heatmap_weight": 4, "raw_occupancy": 1 }, "geometry": { "type": "Point", "coordinates": [ 23.237709045410156, 42.677242279052734 ] } },
{ "type": "Feature", "properties": { "latitude": 42.707012176513672, "longitude": 23.284692764282227, "heatmap_weight": 4, "raw_occupancy": 1 }, "geometry": { "type": "Point", "coordinates": [ 23.284692764282227, 42.707012176513672 ] } },
{ "type": "Feature", "properties": { "latitude": 42.683753967285156, "longitude": 23.294305801391602, "heatmap_weight": 9, "raw_occupancy": 2 }, "geometry": { "type": "Point", "coordinates": [ 23.294305801391602, 42.683753967285156 ] } },
{ "type": "Feature", "properties": { "latitude": 42.709476470947266, "longitude": 23.322107315063477, "heatmap_weight": 4, "raw_occupancy": 1 }, "geometry": { "type": "Point", "coordinates": [ 23.322107315063477, 42.709476470947266 ] } },
{ "type": "Feature", "properties": { "latitude": 42.647331237792969, "longitude": 23.247064590454102, "heatmap_weight": 1, "raw_occupancy": 0 }, "geometry": { "type": "Point", "coordinates": [ 23.247064590454102, 42.647331237792969 ] } },
{ "type": "Feature", "properties": { "latitude": 42.723186492919922, "longitude": 23.258459091186523, "heatmap_weight": 9, "raw_occupancy": 2 }, "geometry": { "type": "Point", "coordinates": [ 23.258459091186523, 42.723186492919922 ] } },
{ "type": "Feature", "properties": { "latitude": 42.742664337158203, "longitude": 23.233297348022461, "heatmap_weight": 4, "raw_occupancy": 1 }, "geometry": { "type": "Point", "coordinates": [ 23.233297348022461, 42.742664337158203 ] } },
{ "type": "Feature", "properties": { "latitude": 42.697437286376953, "longitude": 23.314266204833984, "heatmap_weight": 4, "raw_occupancy": 1 }, "geometry": { "type": "Point", "coordinates": [ 23.314266204833984, 42.697437286376953 ] } },
{ "type": "Feature", "properties": { "latitude": 42.719478607177734, "longitude": 23.533697128295898, "heatmap_weight": 16, "raw_occupancy": 3 }, "geometry": { "type": "Point", "coordinates": [ 23.533697128295898, 42.719478607177734 ] } },
{ "type": "Feature", "properties": { "latitude": 42.669242858886719, "longitude": 23.366825103759766, "heatmap_weight": 4, "raw_occupancy": 1 }, "geometry": { "type": "Point", "coordinates": [ 23.366825103759766, 42.669242858886719 ] } },
{ "type": "Feature", "properties": { "latitude": 42.723560333251953, "longitude": 23.258420944213867, "heatmap_weight": 16, "raw_occupancy": 3 }, "geometry": { "type": "Point", "coordinates": [ 23.258420944213867, 42.723560333251953 ] } },
{ "type": "Feature", "properties": { "latitude": 42.659797668457031, "longitude": 23.245210647583008, "heatmap_weight": 4, "raw_occupancy": 1 }, "geometry": { "type": "Point", "coordinates": [ 23.245210647583008, 42.659797668457031 ] } },
{ "type": "Feature", "properties": { "latitude": 42.677486419677734, "longitude": 23.253751754760742, "heatmap_weight": 4, "raw_occupancy": 1 }, "geometry": { "type": "Point", "coordinates": [ 23.253751754760742, 42.677486419677734 ] } },
{ "type": "Feature", "properties": { "latitude": 42.6650390625, "longitude": 23.422538757324219, "heatmap_weight": 1, "raw_occupancy": 0 }, "geometry": { "type": "Point", "coordinates": [ 23.422538757324219, 42.6650390625 ] } },
{ "type": "Feature", "properties": { "latitude": 42.688713073730469, "longitude": 23.334056854248047, "heatmap_weight": 4, "raw_occupancy": 1 }, "geometry": { "type": "Point", "coordinates": [ 23.334056854248047, 42.688713073730469 ] } },
{ "type": "Feature", "properties": { "latitude": 42.711166381835938, "longitude": 23.384449005126953, "heatmap_weight": 1, "raw_occupancy": 0 }, "geometry": { "type": "Point", "coordinates": [ 23.384449005126953, 42.711166381835938 ] } },
{ "type": "Feature", "properties": { "latitude": 42.685298919677734, "longitude": 23.351238250732422, "heatmap_weight": 9, "raw_occupancy": 2 }, "geometry": { "type": "Point", "coordinates": [ 23.351238250732422, 42.685298919677734 ] } },
{ "type": "Feature", "properties": { "latitude": 42.673282623291016, "longitude": 23.383949279785156, "heatmap_weight": 9, "raw_occupancy": 2 }, "geometry": { "type": "Point", "coordinates": [ 23.383949279785156, 42.673282623291016 ] } },
{ "type": "Feature", "properties": { "latitude": 42.716354370117188, "longitude": 23.268379211425781, "heatmap_weight": 4, "raw_occupancy": 1 }, "geometry": { "type": "Point", "coordinates": [ 23.268379211425781, 42.716354370117188 ] } },
{ "type": "Feature", "properties": { "latitude": 42.690822601318359, "longitude": 23.336912155151367, "heatmap_weight": 9, "raw_occupancy": 2 }, "geometry": { "type": "Point", "coordinates": [ 23.336912155151367, 42.690822601318359 ] } },
{ "type": "Feature", "properties": { "latitude": 42.763168334960938, "longitude": 23.564460754394531, "heatmap_weight": 4, "raw_occupancy": 1 }, "geometry": { "type": "Point", "coordinates": [ 23.564460754394531, 42.763168334960938 ] } },
{ "type": "Feature", "properties": { "latitude": 42.704883575439453, "longitude": 23.323856353759766, "heatmap_weight": 4, "raw_occupancy": 1 }, "geometry": { "type": "Point", "coordinates": [ 23.323856353759766, 42.704883575439453 ] } },
{ "type": "Feature", "properties": { "latitude": 42.710739135742188, "longitude": 23.320999145507812, "heatmap_weight": 4, "raw_occupancy": 1 }, "geometry": { "type": "Point", "coordinates": [ 23.320999145507812, 42.710739135742188 ] } },
{ "type": "Feature", "properties": { "latitude": 42.659744262695312, "longitude": 23.3951416015625, "heatmap_weight": 4, "raw_occupancy": 1 }, "geometry": { "type": "Point", "coordinates": [ 23.3951416015625, 42.659744262695312 ] } },
{ "type": "Feature", "properties": { "latitude": 42.752010345458984, "longitude": 23.318605422973633, "heatmap_weight": 16, "raw_occupancy": 3 }, "geometry": { "type": "Point", "coordinates": [ 23.318605422973633, 42.752010345458984 ] } },
{ "type": "Feature", "properties": { "latitude": 42.702926635742188, "longitude": 23.385942459106445, "heatmap_weight": 1, "raw_occupancy": 0 }, "geometry": { "type": "Point", "coordinates": [ 23.385942459106445, 42.702926635742188 ] } },
{ "type": "Feature", "properties": { "latitude": 42.688243865966797, "longitude": 23.327070236206055, "heatmap_weight": 4, "raw_occupancy": 1 }, "geometry": { "type": "Point", "coordinates": [ 23.327070236206055, 42.688243865966797 ] } },
{ "type": "Feature", "properties": { "latitude": 42.600006103515625, "longitude": 23.170394897460938, "heatmap_weight": 4, "raw_occupancy": 1 }, "geometry": { "type": "Point", "coordinates": [ 23.170394897460938, 42.600006103515625 ] } },
{ "type": "Feature", "properties": { "latitude": 42.659477233886719, "longitude": 23.244150161743164, "heatmap_weight": 1, "raw_occupancy": 0 }, "geometry": { "type": "Point", "coordinates": [ 23.244150161743164, 42.659477233886719 ] } },
{ "type": "Feature", "properties": { "latitude": 42.668800354003906, "longitude": 23.319379806518555, "heatmap_weight": 4, "raw_occupancy": 1 }, "geometry": { "type": "Point", "coordinates": [ 23.319379806518555, 42.668800354003906 ] } },
{ "type": "Feature", "properties": { "latitude": 42.731010437011719, "longitude": 23.313497543334961, "heatmap_weight": 4, "raw_occupancy": 1 }, "geometry": { "type": "Point", "coordinates": [ 23.313497543334961, 42.731010437011719 ] } },
{ "type": "Feature", "properties": { "latitude": 42.690631866455078, "longitude": 23.337545394897461, "heatmap_weight": 1, "raw_occupancy": 0 }, "geometry": { "type": "Point", "coordinates": [ 23.337545394897461, 42.690631866455078 ] } },
{ "type": "Feature", "properties": { "latitude": 42.674583435058594, "longitude": 23.434846878051758, "heatmap_weight": 4, "raw_occupancy": 1 }, "geometry": { "type": "Point", "coordinates": [ 23.434846878051758, 42.674583435058594 ] } },
{ "type": "Feature", "properties": { "latitude": 42.694873809814453, "longitude": 23.315849304199219, "heatmap_weight": 4, "raw_occupancy": 1 }, "geometry": { "type": "Point", "coordinates": [ 23.315849304199219, 42.694873809814453 ] } },
{ "type": "Feature", "properties": { "latitude": 42.675136566162109, "longitude": 23.359045028686523, "heatmap_weight": 9, "raw_occupancy": 2 }, "geometry": { "type": "Point", "coordinates": [ 23.359045028686523, 42.675136566162109 ] } },
{ "type": "Feature", "properties": { "latitude": 42.659656524658203, "longitude": 23.317096710205078, "heatmap_weight": 1, "raw_occupancy": 0 }, "geometry": { "type": "Point", "coordinates": [ 23.317096710205078, 42.659656524658203 ] } },
{ "type": "Feature", "properties": { "latitude": 42.640045166015625, "longitude": 23.311988830566406, "heatmap_weight": 4, "raw_occupancy": 1 }, "geometry": { "type": "Point", "coordinates": [ 23.311988830566406, 42.640045166015625 ] } },
{ "type": "Feature", "properties": { "latitude": 42.782497406005859, "longitude": 23.38703727722168, "heatmap_weight": 4, "raw_occupancy": 1 }, "geometry": { "type": "Point", "coordinates": [ 23.38703727722168, 42.782497406005859 ] } },
{ "type": "Feature", "properties": { "latitude": 42.688655853271484, "longitude": 23.340322494506836, "heatmap_weight": 4, "raw_occupancy": 1 }, "geometry": { "type": "Point", "coordinates": [ 23.340322494506836, 42.688655853271484 ] } },
{ "type": "Feature", "properties": { "latitude": 42.694099426269531, "longitude": 23.294460296630859, "heatmap_weight": 9, "raw_occupancy": 2 }, "geometry": { "type": "Point", "coordinates": [ 23.294460296630859, 42.694099426269531 ] } },
{ "type": "Feature", "properties": { "latitude": 42.679801940917969, "longitude": 23.400238037109375, "heatmap_weight": 4, "raw_occupancy": 1 }, "geometry": { "type": "Point", "coordinates": [ 23.400238037109375, 42.679801940917969 ] } },
{ "type": "Feature", "properties": { "latitude": 42.750720977783203, "longitude": 23.320558547973633, "heatmap_weight": 1, "raw_occupancy": 0 }, "geometry": { "type": "Point", "coordinates": [ 23.320558547973633, 42.750720977783203 ] } },
{ "type": "Feature", "properties": { "latitude": 42.686180114746094, "longitude": 23.318254470825195, "heatmap_weight": 16, "raw_occupancy": 3 }, "geometry": { "type": "Point", "coordinates": [ 23.318254470825195, 42.686180114746094 ] } },
{ "type": "Feature", "properties": { "latitude": 42.706947326660156, "longitude": 23.338726043701172, "heatmap_weight": 4, "raw_occupancy": 1 }, "geometry": { "type": "Point", "coordinates": [ 23.338726043701172, 42.706947326660156 ] } },
{ "type": "Feature", "properties": { "latitude": 42.691062927246094, "longitude": 23.311820983886719, "heatmap_weight": 4, "raw_occupancy": 1 }, "geometry": { "type": "Point", "coordinates": [ 23.311820983886719, 42.691062927246094 ] } },
{ "type": "Feature", "properties": { "latitude": 42.698554992675781, "longitude": 23.332202911376953, "heatmap_weight": 9, "raw_occupancy": 2 }, "geometry": { "type": "Point", "coordinates": [ 23.332202911376953, 42.698554992675781 ] } },
{ "type": "Feature", "properties": { "latitude": 42.626579284667969, "longitude": 23.445903778076172, "heatmap_weight": 1, "raw_occupancy": 0 }, "geometry": { "type": "Point", "coordinates": [ 23.445903778076172, 42.626579284667969 ] } },
{ "type": "Feature", "properties": { "latitude": 42.672336578369141, "longitude": 23.336309432983398, "heatmap_weight": 4, "raw_occupancy": 1 }, "geometry": { "type": "Point", "coordinates": [ 23.336309432983398, 42.672336578369141 ] } },
{ "type": "Feature", "properties": { "latitude": 42.642742156982422, "longitude": 23.33439826965332, "heatmap_weight": 4, "raw_occupancy": 1 }, "geometry": { "type": "Point", "coordinates": [ 23.33439826965332, 42.642742156982422 ] } },
{ "type": "Feature", "properties": { "latitude": 42.678474426269531, "longitude": 23.321222305297852, "heatmap_weight": 4, "raw_occupancy": 1 }, "geometry": { "type": "Point", "coordinates": [ 23.321222305297852, 42.678474426269531 ] } },
{ "type": "Feature", "properties": { "latitude": 42.680267333984375, "longitude": 23.312021255493164, "heatmap_weight": 16, "raw_occupancy": 3 }, "geometry": { "type": "Point", "coordinates": [ 23.312021255493164, 42.680267333984375 ] } },
{ "type": "Feature", "properties": { "latitude": 42.692253112792969, "longitude": 23.335487365722656, "heatmap_weight": 4, "raw_occupancy": 1 }, "geometry": { "type": "Point", "coordinates": [ 23.335487365722656, 42.692253112792969 ] } },
{ "type": "Feature", "properties": { "latitude": 42.711044311523438, "longitude": 23.270357131958008, "heatmap_weight": 4, "raw_occupancy": 1 }, "geometry": { "type": "Point", "coordinates": [ 23.270357131958008, 42.711044311523438 ] } },
{ "type": "Feature", "properties": { "latitude": 42.691246032714844, "longitude": 23.325252532958984, "heatmap_weight": 1, "raw_occupancy": 0 }, "geometry": { "type": "Point", "coordinates": [ 23.325252532958984, 42.691246032714844 ] } },
{ "type": "Feature", "properties": { "latitude": 42.746734619140625, "longitude": 23.280036926269531, "heatmap_weight": 4, "raw_occupancy": 1 }, "geometry": { "type": "Point", "coordinates": [ 23.280036926269531, 42.746734619140625 ] } },
{ "type": "Feature", "properties": { "latitude": 42.709236145019531, "longitude": 23.422622680664062, "heatmap_weight": 16, "raw_occupancy": 3 }, "geometry": { "type": "Point", "coordinates": [ 23.422622680664062, 42.709236145019531 ] } },
{ "type": "Feature", "properties": { "latitude": 42.696887969970703, "longitude": 23.352344512939453, "heatmap_weight": 4, "raw_occupancy": 1 }, "geometry": { "type": "Point", "coordinates": [ 23.352344512939453, 42.696887969970703 ] } },
{ "type": "Feature", "properties": { "latitude": 42.700481414794922, "longitude": 23.297008514404297, "heatmap_weight": 4, "raw_occupancy": 1 }, "geometry": { "type": "Point", "coordinates": [ 23.297008514404297, 42.700481414794922 ] } },
{ "type": "Feature", "properties": { "latitude": 42.701618194580078, "longitude": 23.277935028076172, "heatmap_weight": 4, "raw_occupancy": 1 }, "geometry": { "type": "Point", "coordinates": [ 23.277935028076172, 42.701618194580078 ] } },
{ "type": "Feature", "properties": { "latitude": 42.728538513183594, "longitude": 23.249275207519531, "heatmap_weight": 4, "raw_occupancy": 1 }, "geometry": { "type": "Point", "coordinates": [ 23.249275207519531, 42.728538513183594 ] } },
{ "type": "Feature", "properties": { "latitude": 42.692764282226562, "longitude": 23.334735870361328, "heatmap_weight": 4, "raw_occupancy": 1 }, "geometry": { "type": "Point", "coordinates": [ 23.334735870361328, 42.692764282226562 ] } },
{ "type": "Feature", "properties": { "latitude": 42.663322448730469, "longitude": 23.357213973999023, "heatmap_weight": 9, "raw_occupancy": 2 }, "geometry": { "type": "Point", "coordinates": [ 23.357213973999023, 42.663322448730469 ] } },
{ "type": "Feature", "properties": { "latitude": 42.672229766845703, "longitude": 23.363483428955078, "heatmap_weight": 9, "raw_occupancy": 2 }, "geometry": { "type": "Point", "coordinates": [ 23.363483428955078, 42.672229766845703 ] } },
{ "type": "Feature", "properties": { "latitude": 42.710948944091797, "longitude": 23.384378433227539, "heatmap_weight": 4, "raw_occupancy": 1 }, "geometry": { "type": "Point", "coordinates": [ 23.384378433227539, 42.710948944091797 ] } },
{ "type": "Feature", "properties": { "latitude": 42.704341888427734, "longitude": 23.333150863647461, "heatmap_weight": 4, "raw_occupancy": 1 }, "geometry": { "type": "Point", "coordinates": [ 23.333150863647461, 42.704341888427734 ] } },
{ "type": "Feature", "properties": { "latitude": 42.699508666992188, "longitude": 23.303445816040039, "heatmap_weight": 4, "raw_occupancy": 1 }, "geometry": { "type": "Point", "coordinates": [ 23.303445816040039, 42.699508666992188 ] } },
{ "type": "Feature", "properties": { "latitude": 42.656730651855469, "longitude": 23.312654495239258, "heatmap_weight": 4, "raw_occupancy": 1 }, "geometry": { "type": "Point", "coordinates": [ 23.312654495239258, 42.656730651855469 ] } },
{ "type": "Feature", "properties": { "latitude": 42.682651519775391, "longitude": 23.301277160644531, "heatmap_weight": 4, "raw_occupancy": 1 }, "geometry": { "type": "Point", "coordinates": [ 23.301277160644531, 42.682651519775391 ] } },
{ "type": "Feature", "properties": { "latitude": 42.699184417724609, "longitude": 23.305763244628906, "heatmap_weight": 4, "raw_occupancy": 1 }, "geometry": { "type": "Point", "coordinates": [ 23.305763244628906, 42.699184417724609 ] } },
{ "type": "Feature", "properties": { "latitude": 42.694110870361328, "longitude": 23.315147399902344, "heatmap_weight": 4, "raw_occupancy": 1 }, "geometry": { "type": "Point", "coordinates": [ 23.315147399902344, 42.694110870361328 ] } },
{ "type": "Feature", "properties": { "latitude": 42.675189971923828, "longitude": 23.358875274658203, "heatmap_weight": 9, "raw_occupancy": 2 }, "geometry": { "type": "Point", "coordinates": [ 23.358875274658203, 42.675189971923828 ] } },
{ "type": "Feature", "properties": { "latitude": 42.653728485107422, "longitude": 23.344778060913086, "heatmap_weight": 9, "raw_occupancy": 2 }, "geometry": { "type": "Point", "coordinates": [ 23.344778060913086, 42.653728485107422 ] } },
{ "type": "Feature", "properties": { "latitude": 42.721172332763672, "longitude": 23.240724563598633, "heatmap_weight": 1, "raw_occupancy": 0 }, "geometry": { "type": "Point", "coordinates": [ 23.240724563598633, 42.721172332763672 ] } },
{ "type": "Feature", "properties": { "latitude": 42.679367065429688, "longitude": 23.321483612060547, "heatmap_weight": 1, "raw_occupancy": 0 }, "geometry": { "type": "Point", "coordinates": [ 23.321483612060547, 42.679367065429688 ] } },
{ "type": "Feature", "properties": { "latitude": 42.640228271484375, "longitude": 23.374736785888672, "heatmap_weight": 4, "raw_occupancy": 1 }, "geometry": { "type": "Point", "coordinates": [ 23.374736785888672, 42.640228271484375 ] } },
{ "type": "Feature", "properties": { "latitude": 42.686252593994141, "longitude": 23.239280700683594, "heatmap_weight": 1, "raw_occupancy": 0 }, "geometry": { "type": "Point", "coordinates": [ 23.239280700683594, 42.686252593994141 ] } },
{ "type": "Feature", "properties": { "latitude": 42.71502685546875, "longitude": 23.252889633178711, "heatmap_weight": 4, "raw_occupancy": 1 }, "geometry": { "type": "Point", "coordinates": [ 23.252889633178711, 42.71502685546875 ] } },
{ "type": "Feature", "properties": { "latitude": 42.839038848876953, "longitude": 23.325145721435547, "heatmap_weight": 4, "raw_occupancy": 1 }, "geometry": { "type": "Point", "coordinates": [ 23.325145721435547, 42.839038848876953 ] } },
{ "type": "Feature", "properties": { "latitude": 42.617851257324219, "longitude": 23.417778015136719, "heatmap_weight": 1, "raw_occupancy": 0 }, "geometry": { "type": "Point", "coordinates": [ 23.417778015136719, 42.617851257324219 ] } },
{ "type": "Feature", "properties": { "latitude": 42.748180389404297, "longitude": 23.271980285644531, "heatmap_weight": 4, "raw_occupancy": 1 }, "geometry": { "type": "Point", "coordinates": [ 23.271980285644531, 42.748180389404297 ] } },
{ "type": "Feature", "properties": { "latitude": 42.675140380859375, "longitude": 23.296567916870117, "heatmap_weight": 4, "raw_occupancy": 1 }, "geometry": { "type": "Point", "coordinates": [ 23.296567916870117, 42.675140380859375 ] } },
{ "type": "Feature", "properties": { "latitude": 42.812881469726562, "longitude": 23.376441955566406, "heatmap_weight": 4, "raw_occupancy": 1 }, "geometry": { "type": "Point", "coordinates": [ 23.376441955566406, 42.812881469726562 ] } },
{ "type": "Feature", "properties": { "latitude": 42.687931060791016, "longitude": 23.328973770141602, "heatmap_weight": 4, "raw_occupancy": 1 }, "geometry": { "type": "Point", "coordinates": [ 23.328973770141602, 42.687931060791016 ] } },
{ "type": "Feature", "properties": { "latitude": 42.623096466064453, "longitude": 23.405359268188477, "heatmap_weight": 9, "raw_occupancy": 2 }, "geometry": { "type": "Point", "coordinates": [ 23.405359268188477, 42.623096466064453 ] } },
{ "type": "Feature", "properties": { "latitude": 42.683090209960938, "longitude": 23.278146743774414, "heatmap_weight": 1, "raw_occupancy": 0 }, "geometry": { "type": "Point", "coordinates": [ 23.278146743774414, 42.683090209960938 ] } },
{ "type": "Feature", "properties": { "latitude": 42.70208740234375, "longitude": 23.283531188964844, "heatmap_weight": 4, "raw_occupancy": 1 }, "geometry": { "type": "Point", "coordinates": [ 23.283531188964844, 42.70208740234375 ] } },
{ "type": "Feature", "properties": { "latitude": 42.549461364746094, "longitude": 23.366548538208008, "heatmap_weight": 4, "raw_occupancy": 1 }, "geometry": { "type": "Point", "coordinates": [ 23.366548538208008, 42.549461364746094 ] } },
{ "type": "Feature", "properties": { "latitude": 42.708824157714844, "longitude": 23.131124496459961, "heatmap_weight": 4, "raw_occupancy": 1 }, "geometry": { "type": "Point", "coordinates": [ 23.131124496459961, 42.708824157714844 ] } },
{ "type": "Feature", "properties": { "latitude": 42.678314208984375, "longitude": 23.297702789306641, "heatmap_weight": 1, "raw_occupancy": 0 }, "geometry": { "type": "Point", "coordinates": [ 23.297702789306641, 42.678314208984375 ] } },
{ "type": "Feature", "properties": { "latitude": 42.678955078125, "longitude": 23.285463333129883, "heatmap_weight": 9, "raw_occupancy": 2 }, "geometry": { "type": "Point", "coordinates": [ 23.285463333129883, 42.678955078125 ] } },
{ "type": "Feature", "properties": { "latitude": 42.668304443359375, "longitude": 23.367286682128906, "heatmap_weight": 16, "raw_occupancy": 3 }, "geometry": { "type": "Point", "coordinates": [ 23.367286682128906, 42.668304443359375 ] } },
{ "type": "Feature", "properties": { "latitude": 42.678916931152344, "longitude": 23.291404724121094, "heatmap_weight": 9, "raw_occupancy": 2 }, "geometry": { "type": "Point", "coordinates": [ 23.291404724121094, 42.678916931152344 ] } },
{ "type": "Feature", "properties": { "latitude": 42.662075042724609, "longitude": 23.419517517089844, "heatmap_weight": 4, "raw_occupancy": 1 }, "geometry": { "type": "Point", "coordinates": [ 23.419517517089844, 42.662075042724609 ] } },
{ "type": "Feature", "properties": { "latitude": 42.671482086181641, "longitude": 23.395120620727539, "heatmap_weight": 4, "raw_occupancy": 1 }, "geometry": { "type": "Point", "coordinates": [ 23.395120620727539, 42.671482086181641 ] } },
{ "type": "Feature", "properties": { "latitude": 42.815536499023438, "longitude": 23.280000686645508, "heatmap_weight": 4, "raw_occupancy": 1 }, "geometry": { "type": "Point", "coordinates": [ 23.280000686645508, 42.815536499023438 ] } },
{ "type": "Feature", "properties": { "latitude": 42.636100769042969, "longitude": 23.224756240844727, "heatmap_weight": 4, "raw_occupancy": 1 }, "geometry": { "type": "Point", "coordinates": [ 23.224756240844727, 42.636100769042969 ] } },
{ "type": "Feature", "properties": { "latitude": 42.691463470458984, "longitude": 23.340225219726562, "heatmap_weight": 4, "raw_occupancy": 1 }, "geometry": { "type": "Point", "coordinates": [ 23.340225219726562, 42.691463470458984 ] } },
{ "type": "Feature", "properties": { "latitude": 42.640392303466797, "longitude": 23.377773284912109, "heatmap_weight": 9, "raw_occupancy": 2 }, "geometry": { "type": "Point", "coordinates": [ 23.377773284912109, 42.640392303466797 ] } },
{ "type": "Feature", "properties": { "latitude": 42.719207763671875, "longitude": 23.311565399169922, "heatmap_weight": 1, "raw_occupancy": 0 }, "geometry": { "type": "Point", "coordinates": [ 23.311565399169922, 42.719207763671875 ] } },
{ "type": "Feature", "properties": { "latitude": 42.642864227294922, "longitude": 23.309917449951172, "heatmap_weight": 4, "raw_occupancy": 1 }, "geometry": { "type": "Point", "coordinates": [ 23.309917449951172, 42.642864227294922 ] } },
{ "type": "Feature", "properties": { "latitude": 42.694023132324219, "longitude": 23.346181869506836, "heatmap_weight": 9, "raw_occupancy": 2 }, "geometry": { "type": "Point", "coordinates": [ 23.346181869506836, 42.694023132324219 ] } },
{ "type": "Feature", "properties": { "latitude": 42.692161560058594, "longitude": 23.33375358581543, "heatmap_weight": 4, "raw_occupancy": 1 }, "geometry": { "type": "Point", "coordinates": [ 23.33375358581543, 42.692161560058594 ] } },
{ "type": "Feature", "properties": { "latitude": 42.717708587646484, "longitude": 23.338737487792969, "heatmap_weight": 1, "raw_occupancy": 0 }, "geometry": { "type": "Point", "coordinates": [ 23.338737487792969, 42.717708587646484 ] } },
{ "type": "Feature", "properties": { "latitude": 42.70013427734375, "longitude": 23.125360488891602, "heatmap_weight": 4, "raw_occupancy": 1 }, "geometry": { "type": "Point", "coordinates": [ 23.125360488891602, 42.70013427734375 ] } },
{ "type": "Feature", "properties": { "latitude": 42.635021209716797, "longitude": 23.373100280761719, "heatmap_weight": 4, "raw_occupancy": 1 }, "geometry": { "type": "Point", "coordinates": [ 23.373100280761719, 42.635021209716797 ] } },
{ "type": "Feature", "properties": { "latitude": 42.714900970458984, "longitude": 23.262607574462891, "heatmap_weight": 9, "raw_occupancy": 2 }, "geometry": { "type": "Point", "coordinates": [ 23.262607574462891, 42.714900970458984 ] } },
{ "type": "Feature", "properties": { "latitude": 42.700008392333984, "longitude": 23.29994010925293, "heatmap_weight": 9, "raw_occupancy": 2 }, "geometry": { "type": "Point", "coordinates": [ 23.29994010925293, 42.700008392333984 ] } },
{ "type": "Feature", "properties": { "latitude": 42.666252136230469, "longitude": 23.371950149536133, "heatmap_weight": 9, "raw_occupancy": 2 }, "geometry": { "type": "Point", "coordinates": [ 23.371950149536133, 42.666252136230469 ] } },
{ "type": "Feature", "properties": { "latitude": 42.689399719238281, "longitude": 23.450551986694336, "heatmap_weight": 1, "raw_occupancy": 0 }, "geometry": { "type": "Point", "coordinates": [ 23.450551986694336, 42.689399719238281 ] } },
{ "type": "Feature", "properties": { "latitude": 42.702167510986328, "longitude": 23.284177780151367, "heatmap_weight": 1, "raw_occupancy": 0 }, "geometry": { "type": "Point", "coordinates": [ 23.284177780151367, 42.702167510986328 ] } },
{ "type": "Feature", "properties": { "latitude": 42.692302703857422, "longitude": 23.333953857421875, "heatmap_weight": 9, "raw_occupancy": 2 }, "geometry": { "type": "Point", "coordinates": [ 23.333953857421875, 42.692302703857422 ] } },
{ "type": "Feature", "properties": { "latitude": 42.635276794433594, "longitude": 23.299140930175781, "heatmap_weight": 16, "raw_occupancy": 3 }, "geometry": { "type": "Point", "coordinates": [ 23.299140930175781, 42.635276794433594 ] } },
{ "type": "Feature", "properties": { "latitude": 42.689353942871094, "longitude": 23.315778732299805, "heatmap_weight": 4, "raw_occupancy": 1 }, "geometry": { "type": "Point", "coordinates": [ 23.315778732299805, 42.689353942871094 ] } },
{ "type": "Feature", "properties": { "latitude": 42.705394744873047, "longitude": 23.311882019042969, "heatmap_weight": 4, "raw_occupancy": 1 }, "geometry": { "type": "Point", "coordinates": [ 23.311882019042969, 42.705394744873047 ] } },
{ "type": "Feature", "properties": { "latitude": 42.670524597167969, "longitude": 23.333820343017578, "heatmap_weight": 4, "raw_occupancy": 1 }, "geometry": { "type": "Point", "coordinates": [ 23.333820343017578, 42.670524597167969 ] } },
{ "type": "Feature", "properties": { "latitude": 42.689811706542969, "longitude": 23.381200790405273, "heatmap_weight": 4, "raw_occupancy": 1 }, "geometry": { "type": "Point", "coordinates": [ 23.381200790405273, 42.689811706542969 ] } },
{ "type": "Feature", "properties": { "latitude": 42.676227569580078, "longitude": 23.268394470214844, "heatmap_weight": 9, "raw_occupancy": 2 }, "geometry": { "type": "Point", "coordinates": [ 23.268394470214844, 42.676227569580078 ] } },
{ "type": "Feature", "properties": { "latitude": 42.715053558349609, "longitude": 23.283977508544922, "heatmap_weight": 4, "raw_occupancy": 1 }, "geometry": { "type": "Point", "coordinates": [ 23.283977508544922, 42.715053558349609 ] } },
{ "type": "Feature", "properties": { "latitude": 42.697151184082031, "longitude": 23.277280807495117, "heatmap_weight": 4, "raw_occupancy": 1 }, "geometry": { "type": "Point", "coordinates": [ 23.277280807495117, 42.697151184082031 ] } },
{ "type": "Feature", "properties": { "latitude": 42.669712066650391, "longitude": 23.366683959960938, "heatmap_weight": 16, "raw_occupancy": 3 }, "geometry": { "type": "Point", "coordinates": [ 23.366683959960938, 42.669712066650391 ] } },
{ "type": "Feature", "properties": { "latitude": 42.732162475585938, "longitude": 23.3126220703125, "heatmap_weight": 4, "raw_occupancy": 1 }, "geometry": { "type": "Point", "coordinates": [ 23.3126220703125, 42.732162475585938 ] } },
{ "type": "Feature", "properties": { "latitude": 42.662628173828125, "longitude": 23.317138671875, "heatmap_weight": 1, "raw_occupancy": 0 }, "geometry": { "type": "Point", "coordinates": [ 23.317138671875, 42.662628173828125 ] } },
{ "type": "Feature", "properties": { "latitude": 42.662544250488281, "longitude": 23.415626525878906, "heatmap_weight": 4, "raw_occupancy": 1 }, "geometry": { "type": "Point", "coordinates": [ 23.415626525878906, 42.662544250488281 ] } },
{ "type": "Feature", "properties": { "latitude": 42.714179992675781, "longitude": 23.308578491210938, "heatmap_weight": 4, "raw_occupancy": 1 }, "geometry": { "type": "Point", "coordinates": [ 23.308578491210938, 42.714179992675781 ] } },
{ "type": "Feature", "properties": { "latitude": 42.664569854736328, "longitude": 23.360357284545898, "heatmap_weight": 9, "raw_occupancy": 2 }, "geometry": { "type": "Point", "coordinates": [ 23.360357284545898, 42.664569854736328 ] } },
{ "type": "Feature", "properties": { "latitude": 42.696186065673828, "longitude": 23.347366333007812, "heatmap_weight": 16, "raw_occupancy": 3 }, "geometry": { "type": "Point", "coordinates": [ 23.347366333007812, 42.696186065673828 ] } },
{ "type": "Feature", "properties": { "latitude": 42.641803741455078, "longitude": 23.37092399597168, "heatmap_weight": 4, "raw_occupancy": 1 }, "geometry": { "type": "Point", "coordinates": [ 23.37092399597168, 42.641803741455078 ] } },
{ "type": "Feature", "properties": { "latitude": 42.690670013427734, "longitude": 23.338180541992188, "heatmap_weight": 9, "raw_occupancy": 2 }, "geometry": { "type": "Point", "coordinates": [ 23.338180541992188, 42.690670013427734 ] } },
{ "type": "Feature", "properties": { "latitude": 42.680774688720703, "longitude": 23.351509094238281, "heatmap_weight": 9, "raw_occupancy": 2 }, "geometry": { "type": "Point", "coordinates": [ 23.351509094238281, 42.680774688720703 ] } },
{ "type": "Feature", "properties": { "latitude": 42.691009521484375, "longitude": 23.354219436645508, "heatmap_weight": 9, "raw_occupancy": 2 }, "geometry": { "type": "Point", "coordinates": [ 23.354219436645508, 42.691009521484375 ] } },
{ "type": "Feature", "properties": { "latitude": 42.626216888427734, "longitude": 23.351716995239258, "heatmap_weight": 4, "raw_occupancy": 1 }, "geometry": { "type": "Point", "coordinates": [ 23.351716995239258, 42.626216888427734 ] } },
{ "type": "Feature", "properties": { "latitude": 42.713352203369141, "longitude": 23.314950942993164, "heatmap_weight": 9, "raw_occupancy": 2 }, "geometry": { "type": "Point", "coordinates": [ 23.314950942993164, 42.713352203369141 ] } },
{ "type": "Feature", "properties": { "latitude": 42.681602478027344, "longitude": 23.313230514526367, "heatmap_weight": 1, "raw_occupancy": 0 }, "geometry": { "type": "Point", "coordinates": [ 23.313230514526367, 42.681602478027344 ] } },
{ "type": "Feature", "properties": { "latitude": 42.662075042724609, "longitude": 23.295589447021484, "heatmap_weight": 1, "raw_occupancy": 0 }, "geometry": { "type": "Point", "coordinates": [ 23.295589447021484, 42.662075042724609 ] } },
{ "type": "Feature", "properties": { "latitude": 42.686859130859375, "longitude": 23.325254440307617, "heatmap_weight": 9, "raw_occupancy": 2 }, "geometry": { "type": "Point", "coordinates": [ 23.325254440307617, 42.686859130859375 ] } },
{ "type": "Feature", "properties": { "latitude": 42.674720764160156, "longitude": 23.304269790649414, "heatmap_weight": 1, "raw_occupancy": 0 }, "geometry": { "type": "Point", "coordinates": [ 23.304269790649414, 42.674720764160156 ] } },
{ "type": "Feature", "properties": { "latitude": 42.5496826171875, "longitude": 23.480674743652344, "heatmap_weight": 4, "raw_occupancy": 1 }, "geometry": { "type": "Point", "coordinates": [ 23.480674743652344, 42.5496826171875 ] } },
{ "type": "Feature", "properties": { "latitude": 42.798515319824219, "longitude": 23.399253845214844, "heatmap_weight": 1, "raw_occupancy": 0 }, "geometry": { "type": "Point", "coordinates": [ 23.399253845214844, 42.798515319824219 ] } },
{ "type": "Feature", "properties": { "latitude": 42.694953918457031, "longitude": 23.320871353149414, "heatmap_weight": 4, "raw_occupancy": 1 }, "geometry": { "type": "Point", "coordinates": [ 23.320871353149414, 42.694953918457031 ] } },
{ "type": "Feature", "properties": { "latitude": 42.691574096679688, "longitude": 23.309177398681641, "heatmap_weight": 16, "raw_occupancy": 3 }, "geometry": { "type": "Point", "coordinates": [ 23.309177398681641, 42.691574096679688 ] } },
{ "type": "Feature", "properties": { "latitude": 42.665931701660156, "longitude": 23.363554000854492, "heatmap_weight": 9, "raw_occupancy": 2 }, "geometry": { "type": "Point", "coordinates": [ 23.363554000854492, 42.665931701660156 ] } },
{ "type": "Feature", "properties": { "latitude": 42.755382537841797, "longitude": 23.246110916137695, "heatmap_weight": 1, "raw_occupancy": 0 }, "geometry": { "type": "Point", "coordinates": [ 23.246110916137695, 42.755382537841797 ] } },
{ "type": "Feature", "properties": { "latitude": 42.675025939941406, "longitude": 23.359165191650391, "heatmap_weight": 4, "raw_occupancy": 1 }, "geometry": { "type": "Point", "coordinates": [ 23.359165191650391, 42.675025939941406 ] } },
{ "type": "Feature", "properties": { "latitude": 42.709918975830078, "longitude": 23.318269729614258, "heatmap_weight": 4, "raw_occupancy": 1 }, "geometry": { "type": "Point", "coordinates": [ 23.318269729614258, 42.709918975830078 ] } },
{ "type": "Feature", "properties": { "latitude": 42.733989715576172, "longitude": 23.317361831665039, "heatmap_weight": 1, "raw_occupancy": 0 }, "geometry": { "type": "Point", "coordinates": [ 23.317361831665039, 42.733989715576172 ] } },
{ "type": "Feature", "properties": { "latitude": 42.706108093261719, "longitude": 23.311407089233398, "heatmap_weight": 9, "raw_occupancy": 2 }, "geometry": { "type": "Point", "coordinates": [ 23.311407089233398, 42.706108093261719 ] } },
{ "type": "Feature", "properties": { "latitude": 42.691337585449219, "longitude": 23.279304504394531, "heatmap_weight": 1, "raw_occupancy": 0 }, "geometry": { "type": "Point", "coordinates": [ 23.279304504394531, 42.691337585449219 ] } },
{ "type": "Feature", "properties": { "latitude": 42.666423797607422, "longitude": 23.36433219909668, "heatmap_weight": 4, "raw_occupancy": 1 }, "geometry": { "type": "Point", "coordinates": [ 23.36433219909668, 42.666423797607422 ] } },
{ "type": "Feature", "properties": { "latitude": 42.664569854736328, "longitude": 23.317470550537109, "heatmap_weight": 1, "raw_occupancy": 0 }, "geometry": { "type": "Point", "coordinates": [ 23.317470550537109, 42.664569854736328 ] } },
{ "type": "Feature", "properties": { "latitude": 42.675102233886719, "longitude": 23.381740570068359, "heatmap_weight": 1, "raw_occupancy": 0 }, "geometry": { "type": "Point", "coordinates": [ 23.381740570068359, 42.675102233886719 ] } },
{ "type": "Feature", "properties": { "latitude": 42.654541015625, "longitude": 23.336097717285156, "heatmap_weight": 9, "raw_occupancy": 2 }, "geometry": { "type": "Point", "coordinates": [ 23.336097717285156, 42.654541015625 ] } },
{ "type": "Feature", "properties": { "latitude": 42.642501831054688, "longitude": 23.289712905883789, "heatmap_weight": 4, "raw_occupancy": 1 }, "geometry": { "type": "Point", "coordinates": [ 23.289712905883789, 42.642501831054688 ] } },
{ "type": "Feature", "properties": { "latitude": 42.693321228027344, "longitude": 23.351577758789062, "heatmap_weight": 4, "raw_occupancy": 1 }, "geometry": { "type": "Point", "coordinates": [ 23.351577758789062, 42.693321228027344 ] } },
{ "type": "Feature", "properties": { "latitude": 42.664974212646484, "longitude": 23.288583755493164, "heatmap_weight": 9, "raw_occupancy": 2 }, "geometry": { "type": "Point", "coordinates": [ 23.288583755493164, 42.664974212646484 ] } },
{ "type": "Feature", "properties": { "latitude": 42.655704498291016, "longitude": 23.336341857910156, "heatmap_weight": 9, "raw_occupancy": 2 }, "geometry": { "type": "Point", "coordinates": [ 23.336341857910156, 42.655704498291016 ] } },
{ "type": "Feature", "properties": { "latitude": 42.649311065673828, "longitude": 23.4136962890625, "heatmap_weight": 1, "raw_occupancy": 0 }, "geometry": { "type": "Point", "coordinates": [ 23.4136962890625, 42.649311065673828 ] } },
{ "type": "Feature", "properties": { "latitude": 42.707126617431641, "longitude": 23.299571990966797, "heatmap_weight": 4, "raw_occupancy": 1 }, "geometry": { "type": "Point", "coordinates": [ 23.299571990966797, 42.707126617431641 ] } },
{ "type": "Feature", "properties": { "latitude": 42.668167114257812, "longitude": 23.253154754638672, "heatmap_weight": 4, "raw_occupancy": 1 }, "geometry": { "type": "Point", "coordinates": [ 23.253154754638672, 42.668167114257812 ] } },
{ "type": "Feature", "properties": { "latitude": 42.728195190429688, "longitude": 23.291229248046875, "heatmap_weight": 4, "raw_occupancy": 1 }, "geometry": { "type": "Point", "coordinates": [ 23.291229248046875, 42.728195190429688 ] } },
{ "type": "Feature", "properties": { "latitude": 42.767684936523438, "longitude": 23.194053649902344, "heatmap_weight": 1, "raw_occupancy": 0 }, "geometry": { "type": "Point", "coordinates": [ 23.194053649902344, 42.767684936523438 ] } },
{ "type": "Feature", "properties": { "latitude": 42.665058135986328, "longitude": 23.457925796508789, "heatmap_weight": 4, "raw_occupancy": 1 }, "geometry": { "type": "Point", "coordinates": [ 23.457925796508789, 42.665058135986328 ] } },
{ "type": "Feature", "properties": { "latitude": 42.712650299072266, "longitude": 23.161611557006836, "heatmap_weight": 4, "raw_occupancy": 1 }, "geometry": { "type": "Point", "coordinates": [ 23.161611557006836, 42.712650299072266 ] } },
{ "type": "Feature", "properties": { "latitude": 42.681884765625, "longitude": 23.318462371826172, "heatmap_weight": 9, "raw_occupancy": 2 }, "geometry": { "type": "Point", "coordinates": [ 23.318462371826172, 42.681884765625 ] } },
{ "type": "Feature", "properties": { "latitude": 42.688823699951172, "longitude": 23.328081130981445, "heatmap_weight": 4, "raw_occupancy": 1 }, "geometry": { "type": "Point", "coordinates": [ 23.328081130981445, 42.688823699951172 ] } },
{ "type": "Feature", "properties": { "latitude": 42.790470123291016, "longitude": 23.394779205322266, "heatmap_weight": 4, "raw_occupancy": 1 }, "geometry": { "type": "Point", "coordinates": [ 23.394779205322266, 42.790470123291016 ] } },
{ "type": "Feature", "properties": { "latitude": 42.686946868896484, "longitude": 23.330358505249023, "heatmap_weight": 4, "raw_occupancy": 1 }, "geometry": { "type": "Point", "coordinates": [ 23.330358505249023, 42.686946868896484 ] } },
{ "type": "Feature", "properties": { "latitude": 42.667263031005859, "longitude": 23.337543487548828, "heatmap_weight": 9, "raw_occupancy": 2 }, "geometry": { "type": "Point", "coordinates": [ 23.337543487548828, 42.667263031005859 ] } },
{ "type": "Feature", "properties": { "latitude": 42.724811553955078, "longitude": 23.292451858520508, "heatmap_weight": 4, "raw_occupancy": 1 }, "geometry": { "type": "Point", "coordinates": [ 23.292451858520508, 42.724811553955078 ] } },
{ "type": "Feature", "properties": { "latitude": 42.713325500488281, "longitude": 23.315229415893555, "heatmap_weight": 4, "raw_occupancy": 1 }, "geometry": { "type": "Point", "coordinates": [ 23.315229415893555, 42.713325500488281 ] } },
{ "type": "Feature", "properties": { "latitude": 42.653705596923828, "longitude": 23.347412109375, "heatmap_weight": 4, "raw_occupancy": 1 }, "geometry": { "type": "Point", "coordinates": [ 23.347412109375, 42.653705596923828 ] } },
{ "type": "Feature", "properties": { "latitude": 42.602954864501953, "longitude": 23.495672225952148, "heatmap_weight": 4, "raw_occupancy": 1 }, "geometry": { "type": "Point", "coordinates": [ 23.495672225952148, 42.602954864501953 ] } },
{ "type": "Feature", "properties": { "latitude": 42.718280792236328, "longitude": 23.227594375610352, "heatmap_weight": 9, "raw_occupancy": 2 }, "geometry": { "type": "Point", "coordinates": [ 23.227594375610352, 42.718280792236328 ] } },
{ "type": "Feature", "properties": { "latitude": 42.698680877685547, "longitude": 23.308746337890625, "heatmap_weight": 16, "raw_occupancy": 3 }, "geometry": { "type": "Point", "coordinates": [ 23.308746337890625, 42.698680877685547 ] } },
{ "type": "Feature", "properties": { "latitude": 42.685897827148438, "longitude": 23.3656005859375, "heatmap_weight": 4, "raw_occupancy": 1 }, "geometry": { "type": "Point", "coordinates": [ 23.3656005859375, 42.685897827148438 ] } },
{ "type": "Feature", "properties": { "latitude": 42.652332305908203, "longitude": 23.374078750610352, "heatmap_weight": 4, "raw_occupancy": 1 }, "geometry": { "type": "Point", "coordinates": [ 23.374078750610352, 42.652332305908203 ] } },
{ "type": "Feature", "properties": { "latitude": 42.835899353027344, "longitude": 23.281984329223633, "heatmap_weight": 1, "raw_occupancy": 0 }, "geometry": { "type": "Point", "coordinates": [ 23.281984329223633, 42.835899353027344 ] } },
{ "type": "Feature", "properties": { "latitude": 42.728118896484375, "longitude": 23.457876205444336, "heatmap_weight": 4, "raw_occupancy": 1 }, "geometry": { "type": "Point", "coordinates": [ 23.457876205444336, 42.728118896484375 ] } },
{ "type": "Feature", "properties": { "latitude": 42.685932159423828, "longitude": 23.331245422363281, "heatmap_weight": 9, "raw_occupancy": 2 }, "geometry": { "type": "Point", "coordinates": [ 23.331245422363281, 42.685932159423828 ] } },
{ "type": "Feature", "properties": { "latitude": 42.694614410400391, "longitude": 23.315029144287109, "heatmap_weight": 4, "raw_occupancy": 1 }, "geometry": { "type": "Point", "coordinates": [ 23.315029144287109, 42.694614410400391 ] } },
{ "type": "Feature", "properties": { "latitude": 42.71343994140625, "longitude": 23.315656661987305, "heatmap_weight": 4, "raw_occupancy": 1 }, "geometry": { "type": "Point", "coordinates": [ 23.315656661987305, 42.71343994140625 ] } },
{ "type": "Feature", "properties": { "latitude": 42.790210723876953, "longitude": 23.40587043762207, "heatmap_weight": 1, "raw_occupancy": 0 }, "geometry": { "type": "Point", "coordinates": [ 23.40587043762207, 42.790210723876953 ] } },
{ "type": "Feature", "properties": { "latitude": 42.726058959960938, "longitude": 23.263246536254883, "heatmap_weight": 9, "raw_occupancy": 2 }, "geometry": { "type": "Point", "coordinates": [ 23.263246536254883, 42.726058959960938 ] } },
{ "type": "Feature", "properties": { "latitude": 42.707889556884766, "longitude": 23.329980850219727, "heatmap_weight": 4, "raw_occupancy": 1 }, "geometry": { "type": "Point", "coordinates": [ 23.329980850219727, 42.707889556884766 ] } },
{ "type": "Feature", "properties": { "latitude": 42.668094635009766, "longitude": 23.279840469360352, "heatmap_weight": 9, "raw_occupancy": 2 }, "geometry": { "type": "Point", "coordinates": [ 23.279840469360352, 42.668094635009766 ] } },
{ "type": "Feature", "properties": { "latitude": 42.702110290527344, "longitude": 23.358688354492188, "heatmap_weight": 9, "raw_occupancy": 2 }, "geometry": { "type": "Point", "coordinates": [ 23.358688354492188, 42.702110290527344 ] } },
{ "type": "Feature", "properties": { "latitude": 42.675277709960938, "longitude": 23.288040161132812, "heatmap_weight": 1, "raw_occupancy": 0 }, "geometry": { "type": "Point", "coordinates": [ 23.288040161132812, 42.675277709960938 ] } },
{ "type": "Feature", "properties": { "latitude": 42.820583343505859, "longitude": 23.360860824584961, "heatmap_weight": 4, "raw_occupancy": 1 }, "geometry": { "type": "Point", "coordinates": [ 23.360860824584961, 42.820583343505859 ] } },
{ "type": "Feature", "properties": { "latitude": 42.726959228515625, "longitude": 23.312530517578125, "heatmap_weight": 1, "raw_occupancy": 0 }, "geometry": { "type": "Point", "coordinates": [ 23.312530517578125, 42.726959228515625 ] } },
{ "type": "Feature", "properties": { "latitude": 42.746818542480469, "longitude": 23.327198028564453, "heatmap_weight": 1, "raw_occupancy": 0 }, "geometry": { "type": "Point", "coordinates": [ 23.327198028564453, 42.746818542480469 ] } },
{ "type": "Feature", "properties": { "latitude": 42.677310943603516, "longitude": 23.282495498657227, "heatmap_weight": 4, "raw_occupancy": 1 }, "geometry": { "type": "Point", "coordinates": [ 23.282495498657227, 42.677310943603516 ] } },
{ "type": "Feature", "properties": { "latitude": 42.6015625, "longitude": 23.484487533569336, "heatmap_weight": 4, "raw_occupancy": 1 }, "geometry": { "type": "Point", "coordinates": [ 23.484487533569336, 42.6015625 ] } },
{ "type": "Feature", "properties": { "latitude": 42.713367462158203, "longitude": 23.26495361328125, "heatmap_weight": 4, "raw_occupancy": 1 }, "geometry": { "type": "Point", "coordinates": [ 23.26495361328125, 42.713367462158203 ] } },
{ "type": "Feature", "properties": { "latitude": 42.702167510986328, "longitude": 23.304449081420898, "heatmap_weight": 9, "raw_occupancy": 2 }, "geometry": { "type": "Point", "coordinates": [ 23.304449081420898, 42.702167510986328 ] } },
{ "type": "Feature", "properties": { "latitude": 42.730628967285156, "longitude": 23.313312530517578, "heatmap_weight": 4, "raw_occupancy": 1 }, "geometry": { "type": "Point", "coordinates": [ 23.313312530517578, 42.730628967285156 ] } },
{ "type": "Feature", "properties": { "latitude": 42.671871185302734, "longitude": 23.272363662719727, "heatmap_weight": 4, "raw_occupancy": 1 }, "geometry": { "type": "Point", "coordinates": [ 23.272363662719727, 42.671871185302734 ] } },
{ "type": "Feature", "properties": { "latitude": 42.668937683105469, "longitude": 23.254758834838867, "heatmap_weight": 4, "raw_occupancy": 1 }, "geometry": { "type": "Point", "coordinates": [ 23.254758834838867, 42.668937683105469 ] } },
{ "type": "Feature", "properties": { "latitude": 42.641651153564453, "longitude": 23.371496200561523, "heatmap_weight": 1, "raw_occupancy": 0 }, "geometry": { "type": "Point", "coordinates": [ 23.371496200561523, 42.641651153564453 ] } },
{ "type": "Feature", "properties": { "latitude": 42.716365814208984, "longitude": 23.340190887451172, "heatmap_weight": 1, "raw_occupancy": 0 }, "geometry": { "type": "Point", "coordinates": [ 23.340190887451172, 42.716365814208984 ] } },
{ "type": "Feature", "properties": { "latitude": 42.687160491943359, "longitude": 23.232648849487305, "heatmap_weight": 9, "raw_occupancy": 2 }, "geometry": { "type": "Point", "coordinates": [ 23.232648849487305, 42.687160491943359 ] } },
{ "type": "Feature", "properties": { "latitude": 42.633258819580078, "longitude": 23.332551956176758, "heatmap_weight": 4, "raw_occupancy": 1 }, "geometry": { "type": "Point", "coordinates": [ 23.332551956176758, 42.633258819580078 ] } },
{ "type": "Feature", "properties": { "latitude": 42.689102172851562, "longitude": 23.313348770141602, "heatmap_weight": 4, "raw_occupancy": 1 }, "geometry": { "type": "Point", "coordinates": [ 23.313348770141602, 42.689102172851562 ] } },
{ "type": "Feature", "properties": { "latitude": 42.670261383056641, "longitude": 23.369916915893555, "heatmap_weight": 1, "raw_occupancy": 0 }, "geometry": { "type": "Point", "coordinates": [ 23.369916915893555, 42.670261383056641 ] } },
{ "type": "Feature", "properties": { "latitude": 42.712478637695312, "longitude": 23.247814178466797, "heatmap_weight": 4, "raw_occupancy": 1 }, "geometry": { "type": "Point", "coordinates": [ 23.247814178466797, 42.712478637695312 ] } },
{ "type": "Feature", "properties": { "latitude": 42.696929931640625, "longitude": 23.309389114379883, "heatmap_weight": 4, "raw_occupancy": 1 }, "geometry": { "type": "Point", "coordinates": [ 23.309389114379883, 42.696929931640625 ] } },
{ "type": "Feature", "properties": { "latitude": 42.733478546142578, "longitude": 23.26890754699707, "heatmap_weight": 4, "raw_occupancy": 1 }, "geometry": { "type": "Point", "coordinates": [ 23.26890754699707, 42.733478546142578 ] } },
{ "type": "Feature", "properties": { "latitude": 42.682628631591797, "longitude": 23.301733016967773, "heatmap_weight": 4, "raw_occupancy": 1 }, "geometry": { "type": "Point", "coordinates": [ 23.301733016967773, 42.682628631591797 ] } },
{ "type": "Feature", "properties": { "latitude": 42.699295043945312, "longitude": 23.304962158203125, "heatmap_weight": 9, "raw_occupancy": 2 }, "geometry": { "type": "Point", "coordinates": [ 23.304962158203125, 42.699295043945312 ] } },
{ "type": "Feature", "properties": { "latitude": 42.693630218505859, "longitude": 23.334583282470703, "heatmap_weight": 4, "raw_occupancy": 1 }, "geometry": { "type": "Point", "coordinates": [ 23.334583282470703, 42.693630218505859 ] } },
{ "type": "Feature", "properties": { "latitude": 42.664463043212891, "longitude": 23.2872314453125, "heatmap_weight": 1, "raw_occupancy": 0 }, "geometry": { "type": "Point", "coordinates": [ 23.2872314453125, 42.664463043212891 ] } },
{ "type": "Feature", "properties": { "latitude": 42.842113494873047, "longitude": 23.322944641113281, "heatmap_weight": 4, "raw_occupancy": 1 }, "geometry": { "type": "Point", "coordinates": [ 23.322944641113281, 42.842113494873047 ] } },
{ "type": "Feature", "properties": { "latitude": 42.644157409667969, "longitude": 23.412206649780273, "heatmap_weight": 1, "raw_occupancy": 0 }, "geometry": { "type": "Point", "coordinates": [ 23.412206649780273, 42.644157409667969 ] } },
{ "type": "Feature", "properties": { "latitude": 42.716361999511719, "longitude": 23.285497665405273, "heatmap_weight": 9, "raw_occupancy": 2 }, "geometry": { "type": "Point", "coordinates": [ 23.285497665405273, 42.716361999511719 ] } },
{ "type": "Feature", "properties": { "latitude": 42.704513549804688, "longitude": 23.325160980224609, "heatmap_weight": 9, "raw_occupancy": 2 }, "geometry": { "type": "Point", "coordinates": [ 23.325160980224609, 42.704513549804688 ] } },
{ "type": "Feature", "properties": { "latitude": 42.637832641601562, "longitude": 23.334602355957031, "heatmap_weight": 4, "raw_occupancy": 1 }, "geometry": { "type": "Point", "coordinates": [ 23.334602355957031, 42.637832641601562 ] } },
{ "type": "Feature", "properties": { "latitude": 42.64776611328125, "longitude": 23.314830780029297, "heatmap_weight": 9, "raw_occupancy": 2 }, "geometry": { "type": "Point", "coordinates": [ 23.314830780029297, 42.64776611328125 ] } },
{ "type": "Feature", "properties": { "latitude": 42.676513671875, "longitude": 23.289253234863281, "heatmap_weight": 9, "raw_occupancy": 2 }, "geometry": { "type": "Point", "coordinates": [ 23.289253234863281, 42.676513671875 ] } },
{ "type": "Feature", "properties": { "latitude": 42.571727752685547, "longitude": 23.359352111816406, "heatmap_weight": 4, "raw_occupancy": 1 }, "geometry": { "type": "Point", "coordinates": [ 23.359352111816406, 42.571727752685547 ] } },
{ "type": "Feature", "properties": { "latitude": 42.71966552734375, "longitude": 23.239534378051758, "heatmap_weight": 16, "raw_occupancy": 3 }, "geometry": { "type": "Point", "coordinates": [ 23.239534378051758, 42.71966552734375 ] } },
{ "type": "Feature", "properties": { "latitude": 42.658458709716797, "longitude": 23.348602294921875, "heatmap_weight": 9, "raw_occupancy": 2 }, "geometry": { "type": "Point", "coordinates": [ 23.348602294921875, 42.658458709716797 ] } },
{ "type": "Feature", "properties": { "latitude": 42.713897705078125, "longitude": 23.313055038452148, "heatmap_weight": 1, "raw_occupancy": 0 }, "geometry": { "type": "Point", "coordinates": [ 23.313055038452148, 42.713897705078125 ] } },
{ "type": "Feature", "properties": { "latitude": 42.685821533203125, "longitude": 23.306329727172852, "heatmap_weight": 9, "raw_occupancy": 2 }, "geometry": { "type": "Point", "coordinates": [ 23.306329727172852, 42.685821533203125 ] } },
{ "type": "Feature", "properties": { "latitude": 42.649551391601562, "longitude": 23.315479278564453, "heatmap_weight": 25, "raw_occupancy": 4 }, "geometry": { "type": "Point", "coordinates": [ 23.315479278564453, 42.649551391601562 ] } },
{ "type": "Feature", "properties": { "latitude": 42.799491882324219, "longitude": 23.400449752807617, "heatmap_weight": 4, "raw_occupancy": 1 }, "geometry": { "type": "Point", "coordinates": [ 23.400449752807617, 42.799491882324219 ] } },
{ "type": "Feature", "properties": { "latitude": 42.69281005859375, "longitude": 23.343149185180664, "heatmap_weight": 4, "raw_occupancy": 1 }, "geometry": { "type": "Point", "coordinates": [ 23.343149185180664, 42.69281005859375 ] } },
{ "type": "Feature", "properties": { "latitude": 42.64691162109375, "longitude": 23.34539794921875, "heatmap_weight": 4, "raw_occupancy": 1 }, "geometry": { "type": "Point", "coordinates": [ 23.34539794921875, 42.64691162109375 ] } },
{ "type": "Feature", "properties": { "latitude": 42.694969177246094, "longitude": 23.291156768798828, "heatmap_weight": 9, "raw_occupancy": 2 }, "geometry": { "type": "Point", "coordinates": [ 23.291156768798828, 42.694969177246094 ] } },
{ "type": "Feature", "properties": { "latitude": 42.675243377685547, "longitude": 23.278671264648438, "heatmap_weight": 4, "raw_occupancy": 1 }, "geometry": { "type": "Point", "coordinates": [ 23.278671264648438, 42.675243377685547 ] } },
{ "type": "Feature", "properties": { "latitude": 42.702911376953125, "longitude": 23.353120803833008, "heatmap_weight": 4, "raw_occupancy": 1 }, "geometry": { "type": "Point", "coordinates": [ 23.353120803833008, 42.702911376953125 ] } },
{ "type": "Feature", "properties": { "latitude": 42.705352783203125, "longitude": 23.333335876464844, "heatmap_weight": 9, "raw_occupancy": 2 }, "geometry": { "type": "Point", "coordinates": [ 23.333335876464844, 42.705352783203125 ] } },
{ "type": "Feature", "properties": { "latitude": 42.660594940185547, "longitude": 23.320184707641602, "heatmap_weight": 1, "raw_occupancy": 0 }, "geometry": { "type": "Point", "coordinates": [ 23.320184707641602, 42.660594940185547 ] } },
{ "type": "Feature", "properties": { "latitude": 42.717975616455078, "longitude": 23.339080810546875, "heatmap_weight": 4, "raw_occupancy": 1 }, "geometry": { "type": "Point", "coordinates": [ 23.339080810546875, 42.717975616455078 ] } },
{ "type": "Feature", "properties": { "latitude": 42.676021575927734, "longitude": 23.297084808349609, "heatmap_weight": 9, "raw_occupancy": 2 }, "geometry": { "type": "Point", "coordinates": [ 23.297084808349609, 42.676021575927734 ] } },
{ "type": "Feature", "properties": { "latitude": 42.705467224121094, "longitude": 23.32038688659668, "heatmap_weight": 4, "raw_occupancy": 1 }, "geometry": { "type": "Point", "coordinates": [ 23.32038688659668, 42.705467224121094 ] } },
{ "type": "Feature", "properties": { "latitude": 42.700489044189453, "longitude": 23.372209548950195, "heatmap_weight": 4, "raw_occupancy": 1 }, "geometry": { "type": "Point", "coordinates": [ 23.372209548950195, 42.700489044189453 ] } },
{ "type": "Feature", "properties": { "latitude": 42.671543121337891, "longitude": 23.381984710693359, "heatmap_weight": 4, "raw_occupancy": 1 }, "geometry": { "type": "Point", "coordinates": [ 23.381984710693359, 42.671543121337891 ] } },
{ "type": "Feature", "properties": { "latitude": 42.81671142578125, "longitude": 23.352899551391602, "heatmap_weight": 4, "raw_occupancy": 1 }, "geometry": { "type": "Point", "coordinates": [ 23.352899551391602, 42.81671142578125 ] } },
{ "type": "Feature", "properties": { "latitude": 42.700218200683594, "longitude": 23.297277450561523, "heatmap_weight": 4, "raw_occupancy": 1 }, "geometry": { "type": "Point", "coordinates": [ 23.297277450561523, 42.700218200683594 ] } },
{ "type": "Feature", "properties": { "latitude": 42.728530883789062, "longitude": 23.249387741088867, "heatmap_weight": 4, "raw_occupancy": 1 }, "geometry": { "type": "Point", "coordinates": [ 23.249387741088867, 42.728530883789062 ] } },
{ "type": "Feature", "properties": { "latitude": 42.679836273193359, "longitude": 23.304695129394531, "heatmap_weight": 4, "raw_occupancy": 1 }, "geometry": { "type": "Point", "coordinates": [ 23.304695129394531, 42.679836273193359 ] } },
{ "type": "Feature", "properties": { "latitude": 42.741771697998047, "longitude": 23.278457641601562, "heatmap_weight": 4, "raw_occupancy": 1 }, "geometry": { "type": "Point", "coordinates": [ 23.278457641601562, 42.741771697998047 ] } },
{ "type": "Feature", "properties": { "latitude": 42.685947418212891, "longitude": 23.343828201293945, "heatmap_weight": 4, "raw_occupancy": 1 }, "geometry": { "type": "Point", "coordinates": [ 23.343828201293945, 42.685947418212891 ] } },
{ "type": "Feature", "properties": { "latitude": 42.639751434326172, "longitude": 23.37177848815918, "heatmap_weight": 4, "raw_occupancy": 1 }, "geometry": { "type": "Point", "coordinates": [ 23.37177848815918, 42.639751434326172 ] } },
{ "type": "Feature", "properties": { "latitude": 42.698856353759766, "longitude": 23.336275100708008, "heatmap_weight": 1, "raw_occupancy": 0 }, "geometry": { "type": "Point", "coordinates": [ 23.336275100708008, 42.698856353759766 ] } },
{ "type": "Feature", "properties": { "latitude": 42.676746368408203, "longitude": 23.234930038452148, "heatmap_weight": 4, "raw_occupancy": 1 }, "geometry": { "type": "Point", "coordinates": [ 23.234930038452148, 42.676746368408203 ] } },
{ "type": "Feature", "properties": { "latitude": 42.763313293457031, "longitude": 23.5650634765625, "heatmap_weight": 9, "raw_occupancy": 2 }, "geometry": { "type": "Point", "coordinates": [ 23.5650634765625, 42.763313293457031 ] } },
{ "type": "Feature", "properties": { "latitude": 42.675067901611328, "longitude": 23.375795364379883, "heatmap_weight": 1, "raw_occupancy": 0 }, "geometry": { "type": "Point", "coordinates": [ 23.375795364379883, 42.675067901611328 ] } },
{ "type": "Feature", "properties": { "latitude": 42.654281616210938, "longitude": 23.381010055541992, "heatmap_weight": 9, "raw_occupancy": 2 }, "geometry": { "type": "Point", "coordinates": [ 23.381010055541992, 42.654281616210938 ] } },
{ "type": "Feature", "properties": { "latitude": 42.697395324707031, "longitude": 23.314651489257812, "heatmap_weight": 4, "raw_occupancy": 1 }, "geometry": { "type": "Point", "coordinates": [ 23.314651489257812, 42.697395324707031 ] } },
{ "type": "Feature", "properties": { "latitude": 42.617050170898438, "longitude": 23.185005187988281, "heatmap_weight": 4, "raw_occupancy": 1 }, "geometry": { "type": "Point", "coordinates": [ 23.185005187988281, 42.617050170898438 ] } },
{ "type": "Feature", "properties": { "latitude": 42.704505920410156, "longitude": 23.333093643188477, "heatmap_weight": 9, "raw_occupancy": 2 }, "geometry": { "type": "Point", "coordinates": [ 23.333093643188477, 42.704505920410156 ] } },
{ "type": "Feature", "properties": { "latitude": 42.674358367919922, "longitude": 23.375223159790039, "heatmap_weight": 4, "raw_occupancy": 1 }, "geometry": { "type": "Point", "coordinates": [ 23.375223159790039, 42.674358367919922 ] } },
{ "type": "Feature", "properties": { "latitude": 42.827560424804688, "longitude": 23.240341186523438, "heatmap_weight": 4, "raw_occupancy": 1 }, "geometry": { "type": "Point", "coordinates": [ 23.240341186523438, 42.827560424804688 ] } },
{ "type": "Feature", "properties": { "latitude": 42.663898468017578, "longitude": 23.410991668701172, "heatmap_weight": 4, "raw_occupancy": 1 }, "geometry": { "type": "Point", "coordinates": [ 23.410991668701172, 42.663898468017578 ] } },
{ "type": "Feature", "properties": { "latitude": 42.654384613037109, "longitude": 23.401315689086914, "heatmap_weight": 1, "raw_occupancy": 0 }, "geometry": { "type": "Point", "coordinates": [ 23.401315689086914, 42.654384613037109 ] } },
{ "type": "Feature", "properties": { "latitude": 42.676456451416016, "longitude": 23.288127899169922, "heatmap_weight": 16, "raw_occupancy": 3 }, "geometry": { "type": "Point", "coordinates": [ 23.288127899169922, 42.676456451416016 ] } },
{ "type": "Feature", "properties": { "latitude": 42.696434020996094, "longitude": 23.320930480957031, "heatmap_weight": 1, "raw_occupancy": 0 }, "geometry": { "type": "Point", "coordinates": [ 23.320930480957031, 42.696434020996094 ] } },
{ "type": "Feature", "properties": { "latitude": 42.694084167480469, "longitude": 23.366327285766602, "heatmap_weight": 4, "raw_occupancy": 1 }, "geometry": { "type": "Point", "coordinates": [ 23.366327285766602, 42.694084167480469 ] } },
{ "type": "Feature", "properties": { "latitude": 42.710239410400391, "longitude": 23.293373107910156, "heatmap_weight": 9, "raw_occupancy": 2 }, "geometry": { "type": "Point", "coordinates": [ 23.293373107910156, 42.710239410400391 ] } },
{ "type": "Feature", "properties": { "latitude": 42.678421020507812, "longitude": 23.333702087402344, "heatmap_weight": 9, "raw_occupancy": 2 }, "geometry": { "type": "Point", "coordinates": [ 23.333702087402344, 42.678421020507812 ] } },
{ "type": "Feature", "properties": { "latitude": 42.694610595703125, "longitude": 23.315343856811523, "heatmap_weight": 4, "raw_occupancy": 1 }, "geometry": { "type": "Point", "coordinates": [ 23.315343856811523, 42.694610595703125 ] } },
{ "type": "Feature", "properties": { "latitude": 42.700752258300781, "longitude": 23.34246826171875, "heatmap_weight": 9, "raw_occupancy": 2 }, "geometry": { "type": "Point", "coordinates": [ 23.34246826171875, 42.700752258300781 ] } },
{ "type": "Feature", "properties": { "latitude": 42.660137176513672, "longitude": 23.316898345947266, "heatmap_weight": 4, "raw_occupancy": 1 }, "geometry": { "type": "Point", "coordinates": [ 23.316898345947266, 42.660137176513672 ] } },
{ "type": "Feature", "properties": { "latitude": 42.705028533935547, "longitude": 23.317598342895508, "heatmap_weight": 1, "raw_occupancy": 0 }, "geometry": { "type": "Point", "coordinates": [ 23.317598342895508, 42.705028533935547 ] } },
{ "type": "Feature", "properties": { "latitude": 42.689590454101562, "longitude": 23.35371208190918, "heatmap_weight": 16, "raw_occupancy": 3 }, "geometry": { "type": "Point", "coordinates": [ 23.35371208190918, 42.689590454101562 ] } },
{ "type": "Feature", "properties": { "latitude": 42.620357513427734, "longitude": 23.294206619262695, "heatmap_weight": 16, "raw_occupancy": 3 }, "geometry": { "type": "Point", "coordinates": [ 23.294206619262695, 42.620357513427734 ] } },
{ "type": "Feature", "properties": { "latitude": 42.656871795654297, "longitude": 23.316396713256836, "heatmap_weight": 1, "raw_occupancy": 0 }, "geometry": { "type": "Point", "coordinates": [ 23.316396713256836, 42.656871795654297 ] } },
{ "type": "Feature", "properties": { "latitude": 42.66253662109375, "longitude": 23.345317840576172, "heatmap_weight": 9, "raw_occupancy": 2 }, "geometry": { "type": "Point", "coordinates": [ 23.345317840576172, 42.66253662109375 ] } },
{ "type": "Feature", "properties": { "latitude": 42.653064727783203, "longitude": 23.40315055847168, "heatmap_weight": 9, "raw_occupancy": 2 }, "geometry": { "type": "Point", "coordinates": [ 23.40315055847168, 42.653064727783203 ] } },
{ "type": "Feature", "properties": { "latitude": 42.702350616455078, "longitude": 23.351043701171875, "heatmap_weight": 4, "raw_occupancy": 1 }, "geometry": { "type": "Point", "coordinates": [ 23.351043701171875, 42.702350616455078 ] } },
{ "type": "Feature", "properties": { "latitude": 42.677848815917969, "longitude": 23.310104370117188, "heatmap_weight": 1, "raw_occupancy": 0 }, "geometry": { "type": "Point", "coordinates": [ 23.310104370117188, 42.677848815917969 ] } },
{ "type": "Feature", "properties": { "latitude": 42.732433319091797, "longitude": 23.252214431762695, "heatmap_weight": 4, "raw_occupancy": 1 }, "geometry": { "type": "Point", "coordinates": [ 23.252214431762695, 42.732433319091797 ] } },
{ "type": "Feature", "properties": { "latitude": 42.691364288330078, "longitude": 23.325042724609375, "heatmap_weight": 4, "raw_occupancy": 1 }, "geometry": { "type": "Point", "coordinates": [ 23.325042724609375, 42.691364288330078 ] } },
{ "type": "Feature", "properties": { "latitude": 42.674510955810547, "longitude": 23.290887832641602, "heatmap_weight": 9, "raw_occupancy": 2 }, "geometry": { "type": "Point", "coordinates": [ 23.290887832641602, 42.674510955810547 ] } },
{ "type": "Feature", "properties": { "latitude": 42.660209655761719, "longitude": 23.297477722167969, "heatmap_weight": 4, "raw_occupancy": 1 }, "geometry": { "type": "Point", "coordinates": [ 23.297477722167969, 42.660209655761719 ] } },
{ "type": "Feature", "properties": { "latitude": 42.711540222167969, "longitude": 23.191989898681641, "heatmap_weight": 4, "raw_occupancy": 1 }, "geometry": { "type": "Point", "coordinates": [ 23.191989898681641, 42.711540222167969 ] } },
{ "type": "Feature", "properties": { "latitude": 42.688236236572266, "longitude": 23.276464462280273, "heatmap_weight": 4, "raw_occupancy": 1 }, "geometry": { "type": "Point", "coordinates": [ 23.276464462280273, 42.688236236572266 ] } },
{ "type": "Feature", "properties": { "latitude": 42.668891906738281, "longitude": 23.330726623535156, "heatmap_weight": 4, "raw_occupancy": 1 }, "geometry": { "type": "Point", "coordinates": [ 23.330726623535156, 42.668891906738281 ] } },
{ "type": "Feature", "properties": { "latitude": 42.802829742431641, "longitude": 23.343692779541016, "heatmap_weight": 9, "raw_occupancy": 2 }, "geometry": { "type": "Point", "coordinates": [ 23.343692779541016, 42.802829742431641 ] } },
{ "type": "Feature", "properties": { "latitude": 42.668315887451172, "longitude": 23.319177627563477, "heatmap_weight": 4, "raw_occupancy": 1 }, "geometry": { "type": "Point", "coordinates": [ 23.319177627563477, 42.668315887451172 ] } },
{ "type": "Feature", "properties": { "latitude": 42.6888427734375, "longitude": 23.242889404296875, "heatmap_weight": 4, "raw_occupancy": 1 }, "geometry": { "type": "Point", "coordinates": [ 23.242889404296875, 42.6888427734375 ] } },
{ "type": "Feature", "properties": { "latitude": 42.685714721679688, "longitude": 23.255590438842773, "heatmap_weight": 9, "raw_occupancy": 2 }, "geometry": { "type": "Point", "coordinates": [ 23.255590438842773, 42.685714721679688 ] } },
{ "type": "Feature", "properties": { "latitude": 42.490386962890625, "longitude": 23.381597518920898, "heatmap_weight": 1, "raw_occupancy": 0 }, "geometry": { "type": "Point", "coordinates": [ 23.381597518920898, 42.490386962890625 ] } },
{ "type": "Feature", "properties": { "latitude": 42.656703948974609, "longitude": 23.325080871582031, "heatmap_weight": 1, "raw_occupancy": 0 }, "geometry": { "type": "Point", "coordinates": [ 23.325080871582031, 42.656703948974609 ] } },
{ "type": "Feature", "properties": { "latitude": 42.666912078857422, "longitude": 23.364835739135742, "heatmap_weight": 16, "raw_occupancy": 3 }, "geometry": { "type": "Point", "coordinates": [ 23.364835739135742, 42.666912078857422 ] } },
{ "type": "Feature", "properties": { "latitude": 42.710227966308594, "longitude": 23.245525360107422, "heatmap_weight": 4, "raw_occupancy": 1 }, "geometry": { "type": "Point", "coordinates": [ 23.245525360107422, 42.710227966308594 ] } },
{ "type": "Feature", "properties": { "latitude": 42.655487060546875, "longitude": 23.408166885375977, "heatmap_weight": 1, "raw_occupancy": 0 }, "geometry": { "type": "Point", "coordinates": [ 23.408166885375977, 42.655487060546875 ] } },
{ "type": "Feature", "properties": { "latitude": 42.712154388427734, "longitude": 23.301996231079102, "heatmap_weight": 4, "raw_occupancy": 1 }, "geometry": { "type": "Point", "coordinates": [ 23.301996231079102, 42.712154388427734 ] } },
{ "type": "Feature", "properties": { "latitude": 42.486930847167969, "longitude": 23.40839958190918, "heatmap_weight": 1, "raw_occupancy": 0 }, "geometry": { "type": "Point", "coordinates": [ 23.40839958190918, 42.486930847167969 ] } },
{ "type": "Feature", "properties": { "latitude": 42.687324523925781, "longitude": 23.301132202148438, "heatmap_weight": 1, "raw_occupancy": 0 }, "geometry": { "type": "Point", "coordinates": [ 23.301132202148438, 42.687324523925781 ] } },
{ "type": "Feature", "properties": { "latitude": 42.686733245849609, "longitude": 23.324741363525391, "heatmap_weight": 4, "raw_occupancy": 1 }, "geometry": { "type": "Point", "coordinates": [ 23.324741363525391, 42.686733245849609 ] } },
{ "type": "Feature", "properties": { "latitude": 42.696826934814453, "longitude": 23.347249984741211, "heatmap_weight": 9, "raw_occupancy": 2 }, "geometry": { "type": "Point", "coordinates": [ 23.347249984741211, 42.696826934814453 ] } },
{ "type": "Feature", "properties": { "latitude": 42.707973480224609, "longitude": 23.333250045776367, "heatmap_weight": 4, "raw_occupancy": 1 }, "geometry": { "type": "Point", "coordinates": [ 23.333250045776367, 42.707973480224609 ] } },
{ "type": "Feature", "properties": { "latitude": 42.676769256591797, "longitude": 23.369775772094727, "heatmap_weight": 1, "raw_occupancy": 0 }, "geometry": { "type": "Point", "coordinates": [ 23.369775772094727, 42.676769256591797 ] } },
{ "type": "Feature", "properties": { "latitude": 42.724082946777344, "longitude": 23.305047988891602, "heatmap_weight": 4, "raw_occupancy": 1 }, "geometry": { "type": "Point", "coordinates": [ 23.305047988891602, 42.724082946777344 ] } },
{ "type": "Feature", "properties": { "latitude": 42.698741912841797, "longitude": 23.33574104309082, "heatmap_weight": 4, "raw_occupancy": 1 }, "geometry": { "type": "Point", "coordinates": [ 23.33574104309082, 42.698741912841797 ] } },
{ "type": "Feature", "properties": { "latitude": 42.680088043212891, "longitude": 23.302450180053711, "heatmap_weight": 4, "raw_occupancy": 1 }, "geometry": { "type": "Point", "coordinates": [ 23.302450180053711, 42.680088043212891 ] } },
{ "type": "Feature", "properties": { "latitude": 42.742683410644531, "longitude": 23.399318695068359, "heatmap_weight": 9, "raw_occupancy": 2 }, "geometry": { "type": "Point", "coordinates": [ 23.399318695068359, 42.742683410644531 ] } },
{ "type": "Feature", "properties": { "latitude": 42.678443908691406, "longitude": 23.298622131347656, "heatmap_weight": 4, "raw_occupancy": 1 }, "geometry": { "type": "Point", "coordinates": [ 23.298622131347656, 42.678443908691406 ] } },
{ "type": "Feature", "properties": { "latitude": 42.742092132568359, "longitude": 23.278718948364258, "heatmap_weight": 4, "raw_occupancy": 1 }, "geometry": { "type": "Point", "coordinates": [ 23.278718948364258, 42.742092132568359 ] } },
{ "type": "Feature", "properties": { "latitude": 42.675464630126953, "longitude": 23.35906982421875, "heatmap_weight": 9, "raw_occupancy": 2 }, "geometry": { "type": "Point", "coordinates": [ 23.35906982421875, 42.675464630126953 ] } },
{ "type": "Feature", "properties": { "latitude": 42.742145538330078, "longitude": 23.279077529907227, "heatmap_weight": 4, "raw_occupancy": 1 }, "geometry": { "type": "Point", "coordinates": [ 23.279077529907227, 42.742145538330078 ] } },
{ "type": "Feature", "properties": { "latitude": 42.748340606689453, "longitude": 23.276960372924805, "heatmap_weight": 1, "raw_occupancy": 0 }, "geometry": { "type": "Point", "coordinates": [ 23.276960372924805, 42.748340606689453 ] } },
{ "type": "Feature", "properties": { "latitude": 42.664955139160156, "longitude": 23.272750854492188, "heatmap_weight": 9, "raw_occupancy": 2 }, "geometry": { "type": "Point", "coordinates": [ 23.272750854492188, 42.664955139160156 ] } },
{ "type": "Feature", "properties": { "latitude": 42.656822204589844, "longitude": 23.307195663452148, "heatmap_weight": 1, "raw_occupancy": 0 }, "geometry": { "type": "Point", "coordinates": [ 23.307195663452148, 42.656822204589844 ] } },
{ "type": "Feature", "properties": { "latitude": 42.707935333251953, "longitude": 23.445135116577148, "heatmap_weight": 4, "raw_occupancy": 1 }, "geometry": { "type": "Point", "coordinates": [ 23.445135116577148, 42.707935333251953 ] } },
{ "type": "Feature", "properties": { "latitude": 42.719505310058594, "longitude": 23.31025505065918, "heatmap_weight": 1, "raw_occupancy": 0 }, "geometry": { "type": "Point", "coordinates": [ 23.31025505065918, 42.719505310058594 ] } },
{ "type": "Feature", "properties": { "latitude": 42.622905731201172, "longitude": 23.377431869506836, "heatmap_weight": 1, "raw_occupancy": 0 }, "geometry": { "type": "Point", "coordinates": [ 23.377431869506836, 42.622905731201172 ] } },
{ "type": "Feature", "properties": { "latitude": 42.698783874511719, "longitude": 23.335556030273438, "heatmap_weight": 4, "raw_occupancy": 1 }, "geometry": { "type": "Point", "coordinates": [ 23.335556030273438, 42.698783874511719 ] } },
{ "type": "Feature", "properties": { "latitude": 42.707748413085938, "longitude": 23.329153060913086, "heatmap_weight": 4, "raw_occupancy": 1 }, "geometry": { "type": "Point", "coordinates": [ 23.329153060913086, 42.707748413085938 ] } },
{ "type": "Feature", "properties": { "latitude": 42.696243286132812, "longitude": 23.35174560546875, "heatmap_weight": 9, "raw_occupancy": 2 }, "geometry": { "type": "Point", "coordinates": [ 23.35174560546875, 42.696243286132812 ] } },
{ "type": "Feature", "properties": { "latitude": 42.644092559814453, "longitude": 23.341941833496094, "heatmap_weight": 1, "raw_occupancy": 0 }, "geometry": { "type": "Point", "coordinates": [ 23.341941833496094, 42.644092559814453 ] } },
{ "type": "Feature", "properties": { "latitude": 42.725246429443359, "longitude": 23.316747665405273, "heatmap_weight": 4, "raw_occupancy": 1 }, "geometry": { "type": "Point", "coordinates": [ 23.316747665405273, 42.725246429443359 ] } },
{ "type": "Feature", "properties": { "latitude": 42.705036163330078, "longitude": 23.33099365234375, "heatmap_weight": 4, "raw_occupancy": 1 }, "geometry": { "type": "Point", "coordinates": [ 23.33099365234375, 42.705036163330078 ] } },
{ "type": "Feature", "properties": { "latitude": 42.596996307373047, "longitude": 23.365877151489258, "heatmap_weight": 9, "raw_occupancy": 2 }, "geometry": { "type": "Point", "coordinates": [ 23.365877151489258, 42.596996307373047 ] } },
{ "type": "Feature", "properties": { "latitude": 42.697967529296875, "longitude": 23.321868896484375, "heatmap_weight": 4, "raw_occupancy": 1 }, "geometry": { "type": "Point", "coordinates": [ 23.321868896484375, 42.697967529296875 ] } },
{ "type": "Feature", "properties": { "latitude": 42.630577087402344, "longitude": 23.378778457641602, "heatmap_weight": 4, "raw_occupancy": 1 }, "geometry": { "type": "Point", "coordinates": [ 23.378778457641602, 42.630577087402344 ] } },
{ "type": "Feature", "properties": { "latitude": 42.66552734375, "longitude": 23.287860870361328, "heatmap_weight": 1, "raw_occupancy": 0 }, "geometry": { "type": "Point", "coordinates": [ 23.287860870361328, 42.66552734375 ] } },
{ "type": "Feature", "properties": { "latitude": 42.685157775878906, "longitude": 23.371810913085938, "heatmap_weight": 9, "raw_occupancy": 2 }, "geometry": { "type": "Point", "coordinates": [ 23.371810913085938, 42.685157775878906 ] } },
{ "type": "Feature", "properties": { "latitude": 42.711967468261719, "longitude": 23.318437576293945, "heatmap_weight": 1, "raw_occupancy": 0 }, "geometry": { "type": "Point", "coordinates": [ 23.318437576293945, 42.711967468261719 ] } },
{ "type": "Feature", "properties": { "latitude": 42.642616271972656, "longitude": 23.366628646850586, "heatmap_weight": 1, "raw_occupancy": 0 }, "geometry": { "type": "Point", "coordinates": [ 23.366628646850586, 42.642616271972656 ] } },
{ "type": "Feature", "properties": { "latitude": 42.679485321044922, "longitude": 23.283378601074219, "heatmap_weight": 4, "raw_occupancy": 1 }, "geometry": { "type": "Point", "coordinates": [ 23.283378601074219, 42.679485321044922 ] } },
{ "type": "Feature", "properties": { "latitude": 42.703125, "longitude": 23.351055145263672, "heatmap_weight": 4, "raw_occupancy": 1 }, "geometry": { "type": "Point", "coordinates": [ 23.351055145263672, 42.703125 ] } },
{ "type": "Feature", "properties": { "latitude": 42.664093017578125, "longitude": 23.302640914916992, "heatmap_weight": 16, "raw_occupancy": 3 }, "geometry": { "type": "Point", "coordinates": [ 23.302640914916992, 42.664093017578125 ] } },
{ "type": "Feature", "properties": { "latitude": 42.726417541503906, "longitude": 23.312221527099609, "heatmap_weight": 4, "raw_occupancy": 1 }, "geometry": { "type": "Point", "coordinates": [ 23.312221527099609, 42.726417541503906 ] } },
{ "type": "Feature", "properties": { "latitude": 42.754196166992188, "longitude": 23.318778991699219, "heatmap_weight": 4, "raw_occupancy": 1 }, "geometry": { "type": "Point", "coordinates": [ 23.318778991699219, 42.754196166992188 ] } },
{ "type": "Feature", "properties": { "latitude": 42.695041656494141, "longitude": 23.315286636352539, "heatmap_weight": 1, "raw_occupancy": 0 }, "geometry": { "type": "Point", "coordinates": [ 23.315286636352539, 42.695041656494141 ] } },
{ "type": "Feature", "properties": { "latitude": 42.705726623535156, "longitude": 23.323652267456055, "heatmap_weight": 4, "raw_occupancy": 1 }, "geometry": { "type": "Point", "coordinates": [ 23.323652267456055, 42.705726623535156 ] } },
{ "type": "Feature", "properties": { "latitude": 42.671161651611328, "longitude": 23.371015548706055, "heatmap_weight": 4, "raw_occupancy": 1 }, "geometry": { "type": "Point", "coordinates": [ 23.371015548706055, 42.671161651611328 ] } },
{ "type": "Feature", "properties": { "latitude": 42.696540832519531, "longitude": 23.315353393554688, "heatmap_weight": 4, "raw_occupancy": 1 }, "geometry": { "type": "Point", "coordinates": [ 23.315353393554688, 42.696540832519531 ] } },
{ "type": "Feature", "properties": { "latitude": 42.727157592773438, "longitude": 23.555135726928711, "heatmap_weight": 4, "raw_occupancy": 1 }, "geometry": { "type": "Point", "coordinates": [ 23.555135726928711, 42.727157592773438 ] } },
{ "type": "Feature", "properties": { "latitude": 42.678211212158203, "longitude": 23.285429000854492, "heatmap_weight": 4, "raw_occupancy": 1 }, "geometry": { "type": "Point", "coordinates": [ 23.285429000854492, 42.678211212158203 ] } },
{ "type": "Feature", "properties": { "latitude": 42.694194793701172, "longitude": 23.294773101806641, "heatmap_weight": 9, "raw_occupancy": 2 }, "geometry": { "type": "Point", "coordinates": [ 23.294773101806641, 42.694194793701172 ] } },
{ "type": "Feature", "properties": { "latitude": 42.699405670166016, "longitude": 23.303136825561523, "heatmap_weight": 1, "raw_occupancy": 0 }, "geometry": { "type": "Point", "coordinates": [ 23.303136825561523, 42.699405670166016 ] } },
{ "type": "Feature", "properties": { "latitude": 42.706253051757812, "longitude": 23.301357269287109, "heatmap_weight": 1, "raw_occupancy": 0 }, "geometry": { "type": "Point", "coordinates": [ 23.301357269287109, 42.706253051757812 ] } },
{ "type": "Feature", "properties": { "latitude": 42.674922943115234, "longitude": 23.30742073059082, "heatmap_weight": 4, "raw_occupancy": 1 }, "geometry": { "type": "Point", "coordinates": [ 23.30742073059082, 42.674922943115234 ] } },
{ "type": "Feature", "properties": { "latitude": 42.682132720947266, "longitude": 23.355850219726562, "heatmap_weight": 4, "raw_occupancy": 1 }, "geometry": { "type": "Point", "coordinates": [ 23.355850219726562, 42.682132720947266 ] } },
{ "type": "Feature", "properties": { "latitude": 42.660594940185547, "longitude": 23.317129135131836, "heatmap_weight": 1, "raw_occupancy": 0 }, "geometry": { "type": "Point", "coordinates": [ 23.317129135131836, 42.660594940185547 ] } },
{ "type": "Feature", "properties": { "latitude": 42.679359436035156, "longitude": 23.360960006713867, "heatmap_weight": 4, "raw_occupancy": 1 }, "geometry": { "type": "Point", "coordinates": [ 23.360960006713867, 42.679359436035156 ] } },
{ "type": "Feature", "properties": { "latitude": 42.672027587890625, "longitude": 23.394174575805664, "heatmap_weight": 9, "raw_occupancy": 2 }, "geometry": { "type": "Point", "coordinates": [ 23.394174575805664, 42.672027587890625 ] } },
{ "type": "Feature", "properties": { "latitude": 42.623931884765625, "longitude": 23.369550704956055, "heatmap_weight": 4, "raw_occupancy": 1 }, "geometry": { "type": "Point", "coordinates": [ 23.369550704956055, 42.623931884765625 ] } },
{ "type": "Feature", "properties": { "latitude": 42.663299560546875, "longitude": 23.286764144897461, "heatmap_weight": 9, "raw_occupancy": 2 }, "geometry": { "type": "Point", "coordinates": [ 23.286764144897461, 42.663299560546875 ] } },
{ "type": "Feature", "properties": { "latitude": 42.673698425292969, "longitude": 23.335140228271484, "heatmap_weight": 4, "raw_occupancy": 1 }, "geometry": { "type": "Point", "coordinates": [ 23.335140228271484, 42.673698425292969 ] } },
{ "type": "Feature", "properties": { "latitude": 42.640232086181641, "longitude": 23.376226425170898, "heatmap_weight": 9, "raw_occupancy": 2 }, "geometry": { "type": "Point", "coordinates": [ 23.376226425170898, 42.640232086181641 ] } },
{ "type": "Feature", "properties": { "latitude": 42.671913146972656, "longitude": 23.272756576538086, "heatmap_weight": 4, "raw_occupancy": 1 }, "geometry": { "type": "Point", "coordinates": [ 23.272756576538086, 42.671913146972656 ] } },
{ "type": "Feature", "properties": { "latitude": 42.732421875, "longitude": 23.312088012695312, "heatmap_weight": 4, "raw_occupancy": 1 }, "geometry": { "type": "Point", "coordinates": [ 23.312088012695312, 42.732421875 ] } },
{ "type": "Feature", "properties": { "latitude": 42.645336151123047, "longitude": 23.367588043212891, "heatmap_weight": 1, "raw_occupancy": 0 }, "geometry": { "type": "Point", "coordinates": [ 23.367588043212891, 42.645336151123047 ] } },
{ "type": "Feature", "properties": { "latitude": 42.651180267333984, "longitude": 23.375753402709961, "heatmap_weight": 4, "raw_occupancy": 1 }, "geometry": { "type": "Point", "coordinates": [ 23.375753402709961, 42.651180267333984 ] } },
{ "type": "Feature", "properties": { "latitude": 42.702022552490234, "longitude": 23.357637405395508, "heatmap_weight": 16, "raw_occupancy": 3 }, "geometry": { "type": "Point", "coordinates": [ 23.357637405395508, 42.702022552490234 ] } },
{ "type": "Feature", "properties": { "latitude": 42.670673370361328, "longitude": 23.370349884033203, "heatmap_weight": 1, "raw_occupancy": 0 }, "geometry": { "type": "Point", "coordinates": [ 23.370349884033203, 42.670673370361328 ] } },
{ "type": "Feature", "properties": { "latitude": 42.674354553222656, "longitude": 23.287197113037109, "heatmap_weight": 9, "raw_occupancy": 2 }, "geometry": { "type": "Point", "coordinates": [ 23.287197113037109, 42.674354553222656 ] } },
{ "type": "Feature", "properties": { "latitude": 42.711338043212891, "longitude": 23.370426177978516, "heatmap_weight": 1, "raw_occupancy": 0 }, "geometry": { "type": "Point", "coordinates": [ 23.370426177978516, 42.711338043212891 ] } },
{ "type": "Feature", "properties": { "latitude": 42.698238372802734, "longitude": 23.330568313598633, "heatmap_weight": 4, "raw_occupancy": 1 }, "geometry": { "type": "Point", "coordinates": [ 23.330568313598633, 42.698238372802734 ] } },
{ "type": "Feature", "properties": { "latitude": 42.731147766113281, "longitude": 23.313690185546875, "heatmap_weight": 1, "raw_occupancy": 0 }, "geometry": { "type": "Point", "coordinates": [ 23.313690185546875, 42.731147766113281 ] } },
{ "type": "Feature", "properties": { "latitude": 42.690818786621094, "longitude": 23.278532028198242, "heatmap_weight": 4, "raw_occupancy": 1 }, "geometry": { "type": "Point", "coordinates": [ 23.278532028198242, 42.690818786621094 ] } },
{ "type": "Feature", "properties": { "latitude": 42.707099914550781, "longitude": 23.382940292358398, "heatmap_weight": 1, "raw_occupancy": 0 }, "geometry": { "type": "Point", "coordinates": [ 23.382940292358398, 42.707099914550781 ] } },
{ "type": "Feature", "properties": { "latitude": 42.70513916015625, "longitude": 23.324808120727539, "heatmap_weight": 4, "raw_occupancy": 1 }, "geometry": { "type": "Point", "coordinates": [ 23.324808120727539, 42.70513916015625 ] } },
{ "type": "Feature", "properties": { "latitude": 42.656566619873047, "longitude": 23.386476516723633, "heatmap_weight": 9, "raw_occupancy": 2 }, "geometry": { "type": "Point", "coordinates": [ 23.386476516723633, 42.656566619873047 ] } },
{ "type": "Feature", "properties": { "latitude": 42.692852020263672, "longitude": 23.334373474121094, "heatmap_weight": 4, "raw_occupancy": 1 }, "geometry": { "type": "Point", "coordinates": [ 23.334373474121094, 42.692852020263672 ] } },
{ "type": "Feature", "properties": { "latitude": 42.694969177246094, "longitude": 23.32002067565918, "heatmap_weight": 16, "raw_occupancy": 3 }, "geometry": { "type": "Point", "coordinates": [ 23.32002067565918, 42.694969177246094 ] } },
{ "type": "Feature", "properties": { "latitude": 42.681423187255859, "longitude": 23.315729141235352, "heatmap_weight": 4, "raw_occupancy": 1 }, "geometry": { "type": "Point", "coordinates": [ 23.315729141235352, 42.681423187255859 ] } },
{ "type": "Feature", "properties": { "latitude": 42.645053863525391, "longitude": 23.345235824584961, "heatmap_weight": 1, "raw_occupancy": 0 }, "geometry": { "type": "Point", "coordinates": [ 23.345235824584961, 42.645053863525391 ] } },
{ "type": "Feature", "properties": { "latitude": 42.695159912109375, "longitude": 23.329477310180664, "heatmap_weight": 4, "raw_occupancy": 1 }, "geometry": { "type": "Point", "coordinates": [ 23.329477310180664, 42.695159912109375 ] } },
{ "type": "Feature", "properties": { "latitude": 42.670211791992188, "longitude": 23.365758895874023, "heatmap_weight": 4, "raw_occupancy": 1 }, "geometry": { "type": "Point", "coordinates": [ 23.365758895874023, 42.670211791992188 ] } },
{ "type": "Feature", "properties": { "latitude": 42.691997528076172, "longitude": 23.14631462097168, "heatmap_weight": 4, "raw_occupancy": 1 }, "geometry": { "type": "Point", "coordinates": [ 23.14631462097168, 42.691997528076172 ] } },
{ "type": "Feature", "properties": { "latitude": 42.670574188232422, "longitude": 23.25312614440918, "heatmap_weight": 4, "raw_occupancy": 1 }, "geometry": { "type": "Point", "coordinates": [ 23.25312614440918, 42.670574188232422 ] } },
{ "type": "Feature", "properties": { "latitude": 42.676677703857422, "longitude": 23.303245544433594, "heatmap_weight": 4, "raw_occupancy": 1 }, "geometry": { "type": "Point", "coordinates": [ 23.303245544433594, 42.676677703857422 ] } },
{ "type": "Feature", "properties": { "latitude": 42.707279205322266, "longitude": 23.299280166625977, "heatmap_weight": 9, "raw_occupancy": 2 }, "geometry": { "type": "Point", "coordinates": [ 23.299280166625977, 42.707279205322266 ] } },
{ "type": "Feature", "properties": { "latitude": 42.706821441650391, "longitude": 23.362209320068359, "heatmap_weight": 1, "raw_occupancy": 0 }, "geometry": { "type": "Point", "coordinates": [ 23.362209320068359, 42.706821441650391 ] } },
{ "type": "Feature", "properties": { "latitude": 42.699787139892578, "longitude": 23.344766616821289, "heatmap_weight": 4, "raw_occupancy": 1 }, "geometry": { "type": "Point", "coordinates": [ 23.344766616821289, 42.699787139892578 ] } },
{ "type": "Feature", "properties": { "latitude": 42.686725616455078, "longitude": 23.330650329589844, "heatmap_weight": 9, "raw_occupancy": 2 }, "geometry": { "type": "Point", "coordinates": [ 23.330650329589844, 42.686725616455078 ] } },
{ "type": "Feature", "properties": { "latitude": 42.659095764160156, "longitude": 23.327621459960938, "heatmap_weight": 1, "raw_occupancy": 0 }, "geometry": { "type": "Point", "coordinates": [ 23.327621459960938, 42.659095764160156 ] } },
{ "type": "Feature", "properties": { "latitude": 42.676704406738281, "longitude": 23.356819152832031, "heatmap_weight": 4, "raw_occupancy": 1 }, "geometry": { "type": "Point", "coordinates": [ 23.356819152832031, 42.676704406738281 ] } },
{ "type": "Feature", "properties": { "latitude": 42.687141418457031, "longitude": 23.316804885864258, "heatmap_weight": 4, "raw_occupancy": 1 }, "geometry": { "type": "Point", "coordinates": [ 23.316804885864258, 42.687141418457031 ] } },
{ "type": "Feature", "properties": { "latitude": 42.733394622802734, "longitude": 23.288276672363281, "heatmap_weight": 1, "raw_occupancy": 0 }, "geometry": { "type": "Point", "coordinates": [ 23.288276672363281, 42.733394622802734 ] } },
{ "type": "Feature", "properties": { "latitude": 42.687782287597656, "longitude": 23.32862663269043, "heatmap_weight": 4, "raw_occupancy": 1 }, "geometry": { "type": "Point", "coordinates": [ 23.32862663269043, 42.687782287597656 ] } },
{ "type": "Feature", "properties": { "latitude": 42.651317596435547, "longitude": 23.356922149658203, "heatmap_weight": 9, "raw_occupancy": 2 }, "geometry": { "type": "Point", "coordinates": [ 23.356922149658203, 42.651317596435547 ] } },
{ "type": "Feature", "properties": { "latitude": 42.722480773925781, "longitude": 23.307239532470703, "heatmap_weight": 16, "raw_occupancy": 3 }, "geometry": { "type": "Point", "coordinates": [ 23.307239532470703, 42.722480773925781 ] } },
{ "type": "Feature", "properties": { "latitude": 42.662487030029297, "longitude": 23.358617782592773, "heatmap_weight": 4, "raw_occupancy": 1 }, "geometry": { "type": "Point", "coordinates": [ 23.358617782592773, 42.662487030029297 ] } },
{ "type": "Feature", "properties": { "latitude": 42.678352355957031, "longitude": 23.290792465209961, "heatmap_weight": 16, "raw_occupancy": 3 }, "geometry": { "type": "Point", "coordinates": [ 23.290792465209961, 42.678352355957031 ] } },
{ "type": "Feature", "properties": { "latitude": 42.694808959960938, "longitude": 23.334909439086914, "heatmap_weight": 4, "raw_occupancy": 1 }, "geometry": { "type": "Point", "coordinates": [ 23.334909439086914, 42.694808959960938 ] } },
{ "type": "Feature", "properties": { "latitude": 42.698307037353516, "longitude": 23.315582275390625, "heatmap_weight": 1, "raw_occupancy": 0 }, "geometry": { "type": "Point", "coordinates": [ 23.315582275390625, 42.698307037353516 ] } },
{ "type": "Feature", "properties": { "latitude": 42.700305938720703, "longitude": 23.321750640869141, "heatmap_weight": 4, "raw_occupancy": 1 }, "geometry": { "type": "Point", "coordinates": [ 23.321750640869141, 42.700305938720703 ] } },
{ "type": "Feature", "properties": { "latitude": 42.696598052978516, "longitude": 23.309055328369141, "heatmap_weight": 4, "raw_occupancy": 1 }, "geometry": { "type": "Point", "coordinates": [ 23.309055328369141, 42.696598052978516 ] } },
{ "type": "Feature", "properties": { "latitude": 42.696880340576172, "longitude": 23.352594375610352, "heatmap_weight": 4, "raw_occupancy": 1 }, "geometry": { "type": "Point", "coordinates": [ 23.352594375610352, 42.696880340576172 ] } },
{ "type": "Feature", "properties": { "latitude": 42.695724487304688, "longitude": 23.287637710571289, "heatmap_weight": 4, "raw_occupancy": 1 }, "geometry": { "type": "Point", "coordinates": [ 23.287637710571289, 42.695724487304688 ] } },
{ "type": "Feature", "properties": { "latitude": 42.70538330078125, "longitude": 23.351167678833008, "heatmap_weight": 4, "raw_occupancy": 1 }, "geometry": { "type": "Point", "coordinates": [ 23.351167678833008, 42.70538330078125 ] } },
{ "type": "Feature", "properties": { "latitude": 42.7012939453125, "longitude": 23.376623153686523, "heatmap_weight": 1, "raw_occupancy": 0 }, "geometry": { "type": "Point", "coordinates": [ 23.376623153686523, 42.7012939453125 ] } }
]
}
