{
"type": "FeatureCollection",
"name": "bus_occupancy_period_10_13-47-52",
"crs": { "type": "name", "properties": { "name": "urn:ogc:def:crs:OGC:1.3:CRS84" } },
"features": [
{ "type": "Feature", "properties": { "latitude": 42.724342346191406, "longitude": 23.243288040161133, "heatmap_weight": 9, "raw_occupancy": 2 }, "geometry": { "type": "Point", "coordinates": [ 23.243288040161133, 42.724342346191406 ] } },
{ "type": "Feature", "properties": { "latitude": 42.660160064697266, "longitude": 23.374166488647461, "heatmap_weight": 1, "raw_occupancy": 0 }, "geometry": { "type": "Point", "coordinates": [ 23.374166488647461, 42.660160064697266 ] } },
{ "type": "Feature", "properties": { "latitude": 42.715927124023438, "longitude": 23.322860717773438, "heatmap_weight": 1, "raw_occupancy": 0 }, "geometry": { "type": "Point", "coordinates": [ 23.322860717773438, 42.715927124023438 ] } },
{ "type": "Feature", "properties": { "latitude": 42.708232879638672, "longitude": 23.145402908325195, "heatmap_weight": 4, "raw_occupancy": 1 }, "geometry": { "type": "Point", "coordinates": [ 23.145402908325195, 42.708232879638672 ] } },
{ "type": "Feature", "properties": { "latitude": 42.684116363525391, "longitude": 23.25596809387207, "heatmap_weight": 9, "raw_occupancy": 2 }, "geometry": { "type": "Point", "coordinates": [ 23.25596809387207, 42.684116363525391 ] } },
{ "type": "Feature", "properties": { "latitude": 42.655792236328125, "longitude": 23.349451065063477, "heatmap_weight": 16, "raw_occupancy": 3 }, "geometry": { "type": "Point", "coordinates": [ 23.349451065063477, 42.655792236328125 ] } },
{ "type": "Feature", "properties": { "latitude": 42.688854217529297, "longitude": 23.314817428588867, "heatmap_weight": 4, "raw_occupancy": 1 }, "geometry": { "type": "Point", "coordinates": [ 23.314817428588867, 42.688854217529297 ] } },
{ "type": "Feature", "properties": { "latitude": 42.69781494140625, "longitude": 23.351953506469727, "heatmap_weight": 4, "raw_occupancy": 1 }, "geometry": { "type": "Point", "coordinates": [ 23.351953506469727, 42.69781494140625 ] } },
{ "type": "Feature", "properties": { "latitude": 42.658218383789062, "longitude": 23.342586517333984, "heatmap_weight": 4, "raw_occupancy": 1 }, "geometry": { "type": "Point", "coordinates": [ 23.342586517333984, 42.658218383789062 ] } },
{ "type": "Feature", "properties": { "latitude": 42.700138092041016, "longitude": 23.316843032836914, "heatmap_weight": 1, "raw_occupancy": 0 }, "geometry": { "type": "Point", "coordinates": [ 23.316843032836914, 42.700138092041016 ] } },
{ "type": "Feature", "properties": { "latitude": 42.694801330566406, "longitude": 23.316652297973633, "heatmap_weight": 4, "raw_occupancy": 1 }, "geometry": { "type": "Point", "coordinates": [ 23.316652297973633, 42.694801330566406 ] } },
{ "type": "Feature", "properties": { "latitude": 42.710941314697266, "longitude": 23.336648941040039, "heatmap_weight": 4, "raw_occupancy": 1 }, "geometry": { "type": "Point", "coordinates": [ 23.336648941040039, 42.710941314697266 ] } },
{ "type": "Feature", "properties": { "latitude": 42.713241577148438, "longitude": 23.23828125, "heatmap_weight": 1, "raw_occupancy": 0 }, "geometry": { "type": "Point", "coordinates": [ 23.23828125, 42.713241577148438 ] } },
{ "type": "Feature", "properties": { "latitude": 42.600627899169922, "longitude": 23.169689178466797, "heatmap_weight": 1, "raw_occupancy": 0 }, "geometry": { "type": "Point", "coordinates": [ 23.169689178466797, 42.600627899169922 ] } },
{ "type": "Feature", "properties": { "latitude": 42.673728942871094, "longitude": 23.381477355957031, "heatmap_weight": 9, "raw_occupancy": 2 }, "geometry": { "type": "Point", "coordinates": [ 23.381477355957031, 42.673728942871094 ] } },
{ "type": "Feature", "properties": { "latitude": 42.628654479980469, "longitude": 23.375116348266602, "heatmap_weight": 4, "raw_occupancy": 1 }, "geometry": { "type": "Point", "coordinates": [ 23.375116348266602, 42.628654479980469 ] } },
{ "type": "Feature", "properties": { "latitude": 42.732479095458984, "longitude": 23.556074142456055, "heatmap_weight": 4, "raw_occupancy": 1 }, "geometry": { "type": "Point", "coordinates": [ 23.556074142456055, 42.732479095458984 ] } },
{ "type": "Feature", "properties": { "latitude": 42.704254150390625, "longitude": 23.328620910644531, "heatmap_weight": 4, "raw_occupancy": 1 }, "geometry": { "type": "Point", "coordinates": [ 23.328620910644531, 42.704254150390625 ] } },
{ "type": "Feature", "properties": { "latitude": 42.667381286621094, "longitude": 23.251457214355469, "heatmap_weight": 4, "raw_occupancy": 1 }, "geometry": { "type": "Point", "coordinates": [ 23.251457214355469, 42.667381286621094 ] } },
{ "type": "Feature", "properties": { "latitude": 42.706874847412109, "longitude": 23.323997497558594, "heatmap_weight": 4, "raw_occupancy": 1 }, "geometry": { "type": "Point", "coordinates": [ 23.323997497558594, 42.706874847412109 ] } },
{ "type": "Feature", "properties": { "latitude": 42.691841125488281, "longitude": 23.309854507446289, "heatmap_weight": 4, "raw_occupancy": 1 }, "geometry": { "type": "Point", "coordinates": [ 23.309854507446289, 42.691841125488281 ] } },
{ "type": "Feature", "properties": { "latitude": 42.673286437988281, "longitude": 23.295186996459961, "heatmap_weight": 16, "raw_occupancy": 3 }, "geometry": { "type": "Point", "coordinates": [ 23.295186996459961, 42.673286437988281 ] } },
{ "type": "Feature", "properties": { "latitude": 42.62762451171875, "longitude": 23.332155227661133, "heatmap_weight": 1, "raw_occupancy": 0 }, "geometry": { "type": "Point", "coordinates": [ 23.332155227661133, 42.62762451171875 ] } },
{ "type": "Feature", "properties": { "latitude": 42.728347778320312, "longitude": 23.318675994873047, "heatmap_weight": 4, "raw_occupancy": 1 }, "geometry": { "type": "Point", "coordinates": [ 23.318675994873047, 42.728347778320312 ] } },
{ "type": "Feature", "properties": { "latitude": 42.699005126953125, "longitude": 23.337596893310547, "heatmap_weight": 9, "raw_occupancy": 2 }, "geometry": { "type": "Point", "coordinates": [ 23.337596893310547, 42.699005126953125 ] } },
{ "type": "Feature", "properties": { "latitude": 42.697174072265625, "longitude": 23.277374267578125, "heatmap_weight": 4, "raw_occupancy": 1 }, "geometry": { "type": "Point", "coordinates": [ 23.277374267578125, 42.697174072265625 ] } },
{ "type": "Feature", "properties": { "latitude": 42.671436309814453, "longitude": 23.272214889526367, "heatmap_weight": 4, "raw_occupancy": 1 }, "geometry": { "type": "Point", "coordinates": [ 23.272214889526367, 42.671436309814453 ] } },
{ "type": "Feature", "properties": { "latitude": 42.640129089355469, "longitude": 23.375034332275391, "heatmap_weight": 4, "raw_occupancy": 1 }, "geometry": { "type": "Point", "coordinates": [ 23.375034332275391, 42.640129089355469 ] } },
{ "type": "Feature", "properties": { "latitude": 42.724929809570312, "longitude": 23.24371337890625, "heatmap_weight": 4, "raw_occupancy": 1 }, "geometry": { "type": "Point", "coordinates": [ 23.24371337890625, 42.724929809570312 ] } },
{ "type": "Feature", "properties": { "latitude": 42.696445465087891, "longitude": 23.330228805541992, "heatmap_weight": 4, "raw_occupancy": 1 }, "geometry": { "type": "Point", "coordinates": [ 23.330228805541992, 42.696445465087891 ] } },
{ "type": "Feature", "properties": { "latitude": 42.672966003417969, "longitude": 23.323600769042969, "heatmap_weight": 9, "raw_occupancy": 2 }, "geometry": { "type": "Point", "coordinates": [ 23.323600769042969, 42.672966003417969 ] } },
{ "type": "Feature", "properties": { "latitude": 42.698783874511719, "longitude": 23.336009979248047, "heatmap_weight": 4, "raw_occupancy": 1 }, "geometry": { "type": "Point", "coordinates": [ 23.336009979248047, 42.698783874511719 ] } },
{ "type": "Feature", "properties": { "latitude": 42.663177490234375, "longitude": 23.357742309570312, "heatmap_weight": 4, "raw_occupancy": 1 }, "geometry": { "type": "Point", "coordinates": [ 23.357742309570312, 42.663177490234375 ] } },
{ "type": "Feature", "properties": { "latitude": 42.662818908691406, "longitude": 23.39765739440918, "heatmap_weight": 4, "raw_occupancy": 1 }, "geometry": { "type": "Point", "coordinates": [ 23.39765739440918, 42.662818908691406 ] } },
{ "type": "Feature", "properties": { "latitude": 42.667423248291016, "longitude": 23.385610580444336, "heatmap_weight": 16, "raw_occupancy": 3 }, "geometry": { "type": "Point", "coordinates": [ 23.385610580444336, 42.667423248291016 ] } },
{ "type": "Feature", "properties": { "latitude": 42.698558807373047, "longitude": 23.33802604675293, "heatmap_weight": 4, "raw_occupancy": 1 }, "geometry": { "type": "Point", "coordinates": [ 23.33802604675293, 42.698558807373047 ] } },
{ "type": "Feature", "properties": { "latitude": 42.742252349853516, "longitude": 23.265684127807617, "heatmap_weight": 4, "raw_occupancy": 1 }, "geometry": { "type": "Point", "coordinates": [ 23.265684127807617, 42.742252349853516 ] } },
{ "type": "Feature", "properties": { "latitude": 42.739841461181641, "longitude": 23.344203948974609, "heatmap_weight": 4, "raw_occupancy": 1 }, "geometry": { "type": "Point", "coordinates": [ 23.344203948974609, 42.739841461181641 ] } },
{ "type": "Feature", "properties": { "latitude": 42.705047607421875, "longitude": 23.318683624267578, "heatmap_weight": 4, "raw_occupancy": 1 }, "geometry": { "type": "Point", "coordinates": [ 23.318683624267578, 42.705047607421875 ] } },
{ "type": "Feature", "properties": { "latitude": 42.654960632324219, "longitude": 23.381278991699219, "heatmap_weight": 4, "raw_occupancy": 1 }, "geometry": { "type": "Point", "coordinates": [ 23.381278991699219, 42.654960632324219 ] } },
{ "type": "Feature", "properties": { "latitude": 42.657447814941406, "longitude": 23.337242126464844, "heatmap_weight": 9, "raw_occupancy": 2 }, "geometry": { "type": "Point", "coordinates": [ 23.337242126464844, 42.657447814941406 ] } },
{ "type": "Feature", "properties": { "latitude": 42.670078277587891, "longitude": 23.383123397827148, "heatmap_weight": 1, "raw_occupancy": 0 }, "geometry": { "type": "Point", "coordinates": [ 23.383123397827148, 42.670078277587891 ] } },
{ "type": "Feature", "properties": { "latitude": 42.645362854003906, "longitude": 23.367549896240234, "heatmap_weight": 4, "raw_occupancy": 1 }, "geometry": { "type": "Point", "coordinates": [ 23.367549896240234, 42.645362854003906 ] } },
{ "type": "Feature", "properties": { "latitude": 42.658092498779297, "longitude": 23.328460693359375, "heatmap_weight": 4, "raw_occupancy": 1 }, "geometry": { "type": "Point", "coordinates": [ 23.328460693359375, 42.658092498779297 ] } },
{ "type": "Feature", "properties": { "latitude": 42.649150848388672, "longitude": 23.377607345581055, "heatmap_weight": 9, "raw_occupancy": 2 }, "geometry": { "type": "Point", "coordinates": [ 23.377607345581055, 42.649150848388672 ] } },
{ "type": "Feature", "properties": { "latitude": 42.732269287109375, "longitude": 23.296287536621094, "heatmap_weight": 4, "raw_occupancy": 1 }, "geometry": { "type": "Point", "coordinates": [ 23.296287536621094, 42.732269287109375 ] } },
{ "type": "Feature", "properties": { "latitude": 42.689411163330078, "longitude": 23.32745361328125, "heatmap_weight": 9, "raw_occupancy": 2 }, "geometry": { "type": "Point", "coordinates": [ 23.32745361328125, 42.689411163330078 ] } },
{ "type": "Feature", "properties": { "latitude": 42.654003143310547, "longitude": 23.463409423828125, "heatmap_weight": 1, "raw_occupancy": 0 }, "geometry": { "type": "Point", "coordinates": [ 23.463409423828125, 42.654003143310547 ] } },
{ "type": "Feature", "properties": { "latitude": 42.725414276123047, "longitude": 23.260776519775391, "heatmap_weight": 1, "raw_occupancy": 0 }, "geometry": { "type": "Point", "coordinates": [ 23.260776519775391, 42.725414276123047 ] } },
{ "type": "Feature", "properties": { "latitude": 42.586524963378906, "longitude": 23.360002517700195, "heatmap_weight": 1, "raw_occupancy": 0 }, "geometry": { "type": "Point", "coordinates": [ 23.360002517700195, 42.586524963378906 ] } },
{ "type": "Feature", "properties": { "latitude": 42.694942474365234, "longitude": 23.334943771362305, "heatmap_weight": 9, "raw_occupancy": 2 }, "geometry": { "type": "Point", "coordinates": [ 23.334943771362305, 42.694942474365234 ] } },
{ "type": "Feature", "properties": { "latitude": 42.703388214111328, "longitude": 23.38688850402832, "heatmap_weight": 1, "raw_occupancy": 0 }, "geometry": { "type": "Point", "coordinates": [ 23.38688850402832, 42.703388214111328 ] } },
{ "type": "Feature", "properties": { "latitude": 42.671436309814453, "longitude": 23.273157119750977, "heatmap_weight": 9, "raw_occupancy": 2 }, "geometry": { "type": "Point", "coordinates": [ 23.273157119750977, 42.671436309814453 ] } },
{ "type": "Feature", "properties": { "latitude": 42.686550140380859, "longitude": 23.330867767333984, "heatmap_weight": 4, "raw_occupancy": 1 }, "geometry": { "type": "Point", "coordinates": [ 23.330867767333984, 42.686550140380859 ] } },
{ "type": "Feature", "properties": { "latitude": 42.6641845703125, "longitude": 23.410064697265625, "heatmap_weight": 4, "raw_occupancy": 1 }, "geometry": { "type": "Point", "coordinates": [ 23.410064697265625, 42.6641845703125 ] } },
{ "type": "Feature", "properties": { "latitude": 42.686931610107422, "longitude": 23.342453002929688, "heatmap_weight": 16, "raw_occupancy": 3 }, "geometry": { "type": "Point", "coordinates": [ 23.342453002929688, 42.686931610107422 ] } },
{ "type": "Feature", "properties": { "latitude": 42.660633087158203, "longitude": 23.350313186645508, "heatmap_weight": 4, "raw_occupancy": 1 }, "geometry": { "type": "Point", "coordinates": [ 23.350313186645508, 42.660633087158203 ] } },
{ "type": "Feature", "properties": { "latitude": 42.676139831542969, "longitude": 23.359537124633789, "heatmap_weight": 1, "raw_occupancy": 0 }, "geometry": { "type": "Point", "coordinates": [ 23.359537124633789, 42.676139831542969 ] } },
{ "type": "Feature", "properties": { "latitude": 42.688583374023438, "longitude": 23.340463638305664, "heatmap_weight": 4, "raw_occupancy": 1 }, "geometry": { "type": "Point", "coordinates": [ 23.340463638305664, 42.688583374023438 ] } },
{ "type": "Feature", "properties": { "latitude": 42.688388824462891, "longitude": 23.328445434570312, "heatmap_weight": 1, "raw_occupancy": 0 }, "geometry": { "type": "Point", "coordinates": [ 23.328445434570312, 42.688388824462891 ] } },
{ "type": "Feature", "properties": { "latitude": 42.689750671386719, "longitude": 23.306234359741211, "heatmap_weight": 4, "raw_occupancy": 1 }, "geometry": { "type": "Point", "coordinates": [ 23.306234359741211, 42.689750671386719 ] } },
{ "type": "Feature", "properties": { "latitude": 42.7060546875, "longitude": 23.312555313110352, "heatmap_weight": 9, "raw_occupancy": 2 }, "geometry": { "type": "Point", "coordinates": [ 23.312555313110352, 42.7060546875 ] } },
{ "type": "Feature", "properties": { "latitude": 42.6424560546875, "longitude": 23.367191314697266, "heatmap_weight": 4, "raw_occupancy": 1 }, "geometry": { "type": "Point", "coordinates": [ 23.367191314697266, 42.6424560546875 ] } },
{ "type": "Feature", "properties": { "latitude": 42.703414916992188, "longitude": 23.32347297668457, "heatmap_weight": 4, "raw_occupancy": 1 }, "geometry": { "type": "Point", "coordinates": [ 23.32347297668457, 42.703414916992188 ] } },
{ "type": "Feature", "properties": { "latitude": 42.692764282226562, "longitude": 23.334842681884766, "heatmap_weight": 25, "raw_occupancy": 4 }, "geometry": { "type": "Point", "coordinates": [ 23.334842681884766, 42.692764282226562 ] } },
{ "type": "Feature", "properties": { "latitude": 42.673770904541016, "longitude": 23.360979080200195, "heatmap_weight": 4, "raw_occupancy": 1 }, "geometry": { "type": "Point", "coordinates": [ 23.360979080200195, 42.673770904541016 ] } },
{ "type": "Feature", "properties": { "latitude": 42.712364196777344, "longitude": 23.317209243774414, "heatmap_weight": 1, "raw_occupancy": 0 }, "geometry": { "type": "Point", "coordinates": [ 23.317209243774414, 42.712364196777344 ] } },
{ "type": "Feature", "properties": { "latitude": 42.683887481689453, "longitude": 23.322559356689453, "heatmap_weight": 1, "raw_occupancy": 0 }, "geometry": { "type": "Point", "coordinates": [ 23.322559356689453, 42.683887481689453 ] } },
{ "type": "Feature", "properties": { "latitude": 42.696517944335938, "longitude": 23.340366363525391, "heatmap_weight": 4, "raw_occupancy": 1 }, "geometry": { "type": "Point", "coordinates": [ 23.340366363525391, 42.696517944335938 ] } },
{ "type": "Feature", "properties": { "latitude": 42.846839904785156, "longitude": 23.271110534667969, "heatmap_weight": 4, "raw_occupancy": 1 }, "geometry": { "type": "Point", "coordinates": [ 23.271110534667969, 42.846839904785156 ] } },
{ "type": "Feature", "properties": { "latitude": 42.720664978027344, "longitude": 23.09535026550293, "heatmap_weight": 1, "raw_occupancy": 0 }, "geometry": { "type": "Point", "coordinates": [ 23.09535026550293, 42.720664978027344 ] } },
{ "type": "Feature", "properties": { "latitude": 42.670146942138672, "longitude": 23.320163726806641, "heatmap_weight": 9, "raw_occupancy": 2 }, "geometry": { "type": "Point", "coordinates": [ 23.320163726806641, 42.670146942138672 ] } },
{ "type": "Feature", "properties": { "latitude": 42.700653076171875, "longitude": 23.313640594482422, "heatmap_weight": 1, "raw_occupancy": 0 }, "geometry": { "type": "Point", "coordinates": [ 23.313640594482422, 42.700653076171875 ] } },
{ "type": "Feature", "properties": { "latitude": 42.652027130126953, "longitude": 23.347766876220703, "heatmap_weight": 9, "raw_occupancy": 2 }, "geometry": { "type": "Point", "coordinates": [ 23.347766876220703, 42.652027130126953 ] } },
{ "type": "Feature", "properties": { "latitude": 42.717849731445312, "longitude": 23.338954925537109, "heatmap_weight": 9, "raw_occupancy": 2 }, "geometry": { "type": "Point", "coordinates": [ 23.338954925537109, 42.717849731445312 ] } },
{ "type": "Feature", "properties": { "latitude": 42.707096099853516, "longitude": 23.312704086303711, "heatmap_weight": 9, "raw_occupancy": 2 }, "geometry": { "type": "Point", "coordinates": [ 23.312704086303711, 42.707096099853516 ] } },
{ "type": "Feature", "properties": { "latitude": 42.668731689453125, "longitude": 23.24308967590332, "heatmap_weight": 1, "raw_occupancy": 0 }, "geometry": { "type": "Point", "coordinates": [ 23.24308967590332, 42.668731689453125 ] } },
{ "type": "Feature", "properties": { "latitude": 42.675434112548828, "longitude": 23.359071731567383, "heatmap_weight": 16, "raw_occupancy": 3 }, "geometry": { "type": "Point", "coordinates": [ 23.359071731567383, 42.675434112548828 ] } },
{ "type": "Feature", "properties": { "latitude": 42.696578979492188, "longitude": 23.351871490478516, "heatmap_weight": 9, "raw_occupancy": 2 }, "geometry": { "type": "Point", "coordinates": [ 23.351871490478516, 42.696578979492188 ] } },
{ "type": "Feature", "properties": { "latitude": 42.619152069091797, "longitude": 23.226049423217773, "heatmap_weight": 4, "raw_occupancy": 1 }, "geometry": { "type": "Point", "coordinates": [ 23.226049423217773, 42.619152069091797 ] } },
{ "type": "Feature", "properties": { "latitude": 42.675449371337891, "longitude": 23.289581298828125, "heatmap_weight": 9, "raw_occupancy": 2 }, "geometry": { "type": "Point", "coordinates": [ 23.289581298828125, 42.675449371337891 ] } },
{ "type": "Feature", "properties": { "latitude": 42.664028167724609, "longitude": 23.356607437133789, "heatmap_weight": 1, "raw_occupancy": 0 }, "geometry": { "type": "Point", "coordinates": [ 23.356607437133789, 42.664028167724609 ] } },
{ "type": "Feature", "properties": { "latitude": 42.606033325195312, "longitude": 23.470527648925781, "heatmap_weight": 4, "raw_occupancy": 1 }, "geometry": { "type": "Point", "coordinates": [ 23.470527648925781, 42.606033325195312 ] } },
{ "type": "Feature", "properties": { "latitude": 42.661525726318359, "longitude": 23.250455856323242, "heatmap_weight": 1, "raw_occupancy": 0 }, "geometry": { "type": "Point", "coordinates": [ 23.250455856323242, 42.661525726318359 ] } },
{ "type": "Feature", "properties": { "latitude": 42.714759826660156, "longitude": 23.310503005981445, "heatmap_weight": 4, "raw_occupancy": 1 }, "geometry": { "type": "Point", "coordinates": [ 23.310503005981445, 42.714759826660156 ] } },
{ "type": "Feature", "properties": { "latitude": 42.706806182861328, "longitude": 23.337642669677734, "heatmap_weight": 4, "raw_occupancy": 1 }, "geometry": { "type": "Point", "coordinates": [ 23.337642669677734, 42.706806182861328 ] } },
{ "type": "Feature", "properties": { "latitude": 42.710624694824219, "longitude": 23.385047912597656, "heatmap_weight": 4, "raw_occupancy": 1 }, "geometry": { "type": "Point", "coordinates": [ 23.385047912597656, 42.710624694824219 ] } },
{ "type": "Feature", "properties": { "latitude": 42.708728790283203, "longitude": 23.399440765380859, "heatmap_weight": 4, "raw_occupancy": 1 }, "geometry": { "type": "Point", "coordinates": [ 23.399440765380859, 42.708728790283203 ] } },
{ "type": "Feature", "properties": { "latitude": 42.670158386230469, "longitude": 23.369680404663086, "heatmap_weight": 9, "raw_occupancy": 2 }, "geometry": { "type": "Point", "coordinates": [ 23.369680404663086, 42.670158386230469 ] } },
{ "type": "Feature", "properties": { "latitude": 42.677299499511719, "longitude": 23.368309020996094, "heatmap_weight": 4, "raw_occupancy": 1 }, "geometry": { "type": "Point", "coordinates": [ 23.368309020996094, 42.677299499511719 ] } },
{ "type": "Feature", "properties": { "latitude": 42.638298034667969, "longitude": 23.406444549560547, "heatmap_weight": 9, "raw_occupancy": 2 }, "geometry": { "type": "Point", "coordinates": [ 23.406444549560547, 42.638298034667969 ] } },
{ "type": "Feature", "properties": { "latitude": 42.701744079589844, "longitude": 23.350002288818359, "heatmap_weight": 4, "raw_occupancy": 1 }, "geometry": { "type": "Point", "coordinates": [ 23.350002288818359, 42.701744079589844 ] } },
{ "type": "Feature", "properties": { "latitude": 42.73681640625, "longitude": 23.31756591796875, "heatmap_weight": 1, "raw_occupancy": 0 }, "geometry": { "type": "Point", "coordinates": [ 23.31756591796875, 42.73681640625 ] } },
{ "type": "Feature", "properties": { "latitude": 42.673919677734375, "longitude": 23.295795440673828, "heatmap_weight": 4, "raw_occupancy": 1 }, "geometry": { "type": "Point", "coordinates": [ 23.295795440673828, 42.673919677734375 ] } },
{ "type": "Feature", "properties": { "latitude": 42.694229125976562, "longitude": 23.355087280273438, "heatmap_weight": 16, "raw_occupancy": 3 }, "geometry": { "type": "Point", "coordinates": [ 23.355087280273438, 42.694229125976562 ] } },
{ "type": "Feature", "properties": { "latitude": 42.648651123046875, "longitude": 23.394222259521484, "heatmap_weight": 4, "raw_occupancy": 1 }, "geometry": { "type": "Point", "coordinates": [ 23.394222259521484, 42.648651123046875 ] } },
{ "type": "Feature", "properties": { "latitude": 42.684486389160156, "longitude": 23.330705642700195, "heatmap_weight": 9, "raw_occupancy": 2 }, "geometry": { "type": "Point", "coordinates": [ 23.330705642700195, 42.684486389160156 ] } },
{ "type": "Feature", "properties": { "latitude": 42.722206115722656, "longitude": 23.270523071289062, "heatmap_weight": 9, "raw_occupancy": 2 }, "geometry": { "type": "Point", "coordinates": [ 23.270523071289062, 42.722206115722656 ] } },
{ "type": "Feature", "properties": { "latitude": 42.694019317626953, "longitude": 23.346715927124023, "heatmap_weight": 9, "raw_occupancy": 2 }, "geometry": { "type": "Point", "coordinates": [ 23.346715927124023, 42.694019317626953 ] } },
{ "type": "Feature", "properties": { "latitude": 42.71044921875, "longitude": 23.380176544189453, "heatmap_weight": 4, "raw_occupancy": 1 }, "geometry": { "type": "Point", "coordinates": [ 23.380176544189453, 42.71044921875 ] } },
{ "type": "Feature", "properties": { "latitude": 42.652351379394531, "longitude": 23.347354888916016, "heatmap_weight": 9, "raw_occupancy": 2 }, "geometry": { "type": "Point", "coordinates": [ 23.347354888916016, 42.652351379394531 ] } },
{ "type": "Feature", "properties": { "latitude": 42.694759368896484, "longitude": 23.334917068481445, "heatmap_weight": 4, "raw_occupancy": 1 }, "geometry": { "type": "Point", "coordinates": [ 23.334917068481445, 42.694759368896484 ] } },
{ "type": "Feature", "properties": { "latitude": 42.810337066650391, "longitude": 23.25694465637207, "heatmap_weight": 1, "raw_occupancy": 0 }, "geometry": { "type": "Point", "coordinates": [ 23.25694465637207, 42.810337066650391 ] } },
{ "type": "Feature", "properties": { "latitude": 42.648471832275391, "longitude": 23.403932571411133, "heatmap_weight": 1, "raw_occupancy": 0 }, "geometry": { "type": "Point", "coordinates": [ 23.403932571411133, 42.648471832275391 ] } },
{ "type": "Feature", "properties": { "latitude": 42.687366485595703, "longitude": 23.300922393798828, "heatmap_weight": 9, "raw_occupancy": 2 }, "geometry": { "type": "Point", "coordinates": [ 23.300922393798828, 42.687366485595703 ] } },
{ "type": "Feature", "properties": { "latitude": 42.740619659423828, "longitude": 23.318058013916016, "heatmap_weight": 4, "raw_occupancy": 1 }, "geometry": { "type": "Point", "coordinates": [ 23.318058013916016, 42.740619659423828 ] } },
{ "type": "Feature", "properties": { "latitude": 42.678215026855469, "longitude": 23.333820343017578, "heatmap_weight": 16, "raw_occupancy": 3 }, "geometry": { "type": "Point", "coordinates": [ 23.333820343017578, 42.678215026855469 ] } },
{ "type": "Feature", "properties": { "latitude": 42.700721740722656, "longitude": 23.342067718505859, "heatmap_weight": 9, "raw_occupancy": 2 }, "geometry": { "type": "Point", "coordinates": [ 23.342067718505859, 42.700721740722656 ] } },
{ "type": "Feature", "properties": { "latitude": 42.630706787109375, "longitude": 23.194067001342773, "heatmap_weight": 4, "raw_occupancy": 1 }, "geometry": { "type": "Point", "coordinates": [ 23.194067001342773, 42.630706787109375 ] } },
{ "type": "Feature", "properties": { "latitude": 42.715091705322266, "longitude": 23.252878189086914, "heatmap_weight": 9, "raw_occupancy": 2 }, "geometry": { "type": "Point", "coordinates": [ 23.252878189086914, 42.715091705322266 ] } },
{ "type": "Feature", "properties": { "latitude": 42.712497711181641, "longitude": 23.31690788269043, "heatmap_weight": 1, "raw_occupancy": 0 }, "geometry": { "type": "Point", "coordinates": [ 23.31690788269043, 42.712497711181641 ] } },
{ "type": "Feature", "properties": { "latitude": 42.657493591308594, "longitude": 23.312591552734375, "heatmap_weight": 9, "raw_occupancy": 2 }, "geometry": { "type": "Point", "coordinates": [ 23.312591552734375, 42.657493591308594 ] } },
{ "type": "Feature", "properties": { "latitude": 42.689247131347656, "longitude": 23.313594818115234, "heatmap_weight": 4, "raw_occupancy": 1 }, "geometry": { "type": "Point", "coordinates": [ 23.313594818115234, 42.689247131347656 ] } },
{ "type": "Feature", "properties": { "latitude": 42.701889038085938, "longitude": 23.355892181396484, "heatmap_weight": 4, "raw_occupancy": 1 }, "geometry": { "type": "Point", "coordinates": [ 23.355892181396484, 42.701889038085938 ] } },
{ "type": "Feature", "properties": { "latitude": 42.657421112060547, "longitude": 23.359058380126953, "heatmap_weight": 16, "raw_occupancy": 3 }, "geometry": { "type": "Point", "coordinates": [ 23.359058380126953, 42.657421112060547 ] } },
{ "type": "Feature", "properties": { "latitude": 42.712875366210938, "longitude": 23.228916168212891, "heatmap_weight": 9, "raw_occupancy": 2 }, "geometry": { "type": "Point", "coordinates": [ 23.228916168212891, 42.712875366210938 ] } },
{ "type": "Feature", "properties": { "latitude": 42.717769622802734, "longitude": 23.278348922729492, "heatmap_weight": 4, "raw_occupancy": 1 }, "geometry": { "type": "Point", "coordinates": [ 23.278348922729492, 42.717769622802734 ] } },
{ "type": "Feature", "properties": { "latitude": 42.648723602294922, "longitude": 23.295774459838867, "heatmap_weight": 9, "raw_occupancy": 2 }, "geometry": { "type": "Point", "coordinates": [ 23.295774459838867, 42.648723602294922 ] } },
{ "type": "Feature", "properties": { "latitude": 42.695438385009766, "longitude": 23.335723876953125, "heatmap_weight": 4, "raw_occupancy": 1 }, "geometry": { "type": "Point", "coordinates": [ 23.335723876953125, 42.695438385009766 ] } },
{ "type": "Feature", "properties": { "latitude": 42.680438995361328, "longitude": 23.371971130371094, "heatmap_weight": 4, "raw_occupancy": 1 }, "geometry": { "type": "Point", "coordinates": [ 23.371971130371094, 42.680438995361328 ] } },
{ "type": "Feature", "properties": { "latitude": 42.646148681640625, "longitude": 23.368276596069336, "heatmap_weight": 4, "raw_occupancy": 1 }, "geometry": { "type": "Point", "coordinates": [ 23.368276596069336, 42.646148681640625 ] } },
{ "type": "Feature", "properties": { "latitude": 42.697101593017578, "longitude": 23.359014511108398, "heatmap_weight": 4, "raw_occupancy": 1 }, "geometry": { "type": "Point", "coordinates": [ 23.359014511108398, 42.697101593017578 ] } },
{ "type": "Feature", "properties": { "latitude": 42.606002807617188, "longitude": 23.367040634155273, "heatmap_weight": 4, "raw_occupancy": 1 }, "geometry": { "type": "Point", "coordinates": [ 23.367040634155273, 42.606002807617188 ] } },
{ "type": "Feature", "properties": { "latitude": 42.705909729003906, "longitude": 23.317667007446289, "heatmap_weight": 4, "raw_occupancy": 1 }, "geometry": { "type": "Point", "coordinates": [ 23.317667007446289, 42.705909729003906 ] } },
{ "type": "Feature", "properties": { "latitude": 42.664669036865234, "longitude": 23.265874862670898, "heatmap_weight": 9, "raw_occupancy": 2 }, "geometry": { "type": "Point", "coordinates": [ 23.265874862670898, 42.664669036865234 ] } },
{ "type": "Feature", "properties": { "latitude": 42.674839019775391, "longitude": 23.290323257446289, "heatmap_weight": 9, "raw_occupancy": 2 }, "geometry": { "type": "Point", "coordinates": [ 23.290323257446289, 42.674839019775391 ] } },
{ "type": "Feature", "properties": { "latitude": 42.696556091308594, "longitude": 23.320877075195312, "heatmap_weight": 1, "raw_occupancy": 0 }, "geometry": { "type": "Point", "coordinates": [ 23.320877075195312, 42.696556091308594 ] } },
{ "type": "Feature", "properties": { "latitude": 42.713848114013672, "longitude": 23.313161849975586, "heatmap_weight": 4, "raw_occupancy": 1 }, "geometry": { "type": "Point", "coordinates": [ 23.313161849975586, 42.713848114013672 ] } },
{ "type": "Feature", "properties": { "latitude": 42.656829833984375, "longitude": 23.308902740478516, "heatmap_weight": 9, "raw_occupancy": 2 }, "geometry": { "type": "Point", "coordinates": [ 23.308902740478516, 42.656829833984375 ] } },
{ "type": "Feature", "properties": { "latitude": 42.695186614990234, "longitude": 23.364696502685547, "heatmap_weight": 9, "raw_occupancy": 2 }, "geometry": { "type": "Point", "coordinates": [ 23.364696502685547, 42.695186614990234 ] } },
{ "type": "Feature", "properties": { "latitude": 42.660491943359375, "longitude": 23.415155410766602, "heatmap_weight": 1, "raw_occupancy": 0 }, "geometry": { "type": "Point", "coordinates": [ 23.415155410766602, 42.660491943359375 ] } },
{ "type": "Feature", "properties": { "latitude": 42.734077453613281, "longitude": 23.309497833251953, "heatmap_weight": 4, "raw_occupancy": 1 }, "geometry": { "type": "Point", "coordinates": [ 23.309497833251953, 42.734077453613281 ] } },
{ "type": "Feature", "properties": { "latitude": 42.705135345458984, "longitude": 23.35791015625, "heatmap_weight": 4, "raw_occupancy": 1 }, "geometry": { "type": "Point", "coordinates": [ 23.35791015625, 42.705135345458984 ] } },
{ "type": "Feature", "properties": { "latitude": 42.714000701904297, "longitude": 23.298427581787109, "heatmap_weight": 9, "raw_occupancy": 2 }, "geometry": { "type": "Point", "coordinates": [ 23.298427581787109, 42.714000701904297 ] } },
{ "type": "Feature", "properties": { "latitude": 42.660953521728516, "longitude": 23.316783905029297, "heatmap_weight": 4, "raw_occupancy": 1 }, "geometry": { "type": "Point", "coordinates": [ 23.316783905029297, 42.660953521728516 ] } },
{ "type": "Feature", "properties": { "latitude": 42.674430847167969, "longitude": 23.360458374023438, "heatmap_weight": 9, "raw_occupancy": 2 }, "geometry": { "type": "Point", "coordinates": [ 23.360458374023438, 42.674430847167969 ] } },
{ "type": "Feature", "properties": { "latitude": 42.669464111328125, "longitude": 23.280038833618164, "heatmap_weight": 9, "raw_occupancy": 2 }, "geometry": { "type": "Point", "coordinates": [ 23.280038833618164, 42.669464111328125 ] } },
{ "type": "Feature", "properties": { "latitude": 42.663650512695312, "longitude": 23.296808242797852, "heatmap_weight": 4, "raw_occupancy": 1 }, "geometry": { "type": "Point", "coordinates": [ 23.296808242797852, 42.663650512695312 ] } },
{ "type": "Feature", "properties": { "latitude": 42.630046844482422, "longitude": 23.374147415161133, "heatmap_weight": 4, "raw_occupancy": 1 }, "geometry": { "type": "Point", "coordinates": [ 23.374147415161133, 42.630046844482422 ] } },
{ "type": "Feature", "properties": { "latitude": 42.696681976318359, "longitude": 23.351642608642578, "heatmap_weight": 9, "raw_occupancy": 2 }, "geometry": { "type": "Point", "coordinates": [ 23.351642608642578, 42.696681976318359 ] } },
{ "type": "Feature", "properties": { "latitude": 42.690944671630859, "longitude": 23.336851119995117, "heatmap_weight": 4, "raw_occupancy": 1 }, "geometry": { "type": "Point", "coordinates": [ 23.336851119995117, 42.690944671630859 ] } },
{ "type": "Feature", "properties": { "latitude": 42.650165557861328, "longitude": 23.341962814331055, "heatmap_weight": 4, "raw_occupancy": 1 }, "geometry": { "type": "Point", "coordinates": [ 23.341962814331055, 42.650165557861328 ] } },
{ "type": "Feature", "properties": { "latitude": 42.746833801269531, "longitude": 23.274911880493164, "heatmap_weight": 1, "raw_occupancy": 0 }, "geometry": { "type": "Point", "coordinates": [ 23.274911880493164, 42.746833801269531 ] } },
{ "type": "Feature", "properties": { "latitude": 42.624340057373047, "longitude": 23.370819091796875, "heatmap_weight": 9, "raw_occupancy": 2 }, "geometry": { "type": "Point", "coordinates": [ 23.370819091796875, 42.624340057373047 ] } },
{ "type": "Feature", "properties": { "latitude": 42.719528198242188, "longitude": 23.090261459350586, "heatmap_weight": 1, "raw_occupancy": 0 }, "geometry": { "type": "Point", "coordinates": [ 23.090261459350586, 42.719528198242188 ] } },
{ "type": "Feature", "properties": { "latitude": 42.700420379638672, "longitude": 23.314994812011719, "heatmap_weight": 9, "raw_occupancy": 2 }, "geometry": { "type": "Point", "coordinates": [ 23.314994812011719, 42.700420379638672 ] } },
{ "type": "Feature", "properties": { "latitude": 42.696773529052734, "longitude": 23.35444450378418, "heatmap_weight": 4, "raw_occupancy": 1 }, "geometry": { "type": "Point", "coordinates": [ 23.35444450378418, 42.696773529052734 ] } },
{ "type": "Feature", "properties": { "latitude": 42.714191436767578, "longitude": 23.306980133056641, "heatmap_weight": 4, "raw_occupancy": 1 }, "geometry": { "type": "Point", "coordinates": [ 23.306980133056641, 42.714191436767578 ] } },
{ "type": "Feature", "properties": { "latitude": 42.649429321289062, "longitude": 23.26447868347168, "heatmap_weight": 4, "raw_occupancy": 1 }, "geometry": { "type": "Point", "coordinates": [ 23.26447868347168, 42.649429321289062 ] } },
{ "type": "Feature", "properties": { "latitude": 42.650360107421875, "longitude": 23.335613250732422, "heatmap_weight": 4, "raw_occupancy": 1 }, "geometry": { "type": "Point", "coordinates": [ 23.335613250732422, 42.650360107421875 ] } },
{ "type": "Feature", "properties": { "latitude": 42.685409545898438, "longitude": 23.304840087890625, "heatmap_weight": 4, "raw_occupancy": 1 }, "geometry": { "type": "Point", "coordinates": [ 23.304840087890625, 42.685409545898438 ] } },
{ "type": "Feature", "properties": { "latitude": 42.683483123779297, "longitude": 23.242639541625977, "heatmap_weight": 1, "raw_occupancy": 0 }, "geometry": { "type": "Point", "coordinates": [ 23.242639541625977, 42.683483123779297 ] } },
{ "type": "Feature", "properties": { "latitude": 42.753543853759766, "longitude": 23.320735931396484, "heatmap_weight": 1, "raw_occupancy": 0 }, "geometry": { "type": "Point", "coordinates": [ 23.320735931396484, 42.753543853759766 ] } },
{ "type": "Feature", "properties": { "latitude": 42.643444061279297, "longitude": 23.399938583374023, "heatmap_weight": 16, "raw_occupancy": 3 }, "geometry": { "type": "Point", "coordinates": [ 23.399938583374023, 42.643444061279297 ] } },
{ "type": "Feature", "properties": { "latitude": 42.679702758789062, "longitude": 23.303298950195312, "heatmap_weight": 4, "raw_occupancy": 1 }, "geometry": { "type": "Point", "coordinates": [ 23.303298950195312, 42.679702758789062 ] } },
{ "type": "Feature", "properties": { "latitude": 42.712665557861328, "longitude": 23.316226959228516, "heatmap_weight": 1, "raw_occupancy": 0 }, "geometry": { "type": "Point", "coordinates": [ 23.316226959228516, 42.712665557861328 ] } },
{ "type": "Feature", "properties": { "latitude": 42.646995544433594, "longitude": 23.345748901367188, "heatmap_weight": 1, "raw_occupancy": 0 }, "geometry": { "type": "Point", "coordinates": [ 23.345748901367188, 42.646995544433594 ] } },
{ "type": "Feature", "properties": { "latitude": 42.6781005859375, "longitude": 23.326858520507812, "heatmap_weight": 4, "raw_occupancy": 1 }, "geometry": { "type": "Point", "coordinates": [ 23.326858520507812, 42.6781005859375 ] } },
{ "type": "Feature", "properties": { "latitude": 42.687156677246094, "longitude": 23.310691833496094, "heatmap_weight": 9, "raw_occupancy": 2 }, "geometry": { "type": "Point", "coordinates": [ 23.310691833496094, 42.687156677246094 ] } },
{ "type": "Feature", "properties": { "latitude": 42.665771484375, "longitude": 23.40699577331543, "heatmap_weight": 1, "raw_occupancy": 0 }, "geometry": { "type": "Point", "coordinates": [ 23.40699577331543, 42.665771484375 ] } },
{ "type": "Feature", "properties": { "latitude": 42.66119384765625, "longitude": 23.352005004882812, "heatmap_weight": 16, "raw_occupancy": 3 }, "geometry": { "type": "Point", "coordinates": [ 23.352005004882812, 42.66119384765625 ] } },
{ "type": "Feature", "properties": { "latitude": 42.671035766601562, "longitude": 23.39362907409668, "heatmap_weight": 4, "raw_occupancy": 1 }, "geometry": { "type": "Point", "coordinates": [ 23.39362907409668, 42.671035766601562 ] } },
{ "type": "Feature", "properties": { "latitude": 42.696792602539062, "longitude": 23.359319686889648, "heatmap_weight": 9, "raw_occupancy": 2 }, "geometry": { "type": "Point", "coordinates": [ 23.359319686889648, 42.696792602539062 ] } },
{ "type": "Feature", "properties": { "latitude": 42.70477294921875, "longitude": 23.334148406982422, "heatmap_weight": 4, "raw_occupancy": 1 }, "geometry": { "type": "Point", "coordinates": [ 23.334148406982422, 42.70477294921875 ] } },
{ "type": "Feature", "properties": { "latitude": 42.714954376220703, "longitude": 23.309854507446289, "heatmap_weight": 4, "raw_occupancy": 1 }, "geometry": { "type": "Point", "coordinates": [ 23.309854507446289, 42.714954376220703 ] } },
{ "type": "Feature", "properties": { "latitude": 42.708297729492188, "longitude": 23.334169387817383, "heatmap_weight": 4, "raw_occupancy": 1 }, "geometry": { "type": "Point", "coordinates": [ 23.334169387817383, 42.708297729492188 ] } },
{ "type": "Feature", "properties": { "latitude": 42.694324493408203, "longitude": 23.366071701049805, "heatmap_weight": 4, "raw_occupancy": 1 }, "geometry": { "type": "Point", "coordinates": [ 23.366071701049805, 42.694324493408203 ] } },
{ "type": "Feature", "properties": { "latitude": 42.6495361328125, "longitude": 23.331560134887695, "heatmap_weight": 4, "raw_occupancy": 1 }, "geometry": { "type": "Point", "coordinates": [ 23.331560134887695, 42.6495361328125 ] } },
{ "type": "Feature", "properties": { "latitude": 42.676040649414062, "longitude": 23.268472671508789, "heatmap_weight": 9, "raw_occupancy": 2 }, "geometry": { "type": "Point", "coordinates": [ 23.268472671508789, 42.676040649414062 ] } },
{ "type": "Feature", "properties": { "latitude": 42.716392517089844, "longitude": 23.178655624389648, "heatmap_weight": 4, "raw_occupancy": 1 }, "geometry": { "type": "Point", "coordinates": [ 23.178655624389648, 42.716392517089844 ] } },
{ "type": "Feature", "properties": { "latitude": 42.703060150146484, "longitude": 23.336956024169922, "heatmap_weight": 4, "raw_occupancy": 1 }, "geometry": { "type": "Point", "coordinates": [ 23.336956024169922, 42.703060150146484 ] } },
{ "type": "Feature", "properties": { "latitude": 42.662361145019531, "longitude": 23.376888275146484, "heatmap_weight": 4, "raw_occupancy": 1 }, "geometry": { "type": "Point", "coordinates": [ 23.376888275146484, 42.662361145019531 ] } },
{ "type": "Feature", "properties": { "latitude": 42.687980651855469, "longitude": 23.263700485229492, "heatmap_weight": 4, "raw_occupancy": 1 }, "geometry": { "type": "Point", "coordinates": [ 23.263700485229492, 42.687980651855469 ] } },
{ "type": "Feature", "properties": { "latitude": 42.699020385742188, "longitude": 23.334604263305664, "heatmap_weight": 4, "raw_occupancy": 1 }, "geometry": { "type": "Point", "coordinates": [ 23.334604263305664, 42.699020385742188 ] } },
{ "type": "Feature", "properties": { "latitude": 42.670028686523438, "longitude": 23.303972244262695, "heatmap_weight": 4, "raw_occupancy": 1 }, "geometry": { "type": "Point", "coordinates": [ 23.303972244262695, 42.670028686523438 ] } },
{ "type": "Feature", "properties": { "latitude": 42.641098022460938, "longitude": 23.410133361816406, "heatmap_weight": 1, "raw_occupancy": 0 }, "geometry": { "type": "Point", "coordinates": [ 23.410133361816406, 42.641098022460938 ] } },
{ "type": "Feature", "properties": { "latitude": 42.65289306640625, "longitude": 23.294473648071289, "heatmap_weight": 1, "raw_occupancy": 0 }, "geometry": { "type": "Point", "coordinates": [ 23.294473648071289, 42.65289306640625 ] } },
{ "type": "Feature", "properties": { "latitude": 42.7022705078125, "longitude": 23.286111831665039, "heatmap_weight": 9, "raw_occupancy": 2 }, "geometry": { "type": "Point", "coordinates": [ 23.286111831665039, 42.7022705078125 ] } },
{ "type": "Feature", "properties": { "latitude": 42.681808471679688, "longitude": 23.270246505737305, "heatmap_weight": 9, "raw_occupancy": 2 }, "geometry": { "type": "Point", "coordinates": [ 23.270246505737305, 42.681808471679688 ] } },
{ "type": "Feature", "properties": { "latitude": 42.727668762207031, "longitude": 23.312582015991211, "heatmap_weight": 4, "raw_occupancy": 1 }, "geometry": { "type": "Point", "coordinates": [ 23.312582015991211, 42.727668762207031 ] } },
{ "type": "Feature", "properties": { "latitude": 42.681739807128906, "longitude": 23.375419616699219, "heatmap_weight": 4, "raw_occupancy": 1 }, "geometry": { "type": "Point", "coordinates": [ 23.375419616699219, 42.681739807128906 ] } },
{ "type": "Feature", "properties": { "latitude": 42.689376831054688, "longitude": 23.305440902709961, "heatmap_weight": 4, "raw_occupancy": 1 }, "geometry": { "type": "Point", "coordinates": [ 23.305440902709961, 42.689376831054688 ] } },
{ "type": "Feature", "properties": { "latitude": 42.662731170654297, "longitude": 23.25373649597168, "heatmap_weight": 4, "raw_occupancy": 1 }, "geometry": { "type": "Point", "coordinates": [ 23.25373649597168, 42.662731170654297 ] } },
{ "type": "Feature", "properties": { "latitude": 42.704669952392578, "longitude": 23.311508178710938, "heatmap_weight": 4, "raw_occupancy": 1 }, "geometry": { "type": "Point", "coordinates": [ 23.311508178710938, 42.704669952392578 ] } },
{ "type": "Feature", "properties": { "latitude": 42.65447998046875, "longitude": 23.348384857177734, "heatmap_weight": 9, "raw_occupancy": 2 }, "geometry": { "type": "Point", "coordinates": [ 23.348384857177734, 42.65447998046875 ] } },
{ "type": "Feature", "properties": { "latitude": 42.637714385986328, "longitude": 23.341753005981445, "heatmap_weight": 4, "raw_occupancy": 1 }, "geometry": { "type": "Point", "coordinates": [ 23.341753005981445, 42.637714385986328 ] } },
{ "type": "Feature", "properties": { "latitude": 42.661636352539062, "longitude": 23.295221328735352, "heatmap_weight": 16, "raw_occupancy": 3 }, "geometry": { "type": "Point", "coordinates": [ 23.295221328735352, 42.661636352539062 ] } },
{ "type": "Feature", "properties": { "latitude": 42.667919158935547, "longitude": 23.326967239379883, "heatmap_weight": 4, "raw_occupancy": 1 }, "geometry": { "type": "Point", "coordinates": [ 23.326967239379883, 42.667919158935547 ] } },
{ "type": "Feature", "properties": { "latitude": 42.792221069335938, "longitude": 23.310470581054688, "heatmap_weight": 4, "raw_occupancy": 1 }, "geometry": { "type": "Point", "coordinates": [ 23.310470581054688, 42.792221069335938 ] } },
{ "type": "Feature", "properties": { "latitude": 42.679054260253906, "longitude": 23.28565788269043, "heatmap_weight": 4, "raw_occupancy": 1 }, "geometry": { "type": "Point", "coordinates": [ 23.28565788269043, 42.679054260253906 ] } },
{ "type": "Feature", "properties": { "latitude": 42.698284149169922, "longitude": 23.322019577026367, "heatmap_weight": 4, "raw_occupancy": 1 }, "geometry": { "type": "Point", "coordinates": [ 23.322019577026367, 42.698284149169922 ] } },
{ "type": "Feature", "properties": { "latitude": 42.694385528564453, "longitude": 23.322425842285156, "heatmap_weight": 9, "raw_occupancy": 2 }, "geometry": { "type": "Point", "coordinates": [ 23.322425842285156, 42.694385528564453 ] } },
{ "type": "Feature", "properties": { "latitude": 42.757896423339844, "longitude": 23.206968307495117, "heatmap_weight": 9, "raw_occupancy": 2 }, "geometry": { "type": "Point", "coordinates": [ 23.206968307495117, 42.757896423339844 ] } },
{ "type": "Feature", "properties": { "latitude": 42.671646118164062, "longitude": 23.395156860351562, "heatmap_weight": 4, "raw_occupancy": 1 }, "geometry": { "type": "Point", "coordinates": [ 23.395156860351562, 42.671646118164062 ] } },
{ "type": "Feature", "properties": { "latitude": 42.629146575927734, "longitude": 23.309188842773438, "heatmap_weight": 9, "raw_occupancy": 2 }, "geometry": { "type": "Point", "coordinates": [ 23.309188842773438, 42.629146575927734 ] } },
{ "type": "Feature", "properties": { "latitude": 42.700225830078125, "longitude": 23.299053192138672, "heatmap_weight": 9, "raw_occupancy": 2 }, "geometry": { "type": "Point", "coordinates": [ 23.299053192138672, 42.700225830078125 ] } },
{ "type": "Feature", "properties": { "latitude": 42.719470977783203, "longitude": 23.255409240722656, "heatmap_weight": 16, "raw_occupancy": 3 }, "geometry": { "type": "Point", "coordinates": [ 23.255409240722656, 42.719470977783203 ] } },
{ "type": "Feature", "properties": { "latitude": 42.698501586914062, "longitude": 23.315582275390625, "heatmap_weight": 1, "raw_occupancy": 0 }, "geometry": { "type": "Point", "coordinates": [ 23.315582275390625, 42.698501586914062 ] } },
{ "type": "Feature", "properties": { "latitude": 42.685417175292969, "longitude": 23.330537796020508, "heatmap_weight": 1, "raw_occupancy": 0 }, "geometry": { "type": "Point", "coordinates": [ 23.330537796020508, 42.685417175292969 ] } },
{ "type": "Feature", "properties": { "latitude": 42.675083160400391, "longitude": 23.359138488769531, "heatmap_weight": 4, "raw_occupancy": 1 }, "geometry": { "type": "Point", "coordinates": [ 23.359138488769531, 42.675083160400391 ] } },
{ "type": "Feature", "properties": { "latitude": 42.701572418212891, "longitude": 23.276056289672852, "heatmap_weight": 4, "raw_occupancy": 1 }, "geometry": { "type": "Point", "coordinates": [ 23.276056289672852, 42.701572418212891 ] } },
{ "type": "Feature", "properties": { "latitude": 42.656021118164062, "longitude": 23.233243942260742, "heatmap_weight": 16, "raw_occupancy": 3 }, "geometry": { "type": "Point", "coordinates": [ 23.233243942260742, 42.656021118164062 ] } },
{ "type": "Feature", "properties": { "latitude": 42.642379760742188, "longitude": 23.312589645385742, "heatmap_weight": 4, "raw_occupancy": 1 }, "geometry": { "type": "Point", "coordinates": [ 23.312589645385742, 42.642379760742188 ] } },
{ "type": "Feature", "properties": { "latitude": 42.668483734130859, "longitude": 23.446266174316406, "heatmap_weight": 4, "raw_occupancy": 1 }, "geometry": { "type": "Point", "coordinates": [ 23.446266174316406, 42.668483734130859 ] } },
{ "type": "Feature", "properties": { "latitude": 42.661716461181641, "longitude": 23.358978271484375, "heatmap_weight": 16, "raw_occupancy": 3 }, "geometry": { "type": "Point", "coordinates": [ 23.358978271484375, 42.661716461181641 ] } },
{ "type": "Feature", "properties": { "latitude": 42.718189239501953, "longitude": 23.134008407592773, "heatmap_weight": 4, "raw_occupancy": 1 }, "geometry": { "type": "Point", "coordinates": [ 23.134008407592773, 42.718189239501953 ] } },
{ "type": "Feature", "properties": { "latitude": 42.717479705810547, "longitude": 23.288394927978516, "heatmap_weight": 4, "raw_occupancy": 1 }, "geometry": { "type": "Point", "coordinates": [ 23.288394927978516, 42.717479705810547 ] } },
{ "type": "Feature", "properties": { "latitude": 42.643123626708984, "longitude": 23.339761734008789, "heatmap_weight": 4, "raw_occupancy": 1 }, "geometry": { "type": "Point", "coordinates": [ 23.339761734008789, 42.643123626708984 ] } },
{ "type": "Feature", "properties": { "latitude": 42.699626922607422, "longitude": 23.30308723449707, "heatmap_weight": 4, "raw_occupancy": 1 }, "geometry": { "type": "Point", "coordinates": [ 23.30308723449707, 42.699626922607422 ] } },
{ "type": "Feature", "properties": { "latitude": 42.725688934326172, "longitude": 23.244325637817383, "heatmap_weight": 4, "raw_occupancy": 1 }, "geometry": { "type": "Point", "coordinates": [ 23.244325637817383, 42.725688934326172 ] } },
{ "type": "Feature", "properties": { "latitude": 42.669246673583984, "longitude": 23.331178665161133, "heatmap_weight": 4, "raw_occupancy": 1 }, "geometry": { "type": "Point", "coordinates": [ 23.331178665161133, 42.669246673583984 ] } },
{ "type": "Feature", "properties": { "latitude": 42.705570220947266, "longitude": 23.349971771240234, "heatmap_weight": 1, "raw_occupancy": 0 }, "geometry": { "type": "Point", "coordinates": [ 23.349971771240234, 42.705570220947266 ] } },
{ "type": "Feature", "properties": { "latitude": 42.685726165771484, "longitude": 23.255626678466797, "heatmap_weight": 4, "raw_occupancy": 1 }, "geometry": { "type": "Point", "coordinates": [ 23.255626678466797, 42.685726165771484 ] } },
{ "type": "Feature", "properties": { "latitude": 42.630573272705078, "longitude": 23.377954483032227, "heatmap_weight": 4, "raw_occupancy": 1 }, "geometry": { "type": "Point", "coordinates": [ 23.377954483032227, 42.630573272705078 ] } },
{ "type": "Feature", "properties": { "latitude": 42.664455413818359, "longitude": 23.325851440429688, "heatmap_weight": 9, "raw_occupancy": 2 }, "geometry": { "type": "Point", "coordinates": [ 23.325851440429688, 42.664455413818359 ] } },
{ "type": "Feature", "properties": { "latitude": 42.711887359619141, "longitude": 23.289220809936523, "heatmap_weight": 1, "raw_occupancy": 0 }, "geometry": { "type": "Point", "coordinates": [ 23.289220809936523, 42.711887359619141 ] } },
{ "type": "Feature", "properties": { "latitude": 42.685890197753906, "longitude": 23.306499481201172, "heatmap_weight": 4, "raw_occupancy": 1 }, "geometry": { "type": "Point", "coordinates": [ 23.306499481201172, 42.685890197753906 ] } },
{ "type": "Feature", "properties": { "latitude": 42.658775329589844, "longitude": 23.241350173950195, "heatmap_weight": 4, "raw_occupancy": 1 }, "geometry": { "type": "Point", "coordinates": [ 23.241350173950195, 42.658775329589844 ] } },
{ "type": "Feature", "properties": { "latitude": 42.70135498046875, "longitude": 23.322845458984375, "heatmap_weight": 9, "raw_occupancy": 2 }, "geometry": { "type": "Point", "coordinates": [ 23.322845458984375, 42.70135498046875 ] } },
{ "type": "Feature", "properties": { "latitude": 42.650962829589844, "longitude": 23.358804702758789, "heatmap_weight": 4, "raw_occupancy": 1 }, "geometry": { "type": "Point", "coordinates": [ 23.358804702758789, 42.650962829589844 ] } },
{ "type": "Feature", "properties": { "latitude": 42.694362640380859, "longitude": 23.293024063110352, "heatmap_weight": 9, "raw_occupancy": 2 }, "geometry": { "type": "Point", "coordinates": [ 23.293024063110352, 42.694362640380859 ] } },
{ "type": "Feature", "properties": { "latitude": 42.678516387939453, "longitude": 23.370569229125977, "heatmap_weight": 4, "raw_occupancy": 1 }, "geometry": { "type": "Point", "coordinates": [ 23.370569229125977, 42.678516387939453 ] } },
{ "type": "Feature", "properties": { "latitude": 42.686073303222656, "longitude": 23.30732536315918, "heatmap_weight": 16, "raw_occupancy": 3 }, "geometry": { "type": "Point", "coordinates": [ 23.30732536315918, 42.686073303222656 ] } },
{ "type": "Feature", "properties": { "latitude": 42.75958251953125, "longitude": 23.561420440673828, "heatmap_weight": 4, "raw_occupancy": 1 }, "geometry": { "type": "Point", "coordinates": [ 23.561420440673828, 42.75958251953125 ] } },
{ "type": "Feature", "properties": { "latitude": 42.714832305908203, "longitude": 23.172529220581055, "heatmap_weight": 9, "raw_occupancy": 2 }, "geometry": { "type": "Point", "coordinates": [ 23.172529220581055, 42.714832305908203 ] } },
{ "type": "Feature", "properties": { "latitude": 42.698806762695312, "longitude": 23.195415496826172, "heatmap_weight": 1, "raw_occupancy": 0 }, "geometry": { "type": "Point", "coordinates": [ 23.195415496826172, 42.698806762695312 ] } },
{ "type": "Feature", "properties": { "latitude": 42.706813812255859, "longitude": 23.312597274780273, "heatmap_weight": 4, "raw_occupancy": 1 }, "geometry": { "type": "Point", "coordinates": [ 23.312597274780273, 42.706813812255859 ] } },
{ "type": "Feature", "properties": { "latitude": 42.685718536376953, "longitude": 23.350749969482422, "heatmap_weight": 16, "raw_occupancy": 3 }, "geometry": { "type": "Point", "coordinates": [ 23.350749969482422, 42.685718536376953 ] } },
{ "type": "Feature", "properties": { "latitude": 42.686428070068359, "longitude": 23.323766708374023, "heatmap_weight": 9, "raw_occupancy": 2 }, "geometry": { "type": "Point", "coordinates": [ 23.323766708374023, 42.686428070068359 ] } },
{ "type": "Feature", "properties": { "latitude": 42.651874542236328, "longitude": 23.342491149902344, "heatmap_weight": 4, "raw_occupancy": 1 }, "geometry": { "type": "Point", "coordinates": [ 23.342491149902344, 42.651874542236328 ] } },
{ "type": "Feature", "properties": { "latitude": 42.64794921875, "longitude": 23.341629028320312, "heatmap_weight": 4, "raw_occupancy": 1 }, "geometry": { "type": "Point", "coordinates": [ 23.341629028320312, 42.64794921875 ] } },
{ "type": "Feature", "properties": { "latitude": 42.746555328369141, "longitude": 23.269277572631836, "heatmap_weight": 4, "raw_occupancy": 1 }, "geometry": { "type": "Point", "coordinates": [ 23.269277572631836, 42.746555328369141 ] } },
{ "type": "Feature", "properties": { "latitude": 42.732929229736328, "longitude": 23.251327514648438, "heatmap_weight": 9, "raw_occupancy": 2 }, "geometry": { "type": "Point", "coordinates": [ 23.251327514648438, 42.732929229736328 ] } },
{ "type": "Feature", "properties": { "latitude": 42.735214233398438, "longitude": 23.292661666870117, "heatmap_weight": 1, "raw_occupancy": 0 }, "geometry": { "type": "Point", "coordinates": [ 23.292661666870117, 42.735214233398438 ] } },
{ "type": "Feature", "properties": { "latitude": 42.650260925292969, "longitude": 23.342018127441406, "heatmap_weight": 4, "raw_occupancy": 1 }, "geometry": { "type": "Point", "coordinates": [ 23.342018127441406, 42.650260925292969 ] } },
{ "type": "Feature", "properties": { "latitude": 42.632667541503906, "longitude": 23.333593368530273, "heatmap_weight": 4, "raw_occupancy": 1 }, "geometry": { "type": "Point", "coordinates": [ 23.333593368530273, 42.632667541503906 ] } },
{ "type": "Feature", "properties": { "latitude": 42.664424896240234, "longitude": 23.360408782958984, "heatmap_weight": 9, "raw_occupancy": 2 }, "geometry": { "type": "Point", "coordinates": [ 23.360408782958984, 42.664424896240234 ] } },
{ "type": "Feature", "properties": { "latitude": 42.675537109375, "longitude": 23.432527542114258, "heatmap_weight": 4, "raw_occupancy": 1 }, "geometry": { "type": "Point", "coordinates": [ 23.432527542114258, 42.675537109375 ] } },
{ "type": "Feature", "properties": { "latitude": 42.701286315917969, "longitude": 23.297618865966797, "heatmap_weight": 4, "raw_occupancy": 1 }, "geometry": { "type": "Point", "coordinates": [ 23.297618865966797, 42.701286315917969 ] } },
{ "type": "Feature", "properties": { "latitude": 42.701446533203125, "longitude": 23.310415267944336, "heatmap_weight": 4, "raw_occupancy": 1 }, "geometry": { "type": "Point", "coordinates": [ 23.310415267944336, 42.701446533203125 ] } },
{ "type": "Feature", "properties": { "latitude": 42.719470977783203, "longitude": 23.310129165649414, "heatmap_weight": 1, "raw_occupancy": 0 }, "geometry": { "type": "Point", "coordinates": [ 23.310129165649414, 42.719470977783203 ] } },
{ "type": "Feature", "properties": { "latitude": 42.650009155273438, "longitude": 23.33563232421875, "heatmap_weight": 4, "raw_occupancy": 1 }, "geometry": { "type": "Point", "coordinates": [ 23.33563232421875, 42.650009155273438 ] } },
{ "type": "Feature", "properties": { "latitude": 42.706272125244141, "longitude": 23.513458251953125, "heatmap_weight": 9, "raw_occupancy": 2 }, "geometry": { "type": "Point", "coordinates": [ 23.513458251953125, 42.706272125244141 ] } },
{ "type": "Feature", "properties": { "latitude": 42.624771118164062, "longitude": 23.356082916259766, "heatmap_weight": 9, "raw_occupancy": 2 }, "geometry": { "type": "Point", "coordinates": [ 23.356082916259766, 42.624771118164062 ] } },
{ "type": "Feature", "properties": { "latitude": 42.682472229003906, "longitude": 23.301364898681641, "heatmap_weight": 4, "raw_occupancy": 1 }, "geometry": { "type": "Point", "coordinates": [ 23.301364898681641, 42.682472229003906 ] } },
{ "type": "Feature", "properties": { "latitude": 42.647495269775391, "longitude": 23.396415710449219, "heatmap_weight": 4, "raw_occupancy": 1 }, "geometry": { "type": "Point", "coordinates": [ 23.396415710449219, 42.647495269775391 ] } },
{ "type": "Feature", "properties": { "latitude": 42.665679931640625, "longitude": 23.288074493408203, "heatmap_weight": 9, "raw_occupancy": 2 }, "geometry": { "type": "Point", "coordinates": [ 23.288074493408203, 42.665679931640625 ] } },
{ "type": "Feature", "properties": { "latitude": 42.663875579833984, "longitude": 23.296951293945312, "heatmap_weight": 4, "raw_occupancy": 1 }, "geometry": { "type": "Point", "coordinates": [ 23.296951293945312, 42.663875579833984 ] } },
{ "type": "Feature", "properties": { "latitude": 42.679008483886719, "longitude": 23.284185409545898, "heatmap_weight": 9, "raw_occupancy": 2 }, "geometry": { "type": "Point", "coordinates": [ 23.284185409545898, 42.679008483886719 ] } },
{ "type": "Feature", "properties": { "latitude": 42.661903381347656, "longitude": 23.375144958496094, "heatmap_weight": 4, "raw_occupancy": 1 }, "geometry": { "type": "Point", "coordinates": [ 23.375144958496094, 42.661903381347656 ] } },
{ "type": "Feature", "properties": { "latitude": 42.770824432373047, "longitude": 23.188941955566406, "heatmap_weight": 1, "raw_occupancy": 0 }, "geometry": { "type": "Point", "coordinates": [ 23.188941955566406, 42.770824432373047 ] } },
{ "type": "Feature", "properties": { "latitude": 42.730445861816406, "longitude": 23.462808609008789, "heatmap_weight": 4, "raw_occupancy": 1 }, "geometry": { "type": "Point", "coordinates": [ 23.462808609008789, 42.730445861816406 ] } },
{ "type": "Feature", "properties": { "latitude": 42.599987030029297, "longitude": 23.367761611938477, "heatmap_weight": 4, "raw_occupancy": 1 }, "geometry": { "type": "Point", "coordinates": [ 23.367761611938477, 42.599987030029297 ] } },
{ "type": "Feature", "properties": { "latitude": 42.675556182861328, "longitude": 23.331533432006836, "heatmap_weight": 4, "raw_occupancy": 1 }, "geometry": { "type": "Point", "coordinates": [ 23.331533432006836, 42.675556182861328 ] } },
{ "type": "Feature", "properties": { "latitude": 42.786384582519531, "longitude": 23.273357391357422, "heatmap_weight": 4, "raw_occupancy": 1 }, "geometry": { "type": "Point", "coordinates": [ 23.273357391357422, 42.786384582519531 ] } },
{ "type": "Feature", "properties": { "latitude": 42.69873046875, "longitude": 23.335550308227539, "heatmap_weight": 4, "raw_occupancy": 1 }, "geometry": { "type": "Point", "coordinates": [ 23.335550308227539, 42.69873046875 ] } },
{ "type": "Feature", "properties": { "latitude": 42.660751342773438, "longitude": 23.273157119750977, "heatmap_weight": 4, "raw_occupancy": 1 }, "geometry": { "type": "Point", "coordinates": [ 23.273157119750977, 42.660751342773438 ] } },
{ "type": "Feature", "properties": { "latitude": 42.675582885742188, "longitude": 23.358831405639648, "heatmap_weight": 9, "raw_occupancy": 2 }, "geometry": { "type": "Point", "coordinates": [ 23.358831405639648, 42.675582885742188 ] } },
{ "type": "Feature", "properties": { "latitude": 42.721698760986328, "longitude": 23.241281509399414, "heatmap_weight": 4, "raw_occupancy": 1 }, "geometry": { "type": "Point", "coordinates": [ 23.241281509399414, 42.721698760986328 ] } },
{ "type": "Feature", "properties": { "latitude": 42.705608367919922, "longitude": 23.328605651855469, "heatmap_weight": 4, "raw_occupancy": 1 }, "geometry": { "type": "Point", "coordinates": [ 23.328605651855469, 42.705608367919922 ] } },
{ "type": "Feature", "properties": { "latitude": 42.707710266113281, "longitude": 23.331609725952148, "heatmap_weight": 4, "raw_occupancy": 1 }, "geometry": { "type": "Point", "coordinates": [ 23.331609725952148, 42.707710266113281 ] } },
{ "type": "Feature", "properties": { "latitude": 42.667251586914062, "longitude": 23.282283782958984, "heatmap_weight": 25, "raw_occupancy": 4 }, "geometry": { "type": "Point", "coordinates": [ 23.282283782958984, 42.667251586914062 ] } },
{ "type": "Feature", "properties": { "latitude": 42.695171356201172, "longitude": 23.289951324462891, "heatmap_weight": 4, "raw_occupancy": 1 }, "geometry": { "type": "Point", "coordinates": [ 23.289951324462891, 42.695171356201172 ] } },
{ "type": "Feature", "properties": { "latitude": 42.705696105957031, "longitude": 23.317722320556641, "heatmap_weight": 4, "raw_occupancy": 1 }, "geometry": { "type": "Point", "coordinates": [ 23.317722320556641, 42.705696105957031 ] } },
{ "type": "Feature", "properties": { "latitude": 42.661045074462891, "longitude": 23.286153793334961, "heatmap_weight": 4, "raw_occupancy": 1 }, "geometry": { "type": "Point", "coordinates": [ 23.286153793334961, 42.661045074462891 ] } },
{ "type": "Feature", "properties": { "latitude": 42.83453369140625, "longitude": 23.329397201538086, "heatmap_weight": 4, "raw_occupancy": 1 }, "geometry": { "type": "Point", "coordinates": [ 23.329397201538086, 42.83453369140625 ] } },
{ "type": "Feature", "properties": { "latitude": 42.699420928955078, "longitude": 23.310150146484375, "heatmap_weight": 9, "raw_occupancy": 2 }, "geometry": { "type": "Point", "coordinates": [ 23.310150146484375, 42.699420928955078 ] } },
{ "type": "Feature", "properties": { "latitude": 42.712173461914062, "longitude": 23.194931030273438, "heatmap_weight": 1, "raw_occupancy": 0 }, "geometry": { "type": "Point", "coordinates": [ 23.194931030273438, 42.712173461914062 ] } },
{ "type": "Feature", "properties": { "latitude": 42.673057556152344, "longitude": 23.246356964111328, "heatmap_weight": 4, "raw_occupancy": 1 }, "geometry": { "type": "Point", "coordinates": [ 23.246356964111328, 42.673057556152344 ] } },
{ "type": "Feature", "properties": { "latitude": 42.710330963134766, "longitude": 23.292829513549805, "heatmap_weight": 4, "raw_occupancy": 1 }, "geometry": { "type": "Point", "coordinates": [ 23.292829513549805, 42.710330963134766 ] } },
{ "type": "Feature", "properties": { "latitude": 42.692394256591797, "longitude": 23.31085205078125, "heatmap_weight": 4, "raw_occupancy": 1 }, "geometry": { "type": "Point", "coordinates": [ 23.31085205078125, 42.692394256591797 ] } },
{ "type": "Feature", "properties": { "latitude": 42.70556640625, "longitude": 23.311428070068359, "heatmap_weight": 4, "raw_occupancy": 1 }, "geometry": { "type": "Point", "coordinates": [ 23.311428070068359, 42.70556640625 ] } },
{ "type": "Feature", "properties": { "latitude": 42.693077087402344, "longitude": 23.334543228149414, "heatmap_weight": 4, "raw_occupancy": 1 }, "geometry": { "type": "Point", "coordinates": [ 23.334543228149414, 42.693077087402344 ] } },
{ "type": "Feature", "properties": { "latitude": 42.771526336669922, "longitude": 23.361652374267578, "heatmap_weight": 4, "raw_occupancy": 1 }, "geometry": { "type": "Point", "coordinates": [ 23.361652374267578, 42.771526336669922 ] } },
{ "type": "Feature", "properties": { "latitude": 42.660072326660156, "longitude": 23.410442352294922, "heatmap_weight": 4, "raw_occupancy": 1 }, "geometry": { "type": "Point", "coordinates": [ 23.410442352294922, 42.660072326660156 ] } },
{ "type": "Feature", "properties": { "latitude": 42.678962707519531, "longitude": 23.284420013427734, "heatmap_weight": 16, "raw_occupancy": 3 }, "geometry": { "type": "Point", "coordinates": [ 23.284420013427734, 42.678962707519531 ] } },
{ "type": "Feature", "properties": { "latitude": 42.845466613769531, "longitude": 23.319330215454102, "heatmap_weight": 1, "raw_occupancy": 0 }, "geometry": { "type": "Point", "coordinates": [ 23.319330215454102, 42.845466613769531 ] } },
{ "type": "Feature", "properties": { "latitude": 42.680011749267578, "longitude": 23.30213737487793, "heatmap_weight": 9, "raw_occupancy": 2 }, "geometry": { "type": "Point", "coordinates": [ 23.30213737487793, 42.680011749267578 ] } },
{ "type": "Feature", "properties": { "latitude": 42.694160461425781, "longitude": 23.314201354980469, "heatmap_weight": 4, "raw_occupancy": 1 }, "geometry": { "type": "Point", "coordinates": [ 23.314201354980469, 42.694160461425781 ] } },
{ "type": "Feature", "properties": { "latitude": 42.690586090087891, "longitude": 23.307405471801758, "heatmap_weight": 9, "raw_occupancy": 2 }, "geometry": { "type": "Point", "coordinates": [ 23.307405471801758, 42.690586090087891 ] } },
{ "type": "Feature", "properties": { "latitude": 42.6806640625, "longitude": 23.302362442016602, "heatmap_weight": 4, "raw_occupancy": 1 }, "geometry": { "type": "Point", "coordinates": [ 23.302362442016602, 42.6806640625 ] } },
{ "type": "Feature", "properties": { "latitude": 42.664272308349609, "longitude": 23.389133453369141, "heatmap_weight": 1, "raw_occupancy": 0 }, "geometry": { "type": "Point", "coordinates": [ 23.389133453369141, 42.664272308349609 ] } },
{ "type": "Feature", "properties": { "latitude": 42.719062805175781, "longitude": 23.309135437011719, "heatmap_weight": 9, "raw_occupancy": 2 }, "geometry": { "type": "Point", "coordinates": [ 23.309135437011719, 42.719062805175781 ] } },
{ "type": "Feature", "properties": { "latitude": 42.672962188720703, "longitude": 23.347507476806641, "heatmap_weight": 4, "raw_occupancy": 1 }, "geometry": { "type": "Point", "coordinates": [ 23.347507476806641, 42.672962188720703 ] } },
{ "type": "Feature", "properties": { "latitude": 42.713977813720703, "longitude": 23.312854766845703, "heatmap_weight": 25, "raw_occupancy": 4 }, "geometry": { "type": "Point", "coordinates": [ 23.312854766845703, 42.713977813720703 ] } },
{ "type": "Feature", "properties": { "latitude": 42.673175811767578, "longitude": 23.361860275268555, "heatmap_weight": 4, "raw_occupancy": 1 }, "geometry": { "type": "Point", "coordinates": [ 23.361860275268555, 42.673175811767578 ] } },
{ "type": "Feature", "properties": { "latitude": 42.658550262451172, "longitude": 23.316308975219727, "heatmap_weight": 4, "raw_occupancy": 1 }, "geometry": { "type": "Point", "coordinates": [ 23.316308975219727, 42.658550262451172 ] } },
{ "type": "Feature", "properties": { "latitude": 42.709033966064453, "longitude": 23.28761100769043, "heatmap_weight": 1, "raw_occupancy": 0 }, "geometry": { "type": "Point", "coordinates": [ 23.28761100769043, 42.709033966064453 ] } },
{ "type": "Feature", "properties": { "latitude": 42.811382293701172, "longitude": 23.406274795532227, "heatmap_weight": 1, "raw_occupancy": 0 }, "geometry": { "type": "Point", "coordinates": [ 23.406274795532227, 42.811382293701172 ] } },
{ "type": "Feature", "properties": { "latitude": 42.698165893554688, "longitude": 23.315513610839844, "heatmap_weight": 4, "raw_occupancy": 1 }, "geometry": { "type": "Point", "coordinates": [ 23.315513610839844, 42.698165893554688 ] } },
{ "type": "Feature", "properties": { "latitude": 42.657333374023438, "longitude": 23.401544570922852, "heatmap_weight": 4, "raw_occupancy": 1 }, "geometry": { "type": "Point", "coordinates": [ 23.401544570922852, 42.657333374023438 ] } },
{ "type": "Feature", "properties": { "latitude": 42.710823059082031, "longitude": 23.300483703613281, "heatmap_weight": 4, "raw_occupancy": 1 }, "geometry": { "type": "Point", "coordinates": [ 23.300483703613281, 42.710823059082031 ] } },
{ "type": "Feature", "properties": { "latitude": 42.698108673095703, "longitude": 23.309581756591797, "heatmap_weight": 16, "raw_occupancy": 3 }, "geometry": { "type": "Point", "coordinates": [ 23.309581756591797, 42.698108673095703 ] } },
{ "type": "Feature", "properties": { "latitude": 42.68804931640625, "longitude": 23.315572738647461, "heatmap_weight": 1, "raw_occupancy": 0 }, "geometry": { "type": "Point", "coordinates": [ 23.315572738647461, 42.68804931640625 ] } },
{ "type": "Feature", "properties": { "latitude": 42.656875610351562, "longitude": 23.385171890258789, "heatmap_weight": 9, "raw_occupancy": 2 }, "geometry": { "type": "Point", "coordinates": [ 23.385171890258789, 42.656875610351562 ] } },
{ "type": "Feature", "properties": { "latitude": 42.706645965576172, "longitude": 23.382745742797852, "heatmap_weight": 4, "raw_occupancy": 1 }, "geometry": { "type": "Point", "coordinates": [ 23.382745742797852, 42.706645965576172 ] } },
{ "type": "Feature", "properties": { "latitude": 42.727283477783203, "longitude": 23.312593460083008, "heatmap_weight": 9, "raw_occupancy": 2 }, "geometry": { "type": "Point", "coordinates": [ 23.312593460083008, 42.727283477783203 ] } },
{ "type": "Feature", "properties": { "latitude": 42.673263549804688, "longitude": 23.384077072143555, "heatmap_weight": 4, "raw_occupancy": 1 }, "geometry": { "type": "Point", "coordinates": [ 23.384077072143555, 42.673263549804688 ] } },
{ "type": "Feature", "properties": { "latitude": 42.667621612548828, "longitude": 23.290159225463867, "heatmap_weight": 9, "raw_occupancy": 2 }, "geometry": { "type": "Point", "coordinates": [ 23.290159225463867, 42.667621612548828 ] } },
{ "type": "Feature", "properties": { "latitude": 42.716590881347656, "longitude": 23.280939102172852, "heatmap_weight": 4, "raw_occupancy": 1 }, "geometry": { "type": "Point", "coordinates": [ 23.280939102172852, 42.716590881347656 ] } },
{ "type": "Feature", "properties": { "latitude": 42.607570648193359, "longitude": 23.400365829467773, "heatmap_weight": 4, "raw_occupancy": 1 }, "geometry": { "type": "Point", "coordinates": [ 23.400365829467773, 42.607570648193359 ] } },
{ "type": "Feature", "properties": { "latitude": 42.627162933349609, "longitude": 23.378664016723633, "heatmap_weight": 4, "raw_occupancy": 1 }, "geometry": { "type": "Point", "coordinates": [ 23.378664016723633, 42.627162933349609 ] } },
{ "type": "Feature", "properties": { "latitude": 42.674934387207031, "longitude": 23.249908447265625, "heatmap_weight": 16, "raw_occupancy": 3 }, "geometry": { "type": "Point", "coordinates": [ 23.249908447265625, 42.674934387207031 ] } },
{ "type": "Feature", "properties": { "latitude": 42.691436767578125, "longitude": 23.324718475341797, "heatmap_weight": 4, "raw_occupancy": 1 }, "geometry": { "type": "Point", "coordinates": [ 23.324718475341797, 42.691436767578125 ] } },
{ "type": "Feature", "properties": { "latitude": 42.702106475830078, "longitude": 23.286598205566406, "heatmap_weight": 4, "raw_occupancy": 1 }, "geometry": { "type": "Point", "coordinates": [ 23.286598205566406, 42.702106475830078 ] } },
{ "type": "Feature", "properties": { "latitude": 42.708141326904297, "longitude": 23.415201187133789, "heatmap_weight": 25, "raw_occupancy": 4 }, "geometry": { "type": "Point", "coordinates": [ 23.415201187133789, 42.708141326904297 ] } },
{ "type": "Feature", "properties": { "latitude": 42.652687072753906, "longitude": 23.347446441650391, "heatmap_weight": 16, "raw_occupancy": 3 }, "geometry": { "type": "Point", "coordinates": [ 23.347446441650391, 42.652687072753906 ] } },
{ "type": "Feature", "properties": { "latitude": 42.681568145751953, "longitude": 23.313030242919922, "heatmap_weight": 9, "raw_occupancy": 2 }, "geometry": { "type": "Point", "coordinates": [ 23.313030242919922, 42.681568145751953 ] } },
{ "type": "Feature", "properties": { "latitude": 42.695842742919922, "longitude": 23.329797744750977, "heatmap_weight": 9, "raw_occupancy": 2 }, "geometry": { "type": "Point", "coordinates": [ 23.329797744750977, 42.695842742919922 ] } },
{ "type": "Feature", "properties": { "latitude": 42.682449340820312, "longitude": 23.318304061889648, "heatmap_weight": 4, "raw_occupancy": 1 }, "geometry": { "type": "Point", "coordinates": [ 23.318304061889648, 42.682449340820312 ] } },
{ "type": "Feature", "properties": { "latitude": 42.687461853027344, "longitude": 23.327724456787109, "heatmap_weight": 4, "raw_occupancy": 1 }, "geometry": { "type": "Point", "coordinates": [ 23.327724456787109, 42.687461853027344 ] } },
{ "type": "Feature", "properties": { "latitude": 42.659324645996094, "longitude": 23.243366241455078, "heatmap_weight": 4, "raw_occupancy": 1 }, "geometry": { "type": "Point", "coordinates": [ 23.243366241455078, 42.659324645996094 ] } },
{ "type": "Feature", "properties": { "latitude": 42.66278076171875, "longitude": 23.292535781860352, "heatmap_weight": 4, "raw_occupancy": 1 }, "geometry": { "type": "Point", "coordinates": [ 23.292535781860352, 42.66278076171875 ] } },
{ "type": "Feature", "properties": { "latitude": 42.753696441650391, "longitude": 23.321014404296875, "heatmap_weight": 1, "raw_occupancy": 0 }, "geometry": { "type": "Point", "coordinates": [ 23.321014404296875, 42.753696441650391 ] } },
{ "type": "Feature", "properties": { "latitude": 42.685871124267578, "longitude": 23.350671768188477, "heatmap_weight": 9, "raw_occupancy": 2 }, "geometry": { "type": "Point", "coordinates": [ 23.350671768188477, 42.685871124267578 ] } },
{ "type": "Feature", "properties": { "latitude": 42.619182586669922, "longitude": 23.333353042602539, "heatmap_weight": 4, "raw_occupancy": 1 }, "geometry": { "type": "Point", "coordinates": [ 23.333353042602539, 42.619182586669922 ] } },
{ "type": "Feature", "properties": { "latitude": 42.670116424560547, "longitude": 23.243886947631836, "heatmap_weight": 4, "raw_occupancy": 1 }, "geometry": { "type": "Point", "coordinates": [ 23.243886947631836, 42.670116424560547 ] } },
{ "type": "Feature", "properties": { "latitude": 42.751541137695312, "longitude": 23.318666458129883, "heatmap_weight": 4, "raw_occupancy": 1 }, "geometry": { "type": "Point", "coordinates": [ 23.318666458129883, 42.751541137695312 ] } },
{ "type": "Feature", "properties": { "latitude": 42.694667816162109, "longitude": 23.365562438964844, "heatmap_weight": 9, "raw_occupancy": 2 }, "geometry": { "type": "Point", "coordinates": [ 23.365562438964844, 42.694667816162109 ] } },
{ "type": "Feature", "properties": { "latitude": 42.682388305664062, "longitude": 23.320917129516602, "heatmap_weight": 4, "raw_occupancy": 1 }, "geometry": { "type": "Point", "coordinates": [ 23.320917129516602, 42.682388305664062 ] } },
{ "type": "Feature", "properties": { "latitude": 42.732540130615234, "longitude": 23.311929702758789, "heatmap_weight": 1, "raw_occupancy": 0 }, "geometry": { "type": "Point", "coordinates": [ 23.311929702758789, 42.732540130615234 ] } },
{ "type": "Feature", "properties": { "latitude": 42.712623596191406, "longitude": 23.160928726196289, "heatmap_weight": 9, "raw_occupancy": 2 }, "geometry": { "type": "Point", "coordinates": [ 23.160928726196289, 42.712623596191406 ] } },
{ "type": "Feature", "properties": { "latitude": 42.698886871337891, "longitude": 23.338197708129883, "heatmap_weight": 4, "raw_occupancy": 1 }, "geometry": { "type": "Point", "coordinates": [ 23.338197708129883, 42.698886871337891 ] } },
{ "type": "Feature", "properties": { "latitude": 42.706211090087891, "longitude": 23.312007904052734, "heatmap_weight": 4, "raw_occupancy": 1 }, "geometry": { "type": "Point", "coordinates": [ 23.312007904052734, 42.706211090087891 ] } },
{ "type": "Feature", "properties": { "latitude": 42.709140777587891, "longitude": 23.421171188354492, "heatmap_weight": 4, "raw_occupancy": 1 }, "geometry": { "type": "Point", "coordinates": [ 23.421171188354492, 42.709140777587891 ] } },
{ "type": "Feature", "properties": { "latitude": 42.637245178222656, "longitude": 23.370555877685547, "heatmap_weight": 4, "raw_occupancy": 1 }, "geometry": { "type": "Point", "coordinates": [ 23.370555877685547, 42.637245178222656 ] } },
{ "type": "Feature", "properties": { "latitude": 42.671958923339844, "longitude": 23.335533142089844, "heatmap_weight": 4, "raw_occupancy": 1 }, "geometry": { "type": "Point", "coordinates": [ 23.335533142089844, 42.671958923339844 ] } },
{ "type": "Feature", "properties": { "latitude": 42.69964599609375, "longitude": 23.302663803100586, "heatmap_weight": 4, "raw_occupancy": 1 }, "geometry": { "type": "Point", "coordinates": [ 23.302663803100586, 42.69964599609375 ] } },
{ "type": "Feature", "properties": { "latitude": 42.710063934326172, "longitude": 23.389598846435547, "heatmap_weight": 4, "raw_occupancy": 1 }, "geometry": { "type": "Point", "coordinates": [ 23.389598846435547, 42.710063934326172 ] } },
{ "type": "Feature", "properties": { "latitude": 42.689708709716797, "longitude": 23.3140869140625, "heatmap_weight": 4, "raw_occupancy": 1 }, "geometry": { "type": "Point", "coordinates": [ 23.3140869140625, 42.689708709716797 ] } },
{ "type": "Feature", "properties": { "latitude": 42.708038330078125, "longitude": 23.323112487792969, "heatmap_weight": 4, "raw_occupancy": 1 }, "geometry": { "type": "Point", "coordinates": [ 23.323112487792969, 42.708038330078125 ] } },
{ "type": "Feature", "properties": { "latitude": 42.675067901611328, "longitude": 23.376472473144531, "heatmap_weight": 4, "raw_occupancy": 1 }, "geometry": { "type": "Point", "coordinates": [ 23.376472473144531, 42.675067901611328 ] } },
{ "type": "Feature", "properties": { "latitude": 42.699325561523438, "longitude": 23.303966522216797, "heatmap_weight": 4, "raw_occupancy": 1 }, "geometry": { "type": "Point", "coordinates": [ 23.303966522216797, 42.699325561523438 ] } },
{ "type": "Feature", "properties": { "latitude": 42.698741912841797, "longitude": 23.338052749633789, "heatmap_weight": 4, "raw_occupancy": 1 }, "geometry": { "type": "Point", "coordinates": [ 23.338052749633789, 42.698741912841797 ] } },
{ "type": "Feature", "properties": { "latitude": 42.696590423583984, "longitude": 23.354951858520508, "heatmap_weight": 4, "raw_occupancy": 1 }, "geometry": { "type": "Point", "coordinates": [ 23.354951858520508, 42.696590423583984 ] } },
{ "type": "Feature", "properties": { "latitude": 42.650558471679688, "longitude": 23.332376480102539, "heatmap_weight": 16, "raw_occupancy": 3 }, "geometry": { "type": "Point", "coordinates": [ 23.332376480102539, 42.650558471679688 ] } },
{ "type": "Feature", "properties": { "latitude": 42.650009155273438, "longitude": 23.357629776000977, "heatmap_weight": 4, "raw_occupancy": 1 }, "geometry": { "type": "Point", "coordinates": [ 23.357629776000977, 42.650009155273438 ] } },
{ "type": "Feature", "properties": { "latitude": 42.659217834472656, "longitude": 23.326732635498047, "heatmap_weight": 1, "raw_occupancy": 0 }, "geometry": { "type": "Point", "coordinates": [ 23.326732635498047, 42.659217834472656 ] } },
{ "type": "Feature", "properties": { "latitude": 42.678329467773438, "longitude": 23.268610000610352, "heatmap_weight": 4, "raw_occupancy": 1 }, "geometry": { "type": "Point", "coordinates": [ 23.268610000610352, 42.678329467773438 ] } },
{ "type": "Feature", "properties": { "latitude": 42.668140411376953, "longitude": 23.30352783203125, "heatmap_weight": 4, "raw_occupancy": 1 }, "geometry": { "type": "Point", "coordinates": [ 23.30352783203125, 42.668140411376953 ] } },
{ "type": "Feature", "properties": { "latitude": 42.678512573242188, "longitude": 23.354352951049805, "heatmap_weight": 9, "raw_occupancy": 2 }, "geometry": { "type": "Point", "coordinates": [ 23.354352951049805, 42.678512573242188 ] } },
{ "type": "Feature", "properties": { "latitude": 42.688629150390625, "longitude": 23.314884185791016, "heatmap_weight": 4, "raw_occupancy": 1 }, "geometry": { "type": "Point", "coordinates": [ 23.314884185791016, 42.688629150390625 ] } },
{ "type": "Feature", "properties": { "latitude": 42.736671447753906, "longitude": 23.295095443725586, "heatmap_weight": 16, "raw_occupancy": 3 }, "geometry": { "type": "Point", "coordinates": [ 23.295095443725586, 42.736671447753906 ] } },
{ "type": "Feature", "properties": { "latitude": 42.702178955078125, "longitude": 23.35862922668457, "heatmap_weight": 4, "raw_occupancy": 1 }, "geometry": { "type": "Point", "coordinates": [ 23.35862922668457, 42.702178955078125 ] } },
{ "type": "Feature", "properties": { "latitude": 42.693367004394531, "longitude": 23.379291534423828, "heatmap_weight": 16, "raw_occupancy": 3 }, "geometry": { "type": "Point", "coordinates": [ 23.379291534423828, 42.693367004394531 ] } },
{ "type": "Feature", "properties": { "latitude": 42.7021484375, "longitude": 23.305086135864258, "heatmap_weight": 4, "raw_occupancy": 1 }, "geometry": { "type": "Point", "coordinates": [ 23.305086135864258, 42.7021484375 ] } },
{ "type": "Feature", "properties": { "latitude": 42.693416595458984, "longitude": 23.334270477294922, "heatmap_weight": 4, "raw_occupancy": 1 }, "geometry": { "type": "Point", "coordinates": [ 23.334270477294922, 42.693416595458984 ] } },
{ "type": "Feature", "properties": { "latitude": 42.662555694580078, "longitude": 23.376583099365234, "heatmap_weight": 4, "raw_occupancy": 1 }, "geometry": { "type": "Point", "coordinates": [ 23.376583099365234, 42.662555694580078 ] } },
{ "type": "Feature", "properties": { "latitude": 42.688838958740234, "longitude": 23.242856979370117, "heatmap_weight": 4, "raw_occupancy": 1 }, "geometry": { "type": "Point", "coordinates": [ 23.242856979370117, 42.688838958740234 ] } },
{ "type": "Feature", "properties": { "latitude": 42.672416687011719, "longitude": 23.294767379760742, "heatmap_weight": 4, "raw_occupancy": 1 }, "geometry": { "type": "Point", "coordinates": [ 23.294767379760742, 42.672416687011719 ] } },
{ "type": "Feature", "properties": { "latitude": 42.757568359375, "longitude": 23.487709045410156, "heatmap_weight": 4, "raw_occupancy": 1 }, "geometry": { "type": "Point", "coordinates": [ 23.487709045410156, 42.757568359375 ] } },
{ "type": "Feature", "properties": { "latitude": 42.800861358642578, "longitude": 23.341451644897461, "heatmap_weight": 4, "raw_occupancy": 1 }, "geometry": { "type": "Point", "coordinates": [ 23.341451644897461, 42.800861358642578 ] } },
{ "type": "Feature", "properties": { "latitude": 42.6903076171875, "longitude": 23.296632766723633, "heatmap_weight": 9, "raw_occupancy": 2 }, "geometry": { "type": "Point", "coordinates": [ 23.296632766723633, 42.6903076171875 ] } },
{ "type": "Feature", "properties": { "latitude": 42.737152099609375, "longitude": 23.26884651184082, "heatmap_weight": 1, "raw_occupancy": 0 }, "geometry": { "type": "Point", "coordinates": [ 23.26884651184082, 42.737152099609375 ] } },
{ "type": "Feature", "properties": { "latitude": 42.723377227783203, "longitude": 23.295736312866211, "heatmap_weight": 4, "raw_occupancy": 1 }, "geometry": { "type": "Point", "coordinates": [ 23.295736312866211, 42.723377227783203 ] } },
{ "type": "Feature", "properties": { "latitude": 42.706253051757812, "longitude": 23.317768096923828, "heatmap_weight": 4, "raw_occupancy": 1 }, "geometry": { "type": "Point", "coordinates": [ 23.317768096923828, 42.706253051757812 ] } },
{ "type": "Feature", "properties": { "latitude": 42.644542694091797, "longitude": 23.400775909423828, "heatmap_weight": 36, "raw_occupancy": 5 }, "geometry": { "type": "Point", "coordinates": [ 23.400775909423828, 42.644542694091797 ] } },
{ "type": "Feature", "properties": { "latitude": 42.623001098632812, "longitude": 23.374195098876953, "heatmap_weight": 4, "raw_occupancy": 1 }, "geometry": { "type": "Point", "coordinates": [ 23.374195098876953, 42.623001098632812 ] } },
{ "type": "Feature", "properties": { "latitude": 42.727684020996094, "longitude": 23.457220077514648, "heatmap_weight": 1, "raw_occupancy": 0 }, "geometry": { "type": "Point", "coordinates": [ 23.457220077514648, 42.727684020996094 ] } },
{ "type": "Feature", "properties": { "latitude": 42.642478942871094, "longitude": 23.28889274597168, "heatmap_weight": 9, "raw_occupancy": 2 }, "geometry": { "type": "Point", "coordinates": [ 23.28889274597168, 42.642478942871094 ] } },
{ "type": "Feature", "properties": { "latitude": 42.657306671142578, "longitude": 23.311277389526367, "heatmap_weight": 16, "raw_occupancy": 3 }, "geometry": { "type": "Point", "coordinates": [ 23.311277389526367, 42.657306671142578 ] } },
{ "type": "Feature", "properties": { "latitude": 42.736064910888672, "longitude": 23.31536865234375, "heatmap_weight": 1, "raw_occupancy": 0 }, "geometry": { "type": "Point", "coordinates": [ 23.31536865234375, 42.736064910888672 ] } },
{ "type": "Feature", "properties": { "latitude": 42.742107391357422, "longitude": 23.345512390136719, "heatmap_weight": 4, "raw_occupancy": 1 }, "geometry": { "type": "Point", "coordinates": [ 23.345512390136719, 42.742107391357422 ] } },
{ "type": "Feature", "properties": { "latitude": 42.643154144287109, "longitude": 23.313013076782227, "heatmap_weight": 4, "raw_occupancy": 1 }, "geometry": { "type": "Point", "coordinates": [ 23.313013076782227, 42.643154144287109 ] } },
{ "type": "Feature", "properties": { "latitude": 42.667381286621094, "longitude": 23.256902694702148, "heatmap_weight": 4, "raw_occupancy": 1 }, "geometry": { "type": "Point", "coordinates": [ 23.256902694702148, 42.667381286621094 ] } },
{ "type": "Feature", "properties": { "latitude": 42.649372100830078, "longitude": 23.31549072265625, "heatmap_weight": 9, "raw_occupancy": 2 }, "geometry": { "type": "Point", "coordinates": [ 23.31549072265625, 42.649372100830078 ] } },
{ "type": "Feature", "properties": { "latitude": 42.663825988769531, "longitude": 23.356819152832031, "heatmap_weight": 16, "raw_occupancy": 3 }, "geometry": { "type": "Point", "coordinates": [ 23.356819152832031, 42.663825988769531 ] } },
{ "type": "Feature", "properties": { "latitude": 42.664024353027344, "longitude": 23.419889450073242, "heatmap_weight": 4, "raw_occupancy": 1 }, "geometry": { "type": "Point", "coordinates": [ 23.419889450073242, 42.664024353027344 ] } },
{ "type": "Feature", "properties": { "latitude": 42.718986511230469, "longitude": 23.253946304321289, "heatmap_weight": 9, "raw_occupancy": 2 }, "geometry": { "type": "Point", "coordinates": [ 23.253946304321289, 42.718986511230469 ] } },
{ "type": "Feature", "properties": { "latitude": 42.697006225585938, "longitude": 23.28712272644043, "heatmap_weight": 9, "raw_occupancy": 2 }, "geometry": { "type": "Point", "coordinates": [ 23.28712272644043, 42.697006225585938 ] } },
{ "type": "Feature", "properties": { "latitude": 42.704460144042969, "longitude": 23.326116561889648, "heatmap_weight": 4, "raw_occupancy": 1 }, "geometry": { "type": "Point", "coordinates": [ 23.326116561889648, 42.704460144042969 ] } },
{ "type": "Feature", "properties": { "latitude": 42.734333038330078, "longitude": 23.248613357543945, "heatmap_weight": 4, "raw_occupancy": 1 }, "geometry": { "type": "Point", "coordinates": [ 23.248613357543945, 42.734333038330078 ] } },
{ "type": "Feature", "properties": { "latitude": 42.720558166503906, "longitude": 23.242610931396484, "heatmap_weight": 9, "raw_occupancy": 2 }, "geometry": { "type": "Point", "coordinates": [ 23.242610931396484, 42.720558166503906 ] } },
{ "type": "Feature", "properties": { "latitude": 42.681938171386719, "longitude": 23.321147918701172, "heatmap_weight": 9, "raw_occupancy": 2 }, "geometry": { "type": "Point", "coordinates": [ 23.321147918701172, 42.681938171386719 ] } },
{ "type": "Feature", "properties": { "latitude": 42.712486267089844, "longitude": 23.266777038574219, "heatmap_weight": 16, "raw_occupancy": 3 }, "geometry": { "type": "Point", "coordinates": [ 23.266777038574219, 42.712486267089844 ] } },
{ "type": "Feature", "properties": { "latitude": 42.6719970703125, "longitude": 23.272356033325195, "heatmap_weight": 4, "raw_occupancy": 1 }, "geometry": { "type": "Point", "coordinates": [ 23.272356033325195, 42.6719970703125 ] } },
{ "type": "Feature", "properties": { "latitude": 42.668338775634766, "longitude": 23.367277145385742, "heatmap_weight": 4, "raw_occupancy": 1 }, "geometry": { "type": "Point", "coordinates": [ 23.367277145385742, 42.668338775634766 ] } },
{ "type": "Feature", "properties": { "latitude": 42.649517059326172, "longitude": 23.214130401611328, "heatmap_weight": 1, "raw_occupancy": 0 }, "geometry": { "type": "Point", "coordinates": [ 23.214130401611328, 42.649517059326172 ] } },
{ "type": "Feature", "properties": { "latitude": 42.705856323242188, "longitude": 23.33448600769043, "heatmap_weight": 9, "raw_occupancy": 2 }, "geometry": { "type": "Point", "coordinates": [ 23.33448600769043, 42.705856323242188 ] } },
{ "type": "Feature", "properties": { "latitude": 42.629280090332031, "longitude": 23.312429428100586, "heatmap_weight": 16, "raw_occupancy": 3 }, "geometry": { "type": "Point", "coordinates": [ 23.312429428100586, 42.629280090332031 ] } },
{ "type": "Feature", "properties": { "latitude": 42.688941955566406, "longitude": 23.314573287963867, "heatmap_weight": 4, "raw_occupancy": 1 }, "geometry": { "type": "Point", "coordinates": [ 23.314573287963867, 42.688941955566406 ] } },
{ "type": "Feature", "properties": { "latitude": 42.675559997558594, "longitude": 23.334117889404297, "heatmap_weight": 16, "raw_occupancy": 3 }, "geometry": { "type": "Point", "coordinates": [ 23.334117889404297, 42.675559997558594 ] } },
{ "type": "Feature", "properties": { "latitude": 42.6883544921875, "longitude": 23.241266250610352, "heatmap_weight": 1, "raw_occupancy": 0 }, "geometry": { "type": "Point", "coordinates": [ 23.241266250610352, 42.6883544921875 ] } },
{ "type": "Feature", "properties": { "latitude": 42.736537933349609, "longitude": 23.317600250244141, "heatmap_weight": 4, "raw_occupancy": 1 }, "geometry": { "type": "Point", "coordinates": [ 23.317600250244141, 42.736537933349609 ] } },
{ "type": "Feature", "properties": { "latitude": 42.683670043945312, "longitude": 23.323631286621094, "heatmap_weight": 9, "raw_occupancy": 2 }, "geometry": { "type": "Point", "coordinates": [ 23.323631286621094, 42.683670043945312 ] } },
{ "type": "Feature", "properties": { "latitude": 42.707832336425781, "longitude": 23.329767227172852, "heatmap_weight": 1, "raw_occupancy": 0 }, "geometry": { "type": "Point", "coordinates": [ 23.329767227172852, 42.707832336425781 ] } },
{ "type": "Feature", "properties": { "latitude": 42.696250915527344, "longitude": 23.346128463745117, "heatmap_weight": 4, "raw_occupancy": 1 }, "geometry": { "type": "Point", "coordinates": [ 23.346128463745117, 42.696250915527344 ] } },
{ "type": "Feature", "properties": { "latitude": 42.708641052246094, "longitude": 23.250764846801758, "heatmap_weight": 4, "raw_occupancy": 1 }, "geometry": { "type": "Point", "coordinates": [ 23.250764846801758, 42.708641052246094 ] } },
{ "type": "Feature", "properties": { "latitude": 42.739738464355469, "longitude": 23.511848449707031, "heatmap_weight": 9, "raw_occupancy": 2 }, "geometry": { "type": "Point", "coordinates": [ 23.511848449707031, 42.739738464355469 ] } },
{ "type": "Feature", "properties": { "latitude": 42.70001220703125, "longitude": 23.300674438476562, "heatmap_weight": 16, "raw_occupancy": 3 }, "geometry": { "type": "Point", "coordinates": [ 23.300674438476562, 42.70001220703125 ] } },
{ "type": "Feature", "properties": { "latitude": 42.713668823242188, "longitude": 23.248922348022461, "heatmap_weight": 4, "raw_occupancy": 1 }, "geometry": { "type": "Point", "coordinates": [ 23.248922348022461, 42.713668823242188 ] } },
{ "type": "Feature", "properties": { "latitude": 42.663654327392578, "longitude": 23.412519454956055, "heatmap_weight": 9, "raw_occupancy": 2 }, "geometry": { "type": "Point", "coordinates": [ 23.412519454956055, 42.663654327392578 ] } },
{ "type": "Feature", "properties": { "latitude": 42.681507110595703, "longitude": 23.331710815429688, "heatmap_weight": 1, "raw_occupancy": 0 }, "geometry": { "type": "Point", "coordinates": [ 23.331710815429688, 42.681507110595703 ] } },
{ "type": "Feature", "properties": { "latitude": 42.681941986083984, "longitude": 23.318777084350586, "heatmap_weight": 9, "raw_occupancy": 2 }, "geometry": { "type": "Point", "coordinates": [ 23.318777084350586, 42.681941986083984 ] } },
{ "type": "Feature", "properties": { "latitude": 42.686965942382812, "longitude": 23.317008972167969, "heatmap_weight": 9, "raw_occupancy": 2 }, "geometry": { "type": "Point", "coordinates": [ 23.317008972167969, 42.686965942382812 ] } },
{ "type": "Feature", "properties": { "latitude": 42.677181243896484, "longitude": 23.235176086425781, "heatmap_weight": 4, "raw_occupancy": 1 }, "geometry": { "type": "Point", "coordinates": [ 23.235176086425781, 42.677181243896484 ] } },
{ "type": "Feature", "properties": { "latitude": 42.686653137207031, "longitude": 23.299816131591797, "heatmap_weight": 9, "raw_occupancy": 2 }, "geometry": { "type": "Point", "coordinates": [ 23.299816131591797, 42.686653137207031 ] } },
{ "type": "Feature", "properties": { "latitude": 42.705474853515625, "longitude": 23.332620620727539, "heatmap_weight": 4, "raw_occupancy": 1 }, "geometry": { "type": "Point", "coordinates": [ 23.332620620727539, 42.705474853515625 ] } },
{ "type": "Feature", "properties": { "latitude": 42.700393676757812, "longitude": 23.307374954223633, "heatmap_weight": 9, "raw_occupancy": 2 }, "geometry": { "type": "Point", "coordinates": [ 23.307374954223633, 42.700393676757812 ] } },
{ "type": "Feature", "properties": { "latitude": 42.674335479736328, "longitude": 23.277246475219727, "heatmap_weight": 9, "raw_occupancy": 2 }, "geometry": { "type": "Point", "coordinates": [ 23.277246475219727, 42.674335479736328 ] } },
{ "type": "Feature", "properties": { "latitude": 42.705322265625, "longitude": 23.322883605957031, "heatmap_weight": 9, "raw_occupancy": 2 }, "geometry": { "type": "Point", "coordinates": [ 23.322883605957031, 42.705322265625 ] } },
{ "type": "Feature", "properties": { "latitude": 42.723648071289062, "longitude": 23.281167984008789, "heatmap_weight": 9, "raw_occupancy": 2 }, "geometry": { "type": "Point", "coordinates": [ 23.281167984008789, 42.723648071289062 ] } },
{ "type": "Feature", "properties": { "latitude": 42.673145294189453, "longitude": 23.36224365234375, "heatmap_weight": 9, "raw_occupancy": 2 }, "geometry": { "type": "Point", "coordinates": [ 23.36224365234375, 42.673145294189453 ] } },
{ "type": "Feature", "properties": { "latitude": 42.720771789550781, "longitude": 23.26531982421875, "heatmap_weight": 4, "raw_occupancy": 1 }, "geometry": { "type": "Point", "coordinates": [ 23.26531982421875, 42.720771789550781 ] } },
{ "type": "Feature", "properties": { "latitude": 42.717864990234375, "longitude": 23.27894401550293, "heatmap_weight": 4, "raw_occupancy": 1 }, "geometry": { "type": "Point", "coordinates": [ 23.27894401550293, 42.717864990234375 ] } },
{ "type": "Feature", "properties": { "latitude": 42.723190307617188, "longitude": 23.311798095703125, "heatmap_weight": 4, "raw_occupancy": 1 }, "geometry": { "type": "Point", "coordinates": [ 23.311798095703125, 42.723190307617188 ] } },
{ "type": "Feature", "properties": { "latitude": 42.600555419921875, "longitude": 23.496234893798828, "heatmap_weight": 1, "raw_occupancy": 0 }, "geometry": { "type": "Point", "coordinates": [ 23.496234893798828, 42.600555419921875 ] } },
{ "type": "Feature", "properties": { "latitude": 42.673175811767578, "longitude": 23.324148178100586, "heatmap_weight": 4, "raw_occupancy": 1 }, "geometry": { "type": "Point", "coordinates": [ 23.324148178100586, 42.673175811767578 ] } },
{ "type": "Feature", "properties": { "latitude": 42.693843841552734, "longitude": 23.315105438232422, "heatmap_weight": 4, "raw_occupancy": 1 }, "geometry": { "type": "Point", "coordinates": [ 23.315105438232422, 42.693843841552734 ] } },
{ "type": "Feature", "properties": { "latitude": 42.664279937744141, "longitude": 23.287179946899414, "heatmap_weight": 9, "raw_occupancy": 2 }, "geometry": { "type": "Point", "coordinates": [ 23.287179946899414, 42.664279937744141 ] } },
{ "type": "Feature", "properties": { "latitude": 42.657417297363281, "longitude": 23.42656135559082, "heatmap_weight": 4, "raw_occupancy": 1 }, "geometry": { "type": "Point", "coordinates": [ 23.42656135559082, 42.657417297363281 ] } },
{ "type": "Feature", "properties": { "latitude": 42.790157318115234, "longitude": 23.332529067993164, "heatmap_weight": 9, "raw_occupancy": 2 }, "geometry": { "type": "Point", "coordinates": [ 23.332529067993164, 42.790157318115234 ] } },
{ "type": "Feature", "properties": { "latitude": 42.643032073974609, "longitude": 23.313076019287109, "heatmap_weight": 9, "raw_occupancy": 2 }, "geometry": { "type": "Point", "coordinates": [ 23.313076019287109, 42.643032073974609 ] } },
{ "type": "Feature", "properties": { "latitude": 42.698806762695312, "longitude": 23.335428237915039, "heatmap_weight": 1, "raw_occupancy": 0 }, "geometry": { "type": "Point", "coordinates": [ 23.335428237915039, 42.698806762695312 ] } },
{ "type": "Feature", "properties": { "latitude": 42.674449920654297, "longitude": 23.360097885131836, "heatmap_weight": 4, "raw_occupancy": 1 }, "geometry": { "type": "Point", "coordinates": [ 23.360097885131836, 42.674449920654297 ] } },
{ "type": "Feature", "properties": { "latitude": 42.685619354248047, "longitude": 23.274257659912109, "heatmap_weight": 4, "raw_occupancy": 1 }, "geometry": { "type": "Point", "coordinates": [ 23.274257659912109, 42.685619354248047 ] } },
{ "type": "Feature", "properties": { "latitude": 42.647071838378906, "longitude": 23.416078567504883, "heatmap_weight": 1, "raw_occupancy": 0 }, "geometry": { "type": "Point", "coordinates": [ 23.416078567504883, 42.647071838378906 ] } },
{ "type": "Feature", "properties": { "latitude": 42.710693359375, "longitude": 23.384685516357422, "heatmap_weight": 4, "raw_occupancy": 1 }, "geometry": { "type": "Point", "coordinates": [ 23.384685516357422, 42.710693359375 ] } },
{ "type": "Feature", "properties": { "latitude": 42.651908874511719, "longitude": 23.374685287475586, "heatmap_weight": 1, "raw_occupancy": 0 }, "geometry": { "type": "Point", "coordinates": [ 23.374685287475586, 42.651908874511719 ] } },
{ "type": "Feature", "properties": { "latitude": 42.657825469970703, "longitude": 23.386257171630859, "heatmap_weight": 9, "raw_occupancy": 2 }, "geometry": { "type": "Point", "coordinates": [ 23.386257171630859, 42.657825469970703 ] } },
{ "type": "Feature", "properties": { "latitude": 42.673679351806641, "longitude": 23.374429702758789, "heatmap_weight": 4, "raw_occupancy": 1 }, "geometry": { "type": "Point", "coordinates": [ 23.374429702758789, 42.673679351806641 ] } },
{ "type": "Feature", "properties": { "latitude": 42.667762756347656, "longitude": 23.265714645385742, "heatmap_weight": 4, "raw_occupancy": 1 }, "geometry": { "type": "Point", "coordinates": [ 23.265714645385742, 42.667762756347656 ] } },
{ "type": "Feature", "properties": { "latitude": 42.718025207519531, "longitude": 23.256443023681641, "heatmap_weight": 1, "raw_occupancy": 0 }, "geometry": { "type": "Point", "coordinates": [ 23.256443023681641, 42.718025207519531 ] } },
{ "type": "Feature", "properties": { "latitude": 42.702632904052734, "longitude": 23.384071350097656, "heatmap_weight": 4, "raw_occupancy": 1 }, "geometry": { "type": "Point", "coordinates": [ 23.384071350097656, 42.702632904052734 ] } },
{ "type": "Feature", "properties": { "latitude": 42.693599700927734, "longitude": 23.355499267578125, "heatmap_weight": 16, "raw_occupancy": 3 }, "geometry": { "type": "Point", "coordinates": [ 23.355499267578125, 42.693599700927734 ] } },
{ "type": "Feature", "properties": { "latitude": 42.655277252197266, "longitude": 23.381839752197266, "heatmap_weight": 4, "raw_occupancy": 1 }, "geometry": { "type": "Point", "coordinates": [ 23.381839752197266, 42.655277252197266 ] } },
{ "type": "Feature", "properties": { "latitude": 42.65496826171875, "longitude": 23.349464416503906, "heatmap_weight": 9, "raw_occupancy": 2 }, "geometry": { "type": "Point", "coordinates": [ 23.349464416503906, 42.65496826171875 ] } },
{ "type": "Feature", "properties": { "latitude": 42.657726287841797, "longitude": 23.349002838134766, "heatmap_weight": 16, "raw_occupancy": 3 }, "geometry": { "type": "Point", "coordinates": [ 23.349002838134766, 42.657726287841797 ] } },
{ "type": "Feature", "properties": { "latitude": 42.564598083496094, "longitude": 23.362098693847656, "heatmap_weight": 1, "raw_occupancy": 0 }, "geometry": { "type": "Point", "coordinates": [ 23.362098693847656, 42.564598083496094 ] } },
{ "type": "Feature", "properties": { "latitude": 42.662605285644531, "longitude": 23.358245849609375, "heatmap_weight": 9, "raw_occupancy": 2 }, "geometry": { "type": "Point", "coordinates": [ 23.358245849609375, 42.662605285644531 ] } },
{ "type": "Feature", "properties": { "latitude": 42.6790771484375, "longitude": 23.302827835083008, "heatmap_weight": 4, "raw_occupancy": 1 }, "geometry": { "type": "Point", "coordinates": [ 23.302827835083008, 42.6790771484375 ] } },
{ "type": "Feature", "properties": { "latitude": 42.671352386474609, "longitude": 23.272010803222656, "heatmap_weight": 4, "raw_occupancy": 1 }, "geometry": { "type": "Point", "coordinates": [ 23.272010803222656, 42.671352386474609 ] } },
{ "type": "Feature", "properties": { "latitude": 42.731979370117188, "longitude": 23.296791076660156, "heatmap_weight": 16, "raw_occupancy": 3 }, "geometry": { "type": "Point", "coordinates": [ 23.296791076660156, 42.731979370117188 ] } },
{ "type": "Feature", "properties": { "latitude": 42.663372039794922, "longitude": 23.274398803710938, "heatmap_weight": 4, "raw_occupancy": 1 }, "geometry": { "type": "Point", "coordinates": [ 23.274398803710938, 42.663372039794922 ] } },
{ "type": "Feature", "properties": { "latitude": 42.702430725097656, "longitude": 23.285215377807617, "heatmap_weight": 4, "raw_occupancy": 1 }, "geometry": { "type": "Point", "coordinates": [ 23.285215377807617, 42.702430725097656 ] } },
{ "type": "Feature", "properties": { "latitude": 42.719215393066406, "longitude": 23.235822677612305, "heatmap_weight": 1, "raw_occupancy": 0 }, "geometry": { "type": "Point", "coordinates": [ 23.235822677612305, 42.719215393066406 ] } },
{ "type": "Feature", "properties": { "latitude": 42.663360595703125, "longitude": 23.291831970214844, "heatmap_weight": 4, "raw_occupancy": 1 }, "geometry": { "type": "Point", "coordinates": [ 23.291831970214844, 42.663360595703125 ] } },
{ "type": "Feature", "properties": { "latitude": 42.730327606201172, "longitude": 23.255867004394531, "heatmap_weight": 1, "raw_occupancy": 0 }, "geometry": { "type": "Point", "coordinates": [ 23.255867004394531, 42.730327606201172 ] } },
{ "type": "Feature", "properties": { "latitude": 42.700462341308594, "longitude": 23.297311782836914, "heatmap_weight": 9, "raw_occupancy": 2 }, "geometry": { "type": "Point", "coordinates": [ 23.297311782836914, 42.700462341308594 ] } },
{ "type": "Feature", "properties": { "latitude": 42.596599578857422, "longitude": 23.412286758422852, "heatmap_weight": 4, "raw_occupancy": 1 }, "geometry": { "type": "Point", "coordinates": [ 23.412286758422852, 42.596599578857422 ] } },
{ "type": "Feature", "properties": { "latitude": 42.675739288330078, "longitude": 23.288484573364258, "heatmap_weight": 4, "raw_occupancy": 1 }, "geometry": { "type": "Point", "coordinates": [ 23.288484573364258, 42.675739288330078 ] } },
{ "type": "Feature", "properties": { "latitude": 42.640426635742188, "longitude": 23.31574821472168, "heatmap_weight": 4, "raw_occupancy": 1 }, "geometry": { "type": "Point", "coordinates": [ 23.31574821472168, 42.640426635742188 ] } },
{ "type": "Feature", "properties": { "latitude": 42.711921691894531, "longitude": 23.318029403686523, "heatmap_weight": 1, "raw_occupancy": 0 }, "geometry": { "type": "Point", "coordinates": [ 23.318029403686523, 42.711921691894531 ] } },
{ "type": "Feature", "properties": { "latitude": 42.7283935546875, "longitude": 23.379934310913086, "heatmap_weight": 4, "raw_occupancy": 1 }, "geometry": { "type": "Point", "coordinates": [ 23.379934310913086, 42.7283935546875 ] } },
{ "type": "Feature", "properties": { "latitude": 42.685745239257812, "longitude": 23.365636825561523, "heatmap_weight": 9, "raw_occupancy": 2 }, "geometry": { "type": "Point", "coordinates": [ 23.365636825561523, 42.685745239257812 ] } },
{ "type": "Feature", "properties": { "latitude": 42.712856292724609, "longitude": 23.303762435913086, "heatmap_weight": 4, "raw_occupancy": 1 }, "geometry": { "type": "Point", "coordinates": [ 23.303762435913086, 42.712856292724609 ] } },
{ "type": "Feature", "properties": { "latitude": 42.714485168457031, "longitude": 23.312816619873047, "heatmap_weight": 4, "raw_occupancy": 1 }, "geometry": { "type": "Point", "coordinates": [ 23.312816619873047, 42.714485168457031 ] } },
{ "type": "Feature", "properties": { "latitude": 42.678466796875, "longitude": 23.298301696777344, "heatmap_weight": 4, "raw_occupancy": 1 }, "geometry": { "type": "Point", "coordinates": [ 23.298301696777344, 42.678466796875 ] } },
{ "type": "Feature", "properties": { "latitude": 42.661548614501953, "longitude": 23.284374237060547, "heatmap_weight": 4, "raw_occupancy": 1 }, "geometry": { "type": "Point", "coordinates": [ 23.284374237060547, 42.661548614501953 ] } },
{ "type": "Feature", "properties": { "latitude": 42.709823608398438, "longitude": 23.38435173034668, "heatmap_weight": 4, "raw_occupancy": 1 }, "geometry": { "type": "Point", "coordinates": [ 23.38435173034668, 42.709823608398438 ] } },
{ "type": "Feature", "properties": { "latitude": 42.687995910644531, "longitude": 23.415824890136719, "heatmap_weight": 4, "raw_occupancy": 1 }, "geometry": { "type": "Point", "coordinates": [ 23.415824890136719, 42.687995910644531 ] } },
{ "type": "Feature", "properties": { "latitude": 42.622879028320312, "longitude": 23.37989616394043, "heatmap_weight": 4, "raw_occupancy": 1 }, "geometry": { "type": "Point", "coordinates": [ 23.37989616394043, 42.622879028320312 ] } },
{ "type": "Feature", "properties": { "latitude": 42.665653228759766, "longitude": 23.302141189575195, "heatmap_weight": 9, "raw_occupancy": 2 }, "geometry": { "type": "Point", "coordinates": [ 23.302141189575195, 42.665653228759766 ] } },
{ "type": "Feature", "properties": { "latitude": 42.656848907470703, "longitude": 23.284486770629883, "heatmap_weight": 4, "raw_occupancy": 1 }, "geometry": { "type": "Point", "coordinates": [ 23.284486770629883, 42.656848907470703 ] } },
{ "type": "Feature", "properties": { "latitude": 42.660251617431641, "longitude": 23.391891479492188, "heatmap_weight": 9, "raw_occupancy": 2 }, "geometry": { "type": "Point", "coordinates": [ 23.391891479492188, 42.660251617431641 ] } },
{ "type": "Feature", "properties": { "latitude": 42.648872375488281, "longitude": 23.335477828979492, "heatmap_weight": 4, "raw_occupancy": 1 }, "geometry": { "type": "Point", "coordinates": [ 23.335477828979492, 42.648872375488281 ] } },
{ "type": "Feature", "properties": { "latitude": 42.6513671875, "longitude": 23.342447280883789, "heatmap_weight": 9, "raw_occupancy": 2 }, "geometry": { "type": "Point", "coordinates": [ 23.342447280883789, 42.6513671875 ] } },
{ "type": "Feature", "properties": { "latitude": 42.672225952148438, "longitude": 23.36353874206543, "heatmap_weight": 9, "raw_occupancy": 2 }, "geometry": { "type": "Point", "coordinates": [ 23.36353874206543, 42.672225952148438 ] } },
{ "type": "Feature", "properties": { "latitude": 42.695140838623047, "longitude": 23.295482635498047, "heatmap_weight": 4, "raw_occupancy": 1 }, "geometry": { "type": "Point", "coordinates": [ 23.295482635498047, 42.695140838623047 ] } },
{ "type": "Feature", "properties": { "latitude": 42.640411376953125, "longitude": 23.412342071533203, "heatmap_weight": 1, "raw_occupancy": 0 }, "geometry": { "type": "Point", "coordinates": [ 23.412342071533203, 42.640411376953125 ] } },
{ "type": "Feature", "properties": { "latitude": 42.696224212646484, "longitude": 23.345876693725586, "heatmap_weight": 9, "raw_occupancy": 2 }, "geometry": { "type": "Point", "coordinates": [ 23.345876693725586, 42.696224212646484 ] } },
{ "type": "Feature", "properties": { "latitude": 42.694107055664062, "longitude": 23.366348266601562, "heatmap_weight": 9, "raw_occupancy": 2 }, "geometry": { "type": "Point", "coordinates": [ 23.366348266601562, 42.694107055664062 ] } },
{ "type": "Feature", "properties": { "latitude": 42.693527221679688, "longitude": 23.351127624511719, "heatmap_weight": 9, "raw_occupancy": 2 }, "geometry": { "type": "Point", "coordinates": [ 23.351127624511719, 42.693527221679688 ] } },
{ "type": "Feature", "properties": { "latitude": 42.783065795898438, "longitude": 23.506292343139648, "heatmap_weight": 4, "raw_occupancy": 1 }, "geometry": { "type": "Point", "coordinates": [ 23.506292343139648, 42.783065795898438 ] } },
{ "type": "Feature", "properties": { "latitude": 42.698074340820312, "longitude": 23.313066482543945, "heatmap_weight": 4, "raw_occupancy": 1 }, "geometry": { "type": "Point", "coordinates": [ 23.313066482543945, 42.698074340820312 ] } },
{ "type": "Feature", "properties": { "latitude": 42.709804534912109, "longitude": 23.372209548950195, "heatmap_weight": 1, "raw_occupancy": 0 }, "geometry": { "type": "Point", "coordinates": [ 23.372209548950195, 42.709804534912109 ] } },
{ "type": "Feature", "properties": { "latitude": 42.7109375, "longitude": 23.319877624511719, "heatmap_weight": 1, "raw_occupancy": 0 }, "geometry": { "type": "Point", "coordinates": [ 23.319877624511719, 42.7109375 ] } },
{ "type": "Feature", "properties": { "latitude": 42.698516845703125, "longitude": 23.310083389282227, "heatmap_weight": 4, "raw_occupancy": 1 }, "geometry": { "type": "Point", "coordinates": [ 23.310083389282227, 42.698516845703125 ] } },
{ "type": "Feature", "properties": { "latitude": 42.700809478759766, "longitude": 23.318437576293945, "heatmap_weight": 4, "raw_occupancy": 1 }, "geometry": { "type": "Point", "coordinates": [ 23.318437576293945, 42.700809478759766 ] } },
{ "type": "Feature", "properties": { "latitude": 42.712604522705078, "longitude": 23.317127227783203, "heatmap_weight": 4, "raw_occupancy": 1 }, "geometry": { "type": "Point", "coordinates": [ 23.317127227783203, 42.712604522705078 ] } },
{ "type": "Feature", "properties": { "latitude": 42.761459350585938, "longitude": 23.562801361083984, "heatmap_weight": 1, "raw_occupancy": 0 }, "geometry": { "type": "Point", "coordinates": [ 23.562801361083984, 42.761459350585938 ] } },
{ "type": "Feature", "properties": { "latitude": 42.705101013183594, "longitude": 23.318149566650391, "heatmap_weight": 4, "raw_occupancy": 1 }, "geometry": { "type": "Point", "coordinates": [ 23.318149566650391, 42.705101013183594 ] } },
{ "type": "Feature", "properties": { "latitude": 42.671768188476562, "longitude": 23.393112182617188, "heatmap_weight": 4, "raw_occupancy": 1 }, "geometry": { "type": "Point", "coordinates": [ 23.393112182617188, 42.671768188476562 ] } },
{ "type": "Feature", "properties": { "latitude": 42.659839630126953, "longitude": 23.245367050170898, "heatmap_weight": 1, "raw_occupancy": 0 }, "geometry": { "type": "Point", "coordinates": [ 23.245367050170898, 42.659839630126953 ] } },
{ "type": "Feature", "properties": { "latitude": 42.627601623535156, "longitude": 23.193954467773438, "heatmap_weight": 1, "raw_occupancy": 0 }, "geometry": { "type": "Point", "coordinates": [ 23.193954467773438, 42.627601623535156 ] } },
{ "type": "Feature", "properties": { "latitude": 42.665382385253906, "longitude": 23.422016143798828, "heatmap_weight": 4, "raw_occupancy": 1 }, "geometry": { "type": "Point", "coordinates": [ 23.422016143798828, 42.665382385253906 ] } },
{ "type": "Feature", "properties": { "latitude": 42.683158874511719, "longitude": 23.293190002441406, "heatmap_weight": 9, "raw_occupancy": 2 }, "geometry": { "type": "Point", "coordinates": [ 23.293190002441406, 42.683158874511719 ] } },
{ "type": "Feature", "properties": { "latitude": 42.673973083496094, "longitude": 23.296096801757812, "heatmap_weight": 9, "raw_occupancy": 2 }, "geometry": { "type": "Point", "coordinates": [ 23.296096801757812, 42.673973083496094 ] } },
{ "type": "Feature", "properties": { "latitude": 42.6685791015625, "longitude": 23.303529739379883, "heatmap_weight": 9, "raw_occupancy": 2 }, "geometry": { "type": "Point", "coordinates": [ 23.303529739379883, 42.6685791015625 ] } },
{ "type": "Feature", "properties": { "latitude": 42.711257934570312, "longitude": 23.271081924438477, "heatmap_weight": 9, "raw_occupancy": 2 }, "geometry": { "type": "Point", "coordinates": [ 23.271081924438477, 42.711257934570312 ] } },
{ "type": "Feature", "properties": { "latitude": 42.640697479248047, "longitude": 23.374307632446289, "heatmap_weight": 4, "raw_occupancy": 1 }, "geometry": { "type": "Point", "coordinates": [ 23.374307632446289, 42.640697479248047 ] } },
{ "type": "Feature", "properties": { "latitude": 42.676631927490234, "longitude": 23.304426193237305, "heatmap_weight": 1, "raw_occupancy": 0 }, "geometry": { "type": "Point", "coordinates": [ 23.304426193237305, 42.676631927490234 ] } },
{ "type": "Feature", "properties": { "latitude": 42.6907958984375, "longitude": 23.35418701171875, "heatmap_weight": 9, "raw_occupancy": 2 }, "geometry": { "type": "Point", "coordinates": [ 23.35418701171875, 42.6907958984375 ] } },
{ "type": "Feature", "properties": { "latitude": 42.684932708740234, "longitude": 23.296564102172852, "heatmap_weight": 9, "raw_occupancy": 2 }, "geometry": { "type": "Point", "coordinates": [ 23.296564102172852, 42.684932708740234 ] } },
{ "type": "Feature", "properties": { "latitude": 42.774101257324219, "longitude": 23.244155883789062, "heatmap_weight": 4, "raw_occupancy": 1 }, "geometry": { "type": "Point", "coordinates": [ 23.244155883789062, 42.774101257324219 ] } },
{ "type": "Feature", "properties": { "latitude": 42.820056915283203, "longitude": 23.300651550292969, "heatmap_weight": 4, "raw_occupancy": 1 }, "geometry": { "type": "Point", "coordinates": [ 23.300651550292969, 42.820056915283203 ] } },
{ "type": "Feature", "properties": { "latitude": 42.671958923339844, "longitude": 23.336742401123047, "heatmap_weight": 1, "raw_occupancy": 0 }, "geometry": { "type": "Point", "coordinates": [ 23.336742401123047, 42.671958923339844 ] } },
{ "type": "Feature", "properties": { "latitude": 42.690395355224609, "longitude": 23.254180908203125, "heatmap_weight": 4, "raw_occupancy": 1 }, "geometry": { "type": "Point", "coordinates": [ 23.254180908203125, 42.690395355224609 ] } },
{ "type": "Feature", "properties": { "latitude": 42.671333312988281, "longitude": 23.36433219909668, "heatmap_weight": 4, "raw_occupancy": 1 }, "geometry": { "type": "Point", "coordinates": [ 23.36433219909668, 42.671333312988281 ] } },
{ "type": "Feature", "properties": { "latitude": 42.706085205078125, "longitude": 23.332456588745117, "heatmap_weight": 9, "raw_occupancy": 2 }, "geometry": { "type": "Point", "coordinates": [ 23.332456588745117, 42.706085205078125 ] } },
{ "type": "Feature", "properties": { "latitude": 42.657958984375, "longitude": 23.414913177490234, "heatmap_weight": 9, "raw_occupancy": 2 }, "geometry": { "type": "Point", "coordinates": [ 23.414913177490234, 42.657958984375 ] } },
{ "type": "Feature", "properties": { "latitude": 42.722446441650391, "longitude": 23.342620849609375, "heatmap_weight": 4, "raw_occupancy": 1 }, "geometry": { "type": "Point", "coordinates": [ 23.342620849609375, 42.722446441650391 ] } },
{ "type": "Feature", "properties": { "latitude": 42.698078155517578, "longitude": 23.296607971191406, "heatmap_weight": 9, "raw_occupancy": 2 }, "geometry": { "type": "Point", "coordinates": [ 23.296607971191406, 42.698078155517578 ] } },
{ "type": "Feature", "properties": { "latitude": 42.671638488769531, "longitude": 23.363945007324219, "heatmap_weight": 9, "raw_occupancy": 2 }, "geometry": { "type": "Point", "coordinates": [ 23.363945007324219, 42.671638488769531 ] } },
{ "type": "Feature", "properties": { "latitude": 42.659030914306641, "longitude": 23.346391677856445, "heatmap_weight": 9, "raw_occupancy": 2 }, "geometry": { "type": "Point", "coordinates": [ 23.346391677856445, 42.659030914306641 ] } },
{ "type": "Feature", "properties": { "latitude": 42.683597564697266, "longitude": 23.353931427001953, "heatmap_weight": 9, "raw_occupancy": 2 }, "geometry": { "type": "Point", "coordinates": [ 23.353931427001953, 42.683597564697266 ] } },
{ "type": "Feature", "properties": { "latitude": 42.680438995361328, "longitude": 23.269121170043945, "heatmap_weight": 4, "raw_occupancy": 1 }, "geometry": { "type": "Point", "coordinates": [ 23.269121170043945, 42.680438995361328 ] } },
{ "type": "Feature", "properties": { "latitude": 42.717445373535156, "longitude": 23.339279174804688, "heatmap_weight": 9, "raw_occupancy": 2 }, "geometry": { "type": "Point", "coordinates": [ 23.339279174804688, 42.717445373535156 ] } },
{ "type": "Feature", "properties": { "latitude": 42.689403533935547, "longitude": 23.314868927001953, "heatmap_weight": 4, "raw_occupancy": 1 }, "geometry": { "type": "Point", "coordinates": [ 23.314868927001953, 42.689403533935547 ] } },
{ "type": "Feature", "properties": { "latitude": 42.705799102783203, "longitude": 23.370304107666016, "heatmap_weight": 4, "raw_occupancy": 1 }, "geometry": { "type": "Point", "coordinates": [ 23.370304107666016, 42.705799102783203 ] } },
{ "type": "Feature", "properties": { "latitude": 42.703029632568359, "longitude": 23.351303100585938, "heatmap_weight": 4, "raw_occupancy": 1 }, "geometry": { "type": "Point", "coordinates": [ 23.351303100585938, 42.703029632568359 ] } },
{ "type": "Feature", "properties": { "latitude": 42.787387847900391, "longitude": 23.401472091674805, "heatmap_weight": 1, "raw_occupancy": 0 }, "geometry": { "type": "Point", "coordinates": [ 23.401472091674805, 42.787387847900391 ] } },
{ "type": "Feature", "properties": { "latitude": 42.788990020751953, "longitude": 23.444725036621094, "heatmap_weight": 1, "raw_occupancy": 0 }, "geometry": { "type": "Point", "coordinates": [ 23.444725036621094, 42.788990020751953 ] } },
{ "type": "Feature", "properties": { "latitude": 42.672267913818359, "longitude": 23.294317245483398, "heatmap_weight": 9, "raw_occupancy": 2 }, "geometry": { "type": "Point", "coordinates": [ 23.294317245483398, 42.672267913818359 ] } },
{ "type": "Feature", "properties": { "latitude": 42.699039459228516, "longitude": 23.334672927856445, "heatmap_weight": 4, "raw_occupancy": 1 }, "geometry": { "type": "Point", "coordinates": [ 23.334672927856445, 42.699039459228516 ] } },
{ "type": "Feature", "properties": { "latitude": 42.634815216064453, "longitude": 23.374994277954102, "heatmap_weight": 4, "raw_occupancy": 1 }, "geometry": { "type": "Point", "coordinates": [ 23.374994277954102, 42.634815216064453 ] } },
{ "type": "Feature", "properties": { "latitude": 42.699474334716797, "longitude": 23.325973510742188, "heatmap_weight": 9, "raw_occupancy": 2 }, "geometry": { "type": "Point", "coordinates": [ 23.325973510742188, 42.699474334716797 ] } },
{ "type": "Feature", "properties": { "latitude": 42.658882141113281, "longitude": 23.299404144287109, "heatmap_weight": 4, "raw_occupancy": 1 }, "geometry": { "type": "Point", "coordinates": [ 23.299404144287109, 42.658882141113281 ] } },
{ "type": "Feature", "properties": { "latitude": 42.737144470214844, "longitude": 23.269329071044922, "heatmap_weight": 4, "raw_occupancy": 1 }, "geometry": { "type": "Point", "coordinates": [ 23.269329071044922, 42.737144470214844 ] } },
{ "type": "Feature", "properties": { "latitude": 42.698760986328125, "longitude": 23.33500862121582, "heatmap_weight": 4, "raw_occupancy": 1 }, "geometry": { "type": "Point", "coordinates": [ 23.33500862121582, 42.698760986328125 ] } },
{ "type": "Feature", "properties": { "latitude": 42.712528228759766, "longitude": 23.288454055786133, "heatmap_weight": 4, "raw_occupancy": 1 }, "geometry": { "type": "Point", "coordinates": [ 23.288454055786133, 42.712528228759766 ] } },
{ "type": "Feature", "properties": { "latitude": 42.678050994873047, "longitude": 23.389297485351562, "heatmap_weight": 1, "raw_occupancy": 0 }, "geometry": { "type": "Point", "coordinates": [ 23.389297485351562, 42.678050994873047 ] } },
{ "type": "Feature", "properties": { "latitude": 42.736812591552734, "longitude": 23.24281120300293, "heatmap_weight": 16, "raw_occupancy": 3 }, "geometry": { "type": "Point", "coordinates": [ 23.24281120300293, 42.736812591552734 ] } },
{ "type": "Feature", "properties": { "latitude": 42.692153930664062, "longitude": 23.334100723266602, "heatmap_weight": 4, "raw_occupancy": 1 }, "geometry": { "type": "Point", "coordinates": [ 23.334100723266602, 42.692153930664062 ] } },
{ "type": "Feature", "properties": { "latitude": 42.636150360107422, "longitude": 23.426727294921875, "heatmap_weight": 9, "raw_occupancy": 2 }, "geometry": { "type": "Point", "coordinates": [ 23.426727294921875, 42.636150360107422 ] } },
{ "type": "Feature", "properties": { "latitude": 42.686046600341797, "longitude": 23.328983306884766, "heatmap_weight": 9, "raw_occupancy": 2 }, "geometry": { "type": "Point", "coordinates": [ 23.328983306884766, 42.686046600341797 ] } },
{ "type": "Feature", "properties": { "latitude": 42.663036346435547, "longitude": 23.303249359130859, "heatmap_weight": 16, "raw_occupancy": 3 }, "geometry": { "type": "Point", "coordinates": [ 23.303249359130859, 42.663036346435547 ] } },
{ "type": "Feature", "properties": { "latitude": 42.656890869140625, "longitude": 23.316776275634766, "heatmap_weight": 4, "raw_occupancy": 1 }, "geometry": { "type": "Point", "coordinates": [ 23.316776275634766, 42.656890869140625 ] } },
{ "type": "Feature", "properties": { "latitude": 42.665477752685547, "longitude": 23.34269905090332, "heatmap_weight": 4, "raw_occupancy": 1 }, "geometry": { "type": "Point", "coordinates": [ 23.34269905090332, 42.665477752685547 ] } },
{ "type": "Feature", "properties": { "latitude": 42.679214477539062, "longitude": 23.321636199951172, "heatmap_weight": 4, "raw_occupancy": 1 }, "geometry": { "type": "Point", "coordinates": [ 23.321636199951172, 42.679214477539062 ] } },
{ "type": "Feature", "properties": { "latitude": 42.717597961425781, "longitude": 23.278791427612305, "heatmap_weight": 9, "raw_occupancy": 2 }, "geometry": { "type": "Point", "coordinates": [ 23.278791427612305, 42.717597961425781 ] } },
{ "type": "Feature", "properties": { "latitude": 42.715858459472656, "longitude": 23.251216888427734, "heatmap_weight": 4, "raw_occupancy": 1 }, "geometry": { "type": "Point", "coordinates": [ 23.251216888427734, 42.715858459472656 ] } },
{ "type": "Feature", "properties": { "latitude": 42.675563812255859, "longitude": 23.288299560546875, "heatmap_weight": 9, "raw_occupancy": 2 }, "geometry": { "type": "Point", "coordinates": [ 23.288299560546875, 42.675563812255859 ] } },
{ "type": "Feature", "properties": { "latitude": 42.691329956054688, "longitude": 23.32526969909668, "heatmap_weight": 4, "raw_occupancy": 1 }, "geometry": { "type": "Point", "coordinates": [ 23.32526969909668, 42.691329956054688 ] } },
{ "type": "Feature", "properties": { "latitude": 42.727394104003906, "longitude": 23.262460708618164, "heatmap_weight": 4, "raw_occupancy": 1 }, "geometry": { "type": "Point", "coordinates": [ 23.262460708618164, 42.727394104003906 ] } },
{ "type": "Feature", "properties": { "latitude": 42.676189422607422, "longitude": 23.30908203125, "heatmap_weight": 1, "raw_occupancy": 0 }, "geometry": { "type": "Point", "coordinates": [ 23.30908203125, 42.676189422607422 ] } },
{ "type": "Feature", "properties": { "latitude": 42.646617889404297, "longitude": 23.346155166625977, "heatmap_weight": 1, "raw_occupancy": 0 }, "geometry": { "type": "Point", "coordinates": [ 23.346155166625977, 42.646617889404297 ] } },
{ "type": "Feature", "properties": { "latitude": 42.668197631835938, "longitude": 23.328411102294922, "heatmap_weight": 4, "raw_occupancy": 1 }, "geometry": { "type": "Point", "coordinates": [ 23.328411102294922, 42.668197631835938 ] } },
{ "type": "Feature", "properties": { "latitude": 42.693218231201172, "longitude": 23.323240280151367, "heatmap_weight": 4, "raw_occupancy": 1 }, "geometry": { "type": "Point", "coordinates": [ 23.323240280151367, 42.693218231201172 ] } },
{ "type": "Feature", "properties": { "latitude": 42.68988037109375, "longitude": 23.364078521728516, "heatmap_weight": 9, "raw_occupancy": 2 }, "geometry": { "type": "Point", "coordinates": [ 23.364078521728516, 42.68988037109375 ] } },
{ "type": "Feature", "properties": { "latitude": 42.696823120117188, "longitude": 23.279193878173828, "heatmap_weight": 4, "raw_occupancy": 1 }, "geometry": { "type": "Point", "coordinates": [ 23.279193878173828, 42.696823120117188 ] } },
{ "type": "Feature", "properties": { "latitude": 42.696029663085938, "longitude": 23.319040298461914, "heatmap_weight": 1, "raw_occupancy": 0 }, "geometry": { "type": "Point", "coordinates": [ 23.319040298461914, 42.696029663085938 ] } },
{ "type": "Feature", "properties": { "latitude": 42.630458831787109, "longitude": 23.373130798339844, "heatmap_weight": 4, "raw_occupancy": 1 }, "geometry": { "type": "Point", "coordinates": [ 23.373130798339844, 42.630458831787109 ] } },
{ "type": "Feature", "properties": { "latitude": 42.687061309814453, "longitude": 23.275327682495117, "heatmap_weight": 9, "raw_occupancy": 2 }, "geometry": { "type": "Point", "coordinates": [ 23.275327682495117, 42.687061309814453 ] } },
{ "type": "Feature", "properties": { "latitude": 42.701606750488281, "longitude": 23.297586441040039, "heatmap_weight": 1, "raw_occupancy": 0 }, "geometry": { "type": "Point", "coordinates": [ 23.297586441040039, 42.701606750488281 ] } },
{ "type": "Feature", "properties": { "latitude": 42.713375091552734, "longitude": 23.381675720214844, "heatmap_weight": 4, "raw_occupancy": 1 }, "geometry": { "type": "Point", "coordinates": [ 23.381675720214844, 42.713375091552734 ] } },
{ "type": "Feature", "properties": { "latitude": 42.710460662841797, "longitude": 23.292636871337891, "heatmap_weight": 4, "raw_occupancy": 1 }, "geometry": { "type": "Point", "coordinates": [ 23.292636871337891, 42.710460662841797 ] } },
{ "type": "Feature", "properties": { "latitude": 42.822238922119141, "longitude": 23.285587310791016, "heatmap_weight": 4, "raw_occupancy": 1 }, "geometry": { "type": "Point", "coordinates": [ 23.285587310791016, 42.822238922119141 ] } },
{ "type": "Feature", "properties": { "latitude": 42.693367004394531, "longitude": 23.31501579284668, "heatmap_weight": 4, "raw_occupancy": 1 }, "geometry": { "type": "Point", "coordinates": [ 23.31501579284668, 42.693367004394531 ] } },
{ "type": "Feature", "properties": { "latitude": 42.656936645507812, "longitude": 23.272272109985352, "heatmap_weight": 4, "raw_occupancy": 1 }, "geometry": { "type": "Point", "coordinates": [ 23.272272109985352, 42.656936645507812 ] } },
{ "type": "Feature", "properties": { "latitude": 42.6766357421875, "longitude": 23.333402633666992, "heatmap_weight": 9, "raw_occupancy": 2 }, "geometry": { "type": "Point", "coordinates": [ 23.333402633666992, 42.6766357421875 ] } },
{ "type": "Feature", "properties": { "latitude": 42.586334228515625, "longitude": 23.359901428222656, "heatmap_weight": 4, "raw_occupancy": 1 }, "geometry": { "type": "Point", "coordinates": [ 23.359901428222656, 42.586334228515625 ] } },
{ "type": "Feature", "properties": { "latitude": 42.706405639648438, "longitude": 23.307291030883789, "heatmap_weight": 9, "raw_occupancy": 2 }, "geometry": { "type": "Point", "coordinates": [ 23.307291030883789, 42.706405639648438 ] } },
{ "type": "Feature", "properties": { "latitude": 42.678482055664062, "longitude": 23.284799575805664, "heatmap_weight": 4, "raw_occupancy": 1 }, "geometry": { "type": "Point", "coordinates": [ 23.284799575805664, 42.678482055664062 ] } },
{ "type": "Feature", "properties": { "latitude": 42.707015991210938, "longitude": 23.32319450378418, "heatmap_weight": 1, "raw_occupancy": 0 }, "geometry": { "type": "Point", "coordinates": [ 23.32319450378418, 42.707015991210938 ] } },
{ "type": "Feature", "properties": { "latitude": 42.659988403320312, "longitude": 23.380857467651367, "heatmap_weight": 9, "raw_occupancy": 2 }, "geometry": { "type": "Point", "coordinates": [ 23.380857467651367, 42.659988403320312 ] } },
{ "type": "Feature", "properties": { "latitude": 42.659721374511719, "longitude": 23.347990036010742, "heatmap_weight": 36, "raw_occupancy": 5 }, "geometry": { "type": "Point", "coordinates": [ 23.347990036010742, 42.659721374511719 ] } },
{ "type": "Feature", "properties": { "latitude": 42.733722686767578, "longitude": 23.3096923828125, "heatmap_weight": 1, "raw_occupancy": 0 }, "geometry": { "type": "Point", "coordinates": [ 23.3096923828125, 42.733722686767578 ] } },
{ "type": "Feature", "properties": { "latitude": 42.708793640136719, "longitude": 23.334629058837891, "heatmap_weight": 4, "raw_occupancy": 1 }, "geometry": { "type": "Point", "coordinates": [ 23.334629058837891, 42.708793640136719 ] } },
{ "type": "Feature", "properties": { "latitude": 42.675693511962891, "longitude": 23.279470443725586, "heatmap_weight": 4, "raw_occupancy": 1 }, "geometry": { "type": "Point", "coordinates": [ 23.279470443725586, 42.675693511962891 ] } },
{ "type": "Feature", "properties": { "latitude": 42.702835083007812, "longitude": 23.352901458740234, "heatmap_weight": 9, "raw_occupancy": 2 }, "geometry": { "type": "Point", "coordinates": [ 23.352901458740234, 42.702835083007812 ] } },
{ "type": "Feature", "properties": { "latitude": 42.666507720947266, "longitude": 23.341728210449219, "heatmap_weight": 16, "raw_occupancy": 3 }, "geometry": { "type": "Point", "coordinates": [ 23.341728210449219, 42.666507720947266 ] } },
{ "type": "Feature", "properties": { "latitude": 42.716049194335938, "longitude": 23.237512588500977, "heatmap_weight": 1, "raw_occupancy": 0 }, "geometry": { "type": "Point", "coordinates": [ 23.237512588500977, 42.716049194335938 ] } },
{ "type": "Feature", "properties": { "latitude": 42.690784454345703, "longitude": 23.337060928344727, "heatmap_weight": 4, "raw_occupancy": 1 }, "geometry": { "type": "Point", "coordinates": [ 23.337060928344727, 42.690784454345703 ] } },
{ "type": "Feature", "properties": { "latitude": 42.747753143310547, "longitude": 23.279354095458984, "heatmap_weight": 9, "raw_occupancy": 2 }, "geometry": { "type": "Point", "coordinates": [ 23.279354095458984, 42.747753143310547 ] } },
{ "type": "Feature", "properties": { "latitude": 42.802967071533203, "longitude": 23.334695816040039, "heatmap_weight": 4, "raw_occupancy": 1 }, "geometry": { "type": "Point", "coordinates": [ 23.334695816040039, 42.802967071533203 ] } },
{ "type": "Feature", "properties": { "latitude": 42.694862365722656, "longitude": 23.315675735473633, "heatmap_weight": 4, "raw_occupancy": 1 }, "geometry": { "type": "Point", "coordinates": [ 23.315675735473633, 42.694862365722656 ] } },
{ "type": "Feature", "properties": { "latitude": 42.624134063720703, "longitude": 23.360328674316406, "heatmap_weight": 9, "raw_occupancy": 2 }, "geometry": { "type": "Point", "coordinates": [ 23.360328674316406, 42.624134063720703 ] } },
{ "type": "Feature", "properties": { "latitude": 42.683895111083984, "longitude": 23.294448852539062, "heatmap_weight": 4, "raw_occupancy": 1 }, "geometry": { "type": "Point", "coordinates": [ 23.294448852539062, 42.683895111083984 ] } },
{ "type": "Feature", "properties": { "latitude": 42.665187835693359, "longitude": 23.362159729003906, "heatmap_weight": 16, "raw_occupancy": 3 }, "geometry": { "type": "Point", "coordinates": [ 23.362159729003906, 42.665187835693359 ] } },
{ "type": "Feature", "properties": { "latitude": 42.750820159912109, "longitude": 23.318517684936523, "heatmap_weight": 16, "raw_occupancy": 3 }, "geometry": { "type": "Point", "coordinates": [ 23.318517684936523, 42.750820159912109 ] } },
{ "type": "Feature", "properties": { "latitude": 42.693752288818359, "longitude": 23.322807312011719, "heatmap_weight": 4, "raw_occupancy": 1 }, "geometry": { "type": "Point", "coordinates": [ 23.322807312011719, 42.693752288818359 ] } },
{ "type": "Feature", "properties": { "latitude": 42.690235137939453, "longitude": 23.337963104248047, "heatmap_weight": 9, "raw_occupancy": 2 }, "geometry": { "type": "Point", "coordinates": [ 23.337963104248047, 42.690235137939453 ] } },
{ "type": "Feature", "properties": { "latitude": 42.701709747314453, "longitude": 23.349756240844727, "heatmap_weight": 4, "raw_occupancy": 1 }, "geometry": { "type": "Point", "coordinates": [ 23.349756240844727, 42.701709747314453 ] } },
{ "type": "Feature", "properties": { "latitude": 42.692859649658203, "longitude": 23.281517028808594, "heatmap_weight": 4, "raw_occupancy": 1 }, "geometry": { "type": "Point", "coordinates": [ 23.281517028808594, 42.692859649658203 ] } },
{ "type": "Feature", "properties": { "latitude": 42.700397491455078, "longitude": 23.371646881103516, "heatmap_weight": 4, "raw_occupancy": 1 }, "geometry": { "type": "Point", "coordinates": [ 23.371646881103516, 42.700397491455078 ] } },
{ "type": "Feature", "properties": { "latitude": 42.696861267089844, "longitude": 23.320846557617188, "heatmap_weight": 4, "raw_occupancy": 1 }, "geometry": { "type": "Point", "coordinates": [ 23.320846557617188, 42.696861267089844 ] } },
{ "type": "Feature", "properties": { "latitude": 42.707370758056641, "longitude": 23.323265075683594, "heatmap_weight": 1, "raw_occupancy": 0 }, "geometry": { "type": "Point", "coordinates": [ 23.323265075683594, 42.707370758056641 ] } },
{ "type": "Feature", "properties": { "latitude": 42.687267303466797, "longitude": 23.310676574707031, "heatmap_weight": 9, "raw_occupancy": 2 }, "geometry": { "type": "Point", "coordinates": [ 23.310676574707031, 42.687267303466797 ] } },
{ "type": "Feature", "properties": { "latitude": 42.691028594970703, "longitude": 23.338520050048828, "heatmap_weight": 4, "raw_occupancy": 1 }, "geometry": { "type": "Point", "coordinates": [ 23.338520050048828, 42.691028594970703 ] } },
{ "type": "Feature", "properties": { "latitude": 42.691635131835938, "longitude": 23.311084747314453, "heatmap_weight": 4, "raw_occupancy": 1 }, "geometry": { "type": "Point", "coordinates": [ 23.311084747314453, 42.691635131835938 ] } },
{ "type": "Feature", "properties": { "latitude": 42.676883697509766, "longitude": 23.267368316650391, "heatmap_weight": 4, "raw_occupancy": 1 }, "geometry": { "type": "Point", "coordinates": [ 23.267368316650391, 42.676883697509766 ] } },
{ "type": "Feature", "properties": { "latitude": 42.668777465820312, "longitude": 23.267324447631836, "heatmap_weight": 9, "raw_occupancy": 2 }, "geometry": { "type": "Point", "coordinates": [ 23.267324447631836, 42.668777465820312 ] } },
{ "type": "Feature", "properties": { "latitude": 42.684326171875, "longitude": 23.316001892089844, "heatmap_weight": 9, "raw_occupancy": 2 }, "geometry": { "type": "Point", "coordinates": [ 23.316001892089844, 42.684326171875 ] } },
{ "type": "Feature", "properties": { "latitude": 42.719444274902344, "longitude": 23.25474739074707, "heatmap_weight": 4, "raw_occupancy": 1 }, "geometry": { "type": "Point", "coordinates": [ 23.25474739074707, 42.719444274902344 ] } },
{ "type": "Feature", "properties": { "latitude": 42.732181549072266, "longitude": 23.284292221069336, "heatmap_weight": 4, "raw_occupancy": 1 }, "geometry": { "type": "Point", "coordinates": [ 23.284292221069336, 42.732181549072266 ] } },
{ "type": "Feature", "properties": { "latitude": 42.711029052734375, "longitude": 23.230489730834961, "heatmap_weight": 4, "raw_occupancy": 1 }, "geometry": { "type": "Point", "coordinates": [ 23.230489730834961, 42.711029052734375 ] } },
{ "type": "Feature", "properties": { "latitude": 42.714134216308594, "longitude": 23.31212043762207, "heatmap_weight": 4, "raw_occupancy": 1 }, "geometry": { "type": "Point", "coordinates": [ 23.31212043762207, 42.714134216308594 ] } },
{ "type": "Feature", "properties": { "latitude": 42.695014953613281, "longitude": 23.315334320068359, "heatmap_weight": 9, "raw_occupancy": 2 }, "geometry": { "type": "Point", "coordinates": [ 23.315334320068359, 42.695014953613281 ] } },
{ "type": "Feature", "properties": { "latitude": 42.663429260253906, "longitude": 23.375473022460938, "heatmap_weight": 4, "raw_occupancy": 1 }, "geometry": { "type": "Point", "coordinates": [ 23.375473022460938, 42.663429260253906 ] } },
{ "type": "Feature", "properties": { "latitude": 42.653026580810547, "longitude": 23.284435272216797, "heatmap_weight": 9, "raw_occupancy": 2 }, "geometry": { "type": "Point", "coordinates": [ 23.284435272216797, 42.653026580810547 ] } },
{ "type": "Feature", "properties": { "latitude": 42.661178588867188, "longitude": 23.378688812255859, "heatmap_weight": 9, "raw_occupancy": 2 }, "geometry": { "type": "Point", "coordinates": [ 23.378688812255859, 42.661178588867188 ] } },
{ "type": "Feature", "properties": { "latitude": 42.696029663085938, "longitude": 23.315301895141602, "heatmap_weight": 4, "raw_occupancy": 1 }, "geometry": { "type": "Point", "coordinates": [ 23.315301895141602, 42.696029663085938 ] } },
{ "type": "Feature", "properties": { "latitude": 42.688163757324219, "longitude": 23.333066940307617, "heatmap_weight": 4, "raw_occupancy": 1 }, "geometry": { "type": "Point", "coordinates": [ 23.333066940307617, 42.688163757324219 ] } },
{ "type": "Feature", "properties": { "latitude": 42.68450927734375, "longitude": 23.301416397094727, "heatmap_weight": 4, "raw_occupancy": 1 }, "geometry": { "type": "Point", "coordinates": [ 23.301416397094727, 42.68450927734375 ] } },
{ "type": "Feature", "properties": { "latitude": 42.686996459960938, "longitude": 23.33018684387207, "heatmap_weight": 4, "raw_occupancy": 1 }, "geometry": { "type": "Point", "coordinates": [ 23.33018684387207, 42.686996459960938 ] } },
{ "type": "Feature", "properties": { "latitude": 42.693538665771484, "longitude": 23.351421356201172, "heatmap_weight": 4, "raw_occupancy": 1 }, "geometry": { "type": "Point", "coordinates": [ 23.351421356201172, 42.693538665771484 ] } },
{ "type": "Feature", "properties": { "latitude": 42.758659362792969, "longitude": 23.42643928527832, "heatmap_weight": 4, "raw_occupancy": 1 }, "geometry": { "type": "Point", "coordinates": [ 23.42643928527832, 42.758659362792969 ] } },
{ "type": "Feature", "properties": { "latitude": 42.697647094726562, "longitude": 23.286981582641602, "heatmap_weight": 9, "raw_occupancy": 2 }, "geometry": { "type": "Point", "coordinates": [ 23.286981582641602, 42.697647094726562 ] } },
{ "type": "Feature", "properties": { "latitude": 42.693328857421875, "longitude": 23.353591918945312, "heatmap_weight": 9, "raw_occupancy": 2 }, "geometry": { "type": "Point", "coordinates": [ 23.353591918945312, 42.693328857421875 ] } },
{ "type": "Feature", "properties": { "latitude": 42.731735229492188, "longitude": 23.317203521728516, "heatmap_weight": 1, "raw_occupancy": 0 }, "geometry": { "type": "Point", "coordinates": [ 23.317203521728516, 42.731735229492188 ] } },
{ "type": "Feature", "properties": { "latitude": 42.696708679199219, "longitude": 23.223798751831055, "heatmap_weight": 9, "raw_occupancy": 2 }, "geometry": { "type": "Point", "coordinates": [ 23.223798751831055, 42.696708679199219 ] } },
{ "type": "Feature", "properties": { "latitude": 42.70306396484375, "longitude": 23.352523803710938, "heatmap_weight": 4, "raw_occupancy": 1 }, "geometry": { "type": "Point", "coordinates": [ 23.352523803710938, 42.70306396484375 ] } },
{ "type": "Feature", "properties": { "latitude": 42.704280853271484, "longitude": 23.352392196655273, "heatmap_weight": 4, "raw_occupancy": 1 }, "geometry": { "type": "Point", "coordinates": [ 23.352392196655273, 42.704280853271484 ] } },
{ "type": "Feature", "properties": { "latitude": 42.727115631103516, "longitude": 23.289882659912109, "heatmap_weight": 4, "raw_occupancy": 1 }, "geometry": { "type": "Point", "coordinates": [ 23.289882659912109, 42.727115631103516 ] } },
{ "type": "Feature", "properties": { "latitude": 42.659160614013672, "longitude": 23.373485565185547, "heatmap_weight": 9, "raw_occupancy": 2 }, "geometry": { "type": "Point", "coordinates": [ 23.373485565185547, 42.659160614013672 ] } },
{ "type": "Feature", "properties": { "latitude": 42.821830749511719, "longitude": 23.363340377807617, "heatmap_weight": 4, "raw_occupancy": 1 }, "geometry": { "type": "Point", "coordinates": [ 23.363340377807617, 42.821830749511719 ] } },
{ "type": "Feature", "properties": { "latitude": 42.673995971679688, "longitude": 23.435688018798828, "heatmap_weight": 4, "raw_occupancy": 1 }, "geometry": { "type": "Point", "coordinates": [ 23.435688018798828, 42.673995971679688 ] } },
{ "type": "Feature", "properties": { "latitude": 42.663925170898438, "longitude": 23.46234130859375, "heatmap_weight": 4, "raw_occupancy": 1 }, "geometry": { "type": "Point", "coordinates": [ 23.46234130859375, 42.663925170898438 ] } },
{ "type": "Feature", "properties": { "latitude": 42.704963684082031, "longitude": 23.298618316650391, "heatmap_weight": 9, "raw_occupancy": 2 }, "geometry": { "type": "Point", "coordinates": [ 23.298618316650391, 42.704963684082031 ] } },
{ "type": "Feature", "properties": { "latitude": 42.7247314453125, "longitude": 23.322212219238281, "heatmap_weight": 4, "raw_occupancy": 1 }, "geometry": { "type": "Point", "coordinates": [ 23.322212219238281, 42.7247314453125 ] } },
{ "type": "Feature", "properties": { "latitude": 42.699085235595703, "longitude": 23.339054107666016, "heatmap_weight": 4, "raw_occupancy": 1 }, "geometry": { "type": "Point", "coordinates": [ 23.339054107666016, 42.699085235595703 ] } },
{ "type": "Feature", "properties": { "latitude": 42.681007385253906, "longitude": 23.33180046081543, "heatmap_weight": 1, "raw_occupancy": 0 }, "geometry": { "type": "Point", "coordinates": [ 23.33180046081543, 42.681007385253906 ] } },
{ "type": "Feature", "properties": { "latitude": 42.692245483398438, "longitude": 23.333890914916992, "heatmap_weight": 4, "raw_occupancy": 1 }, "geometry": { "type": "Point", "coordinates": [ 23.333890914916992, 42.692245483398438 ] } },
{ "type": "Feature", "properties": { "latitude": 42.770416259765625, "longitude": 23.360481262207031, "heatmap_weight": 4, "raw_occupancy": 1 }, "geometry": { "type": "Point", "coordinates": [ 23.360481262207031, 42.770416259765625 ] } },
{ "type": "Feature", "properties": { "latitude": 42.663501739501953, "longitude": 23.3758544921875, "heatmap_weight": 9, "raw_occupancy": 2 }, "geometry": { "type": "Point", "coordinates": [ 23.3758544921875, 42.663501739501953 ] } },
{ "type": "Feature", "properties": { "latitude": 42.640228271484375, "longitude": 23.381616592407227, "heatmap_weight": 4, "raw_occupancy": 1 }, "geometry": { "type": "Point", "coordinates": [ 23.381616592407227, 42.640228271484375 ] } },
{ "type": "Feature", "properties": { "latitude": 42.689041137695312, "longitude": 23.400930404663086, "heatmap_weight": 1, "raw_occupancy": 0 }, "geometry": { "type": "Point", "coordinates": [ 23.400930404663086, 42.689041137695312 ] } },
{ "type": "Feature", "properties": { "latitude": 42.675945281982422, "longitude": 23.288705825805664, "heatmap_weight": 4, "raw_occupancy": 1 }, "geometry": { "type": "Point", "coordinates": [ 23.288705825805664, 42.675945281982422 ] } },
{ "type": "Feature", "properties": { "latitude": 42.757759094238281, "longitude": 23.269145965576172, "heatmap_weight": 4, "raw_occupancy": 1 }, "geometry": { "type": "Point", "coordinates": [ 23.269145965576172, 42.757759094238281 ] } },
{ "type": "Feature", "properties": { "latitude": 42.635597229003906, "longitude": 23.401870727539062, "heatmap_weight": 16, "raw_occupancy": 3 }, "geometry": { "type": "Point", "coordinates": [ 23.401870727539062, 42.635597229003906 ] } }
]
}
