{
"type": "FeatureCollection",
"name": "bus_occupancy_period_8_13-27-49",
"crs": { "type": "name", "properties": { "name": "urn:ogc:def:crs:OGC:1.3:CRS84" } },
"features": [
{ "type": "Feature", "properties": { "latitude": 42.653007507324219, "longitude": 23.29442024230957, "heatmap_weight": 4, "raw_occupancy": 1 }, "geometry": { "type": "Point", "coordinates": [ 23.29442024230957, 42.653007507324219 ] } },
{ "type": "Feature", "properties": { "latitude": 42.698707580566406, "longitude": 23.308664321899414, "heatmap_weight": 9, "raw_occupancy": 2 }, "geometry": { "type": "Point", "coordinates": [ 23.308664321899414, 42.698707580566406 ] } },
{ "type": "Feature", "properties": { "latitude": 42.642047882080078, "longitude": 23.373411178588867, "heatmap_weight": 4, "raw_occupancy": 1 }, "geometry": { "type": "Point", "coordinates": [ 23.373411178588867, 42.642047882080078 ] } },
{ "type": "Feature", "properties": { "latitude": 42.701629638671875, "longitude": 23.333894729614258, "heatmap_weight": 4, "raw_occupancy": 1 }, "geometry": { "type": "Point", "coordinates": [ 23.333894729614258, 42.701629638671875 ] } },
{ "type": "Feature", "properties": { "latitude": 42.699195861816406, "longitude": 23.27619743347168, "heatmap_weight": 4, "raw_occupancy": 1 }, "geometry": { "type": "Point", "coordinates": [ 23.27619743347168, 42.699195861816406 ] } },
{ "type": "Feature", "properties": { "latitude": 42.665397644042969, "longitude": 23.260751724243164, "heatmap_weight": 4, "raw_occupancy": 1 }, "geometry": { "type": "Point", "coordinates": [ 23.260751724243164, 42.665397644042969 ] } },
{ "type": "Feature", "properties": { "latitude": 42.675464630126953, "longitude": 23.288070678710938, "heatmap_weight": 4, "raw_occupancy": 1 }, "geometry": { "type": "Point", "coordinates": [ 23.288070678710938, 42.675464630126953 ] } },
{ "type": "Feature", "properties": { "latitude": 42.677326202392578, "longitude": 23.398408889770508, "heatmap_weight": 4, "raw_occupancy": 1 }, "geometry": { "type": "Point", "coordinates": [ 23.398408889770508, 42.677326202392578 ] } },
{ "type": "Feature", "properties": { "latitude": 42.709480285644531, "longitude": 23.37568473815918, "heatmap_weight": 4, "raw_occupancy": 1 }, "geometry": { "type": "Point", "coordinates": [ 23.37568473815918, 42.709480285644531 ] } },
{ "type": "Feature", "properties": { "latitude": 42.688785552978516, "longitude": 23.33984375, "heatmap_weight": 25, "raw_occupancy": 4 }, "geometry": { "type": "Point", "coordinates": [ 23.33984375, 42.688785552978516 ] } },
{ "type": "Feature", "properties": { "latitude": 42.7012939453125, "longitude": 23.230340957641602, "heatmap_weight": 9, "raw_occupancy": 2 }, "geometry": { "type": "Point", "coordinates": [ 23.230340957641602, 42.7012939453125 ] } },
{ "type": "Feature", "properties": { "latitude": 42.667755126953125, "longitude": 23.265687942504883, "heatmap_weight": 4, "raw_occupancy": 1 }, "geometry": { "type": "Point", "coordinates": [ 23.265687942504883, 42.667755126953125 ] } },
{ "type": "Feature", "properties": { "latitude": 42.700721740722656, "longitude": 23.312200546264648, "heatmap_weight": 4, "raw_occupancy": 1 }, "geometry": { "type": "Point", "coordinates": [ 23.312200546264648, 42.700721740722656 ] } },
{ "type": "Feature", "properties": { "latitude": 42.688278198242188, "longitude": 23.302967071533203, "heatmap_weight": 4, "raw_occupancy": 1 }, "geometry": { "type": "Point", "coordinates": [ 23.302967071533203, 42.688278198242188 ] } },
{ "type": "Feature", "properties": { "latitude": 42.730827331542969, "longitude": 23.31334114074707, "heatmap_weight": 4, "raw_occupancy": 1 }, "geometry": { "type": "Point", "coordinates": [ 23.31334114074707, 42.730827331542969 ] } },
{ "type": "Feature", "properties": { "latitude": 42.631790161132812, "longitude": 23.380332946777344, "heatmap_weight": 4, "raw_occupancy": 1 }, "geometry": { "type": "Point", "coordinates": [ 23.380332946777344, 42.631790161132812 ] } },
{ "type": "Feature", "properties": { "latitude": 42.660205841064453, "longitude": 23.358953475952148, "heatmap_weight": 4, "raw_occupancy": 1 }, "geometry": { "type": "Point", "coordinates": [ 23.358953475952148, 42.660205841064453 ] } },
{ "type": "Feature", "properties": { "latitude": 42.668300628662109, "longitude": 23.256093978881836, "heatmap_weight": 9, "raw_occupancy": 2 }, "geometry": { "type": "Point", "coordinates": [ 23.256093978881836, 42.668300628662109 ] } },
{ "type": "Feature", "properties": { "latitude": 42.646041870117188, "longitude": 23.248128890991211, "heatmap_weight": 1, "raw_occupancy": 0 }, "geometry": { "type": "Point", "coordinates": [ 23.248128890991211, 42.646041870117188 ] } },
{ "type": "Feature", "properties": { "latitude": 42.733810424804688, "longitude": 23.317337036132812, "heatmap_weight": 4, "raw_occupancy": 1 }, "geometry": { "type": "Point", "coordinates": [ 23.317337036132812, 42.733810424804688 ] } },
{ "type": "Feature", "properties": { "latitude": 42.639316558837891, "longitude": 23.342931747436523, "heatmap_weight": 4, "raw_occupancy": 1 }, "geometry": { "type": "Point", "coordinates": [ 23.342931747436523, 42.639316558837891 ] } },
{ "type": "Feature", "properties": { "latitude": 42.715679168701172, "longitude": 23.175863265991211, "heatmap_weight": 9, "raw_occupancy": 2 }, "geometry": { "type": "Point", "coordinates": [ 23.175863265991211, 42.715679168701172 ] } },
{ "type": "Feature", "properties": { "latitude": 42.736831665039062, "longitude": 23.24281120300293, "heatmap_weight": 9, "raw_occupancy": 2 }, "geometry": { "type": "Point", "coordinates": [ 23.24281120300293, 42.736831665039062 ] } },
{ "type": "Feature", "properties": { "latitude": 42.699432373046875, "longitude": 23.343400955200195, "heatmap_weight": 9, "raw_occupancy": 2 }, "geometry": { "type": "Point", "coordinates": [ 23.343400955200195, 42.699432373046875 ] } },
{ "type": "Feature", "properties": { "latitude": 42.714298248291016, "longitude": 23.263708114624023, "heatmap_weight": 9, "raw_occupancy": 2 }, "geometry": { "type": "Point", "coordinates": [ 23.263708114624023, 42.714298248291016 ] } },
{ "type": "Feature", "properties": { "latitude": 42.705310821533203, "longitude": 23.29871940612793, "heatmap_weight": 4, "raw_occupancy": 1 }, "geometry": { "type": "Point", "coordinates": [ 23.29871940612793, 42.705310821533203 ] } },
{ "type": "Feature", "properties": { "latitude": 42.656715393066406, "longitude": 23.359107971191406, "heatmap_weight": 16, "raw_occupancy": 3 }, "geometry": { "type": "Point", "coordinates": [ 23.359107971191406, 42.656715393066406 ] } },
{ "type": "Feature", "properties": { "latitude": 42.692893981933594, "longitude": 23.334371566772461, "heatmap_weight": 4, "raw_occupancy": 1 }, "geometry": { "type": "Point", "coordinates": [ 23.334371566772461, 42.692893981933594 ] } },
{ "type": "Feature", "properties": { "latitude": 42.723575592041016, "longitude": 23.311557769775391, "heatmap_weight": 9, "raw_occupancy": 2 }, "geometry": { "type": "Point", "coordinates": [ 23.311557769775391, 42.723575592041016 ] } },
{ "type": "Feature", "properties": { "latitude": 42.698497772216797, "longitude": 23.329917907714844, "heatmap_weight": 4, "raw_occupancy": 1 }, "geometry": { "type": "Point", "coordinates": [ 23.329917907714844, 42.698497772216797 ] } },
{ "type": "Feature", "properties": { "latitude": 42.673782348632812, "longitude": 23.29191780090332, "heatmap_weight": 4, "raw_occupancy": 1 }, "geometry": { "type": "Point", "coordinates": [ 23.29191780090332, 42.673782348632812 ] } },
{ "type": "Feature", "properties": { "latitude": 42.690872192382812, "longitude": 23.325660705566406, "heatmap_weight": 4, "raw_occupancy": 1 }, "geometry": { "type": "Point", "coordinates": [ 23.325660705566406, 42.690872192382812 ] } },
{ "type": "Feature", "properties": { "latitude": 42.668094635009766, "longitude": 23.392221450805664, "heatmap_weight": 4, "raw_occupancy": 1 }, "geometry": { "type": "Point", "coordinates": [ 23.392221450805664, 42.668094635009766 ] } },
{ "type": "Feature", "properties": { "latitude": 42.651901245117188, "longitude": 23.349853515625, "heatmap_weight": 9, "raw_occupancy": 2 }, "geometry": { "type": "Point", "coordinates": [ 23.349853515625, 42.651901245117188 ] } },
{ "type": "Feature", "properties": { "latitude": 42.657428741455078, "longitude": 23.316247940063477, "heatmap_weight": 4, "raw_occupancy": 1 }, "geometry": { "type": "Point", "coordinates": [ 23.316247940063477, 42.657428741455078 ] } },
{ "type": "Feature", "properties": { "latitude": 42.723567962646484, "longitude": 23.303256988525391, "heatmap_weight": 9, "raw_occupancy": 2 }, "geometry": { "type": "Point", "coordinates": [ 23.303256988525391, 42.723567962646484 ] } },
{ "type": "Feature", "properties": { "latitude": 42.669029235839844, "longitude": 23.411787033081055, "heatmap_weight": 1, "raw_occupancy": 0 }, "geometry": { "type": "Point", "coordinates": [ 23.411787033081055, 42.669029235839844 ] } },
{ "type": "Feature", "properties": { "latitude": 42.704067230224609, "longitude": 23.355318069458008, "heatmap_weight": 9, "raw_occupancy": 2 }, "geometry": { "type": "Point", "coordinates": [ 23.355318069458008, 42.704067230224609 ] } },
{ "type": "Feature", "properties": { "latitude": 42.662349700927734, "longitude": 23.293901443481445, "heatmap_weight": 1, "raw_occupancy": 0 }, "geometry": { "type": "Point", "coordinates": [ 23.293901443481445, 42.662349700927734 ] } },
{ "type": "Feature", "properties": { "latitude": 42.668533325195312, "longitude": 23.337749481201172, "heatmap_weight": 9, "raw_occupancy": 2 }, "geometry": { "type": "Point", "coordinates": [ 23.337749481201172, 42.668533325195312 ] } },
{ "type": "Feature", "properties": { "latitude": 42.692493438720703, "longitude": 23.334112167358398, "heatmap_weight": 9, "raw_occupancy": 2 }, "geometry": { "type": "Point", "coordinates": [ 23.334112167358398, 42.692493438720703 ] } },
{ "type": "Feature", "properties": { "latitude": 42.742141723632812, "longitude": 23.279029846191406, "heatmap_weight": 4, "raw_occupancy": 1 }, "geometry": { "type": "Point", "coordinates": [ 23.279029846191406, 42.742141723632812 ] } },
{ "type": "Feature", "properties": { "latitude": 42.696647644042969, "longitude": 23.351242065429688, "heatmap_weight": 4, "raw_occupancy": 1 }, "geometry": { "type": "Point", "coordinates": [ 23.351242065429688, 42.696647644042969 ] } },
{ "type": "Feature", "properties": { "latitude": 42.696609497070312, "longitude": 23.355195999145508, "heatmap_weight": 9, "raw_occupancy": 2 }, "geometry": { "type": "Point", "coordinates": [ 23.355195999145508, 42.696609497070312 ] } },
{ "type": "Feature", "properties": { "latitude": 42.688945770263672, "longitude": 23.31995964050293, "heatmap_weight": 4, "raw_occupancy": 1 }, "geometry": { "type": "Point", "coordinates": [ 23.31995964050293, 42.688945770263672 ] } },
{ "type": "Feature", "properties": { "latitude": 42.654533386230469, "longitude": 23.347713470458984, "heatmap_weight": 4, "raw_occupancy": 1 }, "geometry": { "type": "Point", "coordinates": [ 23.347713470458984, 42.654533386230469 ] } },
{ "type": "Feature", "properties": { "latitude": 42.636753082275391, "longitude": 23.384136199951172, "heatmap_weight": 4, "raw_occupancy": 1 }, "geometry": { "type": "Point", "coordinates": [ 23.384136199951172, 42.636753082275391 ] } },
{ "type": "Feature", "properties": { "latitude": 42.683246612548828, "longitude": 23.32020378112793, "heatmap_weight": 9, "raw_occupancy": 2 }, "geometry": { "type": "Point", "coordinates": [ 23.32020378112793, 42.683246612548828 ] } },
{ "type": "Feature", "properties": { "latitude": 42.684822082519531, "longitude": 23.33064079284668, "heatmap_weight": 4, "raw_occupancy": 1 }, "geometry": { "type": "Point", "coordinates": [ 23.33064079284668, 42.684822082519531 ] } },
{ "type": "Feature", "properties": { "latitude": 42.705657958984375, "longitude": 23.323837280273438, "heatmap_weight": 4, "raw_occupancy": 1 }, "geometry": { "type": "Point", "coordinates": [ 23.323837280273438, 42.705657958984375 ] } },
{ "type": "Feature", "properties": { "latitude": 42.716133117675781, "longitude": 23.237550735473633, "heatmap_weight": 4, "raw_occupancy": 1 }, "geometry": { "type": "Point", "coordinates": [ 23.237550735473633, 42.716133117675781 ] } },
{ "type": "Feature", "properties": { "latitude": 42.663375854492188, "longitude": 23.357765197753906, "heatmap_weight": 9, "raw_occupancy": 2 }, "geometry": { "type": "Point", "coordinates": [ 23.357765197753906, 42.663375854492188 ] } },
{ "type": "Feature", "properties": { "latitude": 42.685111999511719, "longitude": 23.345054626464844, "heatmap_weight": 4, "raw_occupancy": 1 }, "geometry": { "type": "Point", "coordinates": [ 23.345054626464844, 42.685111999511719 ] } },
{ "type": "Feature", "properties": { "latitude": 42.729518890380859, "longitude": 23.247470855712891, "heatmap_weight": 1, "raw_occupancy": 0 }, "geometry": { "type": "Point", "coordinates": [ 23.247470855712891, 42.729518890380859 ] } },
{ "type": "Feature", "properties": { "latitude": 42.695407867431641, "longitude": 23.252304077148438, "heatmap_weight": 9, "raw_occupancy": 2 }, "geometry": { "type": "Point", "coordinates": [ 23.252304077148438, 42.695407867431641 ] } },
{ "type": "Feature", "properties": { "latitude": 42.711444854736328, "longitude": 23.246843338012695, "heatmap_weight": 9, "raw_occupancy": 2 }, "geometry": { "type": "Point", "coordinates": [ 23.246843338012695, 42.711444854736328 ] } },
{ "type": "Feature", "properties": { "latitude": 42.690986633300781, "longitude": 23.278575897216797, "heatmap_weight": 9, "raw_occupancy": 2 }, "geometry": { "type": "Point", "coordinates": [ 23.278575897216797, 42.690986633300781 ] } },
{ "type": "Feature", "properties": { "latitude": 42.67791748046875, "longitude": 23.334625244140625, "heatmap_weight": 4, "raw_occupancy": 1 }, "geometry": { "type": "Point", "coordinates": [ 23.334625244140625, 42.67791748046875 ] } },
{ "type": "Feature", "properties": { "latitude": 42.694419860839844, "longitude": 23.315147399902344, "heatmap_weight": 1, "raw_occupancy": 0 }, "geometry": { "type": "Point", "coordinates": [ 23.315147399902344, 42.694419860839844 ] } },
{ "type": "Feature", "properties": { "latitude": 42.692302703857422, "longitude": 23.361957550048828, "heatmap_weight": 9, "raw_occupancy": 2 }, "geometry": { "type": "Point", "coordinates": [ 23.361957550048828, 42.692302703857422 ] } },
{ "type": "Feature", "properties": { "latitude": 42.681545257568359, "longitude": 23.350543975830078, "heatmap_weight": 36, "raw_occupancy": 5 }, "geometry": { "type": "Point", "coordinates": [ 23.350543975830078, 42.681545257568359 ] } },
{ "type": "Feature", "properties": { "latitude": 42.684242248535156, "longitude": 23.323394775390625, "heatmap_weight": 16, "raw_occupancy": 3 }, "geometry": { "type": "Point", "coordinates": [ 23.323394775390625, 42.684242248535156 ] } },
{ "type": "Feature", "properties": { "latitude": 42.662765502929688, "longitude": 23.356292724609375, "heatmap_weight": 4, "raw_occupancy": 1 }, "geometry": { "type": "Point", "coordinates": [ 23.356292724609375, 42.662765502929688 ] } },
{ "type": "Feature", "properties": { "latitude": 42.683368682861328, "longitude": 23.277608871459961, "heatmap_weight": 16, "raw_occupancy": 3 }, "geometry": { "type": "Point", "coordinates": [ 23.277608871459961, 42.683368682861328 ] } },
{ "type": "Feature", "properties": { "latitude": 42.740177154541016, "longitude": 23.291881561279297, "heatmap_weight": 4, "raw_occupancy": 1 }, "geometry": { "type": "Point", "coordinates": [ 23.291881561279297, 42.740177154541016 ] } },
{ "type": "Feature", "properties": { "latitude": 42.676254272460938, "longitude": 23.39720344543457, "heatmap_weight": 4, "raw_occupancy": 1 }, "geometry": { "type": "Point", "coordinates": [ 23.39720344543457, 42.676254272460938 ] } },
{ "type": "Feature", "properties": { "latitude": 42.678787231445312, "longitude": 23.321844100952148, "heatmap_weight": 1, "raw_occupancy": 0 }, "geometry": { "type": "Point", "coordinates": [ 23.321844100952148, 42.678787231445312 ] } },
{ "type": "Feature", "properties": { "latitude": 42.7218017578125, "longitude": 23.241430282592773, "heatmap_weight": 4, "raw_occupancy": 1 }, "geometry": { "type": "Point", "coordinates": [ 23.241430282592773, 42.7218017578125 ] } },
{ "type": "Feature", "properties": { "latitude": 42.783878326416016, "longitude": 23.273733139038086, "heatmap_weight": 4, "raw_occupancy": 1 }, "geometry": { "type": "Point", "coordinates": [ 23.273733139038086, 42.783878326416016 ] } },
{ "type": "Feature", "properties": { "latitude": 42.675426483154297, "longitude": 23.234596252441406, "heatmap_weight": 1, "raw_occupancy": 0 }, "geometry": { "type": "Point", "coordinates": [ 23.234596252441406, 42.675426483154297 ] } },
{ "type": "Feature", "properties": { "latitude": 42.680274963378906, "longitude": 23.302459716796875, "heatmap_weight": 4, "raw_occupancy": 1 }, "geometry": { "type": "Point", "coordinates": [ 23.302459716796875, 42.680274963378906 ] } },
{ "type": "Feature", "properties": { "latitude": 42.735595703125, "longitude": 23.293109893798828, "heatmap_weight": 9, "raw_occupancy": 2 }, "geometry": { "type": "Point", "coordinates": [ 23.293109893798828, 42.735595703125 ] } },
{ "type": "Feature", "properties": { "latitude": 42.634971618652344, "longitude": 23.302774429321289, "heatmap_weight": 4, "raw_occupancy": 1 }, "geometry": { "type": "Point", "coordinates": [ 23.302774429321289, 42.634971618652344 ] } },
{ "type": "Feature", "properties": { "latitude": 42.657207489013672, "longitude": 23.384672164916992, "heatmap_weight": 9, "raw_occupancy": 2 }, "geometry": { "type": "Point", "coordinates": [ 23.384672164916992, 42.657207489013672 ] } },
{ "type": "Feature", "properties": { "latitude": 42.528392791748047, "longitude": 23.36528205871582, "heatmap_weight": 4, "raw_occupancy": 1 }, "geometry": { "type": "Point", "coordinates": [ 23.36528205871582, 42.528392791748047 ] } },
{ "type": "Feature", "properties": { "latitude": 42.698020935058594, "longitude": 23.313177108764648, "heatmap_weight": 4, "raw_occupancy": 1 }, "geometry": { "type": "Point", "coordinates": [ 23.313177108764648, 42.698020935058594 ] } },
{ "type": "Feature", "properties": { "latitude": 42.724803924560547, "longitude": 23.322490692138672, "heatmap_weight": 4, "raw_occupancy": 1 }, "geometry": { "type": "Point", "coordinates": [ 23.322490692138672, 42.724803924560547 ] } },
{ "type": "Feature", "properties": { "latitude": 42.661758422851562, "longitude": 23.251296997070312, "heatmap_weight": 4, "raw_occupancy": 1 }, "geometry": { "type": "Point", "coordinates": [ 23.251296997070312, 42.661758422851562 ] } },
{ "type": "Feature", "properties": { "latitude": 42.685718536376953, "longitude": 23.330673217773438, "heatmap_weight": 4, "raw_occupancy": 1 }, "geometry": { "type": "Point", "coordinates": [ 23.330673217773438, 42.685718536376953 ] } },
{ "type": "Feature", "properties": { "latitude": 42.680580139160156, "longitude": 23.372335433959961, "heatmap_weight": 4, "raw_occupancy": 1 }, "geometry": { "type": "Point", "coordinates": [ 23.372335433959961, 42.680580139160156 ] } },
{ "type": "Feature", "properties": { "latitude": 42.68927001953125, "longitude": 23.245338439941406, "heatmap_weight": 4, "raw_occupancy": 1 }, "geometry": { "type": "Point", "coordinates": [ 23.245338439941406, 42.68927001953125 ] } },
{ "type": "Feature", "properties": { "latitude": 42.659641265869141, "longitude": 23.358936309814453, "heatmap_weight": 9, "raw_occupancy": 2 }, "geometry": { "type": "Point", "coordinates": [ 23.358936309814453, 42.659641265869141 ] } },
{ "type": "Feature", "properties": { "latitude": 42.699020385742188, "longitude": 23.338741302490234, "heatmap_weight": 1, "raw_occupancy": 0 }, "geometry": { "type": "Point", "coordinates": [ 23.338741302490234, 42.699020385742188 ] } },
{ "type": "Feature", "properties": { "latitude": 42.698341369628906, "longitude": 23.321966171264648, "heatmap_weight": 1, "raw_occupancy": 0 }, "geometry": { "type": "Point", "coordinates": [ 23.321966171264648, 42.698341369628906 ] } },
{ "type": "Feature", "properties": { "latitude": 42.684326171875, "longitude": 23.295389175415039, "heatmap_weight": 4, "raw_occupancy": 1 }, "geometry": { "type": "Point", "coordinates": [ 23.295389175415039, 42.684326171875 ] } },
{ "type": "Feature", "properties": { "latitude": 42.664234161376953, "longitude": 23.297433853149414, "heatmap_weight": 9, "raw_occupancy": 2 }, "geometry": { "type": "Point", "coordinates": [ 23.297433853149414, 42.664234161376953 ] } },
{ "type": "Feature", "properties": { "latitude": 42.657451629638672, "longitude": 23.384342193603516, "heatmap_weight": 4, "raw_occupancy": 1 }, "geometry": { "type": "Point", "coordinates": [ 23.384342193603516, 42.657451629638672 ] } },
{ "type": "Feature", "properties": { "latitude": 42.655551910400391, "longitude": 23.386537551879883, "heatmap_weight": 9, "raw_occupancy": 2 }, "geometry": { "type": "Point", "coordinates": [ 23.386537551879883, 42.655551910400391 ] } },
{ "type": "Feature", "properties": { "latitude": 42.674427032470703, "longitude": 23.360422134399414, "heatmap_weight": 9, "raw_occupancy": 2 }, "geometry": { "type": "Point", "coordinates": [ 23.360422134399414, 42.674427032470703 ] } },
{ "type": "Feature", "properties": { "latitude": 42.665241241455078, "longitude": 23.26020622253418, "heatmap_weight": 4, "raw_occupancy": 1 }, "geometry": { "type": "Point", "coordinates": [ 23.26020622253418, 42.665241241455078 ] } },
{ "type": "Feature", "properties": { "latitude": 42.661319732666016, "longitude": 23.284637451171875, "heatmap_weight": 1, "raw_occupancy": 0 }, "geometry": { "type": "Point", "coordinates": [ 23.284637451171875, 42.661319732666016 ] } },
{ "type": "Feature", "properties": { "latitude": 42.674057006835938, "longitude": 23.304039001464844, "heatmap_weight": 4, "raw_occupancy": 1 }, "geometry": { "type": "Point", "coordinates": [ 23.304039001464844, 42.674057006835938 ] } },
{ "type": "Feature", "properties": { "latitude": 42.687164306640625, "longitude": 23.316862106323242, "heatmap_weight": 9, "raw_occupancy": 2 }, "geometry": { "type": "Point", "coordinates": [ 23.316862106323242, 42.687164306640625 ] } },
{ "type": "Feature", "properties": { "latitude": 42.718345642089844, "longitude": 23.230337142944336, "heatmap_weight": 4, "raw_occupancy": 1 }, "geometry": { "type": "Point", "coordinates": [ 23.230337142944336, 42.718345642089844 ] } },
{ "type": "Feature", "properties": { "latitude": 42.682643890380859, "longitude": 23.314422607421875, "heatmap_weight": 4, "raw_occupancy": 1 }, "geometry": { "type": "Point", "coordinates": [ 23.314422607421875, 42.682643890380859 ] } },
{ "type": "Feature", "properties": { "latitude": 42.698581695556641, "longitude": 23.30955696105957, "heatmap_weight": 4, "raw_occupancy": 1 }, "geometry": { "type": "Point", "coordinates": [ 23.30955696105957, 42.698581695556641 ] } },
{ "type": "Feature", "properties": { "latitude": 42.704555511474609, "longitude": 23.323762893676758, "heatmap_weight": 4, "raw_occupancy": 1 }, "geometry": { "type": "Point", "coordinates": [ 23.323762893676758, 42.704555511474609 ] } },
{ "type": "Feature", "properties": { "latitude": 42.73138427734375, "longitude": 23.286422729492188, "heatmap_weight": 4, "raw_occupancy": 1 }, "geometry": { "type": "Point", "coordinates": [ 23.286422729492188, 42.73138427734375 ] } },
{ "type": "Feature", "properties": { "latitude": 42.70916748046875, "longitude": 23.318389892578125, "heatmap_weight": 1, "raw_occupancy": 0 }, "geometry": { "type": "Point", "coordinates": [ 23.318389892578125, 42.70916748046875 ] } },
{ "type": "Feature", "properties": { "latitude": 42.694496154785156, "longitude": 23.314888000488281, "heatmap_weight": 9, "raw_occupancy": 2 }, "geometry": { "type": "Point", "coordinates": [ 23.314888000488281, 42.694496154785156 ] } },
{ "type": "Feature", "properties": { "latitude": 42.725368499755859, "longitude": 23.260904312133789, "heatmap_weight": 1, "raw_occupancy": 0 }, "geometry": { "type": "Point", "coordinates": [ 23.260904312133789, 42.725368499755859 ] } },
{ "type": "Feature", "properties": { "latitude": 42.678386688232422, "longitude": 23.283069610595703, "heatmap_weight": 1, "raw_occupancy": 0 }, "geometry": { "type": "Point", "coordinates": [ 23.283069610595703, 42.678386688232422 ] } },
{ "type": "Feature", "properties": { "latitude": 42.52655029296875, "longitude": 23.367033004760742, "heatmap_weight": 4, "raw_occupancy": 1 }, "geometry": { "type": "Point", "coordinates": [ 23.367033004760742, 42.52655029296875 ] } },
{ "type": "Feature", "properties": { "latitude": 42.702400207519531, "longitude": 23.285173416137695, "heatmap_weight": 4, "raw_occupancy": 1 }, "geometry": { "type": "Point", "coordinates": [ 23.285173416137695, 42.702400207519531 ] } },
{ "type": "Feature", "properties": { "latitude": 42.704509735107422, "longitude": 23.325111389160156, "heatmap_weight": 4, "raw_occupancy": 1 }, "geometry": { "type": "Point", "coordinates": [ 23.325111389160156, 42.704509735107422 ] } },
{ "type": "Feature", "properties": { "latitude": 42.783000946044922, "longitude": 23.445110321044922, "heatmap_weight": 1, "raw_occupancy": 0 }, "geometry": { "type": "Point", "coordinates": [ 23.445110321044922, 42.783000946044922 ] } },
{ "type": "Feature", "properties": { "latitude": 42.698894500732422, "longitude": 23.309759140014648, "heatmap_weight": 4, "raw_occupancy": 1 }, "geometry": { "type": "Point", "coordinates": [ 23.309759140014648, 42.698894500732422 ] } },
{ "type": "Feature", "properties": { "latitude": 42.628181457519531, "longitude": 23.357755661010742, "heatmap_weight": 4, "raw_occupancy": 1 }, "geometry": { "type": "Point", "coordinates": [ 23.357755661010742, 42.628181457519531 ] } },
{ "type": "Feature", "properties": { "latitude": 42.656673431396484, "longitude": 23.400913238525391, "heatmap_weight": 4, "raw_occupancy": 1 }, "geometry": { "type": "Point", "coordinates": [ 23.400913238525391, 42.656673431396484 ] } },
{ "type": "Feature", "properties": { "latitude": 42.689083099365234, "longitude": 23.373929977416992, "heatmap_weight": 1, "raw_occupancy": 0 }, "geometry": { "type": "Point", "coordinates": [ 23.373929977416992, 42.689083099365234 ] } },
{ "type": "Feature", "properties": { "latitude": 42.724418640136719, "longitude": 23.311847686767578, "heatmap_weight": 4, "raw_occupancy": 1 }, "geometry": { "type": "Point", "coordinates": [ 23.311847686767578, 42.724418640136719 ] } },
{ "type": "Feature", "properties": { "latitude": 42.703060150146484, "longitude": 23.351322174072266, "heatmap_weight": 1, "raw_occupancy": 0 }, "geometry": { "type": "Point", "coordinates": [ 23.351322174072266, 42.703060150146484 ] } },
{ "type": "Feature", "properties": { "latitude": 42.716449737548828, "longitude": 23.352344512939453, "heatmap_weight": 9, "raw_occupancy": 2 }, "geometry": { "type": "Point", "coordinates": [ 23.352344512939453, 42.716449737548828 ] } },
{ "type": "Feature", "properties": { "latitude": 42.6280517578125, "longitude": 23.383495330810547, "heatmap_weight": 1, "raw_occupancy": 0 }, "geometry": { "type": "Point", "coordinates": [ 23.383495330810547, 42.6280517578125 ] } },
{ "type": "Feature", "properties": { "latitude": 42.742633819580078, "longitude": 23.276758193969727, "heatmap_weight": 9, "raw_occupancy": 2 }, "geometry": { "type": "Point", "coordinates": [ 23.276758193969727, 42.742633819580078 ] } },
{ "type": "Feature", "properties": { "latitude": 42.708671569824219, "longitude": 23.458150863647461, "heatmap_weight": 1, "raw_occupancy": 0 }, "geometry": { "type": "Point", "coordinates": [ 23.458150863647461, 42.708671569824219 ] } },
{ "type": "Feature", "properties": { "latitude": 42.675739288330078, "longitude": 23.358600616455078, "heatmap_weight": 4, "raw_occupancy": 1 }, "geometry": { "type": "Point", "coordinates": [ 23.358600616455078, 42.675739288330078 ] } },
{ "type": "Feature", "properties": { "latitude": 42.713665008544922, "longitude": 23.163713455200195, "heatmap_weight": 4, "raw_occupancy": 1 }, "geometry": { "type": "Point", "coordinates": [ 23.163713455200195, 42.713665008544922 ] } },
{ "type": "Feature", "properties": { "latitude": 42.659244537353516, "longitude": 23.272851943969727, "heatmap_weight": 4, "raw_occupancy": 1 }, "geometry": { "type": "Point", "coordinates": [ 23.272851943969727, 42.659244537353516 ] } },
{ "type": "Feature", "properties": { "latitude": 42.747333526611328, "longitude": 23.508556365966797, "heatmap_weight": 4, "raw_occupancy": 1 }, "geometry": { "type": "Point", "coordinates": [ 23.508556365966797, 42.747333526611328 ] } },
{ "type": "Feature", "properties": { "latitude": 42.687911987304688, "longitude": 23.375473022460938, "heatmap_weight": 4, "raw_occupancy": 1 }, "geometry": { "type": "Point", "coordinates": [ 23.375473022460938, 42.687911987304688 ] } },
{ "type": "Feature", "properties": { "latitude": 42.665592193603516, "longitude": 23.319404602050781, "heatmap_weight": 9, "raw_occupancy": 2 }, "geometry": { "type": "Point", "coordinates": [ 23.319404602050781, 42.665592193603516 ] } },
{ "type": "Feature", "properties": { "latitude": 42.721660614013672, "longitude": 23.34193229675293, "heatmap_weight": 9, "raw_occupancy": 2 }, "geometry": { "type": "Point", "coordinates": [ 23.34193229675293, 42.721660614013672 ] } },
{ "type": "Feature", "properties": { "latitude": 42.704704284667969, "longitude": 23.332380294799805, "heatmap_weight": 4, "raw_occupancy": 1 }, "geometry": { "type": "Point", "coordinates": [ 23.332380294799805, 42.704704284667969 ] } },
{ "type": "Feature", "properties": { "latitude": 42.665828704833984, "longitude": 23.286235809326172, "heatmap_weight": 4, "raw_occupancy": 1 }, "geometry": { "type": "Point", "coordinates": [ 23.286235809326172, 42.665828704833984 ] } },
{ "type": "Feature", "properties": { "latitude": 42.689044952392578, "longitude": 23.319427490234375, "heatmap_weight": 4, "raw_occupancy": 1 }, "geometry": { "type": "Point", "coordinates": [ 23.319427490234375, 42.689044952392578 ] } },
{ "type": "Feature", "properties": { "latitude": 42.724933624267578, "longitude": 23.265468597412109, "heatmap_weight": 4, "raw_occupancy": 1 }, "geometry": { "type": "Point", "coordinates": [ 23.265468597412109, 42.724933624267578 ] } },
{ "type": "Feature", "properties": { "latitude": 42.691497802734375, "longitude": 23.341396331787109, "heatmap_weight": 4, "raw_occupancy": 1 }, "geometry": { "type": "Point", "coordinates": [ 23.341396331787109, 42.691497802734375 ] } },
{ "type": "Feature", "properties": { "latitude": 42.622657775878906, "longitude": 23.450407028198242, "heatmap_weight": 4, "raw_occupancy": 1 }, "geometry": { "type": "Point", "coordinates": [ 23.450407028198242, 42.622657775878906 ] } },
{ "type": "Feature", "properties": { "latitude": 42.64752197265625, "longitude": 23.208995819091797, "heatmap_weight": 4, "raw_occupancy": 1 }, "geometry": { "type": "Point", "coordinates": [ 23.208995819091797, 42.64752197265625 ] } },
{ "type": "Feature", "properties": { "latitude": 42.659233093261719, "longitude": 23.34699821472168, "heatmap_weight": 9, "raw_occupancy": 2 }, "geometry": { "type": "Point", "coordinates": [ 23.34699821472168, 42.659233093261719 ] } },
{ "type": "Feature", "properties": { "latitude": 42.688957214355469, "longitude": 23.370780944824219, "heatmap_weight": 16, "raw_occupancy": 3 }, "geometry": { "type": "Point", "coordinates": [ 23.370780944824219, 42.688957214355469 ] } },
{ "type": "Feature", "properties": { "latitude": 42.693965911865234, "longitude": 23.315059661865234, "heatmap_weight": 9, "raw_occupancy": 2 }, "geometry": { "type": "Point", "coordinates": [ 23.315059661865234, 42.693965911865234 ] } },
{ "type": "Feature", "properties": { "latitude": 42.709228515625, "longitude": 23.399362564086914, "heatmap_weight": 4, "raw_occupancy": 1 }, "geometry": { "type": "Point", "coordinates": [ 23.399362564086914, 42.709228515625 ] } },
{ "type": "Feature", "properties": { "latitude": 42.640216827392578, "longitude": 23.316476821899414, "heatmap_weight": 16, "raw_occupancy": 3 }, "geometry": { "type": "Point", "coordinates": [ 23.316476821899414, 42.640216827392578 ] } },
{ "type": "Feature", "properties": { "latitude": 42.670440673828125, "longitude": 23.281894683837891, "heatmap_weight": 4, "raw_occupancy": 1 }, "geometry": { "type": "Point", "coordinates": [ 23.281894683837891, 42.670440673828125 ] } },
{ "type": "Feature", "properties": { "latitude": 42.689285278320312, "longitude": 23.24554443359375, "heatmap_weight": 4, "raw_occupancy": 1 }, "geometry": { "type": "Point", "coordinates": [ 23.24554443359375, 42.689285278320312 ] } },
{ "type": "Feature", "properties": { "latitude": 42.660987854003906, "longitude": 23.294979095458984, "heatmap_weight": 9, "raw_occupancy": 2 }, "geometry": { "type": "Point", "coordinates": [ 23.294979095458984, 42.660987854003906 ] } },
{ "type": "Feature", "properties": { "latitude": 42.844921112060547, "longitude": 23.272165298461914, "heatmap_weight": 4, "raw_occupancy": 1 }, "geometry": { "type": "Point", "coordinates": [ 23.272165298461914, 42.844921112060547 ] } },
{ "type": "Feature", "properties": { "latitude": 42.706790924072266, "longitude": 23.299144744873047, "heatmap_weight": 4, "raw_occupancy": 1 }, "geometry": { "type": "Point", "coordinates": [ 23.299144744873047, 42.706790924072266 ] } },
{ "type": "Feature", "properties": { "latitude": 42.696933746337891, "longitude": 23.351806640625, "heatmap_weight": 9, "raw_occupancy": 2 }, "geometry": { "type": "Point", "coordinates": [ 23.351806640625, 42.696933746337891 ] } },
{ "type": "Feature", "properties": { "latitude": 42.823768615722656, "longitude": 23.354043960571289, "heatmap_weight": 4, "raw_occupancy": 1 }, "geometry": { "type": "Point", "coordinates": [ 23.354043960571289, 42.823768615722656 ] } },
{ "type": "Feature", "properties": { "latitude": 42.776180267333984, "longitude": 23.315391540527344, "heatmap_weight": 4, "raw_occupancy": 1 }, "geometry": { "type": "Point", "coordinates": [ 23.315391540527344, 42.776180267333984 ] } },
{ "type": "Feature", "properties": { "latitude": 42.635562896728516, "longitude": 23.375051498413086, "heatmap_weight": 4, "raw_occupancy": 1 }, "geometry": { "type": "Point", "coordinates": [ 23.375051498413086, 42.635562896728516 ] } },
{ "type": "Feature", "properties": { "latitude": 42.704750061035156, "longitude": 23.332292556762695, "heatmap_weight": 1, "raw_occupancy": 0 }, "geometry": { "type": "Point", "coordinates": [ 23.332292556762695, 42.704750061035156 ] } },
{ "type": "Feature", "properties": { "latitude": 42.704952239990234, "longitude": 23.319931030273438, "heatmap_weight": 4, "raw_occupancy": 1 }, "geometry": { "type": "Point", "coordinates": [ 23.319931030273438, 42.704952239990234 ] } },
{ "type": "Feature", "properties": { "latitude": 42.716480255126953, "longitude": 23.237672805786133, "heatmap_weight": 1, "raw_occupancy": 0 }, "geometry": { "type": "Point", "coordinates": [ 23.237672805786133, 42.716480255126953 ] } },
{ "type": "Feature", "properties": { "latitude": 42.698505401611328, "longitude": 23.310050964355469, "heatmap_weight": 9, "raw_occupancy": 2 }, "geometry": { "type": "Point", "coordinates": [ 23.310050964355469, 42.698505401611328 ] } },
{ "type": "Feature", "properties": { "latitude": 42.738025665283203, "longitude": 23.397933959960938, "heatmap_weight": 16, "raw_occupancy": 3 }, "geometry": { "type": "Point", "coordinates": [ 23.397933959960938, 42.738025665283203 ] } },
{ "type": "Feature", "properties": { "latitude": 42.654621124267578, "longitude": 23.369192123413086, "heatmap_weight": 4, "raw_occupancy": 1 }, "geometry": { "type": "Point", "coordinates": [ 23.369192123413086, 42.654621124267578 ] } },
{ "type": "Feature", "properties": { "latitude": 42.666156768798828, "longitude": 23.342155456542969, "heatmap_weight": 16, "raw_occupancy": 3 }, "geometry": { "type": "Point", "coordinates": [ 23.342155456542969, 42.666156768798828 ] } },
{ "type": "Feature", "properties": { "latitude": 42.665283203125, "longitude": 23.317605972290039, "heatmap_weight": 9, "raw_occupancy": 2 }, "geometry": { "type": "Point", "coordinates": [ 23.317605972290039, 42.665283203125 ] } },
{ "type": "Feature", "properties": { "latitude": 42.581851959228516, "longitude": 23.421237945556641, "heatmap_weight": 4, "raw_occupancy": 1 }, "geometry": { "type": "Point", "coordinates": [ 23.421237945556641, 42.581851959228516 ] } },
{ "type": "Feature", "properties": { "latitude": 42.681743621826172, "longitude": 23.30152702331543, "heatmap_weight": 4, "raw_occupancy": 1 }, "geometry": { "type": "Point", "coordinates": [ 23.30152702331543, 42.681743621826172 ] } },
{ "type": "Feature", "properties": { "latitude": 42.664970397949219, "longitude": 23.259712219238281, "heatmap_weight": 1, "raw_occupancy": 0 }, "geometry": { "type": "Point", "coordinates": [ 23.259712219238281, 42.664970397949219 ] } },
{ "type": "Feature", "properties": { "latitude": 42.698539733886719, "longitude": 23.332605361938477, "heatmap_weight": 9, "raw_occupancy": 2 }, "geometry": { "type": "Point", "coordinates": [ 23.332605361938477, 42.698539733886719 ] } },
{ "type": "Feature", "properties": { "latitude": 42.753612518310547, "longitude": 23.320863723754883, "heatmap_weight": 1, "raw_occupancy": 0 }, "geometry": { "type": "Point", "coordinates": [ 23.320863723754883, 42.753612518310547 ] } },
{ "type": "Feature", "properties": { "latitude": 42.70147705078125, "longitude": 23.278112411499023, "heatmap_weight": 1, "raw_occupancy": 0 }, "geometry": { "type": "Point", "coordinates": [ 23.278112411499023, 42.70147705078125 ] } },
{ "type": "Feature", "properties": { "latitude": 42.644325256347656, "longitude": 23.341978073120117, "heatmap_weight": 4, "raw_occupancy": 1 }, "geometry": { "type": "Point", "coordinates": [ 23.341978073120117, 42.644325256347656 ] } },
{ "type": "Feature", "properties": { "latitude": 42.641014099121094, "longitude": 23.313510894775391, "heatmap_weight": 9, "raw_occupancy": 2 }, "geometry": { "type": "Point", "coordinates": [ 23.313510894775391, 42.641014099121094 ] } },
{ "type": "Feature", "properties": { "latitude": 42.714076995849609, "longitude": 23.308246612548828, "heatmap_weight": 4, "raw_occupancy": 1 }, "geometry": { "type": "Point", "coordinates": [ 23.308246612548828, 42.714076995849609 ] } },
{ "type": "Feature", "properties": { "latitude": 42.664936065673828, "longitude": 23.39079475402832, "heatmap_weight": 9, "raw_occupancy": 2 }, "geometry": { "type": "Point", "coordinates": [ 23.39079475402832, 42.664936065673828 ] } },
{ "type": "Feature", "properties": { "latitude": 42.694381713867188, "longitude": 23.335342407226562, "heatmap_weight": 1, "raw_occupancy": 0 }, "geometry": { "type": "Point", "coordinates": [ 23.335342407226562, 42.694381713867188 ] } },
{ "type": "Feature", "properties": { "latitude": 42.681903839111328, "longitude": 23.243043899536133, "heatmap_weight": 4, "raw_occupancy": 1 }, "geometry": { "type": "Point", "coordinates": [ 23.243043899536133, 42.681903839111328 ] } },
{ "type": "Feature", "properties": { "latitude": 42.699222564697266, "longitude": 23.340381622314453, "heatmap_weight": 4, "raw_occupancy": 1 }, "geometry": { "type": "Point", "coordinates": [ 23.340381622314453, 42.699222564697266 ] } },
{ "type": "Feature", "properties": { "latitude": 42.705326080322266, "longitude": 23.333963394165039, "heatmap_weight": 4, "raw_occupancy": 1 }, "geometry": { "type": "Point", "coordinates": [ 23.333963394165039, 42.705326080322266 ] } },
{ "type": "Feature", "properties": { "latitude": 42.615745544433594, "longitude": 23.3631591796875, "heatmap_weight": 4, "raw_occupancy": 1 }, "geometry": { "type": "Point", "coordinates": [ 23.3631591796875, 42.615745544433594 ] } },
{ "type": "Feature", "properties": { "latitude": 42.700210571289062, "longitude": 23.322319030761719, "heatmap_weight": 4, "raw_occupancy": 1 }, "geometry": { "type": "Point", "coordinates": [ 23.322319030761719, 42.700210571289062 ] } },
{ "type": "Feature", "properties": { "latitude": 42.62506103515625, "longitude": 23.385257720947266, "heatmap_weight": 1, "raw_occupancy": 0 }, "geometry": { "type": "Point", "coordinates": [ 23.385257720947266, 42.62506103515625 ] } },
{ "type": "Feature", "properties": { "latitude": 42.723697662353516, "longitude": 23.315584182739258, "heatmap_weight": 1, "raw_occupancy": 0 }, "geometry": { "type": "Point", "coordinates": [ 23.315584182739258, 42.723697662353516 ] } },
{ "type": "Feature", "properties": { "latitude": 42.716480255126953, "longitude": 23.251674652099609, "heatmap_weight": 4, "raw_occupancy": 1 }, "geometry": { "type": "Point", "coordinates": [ 23.251674652099609, 42.716480255126953 ] } },
{ "type": "Feature", "properties": { "latitude": 42.689090728759766, "longitude": 23.335559844970703, "heatmap_weight": 9, "raw_occupancy": 2 }, "geometry": { "type": "Point", "coordinates": [ 23.335559844970703, 42.689090728759766 ] } },
{ "type": "Feature", "properties": { "latitude": 42.705417633056641, "longitude": 23.32362174987793, "heatmap_weight": 1, "raw_occupancy": 0 }, "geometry": { "type": "Point", "coordinates": [ 23.32362174987793, 42.705417633056641 ] } },
{ "type": "Feature", "properties": { "latitude": 42.681751251220703, "longitude": 23.313526153564453, "heatmap_weight": 9, "raw_occupancy": 2 }, "geometry": { "type": "Point", "coordinates": [ 23.313526153564453, 42.681751251220703 ] } },
{ "type": "Feature", "properties": { "latitude": 42.653705596923828, "longitude": 23.344942092895508, "heatmap_weight": 9, "raw_occupancy": 2 }, "geometry": { "type": "Point", "coordinates": [ 23.344942092895508, 42.653705596923828 ] } },
{ "type": "Feature", "properties": { "latitude": 42.693225860595703, "longitude": 23.355325698852539, "heatmap_weight": 4, "raw_occupancy": 1 }, "geometry": { "type": "Point", "coordinates": [ 23.355325698852539, 42.693225860595703 ] } },
{ "type": "Feature", "properties": { "latitude": 42.691608428955078, "longitude": 23.311138153076172, "heatmap_weight": 4, "raw_occupancy": 1 }, "geometry": { "type": "Point", "coordinates": [ 23.311138153076172, 42.691608428955078 ] } },
{ "type": "Feature", "properties": { "latitude": 42.651451110839844, "longitude": 23.367898941040039, "heatmap_weight": 1, "raw_occupancy": 0 }, "geometry": { "type": "Point", "coordinates": [ 23.367898941040039, 42.651451110839844 ] } },
{ "type": "Feature", "properties": { "latitude": 42.646724700927734, "longitude": 23.346078872680664, "heatmap_weight": 1, "raw_occupancy": 0 }, "geometry": { "type": "Point", "coordinates": [ 23.346078872680664, 42.646724700927734 ] } },
{ "type": "Feature", "properties": { "latitude": 42.690956115722656, "longitude": 23.314369201660156, "heatmap_weight": 1, "raw_occupancy": 0 }, "geometry": { "type": "Point", "coordinates": [ 23.314369201660156, 42.690956115722656 ] } },
{ "type": "Feature", "properties": { "latitude": 42.613956451416016, "longitude": 23.501192092895508, "heatmap_weight": 1, "raw_occupancy": 0 }, "geometry": { "type": "Point", "coordinates": [ 23.501192092895508, 42.613956451416016 ] } },
{ "type": "Feature", "properties": { "latitude": 42.747417449951172, "longitude": 23.279109954833984, "heatmap_weight": 4, "raw_occupancy": 1 }, "geometry": { "type": "Point", "coordinates": [ 23.279109954833984, 42.747417449951172 ] } },
{ "type": "Feature", "properties": { "latitude": 42.629474639892578, "longitude": 23.408485412597656, "heatmap_weight": 4, "raw_occupancy": 1 }, "geometry": { "type": "Point", "coordinates": [ 23.408485412597656, 42.629474639892578 ] } },
{ "type": "Feature", "properties": { "latitude": 42.745262145996094, "longitude": 23.348396301269531, "heatmap_weight": 4, "raw_occupancy": 1 }, "geometry": { "type": "Point", "coordinates": [ 23.348396301269531, 42.745262145996094 ] } },
{ "type": "Feature", "properties": { "latitude": 42.665134429931641, "longitude": 23.260133743286133, "heatmap_weight": 4, "raw_occupancy": 1 }, "geometry": { "type": "Point", "coordinates": [ 23.260133743286133, 42.665134429931641 ] } },
{ "type": "Feature", "properties": { "latitude": 42.711578369140625, "longitude": 23.318822860717773, "heatmap_weight": 1, "raw_occupancy": 0 }, "geometry": { "type": "Point", "coordinates": [ 23.318822860717773, 42.711578369140625 ] } },
{ "type": "Feature", "properties": { "latitude": 42.605415344238281, "longitude": 23.35038948059082, "heatmap_weight": 9, "raw_occupancy": 2 }, "geometry": { "type": "Point", "coordinates": [ 23.35038948059082, 42.605415344238281 ] } },
{ "type": "Feature", "properties": { "latitude": 42.568580627441406, "longitude": 23.42680549621582, "heatmap_weight": 4, "raw_occupancy": 1 }, "geometry": { "type": "Point", "coordinates": [ 23.42680549621582, 42.568580627441406 ] } },
{ "type": "Feature", "properties": { "latitude": 42.672191619873047, "longitude": 23.363265991210938, "heatmap_weight": 4, "raw_occupancy": 1 }, "geometry": { "type": "Point", "coordinates": [ 23.363265991210938, 42.672191619873047 ] } },
{ "type": "Feature", "properties": { "latitude": 42.686252593994141, "longitude": 23.308341979980469, "heatmap_weight": 9, "raw_occupancy": 2 }, "geometry": { "type": "Point", "coordinates": [ 23.308341979980469, 42.686252593994141 ] } },
{ "type": "Feature", "properties": { "latitude": 42.658672332763672, "longitude": 23.314914703369141, "heatmap_weight": 1, "raw_occupancy": 0 }, "geometry": { "type": "Point", "coordinates": [ 23.314914703369141, 42.658672332763672 ] } },
{ "type": "Feature", "properties": { "latitude": 42.695350646972656, "longitude": 23.308740615844727, "heatmap_weight": 16, "raw_occupancy": 3 }, "geometry": { "type": "Point", "coordinates": [ 23.308740615844727, 42.695350646972656 ] } },
{ "type": "Feature", "properties": { "latitude": 42.686702728271484, "longitude": 23.27503776550293, "heatmap_weight": 9, "raw_occupancy": 2 }, "geometry": { "type": "Point", "coordinates": [ 23.27503776550293, 42.686702728271484 ] } },
{ "type": "Feature", "properties": { "latitude": 42.684761047363281, "longitude": 23.302165985107422, "heatmap_weight": 9, "raw_occupancy": 2 }, "geometry": { "type": "Point", "coordinates": [ 23.302165985107422, 42.684761047363281 ] } },
{ "type": "Feature", "properties": { "latitude": 42.652008056640625, "longitude": 23.405008316040039, "heatmap_weight": 4, "raw_occupancy": 1 }, "geometry": { "type": "Point", "coordinates": [ 23.405008316040039, 42.652008056640625 ] } },
{ "type": "Feature", "properties": { "latitude": 42.702373504638672, "longitude": 23.360134124755859, "heatmap_weight": 4, "raw_occupancy": 1 }, "geometry": { "type": "Point", "coordinates": [ 23.360134124755859, 42.702373504638672 ] } },
{ "type": "Feature", "properties": { "latitude": 42.640640258789062, "longitude": 23.41246223449707, "heatmap_weight": 1, "raw_occupancy": 0 }, "geometry": { "type": "Point", "coordinates": [ 23.41246223449707, 42.640640258789062 ] } },
{ "type": "Feature", "properties": { "latitude": 42.674716949462891, "longitude": 23.309301376342773, "heatmap_weight": 4, "raw_occupancy": 1 }, "geometry": { "type": "Point", "coordinates": [ 23.309301376342773, 42.674716949462891 ] } },
{ "type": "Feature", "properties": { "latitude": 42.697475433349609, "longitude": 23.337928771972656, "heatmap_weight": 9, "raw_occupancy": 2 }, "geometry": { "type": "Point", "coordinates": [ 23.337928771972656, 42.697475433349609 ] } },
{ "type": "Feature", "properties": { "latitude": 42.689468383789062, "longitude": 23.336137771606445, "heatmap_weight": 4, "raw_occupancy": 1 }, "geometry": { "type": "Point", "coordinates": [ 23.336137771606445, 42.689468383789062 ] } },
{ "type": "Feature", "properties": { "latitude": 42.671627044677734, "longitude": 23.3822021484375, "heatmap_weight": 4, "raw_occupancy": 1 }, "geometry": { "type": "Point", "coordinates": [ 23.3822021484375, 42.671627044677734 ] } },
{ "type": "Feature", "properties": { "latitude": 42.662029266357422, "longitude": 23.251922607421875, "heatmap_weight": 1, "raw_occupancy": 0 }, "geometry": { "type": "Point", "coordinates": [ 23.251922607421875, 42.662029266357422 ] } },
{ "type": "Feature", "properties": { "latitude": 42.736949920654297, "longitude": 23.477821350097656, "heatmap_weight": 9, "raw_occupancy": 2 }, "geometry": { "type": "Point", "coordinates": [ 23.477821350097656, 42.736949920654297 ] } },
{ "type": "Feature", "properties": { "latitude": 42.710861206054688, "longitude": 23.292238235473633, "heatmap_weight": 4, "raw_occupancy": 1 }, "geometry": { "type": "Point", "coordinates": [ 23.292238235473633, 42.710861206054688 ] } },
{ "type": "Feature", "properties": { "latitude": 42.678565979003906, "longitude": 23.284780502319336, "heatmap_weight": 4, "raw_occupancy": 1 }, "geometry": { "type": "Point", "coordinates": [ 23.284780502319336, 42.678565979003906 ] } },
{ "type": "Feature", "properties": { "latitude": 42.672863006591797, "longitude": 23.274675369262695, "heatmap_weight": 9, "raw_occupancy": 2 }, "geometry": { "type": "Point", "coordinates": [ 23.274675369262695, 42.672863006591797 ] } },
{ "type": "Feature", "properties": { "latitude": 42.684070587158203, "longitude": 23.35316276550293, "heatmap_weight": 16, "raw_occupancy": 3 }, "geometry": { "type": "Point", "coordinates": [ 23.35316276550293, 42.684070587158203 ] } },
{ "type": "Feature", "properties": { "latitude": 42.658073425292969, "longitude": 23.328483581542969, "heatmap_weight": 4, "raw_occupancy": 1 }, "geometry": { "type": "Point", "coordinates": [ 23.328483581542969, 42.658073425292969 ] } },
{ "type": "Feature", "properties": { "latitude": 42.6934814453125, "longitude": 23.339906692504883, "heatmap_weight": 4, "raw_occupancy": 1 }, "geometry": { "type": "Point", "coordinates": [ 23.339906692504883, 42.6934814453125 ] } },
{ "type": "Feature", "properties": { "latitude": 42.65460205078125, "longitude": 23.46491813659668, "heatmap_weight": 4, "raw_occupancy": 1 }, "geometry": { "type": "Point", "coordinates": [ 23.46491813659668, 42.65460205078125 ] } },
{ "type": "Feature", "properties": { "latitude": 42.727554321289062, "longitude": 23.301441192626953, "heatmap_weight": 9, "raw_occupancy": 2 }, "geometry": { "type": "Point", "coordinates": [ 23.301441192626953, 42.727554321289062 ] } },
{ "type": "Feature", "properties": { "latitude": 42.718616485595703, "longitude": 23.277122497558594, "heatmap_weight": 4, "raw_occupancy": 1 }, "geometry": { "type": "Point", "coordinates": [ 23.277122497558594, 42.718616485595703 ] } },
{ "type": "Feature", "properties": { "latitude": 42.687171936035156, "longitude": 23.316793441772461, "heatmap_weight": 4, "raw_occupancy": 1 }, "geometry": { "type": "Point", "coordinates": [ 23.316793441772461, 42.687171936035156 ] } },
{ "type": "Feature", "properties": { "latitude": 42.691856384277344, "longitude": 23.309808731079102, "heatmap_weight": 4, "raw_occupancy": 1 }, "geometry": { "type": "Point", "coordinates": [ 23.309808731079102, 42.691856384277344 ] } },
{ "type": "Feature", "properties": { "latitude": 42.66168212890625, "longitude": 23.294792175292969, "heatmap_weight": 9, "raw_occupancy": 2 }, "geometry": { "type": "Point", "coordinates": [ 23.294792175292969, 42.66168212890625 ] } },
{ "type": "Feature", "properties": { "latitude": 42.679428100585938, "longitude": 23.301912307739258, "heatmap_weight": 4, "raw_occupancy": 1 }, "geometry": { "type": "Point", "coordinates": [ 23.301912307739258, 42.679428100585938 ] } },
{ "type": "Feature", "properties": { "latitude": 42.655197143554688, "longitude": 23.381439208984375, "heatmap_weight": 9, "raw_occupancy": 2 }, "geometry": { "type": "Point", "coordinates": [ 23.381439208984375, 42.655197143554688 ] } },
{ "type": "Feature", "properties": { "latitude": 42.695034027099609, "longitude": 23.320064544677734, "heatmap_weight": 4, "raw_occupancy": 1 }, "geometry": { "type": "Point", "coordinates": [ 23.320064544677734, 42.695034027099609 ] } },
{ "type": "Feature", "properties": { "latitude": 42.703659057617188, "longitude": 23.323551177978516, "heatmap_weight": 4, "raw_occupancy": 1 }, "geometry": { "type": "Point", "coordinates": [ 23.323551177978516, 42.703659057617188 ] } },
{ "type": "Feature", "properties": { "latitude": 42.723594665527344, "longitude": 23.305763244628906, "heatmap_weight": 4, "raw_occupancy": 1 }, "geometry": { "type": "Point", "coordinates": [ 23.305763244628906, 42.723594665527344 ] } },
{ "type": "Feature", "properties": { "latitude": 42.724739074707031, "longitude": 23.265565872192383, "heatmap_weight": 4, "raw_occupancy": 1 }, "geometry": { "type": "Point", "coordinates": [ 23.265565872192383, 42.724739074707031 ] } },
{ "type": "Feature", "properties": { "latitude": 42.712924957275391, "longitude": 23.31574821472168, "heatmap_weight": 1, "raw_occupancy": 0 }, "geometry": { "type": "Point", "coordinates": [ 23.31574821472168, 42.712924957275391 ] } },
{ "type": "Feature", "properties": { "latitude": 42.660575866699219, "longitude": 23.317026138305664, "heatmap_weight": 4, "raw_occupancy": 1 }, "geometry": { "type": "Point", "coordinates": [ 23.317026138305664, 42.660575866699219 ] } },
{ "type": "Feature", "properties": { "latitude": 42.705963134765625, "longitude": 23.312526702880859, "heatmap_weight": 4, "raw_occupancy": 1 }, "geometry": { "type": "Point", "coordinates": [ 23.312526702880859, 42.705963134765625 ] } },
{ "type": "Feature", "properties": { "latitude": 42.773971557617188, "longitude": 23.24308967590332, "heatmap_weight": 4, "raw_occupancy": 1 }, "geometry": { "type": "Point", "coordinates": [ 23.24308967590332, 42.773971557617188 ] } },
{ "type": "Feature", "properties": { "latitude": 42.695293426513672, "longitude": 23.308904647827148, "heatmap_weight": 9, "raw_occupancy": 2 }, "geometry": { "type": "Point", "coordinates": [ 23.308904647827148, 42.695293426513672 ] } },
{ "type": "Feature", "properties": { "latitude": 42.781414031982422, "longitude": 23.518037796020508, "heatmap_weight": 1, "raw_occupancy": 0 }, "geometry": { "type": "Point", "coordinates": [ 23.518037796020508, 42.781414031982422 ] } },
{ "type": "Feature", "properties": { "latitude": 42.705532073974609, "longitude": 23.350276947021484, "heatmap_weight": 4, "raw_occupancy": 1 }, "geometry": { "type": "Point", "coordinates": [ 23.350276947021484, 42.705532073974609 ] } },
{ "type": "Feature", "properties": { "latitude": 42.718456268310547, "longitude": 23.27088737487793, "heatmap_weight": 4, "raw_occupancy": 1 }, "geometry": { "type": "Point", "coordinates": [ 23.27088737487793, 42.718456268310547 ] } },
{ "type": "Feature", "properties": { "latitude": 42.809230804443359, "longitude": 23.376043319702148, "heatmap_weight": 4, "raw_occupancy": 1 }, "geometry": { "type": "Point", "coordinates": [ 23.376043319702148, 42.809230804443359 ] } },
{ "type": "Feature", "properties": { "latitude": 42.673870086669922, "longitude": 23.255830764770508, "heatmap_weight": 9, "raw_occupancy": 2 }, "geometry": { "type": "Point", "coordinates": [ 23.255830764770508, 42.673870086669922 ] } },
{ "type": "Feature", "properties": { "latitude": 42.728023529052734, "longitude": 23.246313095092773, "heatmap_weight": 1, "raw_occupancy": 0 }, "geometry": { "type": "Point", "coordinates": [ 23.246313095092773, 42.728023529052734 ] } },
{ "type": "Feature", "properties": { "latitude": 42.66650390625, "longitude": 23.275833129882812, "heatmap_weight": 9, "raw_occupancy": 2 }, "geometry": { "type": "Point", "coordinates": [ 23.275833129882812, 42.66650390625 ] } },
{ "type": "Feature", "properties": { "latitude": 42.653717041015625, "longitude": 23.343034744262695, "heatmap_weight": 9, "raw_occupancy": 2 }, "geometry": { "type": "Point", "coordinates": [ 23.343034744262695, 42.653717041015625 ] } },
{ "type": "Feature", "properties": { "latitude": 42.731647491455078, "longitude": 23.313377380371094, "heatmap_weight": 1, "raw_occupancy": 0 }, "geometry": { "type": "Point", "coordinates": [ 23.313377380371094, 42.731647491455078 ] } },
{ "type": "Feature", "properties": { "latitude": 42.676200866699219, "longitude": 23.26844596862793, "heatmap_weight": 4, "raw_occupancy": 1 }, "geometry": { "type": "Point", "coordinates": [ 23.26844596862793, 42.676200866699219 ] } },
{ "type": "Feature", "properties": { "latitude": 42.711971282958984, "longitude": 23.147947311401367, "heatmap_weight": 4, "raw_occupancy": 1 }, "geometry": { "type": "Point", "coordinates": [ 23.147947311401367, 42.711971282958984 ] } },
{ "type": "Feature", "properties": { "latitude": 42.661689758300781, "longitude": 23.404617309570312, "heatmap_weight": 4, "raw_occupancy": 1 }, "geometry": { "type": "Point", "coordinates": [ 23.404617309570312, 42.661689758300781 ] } },
{ "type": "Feature", "properties": { "latitude": 42.707492828369141, "longitude": 23.327392578125, "heatmap_weight": 4, "raw_occupancy": 1 }, "geometry": { "type": "Point", "coordinates": [ 23.327392578125, 42.707492828369141 ] } },
{ "type": "Feature", "properties": { "latitude": 42.656570434570312, "longitude": 23.327421188354492, "heatmap_weight": 1, "raw_occupancy": 0 }, "geometry": { "type": "Point", "coordinates": [ 23.327421188354492, 42.656570434570312 ] } },
{ "type": "Feature", "properties": { "latitude": 42.820888519287109, "longitude": 23.365472793579102, "heatmap_weight": 4, "raw_occupancy": 1 }, "geometry": { "type": "Point", "coordinates": [ 23.365472793579102, 42.820888519287109 ] } },
{ "type": "Feature", "properties": { "latitude": 42.666152954101562, "longitude": 23.371078491210938, "heatmap_weight": 1, "raw_occupancy": 0 }, "geometry": { "type": "Point", "coordinates": [ 23.371078491210938, 42.666152954101562 ] } },
{ "type": "Feature", "properties": { "latitude": 42.673294067382812, "longitude": 23.335372924804688, "heatmap_weight": 16, "raw_occupancy": 3 }, "geometry": { "type": "Point", "coordinates": [ 23.335372924804688, 42.673294067382812 ] } },
{ "type": "Feature", "properties": { "latitude": 42.681552886962891, "longitude": 23.31285285949707, "heatmap_weight": 4, "raw_occupancy": 1 }, "geometry": { "type": "Point", "coordinates": [ 23.31285285949707, 42.681552886962891 ] } },
{ "type": "Feature", "properties": { "latitude": 42.70574951171875, "longitude": 23.316932678222656, "heatmap_weight": 9, "raw_occupancy": 2 }, "geometry": { "type": "Point", "coordinates": [ 23.316932678222656, 42.70574951171875 ] } },
{ "type": "Feature", "properties": { "latitude": 42.629470825195312, "longitude": 23.382541656494141, "heatmap_weight": 4, "raw_occupancy": 1 }, "geometry": { "type": "Point", "coordinates": [ 23.382541656494141, 42.629470825195312 ] } },
{ "type": "Feature", "properties": { "latitude": 42.705070495605469, "longitude": 23.325523376464844, "heatmap_weight": 4, "raw_occupancy": 1 }, "geometry": { "type": "Point", "coordinates": [ 23.325523376464844, 42.705070495605469 ] } },
{ "type": "Feature", "properties": { "latitude": 42.677196502685547, "longitude": 23.297883987426758, "heatmap_weight": 4, "raw_occupancy": 1 }, "geometry": { "type": "Point", "coordinates": [ 23.297883987426758, 42.677196502685547 ] } },
{ "type": "Feature", "properties": { "latitude": 42.679363250732422, "longitude": 23.302013397216797, "heatmap_weight": 9, "raw_occupancy": 2 }, "geometry": { "type": "Point", "coordinates": [ 23.302013397216797, 42.679363250732422 ] } },
{ "type": "Feature", "properties": { "latitude": 42.679752349853516, "longitude": 23.30352783203125, "heatmap_weight": 4, "raw_occupancy": 1 }, "geometry": { "type": "Point", "coordinates": [ 23.30352783203125, 42.679752349853516 ] } },
{ "type": "Feature", "properties": { "latitude": 42.704555511474609, "longitude": 23.324472427368164, "heatmap_weight": 1, "raw_occupancy": 0 }, "geometry": { "type": "Point", "coordinates": [ 23.324472427368164, 42.704555511474609 ] } },
{ "type": "Feature", "properties": { "latitude": 42.715061187744141, "longitude": 23.283969879150391, "heatmap_weight": 9, "raw_occupancy": 2 }, "geometry": { "type": "Point", "coordinates": [ 23.283969879150391, 42.715061187744141 ] } },
{ "type": "Feature", "properties": { "latitude": 42.665729522705078, "longitude": 23.372285842895508, "heatmap_weight": 4, "raw_occupancy": 1 }, "geometry": { "type": "Point", "coordinates": [ 23.372285842895508, 42.665729522705078 ] } },
{ "type": "Feature", "properties": { "latitude": 42.631351470947266, "longitude": 23.373050689697266, "heatmap_weight": 9, "raw_occupancy": 2 }, "geometry": { "type": "Point", "coordinates": [ 23.373050689697266, 42.631351470947266 ] } },
{ "type": "Feature", "properties": { "latitude": 42.707466125488281, "longitude": 23.298498153686523, "heatmap_weight": 9, "raw_occupancy": 2 }, "geometry": { "type": "Point", "coordinates": [ 23.298498153686523, 42.707466125488281 ] } },
{ "type": "Feature", "properties": { "latitude": 42.670551300048828, "longitude": 23.320425033569336, "heatmap_weight": 9, "raw_occupancy": 2 }, "geometry": { "type": "Point", "coordinates": [ 23.320425033569336, 42.670551300048828 ] } },
{ "type": "Feature", "properties": { "latitude": 42.692264556884766, "longitude": 23.335334777832031, "heatmap_weight": 9, "raw_occupancy": 2 }, "geometry": { "type": "Point", "coordinates": [ 23.335334777832031, 42.692264556884766 ] } },
{ "type": "Feature", "properties": { "latitude": 42.647438049316406, "longitude": 23.376682281494141, "heatmap_weight": 4, "raw_occupancy": 1 }, "geometry": { "type": "Point", "coordinates": [ 23.376682281494141, 42.647438049316406 ] } },
{ "type": "Feature", "properties": { "latitude": 42.691726684570312, "longitude": 23.370065689086914, "heatmap_weight": 1, "raw_occupancy": 0 }, "geometry": { "type": "Point", "coordinates": [ 23.370065689086914, 42.691726684570312 ] } },
{ "type": "Feature", "properties": { "latitude": 42.721603393554688, "longitude": 23.241132736206055, "heatmap_weight": 4, "raw_occupancy": 1 }, "geometry": { "type": "Point", "coordinates": [ 23.241132736206055, 42.721603393554688 ] } },
{ "type": "Feature", "properties": { "latitude": 42.679012298583984, "longitude": 23.291479110717773, "heatmap_weight": 4, "raw_occupancy": 1 }, "geometry": { "type": "Point", "coordinates": [ 23.291479110717773, 42.679012298583984 ] } },
{ "type": "Feature", "properties": { "latitude": 42.714962005615234, "longitude": 23.25030517578125, "heatmap_weight": 16, "raw_occupancy": 3 }, "geometry": { "type": "Point", "coordinates": [ 23.25030517578125, 42.714962005615234 ] } },
{ "type": "Feature", "properties": { "latitude": 42.703540802001953, "longitude": 23.336009979248047, "heatmap_weight": 9, "raw_occupancy": 2 }, "geometry": { "type": "Point", "coordinates": [ 23.336009979248047, 42.703540802001953 ] } },
{ "type": "Feature", "properties": { "latitude": 42.599483489990234, "longitude": 23.499675750732422, "heatmap_weight": 1, "raw_occupancy": 0 }, "geometry": { "type": "Point", "coordinates": [ 23.499675750732422, 42.599483489990234 ] } },
{ "type": "Feature", "properties": { "latitude": 42.712055206298828, "longitude": 23.289459228515625, "heatmap_weight": 9, "raw_occupancy": 2 }, "geometry": { "type": "Point", "coordinates": [ 23.289459228515625, 42.712055206298828 ] } },
{ "type": "Feature", "properties": { "latitude": 42.686069488525391, "longitude": 23.351278305053711, "heatmap_weight": 9, "raw_occupancy": 2 }, "geometry": { "type": "Point", "coordinates": [ 23.351278305053711, 42.686069488525391 ] } },
{ "type": "Feature", "properties": { "latitude": 42.666225433349609, "longitude": 23.300348281860352, "heatmap_weight": 4, "raw_occupancy": 1 }, "geometry": { "type": "Point", "coordinates": [ 23.300348281860352, 42.666225433349609 ] } },
{ "type": "Feature", "properties": { "latitude": 42.681373596191406, "longitude": 23.309267044067383, "heatmap_weight": 4, "raw_occupancy": 1 }, "geometry": { "type": "Point", "coordinates": [ 23.309267044067383, 42.681373596191406 ] } },
{ "type": "Feature", "properties": { "latitude": 42.697093963623047, "longitude": 23.337924957275391, "heatmap_weight": 4, "raw_occupancy": 1 }, "geometry": { "type": "Point", "coordinates": [ 23.337924957275391, 42.697093963623047 ] } },
{ "type": "Feature", "properties": { "latitude": 42.686767578125, "longitude": 23.330560684204102, "heatmap_weight": 1, "raw_occupancy": 0 }, "geometry": { "type": "Point", "coordinates": [ 23.330560684204102, 42.686767578125 ] } },
{ "type": "Feature", "properties": { "latitude": 42.674907684326172, "longitude": 23.290306091308594, "heatmap_weight": 4, "raw_occupancy": 1 }, "geometry": { "type": "Point", "coordinates": [ 23.290306091308594, 42.674907684326172 ] } },
{ "type": "Feature", "properties": { "latitude": 42.690822601318359, "longitude": 23.323915481567383, "heatmap_weight": 4, "raw_occupancy": 1 }, "geometry": { "type": "Point", "coordinates": [ 23.323915481567383, 42.690822601318359 ] } },
{ "type": "Feature", "properties": { "latitude": 42.67822265625, "longitude": 23.324836730957031, "heatmap_weight": 4, "raw_occupancy": 1 }, "geometry": { "type": "Point", "coordinates": [ 23.324836730957031, 42.67822265625 ] } },
{ "type": "Feature", "properties": { "latitude": 42.667835235595703, "longitude": 23.369688034057617, "heatmap_weight": 9, "raw_occupancy": 2 }, "geometry": { "type": "Point", "coordinates": [ 23.369688034057617, 42.667835235595703 ] } },
{ "type": "Feature", "properties": { "latitude": 42.638984680175781, "longitude": 23.397792816162109, "heatmap_weight": 1, "raw_occupancy": 0 }, "geometry": { "type": "Point", "coordinates": [ 23.397792816162109, 42.638984680175781 ] } },
{ "type": "Feature", "properties": { "latitude": 42.648792266845703, "longitude": 23.242626190185547, "heatmap_weight": 4, "raw_occupancy": 1 }, "geometry": { "type": "Point", "coordinates": [ 23.242626190185547, 42.648792266845703 ] } },
{ "type": "Feature", "properties": { "latitude": 42.694789886474609, "longitude": 23.316013336181641, "heatmap_weight": 4, "raw_occupancy": 1 }, "geometry": { "type": "Point", "coordinates": [ 23.316013336181641, 42.694789886474609 ] } },
{ "type": "Feature", "properties": { "latitude": 42.675430297851562, "longitude": 23.303520202636719, "heatmap_weight": 4, "raw_occupancy": 1 }, "geometry": { "type": "Point", "coordinates": [ 23.303520202636719, 42.675430297851562 ] } },
{ "type": "Feature", "properties": { "latitude": 42.681297302246094, "longitude": 23.289779663085938, "heatmap_weight": 4, "raw_occupancy": 1 }, "geometry": { "type": "Point", "coordinates": [ 23.289779663085938, 42.681297302246094 ] } },
{ "type": "Feature", "properties": { "latitude": 42.682212829589844, "longitude": 23.291032791137695, "heatmap_weight": 4, "raw_occupancy": 1 }, "geometry": { "type": "Point", "coordinates": [ 23.291032791137695, 42.682212829589844 ] } },
{ "type": "Feature", "properties": { "latitude": 42.700542449951172, "longitude": 23.296710968017578, "heatmap_weight": 4, "raw_occupancy": 1 }, "geometry": { "type": "Point", "coordinates": [ 23.296710968017578, 42.700542449951172 ] } },
{ "type": "Feature", "properties": { "latitude": 42.706939697265625, "longitude": 23.284662246704102, "heatmap_weight": 4, "raw_occupancy": 1 }, "geometry": { "type": "Point", "coordinates": [ 23.284662246704102, 42.706939697265625 ] } },
{ "type": "Feature", "properties": { "latitude": 42.692314147949219, "longitude": 23.334159851074219, "heatmap_weight": 4, "raw_occupancy": 1 }, "geometry": { "type": "Point", "coordinates": [ 23.334159851074219, 42.692314147949219 ] } },
{ "type": "Feature", "properties": { "latitude": 42.657478332519531, "longitude": 23.337764739990234, "heatmap_weight": 4, "raw_occupancy": 1 }, "geometry": { "type": "Point", "coordinates": [ 23.337764739990234, 42.657478332519531 ] } },
{ "type": "Feature", "properties": { "latitude": 42.693820953369141, "longitude": 23.349119186401367, "heatmap_weight": 25, "raw_occupancy": 4 }, "geometry": { "type": "Point", "coordinates": [ 23.349119186401367, 42.693820953369141 ] } },
{ "type": "Feature", "properties": { "latitude": 42.669437408447266, "longitude": 23.277280807495117, "heatmap_weight": 9, "raw_occupancy": 2 }, "geometry": { "type": "Point", "coordinates": [ 23.277280807495117, 42.669437408447266 ] } },
{ "type": "Feature", "properties": { "latitude": 42.707588195800781, "longitude": 23.410135269165039, "heatmap_weight": 9, "raw_occupancy": 2 }, "geometry": { "type": "Point", "coordinates": [ 23.410135269165039, 42.707588195800781 ] } },
{ "type": "Feature", "properties": { "latitude": 42.71331787109375, "longitude": 23.315217971801758, "heatmap_weight": 4, "raw_occupancy": 1 }, "geometry": { "type": "Point", "coordinates": [ 23.315217971801758, 42.71331787109375 ] } },
{ "type": "Feature", "properties": { "latitude": 42.692031860351562, "longitude": 23.333606719970703, "heatmap_weight": 4, "raw_occupancy": 1 }, "geometry": { "type": "Point", "coordinates": [ 23.333606719970703, 42.692031860351562 ] } },
{ "type": "Feature", "properties": { "latitude": 42.680198669433594, "longitude": 23.333324432373047, "heatmap_weight": 4, "raw_occupancy": 1 }, "geometry": { "type": "Point", "coordinates": [ 23.333324432373047, 42.680198669433594 ] } },
{ "type": "Feature", "properties": { "latitude": 42.748825073242188, "longitude": 23.222490310668945, "heatmap_weight": 4, "raw_occupancy": 1 }, "geometry": { "type": "Point", "coordinates": [ 23.222490310668945, 42.748825073242188 ] } },
{ "type": "Feature", "properties": { "latitude": 42.821964263916016, "longitude": 23.282970428466797, "heatmap_weight": 9, "raw_occupancy": 2 }, "geometry": { "type": "Point", "coordinates": [ 23.282970428466797, 42.821964263916016 ] } },
{ "type": "Feature", "properties": { "latitude": 42.705863952636719, "longitude": 23.317623138427734, "heatmap_weight": 4, "raw_occupancy": 1 }, "geometry": { "type": "Point", "coordinates": [ 23.317623138427734, 42.705863952636719 ] } },
{ "type": "Feature", "properties": { "latitude": 42.710422515869141, "longitude": 23.161918640136719, "heatmap_weight": 9, "raw_occupancy": 2 }, "geometry": { "type": "Point", "coordinates": [ 23.161918640136719, 42.710422515869141 ] } },
{ "type": "Feature", "properties": { "latitude": 42.660594940185547, "longitude": 23.379941940307617, "heatmap_weight": 4, "raw_occupancy": 1 }, "geometry": { "type": "Point", "coordinates": [ 23.379941940307617, 42.660594940185547 ] } },
{ "type": "Feature", "properties": { "latitude": 42.673542022705078, "longitude": 23.295783996582031, "heatmap_weight": 9, "raw_occupancy": 2 }, "geometry": { "type": "Point", "coordinates": [ 23.295783996582031, 42.673542022705078 ] } },
{ "type": "Feature", "properties": { "latitude": 42.701606750488281, "longitude": 23.308088302612305, "heatmap_weight": 9, "raw_occupancy": 2 }, "geometry": { "type": "Point", "coordinates": [ 23.308088302612305, 42.701606750488281 ] } },
{ "type": "Feature", "properties": { "latitude": 42.696872711181641, "longitude": 23.347217559814453, "heatmap_weight": 9, "raw_occupancy": 2 }, "geometry": { "type": "Point", "coordinates": [ 23.347217559814453, 42.696872711181641 ] } },
{ "type": "Feature", "properties": { "latitude": 42.713096618652344, "longitude": 23.299135208129883, "heatmap_weight": 4, "raw_occupancy": 1 }, "geometry": { "type": "Point", "coordinates": [ 23.299135208129883, 42.713096618652344 ] } },
{ "type": "Feature", "properties": { "latitude": 42.691192626953125, "longitude": 23.354320526123047, "heatmap_weight": 4, "raw_occupancy": 1 }, "geometry": { "type": "Point", "coordinates": [ 23.354320526123047, 42.691192626953125 ] } },
{ "type": "Feature", "properties": { "latitude": 42.6522216796875, "longitude": 23.374565124511719, "heatmap_weight": 4, "raw_occupancy": 1 }, "geometry": { "type": "Point", "coordinates": [ 23.374565124511719, 42.6522216796875 ] } },
{ "type": "Feature", "properties": { "latitude": 42.719505310058594, "longitude": 23.309518814086914, "heatmap_weight": 1, "raw_occupancy": 0 }, "geometry": { "type": "Point", "coordinates": [ 23.309518814086914, 42.719505310058594 ] } },
{ "type": "Feature", "properties": { "latitude": 42.672195434570312, "longitude": 23.335781097412109, "heatmap_weight": 4, "raw_occupancy": 1 }, "geometry": { "type": "Point", "coordinates": [ 23.335781097412109, 42.672195434570312 ] } },
{ "type": "Feature", "properties": { "latitude": 42.727760314941406, "longitude": 23.245918273925781, "heatmap_weight": 4, "raw_occupancy": 1 }, "geometry": { "type": "Point", "coordinates": [ 23.245918273925781, 42.727760314941406 ] } },
{ "type": "Feature", "properties": { "latitude": 42.661418914794922, "longitude": 23.28608512878418, "heatmap_weight": 1, "raw_occupancy": 0 }, "geometry": { "type": "Point", "coordinates": [ 23.28608512878418, 42.661418914794922 ] } },
{ "type": "Feature", "properties": { "latitude": 42.711307525634766, "longitude": 23.319618225097656, "heatmap_weight": 4, "raw_occupancy": 1 }, "geometry": { "type": "Point", "coordinates": [ 23.319618225097656, 42.711307525634766 ] } },
{ "type": "Feature", "properties": { "latitude": 42.709087371826172, "longitude": 23.430032730102539, "heatmap_weight": 4, "raw_occupancy": 1 }, "geometry": { "type": "Point", "coordinates": [ 23.430032730102539, 42.709087371826172 ] } },
{ "type": "Feature", "properties": { "latitude": 42.7027587890625, "longitude": 23.301242828369141, "heatmap_weight": 9, "raw_occupancy": 2 }, "geometry": { "type": "Point", "coordinates": [ 23.301242828369141, 42.7027587890625 ] } },
{ "type": "Feature", "properties": { "latitude": 42.706283569335938, "longitude": 23.308961868286133, "heatmap_weight": 9, "raw_occupancy": 2 }, "geometry": { "type": "Point", "coordinates": [ 23.308961868286133, 42.706283569335938 ] } },
{ "type": "Feature", "properties": { "latitude": 42.673374176025391, "longitude": 23.373960494995117, "heatmap_weight": 9, "raw_occupancy": 2 }, "geometry": { "type": "Point", "coordinates": [ 23.373960494995117, 42.673374176025391 ] } },
{ "type": "Feature", "properties": { "latitude": 42.702167510986328, "longitude": 23.286529541015625, "heatmap_weight": 4, "raw_occupancy": 1 }, "geometry": { "type": "Point", "coordinates": [ 23.286529541015625, 42.702167510986328 ] } },
{ "type": "Feature", "properties": { "latitude": 42.73602294921875, "longitude": 23.268026351928711, "heatmap_weight": 4, "raw_occupancy": 1 }, "geometry": { "type": "Point", "coordinates": [ 23.268026351928711, 42.73602294921875 ] } },
{ "type": "Feature", "properties": { "latitude": 42.78057861328125, "longitude": 23.376907348632812, "heatmap_weight": 4, "raw_occupancy": 1 }, "geometry": { "type": "Point", "coordinates": [ 23.376907348632812, 42.78057861328125 ] } },
{ "type": "Feature", "properties": { "latitude": 42.687187194824219, "longitude": 23.316793441772461, "heatmap_weight": 9, "raw_occupancy": 2 }, "geometry": { "type": "Point", "coordinates": [ 23.316793441772461, 42.687187194824219 ] } },
{ "type": "Feature", "properties": { "latitude": 42.646846771240234, "longitude": 23.376495361328125, "heatmap_weight": 16, "raw_occupancy": 3 }, "geometry": { "type": "Point", "coordinates": [ 23.376495361328125, 42.646846771240234 ] } },
{ "type": "Feature", "properties": { "latitude": 42.696887969970703, "longitude": 23.320819854736328, "heatmap_weight": 9, "raw_occupancy": 2 }, "geometry": { "type": "Point", "coordinates": [ 23.320819854736328, 42.696887969970703 ] } },
{ "type": "Feature", "properties": { "latitude": 42.704509735107422, "longitude": 23.324924468994141, "heatmap_weight": 1, "raw_occupancy": 0 }, "geometry": { "type": "Point", "coordinates": [ 23.324924468994141, 42.704509735107422 ] } },
{ "type": "Feature", "properties": { "latitude": 42.673149108886719, "longitude": 23.437341690063477, "heatmap_weight": 1, "raw_occupancy": 0 }, "geometry": { "type": "Point", "coordinates": [ 23.437341690063477, 42.673149108886719 ] } },
{ "type": "Feature", "properties": { "latitude": 42.713108062744141, "longitude": 23.315767288208008, "heatmap_weight": 1, "raw_occupancy": 0 }, "geometry": { "type": "Point", "coordinates": [ 23.315767288208008, 42.713108062744141 ] } },
{ "type": "Feature", "properties": { "latitude": 42.679527282714844, "longitude": 23.286468505859375, "heatmap_weight": 4, "raw_occupancy": 1 }, "geometry": { "type": "Point", "coordinates": [ 23.286468505859375, 42.679527282714844 ] } },
{ "type": "Feature", "properties": { "latitude": 42.662570953369141, "longitude": 23.376638412475586, "heatmap_weight": 9, "raw_occupancy": 2 }, "geometry": { "type": "Point", "coordinates": [ 23.376638412475586, 42.662570953369141 ] } },
{ "type": "Feature", "properties": { "latitude": 42.711601257324219, "longitude": 23.318374633789062, "heatmap_weight": 4, "raw_occupancy": 1 }, "geometry": { "type": "Point", "coordinates": [ 23.318374633789062, 42.711601257324219 ] } },
{ "type": "Feature", "properties": { "latitude": 42.774028778076172, "longitude": 23.245292663574219, "heatmap_weight": 4, "raw_occupancy": 1 }, "geometry": { "type": "Point", "coordinates": [ 23.245292663574219, 42.774028778076172 ] } },
{ "type": "Feature", "properties": { "latitude": 42.682456970214844, "longitude": 23.34882926940918, "heatmap_weight": 4, "raw_occupancy": 1 }, "geometry": { "type": "Point", "coordinates": [ 23.34882926940918, 42.682456970214844 ] } },
{ "type": "Feature", "properties": { "latitude": 42.668266296386719, "longitude": 23.368812561035156, "heatmap_weight": 4, "raw_occupancy": 1 }, "geometry": { "type": "Point", "coordinates": [ 23.368812561035156, 42.668266296386719 ] } },
{ "type": "Feature", "properties": { "latitude": 42.703105926513672, "longitude": 23.364130020141602, "heatmap_weight": 9, "raw_occupancy": 2 }, "geometry": { "type": "Point", "coordinates": [ 23.364130020141602, 42.703105926513672 ] } },
{ "type": "Feature", "properties": { "latitude": 42.655567169189453, "longitude": 23.336307525634766, "heatmap_weight": 16, "raw_occupancy": 3 }, "geometry": { "type": "Point", "coordinates": [ 23.336307525634766, 42.655567169189453 ] } },
{ "type": "Feature", "properties": { "latitude": 42.694545745849609, "longitude": 23.292835235595703, "heatmap_weight": 9, "raw_occupancy": 2 }, "geometry": { "type": "Point", "coordinates": [ 23.292835235595703, 42.694545745849609 ] } },
{ "type": "Feature", "properties": { "latitude": 42.689384460449219, "longitude": 23.338926315307617, "heatmap_weight": 9, "raw_occupancy": 2 }, "geometry": { "type": "Point", "coordinates": [ 23.338926315307617, 42.689384460449219 ] } },
{ "type": "Feature", "properties": { "latitude": 42.581474304199219, "longitude": 23.424999237060547, "heatmap_weight": 4, "raw_occupancy": 1 }, "geometry": { "type": "Point", "coordinates": [ 23.424999237060547, 42.581474304199219 ] } },
{ "type": "Feature", "properties": { "latitude": 42.685142517089844, "longitude": 23.321159362792969, "heatmap_weight": 1, "raw_occupancy": 0 }, "geometry": { "type": "Point", "coordinates": [ 23.321159362792969, 42.685142517089844 ] } },
{ "type": "Feature", "properties": { "latitude": 42.608345031738281, "longitude": 23.387489318847656, "heatmap_weight": 4, "raw_occupancy": 1 }, "geometry": { "type": "Point", "coordinates": [ 23.387489318847656, 42.608345031738281 ] } },
{ "type": "Feature", "properties": { "latitude": 42.709449768066406, "longitude": 23.258943557739258, "heatmap_weight": 4, "raw_occupancy": 1 }, "geometry": { "type": "Point", "coordinates": [ 23.258943557739258, 42.709449768066406 ] } },
{ "type": "Feature", "properties": { "latitude": 42.704261779785156, "longitude": 23.328506469726562, "heatmap_weight": 16, "raw_occupancy": 3 }, "geometry": { "type": "Point", "coordinates": [ 23.328506469726562, 42.704261779785156 ] } },
{ "type": "Feature", "properties": { "latitude": 42.785366058349609, "longitude": 23.323423385620117, "heatmap_weight": 4, "raw_occupancy": 1 }, "geometry": { "type": "Point", "coordinates": [ 23.323423385620117, 42.785366058349609 ] } },
{ "type": "Feature", "properties": { "latitude": 42.644832611083984, "longitude": 23.342077255249023, "heatmap_weight": 4, "raw_occupancy": 1 }, "geometry": { "type": "Point", "coordinates": [ 23.342077255249023, 42.644832611083984 ] } },
{ "type": "Feature", "properties": { "latitude": 42.675762176513672, "longitude": 23.315109252929688, "heatmap_weight": 4, "raw_occupancy": 1 }, "geometry": { "type": "Point", "coordinates": [ 23.315109252929688, 42.675762176513672 ] } },
{ "type": "Feature", "properties": { "latitude": 42.705867767333984, "longitude": 23.307180404663086, "heatmap_weight": 1, "raw_occupancy": 0 }, "geometry": { "type": "Point", "coordinates": [ 23.307180404663086, 42.705867767333984 ] } },
{ "type": "Feature", "properties": { "latitude": 42.660324096679688, "longitude": 23.317667007446289, "heatmap_weight": 1, "raw_occupancy": 0 }, "geometry": { "type": "Point", "coordinates": [ 23.317667007446289, 42.660324096679688 ] } },
{ "type": "Feature", "properties": { "latitude": 42.699836730957031, "longitude": 23.31292724609375, "heatmap_weight": 4, "raw_occupancy": 1 }, "geometry": { "type": "Point", "coordinates": [ 23.31292724609375, 42.699836730957031 ] } },
{ "type": "Feature", "properties": { "latitude": 42.686210632324219, "longitude": 23.32280158996582, "heatmap_weight": 4, "raw_occupancy": 1 }, "geometry": { "type": "Point", "coordinates": [ 23.32280158996582, 42.686210632324219 ] } },
{ "type": "Feature", "properties": { "latitude": 42.68914794921875, "longitude": 23.327724456787109, "heatmap_weight": 1, "raw_occupancy": 0 }, "geometry": { "type": "Point", "coordinates": [ 23.327724456787109, 42.68914794921875 ] } },
{ "type": "Feature", "properties": { "latitude": 42.707603454589844, "longitude": 23.332277297973633, "heatmap_weight": 4, "raw_occupancy": 1 }, "geometry": { "type": "Point", "coordinates": [ 23.332277297973633, 42.707603454589844 ] } },
{ "type": "Feature", "properties": { "latitude": 42.676193237304688, "longitude": 23.359479904174805, "heatmap_weight": 16, "raw_occupancy": 3 }, "geometry": { "type": "Point", "coordinates": [ 23.359479904174805, 42.676193237304688 ] } },
{ "type": "Feature", "properties": { "latitude": 42.670433044433594, "longitude": 23.296279907226562, "heatmap_weight": 9, "raw_occupancy": 2 }, "geometry": { "type": "Point", "coordinates": [ 23.296279907226562, 42.670433044433594 ] } },
{ "type": "Feature", "properties": { "latitude": 42.716728210449219, "longitude": 23.286262512207031, "heatmap_weight": 4, "raw_occupancy": 1 }, "geometry": { "type": "Point", "coordinates": [ 23.286262512207031, 42.716728210449219 ] } },
{ "type": "Feature", "properties": { "latitude": 42.687156677246094, "longitude": 23.300436019897461, "heatmap_weight": 9, "raw_occupancy": 2 }, "geometry": { "type": "Point", "coordinates": [ 23.300436019897461, 42.687156677246094 ] } },
{ "type": "Feature", "properties": { "latitude": 42.673717498779297, "longitude": 23.382116317749023, "heatmap_weight": 1, "raw_occupancy": 0 }, "geometry": { "type": "Point", "coordinates": [ 23.382116317749023, 42.673717498779297 ] } },
{ "type": "Feature", "properties": { "latitude": 42.730937957763672, "longitude": 23.316606521606445, "heatmap_weight": 9, "raw_occupancy": 2 }, "geometry": { "type": "Point", "coordinates": [ 23.316606521606445, 42.730937957763672 ] } },
{ "type": "Feature", "properties": { "latitude": 42.730953216552734, "longitude": 23.294578552246094, "heatmap_weight": 4, "raw_occupancy": 1 }, "geometry": { "type": "Point", "coordinates": [ 23.294578552246094, 42.730953216552734 ] } },
{ "type": "Feature", "properties": { "latitude": 42.641670227050781, "longitude": 23.293149948120117, "heatmap_weight": 4, "raw_occupancy": 1 }, "geometry": { "type": "Point", "coordinates": [ 23.293149948120117, 42.641670227050781 ] } },
{ "type": "Feature", "properties": { "latitude": 42.629730224609375, "longitude": 23.373083114624023, "heatmap_weight": 4, "raw_occupancy": 1 }, "geometry": { "type": "Point", "coordinates": [ 23.373083114624023, 42.629730224609375 ] } },
{ "type": "Feature", "properties": { "latitude": 42.681884765625, "longitude": 23.317863464355469, "heatmap_weight": 16, "raw_occupancy": 3 }, "geometry": { "type": "Point", "coordinates": [ 23.317863464355469, 42.681884765625 ] } },
{ "type": "Feature", "properties": { "latitude": 42.699413299560547, "longitude": 23.303943634033203, "heatmap_weight": 4, "raw_occupancy": 1 }, "geometry": { "type": "Point", "coordinates": [ 23.303943634033203, 42.699413299560547 ] } },
{ "type": "Feature", "properties": { "latitude": 42.687908172607422, "longitude": 23.140979766845703, "heatmap_weight": 4, "raw_occupancy": 1 }, "geometry": { "type": "Point", "coordinates": [ 23.140979766845703, 42.687908172607422 ] } },
{ "type": "Feature", "properties": { "latitude": 42.711105346679688, "longitude": 23.384437561035156, "heatmap_weight": 1, "raw_occupancy": 0 }, "geometry": { "type": "Point", "coordinates": [ 23.384437561035156, 42.711105346679688 ] } },
{ "type": "Feature", "properties": { "latitude": 42.676475524902344, "longitude": 23.233747482299805, "heatmap_weight": 1, "raw_occupancy": 0 }, "geometry": { "type": "Point", "coordinates": [ 23.233747482299805, 42.676475524902344 ] } },
{ "type": "Feature", "properties": { "latitude": 42.737384796142578, "longitude": 23.299032211303711, "heatmap_weight": 4, "raw_occupancy": 1 }, "geometry": { "type": "Point", "coordinates": [ 23.299032211303711, 42.737384796142578 ] } },
{ "type": "Feature", "properties": { "latitude": 42.698516845703125, "longitude": 23.310459136962891, "heatmap_weight": 1, "raw_occupancy": 0 }, "geometry": { "type": "Point", "coordinates": [ 23.310459136962891, 42.698516845703125 ] } },
{ "type": "Feature", "properties": { "latitude": 42.659343719482422, "longitude": 23.325628280639648, "heatmap_weight": 1, "raw_occupancy": 0 }, "geometry": { "type": "Point", "coordinates": [ 23.325628280639648, 42.659343719482422 ] } },
{ "type": "Feature", "properties": { "latitude": 42.735973358154297, "longitude": 23.488315582275391, "heatmap_weight": 9, "raw_occupancy": 2 }, "geometry": { "type": "Point", "coordinates": [ 23.488315582275391, 42.735973358154297 ] } },
{ "type": "Feature", "properties": { "latitude": 42.726100921630859, "longitude": 23.281740188598633, "heatmap_weight": 9, "raw_occupancy": 2 }, "geometry": { "type": "Point", "coordinates": [ 23.281740188598633, 42.726100921630859 ] } },
{ "type": "Feature", "properties": { "latitude": 42.684528350830078, "longitude": 23.316179275512695, "heatmap_weight": 9, "raw_occupancy": 2 }, "geometry": { "type": "Point", "coordinates": [ 23.316179275512695, 42.684528350830078 ] } },
{ "type": "Feature", "properties": { "latitude": 42.650905609130859, "longitude": 23.315874099731445, "heatmap_weight": 9, "raw_occupancy": 2 }, "geometry": { "type": "Point", "coordinates": [ 23.315874099731445, 42.650905609130859 ] } },
{ "type": "Feature", "properties": { "latitude": 42.642971038818359, "longitude": 23.31304931640625, "heatmap_weight": 4, "raw_occupancy": 1 }, "geometry": { "type": "Point", "coordinates": [ 23.31304931640625, 42.642971038818359 ] } },
{ "type": "Feature", "properties": { "latitude": 42.687149047851562, "longitude": 23.351934432983398, "heatmap_weight": 9, "raw_occupancy": 2 }, "geometry": { "type": "Point", "coordinates": [ 23.351934432983398, 42.687149047851562 ] } },
{ "type": "Feature", "properties": { "latitude": 42.610317230224609, "longitude": 23.365655899047852, "heatmap_weight": 4, "raw_occupancy": 1 }, "geometry": { "type": "Point", "coordinates": [ 23.365655899047852, 42.610317230224609 ] } },
{ "type": "Feature", "properties": { "latitude": 42.663436889648438, "longitude": 23.296510696411133, "heatmap_weight": 4, "raw_occupancy": 1 }, "geometry": { "type": "Point", "coordinates": [ 23.296510696411133, 42.663436889648438 ] } },
{ "type": "Feature", "properties": { "latitude": 42.679225921630859, "longitude": 23.362071990966797, "heatmap_weight": 9, "raw_occupancy": 2 }, "geometry": { "type": "Point", "coordinates": [ 23.362071990966797, 42.679225921630859 ] } },
{ "type": "Feature", "properties": { "latitude": 42.64910888671875, "longitude": 23.372299194335938, "heatmap_weight": 16, "raw_occupancy": 3 }, "geometry": { "type": "Point", "coordinates": [ 23.372299194335938, 42.64910888671875 ] } },
{ "type": "Feature", "properties": { "latitude": 42.790245056152344, "longitude": 23.304037094116211, "heatmap_weight": 4, "raw_occupancy": 1 }, "geometry": { "type": "Point", "coordinates": [ 23.304037094116211, 42.790245056152344 ] } },
{ "type": "Feature", "properties": { "latitude": 42.617332458496094, "longitude": 23.456829071044922, "heatmap_weight": 16, "raw_occupancy": 3 }, "geometry": { "type": "Point", "coordinates": [ 23.456829071044922, 42.617332458496094 ] } },
{ "type": "Feature", "properties": { "latitude": 42.737094879150391, "longitude": 23.310165405273438, "heatmap_weight": 4, "raw_occupancy": 1 }, "geometry": { "type": "Point", "coordinates": [ 23.310165405273438, 42.737094879150391 ] } },
{ "type": "Feature", "properties": { "latitude": 42.714225769042969, "longitude": 23.307109832763672, "heatmap_weight": 4, "raw_occupancy": 1 }, "geometry": { "type": "Point", "coordinates": [ 23.307109832763672, 42.714225769042969 ] } },
{ "type": "Feature", "properties": { "latitude": 42.660137176513672, "longitude": 23.373954772949219, "heatmap_weight": 1, "raw_occupancy": 0 }, "geometry": { "type": "Point", "coordinates": [ 23.373954772949219, 42.660137176513672 ] } },
{ "type": "Feature", "properties": { "latitude": 42.675861358642578, "longitude": 23.288869857788086, "heatmap_weight": 9, "raw_occupancy": 2 }, "geometry": { "type": "Point", "coordinates": [ 23.288869857788086, 42.675861358642578 ] } },
{ "type": "Feature", "properties": { "latitude": 42.686370849609375, "longitude": 23.3310546875, "heatmap_weight": 4, "raw_occupancy": 1 }, "geometry": { "type": "Point", "coordinates": [ 23.3310546875, 42.686370849609375 ] } },
{ "type": "Feature", "properties": { "latitude": 42.690143585205078, "longitude": 23.338172912597656, "heatmap_weight": 9, "raw_occupancy": 2 }, "geometry": { "type": "Point", "coordinates": [ 23.338172912597656, 42.690143585205078 ] } },
{ "type": "Feature", "properties": { "latitude": 42.707454681396484, "longitude": 23.326862335205078, "heatmap_weight": 4, "raw_occupancy": 1 }, "geometry": { "type": "Point", "coordinates": [ 23.326862335205078, 42.707454681396484 ] } },
{ "type": "Feature", "properties": { "latitude": 42.685096740722656, "longitude": 23.349746704101562, "heatmap_weight": 16, "raw_occupancy": 3 }, "geometry": { "type": "Point", "coordinates": [ 23.349746704101562, 42.685096740722656 ] } },
{ "type": "Feature", "properties": { "latitude": 42.679836273193359, "longitude": 23.302204132080078, "heatmap_weight": 4, "raw_occupancy": 1 }, "geometry": { "type": "Point", "coordinates": [ 23.302204132080078, 42.679836273193359 ] } },
{ "type": "Feature", "properties": { "latitude": 42.701972961425781, "longitude": 23.338981628417969, "heatmap_weight": 4, "raw_occupancy": 1 }, "geometry": { "type": "Point", "coordinates": [ 23.338981628417969, 42.701972961425781 ] } },
{ "type": "Feature", "properties": { "latitude": 42.688491821289062, "longitude": 23.334650039672852, "heatmap_weight": 9, "raw_occupancy": 2 }, "geometry": { "type": "Point", "coordinates": [ 23.334650039672852, 42.688491821289062 ] } },
{ "type": "Feature", "properties": { "latitude": 42.694942474365234, "longitude": 23.317815780639648, "heatmap_weight": 4, "raw_occupancy": 1 }, "geometry": { "type": "Point", "coordinates": [ 23.317815780639648, 42.694942474365234 ] } },
{ "type": "Feature", "properties": { "latitude": 42.693984985351562, "longitude": 23.348037719726562, "heatmap_weight": 9, "raw_occupancy": 2 }, "geometry": { "type": "Point", "coordinates": [ 23.348037719726562, 42.693984985351562 ] } },
{ "type": "Feature", "properties": { "latitude": 42.718921661376953, "longitude": 23.253900527954102, "heatmap_weight": 16, "raw_occupancy": 3 }, "geometry": { "type": "Point", "coordinates": [ 23.253900527954102, 42.718921661376953 ] } },
{ "type": "Feature", "properties": { "latitude": 42.7265625, "longitude": 23.312461853027344, "heatmap_weight": 4, "raw_occupancy": 1 }, "geometry": { "type": "Point", "coordinates": [ 23.312461853027344, 42.7265625 ] } },
{ "type": "Feature", "properties": { "latitude": 42.782985687255859, "longitude": 23.390417098999023, "heatmap_weight": 4, "raw_occupancy": 1 }, "geometry": { "type": "Point", "coordinates": [ 23.390417098999023, 42.782985687255859 ] } },
{ "type": "Feature", "properties": { "latitude": 42.699455261230469, "longitude": 23.343303680419922, "heatmap_weight": 9, "raw_occupancy": 2 }, "geometry": { "type": "Point", "coordinates": [ 23.343303680419922, 42.699455261230469 ] } },
{ "type": "Feature", "properties": { "latitude": 42.662376403808594, "longitude": 23.295927047729492, "heatmap_weight": 4, "raw_occupancy": 1 }, "geometry": { "type": "Point", "coordinates": [ 23.295927047729492, 42.662376403808594 ] } },
{ "type": "Feature", "properties": { "latitude": 42.700405120849609, "longitude": 23.371694564819336, "heatmap_weight": 4, "raw_occupancy": 1 }, "geometry": { "type": "Point", "coordinates": [ 23.371694564819336, 42.700405120849609 ] } },
{ "type": "Feature", "properties": { "latitude": 42.6453857421875, "longitude": 23.367551803588867, "heatmap_weight": 1, "raw_occupancy": 0 }, "geometry": { "type": "Point", "coordinates": [ 23.367551803588867, 42.6453857421875 ] } },
{ "type": "Feature", "properties": { "latitude": 42.676784515380859, "longitude": 23.333209991455078, "heatmap_weight": 9, "raw_occupancy": 2 }, "geometry": { "type": "Point", "coordinates": [ 23.333209991455078, 42.676784515380859 ] } },
{ "type": "Feature", "properties": { "latitude": 42.687469482421875, "longitude": 23.301246643066406, "heatmap_weight": 1, "raw_occupancy": 0 }, "geometry": { "type": "Point", "coordinates": [ 23.301246643066406, 42.687469482421875 ] } },
{ "type": "Feature", "properties": { "latitude": 42.735748291015625, "longitude": 23.305347442626953, "heatmap_weight": 9, "raw_occupancy": 2 }, "geometry": { "type": "Point", "coordinates": [ 23.305347442626953, 42.735748291015625 ] } },
{ "type": "Feature", "properties": { "latitude": 42.707839965820312, "longitude": 23.329763412475586, "heatmap_weight": 1, "raw_occupancy": 0 }, "geometry": { "type": "Point", "coordinates": [ 23.329763412475586, 42.707839965820312 ] } },
{ "type": "Feature", "properties": { "latitude": 42.706939697265625, "longitude": 23.323774337768555, "heatmap_weight": 4, "raw_occupancy": 1 }, "geometry": { "type": "Point", "coordinates": [ 23.323774337768555, 42.706939697265625 ] } },
{ "type": "Feature", "properties": { "latitude": 42.65130615234375, "longitude": 23.356908798217773, "heatmap_weight": 16, "raw_occupancy": 3 }, "geometry": { "type": "Point", "coordinates": [ 23.356908798217773, 42.65130615234375 ] } },
{ "type": "Feature", "properties": { "latitude": 42.678783416748047, "longitude": 23.285116195678711, "heatmap_weight": 4, "raw_occupancy": 1 }, "geometry": { "type": "Point", "coordinates": [ 23.285116195678711, 42.678783416748047 ] } },
{ "type": "Feature", "properties": { "latitude": 42.736808776855469, "longitude": 23.496904373168945, "heatmap_weight": 4, "raw_occupancy": 1 }, "geometry": { "type": "Point", "coordinates": [ 23.496904373168945, 42.736808776855469 ] } },
{ "type": "Feature", "properties": { "latitude": 42.656845092773438, "longitude": 23.307289123535156, "heatmap_weight": 9, "raw_occupancy": 2 }, "geometry": { "type": "Point", "coordinates": [ 23.307289123535156, 42.656845092773438 ] } },
{ "type": "Feature", "properties": { "latitude": 42.689300537109375, "longitude": 23.245798110961914, "heatmap_weight": 1, "raw_occupancy": 0 }, "geometry": { "type": "Point", "coordinates": [ 23.245798110961914, 42.689300537109375 ] } },
{ "type": "Feature", "properties": { "latitude": 42.685714721679688, "longitude": 23.165210723876953, "heatmap_weight": 4, "raw_occupancy": 1 }, "geometry": { "type": "Point", "coordinates": [ 23.165210723876953, 42.685714721679688 ] } },
{ "type": "Feature", "properties": { "latitude": 42.720966339111328, "longitude": 23.241935729980469, "heatmap_weight": 4, "raw_occupancy": 1 }, "geometry": { "type": "Point", "coordinates": [ 23.241935729980469, 42.720966339111328 ] } },
{ "type": "Feature", "properties": { "latitude": 42.666599273681641, "longitude": 23.364295959472656, "heatmap_weight": 9, "raw_occupancy": 2 }, "geometry": { "type": "Point", "coordinates": [ 23.364295959472656, 42.666599273681641 ] } },
{ "type": "Feature", "properties": { "latitude": 42.689338684082031, "longitude": 23.323326110839844, "heatmap_weight": 4, "raw_occupancy": 1 }, "geometry": { "type": "Point", "coordinates": [ 23.323326110839844, 42.689338684082031 ] } },
{ "type": "Feature", "properties": { "latitude": 42.705070495605469, "longitude": 23.331140518188477, "heatmap_weight": 9, "raw_occupancy": 2 }, "geometry": { "type": "Point", "coordinates": [ 23.331140518188477, 42.705070495605469 ] } },
{ "type": "Feature", "properties": { "latitude": 42.737251281738281, "longitude": 23.270082473754883, "heatmap_weight": 4, "raw_occupancy": 1 }, "geometry": { "type": "Point", "coordinates": [ 23.270082473754883, 42.737251281738281 ] } },
{ "type": "Feature", "properties": { "latitude": 42.705280303955078, "longitude": 23.323097229003906, "heatmap_weight": 4, "raw_occupancy": 1 }, "geometry": { "type": "Point", "coordinates": [ 23.323097229003906, 42.705280303955078 ] } },
{ "type": "Feature", "properties": { "latitude": 42.733272552490234, "longitude": 23.300075531005859, "heatmap_weight": 4, "raw_occupancy": 1 }, "geometry": { "type": "Point", "coordinates": [ 23.300075531005859, 42.733272552490234 ] } },
{ "type": "Feature", "properties": { "latitude": 42.664043426513672, "longitude": 23.410625457763672, "heatmap_weight": 1, "raw_occupancy": 0 }, "geometry": { "type": "Point", "coordinates": [ 23.410625457763672, 42.664043426513672 ] } },
{ "type": "Feature", "properties": { "latitude": 42.663913726806641, "longitude": 23.297039031982422, "heatmap_weight": 4, "raw_occupancy": 1 }, "geometry": { "type": "Point", "coordinates": [ 23.297039031982422, 42.663913726806641 ] } },
{ "type": "Feature", "properties": { "latitude": 42.750247955322266, "longitude": 23.219955444335938, "heatmap_weight": 4, "raw_occupancy": 1 }, "geometry": { "type": "Point", "coordinates": [ 23.219955444335938, 42.750247955322266 ] } },
{ "type": "Feature", "properties": { "latitude": 42.665615081787109, "longitude": 23.286842346191406, "heatmap_weight": 4, "raw_occupancy": 1 }, "geometry": { "type": "Point", "coordinates": [ 23.286842346191406, 42.665615081787109 ] } },
{ "type": "Feature", "properties": { "latitude": 42.628166198730469, "longitude": 23.37352180480957, "heatmap_weight": 4, "raw_occupancy": 1 }, "geometry": { "type": "Point", "coordinates": [ 23.37352180480957, 42.628166198730469 ] } },
{ "type": "Feature", "properties": { "latitude": 42.669075012207031, "longitude": 23.244178771972656, "heatmap_weight": 1, "raw_occupancy": 0 }, "geometry": { "type": "Point", "coordinates": [ 23.244178771972656, 42.669075012207031 ] } },
{ "type": "Feature", "properties": { "latitude": 42.668056488037109, "longitude": 23.401952743530273, "heatmap_weight": 4, "raw_occupancy": 1 }, "geometry": { "type": "Point", "coordinates": [ 23.401952743530273, 42.668056488037109 ] } },
{ "type": "Feature", "properties": { "latitude": 42.649337768554688, "longitude": 23.357156753540039, "heatmap_weight": 9, "raw_occupancy": 2 }, "geometry": { "type": "Point", "coordinates": [ 23.357156753540039, 42.649337768554688 ] } },
{ "type": "Feature", "properties": { "latitude": 42.722721099853516, "longitude": 23.30674934387207, "heatmap_weight": 4, "raw_occupancy": 1 }, "geometry": { "type": "Point", "coordinates": [ 23.30674934387207, 42.722721099853516 ] } },
{ "type": "Feature", "properties": { "latitude": 42.692733764648438, "longitude": 23.335020065307617, "heatmap_weight": 4, "raw_occupancy": 1 }, "geometry": { "type": "Point", "coordinates": [ 23.335020065307617, 42.692733764648438 ] } },
{ "type": "Feature", "properties": { "latitude": 42.667335510253906, "longitude": 23.282249450683594, "heatmap_weight": 16, "raw_occupancy": 3 }, "geometry": { "type": "Point", "coordinates": [ 23.282249450683594, 42.667335510253906 ] } },
{ "type": "Feature", "properties": { "latitude": 42.698070526123047, "longitude": 23.3258056640625, "heatmap_weight": 4, "raw_occupancy": 1 }, "geometry": { "type": "Point", "coordinates": [ 23.3258056640625, 42.698070526123047 ] } },
{ "type": "Feature", "properties": { "latitude": 42.673927307128906, "longitude": 23.382484436035156, "heatmap_weight": 9, "raw_occupancy": 2 }, "geometry": { "type": "Point", "coordinates": [ 23.382484436035156, 42.673927307128906 ] } },
{ "type": "Feature", "properties": { "latitude": 42.689071655273438, "longitude": 23.314428329467773, "heatmap_weight": 4, "raw_occupancy": 1 }, "geometry": { "type": "Point", "coordinates": [ 23.314428329467773, 42.689071655273438 ] } },
{ "type": "Feature", "properties": { "latitude": 42.672466278076172, "longitude": 23.271530151367188, "heatmap_weight": 4, "raw_occupancy": 1 }, "geometry": { "type": "Point", "coordinates": [ 23.271530151367188, 42.672466278076172 ] } },
{ "type": "Feature", "properties": { "latitude": 42.742919921875, "longitude": 23.27491569519043, "heatmap_weight": 1, "raw_occupancy": 0 }, "geometry": { "type": "Point", "coordinates": [ 23.27491569519043, 42.742919921875 ] } },
{ "type": "Feature", "properties": { "latitude": 42.680675506591797, "longitude": 23.269468307495117, "heatmap_weight": 9, "raw_occupancy": 2 }, "geometry": { "type": "Point", "coordinates": [ 23.269468307495117, 42.680675506591797 ] } },
{ "type": "Feature", "properties": { "latitude": 42.674583435058594, "longitude": 23.333900451660156, "heatmap_weight": 1, "raw_occupancy": 0 }, "geometry": { "type": "Point", "coordinates": [ 23.333900451660156, 42.674583435058594 ] } },
{ "type": "Feature", "properties": { "latitude": 42.670520782470703, "longitude": 23.36558723449707, "heatmap_weight": 4, "raw_occupancy": 1 }, "geometry": { "type": "Point", "coordinates": [ 23.36558723449707, 42.670520782470703 ] } },
{ "type": "Feature", "properties": { "latitude": 42.6990966796875, "longitude": 23.33941650390625, "heatmap_weight": 4, "raw_occupancy": 1 }, "geometry": { "type": "Point", "coordinates": [ 23.33941650390625, 42.6990966796875 ] } },
{ "type": "Feature", "properties": { "latitude": 42.713485717773438, "longitude": 23.314807891845703, "heatmap_weight": 4, "raw_occupancy": 1 }, "geometry": { "type": "Point", "coordinates": [ 23.314807891845703, 42.713485717773438 ] } },
{ "type": "Feature", "properties": { "latitude": 42.623744964599609, "longitude": 23.361408233642578, "heatmap_weight": 9, "raw_occupancy": 2 }, "geometry": { "type": "Point", "coordinates": [ 23.361408233642578, 42.623744964599609 ] } },
{ "type": "Feature", "properties": { "latitude": 42.648994445800781, "longitude": 23.413507461547852, "heatmap_weight": 4, "raw_occupancy": 1 }, "geometry": { "type": "Point", "coordinates": [ 23.413507461547852, 42.648994445800781 ] } },
{ "type": "Feature", "properties": { "latitude": 42.655838012695312, "longitude": 23.328113555908203, "heatmap_weight": 36, "raw_occupancy": 5 }, "geometry": { "type": "Point", "coordinates": [ 23.328113555908203, 42.655838012695312 ] } },
{ "type": "Feature", "properties": { "latitude": 42.708648681640625, "longitude": 23.361148834228516, "heatmap_weight": 4, "raw_occupancy": 1 }, "geometry": { "type": "Point", "coordinates": [ 23.361148834228516, 42.708648681640625 ] } },
{ "type": "Feature", "properties": { "latitude": 42.708625793457031, "longitude": 23.31306266784668, "heatmap_weight": 4, "raw_occupancy": 1 }, "geometry": { "type": "Point", "coordinates": [ 23.31306266784668, 42.708625793457031 ] } },
{ "type": "Feature", "properties": { "latitude": 42.685890197753906, "longitude": 23.255578994750977, "heatmap_weight": 9, "raw_occupancy": 2 }, "geometry": { "type": "Point", "coordinates": [ 23.255578994750977, 42.685890197753906 ] } },
{ "type": "Feature", "properties": { "latitude": 42.664447784423828, "longitude": 23.356143951416016, "heatmap_weight": 9, "raw_occupancy": 2 }, "geometry": { "type": "Point", "coordinates": [ 23.356143951416016, 42.664447784423828 ] } },
{ "type": "Feature", "properties": { "latitude": 42.645641326904297, "longitude": 23.332460403442383, "heatmap_weight": 16, "raw_occupancy": 3 }, "geometry": { "type": "Point", "coordinates": [ 23.332460403442383, 42.645641326904297 ] } },
{ "type": "Feature", "properties": { "latitude": 42.685024261474609, "longitude": 23.303361892700195, "heatmap_weight": 4, "raw_occupancy": 1 }, "geometry": { "type": "Point", "coordinates": [ 23.303361892700195, 42.685024261474609 ] } },
{ "type": "Feature", "properties": { "latitude": 42.666919708251953, "longitude": 23.337556838989258, "heatmap_weight": 9, "raw_occupancy": 2 }, "geometry": { "type": "Point", "coordinates": [ 23.337556838989258, 42.666919708251953 ] } },
{ "type": "Feature", "properties": { "latitude": 42.694507598876953, "longitude": 23.295059204101562, "heatmap_weight": 4, "raw_occupancy": 1 }, "geometry": { "type": "Point", "coordinates": [ 23.295059204101562, 42.694507598876953 ] } },
{ "type": "Feature", "properties": { "latitude": 42.714042663574219, "longitude": 23.263839721679688, "heatmap_weight": 9, "raw_occupancy": 2 }, "geometry": { "type": "Point", "coordinates": [ 23.263839721679688, 42.714042663574219 ] } },
{ "type": "Feature", "properties": { "latitude": 42.705387115478516, "longitude": 23.332786560058594, "heatmap_weight": 4, "raw_occupancy": 1 }, "geometry": { "type": "Point", "coordinates": [ 23.332786560058594, 42.705387115478516 ] } },
{ "type": "Feature", "properties": { "latitude": 42.706153869628906, "longitude": 23.490663528442383, "heatmap_weight": 9, "raw_occupancy": 2 }, "geometry": { "type": "Point", "coordinates": [ 23.490663528442383, 42.706153869628906 ] } },
{ "type": "Feature", "properties": { "latitude": 42.725265502929688, "longitude": 23.260772705078125, "heatmap_weight": 1, "raw_occupancy": 0 }, "geometry": { "type": "Point", "coordinates": [ 23.260772705078125, 42.725265502929688 ] } },
{ "type": "Feature", "properties": { "latitude": 42.707889556884766, "longitude": 23.297861099243164, "heatmap_weight": 4, "raw_occupancy": 1 }, "geometry": { "type": "Point", "coordinates": [ 23.297861099243164, 42.707889556884766 ] } },
{ "type": "Feature", "properties": { "latitude": 42.667995452880859, "longitude": 23.256441116333008, "heatmap_weight": 9, "raw_occupancy": 2 }, "geometry": { "type": "Point", "coordinates": [ 23.256441116333008, 42.667995452880859 ] } },
{ "type": "Feature", "properties": { "latitude": 42.693008422851562, "longitude": 23.334545135498047, "heatmap_weight": 36, "raw_occupancy": 5 }, "geometry": { "type": "Point", "coordinates": [ 23.334545135498047, 42.693008422851562 ] } },
{ "type": "Feature", "properties": { "latitude": 42.736572265625, "longitude": 23.317594528198242, "heatmap_weight": 1, "raw_occupancy": 0 }, "geometry": { "type": "Point", "coordinates": [ 23.317594528198242, 42.736572265625 ] } },
{ "type": "Feature", "properties": { "latitude": 42.66778564453125, "longitude": 23.327096939086914, "heatmap_weight": 36, "raw_occupancy": 5 }, "geometry": { "type": "Point", "coordinates": [ 23.327096939086914, 42.66778564453125 ] } },
{ "type": "Feature", "properties": { "latitude": 42.674812316894531, "longitude": 23.287519454956055, "heatmap_weight": 4, "raw_occupancy": 1 }, "geometry": { "type": "Point", "coordinates": [ 23.287519454956055, 42.674812316894531 ] } },
{ "type": "Feature", "properties": { "latitude": 42.651332855224609, "longitude": 23.316005706787109, "heatmap_weight": 36, "raw_occupancy": 5 }, "geometry": { "type": "Point", "coordinates": [ 23.316005706787109, 42.651332855224609 ] } },
{ "type": "Feature", "properties": { "latitude": 42.677776336669922, "longitude": 23.370637893676758, "heatmap_weight": 4, "raw_occupancy": 1 }, "geometry": { "type": "Point", "coordinates": [ 23.370637893676758, 42.677776336669922 ] } },
{ "type": "Feature", "properties": { "latitude": 42.711078643798828, "longitude": 23.289203643798828, "heatmap_weight": 1, "raw_occupancy": 0 }, "geometry": { "type": "Point", "coordinates": [ 23.289203643798828, 42.711078643798828 ] } },
{ "type": "Feature", "properties": { "latitude": 42.642482757568359, "longitude": 23.412441253662109, "heatmap_weight": 1, "raw_occupancy": 0 }, "geometry": { "type": "Point", "coordinates": [ 23.412441253662109, 42.642482757568359 ] } },
{ "type": "Feature", "properties": { "latitude": 42.654727935791016, "longitude": 23.370710372924805, "heatmap_weight": 4, "raw_occupancy": 1 }, "geometry": { "type": "Point", "coordinates": [ 23.370710372924805, 42.654727935791016 ] } },
{ "type": "Feature", "properties": { "latitude": 42.718395233154297, "longitude": 23.235969543457031, "heatmap_weight": 4, "raw_occupancy": 1 }, "geometry": { "type": "Point", "coordinates": [ 23.235969543457031, 42.718395233154297 ] } },
{ "type": "Feature", "properties": { "latitude": 42.770774841308594, "longitude": 23.315608978271484, "heatmap_weight": 9, "raw_occupancy": 2 }, "geometry": { "type": "Point", "coordinates": [ 23.315608978271484, 42.770774841308594 ] } },
{ "type": "Feature", "properties": { "latitude": 42.694133758544922, "longitude": 23.294057846069336, "heatmap_weight": 16, "raw_occupancy": 3 }, "geometry": { "type": "Point", "coordinates": [ 23.294057846069336, 42.694133758544922 ] } },
{ "type": "Feature", "properties": { "latitude": 42.709987640380859, "longitude": 23.371305465698242, "heatmap_weight": 1, "raw_occupancy": 0 }, "geometry": { "type": "Point", "coordinates": [ 23.371305465698242, 42.709987640380859 ] } },
{ "type": "Feature", "properties": { "latitude": 42.641216278076172, "longitude": 23.409992218017578, "heatmap_weight": 4, "raw_occupancy": 1 }, "geometry": { "type": "Point", "coordinates": [ 23.409992218017578, 42.641216278076172 ] } },
{ "type": "Feature", "properties": { "latitude": 42.694957733154297, "longitude": 23.320022583007812, "heatmap_weight": 4, "raw_occupancy": 1 }, "geometry": { "type": "Point", "coordinates": [ 23.320022583007812, 42.694957733154297 ] } },
{ "type": "Feature", "properties": { "latitude": 42.622215270996094, "longitude": 23.18632698059082, "heatmap_weight": 1, "raw_occupancy": 0 }, "geometry": { "type": "Point", "coordinates": [ 23.18632698059082, 42.622215270996094 ] } },
{ "type": "Feature", "properties": { "latitude": 42.634128570556641, "longitude": 23.380271911621094, "heatmap_weight": 4, "raw_occupancy": 1 }, "geometry": { "type": "Point", "coordinates": [ 23.380271911621094, 42.634128570556641 ] } },
{ "type": "Feature", "properties": { "latitude": 42.675075531005859, "longitude": 23.307968139648438, "heatmap_weight": 4, "raw_occupancy": 1 }, "geometry": { "type": "Point", "coordinates": [ 23.307968139648438, 42.675075531005859 ] } },
{ "type": "Feature", "properties": { "latitude": 42.666057586669922, "longitude": 23.243001937866211, "heatmap_weight": 4, "raw_occupancy": 1 }, "geometry": { "type": "Point", "coordinates": [ 23.243001937866211, 42.666057586669922 ] } },
{ "type": "Feature", "properties": { "latitude": 42.718711853027344, "longitude": 23.271623611450195, "heatmap_weight": 16, "raw_occupancy": 3 }, "geometry": { "type": "Point", "coordinates": [ 23.271623611450195, 42.718711853027344 ] } },
{ "type": "Feature", "properties": { "latitude": 42.700714111328125, "longitude": 23.316274642944336, "heatmap_weight": 4, "raw_occupancy": 1 }, "geometry": { "type": "Point", "coordinates": [ 23.316274642944336, 42.700714111328125 ] } },
{ "type": "Feature", "properties": { "latitude": 42.75537109375, "longitude": 23.557788848876953, "heatmap_weight": 4, "raw_occupancy": 1 }, "geometry": { "type": "Point", "coordinates": [ 23.557788848876953, 42.75537109375 ] } },
{ "type": "Feature", "properties": { "latitude": 42.662128448486328, "longitude": 23.464618682861328, "heatmap_weight": 1, "raw_occupancy": 0 }, "geometry": { "type": "Point", "coordinates": [ 23.464618682861328, 42.662128448486328 ] } },
{ "type": "Feature", "properties": { "latitude": 42.702167510986328, "longitude": 23.284334182739258, "heatmap_weight": 4, "raw_occupancy": 1 }, "geometry": { "type": "Point", "coordinates": [ 23.284334182739258, 42.702167510986328 ] } },
{ "type": "Feature", "properties": { "latitude": 42.705581665039062, "longitude": 23.48664665222168, "heatmap_weight": 4, "raw_occupancy": 1 }, "geometry": { "type": "Point", "coordinates": [ 23.48664665222168, 42.705581665039062 ] } },
{ "type": "Feature", "properties": { "latitude": 42.6728515625, "longitude": 23.348037719726562, "heatmap_weight": 1, "raw_occupancy": 0 }, "geometry": { "type": "Point", "coordinates": [ 23.348037719726562, 42.6728515625 ] } },
{ "type": "Feature", "properties": { "latitude": 42.657047271728516, "longitude": 23.414594650268555, "heatmap_weight": 16, "raw_occupancy": 3 }, "geometry": { "type": "Point", "coordinates": [ 23.414594650268555, 42.657047271728516 ] } },
{ "type": "Feature", "properties": { "latitude": 42.655651092529297, "longitude": 23.265531539916992, "heatmap_weight": 16, "raw_occupancy": 3 }, "geometry": { "type": "Point", "coordinates": [ 23.265531539916992, 42.655651092529297 ] } },
{ "type": "Feature", "properties": { "latitude": 42.686130523681641, "longitude": 23.274774551391602, "heatmap_weight": 4, "raw_occupancy": 1 }, "geometry": { "type": "Point", "coordinates": [ 23.274774551391602, 42.686130523681641 ] } },
{ "type": "Feature", "properties": { "latitude": 42.676715850830078, "longitude": 23.287757873535156, "heatmap_weight": 4, "raw_occupancy": 1 }, "geometry": { "type": "Point", "coordinates": [ 23.287757873535156, 42.676715850830078 ] } },
{ "type": "Feature", "properties": { "latitude": 42.722209930419922, "longitude": 23.342462539672852, "heatmap_weight": 9, "raw_occupancy": 2 }, "geometry": { "type": "Point", "coordinates": [ 23.342462539672852, 42.722209930419922 ] } },
{ "type": "Feature", "properties": { "latitude": 42.693157196044922, "longitude": 23.355075836181641, "heatmap_weight": 16, "raw_occupancy": 3 }, "geometry": { "type": "Point", "coordinates": [ 23.355075836181641, 42.693157196044922 ] } },
{ "type": "Feature", "properties": { "latitude": 42.676094055175781, "longitude": 23.316062927246094, "heatmap_weight": 4, "raw_occupancy": 1 }, "geometry": { "type": "Point", "coordinates": [ 23.316062927246094, 42.676094055175781 ] } },
{ "type": "Feature", "properties": { "latitude": 42.720653533935547, "longitude": 23.252891540527344, "heatmap_weight": 4, "raw_occupancy": 1 }, "geometry": { "type": "Point", "coordinates": [ 23.252891540527344, 42.720653533935547 ] } },
{ "type": "Feature", "properties": { "latitude": 42.707679748535156, "longitude": 23.29932975769043, "heatmap_weight": 9, "raw_occupancy": 2 }, "geometry": { "type": "Point", "coordinates": [ 23.29932975769043, 42.707679748535156 ] } },
{ "type": "Feature", "properties": { "latitude": 42.703155517578125, "longitude": 23.352630615234375, "heatmap_weight": 1, "raw_occupancy": 0 }, "geometry": { "type": "Point", "coordinates": [ 23.352630615234375, 42.703155517578125 ] } },
{ "type": "Feature", "properties": { "latitude": 42.726654052734375, "longitude": 23.312131881713867, "heatmap_weight": 4, "raw_occupancy": 1 }, "geometry": { "type": "Point", "coordinates": [ 23.312131881713867, 42.726654052734375 ] } },
{ "type": "Feature", "properties": { "latitude": 42.705165863037109, "longitude": 23.331787109375, "heatmap_weight": 1, "raw_occupancy": 0 }, "geometry": { "type": "Point", "coordinates": [ 23.331787109375, 42.705165863037109 ] } },
{ "type": "Feature", "properties": { "latitude": 42.661899566650391, "longitude": 23.391305923461914, "heatmap_weight": 4, "raw_occupancy": 1 }, "geometry": { "type": "Point", "coordinates": [ 23.391305923461914, 42.661899566650391 ] } },
{ "type": "Feature", "properties": { "latitude": 42.716590881347656, "longitude": 23.278131484985352, "heatmap_weight": 4, "raw_occupancy": 1 }, "geometry": { "type": "Point", "coordinates": [ 23.278131484985352, 42.716590881347656 ] } },
{ "type": "Feature", "properties": { "latitude": 42.662693023681641, "longitude": 23.376455307006836, "heatmap_weight": 4, "raw_occupancy": 1 }, "geometry": { "type": "Point", "coordinates": [ 23.376455307006836, 42.662693023681641 ] } },
{ "type": "Feature", "properties": { "latitude": 42.695304870605469, "longitude": 23.319126129150391, "heatmap_weight": 4, "raw_occupancy": 1 }, "geometry": { "type": "Point", "coordinates": [ 23.319126129150391, 42.695304870605469 ] } },
{ "type": "Feature", "properties": { "latitude": 42.702999114990234, "longitude": 23.298084259033203, "heatmap_weight": 4, "raw_occupancy": 1 }, "geometry": { "type": "Point", "coordinates": [ 23.298084259033203, 42.702999114990234 ] } },
{ "type": "Feature", "properties": { "latitude": 42.784683227539062, "longitude": 23.273735046386719, "heatmap_weight": 16, "raw_occupancy": 3 }, "geometry": { "type": "Point", "coordinates": [ 23.273735046386719, 42.784683227539062 ] } },
{ "type": "Feature", "properties": { "latitude": 42.690280914306641, "longitude": 23.254083633422852, "heatmap_weight": 4, "raw_occupancy": 1 }, "geometry": { "type": "Point", "coordinates": [ 23.254083633422852, 42.690280914306641 ] } },
{ "type": "Feature", "properties": { "latitude": 42.681938171386719, "longitude": 23.318675994873047, "heatmap_weight": 9, "raw_occupancy": 2 }, "geometry": { "type": "Point", "coordinates": [ 23.318675994873047, 42.681938171386719 ] } },
{ "type": "Feature", "properties": { "latitude": 42.680225372314453, "longitude": 23.282281875610352, "heatmap_weight": 4, "raw_occupancy": 1 }, "geometry": { "type": "Point", "coordinates": [ 23.282281875610352, 42.680225372314453 ] } },
{ "type": "Feature", "properties": { "latitude": 42.659763336181641, "longitude": 23.317306518554688, "heatmap_weight": 9, "raw_occupancy": 2 }, "geometry": { "type": "Point", "coordinates": [ 23.317306518554688, 42.659763336181641 ] } },
{ "type": "Feature", "properties": { "latitude": 42.662956237792969, "longitude": 23.296169281005859, "heatmap_weight": 1, "raw_occupancy": 0 }, "geometry": { "type": "Point", "coordinates": [ 23.296169281005859, 42.662956237792969 ] } },
{ "type": "Feature", "properties": { "latitude": 42.684715270996094, "longitude": 23.364740371704102, "heatmap_weight": 9, "raw_occupancy": 2 }, "geometry": { "type": "Point", "coordinates": [ 23.364740371704102, 42.684715270996094 ] } },
{ "type": "Feature", "properties": { "latitude": 42.683200836181641, "longitude": 23.270374298095703, "heatmap_weight": 4, "raw_occupancy": 1 }, "geometry": { "type": "Point", "coordinates": [ 23.270374298095703, 42.683200836181641 ] } },
{ "type": "Feature", "properties": { "latitude": 42.679481506347656, "longitude": 23.302898406982422, "heatmap_weight": 9, "raw_occupancy": 2 }, "geometry": { "type": "Point", "coordinates": [ 23.302898406982422, 42.679481506347656 ] } },
{ "type": "Feature", "properties": { "latitude": 42.699367523193359, "longitude": 23.315834045410156, "heatmap_weight": 4, "raw_occupancy": 1 }, "geometry": { "type": "Point", "coordinates": [ 23.315834045410156, 42.699367523193359 ] } },
{ "type": "Feature", "properties": { "latitude": 42.696956634521484, "longitude": 23.315313339233398, "heatmap_weight": 4, "raw_occupancy": 1 }, "geometry": { "type": "Point", "coordinates": [ 23.315313339233398, 42.696956634521484 ] } },
{ "type": "Feature", "properties": { "latitude": 42.672325134277344, "longitude": 23.273530960083008, "heatmap_weight": 1, "raw_occupancy": 0 }, "geometry": { "type": "Point", "coordinates": [ 23.273530960083008, 42.672325134277344 ] } },
{ "type": "Feature", "properties": { "latitude": 42.685802459716797, "longitude": 23.331172943115234, "heatmap_weight": 9, "raw_occupancy": 2 }, "geometry": { "type": "Point", "coordinates": [ 23.331172943115234, 42.685802459716797 ] } },
{ "type": "Feature", "properties": { "latitude": 42.665130615234375, "longitude": 23.361936569213867, "heatmap_weight": 4, "raw_occupancy": 1 }, "geometry": { "type": "Point", "coordinates": [ 23.361936569213867, 42.665130615234375 ] } },
{ "type": "Feature", "properties": { "latitude": 42.658180236816406, "longitude": 23.37275505065918, "heatmap_weight": 9, "raw_occupancy": 2 }, "geometry": { "type": "Point", "coordinates": [ 23.37275505065918, 42.658180236816406 ] } },
{ "type": "Feature", "properties": { "latitude": 42.699378967285156, "longitude": 23.34269905090332, "heatmap_weight": 4, "raw_occupancy": 1 }, "geometry": { "type": "Point", "coordinates": [ 23.34269905090332, 42.699378967285156 ] } },
{ "type": "Feature", "properties": { "latitude": 42.622730255126953, "longitude": 23.404899597167969, "heatmap_weight": 4, "raw_occupancy": 1 }, "geometry": { "type": "Point", "coordinates": [ 23.404899597167969, 42.622730255126953 ] } },
{ "type": "Feature", "properties": { "latitude": 42.700088500976562, "longitude": 23.316904067993164, "heatmap_weight": 4, "raw_occupancy": 1 }, "geometry": { "type": "Point", "coordinates": [ 23.316904067993164, 42.700088500976562 ] } },
{ "type": "Feature", "properties": { "latitude": 42.674400329589844, "longitude": 23.37547492980957, "heatmap_weight": 4, "raw_occupancy": 1 }, "geometry": { "type": "Point", "coordinates": [ 23.37547492980957, 42.674400329589844 ] } },
{ "type": "Feature", "properties": { "latitude": 42.705524444580078, "longitude": 23.317760467529297, "heatmap_weight": 4, "raw_occupancy": 1 }, "geometry": { "type": "Point", "coordinates": [ 23.317760467529297, 42.705524444580078 ] } },
{ "type": "Feature", "properties": { "latitude": 42.663433074951172, "longitude": 23.2916259765625, "heatmap_weight": 4, "raw_occupancy": 1 }, "geometry": { "type": "Point", "coordinates": [ 23.2916259765625, 42.663433074951172 ] } },
{ "type": "Feature", "properties": { "latitude": 42.698814392089844, "longitude": 23.335920333862305, "heatmap_weight": 4, "raw_occupancy": 1 }, "geometry": { "type": "Point", "coordinates": [ 23.335920333862305, 42.698814392089844 ] } },
{ "type": "Feature", "properties": { "latitude": 42.657077789306641, "longitude": 23.395151138305664, "heatmap_weight": 9, "raw_occupancy": 2 }, "geometry": { "type": "Point", "coordinates": [ 23.395151138305664, 42.657077789306641 ] } },
{ "type": "Feature", "properties": { "latitude": 42.696201324462891, "longitude": 23.346200942993164, "heatmap_weight": 4, "raw_occupancy": 1 }, "geometry": { "type": "Point", "coordinates": [ 23.346200942993164, 42.696201324462891 ] } },
{ "type": "Feature", "properties": { "latitude": 42.691299438476562, "longitude": 23.325101852416992, "heatmap_weight": 9, "raw_occupancy": 2 }, "geometry": { "type": "Point", "coordinates": [ 23.325101852416992, 42.691299438476562 ] } },
{ "type": "Feature", "properties": { "latitude": 42.689460754394531, "longitude": 23.314105987548828, "heatmap_weight": 9, "raw_occupancy": 2 }, "geometry": { "type": "Point", "coordinates": [ 23.314105987548828, 42.689460754394531 ] } },
{ "type": "Feature", "properties": { "latitude": 42.668220520019531, "longitude": 23.392436981201172, "heatmap_weight": 9, "raw_occupancy": 2 }, "geometry": { "type": "Point", "coordinates": [ 23.392436981201172, 42.668220520019531 ] } },
{ "type": "Feature", "properties": { "latitude": 42.672054290771484, "longitude": 23.363880157470703, "heatmap_weight": 9, "raw_occupancy": 2 }, "geometry": { "type": "Point", "coordinates": [ 23.363880157470703, 42.672054290771484 ] } },
{ "type": "Feature", "properties": { "latitude": 42.691558837890625, "longitude": 23.324748992919922, "heatmap_weight": 4, "raw_occupancy": 1 }, "geometry": { "type": "Point", "coordinates": [ 23.324748992919922, 42.691558837890625 ] } },
{ "type": "Feature", "properties": { "latitude": 42.659381866455078, "longitude": 23.347320556640625, "heatmap_weight": 9, "raw_occupancy": 2 }, "geometry": { "type": "Point", "coordinates": [ 23.347320556640625, 42.659381866455078 ] } },
{ "type": "Feature", "properties": { "latitude": 42.657875061035156, "longitude": 23.401950836181641, "heatmap_weight": 4, "raw_occupancy": 1 }, "geometry": { "type": "Point", "coordinates": [ 23.401950836181641, 42.657875061035156 ] } },
{ "type": "Feature", "properties": { "latitude": 42.647048950195312, "longitude": 23.376197814941406, "heatmap_weight": 9, "raw_occupancy": 2 }, "geometry": { "type": "Point", "coordinates": [ 23.376197814941406, 42.647048950195312 ] } },
{ "type": "Feature", "properties": { "latitude": 42.687015533447266, "longitude": 23.300510406494141, "heatmap_weight": 4, "raw_occupancy": 1 }, "geometry": { "type": "Point", "coordinates": [ 23.300510406494141, 42.687015533447266 ] } },
{ "type": "Feature", "properties": { "latitude": 42.655582427978516, "longitude": 23.231990814208984, "heatmap_weight": 4, "raw_occupancy": 1 }, "geometry": { "type": "Point", "coordinates": [ 23.231990814208984, 42.655582427978516 ] } },
{ "type": "Feature", "properties": { "latitude": 42.711860656738281, "longitude": 23.318805694580078, "heatmap_weight": 1, "raw_occupancy": 0 }, "geometry": { "type": "Point", "coordinates": [ 23.318805694580078, 42.711860656738281 ] } },
{ "type": "Feature", "properties": { "latitude": 42.710132598876953, "longitude": 23.350318908691406, "heatmap_weight": 4, "raw_occupancy": 1 }, "geometry": { "type": "Point", "coordinates": [ 23.350318908691406, 42.710132598876953 ] } },
{ "type": "Feature", "properties": { "latitude": 42.686458587646484, "longitude": 23.255464553833008, "heatmap_weight": 4, "raw_occupancy": 1 }, "geometry": { "type": "Point", "coordinates": [ 23.255464553833008, 42.686458587646484 ] } },
{ "type": "Feature", "properties": { "latitude": 42.595497131347656, "longitude": 23.359710693359375, "heatmap_weight": 4, "raw_occupancy": 1 }, "geometry": { "type": "Point", "coordinates": [ 23.359710693359375, 42.595497131347656 ] } },
{ "type": "Feature", "properties": { "latitude": 42.67694091796875, "longitude": 23.334814071655273, "heatmap_weight": 9, "raw_occupancy": 2 }, "geometry": { "type": "Point", "coordinates": [ 23.334814071655273, 42.67694091796875 ] } },
{ "type": "Feature", "properties": { "latitude": 42.654499053955078, "longitude": 23.291021347045898, "heatmap_weight": 1, "raw_occupancy": 0 }, "geometry": { "type": "Point", "coordinates": [ 23.291021347045898, 42.654499053955078 ] } },
{ "type": "Feature", "properties": { "latitude": 42.653793334960938, "longitude": 23.347536087036133, "heatmap_weight": 16, "raw_occupancy": 3 }, "geometry": { "type": "Point", "coordinates": [ 23.347536087036133, 42.653793334960938 ] } },
{ "type": "Feature", "properties": { "latitude": 42.70050048828125, "longitude": 23.296976089477539, "heatmap_weight": 4, "raw_occupancy": 1 }, "geometry": { "type": "Point", "coordinates": [ 23.296976089477539, 42.70050048828125 ] } },
{ "type": "Feature", "properties": { "latitude": 42.686420440673828, "longitude": 23.31121826171875, "heatmap_weight": 9, "raw_occupancy": 2 }, "geometry": { "type": "Point", "coordinates": [ 23.31121826171875, 42.686420440673828 ] } },
{ "type": "Feature", "properties": { "latitude": 42.697132110595703, "longitude": 23.321117401123047, "heatmap_weight": 4, "raw_occupancy": 1 }, "geometry": { "type": "Point", "coordinates": [ 23.321117401123047, 42.697132110595703 ] } },
{ "type": "Feature", "properties": { "latitude": 42.816730499267578, "longitude": 23.352811813354492, "heatmap_weight": 4, "raw_occupancy": 1 }, "geometry": { "type": "Point", "coordinates": [ 23.352811813354492, 42.816730499267578 ] } },
{ "type": "Feature", "properties": { "latitude": 42.688674926757812, "longitude": 23.26225471496582, "heatmap_weight": 4, "raw_occupancy": 1 }, "geometry": { "type": "Point", "coordinates": [ 23.26225471496582, 42.688674926757812 ] } },
{ "type": "Feature", "properties": { "latitude": 42.70111083984375, "longitude": 23.276123046875, "heatmap_weight": 4, "raw_occupancy": 1 }, "geometry": { "type": "Point", "coordinates": [ 23.276123046875, 42.70111083984375 ] } },
{ "type": "Feature", "properties": { "latitude": 42.615886688232422, "longitude": 23.401344299316406, "heatmap_weight": 4, "raw_occupancy": 1 }, "geometry": { "type": "Point", "coordinates": [ 23.401344299316406, 42.615886688232422 ] } },
{ "type": "Feature", "properties": { "latitude": 42.700557708740234, "longitude": 23.372304916381836, "heatmap_weight": 4, "raw_occupancy": 1 }, "geometry": { "type": "Point", "coordinates": [ 23.372304916381836, 42.700557708740234 ] } },
{ "type": "Feature", "properties": { "latitude": 42.706031799316406, "longitude": 23.312864303588867, "heatmap_weight": 4, "raw_occupancy": 1 }, "geometry": { "type": "Point", "coordinates": [ 23.312864303588867, 42.706031799316406 ] } },
{ "type": "Feature", "properties": { "latitude": 42.701770782470703, "longitude": 23.297706604003906, "heatmap_weight": 1, "raw_occupancy": 0 }, "geometry": { "type": "Point", "coordinates": [ 23.297706604003906, 42.701770782470703 ] } },
{ "type": "Feature", "properties": { "latitude": 42.700088500976562, "longitude": 23.322418212890625, "heatmap_weight": 9, "raw_occupancy": 2 }, "geometry": { "type": "Point", "coordinates": [ 23.322418212890625, 42.700088500976562 ] } },
{ "type": "Feature", "properties": { "latitude": 42.68963623046875, "longitude": 23.313556671142578, "heatmap_weight": 4, "raw_occupancy": 1 }, "geometry": { "type": "Point", "coordinates": [ 23.313556671142578, 42.68963623046875 ] } },
{ "type": "Feature", "properties": { "latitude": 42.711051940917969, "longitude": 23.309623718261719, "heatmap_weight": 4, "raw_occupancy": 1 }, "geometry": { "type": "Point", "coordinates": [ 23.309623718261719, 42.711051940917969 ] } },
{ "type": "Feature", "properties": { "latitude": 42.7281494140625, "longitude": 23.259510040283203, "heatmap_weight": 16, "raw_occupancy": 3 }, "geometry": { "type": "Point", "coordinates": [ 23.259510040283203, 42.7281494140625 ] } },
{ "type": "Feature", "properties": { "latitude": 42.713527679443359, "longitude": 23.264833450317383, "heatmap_weight": 4, "raw_occupancy": 1 }, "geometry": { "type": "Point", "coordinates": [ 23.264833450317383, 42.713527679443359 ] } },
{ "type": "Feature", "properties": { "latitude": 42.739036560058594, "longitude": 23.317813873291016, "heatmap_weight": 1, "raw_occupancy": 0 }, "geometry": { "type": "Point", "coordinates": [ 23.317813873291016, 42.739036560058594 ] } },
{ "type": "Feature", "properties": { "latitude": 42.658138275146484, "longitude": 23.377811431884766, "heatmap_weight": 4, "raw_occupancy": 1 }, "geometry": { "type": "Point", "coordinates": [ 23.377811431884766, 42.658138275146484 ] } },
{ "type": "Feature", "properties": { "latitude": 42.7149658203125, "longitude": 23.284152984619141, "heatmap_weight": 4, "raw_occupancy": 1 }, "geometry": { "type": "Point", "coordinates": [ 23.284152984619141, 42.7149658203125 ] } },
{ "type": "Feature", "properties": { "latitude": 42.691150665283203, "longitude": 23.338838577270508, "heatmap_weight": 9, "raw_occupancy": 2 }, "geometry": { "type": "Point", "coordinates": [ 23.338838577270508, 42.691150665283203 ] } },
{ "type": "Feature", "properties": { "latitude": 42.670906066894531, "longitude": 23.334310531616211, "heatmap_weight": 4, "raw_occupancy": 1 }, "geometry": { "type": "Point", "coordinates": [ 23.334310531616211, 42.670906066894531 ] } },
{ "type": "Feature", "properties": { "latitude": 42.688529968261719, "longitude": 23.333673477172852, "heatmap_weight": 4, "raw_occupancy": 1 }, "geometry": { "type": "Point", "coordinates": [ 23.333673477172852, 42.688529968261719 ] } },
{ "type": "Feature", "properties": { "latitude": 42.662487030029297, "longitude": 23.41963005065918, "heatmap_weight": 4, "raw_occupancy": 1 }, "geometry": { "type": "Point", "coordinates": [ 23.41963005065918, 42.662487030029297 ] } },
{ "type": "Feature", "properties": { "latitude": 42.695743560791016, "longitude": 23.363056182861328, "heatmap_weight": 16, "raw_occupancy": 3 }, "geometry": { "type": "Point", "coordinates": [ 23.363056182861328, 42.695743560791016 ] } },
{ "type": "Feature", "properties": { "latitude": 42.696189880371094, "longitude": 23.347408294677734, "heatmap_weight": 9, "raw_occupancy": 2 }, "geometry": { "type": "Point", "coordinates": [ 23.347408294677734, 42.696189880371094 ] } },
{ "type": "Feature", "properties": { "latitude": 42.771144866943359, "longitude": 23.274658203125, "heatmap_weight": 4, "raw_occupancy": 1 }, "geometry": { "type": "Point", "coordinates": [ 23.274658203125, 42.771144866943359 ] } },
{ "type": "Feature", "properties": { "latitude": 42.78607177734375, "longitude": 23.273481369018555, "heatmap_weight": 1, "raw_occupancy": 0 }, "geometry": { "type": "Point", "coordinates": [ 23.273481369018555, 42.78607177734375 ] } },
{ "type": "Feature", "properties": { "latitude": 42.718429565429688, "longitude": 23.309085845947266, "heatmap_weight": 1, "raw_occupancy": 0 }, "geometry": { "type": "Point", "coordinates": [ 23.309085845947266, 42.718429565429688 ] } },
{ "type": "Feature", "properties": { "latitude": 42.694160461425781, "longitude": 23.294635772705078, "heatmap_weight": 4, "raw_occupancy": 1 }, "geometry": { "type": "Point", "coordinates": [ 23.294635772705078, 42.694160461425781 ] } },
{ "type": "Feature", "properties": { "latitude": 42.646453857421875, "longitude": 23.345441818237305, "heatmap_weight": 1, "raw_occupancy": 0 }, "geometry": { "type": "Point", "coordinates": [ 23.345441818237305, 42.646453857421875 ] } },
{ "type": "Feature", "properties": { "latitude": 42.713287353515625, "longitude": 23.238210678100586, "heatmap_weight": 1, "raw_occupancy": 0 }, "geometry": { "type": "Point", "coordinates": [ 23.238210678100586, 42.713287353515625 ] } },
{ "type": "Feature", "properties": { "latitude": 42.709194183349609, "longitude": 23.335016250610352, "heatmap_weight": 9, "raw_occupancy": 2 }, "geometry": { "type": "Point", "coordinates": [ 23.335016250610352, 42.709194183349609 ] } },
{ "type": "Feature", "properties": { "latitude": 42.753452301025391, "longitude": 23.435018539428711, "heatmap_weight": 1, "raw_occupancy": 0 }, "geometry": { "type": "Point", "coordinates": [ 23.435018539428711, 42.753452301025391 ] } },
{ "type": "Feature", "properties": { "latitude": 42.64178466796875, "longitude": 23.412504196166992, "heatmap_weight": 4, "raw_occupancy": 1 }, "geometry": { "type": "Point", "coordinates": [ 23.412504196166992, 42.64178466796875 ] } },
{ "type": "Feature", "properties": { "latitude": 42.696613311767578, "longitude": 23.375242233276367, "heatmap_weight": 4, "raw_occupancy": 1 }, "geometry": { "type": "Point", "coordinates": [ 23.375242233276367, 42.696613311767578 ] } },
{ "type": "Feature", "properties": { "latitude": 42.645233154296875, "longitude": 23.333663940429688, "heatmap_weight": 4, "raw_occupancy": 1 }, "geometry": { "type": "Point", "coordinates": [ 23.333663940429688, 42.645233154296875 ] } },
{ "type": "Feature", "properties": { "latitude": 42.708683013916016, "longitude": 23.456388473510742, "heatmap_weight": 9, "raw_occupancy": 2 }, "geometry": { "type": "Point", "coordinates": [ 23.456388473510742, 42.708683013916016 ] } },
{ "type": "Feature", "properties": { "latitude": 42.688282012939453, "longitude": 23.276498794555664, "heatmap_weight": 9, "raw_occupancy": 2 }, "geometry": { "type": "Point", "coordinates": [ 23.276498794555664, 42.688282012939453 ] } },
{ "type": "Feature", "properties": { "latitude": 42.688041687011719, "longitude": 23.312023162841797, "heatmap_weight": 4, "raw_occupancy": 1 }, "geometry": { "type": "Point", "coordinates": [ 23.312023162841797, 42.688041687011719 ] } },
{ "type": "Feature", "properties": { "latitude": 42.668941497802734, "longitude": 23.267837524414062, "heatmap_weight": 4, "raw_occupancy": 1 }, "geometry": { "type": "Point", "coordinates": [ 23.267837524414062, 42.668941497802734 ] } },
{ "type": "Feature", "properties": { "latitude": 42.623016357421875, "longitude": 23.405107498168945, "heatmap_weight": 4, "raw_occupancy": 1 }, "geometry": { "type": "Point", "coordinates": [ 23.405107498168945, 42.623016357421875 ] } },
{ "type": "Feature", "properties": { "latitude": 42.633560180664062, "longitude": 23.333738327026367, "heatmap_weight": 16, "raw_occupancy": 3 }, "geometry": { "type": "Point", "coordinates": [ 23.333738327026367, 42.633560180664062 ] } },
{ "type": "Feature", "properties": { "latitude": 42.656913757324219, "longitude": 23.315879821777344, "heatmap_weight": 16, "raw_occupancy": 3 }, "geometry": { "type": "Point", "coordinates": [ 23.315879821777344, 42.656913757324219 ] } },
{ "type": "Feature", "properties": { "latitude": 42.660236358642578, "longitude": 23.321413040161133, "heatmap_weight": 4, "raw_occupancy": 1 }, "geometry": { "type": "Point", "coordinates": [ 23.321413040161133, 42.660236358642578 ] } },
{ "type": "Feature", "properties": { "latitude": 42.651653289794922, "longitude": 23.405967712402344, "heatmap_weight": 4, "raw_occupancy": 1 }, "geometry": { "type": "Point", "coordinates": [ 23.405967712402344, 42.651653289794922 ] } },
{ "type": "Feature", "properties": { "latitude": 42.708080291748047, "longitude": 23.289388656616211, "heatmap_weight": 4, "raw_occupancy": 1 }, "geometry": { "type": "Point", "coordinates": [ 23.289388656616211, 42.708080291748047 ] } },
{ "type": "Feature", "properties": { "latitude": 42.668834686279297, "longitude": 23.254573822021484, "heatmap_weight": 4, "raw_occupancy": 1 }, "geometry": { "type": "Point", "coordinates": [ 23.254573822021484, 42.668834686279297 ] } },
{ "type": "Feature", "properties": { "latitude": 42.648307800292969, "longitude": 23.264139175415039, "heatmap_weight": 9, "raw_occupancy": 2 }, "geometry": { "type": "Point", "coordinates": [ 23.264139175415039, 42.648307800292969 ] } },
{ "type": "Feature", "properties": { "latitude": 42.644359588623047, "longitude": 23.412185668945312, "heatmap_weight": 4, "raw_occupancy": 1 }, "geometry": { "type": "Point", "coordinates": [ 23.412185668945312, 42.644359588623047 ] } },
{ "type": "Feature", "properties": { "latitude": 42.652614593505859, "longitude": 23.315923690795898, "heatmap_weight": 16, "raw_occupancy": 3 }, "geometry": { "type": "Point", "coordinates": [ 23.315923690795898, 42.652614593505859 ] } },
{ "type": "Feature", "properties": { "latitude": 42.705055236816406, "longitude": 23.311742782592773, "heatmap_weight": 4, "raw_occupancy": 1 }, "geometry": { "type": "Point", "coordinates": [ 23.311742782592773, 42.705055236816406 ] } },
{ "type": "Feature", "properties": { "latitude": 42.703048706054688, "longitude": 23.386432647705078, "heatmap_weight": 1, "raw_occupancy": 0 }, "geometry": { "type": "Point", "coordinates": [ 23.386432647705078, 42.703048706054688 ] } },
{ "type": "Feature", "properties": { "latitude": 42.657859802246094, "longitude": 23.237751007080078, "heatmap_weight": 9, "raw_occupancy": 2 }, "geometry": { "type": "Point", "coordinates": [ 23.237751007080078, 42.657859802246094 ] } },
{ "type": "Feature", "properties": { "latitude": 42.660972595214844, "longitude": 23.391441345214844, "heatmap_weight": 9, "raw_occupancy": 2 }, "geometry": { "type": "Point", "coordinates": [ 23.391441345214844, 42.660972595214844 ] } },
{ "type": "Feature", "properties": { "latitude": 42.710353851318359, "longitude": 23.384490966796875, "heatmap_weight": 4, "raw_occupancy": 1 }, "geometry": { "type": "Point", "coordinates": [ 23.384490966796875, 42.710353851318359 ] } },
{ "type": "Feature", "properties": { "latitude": 42.715438842773438, "longitude": 23.36083984375, "heatmap_weight": 1, "raw_occupancy": 0 }, "geometry": { "type": "Point", "coordinates": [ 23.36083984375, 42.715438842773438 ] } },
{ "type": "Feature", "properties": { "latitude": 42.685104370117188, "longitude": 23.34507942199707, "heatmap_weight": 4, "raw_occupancy": 1 }, "geometry": { "type": "Point", "coordinates": [ 23.34507942199707, 42.685104370117188 ] } },
{ "type": "Feature", "properties": { "latitude": 42.662574768066406, "longitude": 23.355640411376953, "heatmap_weight": 9, "raw_occupancy": 2 }, "geometry": { "type": "Point", "coordinates": [ 23.355640411376953, 42.662574768066406 ] } },
{ "type": "Feature", "properties": { "latitude": 42.671070098876953, "longitude": 23.393590927124023, "heatmap_weight": 4, "raw_occupancy": 1 }, "geometry": { "type": "Point", "coordinates": [ 23.393590927124023, 42.671070098876953 ] } },
{ "type": "Feature", "properties": { "latitude": 42.676719665527344, "longitude": 23.304832458496094, "heatmap_weight": 1, "raw_occupancy": 0 }, "geometry": { "type": "Point", "coordinates": [ 23.304832458496094, 42.676719665527344 ] } },
{ "type": "Feature", "properties": { "latitude": 42.665439605712891, "longitude": 23.302602767944336, "heatmap_weight": 4, "raw_occupancy": 1 }, "geometry": { "type": "Point", "coordinates": [ 23.302602767944336, 42.665439605712891 ] } },
{ "type": "Feature", "properties": { "latitude": 42.643028259277344, "longitude": 23.345142364501953, "heatmap_weight": 1, "raw_occupancy": 0 }, "geometry": { "type": "Point", "coordinates": [ 23.345142364501953, 42.643028259277344 ] } },
{ "type": "Feature", "properties": { "latitude": 42.662342071533203, "longitude": 23.46464729309082, "heatmap_weight": 4, "raw_occupancy": 1 }, "geometry": { "type": "Point", "coordinates": [ 23.46464729309082, 42.662342071533203 ] } },
{ "type": "Feature", "properties": { "latitude": 42.803745269775391, "longitude": 23.422870635986328, "heatmap_weight": 1, "raw_occupancy": 0 }, "geometry": { "type": "Point", "coordinates": [ 23.422870635986328, 42.803745269775391 ] } },
{ "type": "Feature", "properties": { "latitude": 42.667251586914062, "longitude": 23.29011344909668, "heatmap_weight": 9, "raw_occupancy": 2 }, "geometry": { "type": "Point", "coordinates": [ 23.29011344909668, 42.667251586914062 ] } },
{ "type": "Feature", "properties": { "latitude": 42.673954010009766, "longitude": 23.361061096191406, "heatmap_weight": 4, "raw_occupancy": 1 }, "geometry": { "type": "Point", "coordinates": [ 23.361061096191406, 42.673954010009766 ] } },
{ "type": "Feature", "properties": { "latitude": 42.623790740966797, "longitude": 23.378267288208008, "heatmap_weight": 1, "raw_occupancy": 0 }, "geometry": { "type": "Point", "coordinates": [ 23.378267288208008, 42.623790740966797 ] } },
{ "type": "Feature", "properties": { "latitude": 42.69647216796875, "longitude": 23.349641799926758, "heatmap_weight": 4, "raw_occupancy": 1 }, "geometry": { "type": "Point", "coordinates": [ 23.349641799926758, 42.69647216796875 ] } },
{ "type": "Feature", "properties": { "latitude": 42.684577941894531, "longitude": 23.300811767578125, "heatmap_weight": 9, "raw_occupancy": 2 }, "geometry": { "type": "Point", "coordinates": [ 23.300811767578125, 42.684577941894531 ] } },
{ "type": "Feature", "properties": { "latitude": 42.738784790039062, "longitude": 23.509315490722656, "heatmap_weight": 1, "raw_occupancy": 0 }, "geometry": { "type": "Point", "coordinates": [ 23.509315490722656, 42.738784790039062 ] } },
{ "type": "Feature", "properties": { "latitude": 42.687908172607422, "longitude": 23.413356781005859, "heatmap_weight": 4, "raw_occupancy": 1 }, "geometry": { "type": "Point", "coordinates": [ 23.413356781005859, 42.687908172607422 ] } }
]
}
